cod_cliente,nombre_comercial,año_transicion,año_ant,año,cod_producto,descripcion_producto,efecto,facturacion_ant,facturacion_act,delta_fac,toneladas_ant,toneladas_act,pvp_eur_tn_ant,pvp_eur_tn_act
4619,"EUROPEA DE APICULTURA, S.L.",2022→2023,2022,2023,44313,Apipasta Vitaminas 90% - Pienso para Apicultura,precio,8316,9261,945,6.3,6.3,1320,1470
4307,"PERLES GARCIA, SALVADOR",2022→2023,2022,2023,44313,Apipasta Vitaminas 90% - Pienso para Apicultura,prod_perdido,162,null,-162,0.15,null,1080,null
4965,"PEREZ BURGOS, JOSE VICENTE",2022→2023,2022,2023,44313,Apipasta Vitaminas 90% - Pienso para Apicultura,vol_precio,1275,1395,120,1.05,0.9,1214.29,1550
2691,"CAMPILLO MONDEJAR, C.B.",2022→2023,2022,2023,65005,Azúcar en polvo LS,vol_precio,126,408.6,282.6,0.15,0.3,840,1362
8082,"PEREZ PEREZ, ALFREDO",2022→2023,2022,2023,62020,Mix Fructor Apicultor - Pienso completo - Apicult.,prod_perdido,165,null,-165,0.25,null,660,null
8247,"ALLJUICEMED, S.L.",2022→2023,2022,2023,64094,Mixco Sweet 72-53.2323 100 Icu,sin_actividad,null,null,0,0.01,1103.89,null,null
6179,"CAMPO ANÍBAL BAKERY, S.L.U.",2022→2023,2022,2023,40000,Azúcar Blanco EEC Nº 2,prod_perdido,1629,null,-1629,1.8,null,905,null
1854,"ROYPAS BY NUTRIS, S.A.",2022→2023,2022,2023,61243,Fosvitae R,prod_perdido,973022.43,null,-973022.43,489.124,null,1989.32,null
3409,"MAGNOLIA PREMIUM, S.L.",2022→2023,2022,2023,63105,VMJP,vol_precio,110037.39,117603.6,7566.210000000006,108.345,71.64,1015.62,1641.59
3479,"LA TAHONA DE UTIEL, S.L.",2022→2023,2022,2023,43100,Sorbitol Liquido 70% No cristalizable,vol_precio,13464,2954.8,-10509.2,12,1.78,1122,1660
535,"FRIMAR PANADEROS, S.L.",2022→2023,2022,2023,40024,Azúcar blanco EEC nº3 - 70 ICUMSA,prod_perdido,59942.88,null,-59942.88,73.44,null,816.22,null
2007,"PAREDES CEREZO, MIGUEL ANGEL",2022→2023,2022,2023,44120,Glucor 45/80,vol_precio,62213.41,45513.17,-16700.240000000005,100.144,35.922,621.24,1267
3709,"PIÑERO ALARCON, TOMAS",2022→2023,2022,2023,62001,Apimix - Pienso completo - Apicultura,prod_perdido,3744,null,-3744,4.8,null,780,null
3465,"LAVANDA BIO, S.L.",2022→2023,2022,2023,62001,Apimix - Pienso completo - Apicultura,prod_perdido,62.3,null,-62.3,0.07,null,890,null
3863,"LA TRADICION M&T, S.L.",2022→2023,2022,2023,65005,Azúcar en polvo LS,vol_precio,782.85,2614.5,1831.65,0.51,1.98,1535,1320.45
3144,"DALLANT, S.A.",2022→2023,2022,2023,61165,Mixco Sweet 80-55.2222,sin_actividad,0,null,0,0.001,null,0,null
6235,"ATRILE 21, S.L.",2022→2023,2022,2023,43050,Maltitol en Polvo,precio,5190,4660,-530,2,2,2595,2330
1747,"FRUIT TECH NATURAL, S.A.",2022→2023,2022,2023,40000,Azúcar Blanco EEC Nº 2,vol_precio,88288,120572.1,32284.100000000006,147.4,118.8,598.97,1014.92
1832,"SIERRAS ANDALUZAS, S.C.A.",2022→2023,2022,2023,62001,Apimix - Pienso completo - Apicultura,vol_precio,10782,8748,-2034,13.2,8.4,816.82,1041.43
4542,"COMERCIAL FONT, C.B.",2022→2023,2022,2023,40103,Azúcar Moreno >2500i - Brown (Dry Dem BLZ),volumen,251.13,71.75,-179.38,0.175,0.05,1435.03,1435
3478,"APICOLA LA PARRA, S.L.U.",2022→2023,2022,2023,44315,Apipasta PLUS - Pienso para Apicultura,vol_precio,68214.72,35303.52,-32911.200000000004,39.942,18.48,1707.84,1910.36
8449,UAB CELEGO LT,2022→2023,2022,2023,61200,Fosvitae 85%,sin_actividad,0,null,0,0.001,null,0,null
1746,"PRIMITIVO PICO, S.A",2022→2023,2022,2023,61170,Mix Maltitol Sorbitol MS 74-8020,vol_precio,67145.5,59354.88,-7790.620000000003,35.58,24.96,1887.17,2378
4370,"BERMUDEZ GARCIA, MERCEDES",2022→2023,2022,2023,44315,Apipasta PLUS - Pienso para Apicultura,prod_perdido,771.12,null,-771.12,0.504,null,1530,null
2916,"SUC. DE MUÑOZ Y PUJANTE, S.L.",2022→2023,2022,2023,40000,Azúcar Blanco EEC Nº 2,prod_perdido,670.5,null,-670.5,0.9,null,745,null
3156,"FINI GOLOSINAS ESPAÑA, S.L.U.",2022→2023,2022,2023,62151,Jarabe de Melaza- Soft Treacle (Negro),vol_precio,121895.84,133276.84,11381,139.92,120.36,871.18,1107.32
517,"DUPAN, S.L.",2022→2023,2022,2023,40331,Azúcar Perlado 2 Pallet Plast.,prod_perdido,1263.5,null,-1263.5,0.7,null,1805,null
5369,"BREVA ARRUFAT, FERNANDO",2022→2023,2022,2023,44315,Apipasta PLUS - Pienso para Apicultura,prod_perdido,1542.24,null,-1542.24,1.008,null,1530,null
3200,"PEINADO HERNANDEZ, EDUARDO",2022→2023,2022,2023,44313,Apipasta Vitaminas 90% - Pienso para Apicultura,prod_perdido,2614.5,null,-2614.5,2.1,null,1245,null
8011,"BRAVO FERNANDEZ, TEODORA",2022→2023,2022,2023,44314,Apipasta 90% - BIO - Pienso completo - Apicultura,prod_perdido,2322,null,-2322,1.125,null,2064,null
5787,"FALCON, S.A.",2022→2023,2022,2023,62150,Jarabe de Melaza de Caña,sin_actividad,0,null,0,0.001,null,0,null
8229,"BIMEKAMI,SL",2022→2023,2022,2023,60105,"Azúcar PI 73,5-67",sin_actividad,0,null,0,0.001,null,0,null
506,"ACEITES LA CANAL, S.A.",2022→2023,2022,2023,65005,Azúcar en polvo LS,prod_perdido,1001.25,null,-1001.25,1.125,null,890,null
3855,"APIFERSA APICOLA, S.L.",2022→2023,2022,2023,44301,Azucar Blanco – Materia Prima para Piensos,vol_precio,5040,17725,12685,6.3,17.5,800,1012.86
8510,"MARTINEZ SANCHEZ, PEDRO JOSÉ ",2022→2023,2022,2023,44315,Apipasta PLUS - Pienso para Apicultura,prod_perdido,42.84,null,-42.84,0.028,null,1530,null
237,"DULCES SANTA CRUZ, S.L.",2022→2023,2022,2023,43000,Maltitol Liquido 75-5308,vol_precio,13245.4,13680.9,435.5,10.01,8.445,1323.22,1620
7267,"GIDA, S.A.",2022→2023,2022,2023,61200,Fosvitae 85%,vol_precio,66151.13,13174.48,-52976.65000000001,30.972,4.84,2135.84,2722
9092,"JOLCA, S.A.",2022→2023,2022,2023,61142,Mixco Sweet 70-00.4252,sin_actividad,0,null,0,0.006,null,0,null
400,"ASOCIACION IND. ALICANTINA DEL HELADO, S.A.",2022→2023,2022,2023,41006,Fructosa MAIZ Cristal Granulada Pallet Plast. CHEP,vol_precio,71600,199908,128308,80,109.6,895,1823.98
2057,"BACK EUROP ESPAÑA, S.L",2022→2023,2022,2023,40000,Azúcar Blanco EEC Nº 2,prod_perdido,19303.2,null,-19303.2,25.2,null,766,null
430,"MONZO LUIS, S.L.",2022→2023,2022,2023,44010,Fructor 10/81,vol_precio,2196,1740,-456,2.4,1.2,915,1450
448,"ESGIR, S.L.",2022→2023,2022,2023,40000,Azúcar Blanco EEC Nº 2,vol_precio,29437.5,26334,-3103.5,47.1,23.1,625,1140
6146,"JUAN JIMENEZ GARCIA, S.A.U.",2022→2023,2022,2023,61229,Fosvitae Plus Polvo,sin_actividad,0,null,0,0.14,null,0,null
7733,"SISU, C.B.",2022→2023,2022,2023,40201,Azúcar Blanco BIO ES-ECO-024-MU Ag No UE,precio,402,339.5,-62.5,0.25,0.25,1608,1358
8749,"ENVASATS BISAURA, S.L.",2022→2023,2022,2023,40204,Azúcar BIO 600-1200 -ES-ECO-024-MU (Agric No EU),sin_actividad,0,null,0,0.001,null,0,null
7264,"ANORGACHIM, S.A.",2022→2023,2022,2023,61222,Fosfruit,prod_perdido,4887.75,null,-4887.75,1.995,null,2450,null
257,"DESTILERIAS GULF STREAM, S.L.",2022→2023,2022,2023,40010,Azúcar Blanco EEC Nº 1,prod_perdido,1712.7,null,-1712.7,1.65,null,1038,null
6235,"ATRILE 21, S.L.",2022→2023,2022,2023,65005,Azúcar en polvo LS,vol_precio,909.68,4188.6,3278.9200000000005,0.975,2.925,933.01,1432
7848,AISAKOS. S.A.,2022→2023,2022,2023,43050,Maltitol en Polvo,sin_actividad,0,null,0,0.001,null,0,null
3294,"PUNTO GOFRE, S.L.",2022→2023,2022,2023,61228,Fosvitae 95% Plus,sin_actividad,0,null,0,0.003,null,0,null
7379,"EARTH-MIND BUSINESS GROUP, S.L.",2022→2023,2022,2023,64090,ATI 68º,sin_actividad,0,null,0,0.002,null,0,null
5369,"BREVA ARRUFAT, FERNANDO",2022→2023,2022,2023,44313,Apipasta Vitaminas 90% - Pienso para Apicultura,vol_precio,1085.4,1627.5,542.0999999999999,1.005,1.05,1080,1550
4286,"FERNANDEZ MOYA, ANGEL",2022→2023,2022,2023,44315,Apipasta PLUS - Pienso para Apicultura,vol_precio,214.2,385.56,171.36,0.14,0.196,1530,1967.14
8974,"LOPEZ VILLEGAS, AROA",2022→2023,2022,2023,44313,Apipasta Vitaminas 90% - Pienso para Apicultura,prod_perdido,81,null,-81,0.06,null,1350,null
6816,BALMINA LTD.,2022→2023,2022,2023,44334,Apipasta Vitaminas 90% - Pienso Apicul. BALMINA,prod_perdido,6552,null,-6552,6.3,null,1040,null
5179,"CUSTOM DRINKS, S.L.U.",2022→2023,2022,2023,40207,Azúcar BIO <45 ES-ECO-024-MU Ag UE REMOLACHA,sin_actividad,0,null,0,0.001,null,0,null
1567,SDAD.COOP.AND. GANADERA DE VALLE DE LOS PEDROCHES,2022→2023,2022,2023,61200,Fosvitae 85%,sin_actividad,0,null,0,0.001,null,0,null
8708,SASU AURIQUE,2022→2023,2022,2023,44315,Apipasta PLUS - Pienso para Apicultura,prod_perdido,1284.36,null,-1284.36,0.84,null,1529,null
7726,"ANKER FOOD, S.L.",2022→2023,2022,2023,40000,Azúcar Blanco EEC Nº 2,prod_perdido,7890,null,-7890,10,null,789,null
431,"DICARCONO, S.L.",2022→2023,2022,2023,40000,Azúcar Blanco EEC Nº 2,vol_precio,435845.6,560320,124474.40000000002,682.74,560.32,638.38,1000
2427,"SENCHERNES SOLDADO, ISAAC RAMON",2022→2023,2022,2023,44313,Apipasta Vitaminas 90% - Pienso para Apicultura,prod_perdido,1701,null,-1701,1.575,null,1080,null
7755,SAS LA CHENERAIE,2022→2023,2022,2023,44314,Apipasta 90% - BIO - Pienso completo - Apicultura,vol_precio,12691.35,18060,5368.65,6.3,8.4,2014.5,2150
8248,"CRA BODEGAS, S.L.",2022→2023,2022,2023,61270,Mixco Sweet 71-00.5050 I,prod_perdido,57577.68,null,-57577.68,50.64,null,1137,null
5270,"CONSERVAS VILAMAJO, S.L.",2022→2023,2022,2023,61170,Mix Maltitol Sorbitol MS 74-8020,sin_actividad,0,null,0,0,null,null,null
3478,"APICOLA LA PARRA, S.L.U.",2022→2023,2022,2023,62000,Mix Idoneo - Pienso Completo - Apicultura,prod_perdido,23069.5,null,-23069.5,24.94,null,925,null
8749,"ENVASATS BISAURA, S.L.",2022→2023,2022,2023,40203,Azúcar BIO 300-500 -ES-ECO-024-MU (Agric No EU),sin_actividad,0,null,0,0.001,null,0,null
2489,"SALAS Y SIRVENT, S.L.",2022→2023,2022,2023,60010,Azúcar Liquida Neutra S.A.,prod_perdido,28094.04,null,-28094.04,48.6,null,578.07,null
1305,"A. CENTAZZI, LDA",2022→2023,2022,2023,40110,Azúcar Moreno Brown (Azucarera),prod_perdido,19104,null,-19104,24,null,796,null
8859,"BALLESTIN HERNANDEZ, MIGUEL",2022→2023,2022,2023,62000,Mix Idoneo - Pienso Completo - Apicultura,prod_perdido,1752,null,-1752,2.4,null,730,null
2103,"JOSEFA ESTELLES MAYOR, S.L.",2022→2023,2022,2023,40016,Azúcar Blanco EEC Nº 2,prod_perdido,248.25,null,-248.25,0.331,null,750,null
2722,"BUDENHEIM IBERICA, S.L.U.",2022→2023,2022,2023,40000,Azúcar Blanco EEC Nº 2,prod_perdido,900,null,-900,0.9,null,1000,null
2256,"DULCES Y CONSERVAS HELIOS, S.A.",2022→2023,2022,2023,43000,Maltitol Liquido 75-5308,volumen,190062.6,185547,-4515.600000000006,149.395,146.1,1272.22,1270
3014,"NAVALON REIG, JOSE",2022→2023,2022,2023,44313,Apipasta Vitaminas 90% - Pienso para Apicultura,vol_precio,4420.5,3234,-1186.5,4.2,2.1,1052.5,1540
4566,"CONFETICAKES, S.L.",2022→2023,2022,2023,65007,Azúcar en polvo LS Pallet Plast. CHEP,prod_perdido,5542.2,null,-5542.2,6.3,null,879.71,null
566,"ALMACENES MIGUEZ 2005,S.L.",2022→2023,2022,2023,62000,Mix Idoneo - Pienso Completo - Apicultura,vol_precio,24060,17056.4,-7003.5999999999985,30,16.136,802,1057.04
8349,"AGOTZAINA, S.L.",2022→2023,2022,2023,43052,Maltitol en Polvo Luijan 40 Mesh,prod_perdido,9601.5,-5514.38,-15115.880000000001,3.7,-2.125,2595,2595
1592,"APICOLA TARRAGONINA, S.C.C.L",2022→2023,2022,2023,44313,Apipasta Vitaminas 90% - Pienso para Apicultura,vol_precio,57894,29326.5,-28567.5,51.9,19.95,1115.49,1470
8699,"MULET MONTANE, VIRTUTS",2022→2023,2022,2023,44313,Apipasta Vitaminas 90% - Pienso para Apicultura,prod_perdido,1050,null,-1050,1.05,null,1000,null
8727,"INTERCROS ALIMENTACION, S.L.",2022→2023,2022,2023,61111,"Mixco Sweet 71,5-50.1522",sin_actividad,0,null,0,0.002,null,0,null
7251,"HELARTEAVILA, S.L.",2022→2023,2022,2023,61222,Fosfruit,sin_actividad,0,null,0,0.001,null,0,null
2482,"PEREZ CAMPO, JUAN",2022→2023,2022,2023,62001,Apimix - Pienso completo - Apicultura,prod_perdido,3744,null,-3744,4.8,null,780,null
190,"ALCURNIA ALIMENTACION, S.L.U",2022→2023,2022,2023,40003,Azúcar Blanco EEC Nº 2 REMOLACHA,prod_perdido,232200,null,-232200,464.4,null,500,null
1314,"MANUFACTURAS PIBERNAT, S.L.",2022→2023,2022,2023,42000,Dextrosa Cristal Monohidrato Maiz,vol_precio,15002.5,30587.5,15585,13.5,17.5,1111.3,1747.86
1000,CLIENTES VARIOS (CONTADO),2022→2023,2022,2023,40110,Azúcar Moreno Brown (Azucarera),prod_perdido,60.73,null,-60.73,0.058,null,1047.07,null
3187,"AZELIS ESPAÑA, S.A.",2022→2023,2022,2023,42000,Dextrosa Cristal Monohidrato Maiz,prod_perdido,269564.75,null,-269564.75,296.227,null,909.99,null
239,"ASOCIACION DE APICULTORES DE VIZCAYA, B.E.",2022→2023,2022,2023,62020,Mix Fructor Apicultor - Pienso completo - Apicult.,prod_perdido,10218.38,null,-10218.38,12.242,null,834.7,null
6130,HAPPY VALLEY HONEY LIMITED,2022→2023,2022,2023,44315,Apipasta PLUS - Pienso para Apicultura,vol_precio,3662.4,6770.4,3107.9999999999995,1.68,3.36,2180,2015
6146,"JUAN JIMENEZ GARCIA, S.A.U.",2022→2023,2022,2023,42000,Dextrosa Cristal Monohidrato Maiz,prod_perdido,18640,null,-18640,20,null,932,null
8403,"TENZO SPORT LAB, S.L.",2022→2023,2022,2023,41000,Fructosa MAIZ Cristal,prod_perdido,327.5,null,-327.5,0.225,null,1455.56,null
7884,"SONTRAVENTO, LLC",2022→2023,2022,2023,44315,Apipasta PLUS - Pienso para Apicultura,prod_perdido,1197,null,-1197,0.84,null,1425,null
3225,"SURIVAN FEEL THE TASTE, S.L.",2022→2023,2022,2023,61200,Fosvitae 85%,sin_actividad,0,null,0,0.001,null,0,null
7534,"A FACTORIA ECOLOXICA, S.L.",2022→2023,2022,2023,40203,Azúcar BIO 300-500 -ES-ECO-024-MU (Agric No EU),prod_perdido,5900,null,-5900,4,null,1475,null
1728,"CEREALTO INDUSTRIAL SPAIN, S.A.",2022→2023,2022,2023,65016,Azúcar en polvo LM Pallet PLT,vol_precio,81918.87,30498,-51420.869999999995,79.11,22.425,1035.51,1360
9112,"BIOVIC CONSULTING, S.L.",2022→2023,2022,2023,65015,Azúcar en polvo LM,sin_actividad,0,null,0,0.001,null,0,null
9112,"BIOVIC CONSULTING, S.L.",2022→2023,2022,2023,65005,Azúcar en polvo LS,sin_actividad,0,null,0,0.001,null,0,null
8247,"ALLJUICEMED, S.L.",2022→2023,2022,2023,64092,Mixco Sweet 70-53.2323,sin_actividad,null,null,0,125.497,null,null,null
6857,"GARCIA LOPEZ, DANIEL",2022→2023,2022,2023,44313,Apipasta Vitaminas 90% - Pienso para Apicultura,prod_perdido,1304.7,null,-1304.7,1.005,null,1298.21,null
8403,"TENZO SPORT LAB, S.L.",2022→2023,2022,2023,60105,"Azúcar PI 73,5-67",sin_actividad,0,null,0,0.001,null,0,null
2832,DULCES LA ABUELA COOP VNA,2022→2023,2022,2023,44015,Fructor 10/77,precio,11648.4,20880,9231.6,14.4,14.4,808.92,1450
4542,"COMERCIAL FONT, C.B.",2022→2023,2022,2023,49006,Almidón nativo de Maiz,prod_perdido,93.75,null,-93.75,0.125,null,750,null
8090,G.I.E. GROUPE LOMBARD,2022→2023,2022,2023,44313,Apipasta Vitaminas 90% - Pienso para Apicultura,vol_precio,18144,16978.5,-1165.5,18.9,11.55,960,1470
8479,FA. BLIESGAUBEUTE,2022→2023,2022,2023,44313,Apipasta Vitaminas 90% - Pienso para Apicultura,vol_precio,864,2902.5,2038.5,0.9,1.95,960,1488.46
577,"FARTONS POLO, S.L.",2022→2023,2022,2023,40340,Azúcar Perlado 1,prod_perdido,1830,null,-1830,1,null,1830,null
297,"TARBAL FOOD, S.L.",2022→2023,2022,2023,40016,Azúcar Blanco EEC Nº 2,prod_perdido,820,null,-820,1,null,820,null
8321,"CHRISTODOULOU BROS, S.A.",2022→2023,2022,2023,61233,Base Neutra MIP 2323,sin_actividad,0,null,0,0.001,null,0,null
457,"AMAHER, S.L.",2022→2023,2022,2023,41000,Fructosa MAIZ Cristal,vol_precio,23625,42631.25,19006.25,25,23.75,945,1795
3409,"MAGNOLIA PREMIUM, S.L.",2022→2023,2022,2023,63100,PEP58,vol_precio,786461.71,834668.96,48207.25,801.765,665.76,980.91,1253.71
1000,CLIENTES VARIOS (CONTADO),2022→2023,2022,2023,62001,Apimix - Pienso completo - Apicultura,vol_precio,750.12,712.68,-37.440000000000055,0.812,0.586,923.79,1216.18
6460,"PARDO TOLOSA, JUAN",2022→2023,2022,2023,44313,Apipasta Vitaminas 90% - Pienso para Apicultura,vol_precio,1496.1,906.75,-589.3499999999999,1.32,0.585,1133.41,1550
1545,"VICENTE FRIAS, PEDRO ",2022→2023,2022,2023,44315,Apipasta PLUS - Pienso para Apicultura,prod_perdido,621.18,null,-621.18,0.406,null,1530,null
4203,SARL API-CULTURE,2022→2023,2022,2023,62001,Apimix - Pienso completo - Apicultura,prod_perdido,1357.44,null,-1357.44,1.68,null,808,null
523,"CORALIM INGREDIENTS, S.L.",2022→2023,2022,2023,41005,Fructosa MAIZ Cristal Granulada,prod_perdido,182.25,null,-182.25,0.15,null,1215,null
433,"SANCHIS MIRA, S.A.",2022→2023,2022,2023,40024,Azúcar blanco EEC nº3 - 70 ICUMSA,prod_perdido,17346.22,null,-17346.22,23.86,null,727,null
610,"TURRONES DOS HERMANOS,S.L.",2022→2023,2022,2023,44010,Fructor 10/81,vol_precio,2160,12138,9978,2.4,10.2,900,1190
4935,"SAHUQUILLO MARTINEZ, AMPARO",2022→2023,2022,2023,44313,Apipasta Vitaminas 90% - Pienso para Apicultura,prod_perdido,226.8,null,-226.8,0.21,null,1080,null
432,"CHOCOLATES ALGARRA, S.L.",2022→2023,2022,2023,40113,Azúcar Moreno Brown C,vol_precio,29735,24070,-5665,37,29,803.65,830
3790,"DULYMAZ, S.L.",2022→2023,2022,2023,44010,Fructor 10/81,vol_precio,14988.85,17863.6,2874.749999999998,16.283,12.07,920.52,1480
7867,"SINBLAT ALIMENTACION SALUDABLE, S.L.",2022→2023,2022,2023,60105,"Azúcar PI 73,5-67",vol_precio,8136,13770,5634,7.2,9.6,1130,1434.38
2570,"NATRA OÑATI, S.A.",2022→2023,2022,2023,62404,Fondant ES-R05,prod_perdido,204900.29,null,-204900.29,320.49,null,639.33,null
5528,"FERNANDEZ LOPEZ, ANTONIO",2022→2023,2022,2023,62000,Mix Idoneo - Pienso Completo - Apicultura,vol_precio,1092,1100,8,1.2,1.1,910,1000
4398,"ARTE LACTICO CAPRINO, S.L.",2022→2023,2022,2023,40000,Azúcar Blanco EEC Nº 2,prod_perdido,7272,null,-7272,8.1,null,897.78,null
3439,"PEINADO VILLANUEVA, VICENTE",2022→2023,2022,2023,44301,Azucar Blanco – Materia Prima para Piensos,prod_perdido,1314,null,-1314,1.8,null,730,null
3443,"SANCHEZ TORRELLA, JUAN CARLOS",2022→2023,2022,2023,44313,Apipasta Vitaminas 90% - Pienso para Apicultura,prod_perdido,2373,null,-2373,2.1,null,1130,null
3568,"ROS ALCARAZ, VALENTIN",2022→2023,2022,2023,62001,Apimix - Pienso completo - Apicultura,prod_perdido,96.6,null,-96.6,0.084,null,1150,null
1945,"MARCOS GONZALEZ, GINES",2022→2023,2022,2023,62000,Mix Idoneo - Pienso Completo - Apicultura,prod_perdido,177.5,null,-177.5,0.25,null,710,null
3105,"REY CANO, FRANCISCO",2022→2023,2022,2023,62001,Apimix - Pienso completo - Apicultura,prod_perdido,174.44,null,-174.44,0.196,null,890,null
5598,"GOMEZ MALLA, ANGEL",2022→2023,2022,2023,44313,Apipasta Vitaminas 90% - Pienso para Apicultura,prod_perdido,405,null,-405,0.3,null,1350,null
222,"LOPEZ CARRASCO, RAFAEL",2022→2023,2022,2023,40000,Azúcar Blanco EEC Nº 2,prod_perdido,292,null,-292,0.25,null,1168,null
8559,"DE MINGO CEBRIÁN, JOSÉ JULIO",2022→2023,2022,2023,62001,Apimix - Pienso completo - Apicultura,prod_perdido,62.3,null,-62.3,0.07,null,890,null
3478,"APICOLA LA PARRA, S.L.U.",2022→2023,2022,2023,44310,Apipasta 90% - Pienso completo - Apicultura,vol_precio,24853.5,29490.3,4636.799999999999,22.05,21,1127.14,1404.3
223,"PRODUCTOS CUATRO JOTAS, S.L.",2022→2023,2022,2023,60105,"Azúcar PI 73,5-67",precio,5370,7104,1734,4.8,4.8,1118.75,1480
1528,"JUAN Y JUAN INDUSTRIAL, S.L.U.",2022→2023,2022,2023,61222,Fosfruit,sin_actividad,0,null,0,0.001,null,0,null
7623,"GARCIA MEDRANO, DANIEL",2022→2023,2022,2023,44313,Apipasta Vitaminas 90% - Pienso para Apicultura,prod_perdido,372.6,null,-372.6,0.345,null,1080,null
8904,"ROMERO TORNE, MARIA",2022→2023,2022,2023,44314,Apipasta 90% - BIO - Pienso completo - Apicultura,prod_perdido,283.5,null,-283.5,0.135,null,2100,null
4369,"LA TIENDA DEL APICULTOR, S.L.U.",2022→2023,2022,2023,62000,Mix Idoneo - Pienso Completo - Apicultura,vol_precio,16185.6,1200,-14985.6,20.64,1.2,784.19,1000
8349,"AGOTZAINA, S.L.",2022→2023,2022,2023,43100,Sorbitol Liquido 70% No cristalizable,prod_perdido,6073.2,null,-6073.2,4.8,null,1265.25,null
6151,"FRULACT, S.A.",2022→2023,2022,2023,60105,"Azúcar PI 73,5-67",vol_precio,8952,5745.6,-3206.3999999999996,7.2,3.6,1243.33,1596
6036,SARL API-BOURGOGNE,2022→2023,2022,2023,44314,Apipasta 90% - BIO - Pienso completo - Apicultura,prod_perdido,19336.8,null,-19336.8,9.45,null,2046.22,null
8523,"CRUZ ZAMBRANO, MARÍA",2022→2023,2022,2023,44314,Apipasta 90% - BIO - Pienso completo - Apicultura,prod_perdido,1507.5,null,-1507.5,0.75,null,2010,null
5897,"ESTEBAN HERRERO, TRINIDAD GALA",2022→2023,2022,2023,44313,Apipasta Vitaminas 90% - Pienso para Apicultura,prod_perdido,1596,null,-1596,1.05,null,1520,null
317,"ESTUCHADOS FANNY, S.L.",2022→2023,2022,2023,40111,Azúcar Moreno Brown (Alvean),prod_perdido,796.85,null,-796.85,0.975,null,817.28,null
4927,"MESEGUER FRANCO, ANA BELEN",2022→2023,2022,2023,44313,Apipasta Vitaminas 90% - Pienso para Apicultura,precio,324,465,141,0.3,0.3,1080,1550
7595,"DISTRIBUCION GUIZAN SANJURJO, S.L.",2022→2023,2022,2023,62400,Fondant ES-R01,prod_perdido,757.44,null,-757.44,0.576,null,1315,null
1023,"TORRONS VICENS, S.L.",2022→2023,2022,2023,40330,Azúcar Perlado 2,sin_actividad,0,null,0,0.001,null,0,null
522,"MACROSNACKS, S.L.U.",2022→2023,2022,2023,40000,Azúcar Blanco EEC Nº 2,vol_precio,74450.03,40226.4,-34223.63,98.895,33.3,752.82,1208
2867,"COMERCIAL OJEDAMAR, S.L.",2022→2023,2022,2023,65005,Azúcar en polvo LS,prod_perdido,3042,null,-3042,2.925,null,1040,null
7169,"MASTRIGO BIO GOURMET, S.L.",2022→2023,2022,2023,61222,Fosfruit,sin_actividad,0,null,0,0.001,null,0,null
5083,"ESPECIAS EL RELOJ, S.L.",2022→2023,2022,2023,65005,Azúcar en polvo LS,vol_precio,9629.1,12299.03,2669.9300000000003,7.8,8.625,1234.5,1425.97
8251,APILINE DI FASSARI DOMINIQUE,2022→2023,2022,2023,44313,Apipasta Vitaminas 90% - Pienso para Apicultura,vol_precio,19824,55566,35742,19.95,37.8,993.68,1470
1,"ZUKAN, S.L.U.",2022→2023,2022,2023,44315,Apipasta PLUS - Pienso para Apicultura,sin_actividad,0,null,0,0.283,null,0,null
3022,"LACTEOS DE NAVARRA, S.L.",2022→2023,2022,2023,42000,Dextrosa Cristal Monohidrato Maiz,sin_actividad,0,null,0,0.001,null,0,null
2009,"GARCIA SANTA CATALINA, RAUL",2022→2023,2022,2023,44310,Apipasta 90% - Pienso completo - Apicultura,prod_perdido,1102.5,null,-1102.5,1.05,null,1050,null
405,"CHOVI, S.L.",2022→2023,2022,2023,60000,Azúcar Líquida Neutra 67º,vol_precio,449503.99,591039.14,141535.15000000002,543.215,588.776,827.49,1003.84
290,"IGH FLAVOURS TECHNOLOGY, S.A.U.",2022→2023,2022,2023,40000,Azúcar Blanco EEC Nº 2,prod_perdido,214768.32,null,-214768.32,344.101,null,624.14,null
2772,"ROSCOS CASAS, S.L",2022→2023,2022,2023,61170,Mix Maltitol Sorbitol MS 74-8020,precio,3840,4068,228,2.4,2.4,1600,1695
7651,SARL API DISTRIBUTION,2022→2023,2022,2023,44313,Apipasta Vitaminas 90% - Pienso para Apicultura,vol_precio,17331.3,27651.75,10320.45,15.75,18.9,1100.4,1463.06
3900,"NAVARRO MARTINEZ, SALVADOR",2022→2023,2022,2023,44313,Apipasta Vitaminas 90% - Pienso para Apicultura,prod_perdido,67.95,null,-67.95,0.045,null,1510,null
1854,"ROYPAS BY NUTRIS, S.A.",2022→2023,2022,2023,61260,Fosvitae R 60 %,prod_perdido,143816.04,null,-143816.04,71.98,null,1998,null
6966,"SANCHO RUMBAU, ESTEBAN",2022→2023,2022,2023,62001,Apimix - Pienso completo - Apicultura,prod_perdido,187.5,null,-187.5,0.25,null,750,null
428,"PASTELERIA INDUSTRIAL MONTE TURIA, S.A.",2022→2023,2022,2023,60105,"Azúcar PI 73,5-67",prod_ganado,0,27972,27972,0.014,18.9,0,1480
6220,UNTSAIN SOPHIE MIKELA,2022→2023,2022,2023,44314,Apipasta 90% - BIO - Pienso completo - Apicultura,prod_perdido,2110.5,null,-2110.5,1.05,null,2010,null
7022,"FRUTOS SECOS EMPERADOR, S.L.",2022→2023,2022,2023,61229,Fosvitae Plus Polvo,sin_actividad,0,null,0,0.001,null,0,null
4542,"COMERCIAL FONT, C.B.",2022→2023,2022,2023,62401,Fondant ES-R02,prod_perdido,2580.66,null,-2580.66,2.556,null,1009.65,null
8727,"INTERCROS ALIMENTACION, S.L.",2022→2023,2022,2023,99950,Producto de Pruebas Líquido - 1,sin_actividad,0,null,0,0.002,null,0,null
7587,"TUESTA BAKERY, S.L.",2022→2023,2022,2023,44015,Fructor 10/77,prod_perdido,1059.6,null,-1059.6,1.2,null,883,null
419,"DISTRIBUCIONES JAIME SARRION, S.L.",2022→2023,2022,2023,60114,"Azúcar PI 73,5-67-C",prod_perdido,288.4,null,-288.4,0.28,null,1030,null
244,"PAPISA, S.L.",2022→2023,2022,2023,40110,Azúcar Moreno Brown (Azucarera),prod_perdido,431.25,null,-431.25,0.375,null,1150,null
1864,MELAZAHAR COOP. V.,2022→2023,2022,2023,44313,Apipasta Vitaminas 90% - Pienso para Apicultura,vol_precio,40761,42903,2142,37.8,29.4,1078.33,1459.29
7171,"QUIRANTE FRUITS, S.L.",2022→2023,2022,2023,64504,COMPO HCA,vol_precio,210813.25,107334.7,-103478.55,200.776,93.943,1049.99,1142.55
7674,"ZAYADNE, MAHMOUD",2022→2023,2022,2023,62403,Fondant ES-R04,sin_actividad,0,null,0,0.001,null,0,null
21,BRITISH SUGAR PLC,2022→2023,2022,2023,44315,Apipasta PLUS - Pienso para Apicultura,sin_actividad,0,null,0,0.004,null,0,null
581,TURRON.Y CARAMEL. DE HELLIN SL,2022→2023,2022,2023,44120,Glucor 45/80,vol_precio,30121.99,64248.53,34126.53999999999,42.034,43.265,716.61,1485
1386,"SCENTIUM FLAVOURS, S.L",2022→2023,2022,2023,41000,Fructosa MAIZ Cristal,prod_perdido,1160,null,-1160,1,null,1160,null
5314,"PROFESSIONAL DAIRY PRODUCTS, S.L.",2022→2023,2022,2023,43100,Sorbitol Liquido 70% No cristalizable,prod_perdido,10800,null,-10800,10.8,null,1000,null
997,"GARCIA ORTEGA, JUAN",2022→2023,2022,2023,44313,Apipasta Vitaminas 90% - Pienso para Apicultura,prod_perdido,648,null,-648,0.6,null,1080,null
4709,"TURRONES PICO, S.A.",2022→2023,2022,2023,65005,Azúcar en polvo LS,vol_precio,1413.75,14864.85,13451.1,0.975,11.55,1450,1287
4383,"MANUFRI, S.L.",2022→2023,2022,2023,60022,Azúcar Líquida Neutra 67º - ACB,vol_precio,197167.39,585880.26,388712.87,274.401,504.66,718.54,1160.94
4045,HEINEKEN GLOBAL PROCUREMENT B.V.,2022→2023,2022,2023,60005,Azúcar Liquida Neutra en M.Seca,vol_precio,882585.12,1711768.33,829183.2100000001,1268.443,1377.205,695.8,1242.93
9022,"SYMRISE IBÉRICA, S.L.",2022→2023,2022,2023,40000,Azúcar Blanco EEC Nº 2,sin_actividad,0,null,0,0.001,null,0,null
5254,B REFRESHING COMPANY S.L. ,2022→2023,2022,2023,60202,Azúcar TIEN 71.100,vol_precio,15282,14970,-312,10.8,10,1415,1497
7169,"MASTRIGO BIO GOURMET, S.L.",2022→2023,2022,2023,60011,Azúcar Líquida Integral de Caña,sin_actividad,0,null,0,0.001,null,0,null
400,"ASOCIACION IND. ALICANTINA DEL HELADO, S.A.",2022→2023,2022,2023,61253,Mixco Sweet 77-00.2037,sin_actividad,0,null,0,0.001,null,0,null
889,"ESPECIALIDADES DEL OBRADOR, S.L.",2022→2023,2022,2023,60105,"Azúcar PI 73,5-67",prod_perdido,392,null,-392,0.35,null,1120,null
1747,"FRUIT TECH NATURAL, S.A.",2022→2023,2022,2023,60105,"Azúcar PI 73,5-67",sin_actividad,0,null,0,0.001,null,0,null
6268,"ROBLES NAVARRO, JUAN PEDRO",2022→2023,2022,2023,44315,Apipasta PLUS - Pienso para Apicultura,prod_perdido,471.24,null,-471.24,0.308,null,1530,null
426,"CONSERVAS CYDONIA, S.A.",2022→2023,2022,2023,44015,Fructor 10/77,sin_actividad,0,null,0,0.001,null,0,null
8799,"ELABORATS MILA, S.L.",2022→2023,2022,2023,61222,Fosfruit,sin_actividad,0,null,0,0.001,null,0,null
5819,"CASTELLON AGUILAR, FRANCISCO JAVIER",2022→2023,2022,2023,40025,Azucar Azucarera Spot,prod_perdido,1152,null,-1152,0.9,null,1280,null
8248,"CRA BODEGAS, S.L.",2022→2023,2022,2023,61264,Mixco Sweet 65-00.5050 RC COFI,prod_perdido,21539,null,-21539,25.34,null,850,null
8787,"NOARA MEDITERRANEAN DISTILLERY, S.L.",2022→2023,2022,2023,60010,Azúcar Liquida Neutra S.A.,vol_precio,27042.84,120072.42,93029.58,28.52,133.86,948.21,897
1747,"FRUIT TECH NATURAL, S.A.",2022→2023,2022,2023,61211,Mixco Sweet 74-01.5050 REMOLACHA,vol_precio,5623290.88,4332333.48,-1290957.3999999994,6253.44,3628.42,899.23,1194
8385,"PICO GONZALEZ, JOSE",2022→2023,2022,2023,44313,Apipasta Vitaminas 90% - Pienso para Apicultura,vol_precio,243,372,129,0.225,0.24,1080,1550
4187,"AMILCAR & MORGADO, LDA",2022→2023,2022,2023,44313,Apipasta Vitaminas 90% - Pienso para Apicultura,vol_precio,291207,225999.9,-65207.100000000006,274.05,158.1,1062.61,1429.47
3154,"FRIAS NUTRICION, S.A.",2022→2023,2022,2023,40000,Azúcar Blanco EEC Nº 2,prod_perdido,42624,null,-42624,72,null,592,null
1728,"CEREALTO INDUSTRIAL SPAIN, S.A.",2022→2023,2022,2023,62150,Jarabe de Melaza de Caña,vol_precio,10620,7336.8,-3283.2,12,7.2,885,1019
584,"TROLLI IBERICA, S.A.",2022→2023,2022,2023,62150,Jarabe de Melaza de Caña,vol_precio,3888,1500,-2388,4.8,1.2,810,1250
2975,"ARTUKOLUKE, S.L.",2022→2023,2022,2023,44314,Apipasta 90% - BIO - Pienso completo - Apicultura,vol_precio,14248.5,4567.5,-9681,7.35,2.1,1938.57,2175
4852,"ABELLAIRES EMPORDANESOS, S.A.T.",2022→2023,2022,2023,44315,Apipasta PLUS - Pienso para Apicultura,prod_perdido,1285.2,null,-1285.2,0.84,null,1530,null
282,"PRODUCTOS LOZANO, S.L.",2022→2023,2022,2023,61200,Fosvitae 85%,prod_ganado,0,39.06,39.06,0.001,0.014,0,2790
551,"ICE CREAM FACTORY COMAKER, S.A.",2022→2023,2022,2023,40000,Azúcar Blanco EEC Nº 2,prod_perdido,404038.92,null,-404038.92,779.34,null,518.44,null
3705,"APICOLA JUNEDENCA, S.L.",2022→2023,2022,2023,62001,Apimix - Pienso completo - Apicultura,prod_perdido,12670.8,null,-12670.8,16.7,null,758.73,null
4650,"OPREA, CONSTANTIN",2022→2023,2022,2023,40000,Azúcar Blanco EEC Nº 2,prod_perdido,182.5,null,-182.5,0.25,null,730,null
2684,"INDUSTRIAS JIJONENCAS, S.A.",2022→2023,2022,2023,41005,Fructosa MAIZ Cristal Granulada,prod_perdido,10805,null,-10805,10,null,1080.5,null
436,"TURRONES JOSE GARRIGOS, S.A.",2022→2023,2022,2023,61170,Mix Maltitol Sorbitol MS 74-8020,prod_perdido,39858,null,-39858,30.66,null,1300,null
1607,"APICOLA CERDA MARTINEZ, S.L.U.",2022→2023,2022,2023,65005,Azúcar en polvo LS,volumen,178.8,201.15,22.349999999999994,0.12,0.135,1490,1490
7800,"GASCON GASCON, BENITO",2022→2023,2022,2023,44315,Apipasta PLUS - Pienso para Apicultura,precio,1369.2,1730.4,361.20000000000005,0.84,0.84,1630,2060
2722,"BUDENHEIM IBERICA, S.L.U.",2022→2023,2022,2023,40025,Azucar Azucarera Spot,prod_perdido,1267.2,null,-1267.2,0.9,null,1408,null
8922,"HURTADO GARCIA, ANDRES",2022→2023,2022,2023,62020,Mix Fructor Apicultor - Pienso completo - Apicult.,prod_perdido,88.48,null,-88.48,0.112,null,790,null
3479,"LA TAHONA DE UTIEL, S.L.",2022→2023,2022,2023,60114,"Azúcar PI 73,5-67-C",prod_perdido,3576,null,-3576,2.4,null,1490,null
444,"LICORES SINC, S.A.",2022→2023,2022,2023,60012,Azúcar Liquida Neutra S.A. – pH 3,prod_perdido,2056.8,null,-2056.8,2.4,null,857,null
8724,"BEING FOODS, S.A.",2022→2023,2022,2023,61228,Fosvitae 95% Plus,sin_actividad,0,null,0,0.001,null,0,null
2037,"INDUSTRIAS ESPADAFOR, S.A",2022→2023,2022,2023,60105,"Azúcar PI 73,5-67",prod_perdido,352.8,null,-352.8,0.336,null,1050,null
8344,"PA DE MEL, S.L.",2022→2023,2022,2023,61222,Fosfruit,sin_actividad,0,null,0,0.001,null,0,null
8304,"GALLEGO MOLERO,FERMIN ",2022→2023,2022,2023,44315,Apipasta PLUS - Pienso para Apicultura,prod_perdido,214.2,null,-214.2,0.14,null,1530,null
5231,"CRISTOBAL E HIJO, S.L.",2022→2023,2022,2023,44313,Apipasta Vitaminas 90% - Pienso para Apicultura,vol_precio,1831.5,4185,2353.5,1.5,2.7,1221,1550
6869,"ALLTECH SPAIN, S.L.",2022→2023,2022,2023,44304,Azucar Polvo LS – Pienso completo – Apicultura,volumen,9179.63,11802.38,2622.75,6.825,8.775,1345,1345
4369,"LA TIENDA DEL APICULTOR, S.L.U.",2022→2023,2022,2023,44310,Apipasta 90% - Pienso completo - Apicultura,vol_precio,9660,8830.5,-829.5,8.4,6.3,1150,1401.67
297,"TARBAL FOOD, S.L.",2022→2023,2022,2023,60105,"Azúcar PI 73,5-67",prod_perdido,33360.69,null,-33360.69,28.421,null,1173.8,null
2057,"BACK EUROP ESPAÑA, S.L",2022→2023,2022,2023,65005,Azúcar en polvo LS,vol_precio,13674.37,21715.2,8040.83,11.7,14.625,1168.75,1484.8
9111,"GLOBAL QUIMIA, S.A.U.",2022→2023,2022,2023,43150,Sorbitol en Polvo,sin_actividad,0,null,0,0.001,null,0,null
3721,"GANDIA JORQUES, OSCAR",2022→2023,2022,2023,62000,Mix Idoneo - Pienso Completo - Apicultura,prod_perdido,750,null,-750,1,null,750,null
3425,"VERGARA ROBERTO, VICTOR",2022→2023,2022,2023,62001,Apimix - Pienso completo - Apicultura,prod_perdido,161.98,null,-161.98,0.182,null,890,null
2860,"ACEITUNAS KARINA, S.L.",2022→2023,2022,2023,41005,Fructosa MAIZ Cristal Granulada,vol_precio,29895,48925,19030,26.75,27.5,1117.57,1779.09
488,SDAD. COOP. APICOLA DE ESPAÑA,2022→2023,2022,2023,44313,Apipasta Vitaminas 90% - Pienso para Apicultura,vol_precio,15351,9177,-6174,12.6,6.3,1218.33,1456.67
7787,"ONES MAY SABORES, S.L",2022→2023,2022,2023,44010,Fructor 10/81,vol_precio,22321.2,14661.6,-7659.6,25.081,9.84,889.96,1490
4726,CONSORZIO CON LE API,2022→2023,2022,2023,44310,Apipasta 90% - Pienso completo - Apicultura,vol_precio,2945.25,9135,6189.75,3.15,6.3,935,1450
5369,"BREVA ARRUFAT, FERNANDO",2022→2023,2022,2023,62001,Apimix - Pienso completo - Apicultura,vol_precio,1783.56,3225.6,1442.04,2.004,2.52,890,1280
6162,BE ORGANIC KUWAIT FOR HEALTHY FOOD AND PLANTS COMPANY,2022→2023,2022,2023,44330,Apipasta 90% - Pienso completo - Apicul.-BE ORG KW,vol_precio,4167.4,4315.5,148.10000000000036,4.201,3.15,992,1370
551,"ICE CREAM FACTORY COMAKER, S.A.",2022→2023,2022,2023,41005,Fructosa MAIZ Cristal Granulada,prod_perdido,3712.5,null,-3712.5,3.75,null,990,null
8708,SASU AURIQUE,2022→2023,2022,2023,62012,Apimix - Pienso completo - Apicultura (IN/FR),prod_perdido,708.12,null,-708.12,0.84,null,843,null
3797,"ROBLES FUENTES, LUCIO",2022→2023,2022,2023,62001,Apimix - Pienso completo - Apicultura,prod_perdido,750,null,-750,1,null,750,null
1119,"APILORE, S.L.",2022→2023,2022,2023,62001,Apimix - Pienso completo - Apicultura,sin_actividad,0,null,0,0,null,null,null
3607,"SERRANO SANCHEZ, RUBEN",2022→2023,2022,2023,44313,Apipasta Vitaminas 90% - Pienso para Apicultura,vol_precio,1287.3,465,-822.3,0.99,0.3,1300.3,1550
614,"MANUFACTURAS TABERNER,S.A.",2022→2023,2022,2023,42000,Dextrosa Cristal Monohidrato Maiz,vol_precio,21875,21442.5,-432.5,25,22.5,875,953
459,"VIGARTO, S.L.U.",2022→2023,2022,2023,60010,Azúcar Liquida Neutra S.A.,vol_precio,9436.93,4333.14,-5103.79,11.707,3.62,806.09,1197
8838,"CASTILLO ORTIZ, JESUS",2022→2023,2022,2023,44315,Apipasta PLUS - Pienso para Apicultura,prod_perdido,342.72,null,-342.72,0.224,null,1530,null
1592,"APICOLA TARRAGONINA, S.C.C.L",2022→2023,2022,2023,62001,Apimix - Pienso completo - Apicultura,vol_precio,6462,8018.4,1556.3999999999996,5.76,7.68,1121.88,1044.06
5827,"ORGANICOS SANGONERA, S.L.",2022→2023,2022,2023,41000,Fructosa MAIZ Cristal,vol_precio,118.8,273.3,154.5,0.1,0.15,1188,1822
884,"INTERNAC. DE COMERCIO Y DESTILERIAS J BORRAJO, S.A",2022→2023,2022,2023,40000,Azúcar Blanco EEC Nº 2,vol_precio,25454.1,29889,4434.9000000000015,48.3,24.3,527,1230
4976,"NOGUERA CANTO, GUSTAVO",2022→2023,2022,2023,44313,Apipasta Vitaminas 90% - Pienso para Apicultura,prod_perdido,405,null,-405,0.3,null,1350,null
7634,"MARTINEZ MIRANDA, JOSE JAVIER",2022→2023,2022,2023,44310,Apipasta 90% - Pienso completo - Apicultura,prod_perdido,535.5,null,-535.5,0.51,null,1050,null
6147,"ANDALUZA DE MIELES, S.L.",2022→2023,2022,2023,62154,Mixco Sweet 80-31.3233 JM,vol_precio,35301.4,46908.34,11606.939999999995,35.72,33.82,988.28,1387
6828,AGRUP.DEFENSA SANIT.APIC.REG.DE MURCIA,2022→2023,2022,2023,44313,Apipasta Vitaminas 90% - Pienso para Apicultura,prod_perdido,78748.2,null,-78748.2,72.915,null,1080,null
3477,"NICOPAN ESPAÑA, S.L.",2022→2023,2022,2023,60121,"Azúcar PI 73,5-67 Pallet EUR Plast.CHEP",prod_perdido,34939.8,null,-34939.8,25.2,null,1386.5,null
1746,"PRIMITIVO PICO, S.A",2022→2023,2022,2023,40000,Azúcar Blanco EEC Nº 2,vol_precio,125280,59146.2,-66133.8,191.04,48.6,655.78,1217
1854,"ROYPAS BY NUTRIS, S.A.",2022→2023,2022,2023,61228,Fosvitae 95% Plus,prod_perdido,34345.18,null,-34345.18,16.297,null,2107.45,null
1747,"FRUIT TECH NATURAL, S.A.",2022→2023,2022,2023,61200,Fosvitae 85%,sin_actividad,0,null,0,0.005,null,0,null
1853,"GÓMEZ ROBLES, MIGUEL",2022→2023,2022,2023,62001,Apimix - Pienso completo - Apicultura,prod_perdido,2736,null,-2736,3.6,null,760,null
8408,"LA FANTASTICA SODA COOMPAÑIA DE REFRESCOS Y SODAS, S.L.",2022→2023,2022,2023,40000,Azúcar Blanco EEC Nº 2,prod_perdido,73,null,-73,0.1,null,730,null
3728,"SANHUJA MONLEON, VICTOR",2022→2023,2022,2023,44313,Apipasta Vitaminas 90% - Pienso para Apicultura,prod_perdido,93,null,-93,0.06,null,1550,null
1143,"AZUCARES ANTOÑIN, S.L.",2022→2023,2022,2023,40000,Azúcar Blanco EEC Nº 2,volumen,79714.8,183199,103484.2,72.6,167,1098,1097
407,"PRODUCTOS KELMY, S.A.U.",2022→2023,2022,2023,40016,Azúcar Blanco EEC Nº 2,prod_perdido,137834.34,null,-137834.34,207.9,null,662.98,null
7410,"DEL OLMO CUEVAS, HECTOR",2022→2023,2022,2023,44313,Apipasta Vitaminas 90% - Pienso para Apicultura,vol_precio,5349.75,3929.25,-1420.5,4.725,2.535,1132.22,1550
2716,"DOSCADESA 2000,SL.",2022→2023,2022,2023,65005,Azúcar en polvo LS,vol_precio,1638,4188.6,2550.6000000000004,1.95,2.925,840,1432
3111,"GOMEZ MARTIN, HUGO",2022→2023,2022,2023,62020,Mix Fructor Apicultor - Pienso completo - Apicult.,vol_precio,17964,29764.9,11800.900000000001,25.2,27.059,712.86,1100
7874,"SUGAR GLOBAL TRADING, S.L.",2022→2023,2022,2023,40000,Azúcar Blanco EEC Nº 2,prod_perdido,170346.29,null,-170346.29,286.601,null,594.37,null
430,"MONZO LUIS, S.L.",2022→2023,2022,2023,61228,Fosvitae 95% Plus,vol_precio,2760,17343.6,14583.599999999999,1.2,3.88,2300,4470
1864,MELAZAHAR COOP. V.,2022→2023,2022,2023,44304,Azucar Polvo LS – Pienso completo – Apicultura,precio,61.5,111.75,50.25,0.075,0.075,820,1490
3362,"PEREZ IBAÑEZ, JUAN CARLOS",2022→2023,2022,2023,44313,Apipasta Vitaminas 90% - Pienso para Apicultura,prod_perdido,486,null,-486,0.45,null,1080,null
9016,TOMISA TCEA,2022→2023,2022,2023,44313,Apipasta Vitaminas 90% - Pienso para Apicultura,prod_perdido,1627.5,null,-1627.5,1.05,null,1550,null
8074,GAEC L’ABEILLE DU LECTOUROIS,2022→2023,2022,2023,44314,Apipasta 90% - BIO - Pienso completo - Apicultura,prod_perdido,4250.4,null,-4250.4,2.1,null,2024,null
3813,"SOLDADO LLACER, EDUARDO LUIS",2022→2023,2022,2023,62001,Apimix - Pienso completo - Apicultura,precio,1176,1332,156,1.2,1.2,980,1110
478,"MORENO RUIZ HERMANOS, S.L.",2022→2023,2022,2023,61228,Fosvitae 95% Plus,sin_actividad,0,null,0,0.001,null,0,null
874,"COMERCIAL MAPROHELCO, S.L.",2022→2023,2022,2023,40000,Azúcar Blanco EEC Nº 2,prod_perdido,2268,null,-2268,2.7,null,840,null
356,"TRIGUEROS ROBLES, MARIANO",2022→2023,2022,2023,62001,Apimix - Pienso completo - Apicultura,volumen,966,830.76,-135.24,0.7,0.602,1380,1380
9069,"GOMEZ LOPEZ, JUAN LUIS",2022→2023,2022,2023,44313,Apipasta Vitaminas 90% - Pienso para Apicultura,prod_perdido,116.25,null,-116.25,0.075,null,1550,null
1747,"FRUIT TECH NATURAL, S.A.",2022→2023,2022,2023,61212,Mixco Sweet 72-09.6427 B2 SB20,prod_perdido,4555.13,null,-4555.13,2.677,null,1701.58,null
4106,"LOS MAJOS BIO, S.L.",2022→2023,2022,2023,40203,Azúcar BIO 300-500 -ES-ECO-024-MU (Agric No EU),prod_perdido,552.3,null,-552.3,0.35,null,1578,null
7980,"AQUAPOOL CHEMICAL, S.L.",2022→2023,2022,2023,61228,Fosvitae 95% Plus,sin_actividad,0,null,0,0.001,null,0,null
3719,"CARCEL EJARTE, EMILIO",2022→2023,2022,2023,44313,Apipasta Vitaminas 90% - Pienso para Apicultura,vol_precio,226.8,162.75,-64.05000000000001,0.21,0.105,1080,1550
4329,"ZAFRA SANTILLANA, ELOY",2022→2023,2022,2023,62001,Apimix - Pienso completo - Apicultura,vol_precio,1869,12743.36,10874.36,2.1,11.48,890,1110.05
1205,"MERCADONA, S.A.",2022→2023,2022,2023,45003,Azucar Blanco EEC nº2 - PQ01 RETAIL HACENDADO,vol_precio,2992243.02,1369758,-1622485.02,3008.46,1326,994.61,1033
8205,"SALSA RICA, S.L.",2022→2023,2022,2023,44040,Fructor 42/71,vol_precio,53772.18,13860,-39912.18,75.54,25.2,711.84,550
8308,"CONSERVAS TORO LÓPEZ, S.L.",2022→2023,2022,2023,61170,Mix Maltitol Sorbitol MS 74-8020,sin_actividad,0,null,0,0.001,null,0,null
1529,"DULCESA, S.L. UNIPERSONAL",2022→2023,2022,2023,60105,"Azúcar PI 73,5-67",precio,115149.02,169970.88,54821.86,115.055,113.541,1000.82,1497
8382,"LUIS VICENTE, S.A.",2022→2023,2022,2023,60105,"Azúcar PI 73,5-67",prod_perdido,18564,null,-18564,15.6,null,1190,null
6191,"LIZASOAIN BALEZTENA, MIREN",2022→2023,2022,2023,44314,Apipasta 90% - BIO - Pienso completo - Apicultura,vol_precio,1581,541.2,-1039.8,0.75,0.24,2108,2255
3478,"APICOLA LA PARRA, S.L.U.",2022→2023,2022,2023,62001,Apimix - Pienso completo - Apicultura,vol_precio,1792.8,4855.2,3062.3999999999996,2.16,4.21,830,1153.25
4561,"AGRICOM, S.R.L.",2022→2023,2022,2023,44313,Apipasta Vitaminas 90% - Pienso para Apicultura,vol_precio,200834.1,148520.85,-52313.25,178.35,103.95,1126.07,1428.77
2850,"AMC NATURAL DRINKS, S.L.",2022→2023,2022,2023,40016,Azúcar Blanco EEC Nº 2,precio,493775.52,721796.12,228020.59999999998,684.681,676.38,721.18,1067.15
577,"FARTONS POLO, S.L.",2022→2023,2022,2023,44015,Fructor 10/77,vol_precio,59660.62,8700,-50960.62,69.228,6,861.8,1450
7133,VERSTEGEN SPICES & SAUCES,2022→2023,2022,2023,61229,Fosvitae Plus Polvo,sin_actividad,0,null,0,0.002,null,0,null
3504,"CIFRE ALMONACIL, RAFAEL",2022→2023,2022,2023,44313,Apipasta Vitaminas 90% - Pienso para Apicultura,volumen,627.75,325.5,-302.25,0.405,0.21,1550,1550
1000,CLIENTES VARIOS (CONTADO),2022→2023,2022,2023,40111,Azúcar Moreno Brown (Alvean),prod_perdido,9.48,null,-9.48,0.012,null,790,null
211,"MARTINEZ NIETO, S.A.",2022→2023,2022,2023,43100,Sorbitol Liquido 70% No cristalizable,prod_perdido,10164,null,-10164,8.4,null,1210,null
4357,"NAVODRES, S.A.",2022→2023,2022,2023,62001,Apimix - Pienso completo - Apicultura,prod_perdido,19.32,null,-19.32,0.014,null,1380,null
3413,S.C.A. SANTA CRUZ DE ALPERA,2022→2023,2022,2023,40203,Azúcar BIO 300-500 -ES-ECO-024-MU (Agric No EU),prod_perdido,1608,null,-1608,1,null,1608,null
7830,"KANKEL BEAN TO BAR, S.L.",2022→2023,2022,2023,40204,Azúcar BIO 600-1200 -ES-ECO-024-MU (Agric No EU),prod_perdido,1563,null,-1563,1,null,1563,null
1854,"ROYPAS BY NUTRIS, S.A.",2022→2023,2022,2023,40000,Azúcar Blanco EEC Nº 2,vol_precio,801776.43,107195.34,-694581.0900000001,1385.636,98.98,578.63,1083
204,"PERNOD RICARD ESPAÑA, S.A.",2022→2023,2022,2023,60010,Azúcar Liquida Neutra S.A.,vol_precio,1188002.94,1297449.12,109446.18000000017,2115.74,1613.401,561.51,804.17
713,"AGRUCAPERS, S.A.",2022→2023,2022,2023,40000,Azúcar Blanco EEC Nº 2,prod_perdido,3880.8,null,-3880.8,3.6,null,1078,null
5523,"ADDKEM SPECIALTIES, S.L.U.",2022→2023,2022,2023,43100,Sorbitol Liquido 70% No cristalizable,vol_precio,88193.63,5796,-82397.63,85.442,3.6,1032.2,1610
488,SDAD. COOP. APICOLA DE ESPAÑA,2022→2023,2022,2023,62001,Apimix - Pienso completo - Apicultura,precio,1236,1132.8,-103.20000000000005,1.2,1.18,1030,960
6162,BE ORGANIC KUWAIT FOR HEALTHY FOOD AND PLANTS COMPANY,2022→2023,2022,2023,44331,Apipasta PLUS - Pienso para Apicultura - BE ORG KW,prod_perdido,2534.44,null,-2534.44,1.681,null,1507.7,null
450,"LA FLOR BURGALESA, S.L.",2022→2023,2022,2023,44015,Fructor 10/77,vol_precio,9840,23244,13404,12,15.6,820,1490
1247,"TURRONES Y ESPECIALIDADES VIAR, S.A.",2022→2023,2022,2023,43100,Sorbitol Liquido 70% No cristalizable,prod_perdido,3480,null,-3480,2.4,null,1450,null
7937,"ANTONIO Y PURI TORRES, S.L.",2022→2023,2022,2023,61142,Mixco Sweet 70-00.4252,prod_perdido,7473.2,null,-7473.2,12.56,null,595,null
248,"CONSERVAS EL VALLE, S.L.",2022→2023,2022,2023,40000,Azúcar Blanco EEC Nº 2,prod_perdido,43149.7,null,-43149.7,47.3,null,912.26,null
5428,"CLEMENTE SANZ, AURORA",2022→2023,2022,2023,62001,Apimix - Pienso completo - Apicultura,vol_precio,342.3,154.32,-187.98000000000002,0.322,0.114,1063.04,1353.68
4187,"AMILCAR & MORGADO, LDA",2022→2023,2022,2023,44315,Apipasta PLUS - Pienso para Apicultura,prod_perdido,14112,null,-14112,10.08,null,1400,null
2975,"ARTUKOLUKE, S.L.",2022→2023,2022,2023,42000,Dextrosa Cristal Monohidrato Maiz,prod_perdido,70535,null,-70535,73.25,null,962.94,null
385,"BIOMIP BIOLOGICAL QUALITY, S.L.",2022→2023,2022,2023,62029,Azucar Biomip,prod_perdido,1986,null,-1986,3,null,662,null
471,"FADICAMO, S.A.",2022→2023,2022,2023,40000,Azúcar Blanco EEC Nº 2,vol_precio,46413.4,12650,-33763.4,70.2,11,661.16,1150
5142,"GARCIA FERNANDEZ, MIGUEL",2022→2023,2022,2023,44314,Apipasta 90% - BIO - Pienso completo - Apicultura,volumen,3851.55,1591.2,-2260.3500000000004,1.83,0.765,2104.67,2080
7115,"RIVERBEND ESPAÑA, S.A",2022→2023,2022,2023,60019,Azúcar Líquida Neutra 67º- Remolacha,vol_precio,2796,8569,5773,2.401,8.2,1164.51,1045
418,"MANUFACTURAS CEYLAN, S.L.",2022→2023,2022,2023,40203,Azúcar BIO 300-500 -ES-ECO-024-MU (Agric No EU),volumen,1700,847.5,-852.5,1,0.5,1700,1695
8258,"BRIOIXPAN, S.L.",2022→2023,2022,2023,40000,Azúcar Blanco EEC Nº 2,vol_precio,124201,20341.5,-103859.5,187,19.1,664.18,1065
445,"PASTELERIA ARROYO SANCHEZ, S.L.U.",2022→2023,2022,2023,40000,Azúcar Blanco EEC Nº 2,vol_precio,440768.2,26136,-414632.2,583.1,24.2,755.9,1080
770,"CASTER ALIMENTACION, S.L.",2022→2023,2022,2023,43100,Sorbitol Liquido 70% No cristalizable,vol_precio,49731.64,19287.8,-30443.84,46.273,11.98,1074.74,1610
5426,"OLAZIREGI ALTUNA, JOSE LUIS",2022→2023,2022,2023,40203,Azúcar BIO 300-500 -ES-ECO-024-MU (Agric No EU),prod_perdido,281.2,null,-281.2,0.2,null,1406,null
1117,COMERCIAL RUIZ ARRIBAS S. XXI. S.L.,2022→2023,2022,2023,40000,Azúcar Blanco EEC Nº 2,prod_perdido,1611,null,-1611,1.8,null,895,null
1375,"JACOBO LOZANO, S.L.",2022→2023,2022,2023,62413,Fondant ES-R04 - Jacobo Lozano (Etiq. Cliente),prod_perdido,15371.1,null,-15371.1,12.54,null,1225.77,null
8682,KIND INDUSTRY,2022→2023,2022,2023,61200,Fosvitae 85%,sin_actividad,0,null,0,0.001,null,0,null
6130,HAPPY VALLEY HONEY LIMITED,2022→2023,2022,2023,44310,Apipasta 90% - Pienso completo - Apicultura,precio,6930,8725.5,1795.5,6.3,6.3,1100,1385
2903,"MEDITERRANEA MELLIS, S.L.",2022→2023,2022,2023,61198,Mixco Sweet Plus 82-05.5536,vol_precio,527857.12,974425.48,446568.36,473.82,571.62,1114.05,1704.67
6397,"LOPEZ GUTIERREZ, IGOR",2022→2023,2022,2023,44313,Apipasta Vitaminas 90% - Pienso para Apicultura,prod_perdido,437.4,null,-437.4,0.405,null,1080,null
1000,CLIENTES VARIOS (CONTADO),2022→2023,2022,2023,44313,Apipasta Vitaminas 90% - Pienso para Apicultura,vol_precio,164.85,93,-71.85,0.12,0.06,1373.75,1550
716,"PENALVA ALIMENTACION, S.A.",2022→2023,2022,2023,40204,Azúcar BIO 600-1200 -ES-ECO-024-MU (Agric No EU),prod_perdido,14400,null,-14400,10,null,1440,null
5454,"ALIMENTACION Y NUTRICION FAMILIAR, S.L.",2022→2023,2022,2023,40016,Azúcar Blanco EEC Nº 2,vol_precio,6510,16520,10010,6,14,1085,1180
6365,S.C.A. CAMPO MUSEO DE LA MIEL RANCHO CORTESANO,2022→2023,2022,2023,44313,Apipasta Vitaminas 90% - Pienso para Apicultura,vol_precio,2423.1,1606.5,-816.5999999999999,1.92,1.05,1262.03,1530
2462,"GARCIA GARCIA, FELICIANO",2022→2023,2022,2023,44313,Apipasta Vitaminas 90% - Pienso para Apicultura,prod_perdido,259.2,null,-259.2,0.24,null,1080,null
1252,"APIGALOES, S.C.",2022→2023,2022,2023,44315,Apipasta PLUS - Pienso para Apicultura,vol_precio,6602.4,4737.6,-1864.7999999999993,4.2,2.52,1572,1880
535,"FRIMAR PANADEROS, S.L.",2022→2023,2022,2023,40113,Azúcar Moreno Brown C,prod_perdido,3450,null,-3450,3,null,1150,null
248,"CONSERVAS EL VALLE, S.L.",2022→2023,2022,2023,42000,Dextrosa Cristal Monohidrato Maiz,prod_perdido,525,null,-525,0.35,null,1500,null
3225,"SURIVAN FEEL THE TASTE, S.L.",2022→2023,2022,2023,40103,Azúcar Moreno >2500i - Brown (Dry Dem BLZ),sin_actividad,0,null,0,0.001,null,0,null
2518,"GRANALBE, S.L.",2022→2023,2022,2023,40030,Azucar azucarera trimestral,prod_perdido,2660,null,-2660,2,null,1330,null
8486,BIENENLAND,2022→2023,2022,2023,44315,Apipasta PLUS - Pienso para Apicultura,vol_precio,1197,5544,4347,0.84,2.52,1425,2200
7556,"DESTILACIONES BORDAS CHINCHURRETA, S.A.",2022→2023,2022,2023,44090,Fructor 100/75,sin_actividad,0,null,0,0.001,null,0,null
1747,"FRUIT TECH NATURAL, S.A.",2022→2023,2022,2023,61208,Mixco Sweet 74-00.5050 I,vol_precio,155380.72,334830.34,179449.62000000002,149.4,250.06,1040.03,1339
790,"ARLUY, S.L.",2022→2023,2022,2023,61200,Fosvitae 85%,vol_precio,48587.5,61471.18,12883.68,21.125,15.81,2300,3888.12
8247,"ALLJUICEMED, S.L.",2022→2023,2022,2023,64093,ATI 69º,prod_perdido,150301.08,null,-150301.08,203.66,null,738,null
455,"EMILIO PEÑA, S.A.",2022→2023,2022,2023,65025,Azucar en polvo LS - EPSA,prod_perdido,38801.13,null,-38801.13,39.495,null,982.43,null
1661,"DELAVIUDA ALIMENTACION, S.A",2022→2023,2022,2023,44010,Fructor 10/81,vol_precio,13680,24180,10500,18,15.6,760,1550
6045,"BODEGAS WILLIAMS & HUMBERT, S.A.",2022→2023,2022,2023,60010,Azúcar Liquida Neutra S.A.,vol_precio,109496.88,64042,-45454.880000000005,220.24,74.8,497.17,856.18
4542,"COMERCIAL FONT, C.B.",2022→2023,2022,2023,44015,Fructor 10/77,prod_perdido,190,null,-190,0.2,null,950,null
4242,"FITOPAL, S.L.",2022→2023,2022,2023,44313,Apipasta Vitaminas 90% - Pienso para Apicultura,prod_perdido,1134,null,-1134,1.05,null,1080,null
1079,"TEJEDOR RUIZ, MIGUEL",2022→2023,2022,2023,44313,Apipasta Vitaminas 90% - Pienso para Apicultura,prod_perdido,1417.5,null,-1417.5,1.05,null,1350,null
347,"LOPEZ SANCHEZ, MARIA ISABEL",2022→2023,2022,2023,44313,Apipasta Vitaminas 90% - Pienso para Apicultura,prod_perdido,1417.5,null,-1417.5,1.05,null,1350,null
1023,"TORRONS VICENS, S.L.",2022→2023,2022,2023,61170,Mix Maltitol Sorbitol MS 74-8020,sin_cambio,4296,4296,0,2.4,2.4,1790,1790
8518,"MIGUEL TORRES, S.A.",2022→2023,2022,2023,60105,"Azúcar PI 73,5-67",sin_actividad,0,null,0,0.001,null,0,null
4369,"LA TIENDA DEL APICULTOR, S.L.U.",2022→2023,2022,2023,44313,Apipasta Vitaminas 90% - Pienso para Apicultura,vol_precio,110491.5,189146.25,78654.75,95.55,130.875,1156.37,1445.24
3833,"ASTURIAS APICOLA, S.L.",2022→2023,2022,2023,44313,Apipasta Vitaminas 90% - Pienso para Apicultura,vol_precio,31654.5,37029,5374.5,26.7,25.5,1185.56,1452.12
3855,"APIFERSA APICOLA, S.L.",2022→2023,2022,2023,62021,Apimix 75 Pienso completo – Apicultura,prod_perdido,3871.8,null,-3871.8,4.78,null,810,null
7289,"CHOCODROP, S.L.",2022→2023,2022,2023,42000,Dextrosa Cristal Monohidrato Maiz,prod_perdido,14906.88,null,-14906.88,13.475,null,1106.26,null
2903,"MEDITERRANEA MELLIS, S.L.",2022→2023,2022,2023,61164,Mixco Sweet Plus-M 82-05.5141,vol_precio,185462.12,248642.54,63180.42000000001,136.861,158.061,1355.11,1573.08
512,"SUGAR'S MAGIC, S.L.",2022→2023,2022,2023,44120,Glucor 45/80,vol_precio,44452.3,59968.44,15516.14,55.57,47.594,799.93,1260
418,"MANUFACTURAS CEYLAN, S.L.",2022→2023,2022,2023,65007,Azúcar en polvo LS Pallet Plast. CHEP,vol_precio,201670.95,125373,-76297.95000000001,185.205,90.66,1088.91,1382.89
6449,"PRODEL AGRICOLA, S.L.",2022→2023,2022,2023,44314,Apipasta 90% - BIO - Pienso completo - Apicultura,volumen,5160,4095.75,-1064.25,2.4,1.905,2150,2150
426,"CONSERVAS CYDONIA, S.A.",2022→2023,2022,2023,44120,Glucor 45/80,sin_actividad,0,null,0,0.001,null,0,null
436,"TURRONES JOSE GARRIGOS, S.A.",2022→2023,2022,2023,43100,Sorbitol Liquido 70% No cristalizable,vol_precio,9660,6390,-3270,8.4,3.6,1150,1775
1977,"ZURRIAGA MORENO, EMILIANO",2022→2023,2022,2023,62020,Mix Fructor Apicultor - Pienso completo - Apicult.,prod_perdido,972,null,-972,1.2,null,810,null
8010,"GUARDIOLA LOZANO, JOSE MARIA",2022→2023,2022,2023,40000,Azúcar Blanco EEC Nº 2,prod_perdido,27.45,null,-27.45,0.025,null,1098,null
7616,"CON LE API DISTRIBUZIONE, S.R.L.S.",2022→2023,2022,2023,44313,Apipasta Vitaminas 90% - Pienso para Apicultura,prod_perdido,23400,null,-23400,22.5,null,1040,null
2955,"AMC NATURAL DRINKS, S.L. -",2022→2023,2022,2023,40000,Azúcar Blanco EEC Nº 2,prod_perdido,93925,null,-93925,121,null,776.24,null
9022,"SYMRISE IBÉRICA, S.L.",2022→2023,2022,2023,40103,Azúcar Moreno >2500i - Brown (Dry Dem BLZ),sin_actividad,0,null,0,0.001,null,0,null
4154,"HEALTHY RAW MATERIALS, S.L.",2022→2023,2022,2023,60105,"Azúcar PI 73,5-67",prod_perdido,1097.6,null,-1097.6,0.98,null,1120,null
1752,"ROYMY 21, S.L",2022→2023,2022,2023,60105,"Azúcar PI 73,5-67",vol_precio,7165.2,4932,-2233.2,8.04,3.6,891.19,1370
8942,"STERN, ALEXIS IVÁN",2022→2023,2022,2023,44313,Apipasta Vitaminas 90% - Pienso para Apicultura,prod_perdido,81,null,-81,0.06,null,1350,null
2982,"LOPEZ SOLER, EMILIO JOSE",2022→2023,2022,2023,62001,Apimix - Pienso completo - Apicultura,prod_perdido,187.5,null,-187.5,0.25,null,750,null
8835,"NAKOV TODOSVA, VLADO",2022→2023,2022,2023,62001,Apimix - Pienso completo - Apicultura,prod_perdido,936,null,-936,1.2,null,780,null
7422,"HERRANZ FERREROS, JULIO RICARDO",2022→2023,2022,2023,62000,Mix Idoneo - Pienso Completo - Apicultura,prod_perdido,355,null,-355,0.5,null,710,null
542,"SDAD.ESPAÑOLA COLOR. NATURALES Y AFINES, S.A.U.",2022→2023,2022,2023,60203,Azúcar TIEN 65.5.100,prod_perdido,10229.28,null,-10229.28,24.24,null,422,null
8796,"PARTAL MARTINEZ, CARLOS",2022→2023,2022,2023,62001,Apimix - Pienso completo - Apicultura,prod_perdido,373.8,null,-373.8,0.42,null,890,null
7924,"J.NORKEN,S.L.",2022→2023,2022,2023,42000,Dextrosa Cristal Monohidrato Maiz,prod_perdido,22050,null,-22050,15.001,null,1469.9,null
3384,"PEREZ GARCIA, MARIA DOLORES",2022→2023,2022,2023,40204,Azúcar BIO 600-1200 -ES-ECO-024-MU (Agric No EU),prod_perdido,40.2,null,-40.2,0.025,null,1608,null
582,"HIJOS DE SALVADOR COSTA, S.L.",2022→2023,2022,2023,40003,Azúcar Blanco EEC Nº 2 REMOLACHA,prod_perdido,56232,null,-56232,85.2,null,660,null
1646,"NAVARRO SALA, JOSE",2022→2023,2022,2023,62000,Mix Idoneo - Pienso Completo - Apicultura,prod_perdido,232.5,null,-232.5,0.25,null,930,null
1149,"UNION GENIL, S.C.A",2022→2023,2022,2023,43000,Maltitol Liquido 75-5308,prod_perdido,25356.03,null,-25356.03,22.145,null,1145,null
9097,"CAFES MIÑANA, S.A.",2022→2023,2022,2023,40025,Azucar Azucarera Spot,vol_precio,1242,2430,1188,0.9,1.8,1380,1350
1149,"UNION GENIL, S.C.A",2022→2023,2022,2023,42001,Dextrosa C.Monohidrato Maiz Pallet Plast.  CHEP,prod_perdido,1774,null,-1774,2,null,887,null
4265,"TORRALBA MUÑOZ, MONICA",2022→2023,2022,2023,44301,Azucar Blanco – Materia Prima para Piensos,prod_perdido,4200,null,-4200,4,null,1050,null
2337,"METAROM IBERICA, S.A.U.",2022→2023,2022,2023,60200,Azúcar Invertido 67º,vol_precio,3231.29,2950.8,-280.4899999999998,3.806,2.4,849,1229.5
4383,"MANUFRI, S.L.",2022→2023,2022,2023,60000,Azúcar Líquida Neutra 67º,prod_perdido,155579.2,null,-155579.2,277.82,null,560,null
455,"EMILIO PEÑA, S.A.",2022→2023,2022,2023,44015,Fructor 10/77,prod_perdido,18240,null,-18240,24,null,760,null
523,"CORALIM INGREDIENTS, S.L.",2022→2023,2022,2023,43000,Maltitol Liquido 75-5308,prod_perdido,7852,null,-7852,5.2,null,1510,null
2716,"DOSCADESA 2000,SL.",2022→2023,2022,2023,40000,Azúcar Blanco EEC Nº 2,prod_perdido,1314,null,-1314,1.8,null,730,null
433,"SANCHIS MIRA, S.A.",2022→2023,2022,2023,62406,Fondant ES-R01 Palet Chep Plástico 80x120,vol_precio,181969.2,26258.88,-155710.32,146.16,16.32,1245,1609
259,"EUROGRANIZADOS, S.L.U.",2022→2023,2022,2023,43000,Maltitol Liquido 75-5308,prod_perdido,75075,null,-75075,45.5,null,1650,null
6151,"FRULACT, S.A.",2022→2023,2022,2023,40103,Azúcar Moreno >2500i - Brown (Dry Dem BLZ),vol_precio,140160,112800,-27360,184,94,761.74,1200
2195,"GARCIA GOMEZ, LAZARO",2022→2023,2022,2023,44313,Apipasta Vitaminas 90% - Pienso para Apicultura,prod_perdido,930,null,-930,0.6,null,1550,null
5729,"MARTINEZ FERNANDEZ, FRANCISCO JAVIER",2022→2023,2022,2023,44313,Apipasta Vitaminas 90% - Pienso para Apicultura,prod_perdido,195.15,null,-195.15,0.135,null,1445.56,null
4854,"FERRANDIS RIBES, JOSE ENRIQUE",2022→2023,2022,2023,44313,Apipasta Vitaminas 90% - Pienso para Apicultura,prod_perdido,162,null,-162,0.15,null,1080,null
455,"EMILIO PEÑA, S.A.",2022→2023,2022,2023,40103,Azúcar Moreno >2500i - Brown (Dry Dem BLZ),prod_perdido,1751,null,-1751,1.7,null,1030,null
457,"AMAHER, S.L.",2022→2023,2022,2023,42000,Dextrosa Cristal Monohidrato Maiz,prod_perdido,10680,null,-10680,12.001,null,889.93,null
594,"CERVERO AUSINA, JULIO",2022→2023,2022,2023,60010,Azúcar Liquida Neutra S.A.,vol_precio,9136.8,18709.11,9572.310000000001,9.6,15.63,951.75,1197
6636,"TECNICAS MECANICAS ILERDENSES, S.L.",2022→2023,2022,2023,40000,Azúcar Blanco EEC Nº 2,sin_actividad,0,0,0,0.25,-2,0,0
5819,"CASTELLON AGUILAR, FRANCISCO JAVIER",2022→2023,2022,2023,40016,Azúcar Blanco EEC Nº 2,prod_perdido,5320,null,-5320,8,null,665,null
7715,"BOGATCEAN, IOANA CRISTINA",2022→2023,2022,2023,44315,Apipasta PLUS - Pienso para Apicultura,prod_perdido,2662.8,null,-2662.8,1.68,null,1585,null
1829,"DIAZ LOPEZ, JOSE ANTONIO",2022→2023,2022,2023,62020,Mix Fructor Apicultor - Pienso completo - Apicult.,prod_perdido,248.75,null,-248.75,0.25,null,995,null
257,"DESTILERIAS GULF STREAM, S.L.",2022→2023,2022,2023,60105,"Azúcar PI 73,5-67",prod_perdido,1056,null,-1056,1.2,null,880,null
3144,"DALLANT, S.A.",2022→2023,2022,2023,44093,Fructor 100/80,vol_precio,35085.5,11986.8,-23098.7,29.86,8.4,1175,1427
3187,"AZELIS ESPAÑA, S.A.",2022→2023,2022,2023,41000,Fructosa MAIZ Cristal,vol_precio,88000,78028.75,-9971.25,100.004,46.25,879.96,1687.11
1624,S.A.T. Nº8192 PEREGRI,2022→2023,2022,2023,41005,Fructosa MAIZ Cristal Granulada,prod_perdido,55.7,null,-55.7,0.05,null,1114,null
303,"J.R. SABATER, S.A.",2022→2023,2022,2023,42000,Dextrosa Cristal Monohidrato Maiz,vol_precio,93262,101570,8308,105.5,67.5,884,1504.74
531,"DESARROLLOS PANADEROS LEVANTINOS, S.L.L.",2022→2023,2022,2023,65020,Azúcar en polvo SG - LM Micronizada,prod_perdido,24.31,null,-24.31,0.026,null,935,null
4242,"FITOPAL, S.L.",2022→2023,2022,2023,44310,Apipasta 90% - Pienso completo - Apicultura,prod_perdido,472.5,null,-472.5,0.45,null,1050,null
261,"EZTIKIDETZA, S.A.T.",2022→2023,2022,2023,62000,Mix Idoneo - Pienso Completo - Apicultura,precio,876,1380,504,1.2,1.2,730,1150
8846,"GIL PERIS, JULIO",2022→2023,2022,2023,44313,Apipasta Vitaminas 90% - Pienso para Apicultura,vol_precio,60.75,93,32.25,0.045,0.06,1350,1550
6389,"VALLS VALLS, JUAN ANTONIO",2022→2023,2022,2023,44313,Apipasta Vitaminas 90% - Pienso para Apicultura,prod_perdido,60.75,null,-60.75,0.045,null,1350,null
4664,"DEL MORAL DIAZ, MIGUEL",2022→2023,2022,2023,62001,Apimix - Pienso completo - Apicultura,prod_perdido,38.64,null,-38.64,0.028,null,1380,null
8947,"MARVANALI, S.L.",2022→2023,2022,2023,44111,Glucor 60/82,prod_perdido,1482,null,-1482,1.2,null,1235,null
290,"IGH FLAVOURS TECHNOLOGY, S.A.U.",2022→2023,2022,2023,40103,Azúcar Moreno >2500i - Brown (Dry Dem BLZ),sin_actividad,0,null,0,0.001,null,0,null
1536,"SALVADOR MORENO, CARLOS",2022→2023,2022,2023,62001,Apimix - Pienso completo - Apicultura,prod_perdido,1872,null,-1872,2.4,null,780,null
4937,"YESLOSA, S.L.",2022→2023,2022,2023,40000,Azúcar Blanco EEC Nº 2,prod_perdido,657,null,-657,0.9,null,730,null
920,"FONT SALEM, S.L.",2022→2023,2022,2023,40000,Azúcar Blanco EEC Nº 2,prod_perdido,1168809.34,null,-1168809.34,1682.84,null,694.55,null
2195,"GARCIA GOMEZ, LAZARO",2022→2023,2022,2023,62001,Apimix - Pienso completo - Apicultura,prod_perdido,6156,null,-6156,5.6,null,1099.29,null
465,"INVESTIGACION Y DESARROLLO PANADERO, S.L.",2022→2023,2022,2023,40025,Azucar Azucarera Spot,prod_perdido,3496.5,null,-3496.5,2.7,null,1295,null
1075,AGRUPACION MURCIANA APICULTORES PROFESIONALES,2022→2023,2022,2023,44314,Apipasta 90% - BIO - Pienso completo - Apicultura,volumen,723.6,90,-633.6,0.36,0.045,2010,2000
1117,COMERCIAL RUIZ ARRIBAS S. XXI. S.L.,2022→2023,2022,2023,40103,Azúcar Moreno >2500i - Brown (Dry Dem BLZ),volumen,8437.5,24375,15937.5,6.75,19.5,1250,1250
3050,"APICOLA  ALONSAN, S.COOP",2022→2023,2022,2023,62001,Apimix - Pienso completo - Apicultura,prod_perdido,13651,null,-13651,24.82,null,550,null
6376,"ANAYA CILLEROS, LIDIA",2022→2023,2022,2023,44310,Apipasta 90% - Pienso completo - Apicultura,prod_perdido,110.25,null,-110.25,0.105,null,1050,null
3534,"ITURRATE VEA, INES",2022→2023,2022,2023,44313,Apipasta Vitaminas 90% - Pienso para Apicultura,vol_precio,4824,2844,-1980,3.9,1.8,1236.92,1580
8795,"ADISTAFARMA, S.L.",2022→2023,2022,2023,61228,Fosvitae 95% Plus,sin_actividad,0,null,0,0.001,null,0,null
8724,"BEING FOODS, S.A.",2022→2023,2022,2023,61222,Fosfruit,sin_actividad,0,null,0,0.001,null,0,null
458,"CASTY, S.A.",2022→2023,2022,2023,40000,Azúcar Blanco EEC Nº 2,prod_perdido,62040,null,-62040,120,null,517,null
5819,"CASTELLON AGUILAR, FRANCISCO JAVIER",2022→2023,2022,2023,43100,Sorbitol Liquido 70% No cristalizable,prod_perdido,3564,null,-3564,3.6,null,990,null
8495,"PEÑA GOMEZ, ARTURO JAVIER",2022→2023,2022,2023,44315,Apipasta PLUS - Pienso para Apicultura,prod_perdido,21.42,null,-21.42,0.014,null,1530,null
429,"CROP IBERICA, S.A.U.",2022→2023,2022,2023,42000,Dextrosa Cristal Monohidrato Maiz,prod_perdido,4427,null,-4427,4.75,null,932,null
8424,"MISSION FOODS IBERIA, S.A.U.",2022→2023,2022,2023,42000,Dextrosa Cristal Monohidrato Maiz,prod_perdido,45850,null,-45850,50,null,917,null
3610,"PINAZO MARTINEZ, JULIAN",2022→2023,2022,2023,62001,Apimix - Pienso completo - Apicultura,vol_precio,562.5,1080,517.5,0.75,1,750,1080
8854,JOHANNES LÜHDERS KG,2022→2023,2022,2023,61200,Fosvitae 85%,sin_actividad,0,null,0,0.003,null,0,null
7171,"QUIRANTE FRUITS, S.L.",2022→2023,2022,2023,49022,L-Prolina,prod_perdido,49000,null,-49000,2.8,null,17500,null
1649,"BLASCO APARICIO, SANDRA",2022→2023,2022,2023,44315,Apipasta PLUS - Pienso para Apicultura,prod_perdido,947.7,null,-947.7,0.732,null,1294.67,null
8795,"ADISTAFARMA, S.L.",2022→2023,2022,2023,61222,Fosfruit,sin_actividad,0,null,0,0.001,null,0,null
4383,"MANUFRI, S.L.",2022→2023,2022,2023,61267,Mixco Sweet 74-00.5050 LM,prod_perdido,32322.24,null,-32322.24,24.94,null,1296,null
458,"CASTY, S.A.",2022→2023,2022,2023,44200,Maltor 70/80,vol_precio,3969.6,342605.5,338635.9,4.8,272.606,827,1256.78
9093,"CARNES FÉLIX, S.A.",2022→2023,2022,2023,65005,Azúcar en polvo LS,prod_perdido,365.16,null,-365.16,0.255,null,1432,null
8889,COOP. AGRICOLA DE VILLAR DEL ARZOBISPO,2022→2023,2022,2023,60105,"Azúcar PI 73,5-67",sin_actividad,0,null,0,0.001,null,0,null
7171,"QUIRANTE FRUITS, S.L.",2022→2023,2022,2023,61225,CA1956,vol_precio,274689.26,550011.17,275321.91000000003,277.807,425.376,988.78,1293
9080,"MATERNE-CONFILUX, S.A.",2022→2023,2022,2023,43000,Maltitol Liquido 75-5308,sin_actividad,0,null,0,0.001,null,0,null
8433,IMAGIA S. COOP. AND. ,2022→2023,2022,2023,43100,Sorbitol Liquido 70% No cristalizable,prod_perdido,51408,null,-51408,43.2,null,1190,null
2850,"AMC NATURAL DRINKS, S.L.",2022→2023,2022,2023,40003,Azúcar Blanco EEC Nº 2 REMOLACHA,sin_actividad,0,null,0,0.001,null,0,null
5407,"HIJOS DE ISIDORO CALZADO, S.L.",2022→2023,2022,2023,61142,Mixco Sweet 70-00.4252,prod_perdido,1172.4,null,-1172.4,1.2,null,977,null
7817,GENERAL MILLS,2022→2023,2022,2023,61228,Fosvitae 95% Plus,sin_actividad,0,null,0,0.003,null,0,null
463,"REY ALIMENTACION, S.L.",2022→2023,2022,2023,61170,Mix Maltitol Sorbitol MS 74-8020,prod_perdido,9264,null,-9264,4.8,null,1930,null
716,"PENALVA ALIMENTACION, S.A.",2022→2023,2022,2023,42000,Dextrosa Cristal Monohidrato Maiz,vol_precio,12487.5,26400,13912.5,11.25,15,1110,1760
5049,"SERVICIOS INTEGRALES VETERINARIOS, S.L.",2022→2023,2022,2023,44313,Apipasta Vitaminas 90% - Pienso para Apicultura,prod_perdido,1134,null,-1134,1.05,null,1080,null
5989,"T500 PURATOS, S.A.",2022→2023,2022,2023,65021,Azúcar en polvo - LM3 Micronizada,sin_actividad,0,null,0,0.001,null,0,null
879,"CIA DE PROD. NATURALES LLEO, S.L.",2022→2023,2022,2023,40110,Azúcar Moreno Brown (Azucarera),prod_perdido,600,null,-600,0.5,null,1200,null
8785,INGREDIENTS & DESSERTS,2022→2023,2022,2023,61229,Fosvitae Plus Polvo,sin_actividad,0,null,0,0.001,null,0,null
1218,"RAMIRO LARRIO, JAVIER",2022→2023,2022,2023,62000,Mix Idoneo - Pienso Completo - Apicultura,prod_perdido,9404.6,null,-9404.6,15.94,null,590,null
3969,"HERAIZ CABANES, CRISTIAN",2022→2023,2022,2023,62000,Mix Idoneo - Pienso Completo - Apicultura,prod_perdido,532.5,null,-532.5,0.75,null,710,null
6636,"TECNICAS MECANICAS ILERDENSES, S.L.",2022→2023,2022,2023,40103,Azúcar Moreno >2500i - Brown (Dry Dem BLZ),sin_actividad,0,0,0,0.25,0,0,null
7171,"QUIRANTE FRUITS, S.L.",2022→2023,2022,2023,61244,Mixco Sweet 70-00.5050 U,vol_precio,10516576.27,9696355.26,-820221.0099999998,8800.129,7840.18,1195.05,1236.75
8247,"ALLJUICEMED, S.L.",2022→2023,2022,2023,61250,Mixco Sweet 69-00.5050 RC,prod_perdido,106287.6,null,-106287.6,154.04,null,690,null
208,"LICORES Y DERIVADOS, S.A.",2022→2023,2022,2023,60010,Azúcar Liquida Neutra S.A.,vol_precio,100690.26,334987.56,234297.3,201.88,364.2,498.76,919.79
3360,"GUILLAMON SANCHEZ, TOMAS",2022→2023,2022,2023,41000,Fructosa MAIZ Cristal,vol_precio,445.6,567.6,122,0.4,0.3,1114,1892
3372,"GUFRESCO, S.L.",2022→2023,2022,2023,41005,Fructosa MAIZ Cristal Granulada,precio,1250,1785,535,1,1,1250,1785
2283,"ROENCAR, S.L.U.",2022→2023,2022,2023,65005,Azúcar en polvo LS,vol_precio,408.6,794.81,386.2099999999999,0.3,0.615,1362,1292.37
4033,"DULCES DELICIAS, S.L.",2022→2023,2022,2023,62405,Fondant ES-R06,sin_actividad,0,null,0,0.002,null,0,null
2057,"BACK EUROP ESPAÑA, S.L",2022→2023,2022,2023,62400,Fondant ES-R01,prod_perdido,1200,null,-1200,0.96,null,1250,null
5192,"WORLD WIDE IMPORT EXPORT CO, LTD.",2022→2023,2022,2023,62153,Jarabe de Melaza de caña (ENG),prod_perdido,1668,null,-1668,1.2,null,1390,null
4516,"DAUD, VEDAT",2022→2023,2022,2023,44315,Apipasta PLUS - Pienso para Apicultura,prod_perdido,64.26,null,-64.26,0.042,null,1530,null
8724,"BEING FOODS, S.A.",2022→2023,2022,2023,61200,Fosvitae 85%,sin_actividad,0,null,0,0.001,null,0,null
8344,"PA DE MEL, S.L.",2022→2023,2022,2023,61228,Fosvitae 95% Plus,sin_actividad,0,null,0,0.001,null,0,null
7251,"HELARTEAVILA, S.L.",2022→2023,2022,2023,61200,Fosvitae 85%,sin_actividad,0,null,0,0.001,null,0,null
293,"TORRENTE OCHOA, ANTONIO",2022→2023,2022,2023,44315,Apipasta PLUS - Pienso para Apicultura,prod_perdido,2142,null,-2142,1.4,null,1530,null
2682,"CARO CARO, CANDELARIA",2022→2023,2022,2023,40000,Azúcar Blanco EEC Nº 2,prod_perdido,2420,null,-2420,2,null,1210,null
772,"SEIS H, S.A.",2022→2023,2022,2023,62401,Fondant ES-R02,sin_actividad,0,null,0,0.001,null,0,null
4450,"MIELES LLADRO, C.B.",2022→2023,2022,2023,44315,Apipasta PLUS - Pienso para Apicultura,vol_precio,2570.4,498.96,-2071.44,1.68,0.252,1530,1980
3552,"VERDU RUIZ, ANTONIO",2022→2023,2022,2023,62020,Mix Fructor Apicultor - Pienso completo - Apicult.,vol_precio,1087.5,613.04,-474.46000000000004,1.5,0.776,725,790
7394,"ACTIVIDAD APICOLA ECOLOGICA M.F., S.L.",2022→2023,2022,2023,44314,Apipasta 90% - BIO - Pienso completo - Apicultura,volumen,1560.45,960,-600.45,0.765,0.48,2039.8,2000
304,"FRANFER, S.A.",2022→2023,2022,2023,44015,Fructor 10/77,precio,1380,1796.4,416.4000000000001,1.2,1.2,1150,1497
3683,"MADRID JULVE, LUIS",2022→2023,2022,2023,44313,Apipasta Vitaminas 90% - Pienso para Apicultura,precio,162,232.5,70.5,0.15,0.15,1080,1550
1938,"NAVARRO GARCIA, ANTONIO",2022→2023,2022,2023,44313,Apipasta Vitaminas 90% - Pienso para Apicultura,prod_perdido,129.6,null,-129.6,0.12,null,1080,null
4031,"ESPECIALITATS M. MASDEU, S.L.",2022→2023,2022,2023,44200,Maltor 70/80,vol_precio,6504,11263.2,4759.200000000001,6,7.22,1084,1560
460,"PRODUCTOS LA FILO, S.L.",2022→2023,2022,2023,40000,Azúcar Blanco EEC Nº 2,prod_perdido,51072.1,null,-51072.1,56.76,null,899.79,null
3427,"DOÑATE GALINDO, FRANCISCO JOSE",2022→2023,2022,2023,44315,Apipasta PLUS - Pienso para Apicultura,prod_perdido,321.3,null,-321.3,0.21,null,1530,null
7169,"MASTRIGO BIO GOURMET, S.L.",2022→2023,2022,2023,42000,Dextrosa Cristal Monohidrato Maiz,prod_perdido,2100,null,-2100,2,null,1050,null
2975,"ARTUKOLUKE, S.L.",2022→2023,2022,2023,44313,Apipasta Vitaminas 90% - Pienso para Apicultura,vol_precio,5250,3087,-2163,5.25,2.1,1000,1470
2611,"NAVARRO SANCHEZ, RAFAEL",2022→2023,2022,2023,44313,Apipasta Vitaminas 90% - Pienso para Apicultura,prod_perdido,1134,null,-1134,1.05,null,1080,null
8050,"VEGA BONILLA, SERGIO",2022→2023,2022,2023,62001,Apimix - Pienso completo - Apicultura,prod_perdido,37.38,null,-37.38,0.042,null,890,null
2975,"ARTUKOLUKE, S.L.",2022→2023,2022,2023,40103,Azúcar Moreno >2500i - Brown (Dry Dem BLZ),prod_perdido,18120,null,-18120,24,null,755,null
7123,"ESPIN SANCHEZ, MARIA ISABEL",2022→2023,2022,2023,44314,Apipasta 90% - BIO - Pienso completo - Apicultura,prod_perdido,1335.38,null,-1335.38,0.615,null,2171.35,null
1,"ZUKAN, S.L.U.",2022→2023,2022,2023,44314,Apipasta 90% - BIO - Pienso completo - Apicultura,sin_actividad,0,null,0,0.001,null,0,null
3070,"NAVARRO OLIVA, JOSE",2022→2023,2022,2023,44313,Apipasta Vitaminas 90% - Pienso para Apicultura,vol_precio,3022.5,7717.5,4695,1.95,5.25,1550,1470
1786,"ANITIN PANES ESPECIALES, S.L.",2022→2023,2022,2023,40030,Azucar azucarera trimestral,prod_perdido,15813,null,-15813,12.6,null,1255,null
1415,"MEMBRILLO EMILY, S.L.",2022→2023,2022,2023,61229,Fosvitae Plus Polvo,sin_actividad,0,null,0,0.002,null,0,null
769,"ANGEL CAMACHO ALIMENTACION, S.L.",2022→2023,2022,2023,41006,Fructosa MAIZ Cristal Granulada Pallet Plast. CHEP,vol_precio,272413.75,308055,35641.25,285.25,165,955,1867
2737,"ALFONSO MARTINEZ TORRANO, S.L.",2022→2023,2022,2023,40355,"Azúcar Granulado 0,6mm a 1mm",prod_perdido,742.5,null,-742.5,0.9,null,825,null
2473,"TORRE ORIA, S.L.U.",2022→2023,2022,2023,40000,Azúcar Blanco EEC Nº 2,prod_perdido,19035.06,null,-19035.06,33.22,null,573,null
4892,"COMEX BAKERY, S.L.U.",2022→2023,2022,2023,40000,Azúcar Blanco EEC Nº 2,vol_precio,2357.1,1129.5,-1227.6,2.7,0.9,873,1255
4587,"CARMAX GLASS, S.L.",2022→2023,2022,2023,62001,Apimix - Pienso completo - Apicultura,vol_precio,1782.9,6511,4728.1,1.876,5.62,950.37,1158.54
1747,"FRUIT TECH NATURAL, S.A.",2022→2023,2022,2023,40207,Azúcar BIO <45 ES-ECO-024-MU Ag UE REMOLACHA,prod_perdido,54468.7,null,-54468.7,46.475,null,1172,null
2832,DULCES LA ABUELA COOP VNA,2022→2023,2022,2023,43100,Sorbitol Liquido 70% No cristalizable,prod_perdido,17300.91,null,-17300.91,16.797,null,1030,null
2347,"DESTILERIAS WIFREDO RIZO, S.L.",2022→2023,2022,2023,44010,Fructor 10/81,prod_perdido,1587.5,null,-1587.5,1.25,null,1270,null
8027,"CALAF NUANCES, S.L.",2022→2023,2022,2023,61229,Fosvitae Plus Polvo,prod_perdido,166.08,null,-166.08,0.027,null,6151.11,null
455,"EMILIO PEÑA, S.A.",2022→2023,2022,2023,42000,Dextrosa Cristal Monohidrato Maiz,prod_perdido,57005.25,null,-57005.25,64.95,null,877.68,null
6250,"GRAS REQUENA, FRANCISCO",2022→2023,2022,2023,44313,Apipasta Vitaminas 90% - Pienso para Apicultura,prod_perdido,324,null,-324,0.3,null,1080,null
3266,"BODEGAS Y VIÑEDOS ILLANA, S.L.",2022→2023,2022,2023,40204,Azúcar BIO 600-1200 -ES-ECO-024-MU (Agric No EU),prod_perdido,35,null,-35,0.025,null,1400,null
1771,"EL CASERIO, S.A",2022→2023,2022,2023,43000,Maltitol Liquido 75-5308,vol_precio,137266.8,229364.56,92097.76000000001,107.4,148.36,1278.09,1546
4319,"HERREROS CASTAÑOS, FRANCISCO",2022→2023,2022,2023,62001,Apimix - Pienso completo - Apicultura,prod_perdido,62.3,null,-62.3,0.07,null,890,null
566,"ALMACENES MIGUEZ 2005,S.L.",2022→2023,2022,2023,65005,Azúcar en polvo LS,prod_perdido,20.43,null,-20.43,0.015,null,1362,null
1528,"JUAN Y JUAN INDUSTRIAL, S.L.U.",2022→2023,2022,2023,61200,Fosvitae 85%,sin_actividad,0,null,0,0.001,null,0,null
6080,"MARGALEF MARGALEF, ROSSENDO",2022→2023,2022,2023,44313,Apipasta Vitaminas 90% - Pienso para Apicultura,precio,2100,3066,966,2.1,2.1,1000,1460
769,"ANGEL CAMACHO ALIMENTACION, S.L.",2022→2023,2022,2023,40201,Azúcar Blanco BIO ES-ECO-024-MU Ag No UE,prod_perdido,138.5,null,-138.5,0.1,null,1385,null
1932,"MARTINEZ SANDOVAL, ANA MARIA",2022→2023,2022,2023,44315,Apipasta PLUS - Pienso para Apicultura,prod_perdido,2898,null,-2898,1.26,null,2300,null
4542,"COMERCIAL FONT, C.B.",2022→2023,2022,2023,65005,Azúcar en polvo LS,vol_precio,2612.85,2883.15,270.3000000000002,2.265,1.935,1153.58,1490
6446,"ARROYO PURROY, JAIME",2022→2023,2022,2023,62001,Apimix - Pienso completo - Apicultura,prod_perdido,174.44,null,-174.44,0.196,null,890,null
418,"MANUFACTURAS CEYLAN, S.L.",2022→2023,2022,2023,40260,Melaza de Caña,prod_perdido,9438.1,null,-9438.1,13.58,null,695,null
385,"BIOMIP BIOLOGICAL QUALITY, S.L.",2022→2023,2022,2023,62005,Mix Abejorros 68-30.4028 Pienso Completo - Apicult,prod_perdido,162730.94,null,-162730.94,195.4,null,832.81,null
527,"CARNICAS SERRANO, S.L.",2022→2023,2022,2023,40000,Azúcar Blanco EEC Nº 2,prod_perdido,1449,null,-1449,1.8,null,805,null
6748,"QUIMIND GREEN, LDA.",2022→2023,2022,2023,61200,Fosvitae 85%,vol_precio,12897.67,15901.82,3004.1499999999996,3.316,3.63,3889.53,4380.67
4383,"MANUFRI, S.L.",2022→2023,2022,2023,44131,Glucor 37/79,prod_perdido,3630.99,null,-3630.99,4.556,null,796.97,null
8389,"CASCALES SANCHEZ, JESUS MANUEL",2022→2023,2022,2023,44335,Azúcar Blanco BIO MP para piensos,prod_perdido,1012.5,null,-1012.5,0.675,null,1500,null
4642,"TORRALBA GUILLAMON, YOLANDA",2022→2023,2022,2023,40204,Azúcar BIO 600-1200 -ES-ECO-024-MU (Agric No EU),prod_perdido,40.2,null,-40.2,0.025,null,1608,null
5997,"ARTESANAS CASTILLO, S.C.",2022→2023,2022,2023,40000,Azúcar Blanco EEC Nº 2,prod_perdido,36.5,null,-36.5,0.05,null,730,null
7880,"DULCES EL AVION, S.A.",2022→2023,2022,2023,43000,Maltitol Liquido 75-5308,prod_perdido,1878,null,-1878,1.2,null,1565,null
2271,"ABELLAN BIOFOODS, S.L.",2022→2023,2022,2023,40204,Azúcar BIO 600-1200 -ES-ECO-024-MU (Agric No EU),prod_perdido,13992.2,null,-13992.2,9.4,null,1488.53,null
516,"PAIARROP, S.L.",2022→2023,2022,2023,40204,Azúcar BIO 600-1200 -ES-ECO-024-MU (Agric No EU),prod_perdido,1325,null,-1325,1,null,1325,null
5656,API WAYS SAS,2022→2023,2022,2023,44313,Apipasta Vitaminas 90% - Pienso para Apicultura,vol_precio,3351.6,2982,-369.5999999999999,3.15,2.1,1064,1420
1241,"ACEITES DEL SUR-COOSUR, S.A.",2022→2023,2022,2023,40030,Azucar azucarera trimestral,prod_perdido,28320,null,-28320,24,null,1180,null
8749,"ENVASATS BISAURA, S.L.",2022→2023,2022,2023,40103,Azúcar Moreno >2500i - Brown (Dry Dem BLZ),sin_actividad,0,null,0,0.001,null,0,null
1197,"GIMENO DONAT, JORGE",2022→2023,2022,2023,44313,Apipasta Vitaminas 90% - Pienso para Apicultura,volumen,930,906.75,-23.25,0.6,0.585,1550,1550
8344,"PA DE MEL, S.L.",2022→2023,2022,2023,62071,Mix Golden Jarabe Alto Color,sin_actividad,0,null,0,0.001,null,0,null
3225,"SURIVAN FEEL THE TASTE, S.L.",2022→2023,2022,2023,49054,Sucralosa,sin_actividad,0,null,0,0,null,null,null
769,"ANGEL CAMACHO ALIMENTACION, S.L.",2022→2023,2022,2023,40000,Azúcar Blanco EEC Nº 2,vol_precio,643162.24,406210,-236952.24,1260.08,359.4,510.41,1130.24
1437,"CEREALTO AGUILAR, S.L.",2022→2023,2022,2023,62150,Jarabe de Melaza de Caña,vol_precio,65359.02,58704.59,-6654.43,73.852,57.61,885,1019
259,"EUROGRANIZADOS, S.L.U.",2022→2023,2022,2023,60102,Azúcar PI 67-15,precio,417878.76,771075.94,353197.17999999993,895.1,879.22,466.85,877
884,"INTERNAC. DE COMERCIO Y DESTILERIAS J BORRAJO, S.A",2022→2023,2022,2023,40016,Azúcar Blanco EEC Nº 2,prod_perdido,61296,null,-61296,96,null,638.5,null
7176,"COLOMINA LOPEZ, SOFIA",2022→2023,2022,2023,44015,Fructor 10/77,prod_perdido,1968,null,-1968,1.2,null,1640,null
484,"PRODUCTOS LA PILARICA, S.A.",2022→2023,2022,2023,42001,Dextrosa C.Monohidrato Maiz Pallet Plast.  CHEP,prod_perdido,5950,null,-5950,7,null,850,null
5782,"MARCO RODRIGUEZ, GERMAN",2022→2023,2022,2023,44313,Apipasta Vitaminas 90% - Pienso para Apicultura,prod_perdido,870.75,null,-870.75,0.63,null,1382.14,null
2616,"SOLDADO GUILLEN, JOSE",2022→2023,2022,2023,62000,Mix Idoneo - Pienso Completo - Apicultura,prod_perdido,912,null,-912,1.2,null,760,null
4085,"ANDREU ZAMORA, VICENTE",2022→2023,2022,2023,62001,Apimix - Pienso completo - Apicultura,precio,936,1332,396,1.2,1.2,780,1110
5314,"PROFESSIONAL DAIRY PRODUCTS, S.L.",2022→2023,2022,2023,40016,Azúcar Blanco EEC Nº 2,prod_perdido,39967.8,null,-39967.8,45.94,null,870,null
2774,CODEMA COMERCIAL DE EMBALAJES Y AFINES S.CCOP.V,2022→2023,2022,2023,60010,Azúcar Liquida Neutra S.A.,sin_actividad,0,null,0,0,null,null,null
2057,"BACK EUROP ESPAÑA, S.L",2022→2023,2022,2023,62422,Fondant ES-R03 Sin Serigrafiar,prod_perdido,1254,null,-1254,1.32,null,950,null
7115,"RIVERBEND ESPAÑA, S.A",2022→2023,2022,2023,61211,Mixco Sweet 74-01.5050 REMOLACHA,sin_actividad,0,null,0,0.002,null,0,null
8971,"MASTER BUILDERS SOLUTIONS ESPAÑA, S.L.U.",2022→2023,2022,2023,40002,Azúcar Blanco EEC Nº 2 CAÑA,sin_actividad,0,null,0,0.001,null,0,null
1252,"APIGALOES, S.C.",2022→2023,2022,2023,62001,Apimix - Pienso completo - Apicultura,vol_precio,5526,2450,-3076,7.8,2.5,708.46,980
7721,"IMPORTACO FOOD SERVICE, S.L.",2022→2023,2022,2023,40000,Azúcar Blanco EEC Nº 2,prod_perdido,3496.5,null,-3496.5,6.3,null,555,null
5052,"GOMEZ HERRERA, JOSE MIGUEL",2022→2023,2022,2023,44315,Apipasta PLUS - Pienso para Apicultura,prod_perdido,235.62,null,-235.62,0.154,null,1530,null
2884,"JOAQUIN AYORA, S.A.",2022→2023,2022,2023,40000,Azúcar Blanco EEC Nº 2,prod_perdido,35939.7,null,-35939.7,48.6,null,739.5,null
8553,"NATURAL BEE SPAIN, S.L",2022→2023,2022,2023,62000,Mix Idoneo - Pienso Completo - Apicultura,prod_perdido,750,null,-750,1,null,750,null
3287,"DELAFRUIT, S.L.U",2022→2023,2022,2023,40000,Azúcar Blanco EEC Nº 2,prod_perdido,2592,null,-2592,2.7,null,960,null
1430,"BYC CHEMICAL, S.L.",2022→2023,2022,2023,42000,Dextrosa Cristal Monohidrato Maiz,vol_precio,28600,44560,15960,27.5,25.25,1040,1764.75
1098,"SANCHEZ TORMO, ENRIQUE",2022→2023,2022,2023,44313,Apipasta Vitaminas 90% - Pienso para Apicultura,prod_perdido,1186.5,null,-1186.5,1.05,null,1130,null
2427,"SENCHERNES SOLDADO, ISAAC RAMON",2022→2023,2022,2023,62001,Apimix - Pienso completo - Apicultura,prod_perdido,2112,null,-2112,2.4,null,880,null
566,"ALMACENES MIGUEZ 2005,S.L.",2022→2023,2022,2023,44315,Apipasta PLUS - Pienso para Apicultura,vol_precio,31987.2,48700.51,16713.31,18.48,25.536,1730.91,1907.13
1854,"ROYPAS BY NUTRIS, S.A.",2022→2023,2022,2023,40103,Azúcar Moreno >2500i - Brown (Dry Dem BLZ),sin_actividad,0,null,0,0.005,null,0,null
3225,"SURIVAN FEEL THE TASTE, S.L.",2022→2023,2022,2023,44015,Fructor 10/77,prod_perdido,1938,null,-1938,1.2,null,1615,null
8983,ABDELOUAHED JRNAIJ,2022→2023,2022,2023,44313,Apipasta Vitaminas 90% - Pienso para Apicultura,prod_perdido,121.5,null,-121.5,0.09,null,1350,null
4701,"BROCAL OBRADOR Y RESTAURACION, S.L.",2022→2023,2022,2023,40110,Azúcar Moreno Brown (Azucarera),prod_perdido,90,null,-90,0.075,null,1200,null
8837,"AMARITTA FOOD, S.L.",2022→2023,2022,2023,61200,Fosvitae 85%,sin_actividad,0,null,0,0.001,null,0,null
5691,"IDAI NATURE, S.L.",2022→2023,2022,2023,44015,Fructor 10/77,vol_precio,12171.6,7104,-5067.6,10.8,4.8,1127,1480
7755,SAS LA CHENERAIE,2022→2023,2022,2023,44310,Apipasta 90% - Pienso completo - Apicultura,vol_precio,62490,42664.5,-19825.5,54,29.7,1157.22,1436.52
2975,"ARTUKOLUKE, S.L.",2022→2023,2022,2023,42005,Dextrosa Cristal Monoh Trigo Cons Liquida (TER),prod_perdido,4700,null,-4700,5,null,940,null
2577,"IMPORTACO CASA PONS, S.A.U.",2022→2023,2022,2023,40350,Azúcar Granulado Extrafino,vol_precio,58440.33,50718.6,-7721.730000000003,57.475,34.2,1016.8,1483
3872,"EL DUO HARINERO, S.A.",2022→2023,2022,2023,60122,"Azúcar PI 73,5-67-C Sin Serigrafiar",prod_perdido,16768.64,null,-16768.64,15.008,null,1117.31,null
3855,"APIFERSA APICOLA, S.L.",2022→2023,2022,2023,44310,Apipasta 90% - Pienso completo - Apicultura,prod_perdido,10584,null,-10584,10.5,null,1008,null
506,"ACEITES LA CANAL, S.A.",2022→2023,2022,2023,40000,Azúcar Blanco EEC Nº 2,prod_perdido,58085.1,null,-58085.1,70.2,null,827.42,null
421,"JOSE GARCIA E HIJOS, S.L.",2022→2023,2022,2023,40000,Azúcar Blanco EEC Nº 2,vol_precio,78109.7,73085,-5024.699999999997,94.4,69.1,827.43,1057.67
7980,"AQUAPOOL CHEMICAL, S.L.",2022→2023,2022,2023,44015,Fructor 10/77,prod_perdido,19680,null,-19680,24.003,null,819.9,null
5644,HEALY VENTURES LTD.,2022→2023,2022,2023,62073,Cane Golden Syrup,vol_precio,24216.8,17376,-6840.799999999999,18.8,12,1288.13,1448
618,"BAYOGAR, S.L.",2022→2023,2022,2023,40330,Azúcar Perlado 2,sin_actividad,0,null,0,0.001,null,0,null
4212,"VALLEJO LOPEZ, JUAN LUIS",2022→2023,2022,2023,44313,Apipasta Vitaminas 90% - Pienso para Apicultura,sin_actividad,0,null,0,0.225,null,0,null
7395,VECO PHARMA SHPK,2022→2023,2022,2023,44313,Apipasta Vitaminas 90% - Pienso para Apicultura,vol_precio,25095,21315,-3780,22.05,14.7,1138.1,1450
4370,"BERMUDEZ GARCIA, MERCEDES",2022→2023,2022,2023,44313,Apipasta Vitaminas 90% - Pienso para Apicultura,prod_perdido,583.2,null,-583.2,0.54,null,1080,null
4704,"MIGUELA MIGUELA, FRANCISCO",2022→2023,2022,2023,62001,Apimix - Pienso completo - Apicultura,prod_perdido,154.56,null,-154.56,0.112,null,1380,null
8308,"CONSERVAS TORO LÓPEZ, S.L.",2022→2023,2022,2023,61222,Fosfruit,sin_actividad,0,null,0,0.001,null,0,null
1765,"CHOST, S.L",2022→2023,2022,2023,40000,Azúcar Blanco EEC Nº 2,prod_perdido,7776,null,-7776,10.8,null,720,null
8961,"LABORATORIOS VIÑAS, S.A.",2022→2023,2022,2023,61200,Fosvitae 85%,sin_actividad,0,null,0,0.001,null,0,null
3653,"BULEO MIEL, S.L.",2022→2023,2022,2023,44313,Apipasta Vitaminas 90% - Pienso para Apicultura,precio,1081.5,1543.5,462,1.05,1.05,1030,1470
8795,"ADISTAFARMA, S.L.",2022→2023,2022,2023,61229,Fosvitae Plus Polvo,sin_actividad,0,null,0,0.001,null,0,null
1023,"TORRONS VICENS, S.L.",2022→2023,2022,2023,61184,Mixco Sweet 74-44.1225,vol_precio,107769.08,101953.06,-5816.020000000004,143.56,72.98,750.69,1397
1854,"ROYPAS BY NUTRIS, S.A.",2022→2023,2022,2023,44120,Glucor 45/80,vol_precio,1091258.56,1241201.52,149942.95999999996,1952.162,1060.856,559,1170
459,"VIGARTO, S.L.U.",2022→2023,2022,2023,60000,Azúcar Líquida Neutra 67º,prod_perdido,3144,null,-3144,3.6,null,873.33,null
1041,"HERRERO ABARCA, JOSE MARIA",2022→2023,2022,2023,44313,Apipasta Vitaminas 90% - Pienso para Apicultura,vol_precio,3402,1627.5,-1774.5,3.15,1.05,1080,1550
517,"DUPAN, S.L.",2022→2023,2022,2023,40025,Azucar Azucarera Spot,prod_perdido,2430,null,-2430,1.8,null,1350,null
3362,"PEREZ IBAÑEZ, JUAN CARLOS",2022→2023,2022,2023,62001,Apimix - Pienso completo - Apicultura,prod_perdido,1314.32,null,-1314.32,1.288,null,1020.43,null
1854,"ROYPAS BY NUTRIS, S.A.",2022→2023,2022,2023,43100,Sorbitol Liquido 70% No cristalizable,volumen,4303.2,18952.01,14648.809999999998,2.4,10.57,1793,1793
3699,"GONZALEZ CARBALLAL, S.L.",2022→2023,2022,2023,62020,Mix Fructor Apicultor - Pienso completo - Apicult.,vol_precio,152962.04,59881.74,-93080.30000000002,236.045,65.33,648.02,916.6
2909,"MANIPULADOS DE CEBOLLAS Y DERIVADOS, S.L.",2022→2023,2022,2023,40110,Azúcar Moreno Brown (Azucarera),prod_perdido,7515,null,-7515,7.5,null,1002,null
7733,"SISU, C.B.",2022→2023,2022,2023,40203,Azúcar BIO 300-500 -ES-ECO-024-MU (Agric No EU),prod_perdido,160.8,null,-160.8,0.1,null,1608,null
6196,"APITIENDA SOLTAN, S.L.",2022→2023,2022,2023,44313,Apipasta Vitaminas 90% - Pienso para Apicultura,vol_precio,31245,29326.5,-1918.5,27.15,19.95,1150.83,1470
6468,"DULCES LA CARTUJA, S.L.",2022→2023,2022,2023,43052,Maltitol en Polvo Luijan 40 Mesh,prod_perdido,2400,null,-2400,1,null,2400,null
9047,"CUÉTARA, S.L.U.",2022→2023,2022,2023,61222,Fosfruit,sin_actividad,0,null,0,0.001,null,0,null
8836,"AGROCENTROS LEON, S.L.",2022→2023,2022,2023,44313,Apipasta Vitaminas 90% - Pienso para Apicultura,vol_precio,18217.5,56836.5,38619,15.75,38.85,1156.67,1462.97
1135,"ABRIL ABRIL, ALFONSO",2022→2023,2022,2023,62001,Apimix - Pienso completo - Apicultura,vol_precio,936,7992,7056,1.2,7.2,780,1110
282,"PRODUCTOS LOZANO, S.L.",2022→2023,2022,2023,61228,Fosvitae 95% Plus,sin_actividad,0,null,0,0.001,null,0,null
8924,"LOPEZ CARRILLO, FRANCISCO MANUEL",2022→2023,2022,2023,44313,Apipasta Vitaminas 90% - Pienso para Apicultura,vol_precio,16.2,46.5,30.3,0.015,0.03,1080,1550
4948,"DESCALZO SAHUQUILLO, DIONISIO",2022→2023,2022,2023,44313,Apipasta Vitaminas 90% - Pienso para Apicultura,prod_perdido,158.55,null,-158.55,0.105,null,1510,null
4487,"SANCHO ZOMEÑO, RAUL",2022→2023,2022,2023,62001,Apimix - Pienso completo - Apicultura,prod_perdido,174.44,null,-174.44,0.196,null,890,null
7980,"AQUAPOOL CHEMICAL, S.L.",2022→2023,2022,2023,62150,Jarabe de Melaza de Caña,sin_actividad,0,null,0,0.001,null,0,null
775,"NATRA CACAO,S.L.",2022→2023,2022,2023,40000,Azúcar Blanco EEC Nº 2,vol_precio,1188385.86,1238372.77,49986.909999999916,2281.964,1318.54,520.77,939.2
615,"PRODUCTOS DE VITICULTURA, S.A.",2022→2023,2022,2023,60105,"Azúcar PI 73,5-67",prod_perdido,30986.24,null,-30986.24,60.521,null,511.99,null
6338,CENTRO NAC. TECNOLOGIA Y SEGURIDAD ALIMENTARIA,2022→2023,2022,2023,61200,Fosvitae 85%,sin_actividad,0,null,0,0.005,null,0,null
559,"DULCES OLMEDO GARCIA, S.L.",2022→2023,2022,2023,65016,Azúcar en polvo LM Pallet PLT,vol_precio,106470,159759.75,53289.75,68.25,115.35,1560,1385
2081,"ZUMOS Y FRUTAS CONCENTRADOS, S.L.",2022→2023,2022,2023,64090,ATI 68º,prod_perdido,294972.98,null,-294972.98,405.74,null,727,null
2525,"COMERCIAL APICOLA ROSSEND MARGALEF, S.L.",2022→2023,2022,2023,44304,Azucar Polvo LS – Pienso completo – Apicultura,prod_perdido,31.5,null,-31.5,0.03,null,1050,null
4587,"CARMAX GLASS, S.L.",2022→2023,2022,2023,62000,Mix Idoneo - Pienso Completo - Apicultura,prod_perdido,3712.8,null,-3712.8,4.2,null,884,null
6453,"PRODUCTOS MEDITERRANEO BELCHI SALAS, S.L.",2022→2023,2022,2023,40203,Azúcar BIO 300-500 -ES-ECO-024-MU (Agric No EU),prod_perdido,241.2,null,-241.2,0.15,null,1608,null
6314,"LOPEZ AGUDO, PILAR",2022→2023,2022,2023,44314,Apipasta 90% - BIO - Pienso completo - Apicultura,prod_perdido,338.25,null,-338.25,0.15,null,2255,null
8247,"ALLJUICEMED, S.L.",2022→2023,2022,2023,40003,Azúcar Blanco EEC Nº 2 REMOLACHA,sin_actividad,0,null,0,0.01,null,0,null
542,"SDAD.ESPAÑOLA COLOR. NATURALES Y AFINES, S.A.U.",2022→2023,2022,2023,43000,Maltitol Liquido 75-5308,vol_precio,74805,65063.2,-9741.800000000003,47.64,49.12,1570.21,1324.58
3194,"DESTILERIAS RONIWESK, S.L.",2022→2023,2022,2023,60105,"Azúcar PI 73,5-67",sin_actividad,0,null,0,0.001,null,0,null
3111,"GOMEZ MARTIN, HUGO",2022→2023,2022,2023,44315,Apipasta PLUS - Pienso para Apicultura,vol_precio,11844,12432,588,7.56,6.72,1566.67,1850
6585,"GONZALEZ REVIRIEGO, OLMO",2022→2023,2022,2023,44314,Apipasta 90% - BIO - Pienso completo - Apicultura,prod_perdido,1183.88,null,-1183.88,0.525,null,2255.01,null
8179,"PALOMERO LOPEZ, ROMAN",2022→2023,2022,2023,44313,Apipasta Vitaminas 90% - Pienso para Apicultura,prod_perdido,226.8,null,-226.8,0.21,null,1080,null
8461,"ENVASADOS ESPECIALES VALDEMORO, S.L.",2022→2023,2022,2023,42005,Dextrosa Cristal Monoh Trigo Cons Liquida (TER),sin_actividad,0,null,0,0.875,null,0,null
4344,"GOMEZ TURPIN, EVA MARIA",2022→2023,2022,2023,40201,Azúcar Blanco BIO ES-ECO-024-MU Ag No UE,prod_perdido,75.8,null,-75.8,0.05,null,1516,null
2916,"SUC. DE MUÑOZ Y PUJANTE, S.L.",2022→2023,2022,2023,65005,Azúcar en polvo LS,prod_perdido,867.75,null,-867.75,0.975,null,890,null
502,"GRANOVITA, S.A.",2022→2023,2022,2023,40103,Azúcar Moreno >2500i - Brown (Dry Dem BLZ),sin_actividad,0,null,0,0.001,null,0,null
2674,"MUÑOZ GUILLEN, JUAN",2022→2023,2022,2023,62000,Mix Idoneo - Pienso Completo - Apicultura,prod_perdido,177.5,null,-177.5,0.25,null,710,null
6314,"LOPEZ AGUDO, PILAR",2022→2023,2022,2023,40201,Azúcar Blanco BIO ES-ECO-024-MU Ag No UE,prod_perdido,303.2,null,-303.2,0.2,null,1516,null
5528,"FERNANDEZ LOPEZ, ANTONIO",2022→2023,2022,2023,44313,Apipasta Vitaminas 90% - Pienso para Apicultura,vol_precio,45030,93182.85,48152.850000000006,38.7,64.35,1163.57,1448.06
2917,"CARAMEL FOOD, S.L.",2022→2023,2022,2023,60105,"Azúcar PI 73,5-67",prod_perdido,28.56,null,-28.56,0.028,null,1020,null
2073,"PLATOS TRADICIONALES, S.A",2022→2023,2022,2023,42001,Dextrosa C.Monohidrato Maiz Pallet Plast.  CHEP,vol_precio,9167.5,18962.5,9795,9.5,10.25,965,1850
3225,"SURIVAN FEEL THE TASTE, S.L.",2022→2023,2022,2023,41000,Fructosa MAIZ Cristal,vol_precio,1438,4625,3187,1,2.5,1438,1850
7133,VERSTEGEN SPICES & SAUCES,2022→2023,2022,2023,61228,Fosvitae 95% Plus,sin_actividad,0,null,0,0.002,null,0,null
4002,"ABB MJ FERNANDEZ ARANDA, S.L.",2022→2023,2022,2023,44310,Apipasta 90% - Pienso completo - Apicultura,prod_perdido,10111.5,null,-10111.5,7.35,null,1375.71,null
3699,"GONZALEZ CARBALLAL, S.L.",2022→2023,2022,2023,44314,Apipasta 90% - BIO - Pienso completo - Apicultura,vol_precio,58155.3,21827.4,-36327.9,30.45,10.5,1909.86,2078.8
1771,"EL CASERIO, S.A",2022→2023,2022,2023,43100,Sorbitol Liquido 70% No cristalizable,prod_perdido,2556,null,-2556,2.4,null,1065,null
8074,GAEC L’ABEILLE DU LECTOUROIS,2022→2023,2022,2023,44313,Apipasta Vitaminas 90% - Pienso para Apicultura,vol_precio,8937.6,13891.5,4953.9,8.4,9.45,1064,1470
2027,"DESTILERIAS AGUILAR, S.A.",2022→2023,2022,2023,60000,Azúcar Líquida Neutra 67º,prod_perdido,12749.31,null,-12749.31,14.057,null,906.97,null
1083,"COLLADO COLADO, ASUNCION",2022→2023,2022,2023,62001,Apimix - Pienso completo - Apicultura,vol_precio,562.5,1332,769.5,0.75,1.2,750,1110
172,"TRANSGALLEGO LOGISTIC, S.L.",2022→2023,2022,2023,40004,Azucar Blanco EEC Nº 2 CORREFINO,prod_perdido,64,null,-64,0.1,null,640,null
3294,"PUNTO GOFRE, S.L.",2022→2023,2022,2023,43100,Sorbitol Liquido 70% No cristalizable,vol_precio,30600,16032,-14568,27.6,9.6,1108.7,1670
5528,"FERNANDEZ LOPEZ, ANTONIO",2022→2023,2022,2023,44315,Apipasta PLUS - Pienso para Apicultura,prod_perdido,9004.8,null,-9004.8,5.88,null,1531.43,null
3966,"BODEGAS FERNANDO CASTRO, S.L.",2022→2023,2022,2023,40000,Azúcar Blanco EEC Nº 2,prod_perdido,15165,null,-15165,15.3,null,991.18,null
3375,"EUROCHOC, S.L.",2022→2023,2022,2023,61185,Mixco Sweet 70-93.0000,vol_precio,9088.8,17317.92,8229.119999999999,9.6,13.24,946.75,1308
2287,"RODRIGUEZ BLANCO, ASUNCION",2022→2023,2022,2023,62020,Mix Fructor Apicultor - Pienso completo - Apicult.,prod_perdido,495,null,-495,0.75,null,660,null
1631,"SALMERON SAN JUAN, SALVADOR",2022→2023,2022,2023,62001,Apimix - Pienso completo - Apicultura,prod_perdido,936,null,-936,1.2,null,780,null
4406,"BELMAR GRAU, JONATAN",2022→2023,2022,2023,62001,Apimix - Pienso completo - Apicultura,vol_precio,936,347.28,-588.72,1.2,0.306,780,1134.9
1661,"DELAVIUDA ALIMENTACION, S.A",2022→2023,2022,2023,43052,Maltitol en Polvo Luijan 40 Mesh,prod_perdido,10728,null,-10728,4.5,null,2384,null
7937,"ANTONIO Y PURI TORRES, S.L.",2022→2023,2022,2023,40030,Azucar azucarera trimestral,prod_perdido,14355.9,null,-14355.9,11.7,null,1227,null
198,"JOSE SANDOVAL, S.L.U.",2022→2023,2022,2023,43000,Maltitol Liquido 75-5308,vol_precio,4505,12868,8363,3.7,9,1217.57,1429.78
4383,"MANUFRI, S.L.",2022→2023,2022,2023,61212,Mixco Sweet 72-09.6427 B2 SB20,sin_actividad,0,0,0,0.002,0.014,0,0
3225,"SURIVAN FEEL THE TASTE, S.L.",2022→2023,2022,2023,61222,Fosfruit,sin_actividad,0,null,0,0.001,null,0,null
762,"VIOKOX, S.A",2022→2023,2022,2023,40113,Azúcar Moreno Brown C,sin_actividad,0,null,0,0.001,null,0,null
4501,"DE DIEGO ARRIBAS, JUAN JOSE",2022→2023,2022,2023,44313,Apipasta Vitaminas 90% - Pienso para Apicultura,prod_perdido,97.2,null,-97.2,0.09,null,1080,null
6816,BALMINA LTD.,2022→2023,2022,2023,44333,Apipasta 90% - Pienso completo – Apicul. BALMINA,prod_perdido,5334,null,-5334,5.25,null,1016,null
4566,"CONFETICAKES, S.L.",2022→2023,2022,2023,60114,"Azúcar PI 73,5-67-C",vol_precio,2083.2,3228,1144.8000000000002,1.68,2.4,1240,1345
1908,"JAKE, S.A.",2022→2023,2022,2023,40000,Azúcar Blanco EEC Nº 2,prod_perdido,842480,null,-842480,1374.4,null,612.98,null
4031,"ESPECIALITATS M. MASDEU, S.L.",2022→2023,2022,2023,61228,Fosvitae 95% Plus,vol_precio,10440,48928.5,38488.5,4.8,11.41,2175,4288.21
192,"AZUCREN, S.L.",2022→2023,2022,2023,60122,"Azúcar PI 73,5-67-C Sin Serigrafiar",prod_perdido,1816.5,null,-1816.5,1.75,null,1038,null
6249,"ANIA BOTANICALS, S.L.",2022→2023,2022,2023,41000,Fructosa MAIZ Cristal,vol_precio,3537.5,2112.5,-1425,2.5,1.25,1415,1690
4463,"ACEDOS CAMPOS, PABLO",2022→2023,2022,2023,62001,Apimix - Pienso completo - Apicultura,prod_perdido,950,null,-950,1,null,950,null
1149,"UNION GENIL, S.C.A",2022→2023,2022,2023,40000,Azúcar Blanco EEC Nº 2,prod_perdido,98996.4,null,-98996.4,192.6,null,514,null
3200,"PEINADO HERNANDEZ, EDUARDO",2022→2023,2022,2023,40000,Azúcar Blanco EEC Nº 2,prod_perdido,2145,null,-2145,3.3,null,650,null
8934,"BEHONEY, SDAD COOP",2022→2023,2022,2023,44315,Apipasta PLUS - Pienso para Apicultura,prod_perdido,590.8,null,-590.8,0.322,null,1834.78,null
4561,"AGRICOM, S.R.L.",2022→2023,2022,2023,44310,Apipasta 90% - Pienso completo - Apicultura,vol_precio,230393.28,156396.9,-73996.38,207.615,112.8,1109.71,1386.5
7233,"GARCIA PALAZON, TEODORO",2022→2023,2022,2023,62001,Apimix - Pienso completo - Apicultura,vol_precio,187.5,540,352.5,0.25,0.5,750,1080
396,"AGROTRANSFORMADOS, S.A.",2022→2023,2022,2023,61220,Mixco Sweet 65-00.5050,precio,303189.28,388962.28,85773,364.3,362.12,832.25,1074.13
8050,"VEGA BONILLA, SERGIO",2022→2023,2022,2023,44313,Apipasta Vitaminas 90% - Pienso para Apicultura,prod_perdido,16.2,null,-16.2,0.015,null,1080,null
21,BRITISH SUGAR PLC,2022→2023,2022,2023,44310,Apipasta 90% - Pienso completo - Apicultura,sin_actividad,0,null,0,0.004,null,0,null
7185,"ILE AGROCENTRO LEON, S.L.",2022→2023,2022,2023,62001,Apimix - Pienso completo - Apicultura,prod_perdido,3462.76,null,-3462.76,4.172,null,830,null
1633,"NAVARRO SALA, JUSTO JAVIER",2022→2023,2022,2023,62000,Mix Idoneo - Pienso Completo - Apicultura,prod_perdido,1188,null,-1188,1.2,null,990,null
3090,"JOSE LUIS SUPERVIA, S.L.",2022→2023,2022,2023,40110,Azúcar Moreno Brown (Azucarera),prod_perdido,1125,null,-1125,0.9,null,1250,null
419,"DISTRIBUCIONES JAIME SARRION, S.L.",2022→2023,2022,2023,40000,Azúcar Blanco EEC Nº 2,prod_perdido,375,null,-375,0.5,null,750,null
523,"CORALIM INGREDIENTS, S.L.",2022→2023,2022,2023,41000,Fructosa MAIZ Cristal,vol_precio,203.7,370,166.3,0.15,0.2,1358,1850
7558,HARINAS CASTILLA LA MANCHA S.L,2022→2023,2022,2023,40000,Azúcar Blanco EEC Nº 2,volumen,133056,213136,80080,118.8,190.3,1120,1120
7757,"ESCRICHE ARCUSA, ANTONIO",2022→2023,2022,2023,44313,Apipasta Vitaminas 90% - Pienso para Apicultura,prod_perdido,93,null,-93,0.06,null,1550,null
577,"FARTONS POLO, S.L.",2022→2023,2022,2023,40000,Azúcar Blanco EEC Nº 2,vol_precio,204333.1,86144.3,-118188.8,289.6,78.1,705.57,1103
3294,"PUNTO GOFRE, S.L.",2022→2023,2022,2023,60105,"Azúcar PI 73,5-67",prod_perdido,29439.72,null,-29439.72,27.629,null,1065.54,null
1437,"CEREALTO AGUILAR, S.L.",2022→2023,2022,2023,65020,Azúcar en polvo SG - LM Micronizada,prod_perdido,17698.77,null,-17698.77,16.679,null,1061.14,null
484,"PRODUCTOS LA PILARICA, S.A.",2022→2023,2022,2023,42000,Dextrosa Cristal Monohidrato Maiz,vol_precio,96602.5,128936.63,32334.130000000005,113.65,83.725,850,1540
1202,"APIGLASS ENVAS. Y MAT. APICOLA, S.L.",2022→2023,2022,2023,44315,Apipasta PLUS - Pienso para Apicultura,vol_precio,8785.55,3427.2,-5358.349999999999,6.059,1.68,1450,2040
3868,"EMPURIA GEL, S.L.",2022→2023,2022,2023,60105,"Azúcar PI 73,5-67",precio,7436.4,11466,4029.6000000000004,8.4,8.4,885.29,1365
1,"ZUKAN, S.L.U.",2022→2023,2022,2023,44327,APIPASTA NUEVAS VITAMINAS,sin_actividad,0,null,0,0.182,null,0,null
3375,"EUROCHOC, S.L.",2022→2023,2022,2023,43052,Maltitol en Polvo Luijan 40 Mesh,prod_perdido,9945,-1466.25,-11411.25,3.9,-0.575,2550,2550
8507,PSIQUIS INNOVA S.L.N.E.,2022→2023,2022,2023,61229,Fosvitae Plus Polvo,sin_actividad,0,null,0,0.001,null,0,null
1528,"JUAN Y JUAN INDUSTRIAL, S.L.U.",2022→2023,2022,2023,61228,Fosvitae 95% Plus,sin_actividad,0,null,0,0.001,null,0,null
200,MARIN GIMENEZ HNOS. S.A.,2022→2023,2022,2023,99950,Producto de Pruebas Líquido - 1,sin_actividad,0,null,0,0.003,null,0,null
8999,"VIRAVELO, S.L.",2022→2023,2022,2023,61197,Mixco Sweet Plus 82-05.5041,prod_perdido,38549.28,null,-38549.28,23.84,null,1617,null
3156,"FINI GOLOSINAS ESPAÑA, S.L.U.",2022→2023,2022,2023,62400,Fondant ES-R01,sin_actividad,0,null,0,0.001,null,0,null
3805,"MONTEJANO NAVARRO, MARIA DEL CARMEN",2022→2023,2022,2023,44313,Apipasta Vitaminas 90% - Pienso para Apicultura,prod_perdido,437.4,null,-437.4,0.405,null,1080,null
4701,"BROCAL OBRADOR Y RESTAURACION, S.L.",2022→2023,2022,2023,40000,Azúcar Blanco EEC Nº 2,prod_perdido,17582,null,-17582,25.19,null,697.98,null
430,"MONZO LUIS, S.L.",2022→2023,2022,2023,40001,Azúcar Blanco 150 ICUMSA,prod_perdido,6120,null,-6120,7.2,null,850,null
7169,"MASTRIGO BIO GOURMET, S.L.",2022→2023,2022,2023,40000,Azúcar Blanco EEC Nº 2,prod_perdido,3604,null,-3604,4.9,null,735.51,null
478,"MORENO RUIZ HERMANOS, S.L.",2022→2023,2022,2023,61229,Fosvitae Plus Polvo,sin_actividad,0,null,0,0.001,null,0,null
433,"SANCHIS MIRA, S.A.",2022→2023,2022,2023,61222,Fosfruit,prod_perdido,31761.17,null,-31761.17,12.263,null,2590,null
4894,"GONZALEZ TORRALBA, VICENTE",2022→2023,2022,2023,44313,Apipasta Vitaminas 90% - Pienso para Apicultura,prod_perdido,324,null,-324,0.3,null,1080,null
6849,"GARCIA HERRADA, PEDRO PABLO",2022→2023,2022,2023,44313,Apipasta Vitaminas 90% - Pienso para Apicultura,prod_perdido,1134,null,-1134,1.05,null,1080,null
1987,"GOMEZ MURRIA, RAFAEL",2022→2023,2022,2023,44313,Apipasta Vitaminas 90% - Pienso para Apicultura,vol_precio,1944,1976.25,32.25,1.8,1.275,1080,1550
8639,ADS APICOLA UPA GUADALAJARA,2022→2023,2022,2023,62000,Mix Idoneo - Pienso Completo - Apicultura,prod_perdido,7584,null,-7584,9.6,null,790,null
3225,"SURIVAN FEEL THE TASTE, S.L.",2022→2023,2022,2023,61228,Fosvitae 95% Plus,sin_actividad,0,null,0,0.001,null,0,null
6621,"SILVESTRE ZAMORA, ANTONIO",2022→2023,2022,2023,44313,Apipasta Vitaminas 90% - Pienso para Apicultura,prod_perdido,48.6,null,-48.6,0.045,null,1080,null
481,"EL CATETO, S.L.",2022→2023,2022,2023,40350,Azúcar Granulado Extrafino,vol_precio,33561,18432,-15129,37.8,14.4,887.86,1280
1931,"PEREZ DOMENECH, ROSARIO",2022→2023,2022,2023,44315,Apipasta PLUS - Pienso para Apicultura,prod_perdido,966,null,-966,0.42,null,2300,null
430,"MONZO LUIS, S.L.",2022→2023,2022,2023,43100,Sorbitol Liquido 70% No cristalizable,prod_perdido,9691.5,null,-9691.5,9.231,null,1049.89,null
7556,"DESTILACIONES BORDAS CHINCHURRETA, S.A.",2022→2023,2022,2023,61229,Fosvitae Plus Polvo,sin_actividad,0,null,0,0.001,null,0,null
8720,"NUTRAPROCES 2000, S.L.",2022→2023,2022,2023,61228,Fosvitae 95% Plus,sin_actividad,0,null,0,0.001,null,0,null
5501,"CALIDAD PASCUAL, S.A.",2022→2023,2022,2023,61229,Fosvitae Plus Polvo,sin_actividad,0,null,0,0.001,null,0,null
197,"J. GARCIA CARRION, S.A.",2022→2023,2022,2023,61200,Fosvitae 85%,sin_actividad,0,null,0,0.001,null,0,null
7481,"COMERCIAL AGROALIMENTARIA, S.L.",2022→2023,2022,2023,40201,Azúcar Blanco BIO ES-ECO-024-MU Ag No UE,prod_perdido,5281.25,null,-5281.25,4.225,null,1250,null
4944,"HERRERO LUIS, OSCAR",2022→2023,2022,2023,62001,Apimix - Pienso completo - Apicultura,prod_perdido,936,null,-936,1.2,null,780,null
237,"DULCES SANTA CRUZ, S.L.",2022→2023,2022,2023,43100,Sorbitol Liquido 70% No cristalizable,vol_precio,7213.92,5288.4,-1925.5200000000004,6.384,3.12,1130,1695
8085,"ALCALDE PALOMAR, LUIS",2022→2023,2022,2023,44313,Apipasta Vitaminas 90% - Pienso para Apicultura,prod_perdido,648,null,-648,0.6,null,1080,null
5729,"MARTINEZ FERNANDEZ, FRANCISCO JAVIER",2022→2023,2022,2023,62001,Apimix - Pienso completo - Apicultura,prod_perdido,19.32,null,-19.32,0.014,null,1380,null
7506,"MONTALBAN CORONADO, FRANCISCO",2022→2023,2022,2023,44313,Apipasta Vitaminas 90% - Pienso para Apicultura,volumen,279,46.5,-232.5,0.18,0.03,1550,1550
6336,"AGRICOLA RODENAS DALMAU, S.L.",2022→2023,2022,2023,44315,Apipasta PLUS - Pienso para Apicultura,prod_perdido,665.84,null,-665.84,0.406,null,1640,null
8837,"AMARITTA FOOD, S.L.",2022→2023,2022,2023,61228,Fosvitae 95% Plus,sin_actividad,0,null,0,0.001,null,0,null
3854,"ESBERGHEL DISTRIBUCIONES, S.L.",2022→2023,2022,2023,60114,"Azúcar PI 73,5-67-C",prod_perdido,5.25,null,-5.25,0.007,null,750,null
5314,"PROFESSIONAL DAIRY PRODUCTS, S.L.",2022→2023,2022,2023,40000,Azúcar Blanco EEC Nº 2,prod_perdido,14434.2,null,-14434.2,24.3,null,594,null
303,"J.R. SABATER, S.A.",2022→2023,2022,2023,42005,Dextrosa Cristal Monoh Trigo Cons Liquida (TER),prod_perdido,1105,null,-1105,1.25,null,884,null
5376,"SILVESTRE GOMEZ, JOSE",2022→2023,2022,2023,44315,Apipasta PLUS - Pienso para Apicultura,prod_perdido,1499.4,null,-1499.4,0.98,null,1530,null
9048,KALLAS CYPRUS LTD,2022→2023,2022,2023,44310,Apipasta 90% - Pienso completo - Apicultura,sin_actividad,0,null,0,0.003,null,0,null
6048,"BLENDAMA, S.L.",2022→2023,2022,2023,40025,Azucar Azucarera Spot,vol_precio,1204.2,1160.19,-44.00999999999999,0.9,0.8,1338,1450.24
523,"CORALIM INGREDIENTS, S.L.",2022→2023,2022,2023,60114,"Azúcar PI 73,5-67-C",prod_perdido,56.35,null,-56.35,0.049,null,1150,null
4002,"ABB MJ FERNANDEZ ARANDA, S.L.",2022→2023,2022,2023,40000,Azúcar Blanco EEC Nº 2,vol_precio,731422.45,178869.7,-552552.75,898.4,164,814.14,1090.67
432,"CHOCOLATES ALGARRA, S.L.",2022→2023,2022,2023,40000,Azúcar Blanco EEC Nº 2,vol_precio,175715.04,37554,-138161.04,248.88,33,706.02,1138
2975,"ARTUKOLUKE, S.L.",2022→2023,2022,2023,44015,Fructor 10/77,vol_precio,18224.8,5220,-13004.8,23.98,3.6,760,1450
3705,"APICOLA JUNEDENCA, S.L.",2022→2023,2022,2023,44313,Apipasta Vitaminas 90% - Pienso para Apicultura,vol_precio,14442,7717.5,-6724.5,13.14,5.25,1099.09,1470
4002,"ABB MJ FERNANDEZ ARANDA, S.L.",2022→2023,2022,2023,40010,Azúcar Blanco EEC Nº 1,prod_perdido,7976.63,null,-7976.63,6.675,null,1195,null
5341,"HUMICOS Y DERIVADOS, S.L.",2022→2023,2022,2023,60001,Azúcar Líquida Neutra 67º - C,vol_precio,15784.1,6570,-9214.1,16.981,6,929.52,1095
6036,SARL API-BOURGOGNE,2022→2023,2022,2023,44313,Apipasta Vitaminas 90% - Pienso para Apicultura,vol_precio,61509,14512.5,-46996.5,54.15,9.75,1135.9,1488.46
1202,"APIGLASS ENVAS. Y MAT. APICOLA, S.L.",2022→2023,2022,2023,62000,Mix Idoneo - Pienso Completo - Apicultura,prod_perdido,4308,null,-4308,6,null,718,null
8320,"AGAMA MANACOR 249, S.L.",2022→2023,2022,2023,40016,Azúcar Blanco EEC Nº 2,vol_precio,38340,19213.1,-19126.9,60,22.9,639,839
2287,"RODRIGUEZ BLANCO, ASUNCION",2022→2023,2022,2023,44301,Azucar Blanco – Materia Prima para Piensos,prod_perdido,109.5,null,-109.5,0.15,null,730,null
2469,"MUNDO BARQUILLO, S.L.",2022→2023,2022,2023,40024,Azúcar blanco EEC nº3 - 70 ICUMSA,prod_perdido,15980,null,-15980,23.5,null,680,null
5176,"MORAN ROMERO, DAVID",2022→2023,2022,2023,62001,Apimix - Pienso completo - Apicultura,prod_perdido,311.5,null,-311.5,0.35,null,890,null
502,"GRANOVITA, S.A.",2022→2023,2022,2023,40204,Azúcar BIO 600-1200 -ES-ECO-024-MU (Agric No EU),sin_actividad,0,null,0,0.001,null,0,null
8215,JOAN VIÑAS SCP,2022→2023,2022,2023,44314,Apipasta 90% - BIO - Pienso completo - Apicultura,prod_perdido,301.5,null,-301.5,0.15,null,2010,null
2958,"RODRIGUEZ BERJAGA, ANGEL",2022→2023,2022,2023,62001,Apimix - Pienso completo - Apicultura,prod_perdido,6650,null,-6650,7,null,950,null
7171,"QUIRANTE FRUITS, S.L.",2022→2023,2022,2023,60250,Compotienz-2106,vol_precio,1370436.4,3410939.72,2040503.3200000003,1717.5,3117.4,797.93,1094.16
3699,"GONZALEZ CARBALLAL, S.L.",2022→2023,2022,2023,44313,Apipasta Vitaminas 90% - Pienso para Apicultura,precio,273294,375367.8,102073.79999999999,262.5,266.7,1041.12,1407.45
7185,"ILE AGROCENTRO LEON, S.L.",2022→2023,2022,2023,44313,Apipasta Vitaminas 90% - Pienso para Apicultura,vol_precio,86917.5,29158.5,-57759,84.45,19.95,1029.22,1461.58
8734,"VMPS AGUAS E TURISMO, S.A",2022→2023,2022,2023,44092,Fructor 100/69,vol_precio,275216.99,541821.61,266604.62,281.696,319.094,977,1698
3461,"GONZALEZ PARDO, JOSE MIGUEL",2022→2023,2022,2023,44315,Apipasta PLUS - Pienso para Apicultura,prod_perdido,95.76,null,-95.76,0.042,null,2280,null
9115,"GAMONOSO CABALLERO, MANUELA",2022→2023,2022,2023,44335,Azúcar Blanco BIO MP para piensos,prod_perdido,118.5,null,-118.5,0.075,null,1580,null
3187,"AZELIS ESPAÑA, S.A.",2022→2023,2022,2023,60114,"Azúcar PI 73,5-67-C",prod_perdido,764.4,null,-764.4,0.98,null,780,null
574,"AZUCAR LUTOR, S.C.A.",2022→2023,2022,2023,40000,Azúcar Blanco EEC Nº 2,prod_perdido,35100,null,-35100,46.8,null,750,null
458,"CASTY, S.A.",2022→2023,2022,2023,41006,Fructosa MAIZ Cristal Granulada Pallet Plast. CHEP,vol_precio,15551.25,13825,-1726.25,16.25,7,957,1975
609,"ALBORCHATA,S.L.",2022→2023,2022,2023,40016,Azúcar Blanco EEC Nº 2,vol_precio,6890,9576,2686,13,8,530,1197
5128,"FERTILIZANTES Y NUTRIENTES ECOLOGICOS, S.L.",2022→2023,2022,2023,42000,Dextrosa Cristal Monohidrato Maiz,vol_precio,3925,2300,-1625,2.5,1.25,1570,1840
2081,"ZUMOS Y FRUTAS CONCENTRADOS, S.L.",2022→2023,2022,2023,61272,Mixco Sweet 72-00.5050 RC,volumen,188030.08,134638.56,-53391.51999999999,176.72,126.54,1064,1064
985,GIPUZKOAKO ERLEZAIN ELKARTEA,2022→2023,2022,2023,62000,Mix Idoneo - Pienso Completo - Apicultura,prod_perdido,4032,null,-4032,4.2,null,960,null
8344,"PA DE MEL, S.L.",2022→2023,2022,2023,40260,Melaza de Caña,sin_actividad,0,null,0,0.001,null,0,null
7732,"MATEOS MUÑOZ, JUAN LUIS",2022→2023,2022,2023,40201,Azúcar Blanco BIO ES-ECO-024-MU Ag No UE,prod_perdido,1516,null,-1516,1,null,1516,null
7937,"ANTONIO Y PURI TORRES, S.L.",2022→2023,2022,2023,40000,Azúcar Blanco EEC Nº 2,prod_perdido,22743,null,-22743,25.2,null,902.5,null
4406,"BELMAR GRAU, JONATAN",2022→2023,2022,2023,44310,Apipasta 90% - Pienso completo - Apicultura,prod_perdido,99,null,-99,0.075,null,1320,null
1,"ZUKAN, S.L.U.",2022→2023,2022,2023,44310,Apipasta 90% - Pienso completo - Apicultura,sin_actividad,0,null,0,0.202,null,0,null
1,"ZUKAN, S.L.U.",2022→2023,2022,2023,44313,Apipasta Vitaminas 90% - Pienso para Apicultura,sin_actividad,0,null,0,0.392,null,0,null
8852,ALMAYYA GROUP LLC,2022→2023,2022,2023,62001,Apimix - Pienso completo - Apicultura,sin_actividad,0,null,0,0,null,null,null
3144,"DALLANT, S.A.",2022→2023,2022,2023,60131,Azucar PI 77-50,sin_actividad,0,null,0,0.01,null,0,null
2917,"CARAMEL FOOD, S.L.",2022→2023,2022,2023,40000,Azúcar Blanco EEC Nº 2,prod_perdido,164.25,null,-164.25,0.225,null,730,null
2655,"GOMEZ MOYA, JESUS",2022→2023,2022,2023,65005,Azúcar en polvo LS,vol_precio,165.15,122.58,-42.57000000000001,0.15,0.09,1101,1362
2057,"BACK EUROP ESPAÑA, S.L",2022→2023,2022,2023,40110,Azúcar Moreno Brown (Azucarera),prod_perdido,667.5,null,-667.5,0.75,null,890,null
6446,"ARROYO PURROY, JAIME",2022→2023,2022,2023,44313,Apipasta Vitaminas 90% - Pienso para Apicultura,prod_perdido,567,null,-567,0.525,null,1080,null
1791,"AROMAS CITRICS VALENCIANS, S.L.",2022→2023,2022,2023,60114,"Azúcar PI 73,5-67-C",prod_perdido,436.8,null,-436.8,0.364,null,1200,null
200,MARIN GIMENEZ HNOS. S.A.,2022→2023,2022,2023,44090,Fructor 100/75,sin_actividad,0,null,0,0.001,null,0,null
450,"LA FLOR BURGALESA, S.L.",2022→2023,2022,2023,99950,Producto de Pruebas Líquido - 1,sin_actividad,0,null,0,0.001,null,0,null
3924,"GRAS LOPEZ, MIGUEL",2022→2023,2022,2023,44313,Apipasta Vitaminas 90% - Pienso para Apicultura,prod_perdido,32.4,null,-32.4,0.03,null,1080,null
3002,"BENITO SANCHEZ, JOSE",2022→2023,2022,2023,44313,Apipasta Vitaminas 90% - Pienso para Apicultura,prod_perdido,324,null,-324,0.3,null,1080,null
5710,"BEACHOGA DHUN NA NGALL; DONEGAL BEES, LTD.",2022→2023,2022,2023,44310,Apipasta 90% - Pienso completo - Apicultura,vol_precio,17018.4,14763,-2255.4000000000015,16.8,10.5,1013,1406
3111,"GOMEZ MARTIN, HUGO",2022→2023,2022,2023,44313,Apipasta Vitaminas 90% - Pienso para Apicultura,vol_precio,99949.5,93249,-6700.5,77.85,64.2,1283.87,1452.48
400,"ASOCIACION IND. ALICANTINA DEL HELADO, S.A.",2022→2023,2022,2023,61222,Fosfruit,sin_actividad,0,null,0,0.001,null,0,null
3863,"LA TRADICION M&T, S.L.",2022→2023,2022,2023,41000,Fructosa MAIZ Cristal,vol_precio,5453.5,9300,3846.5,5.5,5,991.55,1860
4383,"MANUFRI, S.L.",2022→2023,2022,2023,60208,Azúcar TIEN 72.100 - CAÑA,prod_perdido,290909.73,null,-290909.73,492.293,null,590.93,null
3641,"LUCAS MATEO, ENRIQUE",2022→2023,2022,2023,44313,Apipasta Vitaminas 90% - Pienso para Apicultura,vol_precio,1011.75,1255.5,243.75,0.705,0.81,1435.11,1550
4738,"KATIGRES, S.L.",2022→2023,2022,2023,43100,Sorbitol Liquido 70% No cristalizable,prod_perdido,4476,null,-4476,3.6,null,1243.33,null
455,"EMILIO PEÑA, S.A.",2022→2023,2022,2023,40000,Azúcar Blanco EEC Nº 2,prod_perdido,1540,null,-1540,2,null,770,null
481,"EL CATETO, S.L.",2022→2023,2022,2023,40024,Azúcar blanco EEC nº3 - 70 ICUMSA,prod_perdido,15984,null,-15984,21.6,null,740,null
7326,"ACTIVA FOOD TECH, S.A.",2022→2023,2022,2023,40111,Azúcar Moreno Brown (Alvean),sin_actividad,-2490.75,null,2490.75,-3.075,null,810,null
8982,"HURTADO VALERO, ANTONIO",2022→2023,2022,2023,44313,Apipasta Vitaminas 90% - Pienso para Apicultura,prod_perdido,810,null,-810,0.6,null,1350,null
1545,"VICENTE FRIAS, PEDRO ",2022→2023,2022,2023,40025,Azucar Azucarera Spot,prod_perdido,33.45,null,-33.45,0.025,null,1338,null
2570,"NATRA OÑATI, S.A.",2022→2023,2022,2023,44111,Glucor 60/82,prod_perdido,167282.94,null,-167282.94,296.076,null,565,null
8247,"ALLJUICEMED, S.L.",2022→2023,2022,2023,61275,BASE NEUTRA 550463,prod_perdido,149808.35,null,-149808.35,167.17,null,896.14,null
9120,"REAL JUAN, JUAN MIGUEL",2022→2023,2022,2023,44315,Apipasta PLUS - Pienso para Apicultura,prod_perdido,63.84,null,-63.84,0.028,null,2280,null
5881,"FRUTAS COLOMINA, S.L.",2022→2023,2022,2023,44015,Fructor 10/77,prod_perdido,1968,null,-1968,1.2,null,1640,null
7592,"CASTILLO CATALÁN, EUGENIO",2022→2023,2022,2023,62001,Apimix - Pienso completo - Apicultura,prod_perdido,502.32,null,-502.32,0.364,null,1380,null
4852,"ABELLAIRES EMPORDANESOS, S.A.T.",2022→2023,2022,2023,44335,Azúcar Blanco BIO MP para piensos,vol_precio,420,300,-120,0.3,0.2,1400,1500
4167,"HUELAMO JURADO, MARCOS",2022→2023,2022,2023,62001,Apimix - Pienso completo - Apicultura,prod_perdido,87.22,null,-87.22,0.098,null,890,null
7867,"SINBLAT ALIMENTACION SALUDABLE, S.L.",2022→2023,2022,2023,44015,Fructor 10/77,vol_precio,1428,23694,22266,1.2,16.8,1190,1410.36
1646,"NAVARRO SALA, JOSE",2022→2023,2022,2023,40025,Azucar Azucarera Spot,prod_perdido,669,null,-669,0.5,null,1338,null
346,"PANARRO FOODS, S.L.",2022→2023,2022,2023,61170,Mix Maltitol Sorbitol MS 74-8020,vol_precio,18070,44970.6,26900.6,12.04,26.448,1500.83,1700.34
8484,LA CASA DE LA MIEL ALBACETE S.L.,2022→2023,2022,2023,44313,Apipasta Vitaminas 90% - Pienso para Apicultura,prod_perdido,1134,null,-1134,1.05,null,1080,null
2392,"COATO, S.C.L.",2022→2023,2022,2023,40203,Azúcar BIO 300-500 -ES-ECO-024-MU (Agric No EU),vol_precio,153.8,67.9,-85.9,0.1,0.05,1538,1358
4761,"AYORA PORCAR, NESTOR",2022→2023,2022,2023,44301,Azucar Blanco – Materia Prima para Piensos,prod_perdido,3942,null,-3942,5.4,null,730,null
7714,"MASIA EL CARMEN, S.L.",2022→2023,2022,2023,60123,"Azúcar PI 73,5-67 - BIO",vol_precio,16424.4,7398.7,-9025.7,12.582,4.82,1305.39,1535
7541,"SANCHEZ LORBADA, S.L.",2022→2023,2022,2023,44015,Fructor 10/77,vol_precio,80525.06,9138,-71387.06,104.578,6,770,1523
1557,"APICOLA PERPIÑAN GRAU, SAT",2022→2023,2022,2023,44315,Apipasta PLUS - Pienso para Apicultura,prod_perdido,2923.2,null,-2923.2,2.016,null,1450,null
536,"S.H.S., S.L.",2022→2023,2022,2023,40000,Azúcar Blanco EEC Nº 2,prod_perdido,15367,null,-15367,24.2,null,635,null
5468,"SAIZ PRIETO, JOSE ELIAS",2022→2023,2022,2023,44315,Apipasta PLUS - Pienso para Apicultura,prod_perdido,177.52,null,-177.52,0.168,null,1056.67,null
2832,DULCES LA ABUELA COOP VNA,2022→2023,2022,2023,62401,Fondant ES-R02,vol_precio,14629.47,22896,8266.53,12.015,14.4,1217.6,1590
2473,"TORRE ORIA, S.L.U.",2022→2023,2022,2023,40016,Azúcar Blanco EEC Nº 2,vol_precio,123433.92,55084,-68349.92,136.04,47,907.34,1172
1649,"BLASCO APARICIO, SANDRA",2022→2023,2022,2023,62000,Mix Idoneo - Pienso Completo - Apicultura,prod_perdido,912,null,-912,1.2,null,760,null
436,"TURRONES JOSE GARRIGOS, S.A.",2022→2023,2022,2023,44120,Glucor 45/80,vol_precio,4620,3336,-1284,6,2.4,770,1390
472,"CEREALTO VB6, S.L.",2022→2023,2022,2023,65016,Azúcar en polvo LM Pallet PLT,vol_precio,21902.4,22460.4,558,26.325,16.515,832,1360
450,"LA FLOR BURGALESA, S.L.",2022→2023,2022,2023,41000,Fructosa MAIZ Cristal,sin_actividad,0,null,0,0.001,null,0,null
8900,"GAMIR PLANELLS, JOSE MARIA",2022→2023,2022,2023,44310,Apipasta 90% - Pienso completo - Apicultura,prod_perdido,63,null,-63,0.06,null,1050,null
8509,"BIO CONTROL DEL MEDITERRÁNEO, S.L",2022→2023,2022,2023,62001,Apimix - Pienso completo - Apicultura,prod_perdido,36.54,null,-36.54,0.042,null,870,null
576,"VIUDA PIFARRE Y COMPAÑIA, S.L.",2022→2023,2022,2023,44111,Glucor 60/82,sin_actividad,0,null,0,0.002,null,0,null
6768,"ARGENTE SORIANO, JAVIER",2022→2023,2022,2023,44315,Apipasta PLUS - Pienso para Apicultura,prod_perdido,171.36,null,-171.36,0.112,null,1530,null
8247,"ALLJUICEMED, S.L.",2022→2023,2022,2023,61264,Mixco Sweet 65-00.5050 RC COFI,prod_perdido,558739,null,-558739,657.34,null,850,null
499,"MELS CARLET, S.L.",2022→2023,2022,2023,44015,Fructor 10/77,vol_precio,49638.96,14543.36,-35095.6,63.996,11.776,775.66,1235
580,"INDUSTRIAS VIDECA, S.A.",2022→2023,2022,2023,40003,Azúcar Blanco EEC Nº 2 REMOLACHA,prod_perdido,383071.8,null,-383071.8,753.3,null,508.52,null
8890,"AGROTAN NATURA, S.L.",2022→2023,2022,2023,40260,Melaza de Caña,prod_perdido,78.4,null,-78.4,0.08,null,980,null
2751,"INIESTA GARCIA, MARIA DOLORES",2022→2023,2022,2023,43000,Maltitol Liquido 75-5308,prod_perdido,132,null,-132,0.08,null,1650,null
8479,FA. BLIESGAUBEUTE,2022→2023,2022,2023,44315,Apipasta PLUS - Pienso para Apicultura,vol_precio,1197,3696,2499,0.84,1.68,1425,2200
2767,"DULCEPLUS GOLOSINAS, S.A.",2022→2023,2022,2023,62400,Fondant ES-R01,vol_precio,5673.6,19689.6,14015.999999999998,4.801,13.44,1181.75,1465
1513,"AGROBIO, S.L.",2022→2023,2022,2023,42000,Dextrosa Cristal Monohidrato Maiz,prod_perdido,3843.75,null,-3843.75,3.75,null,1025,null
440,"MAZAPANES Y DULCES DE TOLEDO, S.A.",2022→2023,2022,2023,44015,Fructor 10/77,vol_precio,1194,6960,5766,1.2,4.8,995,1450
7115,"RIVERBEND ESPAÑA, S.A",2022→2023,2022,2023,61248,Mixco Sweet 65-00.5050 I,prod_perdido,1535.16,null,-1535.16,1.163,null,1320,null
8247,"ALLJUICEMED, S.L.",2022→2023,2022,2023,61274,Mixco Sweet 72-53.2323,prod_perdido,206238.22,null,-206238.22,209.14,null,986.13,null
6323,SARL BABE APICULTURE ET EMBALLAGES,2022→2023,2022,2023,44328,Apipasta 90% - Pienso completo –  BABE APICULTURE,vol_precio,21952.8,21642,-310.7999999999993,19.8,15,1108.73,1442.8
3791,"FORTEA CERAS Y MIELES, S.L.",2022→2023,2022,2023,44313,Apipasta Vitaminas 90% - Pienso para Apicultura,prod_ganado,0,35017.5,35017.5,0.015,24.15,0,1450
2007,"PAREDES CEREZO, MIGUEL ANGEL",2022→2023,2022,2023,43000,Maltitol Liquido 75-5308,vol_precio,18755.25,5947,-12808.25,14.71,3.8,1275,1565
577,"FARTONS POLO, S.L.",2022→2023,2022,2023,62401,Fondant ES-R02,precio,15276.15,18793.58,3517.430000000002,12.27,12.405,1245,1515
9068,GEENG GINGERS INTERNATIONAL,2022→2023,2022,2023,60011,Azúcar Líquida Integral de Caña,prod_perdido,1980,null,-1980,1.2,null,1650,null
7556,"DESTILACIONES BORDAS CHINCHURRETA, S.A.",2022→2023,2022,2023,61228,Fosvitae 95% Plus,sin_actividad,0,null,0,0.001,null,0,null
2705,"ESPECIAS HUERTAS, S.L.",2022→2023,2022,2023,40000,Azúcar Blanco EEC Nº 2,prod_perdido,112.5,null,-112.5,0.15,null,750,null
3673,"LATORRE GARCIA, RAUL",2022→2023,2022,2023,44301,Azucar Blanco – Materia Prima para Piensos,prod_perdido,255.5,null,-255.5,0.35,null,730,null
1747,"FRUIT TECH NATURAL, S.A.",2022→2023,2022,2023,40016,Azúcar Blanco EEC Nº 2,vol_precio,38814.16,99738,60923.84,59.78,95,649.28,1049.87
6312,"GOLDEN AGRI-RESOURCES IBERIA, S.L.",2022→2023,2022,2023,40000,Azúcar Blanco EEC Nº 2,prod_perdido,137351.7,null,-137351.7,283.8,null,483.97,null
4600,"JALANCINA NATURE, S.L.",2022→2023,2022,2023,41000,Fructosa MAIZ Cristal,vol_precio,101.25,708.75,607.5,0.075,0.375,1350,1890
7750,"A.HAUPOLD, S.L.",2022→2023,2022,2023,40000,Azúcar Blanco EEC Nº 2,prod_perdido,7128,null,-7128,10.8,null,660,null
478,"MORENO RUIZ HERMANOS, S.L.",2022→2023,2022,2023,61200,Fosvitae 85%,sin_actividad,0,null,0,0.001,null,0,null
8641,"GALLETAS GULLÓN, S.A.",2022→2023,2022,2023,42005,Dextrosa Cristal Monoh Trigo Cons Liquida (TER),precio,78354,109800,31446,90.5,90,865.79,1220
985,GIPUZKOAKO ERLEZAIN ELKARTEA,2022→2023,2022,2023,44310,Apipasta 90% - Pienso completo - Apicultura,vol_precio,2332.35,2556,223.6500000000001,1.845,1.8,1264.15,1420
205,"ROBERTO REQUENA, S.L.",2022→2023,2022,2023,60105,"Azúcar PI 73,5-67",prod_perdido,15.26,null,-15.26,0.014,null,1090,null
1962,"NAVARRO MORA, JOSEFA",2022→2023,2022,2023,44313,Apipasta Vitaminas 90% - Pienso para Apicultura,prod_perdido,303.75,null,-303.75,0.225,null,1350,null
7052,"VERGARA ROBERTO, ALBERTO",2022→2023,2022,2023,62001,Apimix - Pienso completo - Apicultura,prod_perdido,224.28,null,-224.28,0.252,null,890,null
6264,"VERT CARBO, ISABEL",2022→2023,2022,2023,40203,Azúcar BIO 300-500 -ES-ECO-024-MU (Agric No EU),prod_perdido,1538,null,-1538,1,null,1538,null
8344,"PA DE MEL, S.L.",2022→2023,2022,2023,62070,Mix Golden Jarabe,sin_actividad,0,null,0,0.001,null,0,null
458,"CASTY, S.A.",2022→2023,2022,2023,44131,Glucor 37/79,prod_perdido,84,null,-84,0.06,null,1400,null
6323,SARL BABE APICULTURE ET EMBALLAGES,2022→2023,2022,2023,44329,Apipasta 90% BIO - Pienso completo BABE APICULTURE,vol_precio,25917.24,9135,-16782.24,12.585,4.2,2059.38,2175
1281,"PRODUCTOS CHURRUCA, S.A.",2022→2023,2022,2023,65011,Azúcar en polvo y grano 50-50,prod_perdido,1760,null,-1760,2,null,880,null
2287,"RODRIGUEZ BLANCO, ASUNCION",2022→2023,2022,2023,44310,Apipasta 90% - Pienso completo - Apicultura,prod_perdido,472.5,null,-472.5,0.45,null,1050,null
1528,"JUAN Y JUAN INDUSTRIAL, S.L.U.",2022→2023,2022,2023,40204,Azúcar BIO 600-1200 -ES-ECO-024-MU (Agric No EU),prod_perdido,14896,null,-14896,11.2,null,1330,null
8837,"AMARITTA FOOD, S.L.",2022→2023,2022,2023,61222,Fosfruit,sin_actividad,0,null,0,0.001,null,0,null
8509,"BIO CONTROL DEL MEDITERRÁNEO, S.L",2022→2023,2022,2023,44313,Apipasta Vitaminas 90% - Pienso para Apicultura,prod_perdido,15.9,null,-15.9,0.015,null,1060,null
458,"CASTY, S.A.",2022→2023,2022,2023,41005,Fructosa MAIZ Cristal Granulada,vol_precio,11160,35787.5,24627.5,10,19.5,1116,1835.26
551,"ICE CREAM FACTORY COMAKER, S.A.",2022→2023,2022,2023,61229,Fosvitae Plus Polvo,sin_actividad,0,null,0,0.001,null,0,null
311,"PROBELTE, S.A.U.",2022→2023,2022,2023,43150,Sorbitol en Polvo,volumen,6390,32589,26199,3,15.3,2130,2130
1786,"ANITIN PANES ESPECIALES, S.L.",2022→2023,2022,2023,40000,Azúcar Blanco EEC Nº 2,vol_precio,173801.35,90238.5,-83562.85,211.575,72.7,821.46,1241.24
8248,"CRA BODEGAS, S.L.",2022→2023,2022,2023,61248,Mixco Sweet 65-00.5050 I,vol_precio,8778188.04,6147740.06,-2630447.9799999995,8565.88,5593.94,1024.79,1099
440,"MAZAPANES Y DULCES DE TOLEDO, S.A.",2022→2023,2022,2023,43100,Sorbitol Liquido 70% No cristalizable,prod_perdido,3582,null,-3582,3.6,null,995,null
618,"BAYOGAR, S.L.",2022→2023,2022,2023,44015,Fructor 10/77,vol_precio,39092.3,48687.45,9595.149999999994,60.142,36.47,650,1335
248,"CONSERVAS EL VALLE, S.L.",2022→2023,2022,2023,40110,Azúcar Moreno Brown (Azucarera),prod_perdido,400.5,null,-400.5,0.375,null,1068,null
8366,"BARAHONA QUINTANA, ANTONIO",2022→2023,2022,2023,44313,Apipasta Vitaminas 90% - Pienso para Apicultura,prod_perdido,1810.5,null,-1810.5,1.35,null,1341.11,null
8778,"IDILIA FOODS, S.L.",2022→2023,2022,2023,61222,Fosfruit,sin_actividad,0,null,0,0.001,null,0,null
2850,"AMC NATURAL DRINKS, S.L.",2022→2023,2022,2023,99950,Producto de Pruebas Líquido - 1,sin_actividad,0,null,0,0.001,null,0,null
1829,"DIAZ LOPEZ, JOSE ANTONIO",2022→2023,2022,2023,44310,Apipasta 90% - Pienso completo - Apicultura,prod_perdido,220.5,null,-220.5,0.21,null,1050,null
615,"PRODUCTOS DE VITICULTURA, S.A.",2022→2023,2022,2023,60000,Azúcar Líquida Neutra 67º,prod_perdido,16208.72,null,-16208.72,24.86,null,652,null
314,"PASDULCE, S.L.",2022→2023,2022,2023,42000,Dextrosa Cristal Monohidrato Maiz,vol_precio,15075,4725,-10350,15,2.5,1005,1890
2684,"INDUSTRIAS JIJONENCAS, S.A.",2022→2023,2022,2023,40000,Azúcar Blanco EEC Nº 2,prod_perdido,258782.3,null,-258782.3,426.3,null,607.04,null
200,MARIN GIMENEZ HNOS. S.A.,2022→2023,2022,2023,61121,Mixco Sweet 68-00.5050,sin_actividad,0,null,0,0.001,null,0,null
8621,"JUAN FERRI, JUAN JOSE",2022→2023,2022,2023,40000,Azúcar Blanco EEC Nº 2,prod_perdido,1870,null,-1870,1.9,null,984.21,null
1873,"MIÑANO CANDEL, CRISTOBAL",2022→2023,2022,2023,62001,Apimix - Pienso completo - Apicultura,prod_perdido,137.06,null,-137.06,0.154,null,890,null
4276,"PORCAR VIDAL, JUANA",2022→2023,2022,2023,44313,Apipasta Vitaminas 90% - Pienso para Apicultura,prod_perdido,32.4,null,-32.4,0.03,null,1080,null
1293,"PAPRIMUR, S.L.",2022→2023,2022,2023,40000,Azúcar Blanco EEC Nº 2,prod_perdido,900,null,-900,0.9,null,1000,null
2347,"DESTILERIAS WIFREDO RIZO, S.L.",2022→2023,2022,2023,44015,Fructor 10/77,vol_precio,2208,1788,-420,2.4,1.2,920,1490
9067,"SCHREIBER FOODS ESPAÑA, S.L.",2022→2023,2022,2023,40000,Azúcar Blanco EEC Nº 2,volumen,164934,1265541.24,1100607.24,149.94,1158.9,1100,1092.02
440,"MAZAPANES Y DULCES DE TOLEDO, S.A.",2022→2023,2022,2023,60105,"Azúcar PI 73,5-67",vol_precio,9596.52,44507.81,34911.28999999999,8.471,33.667,1132.87,1322
1747,"FRUIT TECH NATURAL, S.A.",2022→2023,2022,2023,61207,Mixco Sweet 74-00.5050 M1,prod_perdido,701393.72,null,-701393.72,581.3,null,1206.6,null
3089,"CANTIN CEBRIAN, JESUS MIGUEL",2022→2023,2022,2023,44315,Apipasta PLUS - Pienso para Apicultura,prod_perdido,428.4,null,-428.4,0.28,null,1530,null
2216,"APIHURDES, S.COOP.",2022→2023,2022,2023,44313,Apipasta Vitaminas 90% - Pienso para Apicultura,precio,39522,48833.4,9311.400000000001,33.6,33.6,1176.25,1453.38
354,"DESTILERIAS LA HUERTANA, S.L.",2022→2023,2022,2023,60131,Azucar PI 77-50,sin_actividad,0,null,0,0.001,null,0,null
535,"FRIMAR PANADEROS, S.L.",2022→2023,2022,2023,40016,Azúcar Blanco EEC Nº 2,prod_perdido,2181,null,-2181,3,null,727,null
9039,"DEL VALLE PARDO, DIEGO",2022→2023,2022,2023,40025,Azucar Azucarera Spot,prod_perdido,7875,null,-7875,6.3,null,1250,null
1728,"CEREALTO INDUSTRIAL SPAIN, S.A.",2022→2023,2022,2023,65015,Azúcar en polvo LM,prod_perdido,12087.08,null,-12087.08,10.725,null,1127,null
1072,"GALVAN FERNANDEZ HERMANOS, S.L.",2022→2023,2022,2023,40000,Azúcar Blanco EEC Nº 2,prod_ganado,-2485,26136,28621,-5,24.2,497,1080
6253,"FUENTES GARCIA, PABLO",2022→2023,2022,2023,44313,Apipasta Vitaminas 90% - Pienso para Apicultura,prod_perdido,139.5,null,-139.5,0.09,null,1550,null
4542,"COMERCIAL FONT, C.B.",2022→2023,2022,2023,41000,Fructosa MAIZ Cristal,prod_perdido,27.5,null,-27.5,0.025,null,1100,null
2074,"ALFREDO IÑESTA, S.L",2022→2023,2022,2023,44015,Fructor 10/77,vol_precio,6858,13420.65,6562.65,6,8.31,1143,1615
271,"LABORATORIOS ALMOND, S.L.",2022→2023,2022,2023,40204,Azúcar BIO 600-1200 -ES-ECO-024-MU (Agric No EU),prod_perdido,4519,null,-4519,3,null,1506.33,null
4561,"AGRICOM, S.R.L.",2022→2023,2022,2023,62028,Apimix Pienso Completo (ESP-ITA),vol_precio,33568.61,19873.2,-13695.41,42.996,20.4,780.74,974.18
1196,"ESTUCHADOS JUCAR, S.L.U.",2022→2023,2022,2023,40000,Azúcar Blanco EEC Nº 2,volumen,25410,79200,53790,23.1,72,1100,1100
517,"DUPAN, S.L.",2022→2023,2022,2023,40330,Azúcar Perlado 2,prod_perdido,1263.5,null,-1263.5,0.7,null,1805,null
5501,"CALIDAD PASCUAL, S.A.",2022→2023,2022,2023,61228,Fosvitae 95% Plus,sin_actividad,0,null,0,0.001,null,0,null
2501,"LOPEZ SANCHEZ, JOSE ANTONIO",2022→2023,2022,2023,44314,Apipasta 90% - BIO - Pienso completo - Apicultura,prod_perdido,507.38,null,-507.38,0.225,null,2255.02,null
8496,"MARTINEZ RUIZ, ISRAEL",2022→2023,2022,2023,44313,Apipasta Vitaminas 90% - Pienso para Apicultura,prod_perdido,69.75,null,-69.75,0.045,null,1550,null
6201,"OVALLE BOSQUE Y JARDIN, S.L.",2022→2023,2022,2023,44313,Apipasta Vitaminas 90% - Pienso para Apicultura,prod_perdido,232.5,null,-232.5,0.15,null,1550,null
4913,"DE LA HOZ TRAPERO, JESUS",2022→2023,2022,2023,44310,Apipasta 90% - Pienso completo - Apicultura,prod_perdido,1102.5,null,-1102.5,1.05,null,1050,null
7234,"PALAZON MARTINEZ, DAVID",2022→2023,2022,2023,62001,Apimix - Pienso completo - Apicultura,prod_perdido,562.5,null,-562.5,0.75,null,750,null
3699,"GONZALEZ CARBALLAL, S.L.",2022→2023,2022,2023,44315,Apipasta PLUS - Pienso para Apicultura,vol_precio,29564.3,40353.6,10789.3,17.64,19.32,1675.98,2088.7
2518,"GRANALBE, S.L.",2022→2023,2022,2023,44313,Apipasta Vitaminas 90% - Pienso para Apicultura,precio,15834,21609,5775,14.7,14.7,1077.14,1470
3441,"CASTILLO DIAZ, FERNANDO",2022→2023,2022,2023,44310,Apipasta 90% - Pienso completo - Apicultura,prod_perdido,123.3,null,-123.3,0.09,null,1370,null
9107,"MARTIN PAVON, MARIA JOSE",2022→2023,2022,2023,44314,Apipasta 90% - BIO - Pienso completo - Apicultura,prod_perdido,581.85,null,-581.85,0.27,null,2155,null
7463,"ESTEBAN REMON, ELENA MARIA",2022→2023,2022,2023,65005,Azúcar en polvo LS,precio,68.1,81.72,13.620000000000005,0.06,0.06,1135,1362
7615,"LOPEZ CANTERO, MANUEL",2022→2023,2022,2023,62001,Apimix - Pienso completo - Apicultura,precio,375,540,165,0.5,0.5,750,1080
7379,"EARTH-MIND BUSINESS GROUP, S.L.",2022→2023,2022,2023,99950,Producto de Pruebas Líquido - 1,sin_actividad,0,0,0,0.001,0.004,0,0
5556,ASOCIACION MONTAÑESA DE APICULTORES,2022→2023,2022,2023,44310,Apipasta 90% - Pienso completo - Apicultura,prod_perdido,904.05,null,-904.05,0.615,null,1470,null
212,"JARCA TURRONES Y DULCES, S.L.",2022→2023,2022,2023,44120,Glucor 45/80,vol_precio,1737,7497.75,5760.75,1.9,4.875,914.21,1538
6457,"DOLÇA ABELLA, S.C.",2022→2023,2022,2023,44313,Apipasta Vitaminas 90% - Pienso para Apicultura,vol_precio,486,837,351,0.45,0.54,1080,1550
1854,"ROYPAS BY NUTRIS, S.A.",2022→2023,2022,2023,44003,Glucor 45/80 Bio ES-ECO-024-MU (Agric No UE) NOP,prod_perdido,111840,null,-111840,96,null,1165,null
4089,"COLAS CAÑETE, PEDRO",2022→2023,2022,2023,44315,Apipasta PLUS - Pienso para Apicultura,prod_perdido,1285.2,null,-1285.2,0.84,null,1530,null
8996,"RAMYMAR FRUITS, S.L.",2022→2023,2022,2023,44313,Apipasta Vitaminas 90% - Pienso para Apicultura,volumen,93,883.5,790.5,0.06,0.57,1550,1550
7585,"SALAR PAGAN, CARMEN",2022→2023,2022,2023,62001,Apimix - Pienso completo - Apicultura,prod_perdido,96.6,null,-96.6,0.07,null,1380,null
8261,"ITALPACK,SRL",2022→2023,2022,2023,40000,Azúcar Blanco EEC Nº 2,sin_actividad,0,null,0,1,null,0,null
8799,"ELABORATS MILA, S.L.",2022→2023,2022,2023,61200,Fosvitae 85%,sin_actividad,0,null,0,0.001,null,0,null
428,"PASTELERIA INDUSTRIAL MONTE TURIA, S.A.",2022→2023,2022,2023,65005,Azúcar en polvo LS,prod_perdido,955.5,null,-955.5,0.975,null,980,null
4470,"SALABERRIA TELLECHEA, XIKER",2022→2023,2022,2023,62020,Mix Fructor Apicultor - Pienso completo - Apicult.,prod_perdido,154.56,null,-154.56,0.168,null,920,null
6286,COOPERATIVE APICOP,2022→2023,2022,2023,44313,Apipasta Vitaminas 90% - Pienso para Apicultura,vol_precio,59899.5,52629,-7270.5,51.3,36.3,1167.63,1449.83
3641,"LUCAS MATEO, ENRIQUE",2022→2023,2022,2023,62001,Apimix - Pienso completo - Apicultura,prod_perdido,436.1,null,-436.1,0.49,null,890,null
561,"JOSE MIGUEL POVEDA, S.A.",2022→2023,2022,2023,40016,Azúcar Blanco EEC Nº 2,prod_perdido,9240,null,-9240,11,null,840,null
1000,CLIENTES VARIOS (CONTADO),2022→2023,2022,2023,40000,Azúcar Blanco EEC Nº 2,vol_precio,1965.16,156.25,-1808.91,2.242,0.125,876.52,1250
6818,"DULCES LA FAVORITA FINCA OLIVAR EL RECREO, S.L.",2022→2023,2022,2023,60114,"Azúcar PI 73,5-67-C",vol_precio,12536.15,3451.36,-9084.789999999999,10.829,2.332,1157.65,1480
8320,"AGAMA MANACOR 249, S.L.",2022→2023,2022,2023,40000,Azúcar Blanco EEC Nº 2,prod_perdido,13320,null,-13320,24,null,555,null
2646,"PERALES RODRIGUEZ, JOSE LUIS",2022→2023,2022,2023,44120,Glucor 45/80,vol_precio,1044,3716.4,2672.4,1.2,2.4,870,1548.5
1000,CLIENTES VARIOS (CONTADO),2022→2023,2022,2023,44301,Azucar Blanco – Materia Prima para Piensos,prod_perdido,182.5,null,-182.5,0.25,null,730,null
7251,"HELARTEAVILA, S.L.",2022→2023,2022,2023,60105,"Azúcar PI 73,5-67",sin_actividad,0,null,0,0.001,null,0,null
4908,"PEREZ BARQUERO, S.A.",2022→2023,2022,2023,60209,Azúcar Invertido 63º,vol_precio,67455.9,41894.2,-25561.699999999997,120.7,50.481,558.87,829.9
1854,"ROYPAS BY NUTRIS, S.A.",2022→2023,2022,2023,61258,Fosvitae R 90 %,prod_perdido,46593.36,null,-46593.36,23.32,null,1998,null
8342,"LOPEZ ORTEGA, HORACIO ",2022→2023,2022,2023,44314,Apipasta 90% - BIO - Pienso completo - Apicultura,precio,405.9,374.4,-31.5,0.18,0.18,2255,2080
8961,"LABORATORIOS VIÑAS, S.A.",2022→2023,2022,2023,61228,Fosvitae 95% Plus,sin_actividad,0,null,0,0.001,null,0,null
297,"TARBAL FOOD, S.L.",2022→2023,2022,2023,40025,Azucar Azucarera Spot,prod_perdido,8316,null,-8316,6,null,1386,null
492,"ENRIQUE GARRIGOS MONERRIS, S.A.",2022→2023,2022,2023,60119,Azúcar PI 74-50,vol_precio,99623.4,99080.96,-542.4399999999878,180.34,99.88,552.42,992
297,"TARBAL FOOD, S.L.",2022→2023,2022,2023,40000,Azúcar Blanco EEC Nº 2,vol_precio,13615,10117.8,-3497.2000000000007,14.3,7.3,952.1,1386
283,"BOLLERIA BJV, S.L.",2022→2023,2022,2023,44014,Fructor 10/71,prod_perdido,7998,null,-7998,8.4,null,952.14,null
1832,"SIERRAS ANDALUZAS, S.C.A.",2022→2023,2022,2023,44336,Fructosa Cristal Granulada – MP para Piensos,prod_perdido,4512.5,null,-4512.5,4.75,null,950,null
8629,"CASCALES GALVEZ, ANTONIO JESUS",2022→2023,2022,2023,44314,Apipasta 90% - BIO - Pienso completo - Apicultura,volumen,1614.53,510,-1104.53,0.795,0.255,2030.86,2000
465,"INVESTIGACION Y DESARROLLO PANADERO, S.L.",2022→2023,2022,2023,65007,Azúcar en polvo LS Pallet Plast. CHEP,vol_precio,15228,21915.77,6687.77,14.4,15.795,1057.5,1387.51
6303,"SILVA GORDON, DIEGO",2022→2023,2022,2023,40000,Azúcar Blanco EEC Nº 2,prod_perdido,54.9,null,-54.9,0.05,null,1098,null
7936,"FABRICA JAEN, S.L.U.",2022→2023,2022,2023,60105,"Azúcar PI 73,5-67",sin_actividad,0,null,0,0.001,null,0,null
3479,"LA TAHONA DE UTIEL, S.L.",2022→2023,2022,2023,62400,Fondant ES-R01,sin_actividad,0,null,0,0.015,null,0,null
4450,"MIELES LLADRO, C.B.",2022→2023,2022,2023,62001,Apimix - Pienso completo - Apicultura,prod_perdido,6022.8,null,-6022.8,9.56,null,630,null
5000,"PROCAMP CA'N LLANERAS, S.A.",2022→2023,2022,2023,44313,Apipasta Vitaminas 90% - Pienso para Apicultura,vol_precio,1050,3010.65,1960.65,1.05,1.995,1000,1509.1
8177,"LESAFFRE IBERIA, S.A.",2022→2023,2022,2023,40256,Raw Sugar 1300ICUMSA,prod_perdido,36237.8,null,-36237.8,43.66,null,830,null
8694,MEDALAB,2022→2023,2022,2023,62000,Mix Idoneo - Pienso Completo - Apicultura,sin_actividad,0,null,0,0.004,null,0,null
6858,"JUGOS ECOLOGICOS DE MURCIA, S.L.",2022→2023,2022,2023,40204,Azúcar BIO 600-1200 -ES-ECO-024-MU (Agric No EU),prod_perdido,1400,null,-1400,1,null,1400,null
2548,"MEETINGCOOK, S.L.",2022→2023,2022,2023,40103,Azúcar Moreno >2500i - Brown (Dry Dem BLZ),volumen,96,128,32,0.075,0.1,1280,1280
445,"PASTELERIA ARROYO SANCHEZ, S.L.U.",2022→2023,2022,2023,44015,Fructor 10/77,vol_precio,61236.25,25064.58,-36171.67,97.978,25.14,625,997
6048,"BLENDAMA, S.L.",2022→2023,2022,2023,40000,Azúcar Blanco EEC Nº 2,prod_perdido,2457,null,-2457,2.7,null,910,null
7611,DPTO. CALIDAD,2022→2023,2022,2023,44310,Apipasta 90% - Pienso completo - Apicultura,sin_actividad,0,null,0,0.27,null,0,null
261,"EZTIKIDETZA, S.A.T.",2022→2023,2022,2023,62020,Mix Fructor Apicultor - Pienso completo - Apicult.,prod_perdido,2872.8,null,-2872.8,3.36,null,855,null
2548,"MEETINGCOOK, S.L.",2022→2023,2022,2023,40110,Azúcar Moreno Brown (Azucarera),prod_perdido,103,null,-103,0.1,null,1030,null
2916,"SUC. DE MUÑOZ Y PUJANTE, S.L.",2022→2023,2022,2023,40013,Azucar Blanco EEC Nº2 Extrafino,sin_actividad,0,null,0,0.001,null,0,null
498,"REPOSTERIA VALVERDE, S.L.",2022→2023,2022,2023,40000,Azúcar Blanco EEC Nº 2,prod_perdido,3942,null,-3942,5.4,null,730,null
1353,"DESTILERIAS VEGA ALTA, S.L.",2022→2023,2022,2023,60010,Azúcar Liquida Neutra S.A.,prod_perdido,1941.6,null,-1941.6,2.4,null,809,null
8290,"LUSOESTRELA-IND.E COMERCIO PROD. ALIMENTARES, LDA",2022→2023,2022,2023,40000,Azúcar Blanco EEC Nº 2,prod_perdido,30861,null,-30861,24.3,null,1270,null
5906,SAT APICOLA EL PERELLO,2022→2023,2022,2023,44314,Apipasta 90% - BIO - Pienso completo - Apicultura,prod_perdido,2110.5,null,-2110.5,1.05,null,2010,null
5794,"LOPEZ DOMINGUEZ, MARIA ANGELES",2022→2023,2022,2023,44313,Apipasta Vitaminas 90% - Pienso para Apicultura,vol_precio,1604.25,3533.25,1929,1.035,2.415,1550,1463.04
493,"MAZAPANES RUIZ, S.L.",2022→2023,2022,2023,61126,Mixco Sweet 76-46.1421,vol_precio,15370.35,17035.5,1665.1499999999996,14.425,13.85,1065.54,1230
6286,COOPERATIVE APICOP,2022→2023,2022,2023,44310,Apipasta 90% - Pienso completo - Apicultura,prod_perdido,26738.25,null,-26738.25,24.15,null,1107.17,null
4587,"CARMAX GLASS, S.L.",2022→2023,2022,2023,44313,Apipasta Vitaminas 90% - Pienso para Apicultura,precio,10526.25,13296.15,2769.8999999999996,8.985,9.045,1171.54,1470
2916,"SUC. DE MUÑOZ Y PUJANTE, S.L.",2022→2023,2022,2023,42000,Dextrosa Cristal Monohidrato Maiz,vol_precio,31386.25,44402.5,13016.25,32.75,25,958.36,1776.1
3156,"FINI GOLOSINAS ESPAÑA, S.L.U.",2022→2023,2022,2023,62152,Jarabe de Melaza- Extra Soft (Rojo),vol_precio,32412.01,41150.34,8738.329999999998,36.948,32.863,877.23,1252.18
8496,"MARTINEZ RUIZ, ISRAEL",2022→2023,2022,2023,62001,Apimix - Pienso completo - Apicultura,vol_precio,137.06,270,132.94,0.154,0.25,890,1080
1233,"VALENCIANA PASTELERA, S.L.",2022→2023,2022,2023,60105,"Azúcar PI 73,5-67",vol_precio,5292,5364,72,4.8,3.6,1102.5,1490
265,"BLENDHUB, S.L",2022→2023,2022,2023,41000,Fructosa MAIZ Cristal,sin_actividad,0,null,0,0.001,null,0,null
3820,"MUÑOZ VELA, MIGUEL ANGEL",2022→2023,2022,2023,44313,Apipasta Vitaminas 90% - Pienso para Apicultura,prod_perdido,279,null,-279,0.18,null,1550,null
6403,"SERGIO TULEDA Y JESUS MATEOS DEL VAS, O.E. E.A.R.",2022→2023,2022,2023,44315,Apipasta PLUS - Pienso para Apicultura,prod_perdido,642.6,null,-642.6,0.42,null,1530,null
7395,VECO PHARMA SHPK,2022→2023,2022,2023,62001,Apimix - Pienso completo - Apicultura,vol_precio,2637.6,1075.2,-1562.3999999999999,3.36,0.84,785,1280
340,"ARTESANOS MENDEZ, S.A.",2022→2023,2022,2023,44015,Fructor 10/77,prod_perdido,4516.65,null,-4516.65,4.77,null,946.89,null
2081,"ZUMOS Y FRUTAS CONCENTRADOS, S.L.",2022→2023,2022,2023,61261,Mixco Sweet 68-00.5050 RC COFI,prod_perdido,117231.94,null,-117231.94,127.06,null,922.65,null
6303,"SILVA GORDON, DIEGO",2022→2023,2022,2023,44315,Apipasta PLUS - Pienso para Apicultura,prod_perdido,21.42,null,-21.42,0.014,null,1530,null
6130,HAPPY VALLEY HONEY LIMITED,2022→2023,2022,2023,62025,Apimix 75 PyV - (ENG) Pienso completo – Apicultura,volumen,22312.8,2330.82,-19981.98,21.6,2.252,1033,1035
1119,"APILORE, S.L.",2022→2023,2022,2023,44412,Beesucre - Mix,prod_perdido,2788.8,null,-2788.8,3.36,null,830,null
4505,"FIESTA COLOMBINA, S.L.U.",2022→2023,2022,2023,40000,Azúcar Blanco EEC Nº 2,vol_precio,1304363.5,1110319.7,-194043.80000000005,1788.3,1010.3,729.39,1099
6395,SEITENBACHER KG NATURKOST,2022→2023,2022,2023,61200,Fosvitae 85%,precio,30012.84,24713.04,-5299.799999999999,7.26,7.26,4134,3404
762,"VIOKOX, S.A",2022→2023,2022,2023,42000,Dextrosa Cristal Monohidrato Maiz,prod_perdido,105,null,-105,0.1,null,1050,null
5556,ASOCIACION MONTAÑESA DE APICULTORES,2022→2023,2022,2023,62001,Apimix - Pienso completo - Apicultura,prod_perdido,1388.4,null,-1388.4,1.56,null,890,null
3464,"GIJON TORRES, JOAQUIN",2022→2023,2022,2023,44313,Apipasta Vitaminas 90% - Pienso para Apicultura,vol_precio,437.4,930,492.6,0.405,0.6,1080,1550
8507,PSIQUIS INNOVA S.L.N.E.,2022→2023,2022,2023,61228,Fosvitae 95% Plus,sin_actividad,0,null,0,0.001,null,0,null
7171,"QUIRANTE FRUITS, S.L.",2022→2023,2022,2023,64506,COMPO LE,volumen,39866.11,29668.19,-10197.920000000002,34.865,25.709,1143.44,1154
2161,"COLL JIMENEZ, JOSE ANTONIO",2022→2023,2022,2023,44313,Apipasta Vitaminas 90% - Pienso para Apicultura,prod_perdido,324,null,-324,0.3,null,1080,null
7169,"MASTRIGO BIO GOURMET, S.L.",2022→2023,2022,2023,61228,Fosvitae 95% Plus,sin_actividad,0,null,0,0.021,null,0,null
7708,"MARTIN BERNAL, LAURA",2022→2023,2022,2023,44111,Glucor 60/82,prod_perdido,428.8,null,-428.8,0.4,null,1072,null
6052,DICHEM FOODS  S.A.,2022→2023,2022,2023,61222,Fosfruit,sin_actividad,0,null,0,0.001,null,0,null
775,"NATRA CACAO,S.L.",2022→2023,2022,2023,40026,Azúcar Refinado,prod_perdido,10288,null,-10288,25.72,null,400,null
1,"ZUKAN, S.L.U.",2022→2023,2022,2023,99950,Producto de Pruebas Líquido - 1,sin_actividad,0,null,0,0.07,null,0,null
722,"CAPRICE DECOR,S.L.",2022→2023,2022,2023,62422,Fondant ES-R03 Sin Serigrafiar,prod_perdido,1709.4,null,-1709.4,1.32,null,1295,null
8350,"MIGA FOODS COMMERCE, S.L.",2022→2023,2022,2023,44131,Glucor 37/79,vol_precio,30093.83,34026,3932.1699999999983,27.286,21.4,1102.9,1590
4957,"TORRES OLIVARES, MARIO",2022→2023,2022,2023,44315,Apipasta PLUS - Pienso para Apicultura,prod_perdido,171.36,null,-171.36,0.112,null,1530,null
5785,"PENADES BALDOVI, RAFAEL",2022→2023,2022,2023,44315,Apipasta PLUS - Pienso para Apicultura,vol_precio,662.76,319.2,-343.56,0.392,0.14,1690.71,2280
1314,"MANUFACTURAS PIBERNAT, S.L.",2022→2023,2022,2023,40000,Azúcar Blanco EEC Nº 2,vol_precio,149563,8400,-141163,139.4,7,1072.91,1200
5109,"INDUSTRIAS ROKO, S.A.",2022→2023,2022,2023,42000,Dextrosa Cristal Monohidrato Maiz,prod_perdido,4260,null,-4260,4,null,1065,null
9085,"VIGIL MARTÍNEZ, MERCEDES",2022→2023,2022,2023,40203,Azúcar BIO 300-500 -ES-ECO-024-MU (Agric No EU),prod_perdido,76.9,null,-76.9,0.05,null,1538,null
1284,"FRUTAS Y TURRONES, S.A.",2022→2023,2022,2023,43000,Maltitol Liquido 75-5308,sin_cambio,9685,9685,0,6.5,6.5,1490,1490
5002,"CERVEZAS FERNANDEZ PONS, S.L.",2022→2023,2022,2023,40203,Azúcar BIO 300-500 -ES-ECO-024-MU (Agric No EU),volumen,922.8,1845.6,922.8,0.6,1.2,1538,1538
2628,"EROLES BOIX, JUAN JOSE",2022→2023,2022,2023,44313,Apipasta Vitaminas 90% - Pienso para Apicultura,prod_perdido,1903.5,null,-1903.5,1.905,null,999.21,null
3211,"PEREZ BARRERA, FRANCISCO",2022→2023,2022,2023,62020,Mix Fructor Apicultor - Pienso completo - Apicult.,prod_perdido,165,null,-165,0.25,null,660,null
3915,"SUMINISTROS HELADERIA VIMAR, S.L.",2022→2023,2022,2023,40000,Azúcar Blanco EEC Nº 2,prod_perdido,2548.5,null,-2548.5,3.66,null,696.31,null
3680,"TEJERA MIR, ENRIQUE",2022→2023,2022,2023,44313,Apipasta Vitaminas 90% - Pienso para Apicultura,prod_perdido,50.4,null,-50.4,0.06,null,840,null
9088,BANCO DE ALIMENTOS DEL SEGURA MURCIA,2022→2023,2022,2023,45003,Azucar Blanco EEC nº2 - PQ01 RETAIL HACENDADO,prod_perdido,1053,null,-1053,0.78,null,1350,null
1787,"DULCES DEL TURIA, S.L.",2022→2023,2022,2023,40000,Azúcar Blanco EEC Nº 2,vol_precio,12782,12000,-782,14.65,10,872.49,1200
566,"ALMACENES MIGUEZ 2005,S.L.",2022→2023,2022,2023,62001,Apimix - Pienso completo - Apicultura,vol_precio,5585.74,63298.22,57712.48,6.158,61.354,907.07,1031.69
401,"SOLER GIMENO, S.L.",2022→2023,2022,2023,65005,Azúcar en polvo LS,vol_precio,7106.85,2983.5,-4123.35,4.965,1.95,1431.39,1530
5892,"DISTRIBUCIONES BOLLFROST, S.L.",2022→2023,2022,2023,61104,Mixco Sweet 81-05.5041 A-MI,vol_precio,8033.66,1610.4,-6423.26,6.732,1.2,1193.35,1342
407,"PRODUCTOS KELMY, S.A.U.",2022→2023,2022,2023,40000,Azúcar Blanco EEC Nº 2,vol_precio,113413,46060,-67353,161,47,704.43,980
450,"LA FLOR BURGALESA, S.L.",2022→2023,2022,2023,40000,Azúcar Blanco EEC Nº 2,vol_precio,120491.4,88637.6,-31853.79999999999,205.1,80.8,587.48,1097
1196,"ESTUCHADOS JUCAR, S.L.U.",2022→2023,2022,2023,40103,Azúcar Moreno >2500i - Brown (Dry Dem BLZ),volumen,1230,2460,1230,1,2,1230,1230
3287,"DELAFRUIT, S.L.U",2022→2023,2022,2023,40203,Azúcar BIO 300-500 -ES-ECO-024-MU (Agric No EU),prod_perdido,715,null,-715,0.5,null,1430,null
2650,"GASCON MORTE, CARMELO",2022→2023,2022,2023,62001,Apimix - Pienso completo - Apicultura,prod_perdido,2255.04,null,-2255.04,2.308,null,977.05,null
5787,"FALCON, S.A.",2022→2023,2022,2023,61228,Fosvitae 95% Plus,vol_precio,8776.8,9347.2,570.4000000000015,3.6,2.54,2438,3680
8972,"NIETO CAPARROS,DANIEL ",2022→2023,2022,2023,62000,Mix Idoneo - Pienso Completo - Apicultura,prod_perdido,930,null,-930,1,null,930,null
4329,"ZAFRA SANTILLANA, ELOY",2022→2023,2022,2023,44313,Apipasta Vitaminas 90% - Pienso para Apicultura,vol_precio,26680.5,108340.05,81659.55,24.15,74.55,1104.78,1453.25
5110,"QUISABA, S.L.",2022→2023,2022,2023,43100,Sorbitol Liquido 70% No cristalizable,prod_perdido,8052,null,-8052,7.2,null,1118.33,null
9047,"CUÉTARA, S.L.U.",2022→2023,2022,2023,99950,Producto de Pruebas Líquido - 1,sin_actividad,0,null,0,0.003,null,0,null
2112,"LACASA, S.A.U.",2022→2023,2022,2023,40207,Azúcar BIO <45 ES-ECO-024-MU Ag UE REMOLACHA,prod_perdido,58496.25,null,-58496.25,42.975,null,1361.17,null
3658,"NAVALON FERRER, CRISTIAN",2022→2023,2022,2023,44313,Apipasta Vitaminas 90% - Pienso para Apicultura,volumen,1627.5,3202.5,1575,1.05,2.1,1550,1525
1673,"RIQUELME ALACID, DOLORES ",2022→2023,2022,2023,62000,Mix Idoneo - Pienso Completo - Apicultura,prod_perdido,820,null,-820,1,null,820,null
8558,ASOCIACIÓN DE PEQUEÑOS APICULTORES ALBACETE ,2022→2023,2022,2023,44315,Apipasta PLUS - Pienso para Apicultura,prod_perdido,12432,null,-12432,8.288,null,1500,null
435,"R. MARSILLA, S.A.",2022→2023,2022,2023,40000,Azúcar Blanco EEC Nº 2,prod_perdido,7290,null,-7290,10.8,null,675,null
455,"EMILIO PEÑA, S.A.",2022→2023,2022,2023,65020,Azúcar en polvo SG - LM Micronizada,prod_perdido,11.77,null,-11.77,0.013,null,905.38,null
6052,DICHEM FOODS  S.A.,2022→2023,2022,2023,61200,Fosvitae 85%,prod_perdido,14234.4,null,-14234.4,7.2,null,1977,null
481,"EL CATETO, S.L.",2022→2023,2022,2023,60105,"Azúcar PI 73,5-67",vol_precio,8055.7,10708.63,2652.9299999999994,7.37,7.187,1093.04,1490
1503,"PASTOR LEGAZ, LEANDRO",2022→2023,2022,2023,44313,Apipasta Vitaminas 90% - Pienso para Apicultura,sin_actividad,0,null,0,0,null,null,null
8474,"ANDREU BLANCO, PATRICIA",2022→2023,2022,2023,49006,Almidón nativo de Maiz,precio,537.6,756,218.39999999999998,0.7,0.7,768,1080
3244,"HURTADO VERDU, MIGUEL",2022→2023,2022,2023,40000,Azúcar Blanco EEC Nº 2,prod_perdido,4819.05,null,-4819.05,4.625,null,1041.96,null
461,"PRODUCTOS JESUS, S.L.",2022→2023,2022,2023,40000,Azúcar Blanco EEC Nº 2,prod_perdido,11396,null,-11396,22,null,518,null
1136,"GARCIA GOMEZ, PEDRO",2022→2023,2022,2023,44313,Apipasta Vitaminas 90% - Pienso para Apicultura,prod_perdido,1134,null,-1134,1.05,null,1080,null
4945,"NOGUERA CANTO, BARTOLOME",2022→2023,2022,2023,44313,Apipasta Vitaminas 90% - Pienso para Apicultura,precio,437.4,627.75,190.35000000000002,0.405,0.405,1080,1550
5376,"SILVESTRE GOMEZ, JOSE",2022→2023,2022,2023,44313,Apipasta Vitaminas 90% - Pienso para Apicultura,prod_perdido,1134,null,-1134,1.05,null,1080,null
4505,"FIESTA COLOMBINA, S.L.U.",2022→2023,2022,2023,40350,Azúcar Granulado Extrafino,vol_precio,4152.6,6264,2111.3999999999996,3.6,4.5,1153.5,1392
418,"MANUFACTURAS CEYLAN, S.L.",2022→2023,2022,2023,40000,Azúcar Blanco EEC Nº 2,vol_precio,168591.62,55732.32,-112859.29999999999,282.84,46.56,596.07,1197
353,"QUALITY SPICES, S.L.",2022→2023,2022,2023,40110,Azúcar Moreno Brown (Azucarera),vol_precio,6037.5,3926.88,-2110.62,5.25,2.575,1150,1525
448,"ESGIR, S.L.",2022→2023,2022,2023,44120,Glucor 45/80,prod_perdido,128348.3,null,-128348.3,153.968,null,833.6,null
3574,"TORREGROSA GOZALBO, JUAN CARLOS",2022→2023,2022,2023,44315,Apipasta PLUS - Pienso para Apicultura,prod_perdido,700.8,null,-700.8,0.584,null,1200,null
7326,"ACTIVA FOOD TECH, S.A.",2022→2023,2022,2023,40103,Azúcar Moreno >2500i - Brown (Dry Dem BLZ),sin_actividad,0,null,0,0.002,null,0,null
1375,"JACOBO LOZANO, S.L.",2022→2023,2022,2023,60122,"Azúcar PI 73,5-67-C Sin Serigrafiar",prod_perdido,2578.1,null,-2578.1,2.31,null,1116.06,null
1534,"GOMEZ SILLERO, CARLOS",2022→2023,2022,2023,44301,Azucar Blanco – Materia Prima para Piensos,prod_perdido,10310,null,-10310,12.5,null,824.8,null
5224,"JESUS CANO NCR, S.L.",2022→2023,2022,2023,42000,Dextrosa Cristal Monohidrato Maiz,prod_perdido,2667.5,null,-2667.5,2.5,null,1067,null
8408,"LA FANTASTICA SODA COOMPAÑIA DE REFRESCOS Y SODAS, S.L.",2022→2023,2022,2023,40203,Azúcar BIO 300-500 -ES-ECO-024-MU (Agric No EU),prod_perdido,781.8,null,-781.8,0.525,null,1489.14,null
4369,"LA TIENDA DEL APICULTOR, S.L.U.",2022→2023,2022,2023,44315,Apipasta PLUS - Pienso para Apicultura,vol_precio,22306.48,10483.2,-11823.279999999999,14.644,5.04,1523.25,2080
6457,"DOLÇA ABELLA, S.C.",2022→2023,2022,2023,44315,Apipasta PLUS - Pienso para Apicultura,vol_precio,342.72,574.56,231.83999999999992,0.224,0.252,1530,2280
3211,"PEREZ BARRERA, FRANCISCO",2022→2023,2022,2023,44313,Apipasta Vitaminas 90% - Pienso para Apicultura,prod_perdido,32.4,null,-32.4,0.03,null,1080,null
3921,"IBERFRUTA MUERZA, S.A.",2022→2023,2022,2023,44093,Fructor 100/80,prod_perdido,16950.5,null,-16950.5,23.381,null,724.97,null
8042,API FACTORY,2022→2023,2022,2023,44315,Apipasta PLUS - Pienso para Apicultura,prod_perdido,1284.36,null,-1284.36,0.84,null,1529,null
610,"TURRONES DOS HERMANOS,S.L.",2022→2023,2022,2023,61170,Mix Maltitol Sorbitol MS 74-8020,prod_perdido,2388,null,-2388,1.2,null,1990,null
8308,"CONSERVAS TORO LÓPEZ, S.L.",2022→2023,2022,2023,60105,"Azúcar PI 73,5-67",prod_perdido,6.3,null,-6.3,0.007,null,900,null
8507,PSIQUIS INNOVA S.L.N.E.,2022→2023,2022,2023,61173,Mix Maltitol Stevia 75%,sin_actividad,0,0,0,0.001,0.004,0,0
7891,"CARO MARTINEZ, MANUEL",2022→2023,2022,2023,44315,Apipasta PLUS - Pienso para Apicultura,prod_perdido,191.52,null,-191.52,0.084,null,2280,null
2528,"MORATALLA FERNANDEZ, RAFAEL",2022→2023,2022,2023,62001,Apimix - Pienso completo - Apicultura,vol_precio,897.12,1332,434.88,1.008,1.2,890,1110
3287,"DELAFRUIT, S.L.U",2022→2023,2022,2023,40030,Azucar azucarera trimestral,prod_perdido,16758,null,-16758,12.6,null,1330,null
1202,"APIGLASS ENVAS. Y MAT. APICOLA, S.L.",2022→2023,2022,2023,44301,Azucar Blanco – Materia Prima para Piensos,prod_perdido,1431,null,-1431,1.8,null,795,null
7614,"HIJOS DE FRANCISCO SERRANO, S.A.",2022→2023,2022,2023,60010,Azúcar Liquida Neutra S.A.,vol_precio,134655.42,135928.3,1272.8799999999756,225.34,147.7,597.57,920.3
455,"EMILIO PEÑA, S.A.",2022→2023,2022,2023,41000,Fructosa MAIZ Cristal,vol_precio,48852.5,30115,-18737.5,40.75,23.75,1198.83,1268
3701,"CANO ABARCA, FRANCISCO JUAN",2022→2023,2022,2023,62001,Apimix - Pienso completo - Apicultura,prod_perdido,562.5,null,-562.5,0.75,null,750,null
471,"FADICAMO, S.A.",2022→2023,2022,2023,40016,Azúcar Blanco EEC Nº 2,prod_perdido,35346.52,null,-35346.52,47.96,null,737,null
412,"MARIN MONTEJANO, S.A.",2022→2023,2022,2023,60000,Azúcar Líquida Neutra 67º,vol_precio,172372.4,73408.8,-98963.59999999999,237.66,95.64,725.29,767.55
1304,"EMPRESA DE TRANSFORMACIÓN AGRARIA, S.A., S.M.E., M.P (TRAGSA)",2022→2023,2022,2023,40016,Azúcar Blanco EEC Nº 2,prod_perdido,10360,null,-10360,14,null,740,null
1000,CLIENTES VARIOS (CONTADO),2022→2023,2022,2023,44315,Apipasta PLUS - Pienso para Apicultura,prod_perdido,309.96,null,-309.96,0.182,null,1703.08,null
3464,"GIJON TORRES, JOAQUIN",2022→2023,2022,2023,62001,Apimix - Pienso completo - Apicultura,vol_precio,224.28,2592,2367.72,0.252,2.4,890,1080
516,"PAIARROP, S.L.",2022→2023,2022,2023,40203,Azúcar BIO 300-500 -ES-ECO-024-MU (Agric No EU),prod_perdido,470.4,null,-470.4,0.3,null,1568,null
8524,"DEL RIO BARA, SANTIAGO",2022→2023,2022,2023,44313,Apipasta Vitaminas 90% - Pienso para Apicultura,prod_perdido,972,null,-972,0.9,null,1080,null
4357,"NAVODRES, S.A.",2022→2023,2022,2023,44313,Apipasta Vitaminas 90% - Pienso para Apicultura,prod_perdido,46.5,null,-46.5,0.03,null,1550,null
5710,"BEACHOGA DHUN NA NGALL; DONEGAL BEES, LTD.",2022→2023,2022,2023,62027,Apimix Pienso Completo (ESP-ENG),prod_perdido,2124.36,null,-2124.36,2.52,null,843,null
6041,"AGROLLAVOR SUPERVERT, S.L.",2022→2023,2022,2023,62001,Apimix - Pienso completo - Apicultura,vol_precio,152.6,835.6,683,0.14,0.62,1090,1347.74
4505,"FIESTA COLOMBINA, S.L.U.",2022→2023,2022,2023,44131,Glucor 37/79,precio,90585.26,172898.61,82313.34999999999,147.054,145.906,616,1185
8247,"ALLJUICEMED, S.L.",2022→2023,2022,2023,61248,Mixco Sweet 65-00.5050 I,vol_precio,466193.74,83699.84,-382493.9,456.635,76.174,1020.93,1098.8
4709,"TURRONES PICO, S.A.",2022→2023,2022,2023,65007,Azúcar en polvo LS Pallet Plast. CHEP,prod_perdido,17316,null,-17316,14.4,null,1202.5,null
7289,"CHOCODROP, S.L.",2022→2023,2022,2023,40000,Azúcar Blanco EEC Nº 2,prod_perdido,136913.4,null,-136913.4,240.7,null,568.81,null
3284,"CUBISOL ALMERIA, S.L.",2022→2023,2022,2023,40201,Azúcar Blanco BIO ES-ECO-024-MU Ag No UE,vol_precio,70.3,724,653.7,0.05,0.5,1406,1448
4406,"BELMAR GRAU, JONATAN",2022→2023,2022,2023,44313,Apipasta Vitaminas 90% - Pienso para Apicultura,vol_precio,182.25,488.25,306,0.15,0.315,1215,1550
7169,"MASTRIGO BIO GOURMET, S.L.",2022→2023,2022,2023,62071,Mix Golden Jarabe Alto Color,sin_actividad,0,null,0,0.003,null,0,null
8438,"SANGÜESA PITARCH, ENRIQUE",2022→2023,2022,2023,44313,Apipasta Vitaminas 90% - Pienso para Apicultura,prod_perdido,1134,null,-1134,1.05,null,1080,null
1661,"DELAVIUDA ALIMENTACION, S.A",2022→2023,2022,2023,44131,Glucor 37/79,vol_precio,16128,15984,-144,25.2,11.84,640,1350
2909,"MANIPULADOS DE CEBOLLAS Y DERIVADOS, S.L.",2022→2023,2022,2023,40113,Azúcar Moreno Brown C,prod_perdido,38400,null,-38400,48,null,800,null
1410,"RAMON SABATER, S.A.U.",2022→2023,2022,2023,60105,"Azúcar PI 73,5-67",prod_perdido,174.02,null,-174.02,0.154,null,1130,null
1366,"FRUTOS SECOS MONLEON, S.L.",2022→2023,2022,2023,40000,Azúcar Blanco EEC Nº 2,prod_perdido,1314,null,-1314,1.8,null,730,null
248,"CONSERVAS EL VALLE, S.L.",2022→2023,2022,2023,61170,Mix Maltitol Sorbitol MS 74-8020,vol_precio,3816,1968,-1848,2.4,1.2,1590,1640
397,"DISTRIBUCIONES ACEMAN, S.L.",2022→2023,2022,2023,40000,Azúcar Blanco EEC Nº 2,prod_perdido,15637.5,null,-15637.5,22.5,null,695,null
2303,"ANTONIO VILLORIA, S.A.",2022→2023,2022,2023,42000,Dextrosa Cristal Monohidrato Maiz,prod_perdido,104737.5,null,-104737.5,118.75,null,882,null
7908,"DIMITROV NIKOLOV, ZHIVKO",2022→2023,2022,2023,44310,Apipasta 90% - Pienso completo - Apicultura,prod_perdido,110.25,null,-110.25,0.105,null,1050,null
8371,CERGOLD INDUSTRIAS LDA,2022→2023,2022,2023,42000,Dextrosa Cristal Monohidrato Maiz,prod_perdido,4850,null,-4850,5,null,970,null
9091,"STOLLER EUROPE, S.L.U.",2022→2023,2022,2023,40000,Azúcar Blanco EEC Nº 2,vol_precio,17920,24035,6115,16,23,1120,1045
8956,"GARCIA MORENO, MARIA MAGDALENA",2022→2023,2022,2023,40203,Azúcar BIO 300-500 -ES-ECO-024-MU (Agric No EU),vol_precio,195.75,108.6,-87.15,0.125,0.075,1566,1448
2103,"JOSEFA ESTELLES MAYOR, S.L.",2022→2023,2022,2023,40000,Azúcar Blanco EEC Nº 2,vol_precio,25376.4,15750,-9626.400000000001,47.7,12.6,532,1250
6459,"GARCIA FERNANDEZ, JOSE MANUEL",2022→2023,2022,2023,44313,Apipasta Vitaminas 90% - Pienso para Apicultura,prod_perdido,2742.9,null,-2742.9,2.28,null,1203.03,null
452,"TEICHENNE, S.A.",2022→2023,2022,2023,60010,Azúcar Liquida Neutra S.A.,vol_precio,152285.06,339431.7,187146.64,248.54,374.9,612.72,905.39
7704,"SOLANA RIOS, MARCELINO",2022→2023,2022,2023,40203,Azúcar BIO 300-500 -ES-ECO-024-MU (Agric No EU),prod_perdido,190.9,null,-190.9,0.125,null,1527.2,null
282,"PRODUCTOS LOZANO, S.L.",2022→2023,2022,2023,44010,Fructor 10/81,vol_precio,3276,7547.4,4271.4,3.6,4.98,910,1515.54
9108,"NUÑEZ MARTIN, MANUEL",2022→2023,2022,2023,44314,Apipasta 90% - BIO - Pienso completo - Apicultura,prod_perdido,614.18,null,-614.18,0.285,null,2155.02,null
551,"ICE CREAM FACTORY COMAKER, S.A.",2022→2023,2022,2023,61200,Fosvitae 85%,sin_actividad,0,null,0,0.001,null,0,null
1252,"APIGALOES, S.C.",2022→2023,2022,2023,44313,Apipasta Vitaminas 90% - Pienso para Apicultura,vol_precio,16380,18270,1890,14.7,12.6,1114.29,1450
1202,"APIGLASS ENVAS. Y MAT. APICOLA, S.L.",2022→2023,2022,2023,44314,Apipasta 90% - BIO - Pienso completo - Apicultura,vol_precio,9765,17246.25,7481.25,5.25,8.4,1860,2053.12
505,"MORENO SORNI, ELIAS",2022→2023,2022,2023,44335,Azúcar Blanco BIO MP para piensos,prod_perdido,805,null,-805,0.5,null,1610,null
1386,"SCENTIUM FLAVOURS, S.L",2022→2023,2022,2023,60105,"Azúcar PI 73,5-67",sin_actividad,0,null,0,0.001,null,0,null
2909,"MANIPULADOS DE CEBOLLAS Y DERIVADOS, S.L.",2022→2023,2022,2023,40103,Azúcar Moreno >2500i - Brown (Dry Dem BLZ),prod_perdido,13500,null,-13500,12,null,1125,null
8668,FERDINAND KREUTZER SABAMÜHLE GMBH,2022→2023,2022,2023,61228,Fosvitae 95% Plus,sin_actividad,0,null,0,0.001,null,0,null
2111,"ENVASADOS EVA, S.A.",2022→2023,2022,2023,40000,Azúcar Blanco EEC Nº 2,prod_perdido,20264.2,null,-20264.2,24.2,null,837.36,null
2511,CIRTEAS CRISTINEL AMUZA,2022→2023,2022,2023,44315,Apipasta PLUS - Pienso para Apicultura,prod_perdido,1377.6,null,-1377.6,0.84,null,1640,null
8308,"CONSERVAS TORO LÓPEZ, S.L.",2022→2023,2022,2023,61200,Fosvitae 85%,prod_ganado,0,840,840,0.002,0.301,0,2790.7
225,"FRUTAS Y CONSERVAS DE MURCIA, S.L.",2022→2023,2022,2023,61220,Mixco Sweet 65-00.5050,vol_precio,68413.16,51051,-17362.160000000003,72.315,48.62,946.04,1050
401,"SOLER GIMENO, S.L.",2022→2023,2022,2023,44131,Glucor 37/79,vol_precio,64000.55,209690.25,145689.7,99.954,177.414,640.3,1181.93
1247,"TURRONES Y ESPECIALIDADES VIAR, S.A.",2022→2023,2022,2023,61170,Mix Maltitol Sorbitol MS 74-8020,vol_precio,51516,66588,15072,32.4,37.2,1590,1790
6560,MIEL Y CAMPO S.L.U,2022→2023,2022,2023,44010,Fructor 10/81,prod_perdido,1152,null,-1152,1.201,null,959.2,null
5143,"GARCIA FERNANDEZ, VICENTE",2022→2023,2022,2023,44314,Apipasta 90% - BIO - Pienso completo - Apicultura,vol_precio,2084.25,1591.2,-493.04999999999995,1.05,0.765,1985,2080
484,"PRODUCTOS LA PILARICA, S.A.",2022→2023,2022,2023,40000,Azúcar Blanco EEC Nº 2,vol_precio,38228.4,30870,-7358.4000000000015,46.62,25.2,820,1225
7169,"MASTRIGO BIO GOURMET, S.L.",2022→2023,2022,2023,60003,Azúcar Líq. Neutra 67º- BIO - ES-ECO-024-MU(No UE),sin_actividad,0,null,0,0.001,null,0,null
7600,"RODRIGUEZ LOZANO, FRANCISCO JAVIER",2022→2023,2022,2023,44315,Apipasta PLUS - Pienso para Apicultura,vol_precio,106.68,63.84,-42.84,0.056,0.028,1905,2280
5994,"SIGMA BIOTECH, S.L.",2022→2023,2022,2023,61228,Fosvitae 95% Plus,sin_actividad,0,null,0,0.001,null,0,null
3225,"SURIVAN FEEL THE TASTE, S.L.",2022→2023,2022,2023,60114,"Azúcar PI 73,5-67-C",prod_perdido,6300,null,-6300,4.8,null,1312.5,null
4429,"UMBRELLA F&FI, S.L. ",2022→2023,2022,2023,41000,Fructosa MAIZ Cristal,prod_perdido,1296,null,-1296,1.2,null,1080,null
8177,"LESAFFRE IBERIA, S.A.",2022→2023,2022,2023,40003,Azúcar Blanco EEC Nº 2 REMOLACHA,prod_perdido,27913.6,null,-27913.6,26.84,null,1040,null
419,"DISTRIBUCIONES JAIME SARRION, S.L.",2022→2023,2022,2023,62401,Fondant ES-R02,volumen,289.13,385.5,96.37,0.225,0.3,1285.02,1285
2287,"RODRIGUEZ BLANCO, ASUNCION",2022→2023,2022,2023,40000,Azúcar Blanco EEC Nº 2,vol_precio,202.5,450,247.5,0.25,0.375,810,1200
2767,"DULCEPLUS GOLOSINAS, S.A.",2022→2023,2022,2023,60105,"Azúcar PI 73,5-67",vol_precio,12288.91,3504,-8784.91,11.158,2.4,1101.35,1460
3154,"FRIAS NUTRICION, S.A.",2022→2023,2022,2023,44093,Fructor 100/80,vol_precio,363276.52,508668.6,145392.07999999996,430.12,335.76,844.59,1514.98
290,"IGH FLAVOURS TECHNOLOGY, S.A.U.",2022→2023,2022,2023,60105,"Azúcar PI 73,5-67",prod_perdido,28,null,-28,0.014,null,2000,null
3144,"DALLANT, S.A.",2022→2023,2022,2023,40000,Azúcar Blanco EEC Nº 2,vol_precio,95042.8,52656,-42386.8,144.4,48,658.19,1097
478,"MORENO RUIZ HERMANOS, S.L.",2022→2023,2022,2023,61222,Fosfruit,sin_actividad,0,null,0,0.001,null,0,null
7229,"LILLO CARRASCO, ANTONIO",2022→2023,2022,2023,62001,Apimix - Pienso completo - Apicultura,prod_perdido,249.2,null,-249.2,0.28,null,890,null
4033,"DULCES DELICIAS, S.L.",2022→2023,2022,2023,62403,Fondant ES-R04,sin_actividad,0,null,0,0.001,null,0,null
4010,"CAMPOS MARTINEZ, JOSE ANGEL",2022→2023,2022,2023,44301,Azucar Blanco – Materia Prima para Piensos,prod_perdido,365,null,-365,0.5,null,730,null
4142,"REZKALLAH, ABDELKADER",2022→2023,2022,2023,44313,Apipasta Vitaminas 90% - Pienso para Apicultura,prod_perdido,82.8,null,-82.8,0.09,null,920,null
7440,"LOPEZ FOOD GROUP, S.L.",2022→2023,2022,2023,43100,Sorbitol Liquido 70% No cristalizable,prod_perdido,3553.2,null,-3553.2,3.6,null,987,null
4600,"JALANCINA NATURE, S.L.",2022→2023,2022,2023,41005,Fructosa MAIZ Cristal Granulada,vol_precio,506.25,236.25,-270,0.375,0.125,1350,1890
5816,"SEVA ALCARAZ, JOSE VALENTIN",2022→2023,2022,2023,62001,Apimix - Pienso completo - Apicultura,prod_perdido,498.4,null,-498.4,0.56,null,890,null
194,"COFRUTOS, S.A.",2022→2023,2022,2023,60015,Azúcar Líquida Neutra - Cofrutos,vol_precio,688045.66,1028579.88,340534.22,1146.901,1269.72,599.92,810.08
618,"BAYOGAR, S.L.",2022→2023,2022,2023,40000,Azúcar Blanco EEC Nº 2,prod_perdido,37656,null,-37656,72,null,523,null
542,"SDAD.ESPAÑOLA COLOR. NATURALES Y AFINES, S.A.U.",2022→2023,2022,2023,40000,Azúcar Blanco EEC Nº 2,vol_precio,295426,569682,274256,430.4,577.2,686.4,986.98
436,"TURRONES JOSE GARRIGOS, S.A.",2022→2023,2022,2023,60119,Azúcar PI 74-50,vol_precio,287214.88,477269.12,190054.24,548.12,493.48,524,967.15
8177,"LESAFFRE IBERIA, S.A.",2022→2023,2022,2023,40103,Azúcar Moreno >2500i - Brown (Dry Dem BLZ),volumen,253032,162801.6,-90230.4,243.3,156.54,1040,1040
2271,"ABELLAN BIOFOODS, S.L.",2022→2023,2022,2023,40203,Azúcar BIO 300-500 -ES-ECO-024-MU (Agric No EU),volumen,12178.8,3216,-8962.8,7.6,2,1602.47,1608
4089,"COLAS CAÑETE, PEDRO",2022→2023,2022,2023,62001,Apimix - Pienso completo - Apicultura,prod_perdido,936,null,-936,1.2,null,780,null
1375,"JACOBO LOZANO, S.L.",2022→2023,2022,2023,62412,Fondant ES-R03 - Jacobo Lozano (Etiq. Cliente),prod_perdido,2835.75,null,-2835.75,2.85,null,995,null
2591,"ROSELL CARBONELL, GUILLERMO",2022→2023,2022,2023,44315,Apipasta PLUS - Pienso para Apicultura,prod_perdido,698.4,null,-698.4,0.582,null,1200,null
1567,SDAD.COOP.AND. GANADERA DE VALLE DE LOS PEDROCHES,2022→2023,2022,2023,61228,Fosvitae 95% Plus,sin_actividad,0,null,0,0.001,null,0,null
271,"LABORATORIOS ALMOND, S.L.",2022→2023,2022,2023,65015,Azúcar en polvo LM,volumen,576,178147.84,177571.84,0.453,139.178,1271.52,1280
5410,"CAÑAS MARTINEZ, FRANCISCO",2022→2023,2022,2023,44315,Apipasta PLUS - Pienso para Apicultura,prod_perdido,385.56,null,-385.56,0.252,null,1530,null
8308,"CONSERVAS TORO LÓPEZ, S.L.",2022→2023,2022,2023,61228,Fosvitae 95% Plus,sin_actividad,0,0,0,0.001,0.015,0,0
3644,"MOLINA HERNANDEZ, VICENTE",2022→2023,2022,2023,44315,Apipasta PLUS - Pienso para Apicultura,prod_perdido,63.84,null,-63.84,0.028,null,2280,null
3294,"PUNTO GOFRE, S.L.",2022→2023,2022,2023,60210,Azúcar Invertido 80º,prod_perdido,28392.3,null,-28392.3,29.54,null,961.15,null
5045,"DADELOS AGRICOLA, S.L.",2022→2023,2022,2023,44303,Fructosa Cristal – Materia Prima para Piensos,precio,62370,81473.7,19103.699999999997,46.2,46.2,1350,1763.5
396,"AGROTRANSFORMADOS, S.A.",2022→2023,2022,2023,60000,Azúcar Líquida Neutra 67º,vol_precio,533475.12,474018.1,-59457.02000000002,922.24,596.08,578.46,795.23
3921,"IBERFRUTA MUERZA, S.A.",2022→2023,2022,2023,43000,Maltitol Liquido 75-5308,volumen,52757.97,73160.1,20402.130000000005,36.21,50.7,1457,1443
1609,"RAMIRO RAMIRO, CIPRIANO",2022→2023,2022,2023,62000,Mix Idoneo - Pienso Completo - Apicultura,prod_perdido,1475,null,-1475,2.5,null,590,null
4561,"AGRICOM, S.R.L.",2022→2023,2022,2023,62001,Apimix - Pienso completo - Apicultura,vol_precio,8586.24,4200.64,-4385.599999999999,10.308,3.338,832.97,1258.43
8527,"MARTINEZ REINO, AMPARO",2022→2023,2022,2023,44313,Apipasta Vitaminas 90% - Pienso para Apicultura,prod_perdido,2320.5,null,-2320.5,2.1,null,1105,null
8461,"ENVASADOS ESPECIALES VALDEMORO, S.L.",2022→2023,2022,2023,40001,Azúcar Blanco 150 ICUMSA,sin_actividad,0,null,0,0.6,null,0,null
1619,"MIRALLES CLEMENTE, EDUARDO",2022→2023,2022,2023,40000,Azúcar Blanco EEC Nº 2,prod_perdido,584,null,-584,0.8,null,730,null
8349,"AGOTZAINA, S.L.",2022→2023,2022,2023,44131,Glucor 37/79,vol_precio,3402,7457.5,4055.5,3.6,4.75,945,1570
7556,"DESTILACIONES BORDAS CHINCHURRETA, S.A.",2022→2023,2022,2023,61200,Fosvitae 85%,sin_actividad,0,null,0,0.001,null,0,null
582,"HIJOS DE SALVADOR COSTA, S.L.",2022→2023,2022,2023,40203,Azúcar BIO 300-500 -ES-ECO-024-MU (Agric No EU),prod_perdido,8238.8,null,-8238.8,5.45,null,1511.71,null
496,"BODEGAS Y DESTILERIAS VIDAL, S.L.",2022→2023,2022,2023,61142,Mixco Sweet 70-00.4252,prod_perdido,27738.08,null,-27738.08,48.92,null,567.01,null
6366,"GARCIA FERNANDEZ, ANGELES",2022→2023,2022,2023,44314,Apipasta 90% - BIO - Pienso completo - Apicultura,vol_precio,542.7,788.55,245.8499999999999,0.27,0.375,2010,2102.8
7948,"SABORES GELADOS, UNIPESSOAL LDA",2022→2023,2022,2023,40345,Azúcar Perlado 4,prod_perdido,37906,null,-37906,22,null,1723,null
2469,"MUNDO BARQUILLO, S.L.",2022→2023,2022,2023,40000,Azúcar Blanco EEC Nº 2,vol_precio,61617.5,75952.6,14335.100000000006,83.5,60.52,737.93,1255
8480,"FLORGALA, S.L.",2022→2023,2022,2023,62403,Fondant ES-R04,sin_actividad,0,null,0,0.003,null,0,null
1854,"ROYPAS BY NUTRIS, S.A.",2022→2023,2022,2023,60105,"Azúcar PI 73,5-67",precio,2858.4,3480,621.5999999999999,2.4,2.4,1191,1450
2684,"INDUSTRIAS JIJONENCAS, S.A.",2022→2023,2022,2023,41006,Fructosa MAIZ Cristal Granulada Pallet Plast. CHEP,prod_perdido,1950,null,-1950,2,null,975,null
7612,DPTO. COMERCIAL,2022→2023,2022,2023,65024,Azúcar en Polvo - LM3 Micronizada - Plastico chep,sin_actividad,0,null,0,0.275,null,0,null
340,"ARTESANOS MENDEZ, S.A.",2022→2023,2022,2023,61127,"Mixco Sweet 71,5-50.1522-C",vol_precio,6321.6,6868.68,547.0799999999999,6,4.81,1053.6,1428
6891,"ENCINAS MARQUEZ, FERNANDO",2022→2023,2022,2023,62001,Apimix - Pienso completo - Apicultura,vol_precio,475,270,-205,0.5,0.25,950,1080
8251,APILINE DI FASSARI DOMINIQUE,2022→2023,2022,2023,44310,Apipasta 90% - Pienso completo - Apicultura,vol_precio,26039.25,80934,54894.75,26.55,57.75,980.76,1401.45
1387,"CHERUBINO VALSANGIACOMO, S.A.",2022→2023,2022,2023,60131,Azucar PI 77-50,sin_actividad,0,null,0,0.012,null,0,null
7268,"RUIZ MARISCAL, CRISTINA",2022→2023,2022,2023,44315,Apipasta PLUS - Pienso para Apicultura,prod_perdido,31.92,null,-31.92,0.014,null,2280,null
610,"TURRONES DOS HERMANOS,S.L.",2022→2023,2022,2023,40000,Azúcar Blanco EEC Nº 2,prod_perdido,18225,null,-18225,24.3,null,750,null
1241,"ACEITES DEL SUR-COOSUR, S.A.",2022→2023,2022,2023,40103,Azúcar Moreno >2500i - Brown (Dry Dem BLZ),sin_actividad,0,null,0,0.003,null,0,null
3534,"ITURRATE VEA, INES",2022→2023,2022,2023,62020,Mix Fructor Apicultor - Pienso completo - Apicult.,vol_precio,1632,1288.8,-343.20000000000005,2.2,1.2,741.82,1074
1854,"ROYPAS BY NUTRIS, S.A.",2022→2023,2022,2023,99950,Producto de Pruebas Líquido - 1,prod_perdido,5016,null,-5016,1.203,null,4169.58,null
2081,"ZUMOS Y FRUTAS CONCENTRADOS, S.L.",2022→2023,2022,2023,61249,Mixco Sweet 68-00.5050 RC,prod_perdido,579704.7,null,-579704.7,738.84,null,784.61,null
3482,"GALVEZ MARTINEZ, ANGEL",2022→2023,2022,2023,44313,Apipasta Vitaminas 90% - Pienso para Apicultura,vol_precio,529.05,418.5,-110.54999999999995,0.405,0.27,1306.3,1550
1023,"TORRONS VICENS, S.L.",2022→2023,2022,2023,60105,"Azúcar PI 73,5-67",vol_precio,10968,5004,-5964,9.6,3.6,1142.5,1390
8344,"PA DE MEL, S.L.",2022→2023,2022,2023,40000,Azúcar Blanco EEC Nº 2,vol_precio,39258.24,109625.2,70366.95999999999,71.12,103.42,552,1060
8041,"TORRENTE MARTINEZ, GINES",2022→2023,2022,2023,40203,Azúcar BIO 300-500 -ES-ECO-024-MU (Agric No EU),prod_perdido,37.9,null,-37.9,0.025,null,1516,null
4600,"JALANCINA NATURE, S.L.",2022→2023,2022,2023,40203,Azúcar BIO 300-500 -ES-ECO-024-MU (Agric No EU),prod_perdido,1755,null,-1755,1.35,null,1300,null
4286,"FERNANDEZ MOYA, ANGEL",2022→2023,2022,2023,44313,Apipasta Vitaminas 90% - Pienso para Apicultura,vol_precio,799.5,1278.75,479.25,0.6,0.825,1332.5,1550
462,"ROMEDUL, S.L.",2022→2023,2022,2023,43100,Sorbitol Liquido 70% No cristalizable,vol_precio,5400,2100,-3300,4.8,1.2,1125,1750
8718,"KHUTORIAN FROLENKOVA, ALEVTYNA",2022→2023,2022,2023,44314,Apipasta 90% - BIO - Pienso completo - Apicultura,vol_precio,2110.5,1116.23,-994.27,1.05,0.495,2010,2255.01
1661,"DELAVIUDA ALIMENTACION, S.A",2022→2023,2022,2023,44093,Fructor 100/80,vol_precio,5894.4,17796.75,11902.35,4.8,9.725,1228,1830
7456,"GUTIERREZ RIETRA, CARMEN",2022→2023,2022,2023,62001,Apimix - Pienso completo - Apicultura,prod_perdido,12.46,null,-12.46,0.014,null,890,null
575,HORCHATAS Y GRANIZADOS EL MAESTRAZGO SL,2022→2023,2022,2023,40000,Azúcar Blanco EEC Nº 2,prod_perdido,26001,null,-26001,24.3,null,1070,null
7481,"COMERCIAL AGROALIMENTARIA, S.L.",2022→2023,2022,2023,40206,Azúcar Blanco BIO ES-ECO-024-MU Ag No UE NOP,volumen,40250,54810,14560,32.2,43.8,1250,1251.37
5454,"ALIMENTACION Y NUTRICION FAMILIAR, S.L.",2022→2023,2022,2023,40000,Azúcar Blanco EEC Nº 2,prod_perdido,54395,null,-54395,98.9,null,550,null
8432,"NAVARRO GIMENO, VICENTE ",2022→2023,2022,2023,44313,Apipasta Vitaminas 90% - Pienso para Apicultura,vol_precio,251.1,209.25,-41.849999999999994,0.225,0.135,1116,1550
1751,"ANTONIO ARRAEZ, S.L",2022→2023,2022,2023,61900,Mix Fru-Dex 67º,vol_precio,19216.6,35215.94,15999.340000000004,19.625,29.03,979.19,1213.09
2728,"BUENDIA ALMAGRO, JUAN FRANCISCO",2022→2023,2022,2023,40200,Azúcar Golden - BIO - ES-ECO-024-MU (Agric No UE),prod_perdido,120.6,null,-120.6,0.075,null,1608,null
7126,"BENGOTXEA ANDIKOETXEA, HAIZEA",2022→2023,2022,2023,40203,Azúcar BIO 300-500 -ES-ECO-024-MU (Agric No EU),prod_perdido,804,null,-804,0.5,null,1608,null
428,"PASTELERIA INDUSTRIAL MONTE TURIA, S.A.",2022→2023,2022,2023,43100,Sorbitol Liquido 70% No cristalizable,vol_precio,17869.5,4296,-13573.5,18.05,2.4,990,1790
7651,SARL API DISTRIBUTION,2022→2023,2022,2023,44314,Apipasta 90% - BIO - Pienso completo - Apicultura,precio,8329.8,9082.5,752.7000000000007,4.17,4.2,1997.55,2162.5
5046,"CEREALTO SINTRA FOODS, S.A.",2022→2023,2022,2023,65015,Azúcar en polvo LM,vol_precio,69135.3,8669.7,-60465.600000000006,67.275,5.85,1027.65,1482
3685,"GARCIA MADRAMANY, FRANCISCO",2022→2023,2022,2023,44301,Azucar Blanco – Materia Prima para Piensos,prod_perdido,328.5,null,-328.5,0.45,null,730,null
2982,"LOPEZ SOLER, EMILIO JOSE",2022→2023,2022,2023,44315,Apipasta PLUS - Pienso para Apicultura,prod_perdido,321.3,null,-321.3,0.21,null,1530,null
1661,"DELAVIUDA ALIMENTACION, S.A",2022→2023,2022,2023,40330,Azúcar Perlado 2,sin_actividad,0,null,0,0.001,null,0,null
8486,BIENENLAND,2022→2023,2022,2023,44313,Apipasta Vitaminas 90% - Pienso para Apicultura,vol_precio,1008,3087,2079,1.05,2.1,960,1470
3150,"NAVARRO CRISTOFOL, VICENTE",2022→2023,2022,2023,44301,Azucar Blanco – Materia Prima para Piensos,prod_perdido,1095,null,-1095,1.5,null,730,null
7733,"SISU, C.B.",2022→2023,2022,2023,40207,Azúcar BIO <45 ES-ECO-024-MU Ag UE REMOLACHA,prod_perdido,402,null,-402,0.25,null,1608,null
5992,"CHOZAS CARRASCAL GR, S.L.",2022→2023,2022,2023,40203,Azúcar BIO 300-500 -ES-ECO-024-MU (Agric No EU),vol_precio,3035,1585,-1450,2,1,1517.5,1585
21,BRITISH SUGAR PLC,2022→2023,2022,2023,44313,Apipasta Vitaminas 90% - Pienso para Apicultura,sin_actividad,0,null,0,0.004,null,0,null
6355,"DE LA IGLESIA ROMERO, Mª DOLORES",2022→2023,2022,2023,44315,Apipasta PLUS - Pienso para Apicultura,prod_perdido,642.6,null,-642.6,0.42,null,1530,null
2009,"GARCIA SANTA CATALINA, RAUL",2022→2023,2022,2023,62000,Mix Idoneo - Pienso Completo - Apicultura,prod_perdido,70.56,null,-70.56,0.084,null,840,null
2705,"ESPECIAS HUERTAS, S.L.",2022→2023,2022,2023,65005,Azúcar en polvo LS,prod_perdido,592.2,null,-592.2,0.705,null,840,null
7326,"ACTIVA FOOD TECH, S.A.",2022→2023,2022,2023,40110,Azúcar Moreno Brown (Azucarera),prod_perdido,9345,null,-9345,10.5,null,890,null
7615,"LOPEZ CANTERO, MANUEL",2022→2023,2022,2023,44315,Apipasta PLUS - Pienso para Apicultura,vol_precio,85.68,319.2,233.51999999999998,0.056,0.14,1530,2280
3023,DIST. Y REPR. JOSE MIGUEL S.L.U.,2022→2023,2022,2023,40030,Azucar azucarera trimestral,prod_perdido,29816.1,null,-29816.1,24.3,null,1227,null
458,"CASTY, S.A.",2022→2023,2022,2023,40016,Azúcar Blanco EEC Nº 2,prod_perdido,260638.76,null,-260638.76,466.28,null,558.97,null
8247,"ALLJUICEMED, S.L.",2022→2023,2022,2023,64091,ATI 65º,prod_perdido,706338.08,null,-706338.08,1069.2,null,660.62,null
8247,"ALLJUICEMED, S.L.",2022→2023,2022,2023,61256,Mixco Sweet 65-00.5050 RC,vol_precio,60205.2,24168,-36037.2,76.2,25.44,790.09,950
7379,"EARTH-MIND BUSINESS GROUP, S.L.",2022→2023,2022,2023,61239,Mixco Sweet 74-00.5050 EM,vol_precio,828952.83,156243,-672709.83,747.602,101.321,1108.82,1542.06
9022,"SYMRISE IBÉRICA, S.L.",2022→2023,2022,2023,40350,Azúcar Granulado Extrafino,sin_actividad,0,null,0,0.001,null,0,null
517,"DUPAN, S.L.",2022→2023,2022,2023,40000,Azúcar Blanco EEC Nº 2,vol_precio,12122,13038.5,916.5,17.2,10.9,704.77,1196.19
1832,"SIERRAS ANDALUZAS, S.C.A.",2022→2023,2022,2023,44313,Apipasta Vitaminas 90% - Pienso para Apicultura,vol_precio,158445,111132,-47313,148.05,75.6,1070.21,1470
5144,"CORTES GOMEZ, JUAN FRANCISCO",2022→2023,2022,2023,62001,Apimix - Pienso completo - Apicultura,prod_perdido,1738.5,null,-1738.5,1.95,null,891.54,null
4329,"ZAFRA SANTILLANA, ELOY",2022→2023,2022,2023,62000,Mix Idoneo - Pienso Completo - Apicultura,vol_precio,4214,2180,-2034,5.8,2,726.55,1090
8536,SNC BRICO L'UTILE,2022→2023,2022,2023,44310,Apipasta 90% - Pienso completo - Apicultura,prod_perdido,3366,null,-3366,3.6,null,935,null
1304,"EMPRESA DE TRANSFORMACIÓN AGRARIA, S.A., S.M.E., M.P (TRAGSA)",2022→2023,2022,2023,40000,Azúcar Blanco EEC Nº 2,vol_precio,107530.5,15470,-92060.5,161.7,12.6,665,1227.78
3630,"FERNANDEZ LOPEZ, FERNANDO",2022→2023,2022,2023,44313,Apipasta Vitaminas 90% - Pienso para Apicultura,prod_perdido,93,null,-93,0.06,null,1550,null
878,"MARCH DELHOM, S.L.",2022→2023,2022,2023,40000,Azúcar Blanco EEC Nº 2,prod_perdido,855,null,-855,0.9,null,950,null
1646,"NAVARRO SALA, JOSE",2022→2023,2022,2023,44301,Azucar Blanco – Materia Prima para Piensos,prod_perdido,365,null,-365,0.5,null,730,null
6828,AGRUP.DEFENSA SANIT.APIC.REG.DE MURCIA,2022→2023,2022,2023,62020,Mix Fructor Apicultor - Pienso completo - Apicult.,prod_perdido,1155,null,-1155,1.75,null,660,null
4664,"DEL MORAL DIAZ, MIGUEL",2022→2023,2022,2023,44313,Apipasta Vitaminas 90% - Pienso para Apicultura,prod_perdido,46.5,null,-46.5,0.03,null,1550,null
8462,"CAPEL VINOS, S.A.",2022→2023,2022,2023,61255,Mixco Sweet 71-00.2446,vol_precio,92112.02,224582.16,132470.14,122.98,172.58,749,1301.32
1752,"ROYMY 21, S.L",2022→2023,2022,2023,43100,Sorbitol Liquido 70% No cristalizable,vol_precio,98604,3528,-95076,99.6,2.4,990,1470
1854,"ROYPAS BY NUTRIS, S.A.",2022→2023,2022,2023,43000,Maltitol Liquido 75-5308,vol_precio,123591.75,467593,344001.25,74.715,385.747,1654.18,1212.18
1760,"GONZALEZ BYASS, S.A",2022→2023,2022,2023,60000,Azúcar Líquida Neutra 67º,prod_perdido,149081.4,null,-149081.4,244.9,null,608.74,null
5892,"DISTRIBUCIONES BOLLFROST, S.L.",2022→2023,2022,2023,60114,"Azúcar PI 73,5-67-C",vol_precio,5926.2,3367.4,-2558.7999999999997,6.02,2.26,984.42,1490
422,"HERMANOS LOPEZ LLORET, S.A.",2022→2023,2022,2023,40024,Azúcar blanco EEC nº3 - 70 ICUMSA,prod_perdido,17448,null,-17448,24,null,727,null
5002,"CERVEZAS FERNANDEZ PONS, S.L.",2022→2023,2022,2023,40201,Azúcar Blanco BIO ES-ECO-024-MU Ag No UE,prod_perdido,296,null,-296,0.2,null,1480,null
7169,"MASTRIGO BIO GOURMET, S.L.",2022→2023,2022,2023,60123,"Azúcar PI 73,5-67 - BIO",sin_actividad,0,null,0,0.001,null,0,null
407,"PRODUCTOS KELMY, S.A.U.",2022→2023,2022,2023,44125,Glucor 42/81,prod_perdido,14372.18,null,-14372.18,24.074,null,597,null
440,"MAZAPANES Y DULCES DE TOLEDO, S.A.",2022→2023,2022,2023,61105,Mix Turrón 74-40.0619,prod_perdido,1460.4,null,-1460.4,1.2,null,1217,null
8251,APILINE DI FASSARI DOMINIQUE,2022→2023,2022,2023,44315,Apipasta PLUS - Pienso para Apicultura,sin_actividad,0,null,0,0.014,null,0,null
7396,"INDI CAPITAL TEAM, SL",2022→2023,2022,2023,40000,Azúcar Blanco EEC Nº 2,prod_perdido,14905.8,null,-14905.8,23.66,null,630,null
4369,"LA TIENDA DEL APICULTOR, S.L.U.",2022→2023,2022,2023,44314,Apipasta 90% - BIO - Pienso completo - Apicultura,precio,10080,10762.5,682.5,5.25,5.25,1920,2050
3781,"SOLDADO LLACER, VICENTE",2022→2023,2022,2023,62001,Apimix - Pienso completo - Apicultura,sin_cambio,270,270,0,0.25,0.25,1080,1080
1956,"MARSHMALLOWS INTERNATIONAL, S.L.U.",2022→2023,2022,2023,42000,Dextrosa Cristal Monohidrato Maiz,sin_actividad,0,null,0,0.026,null,0,null
4080,"MENDEZ MUELAS, JOSE FERNANDO",2022→2023,2022,2023,40203,Azúcar BIO 300-500 -ES-ECO-024-MU (Agric No EU),prod_perdido,40.2,null,-40.2,0.025,null,1608,null
2027,"DESTILERIAS AGUILAR, S.A.",2022→2023,2022,2023,60010,Azúcar Liquida Neutra S.A.,vol_precio,23693.33,46121.4,22428.07,27.504,39.42,861.45,1170
827,"TOMAS JIMENEZ, IGNACIO GERMAN",2022→2023,2022,2023,40000,Azúcar Blanco EEC Nº 2,prod_perdido,826.75,null,-826.75,0.775,null,1066.77,null
8471,"RUIZ MARTINEZ, JOSE ANTONIO",2022→2023,2022,2023,44314,Apipasta 90% - BIO - Pienso completo - Apicultura,prod_perdido,2197.8,null,-2197.8,1.02,null,2154.71,null
3155,"HORTAMED, S.L.",2022→2023,2022,2023,40000,Azúcar Blanco EEC Nº 2,prod_perdido,1020,null,-1020,1.36,null,750,null
5561,"SAIZ JIMENEZ, CLEMENTE",2022→2023,2022,2023,44315,Apipasta PLUS - Pienso para Apicultura,prod_perdido,160.72,null,-160.72,0.098,null,1640,null
6592,"LOPEZ GARCIA, FRANCISCA AURELIA",2022→2023,2022,2023,44313,Apipasta Vitaminas 90% - Pienso para Apicultura,volumen,3255,1627.5,-1627.5,2.1,1.05,1550,1550
566,"ALMACENES MIGUEZ 2005,S.L.",2022→2023,2022,2023,44310,Apipasta 90% - Pienso completo - Apicultura,vol_precio,3024,10599,7575,3.15,7.5,960,1413.2
548,"LA GONDOLA CONSERVAS VEGETALES, S.L.",2022→2023,2022,2023,40024,Azúcar blanco EEC nº3 - 70 ICUMSA,prod_perdido,24840,null,-24840,21.6,null,1150,null
3200,"PEINADO HERNANDEZ, EDUARDO",2022→2023,2022,2023,62001,Apimix - Pienso completo - Apicultura,prod_perdido,888,null,-888,1.2,null,740,null
541,"PANYPAST GRANADA, S.L.",2022→2023,2022,2023,62400,Fondant ES-R01,precio,3436.8,4752,1315.1999999999998,2.88,2.88,1193.33,1650
4002,"ABB MJ FERNANDEZ ARANDA, S.L.",2022→2023,2022,2023,40024,Azúcar blanco EEC nº3 - 70 ICUMSA,prod_perdido,33151.2,null,-33151.2,45.6,null,727,null
7440,"LOPEZ FOOD GROUP, S.L.",2022→2023,2022,2023,40000,Azúcar Blanco EEC Nº 2,vol_precio,178653,644346,465693,350.3,554,510,1163.08
6558,"SOC CHEF, S.L.",2022→2023,2022,2023,44131,Glucor 37/79,vol_precio,11424,16610.4,5186.4000000000015,9.6,10.8,1190,1538
3987,"GUADANATUR, S.L.",2022→2023,2022,2023,44313,Apipasta Vitaminas 90% - Pienso para Apicultura,vol_precio,5460,3139.5,-2320.5,4.2,2.1,1300,1495
266,"IBER COCKTAIL, S.L.",2022→2023,2022,2023,40025,Azucar Azucarera Spot,prod_perdido,704,null,-704,0.5,null,1408,null
5002,"CERVEZAS FERNANDEZ PONS, S.L.",2022→2023,2022,2023,40207,Azúcar BIO <45 ES-ECO-024-MU Ag UE REMOLACHA,volumen,1230.4,3229.8,1999.4,0.8,2.1,1538,1538
1117,COMERCIAL RUIZ ARRIBAS S. XXI. S.L.,2022→2023,2022,2023,40025,Azucar Azucarera Spot,prod_perdido,1170,null,-1170,0.9,null,1300,null
497,"LICORERA ALBELDENSE, S.L.",2022→2023,2022,2023,60010,Azúcar Liquida Neutra S.A.,vol_precio,7652.9,17902.5,10249.6,14.86,21.7,515,825
4288,GARCIA IGLESIAS. LARA,2022→2023,2022,2023,40204,Azúcar BIO 600-1200 -ES-ECO-024-MU (Agric No EU),prod_perdido,35.15,null,-35.15,0.025,null,1406,null
8888,"N. KRALLIS, S.A.",2022→2023,2022,2023,61200,Fosvitae 85%,sin_actividad,0,0,0,0.001,0.003,0,0
4587,"CARMAX GLASS, S.L.",2022→2023,2022,2023,44315,Apipasta PLUS - Pienso para Apicultura,vol_precio,10307.92,9900.8,-407.1200000000008,6.174,4.788,1669.57,2067.84
4469,"SEÑORIO DE BARAHONDA, S.L.",2022→2023,2022,2023,40000,Azúcar Blanco EEC Nº 2,vol_precio,236470.4,172352.4,-64118,359.5,145.2,657.78,1187
8247,"ALLJUICEMED, S.L.",2022→2023,2022,2023,61272,Mixco Sweet 72-00.5050 RC,volumen,53838.4,268808.96,214970.56000000003,50.6,252.64,1064,1064
2337,"METAROM IBERICA, S.A.U.",2022→2023,2022,2023,60010,Azúcar Liquida Neutra S.A.,prod_perdido,1002,null,-1002,1.2,null,835,null
5063,"MOTOS TRIGUEROS, FCO. JAVIER",2022→2023,2022,2023,62001,Apimix - Pienso completo - Apicultura,prod_perdido,186.9,null,-186.9,0.21,null,890,null
356,"TRIGUEROS ROBLES, MARIANO",2022→2023,2022,2023,44313,Apipasta Vitaminas 90% - Pienso para Apicultura,sin_cambio,465,465,0,0.3,0.3,1550,1550
2331,"ASELA, S.L.",2022→2023,2022,2023,62001,Apimix - Pienso completo - Apicultura,vol_precio,62.3,77.28,14.980000000000004,0.07,0.056,890,1380
8951,"PANADERIAS NUEVAS DE SANTANDER, S.L.",2022→2023,2022,2023,40000,Azúcar Blanco EEC Nº 2,prod_perdido,8724,null,-8724,12,null,727,null
297,"TARBAL FOOD, S.L.",2022→2023,2022,2023,44120,Glucor 45/80,volumen,1842,59097.5,57255.5,1.2,38.5,1535,1535
6251,"MIX PAK SYSTEM, S.L.",2022→2023,2022,2023,44120,Glucor 45/80,prod_perdido,1320,null,-1320,1.2,null,1100,null
3156,"FINI GOLOSINAS ESPAÑA, S.L.U.",2022→2023,2022,2023,62401,Fondant ES-R02,sin_actividad,0,null,0,0.001,null,0,null
1635,"IMPEX EUROPA, S.L",2022→2023,2022,2023,65005,Azúcar en polvo LS,volumen,723.69,601.44,-122.25,0.51,0.42,1419,1432
1741,"APICULTORES DE GUADALAJARA, S.A",2022→2023,2022,2023,62000,Mix Idoneo - Pienso Completo - Apicultura,prod_perdido,1475,null,-1475,2.5,null,590,null
8486,BIENENLAND,2022→2023,2022,2023,62001,Apimix - Pienso completo - Apicultura,prod_perdido,695.52,null,-695.52,0.84,null,828,null
5187,"DISTRIBUCIONES VARPEN, S.L.",2022→2023,2022,2023,65015,Azúcar en polvo LM,prod_perdido,4134,null,-4134,3.9,null,1060,null
3144,"DALLANT, S.A.",2022→2023,2022,2023,41005,Fructosa MAIZ Cristal Granulada,prod_perdido,4675,0,-4675,5,0,935,null
6162,BE ORGANIC KUWAIT FOR HEALTHY FOOD AND PLANTS COMPANY,2022→2023,2022,2023,44337,Apipasta Vitaminas - Pienso Apicultura - BE ORG KW,prod_perdido,2134.6,null,-2134.6,2.101,null,1015.99,null
6427,"PRODUCTOS OLE Y OLE, S.L.",2022→2023,2022,2023,60114,"Azúcar PI 73,5-67-C",prod_perdido,8220,null,-8220,8.4,null,978.57,null
239,"ASOCIACION DE APICULTORES DE VIZCAYA, B.E.",2022→2023,2022,2023,44310,Apipasta 90% - Pienso completo - Apicultura,prod_perdido,4635,null,-4635,4.5,null,1030,null
3987,"GUADANATUR, S.L.",2022→2023,2022,2023,62000,Mix Idoneo - Pienso Completo - Apicultura,prod_perdido,2208,null,-2208,2.4,null,920,null
535,"FRIMAR PANADEROS, S.L.",2022→2023,2022,2023,60216,Azúcar invertido 67% - COBOPA,vol_precio,147564.33,199342.46,51778.130000000005,147.107,141.166,1003.11,1412.11
405,"CHOVI, S.L.",2022→2023,2022,2023,42001,Dextrosa C.Monohidrato Maiz Pallet Plast.  CHEP,vol_precio,6914.95,19818,12903.05,6.013,10.8,1150,1835
6468,"DULCES LA CARTUJA, S.L.",2022→2023,2022,2023,43050,Maltitol en Polvo,volumen,774,1530,756,0.3,0.6,2580,2550
8391,"CASCALES GALVEZ, ANA ISABEL",2022→2023,2022,2023,44314,Apipasta 90% - BIO - Pienso completo - Apicultura,prod_perdido,848.25,null,-848.25,0.39,null,2175,null
4369,"LA TIENDA DEL APICULTOR, S.L.U.",2022→2023,2022,2023,44304,Azucar Polvo LS – Pienso completo – Apicultura,vol_precio,2398.5,1476,-922.5,2.925,1.23,820,1200
6877,"BERGUA BRUN, ANGEL",2022→2023,2022,2023,44310,Apipasta 90% - Pienso completo - Apicultura,prod_perdido,1102.5,null,-1102.5,1.05,null,1050,null
430,"MONZO LUIS, S.L.",2022→2023,2022,2023,40003,Azúcar Blanco EEC Nº 2 REMOLACHA,prod_perdido,965,null,-965,1,null,965,null
4542,"COMERCIAL FONT, C.B.",2022→2023,2022,2023,40110,Azúcar Moreno Brown (Azucarera),prod_perdido,742.5,null,-742.5,0.675,null,1100,null
347,"LOPEZ SANCHEZ, MARIA ISABEL",2022→2023,2022,2023,62001,Apimix - Pienso completo - Apicultura,prod_perdido,750,null,-750,1,null,750,null
7171,"QUIRANTE FRUITS, S.L.",2022→2023,2022,2023,64502,COMPO AL,vol_precio,190716,115719.12,-74996.88,164.463,76.131,1159.63,1520
4369,"LA TIENDA DEL APICULTOR, S.L.U.",2022→2023,2022,2023,44336,Fructosa Cristal Granulada – MP para Piensos,prod_perdido,3430,null,-3430,3.5,null,980,null
5346,"BODEGAS ELOSEGI, S.L.",2022→2023,2022,2023,40203,Azúcar BIO 300-500 -ES-ECO-024-MU (Agric No EU),prod_perdido,775,null,-775,0.5,null,1550,null
6374,ASOCIACION DE APICULTORES ALAVESES (APIAL),2022→2023,2022,2023,44315,Apipasta PLUS - Pienso para Apicultura,prod_perdido,61.6,null,-61.6,0.028,null,2200,null
4706,"HERMINIO MENDAÑA, S.L.",2022→2023,2022,2023,40000,Azúcar Blanco EEC Nº 2,prod_perdido,46995,null,-46995,71.4,null,658.19,null
433,"SANCHIS MIRA, S.A.",2022→2023,2022,2023,61119,Mixco Sweet 76-45.2127,precio,41150.15,47725.2,6575.049999999996,49.274,49.1,835.13,972
2975,"ARTUKOLUKE, S.L.",2022→2023,2022,2023,41000,Fructosa MAIZ Cristal,vol_precio,34069.75,9385,-24684.75,26.75,5,1273.64,1877
457,"AMAHER, S.L.",2022→2023,2022,2023,43100,Sorbitol Liquido 70% No cristalizable,vol_precio,22572,40728,18156,22.8,24,990,1697
5787,"FALCON, S.A.",2022→2023,2022,2023,62070,Mix Golden Jarabe,prod_perdido,33.6,null,-33.6,0.021,null,1600,null
5109,"INDUSTRIAS ROKO, S.A.",2022→2023,2022,2023,40350,Azúcar Granulado Extrafino,prod_perdido,10868.4,null,-10868.4,8.1,null,1341.78,null
1456,"ALIMENTOS AMORODO, S.L.",2022→2023,2022,2023,40203,Azúcar BIO 300-500 -ES-ECO-024-MU (Agric No EU),prod_perdido,5996,null,-5996,4,null,1499,null
1747,"FRUIT TECH NATURAL, S.A.",2022→2023,2022,2023,61228,Fosvitae 95% Plus,sin_actividad,0,null,0,0.005,null,0,null
6463,"7BAJOCERO, S.L.",2022→2023,2022,2023,61071,Mixco Sweet 71-50.1723,prod_perdido,13685.68,null,-13685.68,13.88,null,986,null
9044,YAMA PRODUCTS B.V.,2022→2023,2022,2023,40000,Azúcar Blanco EEC Nº 2,vol_precio,34020,152460,118440,25.8,108.9,1318.6,1400
528,"MANUFACTURAS COVISAL, S.L.",2022→2023,2022,2023,40000,Azúcar Blanco EEC Nº 2,prod_perdido,3897,null,-3897,4.5,null,866,null
565,"JUVER ALIMENTACION, S.L.U.",2022→2023,2022,2023,60000,Azúcar Líquida Neutra 67º,prod_perdido,36815.62,null,-36815.62,99.18,null,371.2,null
591,"MANTECAS PONS MART,S.L.",2022→2023,2022,2023,40000,Azúcar Blanco EEC Nº 2,prod_perdido,8542.8,null,-8542.8,12.6,null,678,null
2484,"CONSERVAS DO TAMEGA, S.L.",2022→2023,2022,2023,40204,Azúcar BIO 600-1200 -ES-ECO-024-MU (Agric No EU),prod_perdido,1520,null,-1520,1,null,1520,null
419,"DISTRIBUCIONES JAIME SARRION, S.L.",2022→2023,2022,2023,40103,Azúcar Moreno >2500i - Brown (Dry Dem BLZ),prod_perdido,675,null,-675,0.5,null,1350,null
9123,S.A.T. Nº9779 CARREÑO PEÑALVER HNOS,2022→2023,2022,2023,41000,Fructosa MAIZ Cristal,prod_perdido,719,null,-719,0.5,null,1438,null
7611,DPTO. CALIDAD,2022→2023,2022,2023,44327,APIPASTA NUEVAS VITAMINAS,sin_actividad,0,null,0,0.165,null,0,null
211,"MARTINEZ NIETO, S.A.",2022→2023,2022,2023,43052,Maltitol en Polvo Luijan 40 Mesh,prod_perdido,200,null,-200,0.05,null,4000,null
1538,"GOMEZ SILLERO, JOSE ANTONIO",2022→2023,2022,2023,44310,Apipasta 90% - Pienso completo - Apicultura,sin_cambio,3171,3150,-21,2.1,2.1,1510,1500
7463,"ESTEBAN REMON, ELENA MARIA",2022→2023,2022,2023,44313,Apipasta Vitaminas 90% - Pienso para Apicultura,prod_perdido,1627.5,null,-1627.5,1.05,null,1550,null
4198,"CANO ABARCA, RAMON",2022→2023,2022,2023,44310,Apipasta 90% - Pienso completo - Apicultura,prod_perdido,15.75,null,-15.75,0.015,null,1050,null
7897,"MANDIC OUTMILL MS4, S.L.",2022→2023,2022,2023,65005,Azúcar en polvo LS,prod_perdido,5991.38,null,-5991.38,4.875,null,1229,null
5949,"JURADO TORRES, RAFAEL",2022→2023,2022,2023,62001,Apimix - Pienso completo - Apicultura,prod_perdido,15.26,null,-15.26,0.014,null,1090,null
7268,"RUIZ MARISCAL, CRISTINA",2022→2023,2022,2023,62001,Apimix - Pienso completo - Apicultura,prod_perdido,38.64,null,-38.64,0.028,null,1380,null
5897,"ESTEBAN HERRERO, TRINIDAD GALA",2022→2023,2022,2023,62001,Apimix - Pienso completo - Apicultura,precio,1080,1296,216,1.2,1.2,900,1080
535,"FRIMAR PANADEROS, S.L.",2022→2023,2022,2023,43000,Maltitol Liquido 75-5308,vol_precio,18775.85,5457.5,-13318.349999999999,14.91,3.7,1259.28,1475
422,"HERMANOS LOPEZ LLORET, S.A.",2022→2023,2022,2023,40000,Azúcar Blanco EEC Nº 2,vol_precio,263009.31,209100,-53909.31,377.193,209.1,697.28,1000
1760,"GONZALEZ BYASS, S.A",2022→2023,2022,2023,60019,Azúcar Líquida Neutra 67º- Remolacha,volumen,22412,236672.16,214260.16,26,274.641,862,861.75
3833,"ASTURIAS APICOLA, S.L.",2022→2023,2022,2023,62001,Apimix - Pienso completo - Apicultura,vol_precio,3486,2640.4,-845.5999999999999,4.2,2.18,830,1211.19
6767,"NOGUER VIADER, JOSEP",2022→2023,2022,2023,44313,Apipasta Vitaminas 90% - Pienso para Apicultura,prod_perdido,7911,null,-7911,6.3,null,1255.71,null
2917,"CARAMEL FOOD, S.L.",2022→2023,2022,2023,40110,Azúcar Moreno Brown (Azucarera),prod_perdido,77.25,null,-77.25,0.075,null,1030,null
2283,"ROENCAR, S.L.U.",2022→2023,2022,2023,41000,Fructosa MAIZ Cristal,vol_precio,1024.2,182.2,-842,0.8,0.1,1280.25,1822
4362,"RUBIO FUERTES, MARIA ISABEL",2022→2023,2022,2023,44313,Apipasta Vitaminas 90% - Pienso para Apicultura,prod_perdido,46.5,null,-46.5,0.03,null,1550,null
8921,AGRIFOOD SERVICE AGRICOLA  S.R.L.S,2022→2023,2022,2023,44313,Apipasta Vitaminas 90% - Pienso para Apicultura,vol_precio,19188,12348,-6840,18.45,8.4,1040,1470
7268,"RUIZ MARISCAL, CRISTINA",2022→2023,2022,2023,44313,Apipasta Vitaminas 90% - Pienso para Apicultura,prod_perdido,46.5,null,-46.5,0.03,null,1550,null
920,"FONT SALEM, S.L.",2022→2023,2022,2023,40025,Azucar Azucarera Spot,sin_cambio,1215,1215,0,0.9,0.9,1350,1350
7611,DPTO. CALIDAD,2022→2023,2022,2023,62001,Apimix - Pienso completo - Apicultura,sin_actividad,0,0,0,0.042,0.04,0,0
3687,"PARDO GIMENEZ, CLAUDIO",2022→2023,2022,2023,62001,Apimix - Pienso completo - Apicultura,prod_perdido,161.98,null,-161.98,0.182,null,890,null
1787,"DULCES DEL TURIA, S.L.",2022→2023,2022,2023,65005,Azúcar en polvo LS,vol_precio,3120.83,4090.05,969.2200000000003,2.49,2.745,1253.35,1490
5445,COMPTOIR APICOLE LANGUEDOCIEN,2022→2023,2022,2023,44313,Apipasta Vitaminas 90% - Pienso para Apicultura,vol_precio,6784.8,6795,10.199999999999818,6.6,4.5,1028,1510
8480,"FLORGALA, S.L.",2022→2023,2022,2023,62401,Fondant ES-R02,vol_precio,27350.4,36586.56,9236.159999999996,21.123,22.08,1294.82,1657
8462,"CAPEL VINOS, S.A.",2022→2023,2022,2023,60105,"Azúcar PI 73,5-67",sin_actividad,0,null,0,0.002,null,0,null
7518,"VALERO FERNANDEZ, ANDRES",2022→2023,2022,2023,44315,Apipasta PLUS - Pienso para Apicultura,prod_perdido,1377.6,null,-1377.6,0.84,null,1640,null
5430,"ARTESANAS CASTILLO, C.B.",2022→2023,2022,2023,40000,Azúcar Blanco EEC Nº 2,sin_actividad,0,null,0,0,null,null,null
4167,"HUELAMO JURADO, MARCOS",2022→2023,2022,2023,44315,Apipasta PLUS - Pienso para Apicultura,vol_precio,107.1,110.88,3.780000000000001,0.07,0.056,1530,1980
200,MARIN GIMENEZ HNOS. S.A.,2022→2023,2022,2023,44093,Fructor 100/80,sin_actividad,0,null,0,0.002,null,0,null
4803,"LIAL DRINKS, S.L.",2022→2023,2022,2023,60105,"Azúcar PI 73,5-67",prod_perdido,5640,null,-5640,4.8,null,1175,null
3363,"BERNABEU CERDA, SILVESTRE",2022→2023,2022,2023,44313,Apipasta Vitaminas 90% - Pienso para Apicultura,prod_perdido,668.25,null,-668.25,0.495,null,1350,null
582,"HIJOS DE SALVADOR COSTA, S.L.",2022→2023,2022,2023,41005,Fructosa MAIZ Cristal Granulada,prod_perdido,1444.5,null,-1444.5,1.35,null,1070,null
4960,"MANUEL MATEO CANDEL, S.L.",2022→2023,2022,2023,61170,Mix Maltitol Sorbitol MS 74-8020,vol_precio,5688,2088,-3600,3.6,1.2,1580,1740
4002,"ABB MJ FERNANDEZ ARANDA, S.L.",2022→2023,2022,2023,44015,Fructor 10/77,vol_precio,4680,39089.2,34409.2,4.8,29.84,975,1309.96
793,"PASTISSERIA TORRENT, S.L.",2022→2023,2022,2023,40000,Azúcar Blanco EEC Nº 2,prod_perdido,4436.25,null,-4436.25,5.025,null,882.84,null
2154,"AB AZUCARERA IBERIA, S.L.",2022→2023,2022,2023,65021,Azúcar en polvo - LM3 Micronizada,prod_perdido,305525.24,null,-305525.24,420.431,null,726.7,null
462,"ROMEDUL, S.L.",2022→2023,2022,2023,40340,Azúcar Perlado 1,vol_precio,815,1187.9,372.9000000000001,0.5,0.7,1630,1697
3478,"APICOLA LA PARRA, S.L.U.",2022→2023,2022,2023,44313,Apipasta Vitaminas 90% - Pienso para Apicultura,vol_precio,241762.5,333914.7,92152.20000000001,216.3,231,1117.72,1445.52
2925,"BIGMAN NUTRITION, S.L.",2022→2023,2022,2023,42000,Dextrosa Cristal Monohidrato Maiz,prod_perdido,15708.5,null,-15708.5,14.9,null,1054.26,null
7189,"PASTISART IBERIA, S.L.U",2022→2023,2022,2023,60105,"Azúcar PI 73,5-67",vol_precio,46532.45,92005.4,45472.95,59.277,63.452,785,1450
4203,SARL API-CULTURE,2022→2023,2022,2023,44351,Apipasta 90% - Pienso completo – APICANDI,vol_precio,19489.5,25771.5,6282,21.3,17.55,915,1468.46
883,"JUAN MICO, JUAN",2022→2023,2022,2023,40000,Azúcar Blanco EEC Nº 2,sin_actividad,0,null,0,0,null,null,null
3023,DIST. Y REPR. JOSE MIGUEL S.L.U.,2022→2023,2022,2023,43052,Maltitol en Polvo Luijan 40 Mesh,prod_perdido,2490,null,-2490,1,null,2490,null
8520,"MOLA GOFRE, S.L.",2022→2023,2022,2023,40330,Azúcar Perlado 2,prod_perdido,115.5,null,-115.5,0.075,null,1540,null
6992,"RUIZ DE OZAETA, ANA INMACULADA",2022→2023,2022,2023,44313,Apipasta Vitaminas 90% - Pienso para Apicultura,prod_perdido,64.8,null,-64.8,0.06,null,1080,null
8524,"DEL RIO BARA, SANTIAGO",2022→2023,2022,2023,44310,Apipasta 90% - Pienso completo - Apicultura,prod_perdido,1890,null,-1890,1.8,null,1050,null
6560,MIEL Y CAMPO S.L.U,2022→2023,2022,2023,61186,Mixco Sweet 81-00.0932,prod_perdido,5076.5,null,-5076.5,4.815,null,1054.31,null
3915,"SUMINISTROS HELADERIA VIMAR, S.L.",2022→2023,2022,2023,42000,Dextrosa Cristal Monohidrato Maiz,prod_perdido,90,null,-90,0.075,null,1200,null
8912,MAISON VERGNON,2022→2023,2022,2023,44313,Apipasta Vitaminas 90% - Pienso para Apicultura,precio,4468.8,6174,1705.1999999999998,4.2,4.2,1064,1470
1386,"SCENTIUM FLAVOURS, S.L",2022→2023,2022,2023,65005,Azúcar en polvo LS,prod_perdido,4075.5,null,-4075.5,3.9,null,1045,null
1660,"BEAM SUNTORY SPAIN, S.L.",2022→2023,2022,2023,60010,Azúcar Liquida Neutra S.A.,prod_perdido,145409,null,-145409,338.76,null,429.24,null
6196,"APITIENDA SOLTAN, S.L.",2022→2023,2022,2023,44315,Apipasta PLUS - Pienso para Apicultura,vol_precio,7492.8,5292,-2200.8,5.04,2.52,1486.67,2100
7980,"AQUAPOOL CHEMICAL, S.L.",2022→2023,2022,2023,60105,"Azúcar PI 73,5-67",vol_precio,13437.7,11348.4,-2089.300000000001,12.066,8.4,1113.68,1351
9112,"BIOVIC CONSULTING, S.L.",2022→2023,2022,2023,99150,Residuos,sin_actividad,0,null,0,0.001,null,0,null
889,"ESPECIALIDADES DEL OBRADOR, S.L.",2022→2023,2022,2023,40103,Azúcar Moreno >2500i - Brown (Dry Dem BLZ),vol_precio,283.5,484,200.5,0.225,0.4,1260,1210
2884,"JOAQUIN AYORA, S.A.",2022→2023,2022,2023,40113,Azúcar Moreno Brown C,prod_perdido,25.5,null,-25.5,0.025,null,1020,null
8247,"ALLJUICEMED, S.L.",2022→2023,2022,2023,61245,Mixco Sweet 68-00.5050 I,prod_perdido,134908.1,null,-134908.1,127.56,null,1057.61,null
3987,"GUADANATUR, S.L.",2022→2023,2022,2023,62001,Apimix - Pienso completo - Apicultura,vol_precio,3204,8568,5364,3.6,8.04,890,1065.67
3754,"MARTINEZ SANCHIS, JOSE VICENTE",2022→2023,2022,2023,44313,Apipasta Vitaminas 90% - Pienso para Apicultura,prod_perdido,1360.8,null,-1360.8,1.26,null,1080,null
1918,"OLIVA SANTOS, CASTOR",2022→2023,2022,2023,44335,Azúcar Blanco BIO MP para piensos,prod_perdido,1595,null,-1595,1,null,1595,null
287,"SABOR DE CIEZA, SDAD. COOP.",2022→2023,2022,2023,60105,"Azúcar PI 73,5-67",prod_perdido,1332,null,-1332,1.2,null,1110,null
3477,"NICOPAN ESPAÑA, S.L.",2022→2023,2022,2023,40330,Azúcar Perlado 2,prod_perdido,8382,0,-8382,6,0.001,1397,0
7115,"RIVERBEND ESPAÑA, S.A",2022→2023,2022,2023,61257,Mixco Sweet 74-00.3244,sin_actividad,0,null,0,0.002,null,0,null
8947,"MARVANALI, S.L.",2022→2023,2022,2023,60105,"Azúcar PI 73,5-67",prod_perdido,1728,null,-1728,1.2,null,1440,null
3719,"CARCEL EJARTE, EMILIO",2022→2023,2022,2023,62001,Apimix - Pienso completo - Apicultura,vol_precio,186.9,193.2,6.299999999999983,0.21,0.14,890,1380
3752,"SON MORAGUES 1921, S.L.U.",2022→2023,2022,2023,40203,Azúcar BIO 300-500 -ES-ECO-024-MU (Agric No EU),volumen,294.4,144.8,-149.59999999999997,0.2,0.1,1472,1448
2577,"IMPORTACO CASA PONS, S.A.U.",2022→2023,2022,2023,40000,Azúcar Blanco EEC Nº 2,vol_precio,452842.16,296145.18,-156696.97999999998,588.98,241.685,768.86,1225.34
297,"TARBAL FOOD, S.L.",2022→2023,2022,2023,40110,Azúcar Moreno Brown (Azucarera),prod_perdido,72,null,-72,0.05,null,1440,null
5528,"FERNANDEZ LOPEZ, ANTONIO",2022→2023,2022,2023,44314,Apipasta 90% - BIO - Pienso completo - Apicultura,vol_precio,452.25,1305,852.75,0.225,0.6,2010,2175
1218,"RAMIRO LARRIO, JAVIER",2022→2023,2022,2023,44310,Apipasta 90% - Pienso completo - Apicultura,prod_perdido,3213,null,-3213,2.13,null,1508.45,null
8003,"OBLEAS QUINTIN, S.L.",2022→2023,2022,2023,40350,Azúcar Granulado Extrafino,vol_precio,5245.5,8757,3511.5,4.525,6.3,1159.23,1390
418,"MANUFACTURAS CEYLAN, S.L.",2022→2023,2022,2023,40025,Azucar Azucarera Spot,prod_perdido,29816.1,null,-29816.1,24.3,null,1227,null
8248,"CRA BODEGAS, S.L.",2022→2023,2022,2023,61249,Mixco Sweet 68-00.5050 RC,prod_perdido,72156.14,null,-72156.14,95.09,null,758.82,null
2511,CIRTEAS CRISTINEL AMUZA,2022→2023,2022,2023,62001,Apimix - Pienso completo - Apicultura,prod_perdido,1176,null,-1176,1.2,null,980,null
348,"PRODUCTOS SUR, S.A.U.",2022→2023,2022,2023,42000,Dextrosa Cristal Monohidrato Maiz,vol_precio,373110.4,544681.25,171570.84999999998,448.45,338.75,832,1607.92
6374,ASOCIACION DE APICULTORES ALAVESES (APIAL),2022→2023,2022,2023,44313,Apipasta Vitaminas 90% - Pienso para Apicultura,vol_precio,13230,13119.75,-110.25,10.5,8.925,1260,1470
7897,"MANDIC OUTMILL MS4, S.L.",2022→2023,2022,2023,41005,Fructosa MAIZ Cristal Granulada,prod_perdido,1562.5,null,-1562.5,1.25,null,1250,null
3705,"APICOLA JUNEDENCA, S.L.",2022→2023,2022,2023,44310,Apipasta 90% - Pienso completo - Apicultura,prod_perdido,3045,null,-3045,2.1,null,1450,null
8519,"PAULINO SOLANELLAS, S.L.",2022→2023,2022,2023,61228,Fosvitae 95% Plus,sin_actividad,0,null,0,0.001,null,0,null
8519,"PAULINO SOLANELLAS, S.L.",2022→2023,2022,2023,60000,Azúcar Líquida Neutra 67º,sin_actividad,0,null,0,0.001,null,0,null
3186,"BODEGAS SANVIVER, S.L.",2022→2023,2022,2023,40204,Azúcar BIO 600-1200 -ES-ECO-024-MU (Agric No EU),prod_perdido,1650,null,-1650,1,null,1650,null
1294,"SOREAL-ILOU, S.A.U.",2022→2023,2022,2023,62150,Jarabe de Melaza de Caña,vol_precio,19813.34,13334.4,-6478.9400000000005,18.406,9.6,1076.46,1389
5429,"NAVARRO VELLISCA, TOMAS",2022→2023,2022,2023,62001,Apimix - Pienso completo - Apicultura,volumen,137.34,390.96,253.61999999999998,0.126,0.362,1090,1080
9112,"BIOVIC CONSULTING, S.L.",2022→2023,2022,2023,99950,Producto de Pruebas Líquido - 1,sin_actividad,0,null,0,0.002,null,0,null
7775,"RUNAKAY PLUS, S.L.",2022→2023,2022,2023,40201,Azúcar Blanco BIO ES-ECO-024-MU Ag No UE,prod_perdido,1460,null,-1460,1,null,1460,null
3049,"LA GRANJA FOODS 1959, S.L.",2022→2023,2022,2023,60105,"Azúcar PI 73,5-67",prod_perdido,17811.2,null,-17811.2,24.68,null,721.69,null
237,"DULCES SANTA CRUZ, S.L.",2022→2023,2022,2023,60200,Azúcar Invertido 67º,vol_precio,3653.15,5194.35,1541.2000000000003,3.691,3.57,989.75,1455
322,"OLEORRESINAS MAR MENOR, S.L.",2022→2023,2022,2023,40000,Azúcar Blanco EEC Nº 2,prod_perdido,12742.8,null,-12742.8,14.7,null,866.86,null
7987,"MATOS INDUSTRIA E COMERCIO ALIMENTAR, LDA",2022→2023,2022,2023,40260,Melaza de Caña,vol_precio,7251.51,9100.95,1849.4400000000005,6.091,7.31,1190.53,1245
2577,"IMPORTACO CASA PONS, S.A.U.",2022→2023,2022,2023,40016,Azúcar Blanco EEC Nº 2,prod_perdido,10200,null,-10200,12,null,850,null
1894,"IBAÑEZ FEREZ, MARI CARMEN",2022→2023,2022,2023,44313,Apipasta Vitaminas 90% - Pienso para Apicultura,prod_perdido,437.4,null,-437.4,0.405,null,1080,null
1787,"DULCES DEL TURIA, S.L.",2022→2023,2022,2023,40025,Azucar Azucarera Spot,prod_perdido,3645,null,-3645,2.7,null,1350,null
8090,G.I.E. GROUPE LOMBARD,2022→2023,2022,2023,44315,Apipasta PLUS - Pienso para Apicultura,precio,4788,6384,1596,3.36,3.36,1425,1900
7617,"SANCHO MUNIESA, EMILIO",2022→2023,2022,2023,44313,Apipasta Vitaminas 90% - Pienso para Apicultura,precio,1134,1627.5,493.5,1.05,1.05,1080,1550
876,"DULPESAN, S.L.",2022→2023,2022,2023,40025,Azucar Azucarera Spot,prod_perdido,30253.5,null,-30253.5,24.3,null,1245,null
2009,"GARCIA SANTA CATALINA, RAUL",2022→2023,2022,2023,62001,Apimix - Pienso completo - Apicultura,prod_perdido,1495.2,null,-1495.2,1.68,null,890,null
7908,"DIMITROV NIKOLOV, ZHIVKO",2022→2023,2022,2023,44313,Apipasta Vitaminas 90% - Pienso para Apicultura,sin_cambio,46.5,46.5,0,0.03,0.03,1550,1550
6573,"GRAU SANCHEZ, MANUEL",2022→2023,2022,2023,44313,Apipasta Vitaminas 90% - Pienso para Apicultura,vol_precio,95.1,93,-2.0999999999999943,0.075,0.06,1268,1550
7059,"NUFRI, S.A.T. Nº 1596",2022→2023,2022,2023,44099,Fructor 100/78,vol_precio,233457.78,167526.36,-65931.42000000001,270.8,97.74,862.1,1714
429,"CROP IBERICA, S.A.U.",2022→2023,2022,2023,41005,Fructosa MAIZ Cristal Granulada,prod_perdido,3367,null,-3367,3.5,null,962,null
1661,"DELAVIUDA ALIMENTACION, S.A",2022→2023,2022,2023,43050,Maltitol en Polvo,vol_precio,25872,41720,15848,13.2,17.5,1960,2384
473,"MAZALMENDRA, S.L.",2022→2023,2022,2023,40000,Azúcar Blanco EEC Nº 2,vol_precio,165753.84,142204.86,-23548.98000000001,250.96,126.18,660.48,1127
8364,"VALVÍE- INDÚSTRIA ALIMENTAR, LDA.",2022→2023,2022,2023,61177,Mixco Sweet 81-00.0932 A-MI,vol_precio,1242,14868.74,13626.74,1.2,7.145,1035,2081
582,"HIJOS DE SALVADOR COSTA, S.L.",2022→2023,2022,2023,40030,Azucar azucarera trimestral,prod_perdido,1215,null,-1215,0.9,null,1350,null
1247,"TURRONES Y ESPECIALIDADES VIAR, S.A.",2022→2023,2022,2023,40203,Azúcar BIO 300-500 -ES-ECO-024-MU (Agric No EU),volumen,1590,954,-636,1,0.6,1590,1590
1075,AGRUPACION MURCIANA APICULTORES PROFESIONALES,2022→2023,2022,2023,44315,Apipasta PLUS - Pienso para Apicultura,prod_perdido,4926.6,null,-4926.6,3.22,null,1530,null
6460,"PARDO TOLOSA, JUAN",2022→2023,2022,2023,44315,Apipasta PLUS - Pienso para Apicultura,vol_precio,1284.78,127.68,-1157.1,0.826,0.056,1555.42,2280
190,"ALCURNIA ALIMENTACION, S.L.U",2022→2023,2022,2023,40000,Azúcar Blanco EEC Nº 2,prod_perdido,35400,null,-35400,70.8,null,500,null
279,"DULCES Y GOLOSINAS GLORIA, S.L.",2022→2023,2022,2023,44120,Glucor 45/80,vol_precio,124922.07,89563.55,-35358.520000000004,123.528,74.04,1011.29,1209.66
1962,"NAVARRO MORA, JOSEFA",2022→2023,2022,2023,62000,Mix Idoneo - Pienso Completo - Apicultura,prod_perdido,371,null,-371,0.35,null,1060,null
581,TURRON.Y CARAMEL. DE HELLIN SL,2022→2023,2022,2023,40000,Azúcar Blanco EEC Nº 2,prod_perdido,8107,null,-8107,12.1,null,670,null
7339,"BIONUTRICION VEGETAL, S.A.",2022→2023,2022,2023,60105,"Azúcar PI 73,5-67",prod_perdido,2112,null,-2112,2.4,null,880,null
7481,"COMERCIAL AGROALIMENTARIA, S.L.",2022→2023,2022,2023,40207,Azúcar BIO <45 ES-ECO-024-MU Ag UE REMOLACHA,sin_actividad,0,null,0,0,null,null,null
837,"PRODUCTOS ATOCHA, S.L.",2022→2023,2022,2023,60105,"Azúcar PI 73,5-67",prod_perdido,772.8,null,-772.8,0.84,null,920,null
9015,"FIERRO CALVO, ANDREA",2022→2023,2022,2023,44315,Apipasta PLUS - Pienso para Apicultura,precio,1915.2,1663.2,-252,0.84,0.84,2280,1980
985,GIPUZKOAKO ERLEZAIN ELKARTEA,2022→2023,2022,2023,44314,Apipasta 90% - BIO - Pienso completo - Apicultura,vol_precio,1858.5,2010,151.5,0.9,1.005,2065,2000
208,"LICORES Y DERIVADOS, S.A.",2022→2023,2022,2023,40010,Azúcar Blanco EEC Nº 1,prod_perdido,4954.95,null,-4954.95,4.95,null,1001,null
7534,"A FACTORIA ECOLOXICA, S.L.",2022→2023,2022,2023,40204,Azúcar BIO 600-1200 -ES-ECO-024-MU (Agric No EU),prod_perdido,7375,null,-7375,5,null,1475,null
6867,"SANCHEZ GONZALEZ, MANUELA",2022→2023,2022,2023,44304,Azucar Polvo LS – Pienso completo – Apicultura,prod_perdido,867.75,null,-867.75,0.975,null,890,null
1202,"APIGLASS ENVAS. Y MAT. APICOLA, S.L.",2022→2023,2022,2023,44310,Apipasta 90% - Pienso completo - Apicultura,vol_precio,10290,12852,2562,10.5,9.45,980,1360
5625,"AGUDO TORRIJOS, ALVARO",2022→2023,2022,2023,44301,Azucar Blanco – Materia Prima para Piensos,prod_perdido,75,null,-75,0.1,null,750,null
5501,"CALIDAD PASCUAL, S.A.",2022→2023,2022,2023,41000,Fructosa MAIZ Cristal,prod_perdido,57214.2,null,-57214.2,57.15,null,1001.12,null
2548,"MEETINGCOOK, S.L.",2022→2023,2022,2023,65005,Azúcar en polvo LS,prod_perdido,63,null,-63,0.075,null,840,null
7618,"NORTE VIZCAINO, AITOR",2022→2023,2022,2023,62001,Apimix - Pienso completo - Apicultura,prod_perdido,375,null,-375,0.49,null,765.31,null
5934,"ZEBERIO BEGIRISTAIN, AGUEDA",2022→2023,2022,2023,44313,Apipasta Vitaminas 90% - Pienso para Apicultura,vol_precio,2761.5,1627.5,-1134,2.1,1.05,1315,1550
2211,"GIL MARTINEZ, FRANCISCO GABRIEL",2022→2023,2022,2023,44313,Apipasta Vitaminas 90% - Pienso para Apicultura,prod_perdido,324,null,-324,0.3,null,1080,null
3192,"MATEU CARRION, JESUS",2022→2023,2022,2023,44313,Apipasta Vitaminas 90% - Pienso para Apicultura,prod_perdido,648,null,-648,0.6,null,1080,null
4748,"DIEZ OLIVARES, EMILIO",2022→2023,2022,2023,44313,Apipasta Vitaminas 90% - Pienso para Apicultura,vol_precio,507.9,232.5,-275.4,0.375,0.15,1354.4,1550
9014,"LEROY PROCESSING SPAIN, S.L.U.",2022→2023,2022,2023,40025,Azucar Azucarera Spot,prod_perdido,4633.2,null,-4633.2,3.6,null,1287,null
587,"DESTILERIAS RIOS, S.A.",2022→2023,2022,2023,60010,Azúcar Liquida Neutra S.A.,vol_precio,3506.88,5733.63,2226.75,3.438,4.79,1020.03,1197
8265,"GRANJA DE ELABORACIÓN ECOLÓGICA Y NATURAL, S.L.",2022→2023,2022,2023,61229,Fosvitae Plus Polvo,sin_actividad,0,null,0,0.001,null,0,null
5819,"CASTELLON AGUILAR, FRANCISCO JAVIER",2022→2023,2022,2023,41000,Fructosa MAIZ Cristal,prod_perdido,2820,null,-2820,3,null,940,null
8519,"PAULINO SOLANELLAS, S.L.",2022→2023,2022,2023,60105,"Azúcar PI 73,5-67",sin_actividad,0,null,0,0.001,null,0,null
8349,"AGOTZAINA, S.L.",2022→2023,2022,2023,44015,Fructor 10/77,prod_perdido,6146.4,null,-6146.4,6,null,1024.4,null
8472,"BELMONTE RODRIGUEZ, CRISTIAN",2022→2023,2022,2023,62001,Apimix - Pienso completo - Apicultura,prod_perdido,24.92,null,-24.92,0.028,null,890,null
7980,"AQUAPOOL CHEMICAL, S.L.",2022→2023,2022,2023,60000,Azúcar Líquida Neutra 67º,sin_actividad,0,0,0,0.001,0.002,0,0
1430,"BYC CHEMICAL, S.L.",2022→2023,2022,2023,42005,Dextrosa Cristal Monoh Trigo Cons Liquida (TER),prod_perdido,4160,null,-4160,4,null,1040,null
2366,"TEGAN BIPAL, S.L.",2022→2023,2022,2023,41000,Fructosa MAIZ Cristal,vol_precio,2315,4730,2415,2.25,2.5,1028.89,1892
8248,"CRA BODEGAS, S.L.",2022→2023,2022,2023,61247,Mixco Sweet 65-00.5050 U,vol_precio,3178256.84,6921904.84,3743648,2917.02,6147.34,1089.56,1126
1513,"AGROBIO, S.L.",2022→2023,2022,2023,62004,Mix Abejorros 65-30.4028 Pienso Completo - Apicult,sin_cambio,756105.68,761166.34,5060.659999999916,826.886,832.44,914.4,914.38
1538,"GOMEZ SILLERO, JOSE ANTONIO",2022→2023,2022,2023,44301,Azucar Blanco – Materia Prima para Piensos,prod_perdido,10310,null,-10310,12.5,null,824.8,null
433,"SANCHIS MIRA, S.A.",2022→2023,2022,2023,61170,Mix Maltitol Sorbitol MS 74-8020,volumen,141160.8,146285.78,5124.9800000000105,86.16,89.09,1638.36,1642
2112,"LACASA, S.A.U.",2022→2023,2022,2023,65016,Azúcar en polvo LM Pallet PLT,precio,2279.55,2882.1,602.5499999999997,1.95,1.95,1169,1478
1513,"AGROBIO, S.L.",2022→2023,2022,2023,44313,Apipasta Vitaminas 90% - Pienso para Apicultura,vol_precio,3016.5,1627.5,-1389,2.4,1.05,1256.88,1550
8519,"PAULINO SOLANELLAS, S.L.",2022→2023,2022,2023,61229,Fosvitae Plus Polvo,sin_actividad,0,null,0,0.001,null,0,null
8720,"NUTRAPROCES 2000, S.L.",2022→2023,2022,2023,61222,Fosfruit,sin_actividad,0,null,0,0.001,null,0,null
5002,"CERVEZAS FERNANDEZ PONS, S.L.",2022→2023,2022,2023,40204,Azúcar BIO 600-1200 -ES-ECO-024-MU (Agric No EU),prod_perdido,968.9,null,-968.9,0.65,null,1490.62,null
225,"FRUTAS Y CONSERVAS DE MURCIA, S.L.",2022→2023,2022,2023,60000,Azúcar Líquida Neutra 67º,vol_precio,998439.68,1559648.6,561208.92,1580.62,2036.84,631.68,765.72
215,"MARTIN BRAUN, S.A.",2022→2023,2022,2023,40000,Azúcar Blanco EEC Nº 2,vol_precio,82384,169566,87182,118,177,698.17,958
7980,"AQUAPOOL CHEMICAL, S.L.",2022→2023,2022,2023,61141,Mixco Sweet 69-70.0030,prod_perdido,14712.6,null,-14712.6,22.6,null,651,null
1854,"ROYPAS BY NUTRIS, S.A.",2022→2023,2022,2023,40013,Azucar Blanco EEC Nº2 Extrafino,prod_ganado,0,93,93,0.15,0.075,0,1240
517,"DUPAN, S.L.",2022→2023,2022,2023,43100,Sorbitol Liquido 70% No cristalizable,prod_perdido,1320.08,null,-1320.08,1.138,null,1160,null
6201,"OVALLE BOSQUE Y JARDIN, S.L.",2022→2023,2022,2023,44310,Apipasta 90% - Pienso completo - Apicultura,prod_perdido,229.5,null,-229.5,0.15,null,1530,null
523,"CORALIM INGREDIENTS, S.L.",2022→2023,2022,2023,40000,Azúcar Blanco EEC Nº 2,prod_perdido,1314,null,-1314,1.8,null,730,null
618,"BAYOGAR, S.L.",2022→2023,2022,2023,62411,Fondant ES-R01-Bayogar (Etiq. Plastica Anonima),vol_precio,18418.24,10736.64,-7681.600000000002,13.824,6.912,1332.34,1553.33
8344,"PA DE MEL, S.L.",2022→2023,2022,2023,62150,Jarabe de Melaza de Caña,sin_actividad,0,null,0,0.001,null,0,null
3089,"CANTIN CEBRIAN, JESUS MIGUEL",2022→2023,2022,2023,62001,Apimix - Pienso completo - Apicultura,prod_perdido,4680,null,-4680,6,null,780,null
5454,"ALIMENTACION Y NUTRICION FAMILIAR, S.L.",2022→2023,2022,2023,40201,Azúcar Blanco BIO ES-ECO-024-MU Ag No UE,sin_actividad,0,null,0,0.005,null,0,null
1119,"APILORE, S.L.",2022→2023,2022,2023,44411,Beesucre Vit. - Pienso completo - Apicultura,vol_precio,56590.8,14942.25,-41648.55,51.96,10.305,1089.12,1450
203,"MOLINA CARRILLO, ANTONIO",2022→2023,2022,2023,44313,Apipasta Vitaminas 90% - Pienso para Apicultura,prod_perdido,581.25,null,-581.25,0.375,null,1550,null
7831,"MOJICA DOMINGUEZ, ANDRES",2022→2023,2022,2023,44313,Apipasta Vitaminas 90% - Pienso para Apicultura,prod_perdido,226.8,null,-226.8,0.21,null,1080,null
8720,"NUTRAPROCES 2000, S.L.",2022→2023,2022,2023,61229,Fosvitae Plus Polvo,sin_actividad,0,null,0,0.001,null,0,null
400,"ASOCIACION IND. ALICANTINA DEL HELADO, S.A.",2022→2023,2022,2023,43050,Maltitol en Polvo,prod_perdido,45400,null,-45400,20,null,2270,null
6468,"DULCES LA CARTUJA, S.L.",2022→2023,2022,2023,40200,Azúcar Golden - BIO - ES-ECO-024-MU (Agric No UE),prod_perdido,280,null,-280,0.2,null,1400,null
516,"PAIARROP, S.L.",2022→2023,2022,2023,40000,Azúcar Blanco EEC Nº 2,vol_precio,86856,46443,-40413,115.6,41.1,751.35,1130
3375,"EUROCHOC, S.L.",2022→2023,2022,2023,62400,Fondant ES-R01,prod_perdido,50773.95,null,-50773.95,46.605,null,1089.45,null
204,"PERNOD RICARD ESPAÑA, S.A.",2022→2023,2022,2023,60131,Azucar PI 77-50,vol_precio,1084747.32,1865918.76,781171.44,1273.264,1538.2,851.94,1213.05
1149,"UNION GENIL, S.C.A",2022→2023,2022,2023,44015,Fructor 10/77,prod_perdido,7104,null,-7104,9.6,null,740,null
4600,"JALANCINA NATURE, S.L.",2022→2023,2022,2023,40000,Azúcar Blanco EEC Nº 2,prod_perdido,8586,null,-8586,9.9,null,867.27,null
5892,"DISTRIBUCIONES BOLLFROST, S.L.",2022→2023,2022,2023,60105,"Azúcar PI 73,5-67",prod_perdido,1212,null,-1212,1.2,null,1010,null
4424,"NAVAJAS PARRA, JOSE MIGUEL",2022→2023,2022,2023,44313,Apipasta Vitaminas 90% - Pienso para Apicultura,prod_perdido,356.4,null,-356.4,0.33,null,1080,null
3203,ASOCIACION DE APICULTORES DE GORBEA,2022→2023,2022,2023,44313,Apipasta Vitaminas 90% - Pienso para Apicultura,vol_precio,2646,1543.5,-1102.5,2.1,1.05,1260,1470
502,"GRANOVITA, S.A.",2022→2023,2022,2023,40110,Azúcar Moreno Brown (Azucarera),prod_perdido,1405.5,null,-1405.5,1.5,null,937,null
3378,"CORCOLES REOLID, VICENTE",2022→2023,2022,2023,62001,Apimix - Pienso completo - Apicultura,prod_perdido,950,null,-950,1,null,950,null
6449,"PRODEL AGRICOLA, S.L.",2022→2023,2022,2023,62001,Apimix - Pienso completo - Apicultura,vol_precio,2237.76,123.48,-2114.28,2.016,0.098,1110,1260
3794,"CIFRE SANZ, DIEGO",2022→2023,2022,2023,44313,Apipasta Vitaminas 90% - Pienso para Apicultura,vol_precio,1134,5510.25,4376.25,1.05,3.555,1080,1550
6330,"URIZARNA FAJARDO, VICTOR",2022→2023,2022,2023,44313,Apipasta Vitaminas 90% - Pienso para Apicultura,vol_precio,405,581.25,176.25,0.3,0.375,1350,1550
531,"DESARROLLOS PANADEROS LEVANTINOS, S.L.L.",2022→2023,2022,2023,40000,Azúcar Blanco EEC Nº 2,prod_perdido,4416,null,-4416,5,null,883.2,null
463,"REY ALIMENTACION, S.L.",2022→2023,2022,2023,44015,Fructor 10/77,vol_precio,1980,1704,-276,2.4,1.2,825,1420
535,"FRIMAR PANADEROS, S.L.",2022→2023,2022,2023,41000,Fructosa MAIZ Cristal,prod_perdido,167.1,null,-167.1,0.15,null,1114,null
1455,"RAMIREZ LOPEZ, JOSE",2022→2023,2022,2023,44313,Apipasta Vitaminas 90% - Pienso para Apicultura,prod_perdido,697.5,null,-697.5,0.45,null,1550,null
5445,COMPTOIR APICOLE LANGUEDOCIEN,2022→2023,2022,2023,44310,Apipasta 90% - Pienso completo - Apicultura,vol_precio,4518,5364,846,4.5,3.6,1004,1490
8247,"ALLJUICEMED, S.L.",2022→2023,2022,2023,61271,Mixco Sweet 68-00.5050 RC,volumen,197071.42,91231.92,-105839.50000000001,202.54,92.34,973,988
1433,"SAORIN GUILLAMON, JESUS",2022→2023,2022,2023,62001,Apimix - Pienso completo - Apicultura,prod_perdido,847.78,null,-847.78,0.852,null,995.05,null
492,"ENRIQUE GARRIGOS MONERRIS, S.A.",2022→2023,2022,2023,40203,Azúcar BIO 300-500 -ES-ECO-024-MU (Agric No EU),prod_perdido,2310,null,-2310,1.4,null,1650,null
1433,"SAORIN GUILLAMON, JESUS",2022→2023,2022,2023,44313,Apipasta Vitaminas 90% - Pienso para Apicultura,precio,81,116.25,35.25,0.075,0.075,1080,1550
8247,"ALLJUICEMED, S.L.",2022→2023,2022,2023,61273,Mixco Sweet 72-09.6427 B2,prod_perdido,45461.33,null,-45461.33,44.3,null,1026.22,null
517,"DUPAN, S.L.",2022→2023,2022,2023,40030,Azucar azucarera trimestral,vol_precio,2700,4554,1854,2,3.6,1350,1265
1023,"TORRONS VICENS, S.L.",2022→2023,2022,2023,40340,Azúcar Perlado 1,prod_perdido,285,null,-285,0.15,null,1900,null
3693,"GRAU SEVILLA, RAMON",2022→2023,2022,2023,40025,Azucar Azucarera Spot,prod_perdido,401.4,null,-401.4,0.3,null,1338,null
3777,"NATURVAL APICOLA, S.L.U.",2022→2023,2022,2023,62071,Mix Golden Jarabe Alto Color,sin_actividad,0,null,0,0.001,null,0,null
239,"ASOCIACION DE APICULTORES DE VIZCAYA, B.E.",2022→2023,2022,2023,44313,Apipasta Vitaminas 90% - Pienso para Apicultura,vol_precio,22266,38619,16353,16.5,26.1,1349.45,1479.66
1513,"AGROBIO, S.L.",2022→2023,2022,2023,62007,Mix Abejorros 60-30.4028 Pienso Completo - Apicult,vol_precio,541739.1,698355.12,156616.02000000002,682.28,826.48,794.01,844.98
2025,"VALLE BALLINA Y FERNANDEZ, S.A.",2022→2023,2022,2023,61142,Mixco Sweet 70-00.4252,precio,9993.6,13842.78,3849.1800000000003,9.602,9.66,1040.78,1433
8247,"ALLJUICEMED, S.L.",2022→2023,2022,2023,61259,Mixco Sweet 68-00.5050 U,vol_precio,212451.48,23009.6,-189441.88,177.27,19.734,1198.46,1165.99
3089,"CANTIN CEBRIAN, JESUS MIGUEL",2022→2023,2022,2023,40000,Azúcar Blanco EEC Nº 2,prod_perdido,810,null,-810,0.9,null,900,null
7559,"QUALITY FROZEN SOLUTIONS, S.L.",2022→2023,2022,2023,60105,"Azúcar PI 73,5-67",prod_perdido,1754.63,null,-1754.63,1.624,null,1080.44,null
1854,"ROYPAS BY NUTRIS, S.A.",2022→2023,2022,2023,40016,Azúcar Blanco EEC Nº 2,vol_precio,19571.3,245745,226173.7,35,215,559.18,1143
4710,"VICENTE PONCE, GERMAN",2022→2023,2022,2023,44315,Apipasta PLUS - Pienso para Apicultura,prod_perdido,478.8,null,-478.8,0.21,null,2280,null
1543,"TORRALBA GOMEZ, AGUSTIN",2022→2023,2022,2023,44315,Apipasta PLUS - Pienso para Apicultura,prod_perdido,214.2,null,-214.2,0.14,null,1530,null
722,"CAPRICE DECOR,S.L.",2022→2023,2022,2023,60122,"Azúcar PI 73,5-67-C Sin Serigrafiar",prod_perdido,764.4,null,-764.4,0.84,null,910,null
1205,"MERCADONA, S.A.",2022→2023,2022,2023,45001,Azucar Blanco EEC nº2 - PQ01 RETAIL HACENDADO,prod_perdido,2518843.42,null,-2518843.42,4291.716,null,586.91,null
762,"VIOKOX, S.A",2022→2023,2022,2023,40000,Azúcar Blanco EEC Nº 2,vol_precio,87790.5,49032,-38758.5,132.3,40.5,663.57,1210.67
7829,"ORANGE VALENCIA WORLD, S.L. ",2022→2023,2022,2023,61233,Base Neutra MIP 2323,sin_actividad,0,null,0,0.002,null,0,null
582,"HIJOS DE SALVADOR COSTA, S.L.",2022→2023,2022,2023,40000,Azúcar Blanco EEC Nº 2,prod_perdido,11020.5,null,-11020.5,14.1,null,781.6,null
7612,DPTO. COMERCIAL,2022→2023,2022,2023,40007,Azúcar Blanco EEC Nº 2 ACOR / TEREOS.,sin_actividad,0,null,0,0.325,null,0,null
3464,"GIJON TORRES, JOAQUIN",2022→2023,2022,2023,44301,Azucar Blanco – Materia Prima para Piensos,prod_perdido,2628,null,-2628,3.6,null,730,null
8479,FA. BLIESGAUBEUTE,2022→2023,2022,2023,44314,Apipasta 90% - BIO - Pienso completo - Apicultura,prod_perdido,4032,null,-4032,2.1,null,1920,null
8641,"GALLETAS GULLÓN, S.A.",2022→2023,2022,2023,40000,Azúcar Blanco EEC Nº 2,prod_ganado,0,650182.08,650182.08,0.002,571.842,0,1137
2296,"TORRALBA BARBERA, MARIA CARMEN",2022→2023,2022,2023,40000,Azúcar Blanco EEC Nº 2,prod_perdido,365,null,-365,0.5,null,730,null
8251,APILINE DI FASSARI DOMINIQUE,2022→2023,2022,2023,62001,Apimix - Pienso completo - Apicultura,prod_ganado,0,9620.2,9620.2,0.014,9.34,0,1030
8639,ADS APICOLA UPA GUADALAJARA,2022→2023,2022,2023,44313,Apipasta Vitaminas 90% - Pienso para Apicultura,vol_precio,316.35,15435,15118.65,0.285,10.5,1110,1470
436,"TURRONES JOSE GARRIGOS, S.A.",2022→2023,2022,2023,61189,Mixco Sweet 77-50.1825,vol_precio,11591.8,4068,-7523.799999999999,24.2,3.6,479,1130
1080,"VIDAL GOLOSINAS, S.A.",2022→2023,2022,2023,40000,Azúcar Blanco EEC Nº 2,prod_perdido,707100,null,-707100,1260,null,561.19,null
3409,"MAGNOLIA PREMIUM, S.L.",2022→2023,2022,2023,40000,Azúcar Blanco EEC Nº 2,prod_perdido,434.2,null,-434.2,0.325,null,1336,null
7055,"AGROPECUARIA CASTIÑEIRAS, S.L.",2022→2023,2022,2023,44313,Apipasta Vitaminas 90% - Pienso para Apicultura,prod_perdido,2761.5,null,-2761.5,2.1,null,1315,null
7355,"CABALLERO CALVO, ANTONIO",2022→2023,2022,2023,44313,Apipasta Vitaminas 90% - Pienso para Apicultura,prod_perdido,1134,null,-1134,1.05,null,1080,null
353,"QUALITY SPICES, S.L.",2022→2023,2022,2023,40025,Azucar Azucarera Spot,prod_perdido,5895,null,-5895,4.5,null,1310,null
1354,"VICENTE ABELLAN, FERNANDO GINES",2022→2023,2022,2023,62001,Apimix - Pienso completo - Apicultura,vol_precio,124.6,289.8,165.20000000000002,0.14,0.21,890,1380
3504,"CIFRE ALMONACIL, RAFAEL",2022→2023,2022,2023,44315,Apipasta PLUS - Pienso para Apicultura,prod_perdido,321.3,null,-321.3,0.21,null,1530,null
6636,"TECNICAS MECANICAS ILERDENSES, S.L.",2022→2023,2022,2023,65015,Azúcar en polvo LM,sin_actividad,0,0,0,0.36,-0.3,0,0
7908,"DIMITROV NIKOLOV, ZHIVKO",2022→2023,2022,2023,44301,Azucar Blanco – Materia Prima para Piensos,prod_perdido,36.5,null,-36.5,0.05,null,730,null
535,"FRIMAR PANADEROS, S.L.",2022→2023,2022,2023,43100,Sorbitol Liquido 70% No cristalizable,vol_precio,10316.49,10740,423.5100000000002,9.451,6,1091.58,1790
7851,"MARTINEZ CERVANTES, CAROLINA",2022→2023,2022,2023,44313,Apipasta Vitaminas 90% - Pienso para Apicultura,prod_perdido,226.8,null,-226.8,0.21,null,1080,null
3187,"AZELIS ESPAÑA, S.A.",2022→2023,2022,2023,44131,Glucor 37/79,vol_precio,12090,37296,25206,15.6,25.2,775,1480
8720,"NUTRAPROCES 2000, S.L.",2022→2023,2022,2023,61200,Fosvitae 85%,sin_actividad,0,null,0,0.001,null,0,null
8477,"DE MIGUEL BES, MARIA TERESA",2022→2023,2022,2023,44310,Apipasta 90% - Pienso completo - Apicultura,prod_perdido,425.25,null,-425.25,0.405,null,1050,null
462,"ROMEDUL, S.L.",2022→2023,2022,2023,40000,Azúcar Blanco EEC Nº 2,prod_perdido,8760,null,-8760,12,null,730,null
8404,"IZQUIERDO GARCIA, MANUEL",2022→2023,2022,2023,44314,Apipasta 90% - BIO - Pienso completo - Apicultura,vol_precio,1217.7,873.6,-344.1,0.54,0.42,2255,2080
7245,CHESTE AGRARIA COOP. V,2022→2023,2022,2023,40260,Melaza de Caña,prod_perdido,1478.7,null,-1478.7,1.86,null,795,null
6683,"SUMINISTROS MAESTRE, S.L.",2022→2023,2022,2023,60114,"Azúcar PI 73,5-67-C",prod_perdido,1855.52,null,-1855.52,1.638,null,1132.8,null
6253,"FUENTES GARCIA, PABLO",2022→2023,2022,2023,62001,Apimix - Pienso completo - Apicultura,prod_perdido,99.96,null,-99.96,0.084,null,1190,null
4634,"MASQPAN EXCLUSIVAS, S.L.",2022→2023,2022,2023,40000,Azúcar Blanco EEC Nº 2,prod_perdido,3944.5,null,-3944.5,5.3,null,744.25,null
3793,"PERALES GALVEZ, CELESTINO",2022→2023,2022,2023,62001,Apimix - Pienso completo - Apicultura,vol_precio,24.92,270,245.07999999999998,0.028,0.25,890,1080
4085,"ANDREU ZAMORA, VICENTE",2022→2023,2022,2023,44315,Apipasta PLUS - Pienso para Apicultura,vol_precio,642.6,1915.2,1272.6,0.42,0.84,1530,2280
7832,"GISBERT HURTADO, ANTONIO",2022→2023,2022,2023,44310,Apipasta 90% - Pienso completo - Apicultura,prod_perdido,551.25,null,-551.25,0.525,null,1050,null
531,"DESARROLLOS PANADEROS LEVANTINOS, S.L.L.",2022→2023,2022,2023,65005,Azúcar en polvo LS,vol_precio,1570.8,6212.03,4641.23,1.32,4.365,1190,1423.15
876,"DULPESAN, S.L.",2022→2023,2022,2023,44015,Fructor 10/77,vol_precio,2520,1740,-780,2.4,1.2,1050,1450
8247,"ALLJUICEMED, S.L.",2022→2023,2022,2023,61249,Mixco Sweet 68-00.5050 RC,vol_precio,2452534.98,49155.96,-2403379.02,3211.35,50.52,763.71,973
3687,"PARDO GIMENEZ, CLAUDIO",2022→2023,2022,2023,40000,Azúcar Blanco EEC Nº 2,prod_perdido,146,null,-146,0.2,null,730,null
3705,"APICOLA JUNEDENCA, S.L.",2022→2023,2022,2023,44314,Apipasta 90% - BIO - Pienso completo - Apicultura,prod_perdido,979.2,null,-979.2,0.51,null,1920,null
8932,"MARCO RUIZ, MANUEL ANDRES",2022→2023,2022,2023,62001,Apimix - Pienso completo - Apicultura,prod_perdido,76.3,null,-76.3,0.07,null,1090,null
1746,"PRIMITIVO PICO, S.A",2022→2023,2022,2023,40030,Azucar azucarera trimestral,prod_perdido,30302.1,null,-30302.1,24.3,null,1247,null
3105,"REY CANO, FRANCISCO",2022→2023,2022,2023,44313,Apipasta Vitaminas 90% - Pienso para Apicultura,vol_precio,1166.4,348.75,-817.6500000000001,1.08,0.225,1080,1550
3187,"AZELIS ESPAÑA, S.A.",2022→2023,2022,2023,43100,Sorbitol Liquido 70% No cristalizable,prod_perdido,18876,null,-18876,24.201,null,779.97,null
4997,"PRODUCTOS LA MULATA, S.L.",2022→2023,2022,2023,44131,Glucor 37/79,vol_precio,5854.8,14522.2,8667.400000000001,6,9.43,975.8,1540
1933,"YEPES CANDEL, ANTONIO",2022→2023,2022,2023,44313,Apipasta Vitaminas 90% - Pienso para Apicultura,prod_perdido,344.25,null,-344.25,0.3,null,1147.5,null
8258,"BRIOIXPAN, S.L.",2022→2023,2022,2023,40110,Azúcar Moreno Brown (Azucarera),prod_perdido,8265,null,-8265,7.5,null,1102,null
1569,"ALHAMA FERRER, JUAN ANTONIO",2022→2023,2022,2023,44313,Apipasta Vitaminas 90% - Pienso para Apicultura,vol_precio,48.6,46.5,-2.1000000000000014,0.045,0.03,1080,1550
3673,"LATORRE GARCIA, RAUL",2022→2023,2022,2023,44313,Apipasta Vitaminas 90% - Pienso para Apicultura,prod_perdido,64.8,null,-64.8,0.06,null,1080,null
7022,"FRUTOS SECOS EMPERADOR, S.L.",2022→2023,2022,2023,61222,Fosfruit,precio,23.2,33.6,10.400000000000002,0.008,0.008,2900,4200
7379,"EARTH-MIND BUSINESS GROUP, S.L.",2022→2023,2022,2023,61240,Base Neutra MIP 74-2323,sin_actividad,0,null,0,0.001,null,0,null
3699,"GONZALEZ CARBALLAL, S.L.",2022→2023,2022,2023,62001,Apimix - Pienso completo - Apicultura,vol_precio,21505.72,174767.88,153262.16,31.34,178.285,686.21,980.27
6045,"BODEGAS WILLIAMS & HUMBERT, S.A.",2022→2023,2022,2023,60000,Azúcar Líquida Neutra 67º,sin_actividad,0,null,0,0.001,null,0,null
1771,"EL CASERIO, S.A",2022→2023,2022,2023,40000,Azúcar Blanco EEC Nº 2,vol_precio,118973.88,89411.4,-29562.48000000001,150.02,76.42,793.05,1170
9112,"BIOVIC CONSULTING, S.L.",2022→2023,2022,2023,62070,Mix Golden Jarabe,sin_actividad,0,null,0,0.001,null,0,null
4505,"FIESTA COLOMBINA, S.L.U.",2022→2023,2022,2023,41005,Fructosa MAIZ Cristal Granulada,vol_precio,13297.8,24505,11207.2,9.975,13.75,1333.11,1782.18
6449,"PRODEL AGRICOLA, S.L.",2022→2023,2022,2023,44315,Apipasta PLUS - Pienso para Apicultura,vol_precio,3049.2,1602.72,-1446.4799999999998,1.68,0.742,1815,2160
2577,"IMPORTACO CASA PONS, S.A.U.",2022→2023,2022,2023,40030,Azucar azucarera trimestral,volumen,14777.1,9093.6,-5683.5,11.7,7.2,1263,1263
7169,"MASTRIGO BIO GOURMET, S.L.",2022→2023,2022,2023,62070,Mix Golden Jarabe,sin_actividad,0,null,0,0.003,null,0,null
74,"EL MOSCA, S.A.",2022→2023,2022,2023,44315,Apipasta PLUS - Pienso para Apicultura,prod_perdido,85.68,null,-85.68,0.056,null,1530,null
3306,"INBIOLEV, S.L.",2022→2023,2022,2023,41000,Fructosa MAIZ Cristal,prod_perdido,1675,null,-1675,1.25,null,1340,null
1241,"ACEITES DEL SUR-COOSUR, S.A.",2022→2023,2022,2023,40000,Azúcar Blanco EEC Nº 2,vol_precio,221214,120714,-100500,238.4,102.3,927.91,1180
5819,"CASTELLON AGUILAR, FRANCISCO JAVIER",2022→2023,2022,2023,40000,Azúcar Blanco EEC Nº 2,prod_perdido,16109.63,null,-16109.63,24.225,null,665,null
4002,"ABB MJ FERNANDEZ ARANDA, S.L.",2022→2023,2022,2023,61104,Mixco Sweet 81-05.5041 A-MI,prod_perdido,3257.1,null,-3257.1,3.102,null,1050,null
455,"EMILIO PEÑA, S.A.",2022→2023,2022,2023,43100,Sorbitol Liquido 70% No cristalizable,vol_precio,14496,5982,-8514,12,3.6,1208,1661.67
5696,"PAREDES RUIZ, MARIANO",2022→2023,2022,2023,44313,Apipasta Vitaminas 90% - Pienso para Apicultura,prod_perdido,526.5,null,-526.5,0.45,null,1170,null
528,"MANUFACTURAS COVISAL, S.L.",2022→2023,2022,2023,40025,Azucar Azucarera Spot,volumen,2484,3726,1242,1.8,2.7,1380,1380
3691,"RUBIO GIMENO, MIGUEL",2022→2023,2022,2023,44313,Apipasta Vitaminas 90% - Pienso para Apicultura,prod_perdido,69.75,null,-69.75,0.045,null,1550,null
2526,"LOPEZ PEREZ, JUAN",2022→2023,2022,2023,44313,Apipasta Vitaminas 90% - Pienso para Apicultura,prod_perdido,232.5,null,-232.5,0.15,null,1550,null
6557,"MAR FERTILIZANTES, S.L.",2022→2023,2022,2023,60105,"Azúcar PI 73,5-67",precio,6372,8449,2077,6,6.1,1062,1385.08
3239,"SUCESORES DE ARTURO CARBONELL, S.L.",2022→2023,2022,2023,40110,Azúcar Moreno Brown (Azucarera),prod_perdido,435,null,-435,0.3,null,1450,null
4589,"MORALES LOPEZ, JUAN ANTONIO",2022→2023,2022,2023,44314,Apipasta 90% - BIO - Pienso completo - Apicultura,sin_cambio,1076.25,1092,15.75,0.525,0.525,2050,2080
4854,"FERRANDIS RIBES, JOSE ENRIQUE",2022→2023,2022,2023,62001,Apimix - Pienso completo - Apicultura,precio,375,540,165,0.5,0.5,750,1080
7755,SAS LA CHENERAIE,2022→2023,2022,2023,62001,Apimix - Pienso completo - Apicultura,prod_perdido,695.52,null,-695.52,0.84,null,828,null
731,"COFFEE PRODUCTIONS, S.L.",2022→2023,2022,2023,40000,Azúcar Blanco EEC Nº 2,prod_perdido,15246,null,-15246,23.1,null,660,null
2925,"BIGMAN NUTRITION, S.L.",2022→2023,2022,2023,61170,Mix Maltitol Sorbitol MS 74-8020,sin_actividad,0,null,0,0.001,null,0,null
197,"J. GARCIA CARRION, S.A.",2022→2023,2022,2023,61228,Fosvitae 95% Plus,sin_actividad,0,null,0,0.001,null,0,null
517,"DUPAN, S.L.",2022→2023,2022,2023,65007,Azúcar en polvo LS Pallet Plast. CHEP,vol_precio,1653.9,351.9,-1302,1.11,0.255,1490,1380
1854,"ROYPAS BY NUTRIS, S.A.",2022→2023,2022,2023,40026,Azúcar Refinado,prod_perdido,15749.54,null,-15749.54,25.68,null,613.3,null
7918,"REFRESCO IBERIA, S.A.U. ",2022→2023,2022,2023,40000,Azúcar Blanco EEC Nº 2,vol_precio,519854.66,166263.4,-353591.26,872.22,199.4,596.01,833.82
8523,"CRUZ ZAMBRANO, MARÍA",2022→2023,2022,2023,44313,Apipasta Vitaminas 90% - Pienso para Apicultura,vol_precio,2106,5695.5,3589.5,1.95,3.75,1080,1518.8
5293,"AGROKAZAN FERTILIZANTES, S.L.",2022→2023,2022,2023,40000,Azúcar Blanco EEC Nº 2,prod_perdido,1708.2,null,-1708.2,1.8,null,949,null
499,"MELS CARLET, S.L.",2022→2023,2022,2023,44302,Dextrosa Cristal –  Materia Prima para Piensos,vol_precio,102000,51205.13,-50794.87,120,47.849,850,1070.14
2111,"ENVASADOS EVA, S.A.",2022→2023,2022,2023,40003,Azúcar Blanco EEC Nº 2 REMOLACHA,prod_perdido,212055,null,-212055,335,null,633,null
7757,"ESCRICHE ARCUSA, ANTONIO",2022→2023,2022,2023,62001,Apimix - Pienso completo - Apicultura,prod_perdido,1329,null,-1329,1.38,null,963.04,null
8854,JOHANNES LÜHDERS KG,2022→2023,2022,2023,61228,Fosvitae 95% Plus,vol_precio,5830.8,45455.52,39624.719999999994,1.217,9.89,4791.13,4596.11
8559,"DE MINGO CEBRIÁN, JOSÉ JULIO",2022→2023,2022,2023,44313,Apipasta Vitaminas 90% - Pienso para Apicultura,prod_perdido,81,null,-81,0.075,null,1080,null
5109,"INDUSTRIAS ROKO, S.A.",2022→2023,2022,2023,40013,Azucar Blanco EEC Nº2 Extrafino,sin_actividad,0,null,0,0.001,null,0,null
401,"SOLER GIMENO, S.L.",2022→2023,2022,2023,40340,Azúcar Perlado 1,sin_cambio,361,361,0,0.201,0.2,1796.02,1805
7668,"CESTER SIMON, JOSE ANTONIO",2022→2023,2022,2023,44313,Apipasta Vitaminas 90% - Pienso para Apicultura,prod_perdido,1255.5,null,-1255.5,0.81,null,1550,null
7125,"ILLUECA GIMENEZ, JUAN JOSE",2022→2023,2022,2023,60114,"Azúcar PI 73,5-67-C",prod_perdido,26.6,null,-26.6,0.028,null,950,null
3225,"SURIVAN FEEL THE TASTE, S.L.",2022→2023,2022,2023,62154,Mixco Sweet 80-31.3233 JM,vol_precio,4429.98,36475.01,32045.030000000002,5.173,26.508,856.37,1376
8510,"MARTINEZ SANCHEZ, PEDRO JOSÉ ",2022→2023,2022,2023,62001,Apimix - Pienso completo - Apicultura,prod_perdido,74.76,null,-74.76,0.084,null,890,null
3225,"SURIVAN FEEL THE TASTE, S.L.",2022→2023,2022,2023,99950,Producto de Pruebas Líquido - 1,sin_actividad,0,null,0,0.001,null,0,null
2654,"LORENTE TORRELLA, JOSE",2022→2023,2022,2023,44315,Apipasta PLUS - Pienso para Apicultura,prod_perdido,771.12,null,-771.12,0.504,null,1530,null
471,"FADICAMO, S.A.",2022→2023,2022,2023,43050,Maltitol en Polvo,prod_perdido,22895,null,-22895,11,null,2081.36,null
2832,DULCES LA ABUELA COOP VNA,2022→2023,2022,2023,40113,Azúcar Moreno Brown C,prod_perdido,1700,null,-1700,2,null,850,null
1386,"SCENTIUM FLAVOURS, S.L",2022→2023,2022,2023,63500,Jarabe de Azucar Invertido BIO,vol_precio,3590.4,6109.2,2518.7999999999997,2.4,3.6,1496,1697
773,"IBERCACAO, S.A.U.",2022→2023,2022,2023,65020,Azúcar en polvo SG - LM Micronizada,prod_perdido,962.18,null,-962.18,0.598,null,1609,null
2009,"GARCIA SANTA CATALINA, RAUL",2022→2023,2022,2023,44313,Apipasta Vitaminas 90% - Pienso para Apicultura,precio,3402,4882.5,1480.5,3.15,3.15,1080,1550
8304,"GALLEGO MOLERO,FERMIN ",2022→2023,2022,2023,62001,Apimix - Pienso completo - Apicultura,prod_perdido,149.52,null,-149.52,0.168,null,890,null
334,"DESTILERIAS ALEMAN, S.L.",2022→2023,2022,2023,60010,Azúcar Liquida Neutra S.A.,prod_perdido,1066.8,null,-1066.8,1.2,null,889,null
551,"ICE CREAM FACTORY COMAKER, S.A.",2022→2023,2022,2023,61228,Fosvitae 95% Plus,sin_actividad,0,null,0,0.001,null,0,null
6041,"AGROLLAVOR SUPERVERT, S.L.",2022→2023,2022,2023,44313,Apipasta Vitaminas 90% - Pienso para Apicultura,vol_precio,202.5,325.5,123,0.15,0.21,1350,1550
2577,"IMPORTACO CASA PONS, S.A.U.",2022→2023,2022,2023,44015,Fructor 10/77,vol_precio,6912,3686.4,-3225.6,7.2,2.4,960,1536
2677,"PREELABORADOS ALIMENTARIOS, S.L.",2022→2023,2022,2023,40000,Azúcar Blanco EEC Nº 2,prod_perdido,34164,null,-34164,46.8,null,730,null
430,"MONZO LUIS, S.L.",2022→2023,2022,2023,40000,Azúcar Blanco EEC Nº 2,vol_precio,129570.5,74750,-54820.5,170.1,65,761.73,1150
346,"PANARRO FOODS, S.L.",2022→2023,2022,2023,44010,Fructor 10/81,vol_precio,112361,158974.44,46613.44,150.34,127.112,747.38,1250.66
8996,"RAMYMAR FRUITS, S.L.",2022→2023,2022,2023,62001,Apimix - Pienso completo - Apicultura,vol_precio,617.28,1414.6,797.3199999999999,0.556,1.245,1110.22,1136.22
2975,"ARTUKOLUKE, S.L.",2022→2023,2022,2023,41005,Fructosa MAIZ Cristal Granulada,prod_perdido,4475,null,-4475,5,null,895,null
297,"TARBAL FOOD, S.L.",2022→2023,2022,2023,40030,Azucar azucarera trimestral,prod_perdido,2772,null,-2772,2,null,1386,null
7765,SURINVER EL GRUPO S.COOP,2022→2023,2022,2023,40025,Azucar Azucarera Spot,prod_perdido,1267.2,null,-1267.2,0.9,null,1408,null
8635,"MIEL EROLES, S.L.",2022→2023,2022,2023,44313,Apipasta Vitaminas 90% - Pienso para Apicultura,prod_perdido,2058,null,-2058,2.1,null,980,null
1854,"ROYPAS BY NUTRIS, S.A.",2022→2023,2022,2023,65005,Azúcar en polvo LS,sin_cambio,1396.2,1396.2,0,0.975,0.975,1432,1432
6271,"ALVAREZ ROVIRA, DAVID",2022→2023,2022,2023,44335,Azúcar Blanco BIO MP para piensos,prod_perdido,620,null,-620,0.4,null,1550,null
6195,"SERRANO MEDINA, GERARDO",2022→2023,2022,2023,62001,Apimix - Pienso completo - Apicultura,vol_precio,915.6,1150,234.39999999999998,0.84,1,1090,1150
7573,"SANCHEZ LOPEZ, CARLOS",2022→2023,2022,2023,44301,Azucar Blanco – Materia Prima para Piensos,prod_perdido,675.25,null,-675.25,0.925,null,730,null
8247,"ALLJUICEMED, S.L.",2022→2023,2022,2023,99950,Producto de Pruebas Líquido - 1,sin_actividad,0,null,0,0.031,null,0,null
8210,SUCRE DISTRIBUTION SUCRE PLUS,2022→2023,2022,2023,40208,Azucar Blanco BIO NordZucker ES-ECO-024-MU Ag NoUE,prod_perdido,224640,null,-224640,192,null,1170,null
5046,"CEREALTO SINTRA FOODS, S.A.",2022→2023,2022,2023,62070,Mix Golden Jarabe,vol_precio,3117.6,2160,-957.5999999999999,2.4,1.2,1299,1800
6586,"DORADO TOMAS, VICENTE",2022→2023,2022,2023,44313,Apipasta Vitaminas 90% - Pienso para Apicultura,vol_precio,55.65,23.25,-32.4,0.045,0.015,1236.67,1550
1145,"MUÑOZ CARRION, MANUEL",2022→2023,2022,2023,62001,Apimix - Pienso completo - Apicultura,prod_perdido,249.2,null,-249.2,0.28,null,890,null
5787,"FALCON, S.A.",2022→2023,2022,2023,62153,Jarabe de Melaza de caña (ENG),vol_precio,8584.8,3307.2,-5277.599999999999,8.4,3.6,1022,918.67
2548,"MEETINGCOOK, S.L.",2022→2023,2022,2023,40000,Azúcar Blanco EEC Nº 2,prod_perdido,822,null,-822,1,null,822,null
7185,"ILE AGROCENTRO LEON, S.L.",2022→2023,2022,2023,44315,Apipasta PLUS - Pienso para Apicultura,prod_perdido,8526,null,-8526,5.88,null,1450,null
3071,"NAVARRO OLIVA, BERNABE",2022→2023,2022,2023,44313,Apipasta Vitaminas 90% - Pienso para Apicultura,vol_precio,4208.25,4184.25,-24,2.715,2.835,1550,1475.93
1136,"GARCIA GOMEZ, PEDRO",2022→2023,2022,2023,62000,Mix Idoneo - Pienso Completo - Apicultura,prod_perdido,2790,null,-2790,3,null,930,null
499,"MELS CARLET, S.L.",2022→2023,2022,2023,61177,Mixco Sweet 81-00.0932 A-MI,sin_actividad,0,null,0,0.02,null,0,null
2616,"SOLDADO GUILLEN, JOSE",2022→2023,2022,2023,44313,Apipasta Vitaminas 90% - Pienso para Apicultura,prod_perdido,435,null,-435,0.435,null,1000,null
2832,DULCES LA ABUELA COOP VNA,2022→2023,2022,2023,40000,Azúcar Blanco EEC Nº 2,prod_perdido,147537.8,null,-147537.8,225.2,null,655.14,null
1854,"ROYPAS BY NUTRIS, S.A.",2022→2023,2022,2023,49006,Almidón nativo de Maiz,vol_precio,83700,98929.58,15229.580000000002,90,73.075,930,1353.81
2278,"GRUPO YSAROZ, S.L.",2022→2023,2022,2023,65005,Azúcar en polvo LS,vol_precio,1649.25,1617.66,-31.589999999999918,1.5,1.14,1099.5,1419
4383,"MANUFRI, S.L.",2022→2023,2022,2023,60006,A. Líq. Neutra 67 BL BIO- ACB ES-ECO-024-MU(No UE),vol_precio,157716.98,83231.5,-74485.48000000001,121.632,50.875,1296.67,1636
7611,DPTO. CALIDAD,2022→2023,2022,2023,44315,Apipasta PLUS - Pienso para Apicultura,sin_actividad,0,null,0,0.154,null,0,null
8177,"LESAFFRE IBERIA, S.A.",2022→2023,2022,2023,40002,Azúcar Blanco EEC Nº 2 CAÑA,sin_actividad,0,null,0,0.001,null,0,null
1241,"ACEITES DEL SUR-COOSUR, S.A.",2022→2023,2022,2023,61200,Fosvitae 85%,vol_precio,2593.29,4251.7,1658.4099999999999,1.113,1.22,2330,3485
5827,"ORGANICOS SANGONERA, S.L.",2022→2023,2022,2023,40000,Azúcar Blanco EEC Nº 2,prod_perdido,277.25,null,-277.25,0.325,null,853.08,null
716,"PENALVA ALIMENTACION, S.A.",2022→2023,2022,2023,40003,Azúcar Blanco EEC Nº 2 REMOLACHA,sin_actividad,0,null,0,0.001,null,0,null
1986,"MATERIAS PRIMAS ACTIVAS, S.L.",2022→2023,2022,2023,60019,Azúcar Líquida Neutra 67º- Remolacha,sin_actividad,0,null,0,0.001,null,0,null
4701,"BROCAL OBRADOR Y RESTAURACION, S.L.",2022→2023,2022,2023,60114,"Azúcar PI 73,5-67-C",prod_perdido,220.5,null,-220.5,0.21,null,1050,null
2855,"AGRO CONTROL 2007, S,L.",2022→2023,2022,2023,42000,Dextrosa Cristal Monohidrato Maiz,vol_precio,17937.5,28237.5,10300,17.5,18.75,1025,1506
8889,COOP. AGRICOLA DE VILLAR DEL ARZOBISPO,2022→2023,2022,2023,60000,Azúcar Líquida Neutra 67º,sin_actividad,0,null,0,0.001,null,0,null
8507,PSIQUIS INNOVA S.L.N.E.,2022→2023,2022,2023,61200,Fosvitae 85%,sin_actividad,0,null,0,0.001,null,0,null
1631,"SALMERON SAN JUAN, SALVADOR",2022→2023,2022,2023,44313,Apipasta Vitaminas 90% - Pienso para Apicultura,vol_precio,421.2,7579.5,7158.3,0.39,4.89,1080,1550
7585,"SALAR PAGAN, CARMEN",2022→2023,2022,2023,44315,Apipasta PLUS - Pienso para Apicultura,vol_precio,408.24,95.76,-312.48,0.238,0.042,1715.29,2280
400,"ASOCIACION IND. ALICANTINA DEL HELADO, S.A.",2022→2023,2022,2023,44015,Fructor 10/77,vol_precio,76608,246514.6,169906.6,100.8,159.35,760,1547
246,"CAMPO BETICA, S.L.",2022→2023,2022,2023,41005,Fructosa MAIZ Cristal Granulada,vol_precio,9545,6242.5,-3302.5,7.5,3.75,1272.67,1664.67
2982,"LOPEZ SOLER, EMILIO JOSE",2022→2023,2022,2023,44301,Azucar Blanco – Materia Prima para Piensos,prod_perdido,219,null,-219,0.3,null,730,null
5393,ICKOWICZ APICULTURE SAS,2022→2023,2022,2023,44314,Apipasta 90% - BIO - Pienso completo - Apicultura,vol_precio,132103.2,59462.55,-72640.65000000001,64.875,28.35,2036.27,2097.44
3644,"MOLINA HERNANDEZ, VICENTE",2022→2023,2022,2023,44313,Apipasta Vitaminas 90% - Pienso para Apicultura,prod_perdido,93,null,-93,0.06,null,1550,null
3287,"DELAFRUIT, S.L.U",2022→2023,2022,2023,40201,Azúcar Blanco BIO ES-ECO-024-MU Ag No UE,prod_perdido,715,null,-715,0.5,null,1430,null
2689,"LOPEZ SERRANO, ISAIAS",2022→2023,2022,2023,44313,Apipasta Vitaminas 90% - Pienso para Apicultura,prod_perdido,202.5,null,-202.5,0.15,null,1350,null
7699,"TEJERA MARTINEZ, DAVID ANGEL",2022→2023,2022,2023,62001,Apimix - Pienso completo - Apicultura,precio,237.5,287.5,50,0.25,0.25,950,1150
2908,"PRODUCTOS JOSMAN, S.L.",2022→2023,2022,2023,40000,Azúcar Blanco EEC Nº 2,vol_precio,94848,30187.5,-64660.5,148.2,24.15,640,1250
192,"AZUCREN, S.L.",2022→2023,2022,2023,62413,Fondant ES-R04 - Jacobo Lozano (Etiq. Cliente),vol_precio,17187.38,5625.6,-11561.78,15.075,3.84,1140.12,1465
4587,"CARMAX GLASS, S.L.",2022→2023,2022,2023,44314,Apipasta 90% - BIO - Pienso completo - Apicultura,vol_precio,268.72,484.43,215.70999999999998,0.134,0.225,2005.37,2153.02
8248,"CRA BODEGAS, S.L.",2022→2023,2022,2023,61245,Mixco Sweet 68-00.5050 I,vol_precio,413769.9,171706.56,-242063.34000000003,380.48,149.44,1087.49,1149
8495,"PEÑA GOMEZ, ARTURO JAVIER",2022→2023,2022,2023,62001,Apimix - Pienso completo - Apicultura,prod_perdido,24.92,null,-24.92,0.028,null,890,null
1087,"TORRELLA SANCHEZ, RAFAELA",2022→2023,2022,2023,44313,Apipasta Vitaminas 90% - Pienso para Apicultura,prod_perdido,1186.5,null,-1186.5,1.05,null,1130,null
3225,"SURIVAN FEEL THE TASTE, S.L.",2022→2023,2022,2023,46259,CORREC. COLOR CARAMELINA DEDC,sin_actividad,0,null,0,0,null,null,null
1592,"APICOLA TARRAGONINA, S.C.C.L",2022→2023,2022,2023,62020,Mix Fructor Apicultor - Pienso completo - Apicult.,prod_perdido,3900,null,-3900,4.8,null,812.5,null
2525,"COMERCIAL APICOLA ROSSEND MARGALEF, S.L.",2022→2023,2022,2023,44315,Apipasta PLUS - Pienso para Apicultura,prod_perdido,218.4,null,-218.4,0.14,null,1560,null
1247,"TURRONES Y ESPECIALIDADES VIAR, S.A.",2022→2023,2022,2023,40201,Azúcar Blanco BIO ES-ECO-024-MU Ag No UE,prod_perdido,1590,null,-1590,1,null,1590,null
716,"PENALVA ALIMENTACION, S.A.",2022→2023,2022,2023,40000,Azúcar Blanco EEC Nº 2,prod_perdido,42592.5,null,-42592.5,46.8,null,910.1,null
8010,"GUARDIOLA LOZANO, JOSE MARIA",2022→2023,2022,2023,44313,Apipasta Vitaminas 90% - Pienso para Apicultura,vol_precio,89.1,23.25,-65.85,0.075,0.015,1188,1550
1233,"VALENCIANA PASTELERA, S.L.",2022→2023,2022,2023,40016,Azúcar Blanco EEC Nº 2,prod_perdido,23616,null,-23616,19.68,null,1200,null
6457,"DOLÇA ABELLA, S.C.",2022→2023,2022,2023,44301,Azucar Blanco – Materia Prima para Piensos,prod_perdido,711,null,-711,0.9,null,790,null
6196,"APITIENDA SOLTAN, S.L.",2022→2023,2022,2023,62001,Apimix - Pienso completo - Apicultura,vol_precio,6127.2,3276,-2851.2,7.2,2.52,851,1300
3538,"BACHILLER MORIANO, JUANA",2022→2023,2022,2023,62001,Apimix - Pienso completo - Apicultura,prod_perdido,936,null,-936,1.2,null,780,null
6869,"ALLTECH SPAIN, S.L.",2022→2023,2022,2023,41005,Fructosa MAIZ Cristal Granulada,prod_perdido,1250,null,-1250,1,null,1250,null
2591,"ROSELL CARBONELL, GUILLERMO",2022→2023,2022,2023,44313,Apipasta Vitaminas 90% - Pienso para Apicultura,prod_perdido,1134,null,-1134,1.05,null,1080,null
4664,"DEL MORAL DIAZ, MIGUEL",2022→2023,2022,2023,44315,Apipasta PLUS - Pienso para Apicultura,prod_perdido,31.92,null,-31.92,0.014,null,2280,null
6869,"ALLTECH SPAIN, S.L.",2022→2023,2022,2023,65005,Azúcar en polvo LS,prod_perdido,2905.5,null,-2905.5,1.95,null,1490,null
499,"MELS CARLET, S.L.",2022→2023,2022,2023,44306,Fructor 10/77 - Pienso completo – Apicultura,vol_precio,15660.8,14824.94,-835.8599999999988,24.47,12.004,640,1235
2367,"IMASDEA INNOVACIONES Y DESARROLLOS ALIMENTARIO, SL",2022→2023,2022,2023,65020,Azúcar en polvo SG - LM Micronizada,sin_actividad,0,null,0,0.013,null,0,null
441,"LICORES DROL`S, S.L.",2022→2023,2022,2023,60010,Azúcar Liquida Neutra S.A.,vol_precio,189531.24,16152.53,-173378.71,296.02,16.842,640.26,959.06
8403,"TENZO SPORT LAB, S.L.",2022→2023,2022,2023,99950,Producto de Pruebas Líquido - 1,prod_perdido,160,null,-160,0.081,null,1975.31,null
8247,"ALLJUICEMED, S.L.",2022→2023,2022,2023,61247,Mixco Sweet 65-00.5050 U,prod_perdido,1111107.12,0,-1111107.12,1038.34,0.024,1070.08,0
4961,"VIDAL VIDAL, JULIAN",2022→2023,2022,2023,44313,Apipasta Vitaminas 90% - Pienso para Apicultura,prod_perdido,9072,null,-9072,8.4,null,1080,null
6399,"NOVA NOVA, GREGORIO",2022→2023,2022,2023,44313,Apipasta Vitaminas 90% - Pienso para Apicultura,vol_precio,1134,2092.5,958.5,1.05,1.35,1080,1550
7709,"SEDIA INNOVACION AGROALIMENTARIA, S.L.",2022→2023,2022,2023,65005,Azúcar en polvo LS,precio,2546.7,2792.4,245.70000000000027,1.95,1.95,1306,1432
283,"BOLLERIA BJV, S.L.",2022→2023,2022,2023,44015,Fructor 10/77,prod_perdido,1800,null,-1800,1.2,null,1500,null
2283,"ROENCAR, S.L.U.",2022→2023,2022,2023,44111,Glucor 60/82,prod_perdido,1224,null,-1224,1.2,null,1020,null
432,"CHOCOLATES ALGARRA, S.L.",2022→2023,2022,2023,40016,Azúcar Blanco EEC Nº 2,prod_perdido,4256,null,-4256,8,null,532,null
502,"GRANOVITA, S.A.",2022→2023,2022,2023,40203,Azúcar BIO 300-500 -ES-ECO-024-MU (Agric No EU),sin_actividad,0,null,0,0.001,null,0,null
8929,"RONCERO GONZALEZ, PEDRO",2022→2023,2022,2023,62001,Apimix - Pienso completo - Apicultura,prod_perdido,137.34,null,-137.34,0.126,null,1090,null
3106,"LOPEZ LAPARRA, MIGUEL",2022→2023,2022,2023,44313,Apipasta Vitaminas 90% - Pienso para Apicultura,prod_perdido,1627.5,null,-1627.5,1.05,null,1550,null
1,"ZUKAN, S.L.U.",2022→2023,2022,2023,62001,Apimix - Pienso completo - Apicultura,sin_actividad,0,null,0,0.002,null,0,null
5892,"DISTRIBUCIONES BOLLFROST, S.L.",2022→2023,2022,2023,40000,Azúcar Blanco EEC Nº 2,prod_perdido,23157,null,-23157,26.1,null,887.24,null
8033,"SILOMAR ALIMENTACION, S.L.U",2022→2023,2022,2023,44015,Fructor 10/77,prod_perdido,9612,null,-9612,10.8,null,890,null
5365,"COMORALI, S.L.",2022→2023,2022,2023,44200,Maltor 70/80,precio,26831.36,42009.9,15178.54,30.08,30.05,892,1398
3685,"GARCIA MADRAMANY, FRANCISCO",2022→2023,2022,2023,44313,Apipasta Vitaminas 90% - Pienso para Apicultura,prod_perdido,510.75,null,-510.75,0.375,null,1362,null
3685,"GARCIA MADRAMANY, FRANCISCO",2022→2023,2022,2023,40000,Azúcar Blanco EEC Nº 2,prod_perdido,36.5,null,-36.5,0.05,null,730,null
1624,S.A.T. Nº8192 PEREGRI,2022→2023,2022,2023,61199,Mixco Sweet 82-05.5041,prod_perdido,24000.96,null,-24000.96,26.088,null,920,null
3225,"SURIVAN FEEL THE TASTE, S.L.",2022→2023,2022,2023,46248,CORREC. ACIDO ASCORBICO (E300),prod_perdido,422.97,null,-422.97,0.0715,null,5915.66,null
7289,"CHOCODROP, S.L.",2022→2023,2022,2023,40104,Azúcar 250 ICUMSA – Pantaleón,prod_perdido,66528,null,-66528,92.4,null,720,null
261,"EZTIKIDETZA, S.A.T.",2022→2023,2022,2023,44313,Apipasta Vitaminas 90% - Pienso para Apicultura,vol_precio,5292,4630.5,-661.5,4.2,3.15,1260,1470
7708,"MARTIN BERNAL, LAURA",2022→2023,2022,2023,44010,Fructor 10/81,prod_perdido,278.72,null,-278.72,0.26,null,1072,null
8253,"ALVAREZ PONCE, ROCIO",2022→2023,2022,2023,44335,Azúcar Blanco BIO MP para piensos,prod_perdido,960,null,-960,0.6,null,1600,null
321,"PRODUCTOS PEPITO, S.L.U.",2022→2023,2022,2023,40000,Azúcar Blanco EEC Nº 2,vol_precio,29868.5,51683.5,21815,25.42,46.1,1175,1121.12
8349,"AGOTZAINA, S.L.",2022→2023,2022,2023,40000,Azúcar Blanco EEC Nº 2,prod_perdido,145226.26,null,-145226.26,198.58,null,731.32,null
7440,"LOPEZ FOOD GROUP, S.L.",2022→2023,2022,2023,44015,Fructor 10/77,prod_perdido,56832,null,-56832,76.8,null,740,null
3225,"SURIVAN FEEL THE TASTE, S.L.",2022→2023,2022,2023,60105,"Azúcar PI 73,5-67",volumen,1584,3168,1584,1.2,2.4,1320,1320
5785,"PENADES BALDOVI, RAFAEL",2022→2023,2022,2023,40000,Azúcar Blanco EEC Nº 2,prod_perdido,505.2,null,-505.2,0.6,null,842,null
2081,"ZUMOS Y FRUTAS CONCENTRADOS, S.L.",2022→2023,2022,2023,61247,Mixco Sweet 65-00.5050 U,vol_precio,241562.52,1143768.28,902205.76,236.84,1015.78,1019.94,1126
5819,"CASTELLON AGUILAR, FRANCISCO JAVIER",2022→2023,2022,2023,42000,Dextrosa Cristal Monohidrato Maiz,prod_perdido,2392.5,null,-2392.5,2.75,null,870,null
1000,CLIENTES VARIOS (CONTADO),2022→2023,2022,2023,44310,Apipasta 90% - Pienso completo - Apicultura,prod_perdido,204.75,null,-204.75,0.195,null,1050,null
1746,"PRIMITIVO PICO, S.A",2022→2023,2022,2023,40016,Azúcar Blanco EEC Nº 2,prod_perdido,26250,null,-26250,35,null,750,null
6869,"ALLTECH SPAIN, S.L.",2022→2023,2022,2023,44301,Azucar Blanco – Materia Prima para Piensos,volumen,6187.5,11250,5062.5,5.5,10,1125,1125
8536,SNC BRICO L'UTILE,2022→2023,2022,2023,44314,Apipasta 90% - BIO - Pienso completo - Apicultura,vol_precio,6048,2100,-3948,3.15,1.05,1920,2000
8785,INGREDIENTS & DESSERTS,2022→2023,2022,2023,61200,Fosvitae 85%,sin_actividad,0,null,0,0.001,null,0,null
4002,"ABB MJ FERNANDEZ ARANDA, S.L.",2022→2023,2022,2023,44313,Apipasta Vitaminas 90% - Pienso para Apicultura,prod_perdido,3087,null,-3087,2.1,null,1470,null
7673,"BUSTILLO ARROYO, ALEJANDRO",2022→2023,2022,2023,44315,Apipasta PLUS - Pienso para Apicultura,prod_perdido,45.92,null,-45.92,0.028,null,1640,null
584,"TROLLI IBERICA, S.A.",2022→2023,2022,2023,40000,Azúcar Blanco EEC Nº 2,vol_precio,735045.56,114371.64,-620673.92,1110.24,157.32,662.06,727
353,"QUALITY SPICES, S.L.",2022→2023,2022,2023,40000,Azúcar Blanco EEC Nº 2,prod_perdido,9730.8,null,-9730.8,10.8,null,901,null
1643,"DULCES ARTESANALES LINARES, S.L",2022→2023,2022,2023,41000,Fructosa MAIZ Cristal,prod_perdido,1328.75,null,-1328.75,1.25,null,1063,null
3833,"ASTURIAS APICOLA, S.L.",2022→2023,2022,2023,44315,Apipasta PLUS - Pienso para Apicultura,vol_precio,3654,1831.2,-1822.8,2.52,0.84,1450,2180
455,"EMILIO PEÑA, S.A.",2022→2023,2022,2023,60105,"Azúcar PI 73,5-67",vol_precio,31281.12,29342.34,-1938.7799999999988,28.28,20.07,1106.12,1462
1545,"VICENTE FRIAS, PEDRO ",2022→2023,2022,2023,44313,Apipasta Vitaminas 90% - Pienso para Apicultura,prod_perdido,902.4,null,-902.4,0.705,null,1280,null
7742,"GARCIA GOMEZ, JUAN",2022→2023,2022,2023,62001,Apimix - Pienso completo - Apicultura,vol_precio,6012,4030.92,-1981.08,7.2,3.699,835,1089.73
452,"TEICHENNE, S.A.",2022→2023,2022,2023,60000,Azúcar Líquida Neutra 67º,sin_actividad,0,null,0,0.001,null,0,null
1117,COMERCIAL RUIZ ARRIBAS S. XXI. S.L.,2022→2023,2022,2023,60114,"Azúcar PI 73,5-67-C",prod_perdido,3470.6,null,-3470.6,3.57,null,972.16,null
3934,"PARDO CARRASCO, VICENTE",2022→2023,2022,2023,44315,Apipasta PLUS - Pienso para Apicultura,vol_precio,446.88,138.6,-308.28,0.196,0.07,2280,1980
3699,"GONZALEZ CARBALLAL, S.L.",2022→2023,2022,2023,62000,Mix Idoneo - Pienso Completo - Apicultura,vol_precio,33259.66,19811.2,-13448.460000000003,49.42,18.4,673,1076.7
531,"DESARROLLOS PANADEROS LEVANTINOS, S.L.L.",2022→2023,2022,2023,49006,Almidón nativo de Maiz,prod_perdido,1610,null,-1610,2,null,805,null
2728,"BUENDIA ALMAGRO, JUAN FRANCISCO",2022→2023,2022,2023,40203,Azúcar BIO 300-500 -ES-ECO-024-MU (Agric No EU),prod_perdido,78.65,null,-78.65,0.05,null,1573,null
3634,"ALEPUZ LOPEZ, JAVIER",2022→2023,2022,2023,62001,Apimix - Pienso completo - Apicultura,prod_perdido,498.4,null,-498.4,0.56,null,890,null
6052,DICHEM FOODS  S.A.,2022→2023,2022,2023,99950,Producto de Pruebas Líquido - 1,sin_actividad,0,null,0,0.001,null,0,null
8021,"LOPEZ MARTINEZ, GABRIEL",2022→2023,2022,2023,44335,Azúcar Blanco BIO MP para piensos,prod_perdido,375,null,-375,0.25,null,1500,null
6201,"OVALLE BOSQUE Y JARDIN, S.L.",2022→2023,2022,2023,44315,Apipasta PLUS - Pienso para Apicultura,prod_perdido,798,null,-798,0.35,null,2280,null
8308,"CONSERVAS TORO LÓPEZ, S.L.",2022→2023,2022,2023,60123,"Azúcar PI 73,5-67 - BIO",sin_actividad,0,null,0,0.001,null,0,null
772,"SEIS H, S.A.",2022→2023,2022,2023,62403,Fondant ES-R04,sin_actividad,0,null,0,0.001,null,0,null
5989,"T500 PURATOS, S.A.",2022→2023,2022,2023,61200,Fosvitae 85%,prod_perdido,5322.24,null,-5322.24,1.269,null,4194.04,null
537,"COGALAR, S.L.",2022→2023,2022,2023,60114,"Azúcar PI 73,5-67-C",prod_perdido,4252.5,null,-4252.5,3.78,null,1125,null
499,"MELS CARLET, S.L.",2022→2023,2022,2023,44309,Mixco Sweet 75-10.4545 - Pienso completo – Apicult,vol_precio,168257.08,165312.72,-2944.359999999986,272.08,175.88,618.41,939.92
290,"IGH FLAVOURS TECHNOLOGY, S.A.U.",2022→2023,2022,2023,40110,Azúcar Moreno Brown (Azucarera),prod_perdido,1540,null,-1540,1.4,null,1100,null
246,"CAMPO BETICA, S.L.",2022→2023,2022,2023,43100,Sorbitol Liquido 70% No cristalizable,vol_precio,89507.6,60713,-28794.600000000006,98.36,48.9,910,1241.57
4871,"SAHUQUILLO AMORAGA, JAIME",2022→2023,2022,2023,44315,Apipasta PLUS - Pienso para Apicultura,prod_perdido,95.76,null,-95.76,0.042,null,2280,null
7891,"CARO MARTINEZ, MANUEL",2022→2023,2022,2023,62001,Apimix - Pienso completo - Apicultura,prod_perdido,49.84,null,-49.84,0.056,null,890,null
9034,"PEREZ MARTINEZ, MARGARITA",2022→2023,2022,2023,40203,Azúcar BIO 300-500 -ES-ECO-024-MU (Agric No EU),vol_precio,75.8,103.35,27.549999999999997,0.05,0.075,1516,1378
7980,"AQUAPOOL CHEMICAL, S.L.",2022→2023,2022,2023,61200,Fosvitae 85%,sin_actividad,0,null,0,0.001,null,0,null
8478,SAS MARKAITER,2022→2023,2022,2023,60011,Azúcar Líquida Integral de Caña,sin_actividad,0,null,0,0.001,null,0,null
2057,"BACK EUROP ESPAÑA, S.L",2022→2023,2022,2023,65008,Azúcar en polvo LS Pallet EUR,prod_perdido,7097.55,null,-7097.55,5.475,null,1296.36,null
4937,"YESLOSA, S.L.",2022→2023,2022,2023,62001,Apimix - Pienso completo - Apicultura,prod_perdido,1080,null,-1080,1,null,1080,null
4002,"ABB MJ FERNANDEZ ARANDA, S.L.",2022→2023,2022,2023,65005,Azúcar en polvo LS,volumen,21586.5,30716.4,9129.900000000001,17.55,25.35,1230,1211.69
9112,"BIOVIC CONSULTING, S.L.",2022→2023,2022,2023,40260,Melaza de Caña,sin_actividad,0,null,0,0.002,null,0,null
481,"EL CATETO, S.L.",2022→2023,2022,2023,40016,Azúcar Blanco EEC Nº 2,vol_precio,8988,7020,-1968,12,6,749,1170
7715,"BOGATCEAN, IOANA CRISTINA",2022→2023,2022,2023,62001,Apimix - Pienso completo - Apicultura,vol_precio,3738,2234.4,-1503.6,4.2,1.68,890,1330
2287,"RODRIGUEZ BLANCO, ASUNCION",2022→2023,2022,2023,44302,Dextrosa Cristal –  Materia Prima para Piensos,prod_perdido,258.75,null,-258.75,0.25,null,1035,null
6162,BE ORGANIC KUWAIT FOR HEALTHY FOOD AND PLANTS COMPANY,2022→2023,2022,2023,62024,Apimix - Pienso completo - Apicultura - BE ORG KW,vol_precio,2155.6,991.2,-1164.3999999999999,2.521,0.84,855.06,1180
6449,"PRODEL AGRICOLA, S.L.",2022→2023,2022,2023,44313,Apipasta Vitaminas 90% - Pienso para Apicultura,vol_precio,19152,23487.75,4335.75,12.6,16.425,1520,1430
4344,"GOMEZ TURPIN, EVA MARIA",2022→2023,2022,2023,44335,Azúcar Blanco BIO MP para piensos,prod_perdido,135,null,-135,0.1,null,1350,null
7755,SAS LA CHENERAIE,2022→2023,2022,2023,44313,Apipasta Vitaminas 90% - Pienso para Apicultura,vol_precio,11755.8,5805,-5950.799999999999,10.35,3.9,1135.83,1488.46
293,"TORRENTE OCHOA, ANTONIO",2022→2023,2022,2023,44313,Apipasta Vitaminas 90% - Pienso para Apicultura,prod_perdido,930,null,-930,0.6,null,1550,null
6355,"DE LA IGLESIA ROMERO, Mª DOLORES",2022→2023,2022,2023,44313,Apipasta Vitaminas 90% - Pienso para Apicultura,prod_perdido,567,null,-567,0.525,null,1080,null
4501,"DE DIEGO ARRIBAS, JUAN JOSE",2022→2023,2022,2023,62001,Apimix - Pienso completo - Apicultura,prod_perdido,161.98,null,-161.98,0.182,null,890,null
405,"CHOVI, S.L.",2022→2023,2022,2023,40000,Azúcar Blanco EEC Nº 2,vol_precio,166150.6,107487.5,-58663.100000000006,230.4,96.5,721.14,1113.86
2901,"CIAL. DOSER REPRESENTACIONES, S.L.",2022→2023,2022,2023,40000,Azúcar Blanco EEC Nº 2,vol_precio,73798.2,58384.8,-15413.399999999994,95.4,47.7,773.57,1224
6828,AGRUP.DEFENSA SANIT.APIC.REG.DE MURCIA,2022→2023,2022,2023,62001,Apimix - Pienso completo - Apicultura,prod_perdido,7946.8,null,-7946.8,9.84,null,807.6,null
874,"COMERCIAL MAPROHELCO, S.L.",2022→2023,2022,2023,60114,"Azúcar PI 73,5-67-C",prod_perdido,910,null,-910,0.7,null,1300,null
3050,"APICOLA  ALONSAN, S.COOP",2022→2023,2022,2023,44313,Apipasta Vitaminas 90% - Pienso para Apicultura,vol_precio,5512.5,11077.5,5565,5.25,7.35,1050,1507.14
770,"CASTER ALIMENTACION, S.L.",2022→2023,2022,2023,44010,Fructor 10/81,prod_perdido,1225,null,-1225,1.25,null,980,null
6267,"JUMEL ALIMENTARIA, S.A.",2022→2023,2022,2023,40000,Azúcar Blanco EEC Nº 2,prod_perdido,210335,null,-210335,325.1,null,646.99,null
2518,"GRANALBE, S.L.",2022→2023,2022,2023,62001,Apimix - Pienso completo - Apicultura,vol_precio,5031.6,8220,3188.3999999999996,5.88,7.32,855.71,1122.95
211,"MARTINEZ NIETO, S.A.",2022→2023,2022,2023,61255,Mixco Sweet 71-00.2446,vol_precio,49022.23,14420.18,-34602.05,43.773,10.328,1119.92,1396.22
8682,KIND INDUSTRY,2022→2023,2022,2023,61228,Fosvitae 95% Plus,prod_perdido,3046.63,null,-3046.63,1.243,null,2451.03,null
2525,"COMERCIAL APICOLA ROSSEND MARGALEF, S.L.",2022→2023,2022,2023,44313,Apipasta Vitaminas 90% - Pienso para Apicultura,vol_precio,15660,4630.5,-11029.5,13.875,3.15,1128.65,1470
6267,"JUMEL ALIMENTARIA, S.A.",2022→2023,2022,2023,40016,Azúcar Blanco EEC Nº 2,prod_perdido,31642,null,-31642,47,null,673.23,null
4897,"LLOBET MARCO, MANUEL",2022→2023,2022,2023,44313,Apipasta Vitaminas 90% - Pienso para Apicultura,prod_perdido,1223.1,null,-1223.1,0.81,null,1510,null
531,"DESARROLLOS PANADEROS LEVANTINOS, S.L.L.",2022→2023,2022,2023,42000,Dextrosa Cristal Monohidrato Maiz,vol_precio,2275,2625,350,1.25,2.5,1820,1050
762,"VIOKOX, S.A",2022→2023,2022,2023,44111,Glucor 60/82,vol_precio,2196,1176,-1020,2.4,1.2,915,980
7171,"QUIRANTE FRUITS, S.L.",2022→2023,2022,2023,64505,COMPO RAE,prod_perdido,24602.74,null,-24602.74,18.901,null,1301.66,null
1117,COMERCIAL RUIZ ARRIBAS S. XXI. S.L.,2022→2023,2022,2023,40113,Azúcar Moreno Brown C,prod_perdido,7595,null,-7595,7.75,null,980,null
499,"MELS CARLET, S.L.",2022→2023,2022,2023,44301,Azucar Blanco – Materia Prima para Piensos,vol_precio,48485,11040,-37445,59.3,12,817.62,920
4321,"GONZALEZ MARTINEZ, MANUEL",2022→2023,2022,2023,62001,Apimix - Pienso completo - Apicultura,prod_perdido,2628,null,-2628,3.6,null,730,null
6828,AGRUP.DEFENSA SANIT.APIC.REG.DE MURCIA,2022→2023,2022,2023,44314,Apipasta 90% - BIO - Pienso completo - Apicultura,prod_perdido,2231.1,null,-2231.1,1.11,null,2010,null
5429,"NAVARRO VELLISCA, TOMAS",2022→2023,2022,2023,44313,Apipasta Vitaminas 90% - Pienso para Apicultura,vol_precio,121.5,162.75,41.25,0.09,0.105,1350,1550
314,"PASDULCE, S.L.",2022→2023,2022,2023,43100,Sorbitol Liquido 70% No cristalizable,prod_perdido,5688,null,-5688,4.8,null,1185,null
475,"DULCES DEL CAMPO, S.A.U.",2022→2023,2022,2023,62100,Mix Siro Jarabe de Glucosa 70º,prod_perdido,1170,null,-1170,1.2,null,975,null
4276,"PORCAR VIDAL, JUANA",2022→2023,2022,2023,44315,Apipasta PLUS - Pienso para Apicultura,prod_perdido,42.84,null,-42.84,0.028,null,1530,null
4002,"ABB MJ FERNANDEZ ARANDA, S.L.",2022→2023,2022,2023,44120,Glucor 45/80,precio,1170,1424.4,254.4000000000001,1.2,1.2,975,1187
3683,"MADRID JULVE, LUIS",2022→2023,2022,2023,62001,Apimix - Pienso completo - Apicultura,volumen,183.12,270,86.88,0.168,0.25,1090,1080
3302,"VINARCHY SPAIN, S.A.U.",2022→2023,2022,2023,61181,Mixco Sweet 67-75.0025,vol_precio,60181.32,54830.28,-5351.040000000001,65.94,45.96,912.67,1193
8664,"OSCA BARRIOS, JOAQUIN ",2022→2023,2022,2023,44313,Apipasta Vitaminas 90% - Pienso para Apicultura,prod_perdido,465,null,-465,0.3,null,1550,null
192,"AZUCREN, S.L.",2022→2023,2022,2023,62412,Fondant ES-R03 - Jacobo Lozano (Etiq. Cliente),prod_perdido,1970.1,null,-1970.1,1.98,null,995,null
5941,"LA GRANA ECOLOGICA, S.L.",2022→2023,2022,2023,40203,Azúcar BIO 300-500 -ES-ECO-024-MU (Agric No EU),prod_perdido,4050,null,-4050,3,null,1350,null
8365,"MORCILLO ARENA, DAVID",2022→2023,2022,2023,44313,Apipasta Vitaminas 90% - Pienso para Apicultura,prod_perdido,97.2,null,-97.2,0.09,null,1080,null
6504,PRODOTTI GIANNI S.R.L.,2022→2023,2022,2023,61200,Fosvitae 85%,sin_actividad,0,null,0,0.001,null,0,null
7936,"FABRICA JAEN, S.L.U.",2022→2023,2022,2023,60000,Azúcar Líquida Neutra 67º,sin_actividad,0,null,0,0.001,null,0,null
8308,"CONSERVAS TORO LÓPEZ, S.L.",2022→2023,2022,2023,61218,Fosvitae 85 % BIO,sin_actividad,0,null,0,0.001,null,0,null
266,"IBER COCKTAIL, S.L.",2022→2023,2022,2023,40000,Azúcar Blanco EEC Nº 2,prod_perdido,472.5,null,-472.5,0.5,null,945,null
349,"MAGDALENAS CORDOVILLA, S.L.",2022→2023,2022,2023,60114,"Azúcar PI 73,5-67-C",prod_perdido,262.08,null,-262.08,0.224,null,1170,null
7183,"INTERCASA, S.A.",2022→2023,2022,2023,62150,Jarabe de Melaza de Caña,vol_precio,8526,2092.02,-6433.98,8.4,1.758,1015,1190
8095,"WILD FERMENT, S.L.",2022→2023,2022,2023,40201,Azúcar Blanco BIO ES-ECO-024-MU Ag No UE,prod_perdido,3000,null,-3000,2,null,1500,null
1534,"GOMEZ SILLERO, CARLOS",2022→2023,2022,2023,44310,Apipasta 90% - Pienso completo - Apicultura,sin_cambio,3171,3150,-21,2.1,2.1,1510,1500
7600,"RODRIGUEZ LOZANO, FRANCISCO JAVIER",2022→2023,2022,2023,44313,Apipasta Vitaminas 90% - Pienso para Apicultura,vol_precio,399.45,162.75,-236.7,0.285,0.105,1401.58,1550
2180,"AURUM PROCESS TECHNOLOGY, S.L.",2022→2023,2022,2023,40000,Azúcar Blanco EEC Nº 2,prod_perdido,40.5,null,-40.5,0.05,null,810,null
499,"MELS CARLET, S.L.",2022→2023,2022,2023,44010,Fructor 10/81,vol_precio,11259.4,34596.87,23337.47,11.852,32.538,950,1063.28
5021,"MARTIN GUILLEN, JAVIER",2022→2023,2022,2023,40000,Azúcar Blanco EEC Nº 2,prod_perdido,73,null,-73,0.1,null,730,null
9004,MULTIMERCADOS S. COOP,2022→2023,2022,2023,40203,Azúcar BIO 300-500 -ES-ECO-024-MU (Agric No EU),prod_perdido,38.45,null,-38.45,0.025,null,1538,null
4154,"HEALTHY RAW MATERIALS, S.L.",2022→2023,2022,2023,43150,Sorbitol en Polvo,vol_precio,28362.8,22454,-5908.799999999999,17.2,10.9,1649,2060
1304,"EMPRESA DE TRANSFORMACIÓN AGRARIA, S.A., S.M.E., M.P (TRAGSA)",2022→2023,2022,2023,40024,Azúcar blanco EEC nº3 - 70 ICUMSA,prod_perdido,15162,null,-15162,22.8,null,665,null
6514,"NUENO CIRIA, CARLOS",2022→2023,2022,2023,44310,Apipasta 90% - Pienso completo - Apicultura,prod_perdido,3307.5,null,-3307.5,3.15,null,1050,null
211,"MARTINEZ NIETO, S.A.",2022→2023,2022,2023,44111,Glucor 60/82,prod_perdido,1458,null,-1458,1.2,null,1215,null
6636,"TECNICAS MECANICAS ILERDENSES, S.L.",2022→2023,2022,2023,65005,Azúcar en polvo LS,sin_actividad,0,0,0,0.255,1.75,0,0
6573,"GRAU SANCHEZ, MANUEL",2022→2023,2022,2023,44315,Apipasta PLUS - Pienso para Apicultura,vol_precio,288.12,147,-141.12,0.154,0.07,1870.91,2100
2364,"M&C BAKERY, S.L",2022→2023,2022,2023,43100,Sorbitol Liquido 70% No cristalizable,prod_perdido,19536,null,-19536,13.2,null,1480,null
1527,"REOLID CORBALAN, JOSE",2022→2023,2022,2023,44313,Apipasta Vitaminas 90% - Pienso para Apicultura,vol_precio,5355,3087,-2268,4.2,2.1,1275,1470
8852,ALMAYYA GROUP LLC,2022→2023,2022,2023,44315,Apipasta PLUS - Pienso para Apicultura,sin_actividad,0,null,0,0.14,null,0,null
4470,"SALABERRIA TELLECHEA, XIKER",2022→2023,2022,2023,44314,Apipasta 90% - BIO - Pienso completo - Apicultura,volumen,5466.6,5435.25,-31.350000000000364,2.61,2.55,2094.48,2131.47
566,"ALMACENES MIGUEZ 2005,S.L.",2022→2023,2022,2023,62020,Mix Fructor Apicultor - Pienso completo - Apicult.,vol_precio,41343.5,36499.17,-4844.330000000002,58.09,34.281,711.71,1064.71
5428,"CLEMENTE SANZ, AURORA",2022→2023,2022,2023,44315,Apipasta PLUS - Pienso para Apicultura,vol_precio,215.32,298.2,82.88,0.126,0.14,1708.89,2130
6766,"ABEL MULLERAS, JORDI",2022→2023,2022,2023,44313,Apipasta Vitaminas 90% - Pienso para Apicultura,vol_precio,29412,22032,-7380,25.2,14.4,1167.14,1530
1428,"PRODUCTOS MENGUAL, S.L.",2022→2023,2022,2023,40103,Azúcar Moreno >2500i - Brown (Dry Dem BLZ),prod_perdido,32,null,-32,0.025,null,1280,null
450,"LA FLOR BURGALESA, S.L.",2022→2023,2022,2023,40204,Azúcar BIO 600-1200 -ES-ECO-024-MU (Agric No EU),prod_perdido,17400,null,-17400,12,null,1450,null
5401,"ACETARIA, S.L.",2022→2023,2022,2023,40000,Azúcar Blanco EEC Nº 2,prod_perdido,2772,null,-2772,3.6,null,770,null
3187,"AZELIS ESPAÑA, S.A.",2022→2023,2022,2023,41005,Fructosa MAIZ Cristal Granulada,sin_actividad,0,null,0,0.001,null,0,null
465,"INVESTIGACION Y DESARROLLO PANADERO, S.L.",2022→2023,2022,2023,41000,Fructosa MAIZ Cristal,precio,62.9,92.5,29.6,0.05,0.05,1258,1850
3855,"APIFERSA APICOLA, S.L.",2022→2023,2022,2023,62000,Mix Idoneo - Pienso Completo - Apicultura,prod_perdido,1824,null,-1824,2.4,null,760,null
5192,"WORLD WIDE IMPORT EXPORT CO, LTD.",2022→2023,2022,2023,60125,"Azúcar PI 73,5-67 (ENG)",precio,1668,1938,270,1.2,1.2,1390,1615
6560,MIEL Y CAMPO S.L.U,2022→2023,2022,2023,61164,Mixco Sweet Plus-M 82-05.5141,prod_perdido,15918.5,null,-15918.5,12.416,null,1282.1,null
1143,"AZUCARES ANTOÑIN, S.L.",2022→2023,2022,2023,40103,Azúcar Moreno >2500i - Brown (Dry Dem BLZ),prod_perdido,20915,null,-20915,24.001,null,871.42,null
6365,S.C.A. CAMPO MUSEO DE LA MIEL RANCHO CORTESANO,2022→2023,2022,2023,44314,Apipasta 90% - BIO - Pienso completo - Apicultura,vol_precio,4279.05,4147.2,-131.85000000000036,2.055,1.95,2082.26,2126.77
6468,"DULCES LA CARTUJA, S.L.",2022→2023,2022,2023,40207,Azúcar BIO <45 ES-ECO-024-MU Ag UE REMOLACHA,prod_perdido,79,null,-79,0.05,null,1580,null
7897,"MANDIC OUTMILL MS4, S.L.",2022→2023,2022,2023,41000,Fructosa MAIZ Cristal,prod_perdido,595,null,-595,0.5,null,1190,null
8990,"HERREIZ MASEGOSA, GERMAN",2022→2023,2022,2023,44310,Apipasta 90% - Pienso completo - Apicultura,prod_perdido,44.7,null,-44.7,0.03,null,1490,null
2216,"APIHURDES, S.COOP.",2022→2023,2022,2023,44301,Azucar Blanco – Materia Prima para Piensos,prod_perdido,16146,null,-16146,23.4,null,690,null
2767,"DULCEPLUS GOLOSINAS, S.A.",2022→2023,2022,2023,62405,Fondant ES-R06,prod_perdido,2284.8,null,-2284.8,2.04,null,1120,null
8247,"ALLJUICEMED, S.L.",2022→2023,2022,2023,64090,ATI 68º,prod_perdido,396685.92,null,-396685.92,572.6,null,692.78,null
192,"AZUCREN, S.L.",2022→2023,2022,2023,62400,Fondant ES-R01,prod_perdido,219.75,null,-219.75,0.15,null,1465,null
5981,"MAHOU, S.A.",2022→2023,2022,2023,60011,Azúcar Líquida Integral de Caña,vol_precio,211928.65,434382.49,222453.84,204.414,303.799,1036.76,1429.84
585,"COLOMA GARCIA, S.L.",2022→2023,2022,2023,61170,Mix Maltitol Sorbitol MS 74-8020,vol_precio,21579.79,13896,-7683.790000000001,11.803,7.2,1828.33,1930
2344,"MIEL MONCABRER, S.L.",2022→2023,2022,2023,61177,Mixco Sweet 81-00.0932 A-MI,prod_perdido,108746,null,-108746,144.52,null,752.46,null
1165,"ANIORTE MARTINEZ, FRANCISCO",2022→2023,2022,2023,44315,Apipasta PLUS - Pienso para Apicultura,prod_perdido,2662.8,null,-2662.8,1.68,null,1585,null
5625,"AGUDO TORRIJOS, ALVARO",2022→2023,2022,2023,44313,Apipasta Vitaminas 90% - Pienso para Apicultura,vol_precio,362.1,232.5,-129.60000000000002,0.27,0.15,1341.11,1550
1173,"FRANMOSAN, S.L.",2022→2023,2022,2023,60105,"Azúcar PI 73,5-67",prod_perdido,476.91,null,-476.91,0.42,null,1135.5,null
4002,"ABB MJ FERNANDEZ ARANDA, S.L.",2022→2023,2022,2023,40030,Azucar azucarera trimestral,prod_perdido,26349.75,null,-26349.75,22.05,null,1195,null
541,"PANYPAST GRANADA, S.L.",2022→2023,2022,2023,40340,Azúcar Perlado 1,prod_perdido,1397,null,-1397,1,null,1397,null
6636,"TECNICAS MECANICAS ILERDENSES, S.L.",2022→2023,2022,2023,65024,Azúcar en Polvo - LM3 Micronizada - Plastico chep,sin_actividad,0,null,0,0,null,null,null
8921,AGRIFOOD SERVICE AGRICOLA  S.R.L.S,2022→2023,2022,2023,44310,Apipasta 90% - Pienso completo - Apicultura,vol_precio,4267.2,2814,-1453.1999999999998,4.2,2.1,1016,1340
7189,"PASTISART IBERIA, S.L.U",2022→2023,2022,2023,40103,Azúcar Moreno >2500i - Brown (Dry Dem BLZ),sin_actividad,0,null,0,0.001,null,0,null
2887,"BIOSEARCH, S.A.U.",2022→2023,2022,2023,40016,Azúcar Blanco EEC Nº 2,prod_perdido,1566,null,-1566,2,null,783,null
5192,"WORLD WIDE IMPORT EXPORT CO, LTD.",2022→2023,2022,2023,40311,Azúcar en polvo LM (ENG),prod_perdido,1333.8,null,-1333.8,0.975,null,1368,null
6061,"UMAMI GO, S.L.",2022→2023,2022,2023,40000,Azúcar Blanco EEC Nº 2,prod_perdido,693,null,-693,0.9,null,770,null
546,"E.MORENO, S.L.",2022→2023,2022,2023,40203,Azúcar BIO 300-500 -ES-ECO-024-MU (Agric No EU),prod_perdido,5550,null,-5550,3,null,1850,null
4774,"DEL VALLE CARRION, MANUEL",2022→2023,2022,2023,44301,Azucar Blanco – Materia Prima para Piensos,prod_perdido,4200,null,-4200,4,null,1050,null
465,"INVESTIGACION Y DESARROLLO PANADERO, S.L.",2022→2023,2022,2023,42001,Dextrosa C.Monohidrato Maiz Pallet Plast.  CHEP,vol_precio,12586,7475,-5111,12.4,5,1015,1495
8278,"GRUPO OSBORNE, S.A.",2022→2023,2022,2023,60016,Azúcar Líquida Neutra S.A. - OSBORNE,vol_precio,835294.75,967576.04,132281.29000000004,1265.09,1061.63,660.27,911.41
2975,"ARTUKOLUKE, S.L.",2022→2023,2022,2023,40000,Azúcar Blanco EEC Nº 2,prod_perdido,71400,null,-71400,142.8,null,500,null
3777,"NATURVAL APICOLA, S.L.U.",2022→2023,2022,2023,44010,Fructor 10/81,sin_actividad,0,null,0,0,null,null,null
9105,"MORENO LOPEZ, FERNANDO",2022→2023,2022,2023,44310,Apipasta 90% - Pienso completo - Apicultura,prod_perdido,68.85,null,-68.85,0.045,null,1530,null
5149,"GARCIA FERNANDEZ, INMACULADA",2022→2023,2022,2023,44314,Apipasta 90% - BIO - Pienso completo - Apicultura,volumen,1140.3,717.6,-422.69999999999993,0.555,0.345,2054.59,2080
6557,"MAR FERTILIZANTES, S.L.",2022→2023,2022,2023,44015,Fructor 10/77,prod_perdido,1488,null,-1488,1.2,null,1240,null
6445,"PRIETO FABRA, JAVIER",2022→2023,2022,2023,62001,Apimix - Pienso completo - Apicultura,prod_perdido,1872,null,-1872,2.4,null,780,null
614,"MANUFACTURAS TABERNER,S.A.",2022→2023,2022,2023,40350,Azúcar Granulado Extrafino,sin_actividad,0,null,0,0.001,null,0,null
8785,INGREDIENTS & DESSERTS,2022→2023,2022,2023,61228,Fosvitae 95% Plus,sin_actividad,0,null,0,0.001,null,0,null
405,"CHOVI, S.L.",2022→2023,2022,2023,44040,Fructor 42/71,prod_perdido,38329.2,null,-38329.2,60.84,null,630,null
542,"SDAD.ESPAÑOLA COLOR. NATURALES Y AFINES, S.A.U.",2022→2023,2022,2023,60210,Azúcar Invertido 80º,prod_perdido,12665.4,null,-12665.4,25.08,null,505,null
3186,"BODEGAS SANVIVER, S.L.",2022→2023,2022,2023,40203,Azúcar BIO 300-500 -ES-ECO-024-MU (Agric No EU),prod_perdido,4950,null,-4950,3,null,1650,null
4369,"LA TIENDA DEL APICULTOR, S.L.U.",2022→2023,2022,2023,62001,Apimix - Pienso completo - Apicultura,vol_precio,16127.58,11695.88,-4431.700000000001,19.026,9.506,847.66,1230.37
4561,"AGRICOM, S.R.L.",2022→2023,2022,2023,44314,Apipasta 90% - BIO - Pienso completo - Apicultura,vol_precio,21222.6,17355.45,-3867.149999999998,10.5,8.4,2021.2,2066.12
8778,"IDILIA FOODS, S.L.",2022→2023,2022,2023,61228,Fosvitae 95% Plus,sin_actividad,0,null,0,0.001,null,0,null
8778,"IDILIA FOODS, S.L.",2022→2023,2022,2023,61229,Fosvitae Plus Polvo,sin_actividad,0,null,0,0.001,null,0,null
1293,"PAPRIMUR, S.L.",2022→2023,2022,2023,40025,Azucar Azucarera Spot,prod_perdido,1204.2,null,-1204.2,0.9,null,1338,null
429,"CROP IBERICA, S.A.U.",2022→2023,2022,2023,44015,Fructor 10/77,prod_perdido,2280,null,-2280,2.4,null,950,null
1375,"JACOBO LOZANO, S.L.",2022→2023,2022,2023,62400,Fondant ES-R01,prod_perdido,486.45,null,-486.45,0.33,null,1474.09,null
3225,"SURIVAN FEEL THE TASTE, S.L.",2022→2023,2022,2023,46276,CORREC. SORBATO POTASICO (E202),prod_perdido,5595.63,null,-5595.63,0.875,null,6395.01,null
8251,APILINE DI FASSARI DOMINIQUE,2022→2023,2022,2023,44314,Apipasta 90% - BIO - Pienso completo - Apicultura,sin_actividad,0,null,0,0.015,null,0,null
5231,"CRISTOBAL E HIJO, S.L.",2022→2023,2022,2023,44315,Apipasta PLUS - Pienso para Apicultura,vol_precio,2570.4,4796,2225.6,1.68,2.328,1530,2060.14
340,"ARTESANOS MENDEZ, S.A.",2022→2023,2022,2023,43100,Sorbitol Liquido 70% No cristalizable,vol_precio,12264,6408,-5856,10.8,3.6,1135.56,1780
2112,"LACASA, S.A.U.",2022→2023,2022,2023,40201,Azúcar Blanco BIO ES-ECO-024-MU Ag No UE,prod_perdido,160500,null,-160500,150,null,1070,null
8042,API FACTORY,2022→2023,2022,2023,44313,Apipasta Vitaminas 90% - Pienso para Apicultura,vol_precio,17792.4,10872,-6920.4000000000015,17.25,7.2,1031.44,1510
6130,HAPPY VALLEY HONEY LIMITED,2022→2023,2022,2023,44313,Apipasta Vitaminas 90% - Pienso para Apicultura,vol_precio,8599.5,9040.5,441,7.35,6.3,1170,1435
4726,CONSORZIO CON LE API,2022→2023,2022,2023,44313,Apipasta Vitaminas 90% - Pienso para Apicultura,vol_precio,7056,24696,17640,7.35,16.8,960,1470
247,"PEDRO GUILLEN GOMARIZ, S.L.",2022→2023,2022,2023,60000,Azúcar Líquida Neutra 67º,vol_precio,117595.08,337828.3,220233.21999999997,259.02,436.84,454,773.35
2767,"DULCEPLUS GOLOSINAS, S.A.",2022→2023,2022,2023,62150,Jarabe de Melaza de Caña,vol_precio,14481.6,16153.5,1671.8999999999996,14.368,13.35,1007.91,1210
1624,S.A.T. Nº8192 PEREGRI,2022→2023,2022,2023,62154,Mixco Sweet 80-31.3233 JM,prod_perdido,1524,null,-1524,1.201,null,1268.94,null
2427,"SENCHERNES SOLDADO, ISAAC RAMON",2022→2023,2022,2023,40000,Azúcar Blanco EEC Nº 2,prod_perdido,1606,null,-1606,2.2,null,730,null
3277,"PRODUCTOS UNICOS SEISMARIN, S.L.",2022→2023,2022,2023,40000,Azúcar Blanco EEC Nº 2,sin_actividad,0,null,0,0,null,null,null
5468,"SAIZ PRIETO, JOSE ELIAS",2022→2023,2022,2023,62001,Apimix - Pienso completo - Apicultura,prod_perdido,12.46,null,-12.46,0.014,null,890,null
283,"BOLLERIA BJV, S.L.",2022→2023,2022,2023,40110,Azúcar Moreno Brown (Azucarera),prod_perdido,1035,null,-1035,0.9,null,1150,null
609,"ALBORCHATA,S.L.",2022→2023,2022,2023,40000,Azúcar Blanco EEC Nº 2,vol_precio,53675.6,29119.2,-24556.399999999998,90.08,26.4,595.87,1103
985,GIPUZKOAKO ERLEZAIN ELKARTEA,2022→2023,2022,2023,44313,Apipasta Vitaminas 90% - Pienso para Apicultura,vol_precio,14395.5,15435,1039.5,11.55,10.5,1246.36,1470
4921,"MARTINEZ CARRASCO, JOSE ANDRES",2022→2023,2022,2023,44315,Apipasta PLUS - Pienso para Apicultura,prod_perdido,114.8,null,-114.8,0.07,null,1640,null
6196,"APITIENDA SOLTAN, S.L.",2022→2023,2022,2023,44314,Apipasta 90% - BIO - Pienso completo - Apicultura,vol_precio,4032,2100,-1932,2.1,1.05,1920,2000
271,"LABORATORIOS ALMOND, S.L.",2022→2023,2022,2023,40203,Azúcar BIO 300-500 -ES-ECO-024-MU (Agric No EU),prod_perdido,2275.5,-1517,-3792.5,1.5,-1,1517,1517
5501,"CALIDAD PASCUAL, S.A.",2022→2023,2022,2023,61200,Fosvitae 85%,sin_actividad,0,null,0,0.001,null,0,null
7169,"MASTRIGO BIO GOURMET, S.L.",2022→2023,2022,2023,60000,Azúcar Líquida Neutra 67º,sin_actividad,0,null,0,0.003,null,0,null
8733,"SUPER BOCK BEBIDAS, S.A.",2022→2023,2022,2023,44092,Fructor 100/69,sin_actividad,0,null,0,0.005,null,0,null
8836,"AGROCENTROS LEON, S.L.",2022→2023,2022,2023,62020,Mix Fructor Apicultor - Pienso completo - Apicult.,vol_precio,674.24,2164,1489.76,0.784,2,860,1082
7924,"J.NORKEN,S.L.",2022→2023,2022,2023,65015,Azúcar en polvo LM,sin_actividad,0,null,0,0.001,null,0,null
8999,"VIRAVELO, S.L.",2022→2023,2022,2023,61164,Mixco Sweet Plus-M 82-05.5141,prod_perdido,78122.72,null,-78122.72,47.84,null,1633,null
8260,OBRADOR HERMANOS HIGON S.L.U.,2022→2023,2022,2023,40203,Azúcar BIO 300-500 -ES-ECO-024-MU (Agric No EU),vol_precio,3300,1320,-1980,3,1,1100,1320
226,"HIJOS DE ALBERTO SOTO, S.L.",2022→2023,2022,2023,61071,Mixco Sweet 71-50.1723,prod_perdido,31428.7,null,-31428.7,40.2,null,781.81,null
6828,AGRUP.DEFENSA SANIT.APIC.REG.DE MURCIA,2022→2023,2022,2023,44315,Apipasta PLUS - Pienso para Apicultura,prod_perdido,2227.68,null,-2227.68,1.456,null,1530,null
1149,"UNION GENIL, S.C.A",2022→2023,2022,2023,41006,Fructosa MAIZ Cristal Granulada Pallet Plast. CHEP,prod_perdido,882,null,-882,1,null,882,null
353,"QUALITY SPICES, S.L.",2022→2023,2022,2023,40103,Azúcar Moreno >2500i - Brown (Dry Dem BLZ),prod_perdido,1256.77,0,-1256.77,0.975,0,1288.99,null
2925,"BIGMAN NUTRITION, S.L.",2022→2023,2022,2023,41000,Fructosa MAIZ Cristal,vol_precio,3376.75,6806.25,3429.5,3.25,3.75,1039,1815
9075,"VINOS Y LICORES ORDOKI, S.L.",2022→2023,2022,2023,60105,"Azúcar PI 73,5-67",sin_actividad,0,null,0,0.001,null,0,null
6957,"MATEOS MUÑOZ, ANTONIO",2022→2023,2022,2023,40201,Azúcar Blanco BIO ES-ECO-024-MU Ag No UE,prod_perdido,1516,null,-1516,1,null,1516,null
6264,"VERT CARBO, ISABEL",2022→2023,2022,2023,44314,Apipasta 90% - BIO - Pienso completo - Apicultura,vol_precio,676.5,2184,1507.5,0.3,1.05,2255,2080
6636,"TECNICAS MECANICAS ILERDENSES, S.L.",2022→2023,2022,2023,40016,Azúcar Blanco EEC Nº 2,sin_actividad,0,null,0,0.3,null,0,null
1977,"ZURRIAGA MORENO, EMILIANO",2022→2023,2022,2023,44313,Apipasta Vitaminas 90% - Pienso para Apicultura,prod_perdido,162.75,null,-162.75,0.105,null,1550,null
614,"MANUFACTURAS TABERNER,S.A.",2022→2023,2022,2023,40000,Azúcar Blanco EEC Nº 2,prod_perdido,33427.8,null,-33427.8,43.2,null,773.79,null
418,"MANUFACTURAS CEYLAN, S.L.",2022→2023,2022,2023,40030,Azucar azucarera trimestral,prod_perdido,29816.1,null,-29816.1,24.3,null,1227,null
8523,"CRUZ ZAMBRANO, MARÍA",2022→2023,2022,2023,62001,Apimix - Pienso completo - Apicultura,precio,747.6,1108.8,361.19999999999993,0.84,0.84,890,1320
1149,"UNION GENIL, S.C.A",2022→2023,2022,2023,41000,Fructosa MAIZ Cristal,prod_perdido,1102.5,null,-1102.5,1.25,null,882,null
1933,"YEPES CANDEL, ANTONIO",2022→2023,2022,2023,62001,Apimix - Pienso completo - Apicultura,prod_perdido,695,null,-695,0.75,null,926.67,null
2767,"DULCEPLUS GOLOSINAS, S.A.",2022→2023,2022,2023,42000,Dextrosa Cristal Monohidrato Maiz,prod_perdido,4660,null,-4660,5,null,932,null
5006,"CARPIO DE MARCO, PATRICIA",2022→2023,2022,2023,44310,Apipasta 90% - Pienso completo - Apicultura,prod_perdido,63,null,-63,0.06,null,1050,null
8495,"PEÑA GOMEZ, ARTURO JAVIER",2022→2023,2022,2023,44313,Apipasta Vitaminas 90% - Pienso para Apicultura,prod_perdido,236.7,null,-236.7,0.18,null,1315,null
2044,"MAGDALENAS DE LAS HERAS, S.A",2022→2023,2022,2023,43100,Sorbitol Liquido 70% No cristalizable,vol_precio,27104,33535.8,6431.800000000003,24.64,24.04,1100,1395
5656,API WAYS SAS,2022→2023,2022,2023,44315,Apipasta PLUS - Pienso para Apicultura,prod_perdido,1284.36,0,-1284.36,0.84,0.84,1529,0
7615,"LOPEZ CANTERO, MANUEL",2022→2023,2022,2023,44313,Apipasta Vitaminas 90% - Pienso para Apicultura,vol_precio,243,465,222,0.225,0.3,1080,1550
8961,"LABORATORIOS VIÑAS, S.A.",2022→2023,2022,2023,61229,Fosvitae Plus Polvo,sin_actividad,0,null,0,0.001,null,0,null
5556,ASOCIACION MONTAÑESA DE APICULTORES,2022→2023,2022,2023,44313,Apipasta Vitaminas 90% - Pienso para Apicultura,prod_perdido,14081.25,null,-14081.25,12.54,null,1122.91,null
430,"MONZO LUIS, S.L.",2022→2023,2022,2023,43000,Maltitol Liquido 75-5308,vol_precio,12854.4,3991,-8863.4,7.8,2.6,1648,1535
1119,"APILORE, S.L.",2022→2023,2022,2023,44315,Apipasta PLUS - Pienso para Apicultura,vol_precio,7392,3158.4,-4233.6,5.04,1.68,1466.67,1880
2850,"AMC NATURAL DRINKS, S.L.",2022→2023,2022,2023,60000,Azúcar Líquida Neutra 67º,vol_precio,418413.2,273727.52,-144685.68,792.52,298.12,527.95,918.18
7440,"LOPEZ FOOD GROUP, S.L.",2022→2023,2022,2023,60105,"Azúcar PI 73,5-67",vol_precio,139545.4,259800.96,120255.56,150.827,179.652,925.2,1446.13
618,"BAYOGAR, S.L.",2022→2023,2022,2023,42000,Dextrosa Cristal Monohidrato Maiz,vol_precio,36995,11125,-25870,37.75,6.25,980,1780
2684,"INDUSTRIAS JIJONENCAS, S.A.",2022→2023,2022,2023,40016,Azúcar Blanco EEC Nº 2,prod_perdido,18750,null,-18750,25,null,750,null
346,"PANARRO FOODS, S.L.",2022→2023,2022,2023,40204,Azúcar BIO 600-1200 -ES-ECO-024-MU (Agric No EU),sin_actividad,0,null,0,0,null,null,null
8476,"ANITIN JEREZ, S.L.U.",2022→2023,2022,2023,40000,Azúcar Blanco EEC Nº 2,vol_precio,84555,72900,-11655,108.1,60,782.19,1215
3863,"LA TRADICION M&T, S.L.",2022→2023,2022,2023,62400,Fondant ES-R01,volumen,777,446.78,-330.22,0.6,0.345,1295,1295.01
2850,"AMC NATURAL DRINKS, S.L.",2022→2023,2022,2023,40000,Azúcar Blanco EEC Nº 2,prod_perdido,89007.2,0,-89007.2,161.86,0.001,549.9,0
531,"DESARROLLOS PANADEROS LEVANTINOS, S.L.L.",2022→2023,2022,2023,40025,Azucar Azucarera Spot,prod_perdido,6435,null,-6435,4.5,null,1430,null
1202,"APIGLASS ENVAS. Y MAT. APICOLA, S.L.",2022→2023,2022,2023,44313,Apipasta Vitaminas 90% - Pienso para Apicultura,vol_precio,102700.5,168435,65734.5,86.1,115.8,1192.8,1454.53
4329,"ZAFRA SANTILLANA, ELOY",2022→2023,2022,2023,44315,Apipasta PLUS - Pienso para Apicultura,vol_precio,786.24,5538.12,4751.88,0.504,2.94,1560,1883.71
3084,ARTENAY BARS SAS,2022→2023,2022,2023,44093,Fructor 100/80,vol_precio,20674.68,32043.79,11369.11,19.055,16.603,1085,1930
3156,"FINI GOLOSINAS ESPAÑA, S.L.U.",2022→2023,2022,2023,40000,Azúcar Blanco EEC Nº 2,prod_perdido,13500,null,-13500,18,null,750,null
555,"FORTADUL, S.L.",2022→2023,2022,2023,40000,Azúcar Blanco EEC Nº 2,prod_perdido,57456,null,-57456,48,null,1197,null
7673,"BUSTILLO ARROYO, ALEJANDRO",2022→2023,2022,2023,44313,Apipasta Vitaminas 90% - Pienso para Apicultura,prod_perdido,1296,null,-1296,0.96,null,1350,null
471,"FADICAMO, S.A.",2022→2023,2022,2023,42000,Dextrosa Cristal Monohidrato Maiz,vol_precio,7320,5756.25,-1563.75,7.5,3.75,976,1535
551,"ICE CREAM FACTORY COMAKER, S.A.",2022→2023,2022,2023,41006,Fructosa MAIZ Cristal Granulada Pallet Plast. CHEP,vol_precio,95520,166507.5,70987.5,102,89.25,936.47,1865.63
9120,"REAL JUAN, JUAN MIGUEL",2022→2023,2022,2023,44313,Apipasta Vitaminas 90% - Pienso para Apicultura,prod_perdido,93,null,-93,0.06,null,1550,null
7395,VECO PHARMA SHPK,2022→2023,2022,2023,44315,Apipasta PLUS - Pienso para Apicultura,vol_precio,18093.6,11810.4,-6283.199999999999,14.28,5.88,1267.06,2008.57
6447,"RAMIREZ FERNANDEZ, RAFAEL",2022→2023,2022,2023,44313,Apipasta Vitaminas 90% - Pienso para Apicultura,prod_perdido,648,null,-648,0.6,null,1080,null
1832,"SIERRAS ANDALUZAS, S.C.A.",2022→2023,2022,2023,44304,Azucar Polvo LS – Pienso completo – Apicultura,vol_precio,1969.5,1316.25,-653.25,1.95,0.975,1010,1350
6955,"VILAR GARCIA, PASCUAL",2022→2023,2022,2023,62020,Mix Fructor Apicultor - Pienso completo - Apicult.,prod_perdido,395,null,-395,0.5,null,790,null
2909,"MANIPULADOS DE CEBOLLAS Y DERIVADOS, S.L.",2022→2023,2022,2023,40201,Azúcar Blanco BIO ES-ECO-024-MU Ag No UE,prod_perdido,1120,null,-1120,0.8,null,1400,null
3192,"MATEU CARRION, JESUS",2022→2023,2022,2023,44301,Azucar Blanco – Materia Prima para Piensos,prod_perdido,365,null,-365,0.5,null,730,null
7171,"QUIRANTE FRUITS, S.L.",2022→2023,2022,2023,43150,Sorbitol en Polvo,volumen,10250,36900,26650,5,18,2050,2050
2057,"BACK EUROP ESPAÑA, S.L",2022→2023,2022,2023,60114,"Azúcar PI 73,5-67-C",prod_perdido,5081.3,null,-5081.3,4.9,null,1037,null
1747,"FRUIT TECH NATURAL, S.A.",2022→2023,2022,2023,61257,Mixco Sweet 74-00.3244,vol_precio,393240.58,845834.3,452593.72000000003,624.96,859.28,629.23,984.35
3598,"PEINADO VILLANUEVA, JUAN JOSE",2022→2023,2022,2023,40000,Azúcar Blanco EEC Nº 2,prod_perdido,1660.75,null,-1660.75,2.275,null,730,null
3610,"PINAZO MARTINEZ, JULIAN",2022→2023,2022,2023,62000,Mix Idoneo - Pienso Completo - Apicultura,prod_perdido,410,null,-410,0.5,null,820,null
2577,"IMPORTACO CASA PONS, S.A.U.",2022→2023,2022,2023,60131,Azucar PI 77-50,sin_actividad,0,null,0,0.001,null,0,null
8344,"PA DE MEL, S.L.",2022→2023,2022,2023,60105,"Azúcar PI 73,5-67",sin_actividad,0,null,0,0.001,null,0,null
2689,"LOPEZ SERRANO, ISAIAS",2022→2023,2022,2023,62020,Mix Fructor Apicultor - Pienso completo - Apicult.,prod_perdido,193.2,null,-193.2,0.21,null,920,null
1396,"BARCELONESA DE DROG. Y PRODUCT. QUIMICOS, S.A.",2022→2023,2022,2023,43100,Sorbitol Liquido 70% No cristalizable,vol_precio,21136.8,4032,-17104.8,18,2.4,1174.27,1680
2682,"CARO CARO, CANDELARIA",2022→2023,2022,2023,44301,Azucar Blanco – Materia Prima para Piensos,prod_perdido,2897.5,null,-2897.5,3.5,null,827.86,null
8248,"CRA BODEGAS, S.L.",2022→2023,2022,2023,61259,Mixco Sweet 68-00.5050 U,prod_perdido,29921.2,null,-29921.2,25.4,null,1178,null
3855,"APIFERSA APICOLA, S.L.",2022→2023,2022,2023,62001,Apimix - Pienso completo - Apicultura,vol_precio,6048,23724,17676,7.2,22.8,840,1040.53
535,"FRIMAR PANADEROS, S.L.",2022→2023,2022,2023,41001,Fructosa MAIZ Cristal Pallet CHEP Plastico,prod_perdido,553,null,-553,0.35,null,1580,null
7611,DPTO. CALIDAD,2022→2023,2022,2023,44313,Apipasta Vitaminas 90% - Pienso para Apicultura,sin_actividad,0,null,0,0.165,null,0,null
1774,"BODEGAS VINIVAL, S.L.",2022→2023,2022,2023,61109,Mixco Sweet 68-55.0045,volumen,67935,85065.6,17130.600000000006,72.2,88.779,940.93,958.17
8519,"PAULINO SOLANELLAS, S.L.",2022→2023,2022,2023,42001,Dextrosa C.Monohidrato Maiz Pallet Plast.  CHEP,vol_precio,31960.25,7700,-24260.25,23.9,5,1337.25,1540
4212,"VALLEJO LOPEZ, JUAN LUIS",2022→2023,2022,2023,44315,Apipasta PLUS - Pienso para Apicultura,sin_actividad,0,null,0,0.07,null,0,null
7787,"ONES MAY SABORES, S.L",2022→2023,2022,2023,40000,Azúcar Blanco EEC Nº 2,prod_perdido,28512,null,-28512,32.4,null,880,null
7755,SAS LA CHENERAIE,2022→2023,2022,2023,44315,Apipasta PLUS - Pienso para Apicultura,vol_precio,2394,1806,-588,1.68,0.84,1425,2150
6636,"TECNICAS MECANICAS ILERDENSES, S.L.",2022→2023,2022,2023,65020,Azúcar en polvo SG - LM Micronizada,sin_actividad,0,0,0,0.247,0,0,null
2011,"BIOSUR PRODUCTOS AGRICOLAS, S.L.U.",2022→2023,2022,2023,62020,Mix Fructor Apicultor - Pienso completo - Apicult.,vol_precio,816,1385.46,569.46,1.2,1.29,680,1074
6714,"ACEITES MALAGA, S.L.",2022→2023,2022,2023,62154,Mixco Sweet 80-31.3233 JM,prod_perdido,4560,null,-4560,2.4,null,1900,null
450,"LA FLOR BURGALESA, S.L.",2022→2023,2022,2023,41005,Fructosa MAIZ Cristal Granulada,prod_perdido,56321.25,null,-56321.25,51.251,null,1098.93,null
1386,"SCENTIUM FLAVOURS, S.L",2022→2023,2022,2023,40000,Azúcar Blanco EEC Nº 2,prod_perdido,2738.7,null,-2738.7,3.6,null,760.75,null
8247,"ALLJUICEMED, S.L.",2022→2023,2022,2023,61212,Mixco Sweet 72-09.6427 B2 SB20,vol_precio,9369.94,221452,212082.06,8.644,224.928,1083.98,984.55
2975,"ARTUKOLUKE, S.L.",2022→2023,2022,2023,40207,Azúcar BIO <45 ES-ECO-024-MU Ag UE REMOLACHA,prod_perdido,123840,null,-123840,96,null,1290,null
3793,"PERALES GALVEZ, CELESTINO",2022→2023,2022,2023,44313,Apipasta Vitaminas 90% - Pienso para Apicultura,vol_precio,162,69.75,-92.25,0.15,0.045,1080,1550
8021,"LOPEZ MARTINEZ, GABRIEL",2022→2023,2022,2023,44314,Apipasta 90% - BIO - Pienso completo - Apicultura,prod_perdido,2234.7,null,-2234.7,1.065,null,2098.31,null
5943,"VALLES DE CORDOBA, S.L.",2022→2023,2022,2023,44111,Glucor 60/82,sin_actividad,0,null,0,0,null,null,null
535,"FRIMAR PANADEROS, S.L.",2022→2023,2022,2023,42001,Dextrosa C.Monohidrato Maiz Pallet Plast.  CHEP,vol_precio,2232,8712,6480,2.4,4.8,930,1815
445,"PASTELERIA ARROYO SANCHEZ, S.L.U.",2022→2023,2022,2023,40030,Azucar azucarera trimestral,prod_perdido,56640,null,-56640,48,null,1180,null
419,"DISTRIBUCIONES JAIME SARRION, S.L.",2022→2023,2022,2023,40110,Azúcar Moreno Brown (Azucarera),prod_perdido,963.75,null,-963.75,0.975,null,988.46,null
4002,"ABB MJ FERNANDEZ ARANDA, S.L.",2022→2023,2022,2023,62400,Fondant ES-R01,vol_precio,11868,63363.15,51495.15,10.32,45.585,1150,1390
737,"COMERCIAL IBENSE, S.L.",2022→2023,2022,2023,42000,Dextrosa Cristal Monohidrato Maiz,precio,1281.25,2281.25,1000,1.25,1.25,1025,1825
8795,"ADISTAFARMA, S.L.",2022→2023,2022,2023,61200,Fosvitae 85%,prod_ganado,0,3412.34,3412.34,0.001,1.22,0,2797
239,"ASOCIACION DE APICULTORES DE VIZCAYA, B.E.",2022→2023,2022,2023,44314,Apipasta 90% - BIO - Pienso completo - Apicultura,volumen,2110.5,900,-1210.5,1.05,0.45,2010,2000
2283,"ROENCAR, S.L.U.",2022→2023,2022,2023,60105,"Azúcar PI 73,5-67",prod_perdido,144.2,null,-144.2,0.14,null,1030,null
8720,"NUTRAPROCES 2000, S.L.",2022→2023,2022,2023,41000,Fructosa MAIZ Cristal,vol_precio,14932.5,87032.5,72100,11.251,51.25,1327.22,1698.2
889,"ESPECIALIDADES DEL OBRADOR, S.L.",2022→2023,2022,2023,40110,Azúcar Moreno Brown (Azucarera),prod_perdido,262.25,null,-262.25,0.25,null,1049,null
8016,"ARGOS RAMOS, PATRICIA",2022→2023,2022,2023,44313,Apipasta Vitaminas 90% - Pienso para Apicultura,prod_perdido,2410.8,null,-2410.8,2.1,null,1148,null
455,"EMILIO PEÑA, S.A.",2022→2023,2022,2023,40025,Azucar Azucarera Spot,volumen,2430,1215,-1215,1.8,0.9,1350,1350
4954,"SAIZ CAÑAS, TEODORA",2022→2023,2022,2023,44313,Apipasta Vitaminas 90% - Pienso para Apicultura,prod_perdido,650.85,null,-650.85,0.57,null,1141.84,null
6603,"INDUSTRIAS ALIMENTICIAS SUFLI, S.L.",2022→2023,2022,2023,40203,Azúcar BIO 300-500 -ES-ECO-024-MU (Agric No EU),volumen,76.9,307.6,230.70000000000002,0.05,0.2,1538,1538
3699,"GONZALEZ CARBALLAL, S.L.",2022→2023,2022,2023,44310,Apipasta 90% - Pienso completo - Apicultura,precio,14398.8,21676.8,7278,15.6,15.9,923,1363.32
8924,"LOPEZ CARRILLO, FRANCISCO MANUEL",2022→2023,2022,2023,44315,Apipasta PLUS - Pienso para Apicultura,prod_perdido,21.42,null,-21.42,0.014,null,1530,null
8993,BLANCATO GERMANO,2022→2023,2022,2023,44310,Apipasta 90% - Pienso completo - Apicultura,prod_perdido,18270,null,-18270,12.6,null,1450,null
891,"MONTEALBOR ALIMENTACION, S.A.U",2022→2023,2022,2023,42000,Dextrosa Cristal Monohidrato Maiz,prod_perdido,1337.5,null,-1337.5,1.25,null,1070,null
1083,"COLLADO COLADO, ASUNCION",2022→2023,2022,2023,44313,Apipasta Vitaminas 90% - Pienso para Apicultura,prod_perdido,1254,null,-1254,0.9,null,1393.33,null
5727,"BOGNER, JOSEPH",2022→2023,2022,2023,44313,Apipasta Vitaminas 90% - Pienso para Apicultura,vol_precio,28602.6,28899,296.40000000000146,26.1,19.8,1095.89,1459.55
7924,"J.NORKEN,S.L.",2022→2023,2022,2023,41000,Fructosa MAIZ Cristal,vol_precio,65878.75,17950,-47928.75,58.75,10,1121.34,1795
297,"TARBAL FOOD, S.L.",2022→2023,2022,2023,65016,Azúcar en polvo LM Pallet PLT,prod_perdido,9424.35,null,-9424.35,8.775,null,1074,null
5989,"T500 PURATOS, S.A.",2022→2023,2022,2023,61228,Fosvitae 95% Plus,sin_actividad,0,null,0,0.001,null,0,null
8462,"CAPEL VINOS, S.A.",2022→2023,2022,2023,60200,Azúcar Invertido 67º,sin_actividad,0,null,0,0.002,null,0,null
6724,"MURCIA MARTINEZ, JOAQUIN",2022→2023,2022,2023,44313,Apipasta Vitaminas 90% - Pienso para Apicultura,prod_perdido,20.25,null,-20.25,0.015,null,1350,null
1284,"FRUTAS Y TURRONES, S.A.",2022→2023,2022,2023,40000,Azúcar Blanco EEC Nº 2,prod_perdido,10843.5,null,-10843.5,14.3,null,758.29,null
3591,"REINA TARIN, RAFAEL",2022→2023,2022,2023,44313,Apipasta Vitaminas 90% - Pienso para Apicultura,prod_perdido,1134,null,-1134,1.05,null,1080,null
8498,"ZALVE RUIZ, JOSE FRANCISCO",2022→2023,2022,2023,44315,Apipasta PLUS - Pienso para Apicultura,prod_perdido,85.68,null,-85.68,0.056,null,1530,null
2548,"MEETINGCOOK, S.L.",2022→2023,2022,2023,40025,Azucar Azucarera Spot,volumen,506.25,1215,708.75,0.375,0.9,1350,1350
6041,"AGROLLAVOR SUPERVERT, S.L.",2022→2023,2022,2023,44314,Apipasta 90% - BIO - Pienso completo - Apicultura,vol_precio,159.75,304.42,144.67000000000002,0.075,0.135,2130,2254.96
561,"JOSE MIGUEL POVEDA, S.A.",2022→2023,2022,2023,40000,Azúcar Blanco EEC Nº 2,prod_perdido,13119,null,-13119,15.82,null,829.27,null
1864,MELAZAHAR COOP. V.,2022→2023,2022,2023,44301,Azucar Blanco – Materia Prima para Piensos,vol_precio,438,7742.8,7304.8,0.6,8.3,730,932.87
1853,"GÓMEZ ROBLES, MIGUEL",2022→2023,2022,2023,44315,Apipasta PLUS - Pienso para Apicultura,vol_precio,3296.8,2845.92,-450.8800000000001,2.536,1.414,1300,2012.67
7651,SARL API DISTRIBUTION,2022→2023,2022,2023,44310,Apipasta 90% - Pienso completo - Apicultura,vol_precio,19378.8,16616.25,-2762.5499999999993,16.8,11.55,1153.5,1438.64
3013,"GARCIA FERNANDEZ, ANTONIIO",2022→2023,2022,2023,44313,Apipasta Vitaminas 90% - Pienso para Apicultura,prod_perdido,93,null,-93,0.06,null,1550,null
418,"MANUFACTURAS CEYLAN, S.L.",2022→2023,2022,2023,40350,Azúcar Granulado Extrafino,vol_precio,12466.5,16406.1,3939.5999999999985,11.1,10.8,1123.11,1519.08
7554,MEL CAN TONI,2022→2023,2022,2023,44313,Apipasta Vitaminas 90% - Pienso para Apicultura,prod_perdido,2268,null,-2268,2.1,null,1080,null
2642,"BONDIA SALVO, S.L.",2022→2023,2022,2023,49006,Almidón nativo de Maiz,vol_precio,600,1840,1240,1,1.6,600,1150
4103,ASOCIACION CANTABRA DE APICULTORES,2022→2023,2022,2023,44313,Apipasta Vitaminas 90% - Pienso para Apicultura,prod_perdido,1102.5,null,-1102.5,1.05,null,1050,null
7171,"QUIRANTE FRUITS, S.L.",2022→2023,2022,2023,61212,Mixco Sweet 72-09.6427 B2 SB20,vol_precio,3235199.56,2594835.4,-640364.1600000001,2950,2160.6,1096.68,1200.98
618,"BAYOGAR, S.L.",2022→2023,2022,2023,40016,Azúcar Blanco EEC Nº 2,vol_precio,155607.9,87935.12,-67672.78,201.3,71.96,773.01,1222
1631,"SALMERON SAN JUAN, SALVADOR",2022→2023,2022,2023,44310,Apipasta 90% - Pienso completo - Apicultura,prod_perdido,6126.75,null,-6126.75,5.835,null,1050,null
542,"SDAD.ESPAÑOLA COLOR. NATURALES Y AFINES, S.A.U.",2022→2023,2022,2023,40260,Melaza de Caña,vol_precio,8684.15,63885,55200.85,12.686,56.46,684.55,1131.51
6767,"NOGUER VIADER, JOSEP",2022→2023,2022,2023,44301,Azucar Blanco – Materia Prima para Piensos,prod_perdido,2370,null,-2370,3,null,790,null
2057,"BACK EUROP ESPAÑA, S.L",2022→2023,2022,2023,41000,Fructosa MAIZ Cristal,prod_perdido,2225,null,-2225,2.5,null,890,null
8532,"LINARES NAVARRO, SERGIO",2022→2023,2022,2023,40000,Azúcar Blanco EEC Nº 2,prod_perdido,182.5,null,-182.5,0.25,null,730,null
4914,"SVETOSLAV STEFANOV, VASILEV",2022→2023,2022,2023,44313,Apipasta Vitaminas 90% - Pienso para Apicultura,prod_perdido,97.2,null,-97.2,0.09,null,1080,null
4002,"ABB MJ FERNANDEZ ARANDA, S.L.",2022→2023,2022,2023,40330,Azúcar Perlado 2,prod_perdido,593.95,null,-593.95,0.35,null,1697,null
2392,"COATO, S.C.L.",2022→2023,2022,2023,65005,Azúcar en polvo LS,vol_precio,903,429.03,-473.97,0.75,0.315,1204,1362
7611,DPTO. CALIDAD,2022→2023,2022,2023,60510,CLARIFICADO-003INV.65,sin_actividad,0,0,0,1.169,2.524,0,0
2592,"NOVASERVICE MALAGA, S.L.",2022→2023,2022,2023,60122,"Azúcar PI 73,5-67-C Sin Serigrafiar",prod_perdido,1612.8,null,-1612.8,1.68,null,960,null
1284,"FRUTAS Y TURRONES, S.A.",2022→2023,2022,2023,61138,Mixco Sweet 75-45.0718,precio,105270.4,143851.94,38581.54000000001,118.4,120.58,889.11,1193
3854,"ESBERGHEL DISTRIBUCIONES, S.L.",2022→2023,2022,2023,65005,Azúcar en polvo LS,vol_precio,837.54,1394.25,556.71,0.66,0.975,1269,1430
8247,"ALLJUICEMED, S.L.",2022→2023,2022,2023,61261,Mixco Sweet 68-00.5050 RC COFI,prod_perdido,4589794.86,null,-4589794.86,5090.945,null,901.56,null
1747,"FRUIT TECH NATURAL, S.A.",2022→2023,2022,2023,40003,Azúcar Blanco EEC Nº 2 REMOLACHA,vol_precio,284714.64,27870.16,-256844.48,418.5,23.78,680.32,1172
1339,COOP. VINICOLA LA VIÑA,2022→2023,2022,2023,60000,Azúcar Líquida Neutra 67º,vol_precio,4008,4237.2,229.19999999999982,4.8,3.6,835,1177
2593,"GARCIA GARCIA, JUAN",2022→2023,2022,2023,44313,Apipasta Vitaminas 90% - Pienso para Apicultura,vol_precio,81,720.75,639.75,0.06,0.465,1350,1550
9022,"SYMRISE IBÉRICA, S.L.",2022→2023,2022,2023,65005,Azúcar en polvo LS,sin_actividad,0,null,0,0.001,null,0,null
9053,"TOT CAMP PALLARS, S.L.U.",2022→2023,2022,2023,44313,Apipasta Vitaminas 90% - Pienso para Apicultura,prod_perdido,3087,null,-3087,2.1,null,1470,null
4074,"GIMENEZ BARRERAS, ALFONSO",2022→2023,2022,2023,44313,Apipasta Vitaminas 90% - Pienso para Apicultura,prod_perdido,675.6,null,-675.6,0.495,null,1364.85,null
8994,"NATURECO, S.L.",2022→2023,2022,2023,40203,Azúcar BIO 300-500 -ES-ECO-024-MU (Agric No EU),prod_perdido,4545,null,-4545,3,null,1515,null
4921,"MARTINEZ CARRASCO, JOSE ANDRES",2022→2023,2022,2023,62001,Apimix - Pienso completo - Apicultura,prod_perdido,124.6,null,-124.6,0.14,null,890,null
346,"PANARRO FOODS, S.L.",2022→2023,2022,2023,40000,Azúcar Blanco EEC Nº 2,vol_precio,71991,53533.7,-18457.300000000003,113.8,45.1,632.61,1187
3805,"MONTEJANO NAVARRO, MARIA DEL CARMEN",2022→2023,2022,2023,62001,Apimix - Pienso completo - Apicultura,vol_precio,211.82,287.5,75.68,0.238,0.25,890,1150
3791,"FORTEA CERAS Y MIELES, S.L.",2022→2023,2022,2023,44310,Apipasta 90% - Pienso completo - Apicultura,prod_perdido,21609,null,-21609,22.05,null,980,null
4198,"CANO ABARCA, RAMON",2022→2023,2022,2023,62001,Apimix - Pienso completo - Apicultura,vol_precio,1123.5,540,-583.5,1.45,0.5,774.83,1080
8074,GAEC L’ABEILLE DU LECTOUROIS,2022→2023,2022,2023,44315,Apipasta PLUS - Pienso para Apicultura,prod_perdido,1284.36,null,-1284.36,0.84,null,1529,null
1087,"TORRELLA SANCHEZ, RAFAELA",2022→2023,2022,2023,40000,Azúcar Blanco EEC Nº 2,prod_perdido,2500,null,-2500,2,null,1250,null
6267,"JUMEL ALIMENTARIA, S.A.",2022→2023,2022,2023,43100,Sorbitol Liquido 70% No cristalizable,vol_precio,10345.15,16317,5971.85,9.67,9.9,1069.82,1648.18
5727,"BOGNER, JOSEPH",2022→2023,2022,2023,44315,Apipasta PLUS - Pienso para Apicultura,vol_precio,5137.44,3696,-1441.4399999999996,3.36,1.68,1529,2200
9022,"SYMRISE IBÉRICA, S.L.",2022→2023,2022,2023,40110,Azúcar Moreno Brown (Azucarera),sin_actividad,0,null,0,0.001,null,0,null
8085,"ALCALDE PALOMAR, LUIS",2022→2023,2022,2023,62001,Apimix - Pienso completo - Apicultura,prod_perdido,361.34,null,-361.34,0.406,null,890,null
576,"VIUDA PIFARRE Y COMPAÑIA, S.L.",2022→2023,2022,2023,44120,Glucor 45/80,vol_precio,75327.89,31906.2,-43421.69,77.735,24.6,969.03,1297
1459,"MIRALLES ESPADAS, S.L.",2022→2023,2022,2023,60010,Azúcar Liquida Neutra S.A.,prod_perdido,1896,null,-1896,2.4,null,790,null
8686,"MARGALEF MULET, ROSSEND",2022→2023,2022,2023,44313,Apipasta Vitaminas 90% - Pienso para Apicultura,prod_perdido,1050,null,-1050,1.05,null,1000,null
5187,"DISTRIBUCIONES VARPEN, S.L.",2022→2023,2022,2023,62400,Fondant ES-R01,prod_perdido,3029.76,null,-3029.76,2.306,null,1313.86,null
3211,"PEREZ BARRERA, FRANCISCO",2022→2023,2022,2023,44310,Apipasta 90% - Pienso completo - Apicultura,prod_perdido,780.3,null,-780.3,0.51,null,1530,null
2364,"M&C BAKERY, S.L",2022→2023,2022,2023,60105,"Azúcar PI 73,5-67",vol_precio,43129.3,81474,38344.7,53.125,55.05,811.85,1480
4542,"COMERCIAL FONT, C.B.",2022→2023,2022,2023,60114,"Azúcar PI 73,5-67-C",prod_perdido,301.35,null,-301.35,0.273,null,1103.85,null
5045,"DADELOS AGRICOLA, S.L.",2022→2023,2022,2023,40000,Azúcar Blanco EEC Nº 2,vol_precio,54616.5,24840,-29776.5,73.9,23,739.06,1080
2887,"BIOSEARCH, S.A.U.",2022→2023,2022,2023,42000,Dextrosa Cristal Monohidrato Maiz,vol_precio,13780,15900,2120,13,10,1060,1590
2111,"ENVASADOS EVA, S.A.",2022→2023,2022,2023,60101,Azúcar PI 67-40,vol_precio,106246.28,72135.98,-34110.3,174.52,75.22,608.79,959
3793,"PERALES GALVEZ, CELESTINO",2022→2023,2022,2023,62000,Mix Idoneo - Pienso Completo - Apicultura,prod_perdido,177.5,null,-177.5,0.25,null,710,null
5179,"CUSTOM DRINKS, S.L.U.",2022→2023,2022,2023,40206,Azúcar Blanco BIO ES-ECO-024-MU Ag No UE NOP,vol_precio,20811.25,18544,-2267.25,15.875,15.2,1310.94,1220
4561,"AGRICOM, S.R.L.",2022→2023,2022,2023,44315,Apipasta PLUS - Pienso para Apicultura,vol_precio,4717.44,8743.56,4026.12,3.36,4.2,1404,2081.8
400,"ASOCIACION IND. ALICANTINA DEL HELADO, S.A.",2022→2023,2022,2023,40000,Azúcar Blanco EEC Nº 2,vol_precio,399886.08,193449.46,-206436.62000000002,612.48,206.34,652.9,937.53
6645,"TURRONES EL ROMERO, S.A.",2022→2023,2022,2023,61235,Mixco Sweet 74-50.0516,vol_precio,60342,73846.4,13504.399999999994,118.9,78.56,507.5,940
1956,"MARSHMALLOWS INTERNATIONAL, S.L.U.",2022→2023,2022,2023,40000,Azúcar Blanco EEC Nº 2,vol_precio,384188.28,310961.24,-73227.04000000004,520.6,330.5,737.97,940.88
5680,"SALSA WOK, S.L.",2022→2023,2022,2023,62070,Mix Golden Jarabe,volumen,3306,8850,5544,2.28,6,1450,1475
5428,"CLEMENTE SANZ, AURORA",2022→2023,2022,2023,44313,Apipasta Vitaminas 90% - Pienso para Apicultura,vol_precio,265.2,279,13.800000000000011,0.225,0.18,1178.67,1550
4187,"AMILCAR & MORGADO, LDA",2022→2023,2022,2023,62001,Apimix - Pienso completo - Apicultura,prod_perdido,22085.6,-2403.8,-24489.399999999998,22.76,-2.38,970.37,1010
2381,"DESTILERIAS FERRI, S.L.",2022→2023,2022,2023,60010,Azúcar Liquida Neutra S.A.,prod_perdido,6522.32,null,-6522.32,12.26,null,532,null
2832,DULCES LA ABUELA COOP VNA,2022→2023,2022,2023,40103,Azúcar Moreno >2500i - Brown (Dry Dem BLZ),prod_perdido,768,null,-768,0.6,null,1280,null
1773,"SOLUBLES INSTANTANEOS, S.L.",2022→2023,2022,2023,65005,Azúcar en polvo LS,prod_perdido,767.25,null,-767.25,0.495,null,1550,null
4852,"ABELLAIRES EMPORDANESOS, S.A.T.",2022→2023,2022,2023,62001,Apimix - Pienso completo - Apicultura,vol_precio,690,1091.56,401.55999999999995,0.75,0.832,920,1311.97
1149,"UNION GENIL, S.C.A",2022→2023,2022,2023,41001,Fructosa MAIZ Cristal Pallet CHEP Plastico,prod_perdido,3528,null,-3528,4,null,882,null
6192,"ETXEBERRIA URBIZU, JON",2022→2023,2022,2023,44313,Apipasta Vitaminas 90% - Pienso para Apicultura,prod_perdido,1296,null,-1296,1.2,null,1080,null
6992,"RUIZ DE OZAETA, ANA INMACULADA",2022→2023,2022,2023,62001,Apimix - Pienso completo - Apicultura,prod_perdido,224.28,null,-224.28,0.252,null,890,null
215,"MARTIN BRAUN, S.A.",2022→2023,2022,2023,43100,Sorbitol Liquido 70% No cristalizable,prod_perdido,1356,null,-1356,1.2,null,1130,null
7251,"HELARTEAVILA, S.L.",2022→2023,2022,2023,61228,Fosvitae 95% Plus,sin_actividad,0,null,0,0.001,null,0,null
394,"VIÑA COSTEIRA, S.C.G.",2022→2023,2022,2023,60217,TIEN 71.100 Vitivinícola del Ribeiro,vol_precio,9445.35,6926.64,-2518.71,8.936,4.712,1057,1470
401,"SOLER GIMENO, S.L.",2022→2023,2022,2023,40003,Azúcar Blanco EEC Nº 2 REMOLACHA,prod_perdido,159856.12,null,-159856.12,316.04,null,505.81,null
8248,"CRA BODEGAS, S.L.",2022→2023,2022,2023,61261,Mixco Sweet 68-00.5050 RC COFI,prod_perdido,182614.74,null,-182614.74,202.98,null,899.67,null
2337,"METAROM IBERICA, S.A.U.",2022→2023,2022,2023,60000,Azúcar Líquida Neutra 67º,vol_precio,4065.6,5287.98,1222.3799999999997,4.8,4.26,847,1241.31
1643,"DULCES ARTESANALES LINARES, S.L",2022→2023,2022,2023,41005,Fructosa MAIZ Cristal Granulada,prod_perdido,4312.5,null,-4312.5,3.75,null,1150,null
4709,"TURRONES PICO, S.A.",2022→2023,2022,2023,40000,Azúcar Blanco EEC Nº 2,prod_perdido,15730,null,-15730,24.2,null,650,null
8352,ASOCIACION PROVINCIAL DE APICULTORES BURGALESES,2022→2023,2022,2023,44313,Apipasta Vitaminas 90% - Pienso para Apicultura,vol_precio,17523,13671,-3852,13.5,9.3,1298,1470
2577,"IMPORTACO CASA PONS, S.A.U.",2022→2023,2022,2023,65007,Azúcar en polvo LS Pallet Plast. CHEP,vol_precio,14751,50949,36198,9.9,35.1,1490,1451.54
482,"PRODUCTOS VIRGEN DEL BREZO, S.A.U",2022→2023,2022,2023,41006,Fructosa MAIZ Cristal Granulada Pallet Plast. CHEP,prod_perdido,3653,null,-3653,3.25,null,1124,null
5292,"RAMON CUSINE HILL, S.A.U.",2022→2023,2022,2023,41005,Fructosa MAIZ Cristal Granulada,vol_precio,12691.2,12375,-316.2000000000007,10.85,7.5,1169.7,1650
541,"PANYPAST GRANADA, S.L.",2022→2023,2022,2023,60114,"Azúcar PI 73,5-67-C",prod_perdido,205.31,null,-205.31,0.189,null,1086.3,null
8846,"GIL PERIS, JULIO",2022→2023,2022,2023,62001,Apimix - Pienso completo - Apicultura,prod_perdido,24.92,null,-24.92,0.028,null,890,null
8304,"GALLEGO MOLERO,FERMIN ",2022→2023,2022,2023,44313,Apipasta Vitaminas 90% - Pienso para Apicultura,vol_precio,3477,9261,5784,2.85,6.3,1220,1470
531,"DESARROLLOS PANADEROS LEVANTINOS, S.L.L.",2022→2023,2022,2023,62400,Fondant ES-R01,prod_perdido,2060.1,null,-2060.1,1.65,null,1248.55,null
3791,"FORTEA CERAS Y MIELES, S.L.",2022→2023,2022,2023,44315,Apipasta PLUS - Pienso para Apicultura,sin_actividad,0,null,0,0.028,null,0,null
1202,"APIGLASS ENVAS. Y MAT. APICOLA, S.L.",2022→2023,2022,2023,62030,Mix Apiglass,prod_perdido,14772.99,null,-14772.99,16.479,null,896.47,null
5202,"TECNOLOGIAS ALIMENTARIAS AVANZADAS, S.L.",2022→2023,2022,2023,40000,Azúcar Blanco EEC Nº 2,prod_perdido,3879,null,-3879,4.5,null,862,null
5614,"ESCRIBANO MARTINEZ, MARTA",2022→2023,2022,2023,44314,Apipasta 90% - BIO - Pienso completo - Apicultura,sin_cambio,1076.25,1092,15.75,0.525,0.525,2050,2080
1072,"GALVAN FERNANDEZ HERMANOS, S.L.",2022→2023,2022,2023,40030,Azucar azucarera trimestral,prod_perdido,57360,null,-57360,48,null,1195,null
4709,"TURRONES PICO, S.A.",2022→2023,2022,2023,43052,Maltitol en Polvo Luijan 40 Mesh,prod_perdido,12943.8,null,-12943.8,5.4,null,2397,null
401,"SOLER GIMENO, S.L.",2022→2023,2022,2023,62401,Fondant ES-R02,prod_perdido,540.6,null,-540.6,0.51,null,1060,null
7185,"ILE AGROCENTRO LEON, S.L.",2022→2023,2022,2023,44314,Apipasta 90% - BIO - Pienso completo - Apicultura,prod_perdido,301.5,null,-301.5,0.15,null,2010,null
6192,"ETXEBERRIA URBIZU, JON",2022→2023,2022,2023,44314,Apipasta 90% - BIO - Pienso completo - Apicultura,prod_perdido,904.5,null,-904.5,0.45,null,2010,null
6504,PRODOTTI GIANNI S.R.L.,2022→2023,2022,2023,61228,Fosvitae 95% Plus,sin_actividad,0,null,0,0.001,null,0,null
7867,"SINBLAT ALIMENTACION SALUDABLE, S.L.",2022→2023,2022,2023,40030,Azucar azucarera trimestral,prod_perdido,7956.9,null,-7956.9,6.3,null,1263,null
891,"MONTEALBOR ALIMENTACION, S.A.U",2022→2023,2022,2023,40000,Azúcar Blanco EEC Nº 2,prod_perdido,1753.2,null,-1753.2,1.8,null,974,null
505,"MORENO SORNI, ELIAS",2022→2023,2022,2023,44301,Azucar Blanco – Materia Prima para Piensos,prod_perdido,3900,null,-3900,5,null,780,null
1752,"ROYMY 21, S.L",2022→2023,2022,2023,62150,Jarabe de Melaza de Caña,vol_precio,165303.75,243060.55,77756.79999999999,183.658,211.357,900.06,1150
7936,"FABRICA JAEN, S.L.U.",2022→2023,2022,2023,62070,Mix Golden Jarabe,vol_precio,24143.73,34268.4,10124.670000000002,19.97,19.038,1209,1800
3154,"FRIAS NUTRICION, S.A.",2022→2023,2022,2023,40203,Azúcar BIO 300-500 -ES-ECO-024-MU (Agric No EU),volumen,5120,14336,9216,4,11.2,1280,1280
2903,"MEDITERRANEA MELLIS, S.L.",2022→2023,2022,2023,61197,Mixco Sweet Plus 82-05.5041,vol_precio,1039825.76,376124.4,-663701.36,937.94,240.92,1108.63,1561.2
6446,"ARROYO PURROY, JAIME",2022→2023,2022,2023,44315,Apipasta PLUS - Pienso para Apicultura,prod_perdido,299.88,null,-299.88,0.196,null,1530,null
7185,"ILE AGROCENTRO LEON, S.L.",2022→2023,2022,2023,62020,Mix Fructor Apicultor - Pienso completo - Apicult.,vol_precio,21335.8,3574.5,-17761.3,29.68,3.25,718.86,1099.85
2103,"JOSEFA ESTELLES MAYOR, S.L.",2022→2023,2022,2023,42000,Dextrosa Cristal Monohidrato Maiz,vol_precio,64213.5,68718.38,4504.880000000005,72.15,46.275,890,1485
4634,"MASQPAN EXCLUSIVAS, S.L.",2022→2023,2022,2023,40110,Azúcar Moreno Brown (Azucarera),prod_perdido,173.25,null,-173.25,0.175,null,990,null
8799,"ELABORATS MILA, S.L.",2022→2023,2022,2023,61228,Fosvitae 95% Plus,sin_actividad,0,null,0,0.001,null,0,null
400,"ASOCIACION IND. ALICANTINA DEL HELADO, S.A.",2022→2023,2022,2023,61228,Fosvitae 95% Plus,sin_actividad,0,null,0,0.001,null,0,null
7422,"HERRANZ FERREROS, JULIO RICARDO",2022→2023,2022,2023,44313,Apipasta Vitaminas 90% - Pienso para Apicultura,prod_perdido,325.5,null,-325.5,0.21,null,1550,null
1787,"DULCES DEL TURIA, S.L.",2022→2023,2022,2023,60114,"Azúcar PI 73,5-67-C",vol_precio,3450.45,1788,-1662.4499999999998,2.467,1.2,1398.64,1490
566,"ALMACENES MIGUEZ 2005,S.L.",2022→2023,2022,2023,44313,Apipasta Vitaminas 90% - Pienso para Apicultura,vol_precio,202663.5,314754.3,112090.79999999999,178.05,217.11,1138.24,1449.75
3477,"NICOPAN ESPAÑA, S.L.",2022→2023,2022,2023,40331,Azúcar Perlado 2 Pallet Plast.,prod_perdido,86614,null,-86614,62,null,1397,null
2679,"REINA KILAMA, SDAD. COOP.",2022→2023,2022,2023,44313,Apipasta Vitaminas 90% - Pienso para Apicultura,vol_precio,106669.5,99634.5,-7035,90.3,68.25,1181.28,1459.85
1728,"CEREALTO INDUSTRIAL SPAIN, S.A.",2022→2023,2022,2023,65020,Azúcar en polvo SG - LM Micronizada,sin_actividad,0,null,0,0,null,null,null
8350,"MIGA FOODS COMMERCE, S.L.",2022→2023,2022,2023,60105,"Azúcar PI 73,5-67",vol_precio,2248.61,5220,2971.39,2.471,3.6,910,1450
7671,"PETROV VALKOV, PLAMEN",2022→2023,2022,2023,44313,Apipasta Vitaminas 90% - Pienso para Apicultura,vol_precio,97.2,69.75,-27.450000000000003,0.09,0.045,1080,1550
6258,"OBREGON DIAZ, JULIA",2022→2023,2022,2023,44310,Apipasta 90% - Pienso completo - Apicultura,prod_perdido,535.5,null,-535.5,0.51,null,1050,null
330,"PASTELERIA LOS MELLIZOS, S.L.",2022→2023,2022,2023,44015,Fructor 10/77,vol_precio,1543.2,1740,196.79999999999995,1.36,1.2,1134.71,1450
8350,"MIGA FOODS COMMERCE, S.L.",2022→2023,2022,2023,62070,Mix Golden Jarabe,prod_ganado,0,7392,7392,0.02,4.8,0,1540
401,"SOLER GIMENO, S.L.",2022→2023,2022,2023,40330,Azúcar Perlado 2,prod_perdido,670.5,null,-670.5,0.45,null,1490,null
317,"ESTUCHADOS FANNY, S.L.",2022→2023,2022,2023,40000,Azúcar Blanco EEC Nº 2,vol_precio,186111.2,134612.5,-51498.70000000001,245.9,126.5,756.86,1064.13
1253,"HORCHATA EL COSECHERO, S.L.",2022→2023,2022,2023,40000,Azúcar Blanco EEC Nº 2,vol_precio,114252.2,48972,-65280.2,174.4,46.2,655.12,1060
5373,"VERTICE DE INNOVACION Y DESAR.DE ALIMENTOS, S.A.U.",2022→2023,2022,2023,42005,Dextrosa Cristal Monoh Trigo Cons Liquida (TER),sin_actividad,0,null,0,0,null,null,null
2518,"GRANALBE, S.L.",2022→2023,2022,2023,44315,Apipasta PLUS - Pienso para Apicultura,vol_precio,13582.8,3696,-9886.8,9.24,1.68,1470,2200
2553,"ESTEVE TORTOSA, TIMOTEO",2022→2023,2022,2023,44315,Apipasta PLUS - Pienso para Apicultura,precio,385.56,504,118.44,0.252,0.252,1530,2000
1661,"DELAVIUDA ALIMENTACION, S.A",2022→2023,2022,2023,43000,Maltitol Liquido 75-5308,volumen,92423,98020,5597,63.74,67.6,1450,1450
7260,"ROMERO GUIJO, JOSE MARIA",2022→2023,2022,2023,44314,Apipasta 90% - BIO - Pienso completo - Apicultura,prod_perdido,2177.7,null,-2177.7,1.05,null,2074,null
233,"FAROLIVA, S.L.",2022→2023,2022,2023,40000,Azúcar Blanco EEC Nº 2,prod_perdido,2772,null,-2772,3.6,null,770,null
772,"SEIS H, S.A.",2022→2023,2022,2023,62400,Fondant ES-R01,sin_actividad,0,null,0,0.001,null,0,null
7556,"DESTILACIONES BORDAS CHINCHURRETA, S.A.",2022→2023,2022,2023,44092,Fructor 100/69,sin_actividad,0,0,0,0.012,0.025,0,0
428,"PASTELERIA INDUSTRIAL MONTE TURIA, S.A.",2022→2023,2022,2023,40350,Azúcar Granulado Extrafino,prod_perdido,49906.8,null,-49906.8,52.2,null,956.07,null
1760,"GONZALEZ BYASS, S.A",2022→2023,2022,2023,60010,Azúcar Liquida Neutra S.A.,vol_precio,237729.36,254888.82,17159.46000000002,371.64,272.38,639.68,935.78
528,"MANUFACTURAS COVISAL, S.L.",2022→2023,2022,2023,42000,Dextrosa Cristal Monohidrato Maiz,prod_perdido,12180,null,-12180,12,null,1015,null
5373,"VERTICE DE INNOVACION Y DESAR.DE ALIMENTOS, S.A.U.",2022→2023,2022,2023,62150,Jarabe de Melaza de Caña,sin_actividad,0,null,0,0.08,null,0,null
541,"PANYPAST GRANADA, S.L.",2022→2023,2022,2023,62402,Fondant ES-R03,prod_perdido,1254.75,null,-1254.75,1.11,null,1130.41,null
1673,"RIQUELME ALACID, DOLORES ",2022→2023,2022,2023,44313,Apipasta Vitaminas 90% - Pienso para Apicultura,vol_precio,550.8,767.25,216.45000000000005,0.51,0.495,1080,1550
3154,"FRIAS NUTRICION, S.A.",2022→2023,2022,2023,40204,Azúcar BIO 600-1200 -ES-ECO-024-MU (Agric No EU),prod_perdido,10240,null,-10240,8,null,1280,null
4997,"PRODUCTOS LA MULATA, S.L.",2022→2023,2022,2023,42000,Dextrosa Cristal Monohidrato Maiz,vol_precio,2825,2100,-725,2.5,1.25,1130,1680
1459,"MIRALLES ESPADAS, S.L.",2022→2023,2022,2023,60000,Azúcar Líquida Neutra 67º,prod_perdido,1068,null,-1068,1.2,null,890,null
3154,"FRIAS NUTRICION, S.A.",2022→2023,2022,2023,60000,Azúcar Líquida Neutra 67º,prod_perdido,229873.5,null,-229873.5,460.08,null,499.64,null
6585,"GONZALEZ REVIRIEGO, OLMO",2022→2023,2022,2023,44335,Azúcar Blanco BIO MP para piensos,prod_perdido,1015.4,null,-1015.4,0.65,null,1562.15,null
3715,"BSI BODEGAS SAN ISIDRO, S.COOP.",2022→2023,2022,2023,40203,Azúcar BIO 300-500 -ES-ECO-024-MU (Agric No EU),prod_perdido,4263.25,null,-4263.25,2.75,null,1550.27,null
1437,"CEREALTO AGUILAR, S.L.",2022→2023,2022,2023,65016,Azúcar en polvo LM Pallet PLT,prod_perdido,2433.6,null,-2433.6,2.925,null,832,null
428,"PASTELERIA INDUSTRIAL MONTE TURIA, S.A.",2022→2023,2022,2023,40000,Azúcar Blanco EEC Nº 2,vol_precio,151145,174047.5,22902.5,190.3,161.7,794.25,1076.36
5819,"CASTELLON AGUILAR, FRANCISCO JAVIER",2022→2023,2022,2023,44131,Glucor 37/79,prod_perdido,12372.8,null,-12372.8,16.28,null,760,null
2763,"HERMANOS ROMAN ALAMINOS, S.L.",2022→2023,2022,2023,40000,Azúcar Blanco EEC Nº 2,vol_precio,75913.12,89823.24,13910.12000000001,81.84,79.56,927.58,1129
769,"ANGEL CAMACHO ALIMENTACION, S.L.",2022→2023,2022,2023,40207,Azúcar BIO <45 ES-ECO-024-MU Ag UE REMOLACHA,prod_perdido,2493,null,-2493,1.8,null,1385,null
7592,"CASTILLO CATALÁN, EUGENIO",2022→2023,2022,2023,44313,Apipasta Vitaminas 90% - Pienso para Apicultura,prod_perdido,46.5,null,-46.5,0.03,null,1550,null
1649,"BLASCO APARICIO, SANDRA",2022→2023,2022,2023,44313,Apipasta Vitaminas 90% - Pienso para Apicultura,prod_perdido,435,null,-435,0.435,null,1000,null
7880,"DULCES EL AVION, S.A.",2022→2023,2022,2023,44120,Glucor 45/80,vol_precio,31919.81,105117.42,73197.61,49.642,83.15,643,1264.19
541,"PANYPAST GRANADA, S.L.",2022→2023,2022,2023,41000,Fructosa MAIZ Cristal,prod_perdido,62.5,null,-62.5,0.05,null,1250,null
1567,SDAD.COOP.AND. GANADERA DE VALLE DE LOS PEDROCHES,2022→2023,2022,2023,61229,Fosvitae Plus Polvo,sin_actividad,0,null,0,0.001,null,0,null
457,"AMAHER, S.L.",2022→2023,2022,2023,44080,Fructor 85/75,prod_perdido,5184,null,-5184,4.8,null,1080,null
1281,"PRODUCTOS CHURRUCA, S.A.",2022→2023,2022,2023,65005,Azúcar en polvo LS,sin_actividad,0,null,0,0,null,null,null
7422,"HERRANZ FERREROS, JULIO RICARDO",2022→2023,2022,2023,62001,Apimix - Pienso completo - Apicultura,prod_perdido,950,null,-950,1,null,950,null
2112,"LACASA, S.A.U.",2022→2023,2022,2023,40206,Azúcar Blanco BIO ES-ECO-024-MU Ag No UE NOP,volumen,29700,326549,296849,22,239.975,1350,1360.76
2037,"INDUSTRIAS ESPADAFOR, S.A",2022→2023,2022,2023,44040,Fructor 42/71,volumen,15104.1,29790.3,14686.199999999999,25.3,49.9,597,597
283,"BOLLERIA BJV, S.L.",2022→2023,2022,2023,60105,"Azúcar PI 73,5-67",prod_perdido,159.89,null,-159.89,0.126,null,1268.97,null
8523,"CRUZ ZAMBRANO, MARÍA",2022→2023,2022,2023,44310,Apipasta 90% - Pienso completo - Apicultura,prod_perdido,6300,null,-6300,6,null,1050,null
433,"SANCHIS MIRA, S.A.",2022→2023,2022,2023,40000,Azúcar Blanco EEC Nº 2,prod_perdido,360347.46,null,-360347.46,518.98,null,694.34,null
7706,"RUIPAN, S.L.",2022→2023,2022,2023,40000,Azúcar Blanco EEC Nº 2,vol_precio,58453.2,139563.2,81110.00000000001,49.96,126.22,1170,1105.71
1832,"SIERRAS ANDALUZAS, S.C.A.",2022→2023,2022,2023,44315,Apipasta PLUS - Pienso para Apicultura,vol_precio,65184,42000,-23184,44.52,21.84,1464.15,1923.08
1075,AGRUPACION MURCIANA APICULTORES PROFESIONALES,2022→2023,2022,2023,62001,Apimix - Pienso completo - Apicultura,vol_precio,1421.94,1500,78.05999999999995,1.746,1.5,814.4,1000
2337,"METAROM IBERICA, S.A.U.",2022→2023,2022,2023,44010,Fructor 10/81,vol_precio,1870.5,3975,2104.5,1.29,2.5,1450,1590
450,"LA FLOR BURGALESA, S.L.",2022→2023,2022,2023,40203,Azúcar BIO 300-500 -ES-ECO-024-MU (Agric No EU),vol_precio,8700,4770,-3930,6,3,1450,1590
4642,"TORRALBA GUILLAMON, YOLANDA",2022→2023,2022,2023,40203,Azúcar BIO 300-500 -ES-ECO-024-MU (Agric No EU),prod_perdido,40.2,null,-40.2,0.025,null,1608,null
3795,"ZAPATA ALEMAN, SALVADOR",2022→2023,2022,2023,62001,Apimix - Pienso completo - Apicultura,prod_perdido,149.52,null,-149.52,0.168,null,890,null
541,"PANYPAST GRANADA, S.L.",2022→2023,2022,2023,40110,Azúcar Moreno Brown (Azucarera),vol_precio,575,590.63,15.629999999999995,0.5,0.375,1150,1575.01
1854,"ROYPAS BY NUTRIS, S.A.",2022→2023,2022,2023,40206,Azúcar Blanco BIO ES-ECO-024-MU Ag No UE NOP,prod_perdido,196365,null,-196365,159,null,1235,null
8247,"ALLJUICEMED, S.L.",2022→2023,2022,2023,61263,Mixco Sweet 65-00.5050 RCP COFI,prod_perdido,2670987.6,null,-2670987.6,3984.52,null,670.34,null
8247,"ALLJUICEMED, S.L.",2022→2023,2022,2023,61251,Mixco Sweet 65-00.5050 RCP V1,prod_perdido,1995557.3,null,-1995557.3,3051.58,null,653.94,null
565,"JUVER ALIMENTACION, S.L.U.",2022→2023,2022,2023,40000,Azúcar Blanco EEC Nº 2,prod_perdido,104316,null,-104316,212.4,null,491.13,null
7233,"GARCIA PALAZON, TEODORO",2022→2023,2022,2023,44313,Apipasta Vitaminas 90% - Pienso para Apicultura,vol_precio,162,372,210,0.15,0.24,1080,1550
536,"S.H.S., S.L.",2022→2023,2022,2023,40113,Azúcar Moreno Brown C,prod_perdido,2380,null,-2380,2,null,1190,null
8350,"MIGA FOODS COMMERCE, S.L.",2022→2023,2022,2023,99950,Producto de Pruebas Líquido - 1,prod_perdido,15,0,-15,0.011,0.004,1363.64,0
1023,"TORRONS VICENS, S.L.",2022→2023,2022,2023,44120,Glucor 45/80,vol_precio,14763,27108.1,12345.099999999999,14.06,17.66,1050,1535
465,"INVESTIGACION Y DESARROLLO PANADERO, S.L.",2022→2023,2022,2023,42000,Dextrosa Cristal Monohidrato Maiz,prod_perdido,1268.75,null,-1268.75,1.25,null,1015,null
3023,DIST. Y REPR. JOSE MIGUEL S.L.U.,2022→2023,2022,2023,41000,Fructosa MAIZ Cristal,prod_perdido,47.5,null,-47.5,0.05,null,950,null
506,"ACEITES LA CANAL, S.A.",2022→2023,2022,2023,60114,"Azúcar PI 73,5-67-C",prod_perdido,1673.84,null,-1673.84,1.477,null,1133.27,null
8835,"NAKOV TODOSVA, VLADO",2022→2023,2022,2023,44313,Apipasta Vitaminas 90% - Pienso para Apicultura,prod_perdido,64.8,null,-64.8,0.06,null,1080,null
1075,AGRUPACION MURCIANA APICULTORES PROFESIONALES,2022→2023,2022,2023,44313,Apipasta Vitaminas 90% - Pienso para Apicultura,vol_precio,8942.4,132.3,-8810.1,8.28,0.09,1080,1470
3225,"SURIVAN FEEL THE TASTE, S.L.",2022→2023,2022,2023,46249,CORREC. ACIDO CITRICO MONOHIDRATO (E330),prod_perdido,17474,null,-17474,5.4,null,3235.93,null
8248,"CRA BODEGAS, S.L.",2022→2023,2022,2023,64091,ATI 65º,prod_perdido,31152.66,null,-31152.66,50.82,null,613,null
8150,"BODEGAS MONASTRELL, S.L",2022→2023,2022,2023,40204,Azúcar BIO 600-1200 -ES-ECO-024-MU (Agric No EU),prod_perdido,80.4,null,-80.4,0.05,null,1608,null
1000,CLIENTES VARIOS (CONTADO),2022→2023,2022,2023,40200,Azúcar Golden - BIO - ES-ECO-024-MU (Agric No UE),prod_perdido,290.74,null,-290.74,0.2,null,1453.7,null
426,"CONSERVAS CYDONIA, S.A.",2022→2023,2022,2023,40000,Azúcar Blanco EEC Nº 2,prod_perdido,48592.3,null,-48592.3,90.1,null,539.32,null
2154,"AB AZUCARERA IBERIA, S.L.",2022→2023,2022,2023,65024,Azúcar en Polvo - LM3 Micronizada - Plastico chep,prod_perdido,30147.45,null,-30147.45,39.85,null,756.52,null
8962,"QUEROL ADELL, RAUL",2022→2023,2022,2023,44313,Apipasta Vitaminas 90% - Pienso para Apicultura,vol_precio,141.75,1395,1253.25,0.105,0.9,1350,1550
6235,"ATRILE 21, S.L.",2022→2023,2022,2023,40113,Azúcar Moreno Brown C,prod_perdido,2940,null,-2940,3,null,980,null
1791,"AROMAS CITRICS VALENCIANS, S.L.",2022→2023,2022,2023,40110,Azúcar Moreno Brown (Azucarera),prod_perdido,31.25,null,-31.25,0.025,null,1250,null
7022,"FRUTOS SECOS EMPERADOR, S.L.",2022→2023,2022,2023,40000,Azúcar Blanco EEC Nº 2,vol_precio,7541,9760,2219,9.2,8,819.67,1220
1415,"MEMBRILLO EMILY, S.L.",2022→2023,2022,2023,61228,Fosvitae 95% Plus,sin_actividad,0,null,0,0.002,null,0,null
4383,"MANUFRI, S.L.",2022→2023,2022,2023,99950,Producto de Pruebas Líquido - 1,sin_actividad,0,0,0,0.01,0.005,0,0
535,"FRIMAR PANADEROS, S.L.",2022→2023,2022,2023,40000,Azúcar Blanco EEC Nº 2,vol_precio,375162.06,533828.85,158666.78999999998,585.32,463.719,640.95,1151.19
2850,"AMC NATURAL DRINKS, S.L.",2022→2023,2022,2023,40204,Azúcar BIO 600-1200 -ES-ECO-024-MU (Agric No EU),prod_perdido,21600,null,-21600,16,null,1350,null
1752,"ROYMY 21, S.L",2022→2023,2022,2023,60114,"Azúcar PI 73,5-67-C",precio,780,1500,720,1.2,1.2,650,1250
1619,"MIRALLES CLEMENTE, EDUARDO",2022→2023,2022,2023,44313,Apipasta Vitaminas 90% - Pienso para Apicultura,prod_perdido,550.8,null,-550.8,0.51,null,1080,null
482,"PRODUCTOS VIRGEN DEL BREZO, S.A.U",2022→2023,2022,2023,40013,Azucar Blanco EEC Nº2 Extrafino,vol_precio,97.5,33480,33382.5,0.15,27,650,1240
1165,"ANIORTE MARTINEZ, FRANCISCO",2022→2023,2022,2023,62000,Mix Idoneo - Pienso Completo - Apicultura,prod_perdido,710,null,-710,1,null,710,null
484,"PRODUCTOS LA PILARICA, S.A.",2022→2023,2022,2023,40111,Azúcar Moreno Brown (Alvean),prod_perdido,179,null,-179,0.2,null,895,null
450,"LA FLOR BURGALESA, S.L.",2022→2023,2022,2023,40016,Azúcar Blanco EEC Nº 2,prod_perdido,35350,null,-35350,70,null,505,null
7326,"ACTIVA FOOD TECH, S.A.",2022→2023,2022,2023,62150,Jarabe de Melaza de Caña,prod_perdido,5036.16,null,-5036.16,4.32,null,1165.78,null
436,"TURRONES JOSE GARRIGOS, S.A.",2022→2023,2022,2023,43000,Maltitol Liquido 75-5308,prod_perdido,12375,null,-12375,9.9,null,1250,null
1624,S.A.T. Nº8192 PEREGRI,2022→2023,2022,2023,44010,Fructor 10/81,prod_perdido,16337.2,null,-16337.2,17.38,null,940,null
1241,"ACEITES DEL SUR-COOSUR, S.A.",2022→2023,2022,2023,43000,Maltitol Liquido 75-5308,volumen,726.8,1896,1169.2,0.46,1.2,1580,1580
462,"ROMEDUL, S.L.",2022→2023,2022,2023,44015,Fructor 10/77,vol_precio,32918.4,43856.56,10938.159999999996,48.768,35.948,675,1220
8778,"IDILIA FOODS, S.L.",2022→2023,2022,2023,61200,Fosvitae 85%,sin_actividad,0,null,0,0.001,null,0,null
4288,GARCIA IGLESIAS. LARA,2022→2023,2022,2023,40110,Azúcar Moreno Brown (Azucarera),prod_perdido,25.75,null,-25.75,0.025,null,1030,null
6828,AGRUP.DEFENSA SANIT.APIC.REG.DE MURCIA,2022→2023,2022,2023,62000,Mix Idoneo - Pienso Completo - Apicultura,prod_perdido,11892.5,null,-11892.5,16.75,null,710,null
8843,"SAIZ MARTINEZ, RUBEN",2022→2023,2022,2023,44310,Apipasta 90% - Pienso completo - Apicultura,vol_precio,318.15,68.85,-249.29999999999998,0.255,0.045,1247.65,1530
1864,MELAZAHAR COOP. V.,2022→2023,2022,2023,62001,Apimix - Pienso completo - Apicultura,vol_precio,11431.32,13431.68,2000.3600000000006,15.204,12.56,751.86,1069.4
481,"EL CATETO, S.L.",2022→2023,2022,2023,40000,Azúcar Blanco EEC Nº 2,vol_precio,194163.8,146768,-47395.79999999999,291.8,141.2,665.4,1039.43
1786,"ANITIN PANES ESPECIALES, S.L.",2022→2023,2022,2023,60105,"Azúcar PI 73,5-67",sin_actividad,0,null,0,0.014,null,0,null
8025,"SANCHEZ BRENES, MARIA ISABEL",2022→2023,2022,2023,44314,Apipasta 90% - BIO - Pienso completo - Apicultura,vol_precio,808.13,510,-298.13,0.375,0.255,2155.01,2000
8667,"HERRERO BUENO, ANTONIO ",2022→2023,2022,2023,44313,Apipasta Vitaminas 90% - Pienso para Apicultura,prod_perdido,534.6,null,-534.6,0.495,null,1080,null
7706,"RUIPAN, S.L.",2022→2023,2022,2023,7300039291,null,prod_ganado,null,24000,24000,null,25,null,960
7440,"LOPEZ FOOD GROUP, S.L.",2022→2023,2022,2023,43101,null,prod_ganado,null,7312.5,7312.5,null,3.9,null,1875
321,"PRODUCTOS PEPITO, S.L.U.",2022→2023,2022,2023,7300007131,null,prod_ganado,null,27867,27867,null,26.2,null,1063.63
2103,"JOSEFA ESTELLES MAYOR, S.L.",2022→2023,2022,2023,7300037021,null,sin_actividad,null,0,0,null,0.001,null,0
1000,CLIENTES VARIOS (CONTADO),2022→2023,2022,2023,40030,null,prod_ganado,null,10.92,10.92,null,0.012,null,910
1747,"FRUIT TECH NATURAL, S.A.",2022→2023,2022,2023,7400004011,null,prod_ganado,null,771273.6,771273.6,null,661.3,null,1166.3
9194,"HELADOS JOP, S.L.",2022→2023,2022,2023,43101,null,prod_ganado,null,4810,4810,null,2.6,null,1850
2674,"MUÑOZ GUILLEN, JUAN",2022→2023,2022,2023,62020,null,prod_ganado,null,297.5,297.5,null,0.25,null,1190
9136,PRE GEL S.P.A. ,2022→2023,2022,2023,61228,null,sin_actividad,null,0,0,null,0.001,null,0
1661,"DELAVIUDA ALIMENTACION, S.A",2022→2023,2022,2023,61229,null,sin_actividad,null,0,0,null,0.001,null,0
198,"JOSE SANDOVAL, S.L.U.",2022→2023,2022,2023,7300007131,null,prod_ganado,null,3120,3120,null,3,null,1040
2909,"MANIPULADOS DE CEBOLLAS Y DERIVADOS, S.L.",2022→2023,2022,2023,60000,null,sin_actividad,null,0,0,null,0.001,null,0
5314,"PROFESSIONAL DAIRY PRODUCTS, S.L.",2022→2023,2022,2023,43101,null,prod_ganado,null,8905,8905,null,6.5,null,1370
9397,NATUR FOOD VENTURES GMBH,2022→2023,2022,2023,61228,null,sin_actividad,null,0,0,null,0.001,null,0
9437,"EL CORTÍN DEL ABEYÓN, S.L.",2022→2023,2022,2023,44315,null,prod_ganado,null,1895.04,1895.04,null,1.008,null,1880
3855,"APIFERSA APICOLA, S.L.",2022→2023,2022,2023,44010,null,prod_ganado,null,1740,1740,null,1.2,null,1450
534,"MC CONSTRUCTION CHEMICAL SPAIN, S.L.",2022→2023,2022,2023,7300005081,null,prod_ganado,null,7866,7866,null,7.2,null,1092.5
1202,"APIGLASS ENVAS. Y MAT. APICOLA, S.L.",2022→2023,2022,2023,44304,null,prod_ganado,null,111.75,111.75,null,0.075,null,1490
198,"JOSE SANDOVAL, S.L.U.",2022→2023,2022,2023,7200017111,null,prod_ganado,null,289240,289240,null,293.8,null,984.48
9142,"SKAKO DARTEK, S.L.",2022→2023,2022,2023,40024,null,sin_actividad,null,0,0,null,0.049,null,0
769,"ANGEL CAMACHO ALIMENTACION, S.L.",2022→2023,2022,2023,7400002031,null,prod_ganado,null,80230,80230,null,71,null,1130
2850,"AMC NATURAL DRINKS, S.L.",2022→2023,2022,2023,7300039291,null,prod_ganado,null,22800,22800,null,24.001,null,949.96
3067,"ALGODON DE AZUCAR SERRANO CALAVIA, S.L.",2022→2023,2022,2023,7500004011,null,prod_ganado,null,2430,2430,null,1.8,null,1350
4505,"FIESTA COLOMBINA, S.L.U.",2022→2023,2022,2023,7400048311,null,prod_ganado,null,49455,49455,null,45,null,1099
1000,CLIENTES VARIOS (CONTADO),2022→2023,2022,2023,7110004161,null,prod_ganado,null,12.66,12.66,null,0.012,null,1055
546,"E.MORENO, S.L.",2022→2023,2022,2023,7800013151,null,prod_ganado,null,918.75,918.75,null,0.525,null,1750
3022,"LACTEOS DE NAVARRA, S.L.",2022→2023,2022,2023,61200,null,sin_actividad,null,0,0,null,0.001,null,0
9187,SA LACTALIS NESTLE ULTRA-FRAIS MARQUES,2022→2023,2022,2023,61200,null,sin_actividad,null,0,0,null,0.005,null,0
407,"PRODUCTOS KELMY, S.A.U.",2022→2023,2022,2023,7400048311,null,prod_ganado,null,144807,144807,null,141,null,1027
838,"HIJOS DE PABLO GIL GUILLEN, S.L.",2022→2023,2022,2023,7300039291,null,prod_ganado,null,22800,22800,null,24,null,950
8090,G.I.E. GROUPE LOMBARD,2022→2023,2022,2023,44310,null,prod_ganado,null,10216.5,10216.5,null,7.35,null,1390
1853,"GÓMEZ ROBLES, MIGUEL",2022→2023,2022,2023,62021,null,prod_ganado,null,1392,1392,null,1.2,null,1160
7535,"DULCES LA RONDEÑA, S.L.",2022→2023,2022,2023,7300005081,null,prod_ganado,null,24960,24960,null,24,null,1040
4505,"FIESTA COLOMBINA, S.L.U.",2022→2023,2022,2023,7300037021,null,prod_ganado,null,154739.2,154739.2,null,140.8,null,1099
9463,"ADIEGO HERMANOS, S.A.",2022→2023,2022,2023,43150,null,prod_ganado,null,1467,1467,null,0.901,null,1628.19
246,"CAMPO BETICA, S.L.",2022→2023,2022,2023,61200,null,sin_actividad,null,0,0,null,0.001,null,0
3552,"VERDU RUIZ, ANTONIO",2022→2023,2022,2023,65005,null,prod_ganado,null,20.43,20.43,null,0.015,null,1362
2684,"INDUSTRIAS JIJONENCAS, S.A.",2022→2023,2022,2023,43000,null,prod_ganado,null,1495,1495,null,1.3,null,1150
7787,"ONES MAY SABORES, S.L",2022→2023,2022,2023,61201,null,sin_actividad,null,0,0,null,0.001,null,0
1643,"DULCES ARTESANALES LINARES, S.L",2022→2023,2022,2023,40016,null,prod_ganado,null,18460,18460,null,16,null,1153.75
6603,"INDUSTRIAS ALIMENTICIAS SUFLI, S.L.",2022→2023,2022,2023,40103,null,prod_ganado,null,575.2,575.2,null,0.4,null,1438
2728,"BUENDIA ALMAGRO, JUAN FRANCISCO",2022→2023,2022,2023,40201,null,prod_ganado,null,68.9,68.9,null,0.05,null,1378
1771,"EL CASERIO, S.A",2022→2023,2022,2023,7300039291,null,prod_ganado,null,75608.6,75608.6,null,74.86,null,1010
3144,"DALLANT, S.A.",2022→2023,2022,2023,7400002031,null,prod_ganado,null,23688,23688,null,24,null,987
2057,"BACK EUROP ESPAÑA, S.L",2022→2023,2022,2023,40030,null,prod_ganado,null,11043,11043,null,9,null,1227
2664,"HUDISA DESARROLLO INDUSTRIAL, S.A.",2022→2023,2022,2023,60105,null,sin_actividad,null,0,0,null,0.001,null,0
6575,"YEPES MARTINEZ, HIPOLITO",2022→2023,2022,2023,62001,null,prod_ganado,null,270,270,null,0.25,null,1080
9620,"BRAVA DRINKS, S.L.",2022→2023,2022,2023,7820022041,null,prod_ganado,null,135.8,135.8,null,0.1,null,1358
716,"PENALVA ALIMENTACION, S.A.",2022→2023,2022,2023,40016,null,prod_ganado,null,141000,141000,null,120,null,1175
1513,"AGROBIO, S.L.",2022→2023,2022,2023,42001,null,prod_ganado,null,4518,4518,null,3,null,1506
517,"DUPAN, S.L.",2022→2023,2022,2023,7500004011,null,prod_ganado,null,13963.5,13963.5,null,11.7,null,1193.46
302,"BODEGAS Y DESTILERIAS DEL SUR, S.A.",2022→2023,2022,2023,7400004011,null,prod_ganado,null,230520,230520,null,216,null,1067.22
7102,"MIEL LLARIA, TCEA",2022→2023,2022,2023,44314,null,prod_ganado,null,2184,2184,null,1.05,null,2080
874,"COMERCIAL MAPROHELCO, S.L.",2022→2023,2022,2023,7500004011,null,prod_ganado,null,1071,1071,null,0.9,null,1190
7612,DPTO. COMERCIAL,2022→2023,2022,2023,44314,null,sin_actividad,null,0,0,null,0.012,null,0
9309,"GUTSY CAPTAIN SPAIN, S.L.",2022→2023,2022,2023,40030,null,prod_ganado,null,401.4,401.4,null,0.3,null,1338
6285,"GALAN DIAZ, JUAN DOMINGO",2022→2023,2022,2023,62001,null,prod_ganado,null,1080,1080,null,1,null,1080
3244,"HURTADO VERDU, MIGUEL",2022→2023,2022,2023,40030,null,prod_ganado,null,1204.2,1204.2,null,0.9,null,1338
418,"MANUFACTURAS CEYLAN, S.L.",2022→2023,2022,2023,40103,null,prod_ganado,null,2212.5,2212.5,null,1.5,null,1475
8641,"GALLETAS GULLÓN, S.A.",2022→2023,2022,2023,7400004011,null,prod_ganado,null,2363871.06,2363871.06,null,2251.14,null,1050.08
405,"CHOVI, S.L.",2022→2023,2022,2023,7300039291,null,prod_ganado,null,51789,51789,null,49.8,null,1039.94
433,"SANCHIS MIRA, S.A.",2022→2023,2022,2023,7400002031,null,prod_ganado,null,12840,12840,null,12,null,1070
8532,"LINARES NAVARRO, SERGIO",2022→2023,2022,2023,44301,null,prod_ganado,null,133.8,133.8,null,0.1,null,1338
2659,"BASCUÑANA GEA, JOSE ANTONIO",2022→2023,2022,2023,44313,null,prod_ganado,null,418.5,418.5,null,0.27,null,1550
1072,"GALVAN FERNANDEZ HERMANOS, S.L.",2022→2023,2022,2023,7300005081,null,prod_ganado,null,51084,51084,null,47.3,null,1080
3961,"JORGE DE JULIAN, JOSE ANTONIO",2022→2023,2022,2023,44315,null,prod_ganado,null,277.2,277.2,null,0.14,null,1980
1771,"EL CASERIO, S.A",2022→2023,2022,2023,7300005081,null,prod_ganado,null,29484,29484,null,25.2,null,1170
534,"MC CONSTRUCTION CHEMICAL SPAIN, S.L.",2022→2023,2022,2023,7300039291,null,prod_ganado,null,32220,32220,null,30,null,1074
9157,"MAK FOOD COMPANY, S.L.",2022→2023,2022,2023,61212,null,prod_ganado,null,52976,52976,null,47.31,null,1119.76
6094,"ECOVINAL, S.L.U.",2022→2023,2022,2023,60123,null,prod_ganado,null,29476.7,29476.7,null,27.94,null,1055
555,"FORTADUL, S.L.",2022→2023,2022,2023,7300039291,null,prod_ganado,null,87300,87300,null,90,null,970
3144,"DALLANT, S.A.",2022→2023,2022,2023,61222,null,sin_actividad,null,0,0,null,0.001,null,0
433,"SANCHIS MIRA, S.A.",2022→2023,2022,2023,7300039291,null,prod_ganado,null,200719.2,200719.2,null,214.26,null,936.8
297,"TARBAL FOOD, S.L.",2022→2023,2022,2023,7400004011,null,prod_ganado,null,2772,2772,null,2,null,1386
9091,"STOLLER EUROPE, S.L.U.",2022→2023,2022,2023,7300005081,null,prod_ganado,null,25080,25080,null,24,null,1045
1173,"FRANMOSAN, S.L.",2022→2023,2022,2023,43050,null,sin_actividad,null,0,0,null,0.001,null,0
6734,"COLONIALES EL SOL, S.L.",2022→2023,2022,2023,7400002031,null,prod_ganado,null,2628,2628,null,2.4,null,1095
933,"DULCESTEPA, S.A.",2022→2023,2022,2023,7500004011,null,prod_ganado,null,23650,23650,null,22,null,1075
1529,"DULCESA, S.L. UNIPERSONAL",2022→2023,2022,2023,40355,null,sin_actividad,null,0,0,null,0.001,null,0
6467,"CATALINA FOOD SOLUTIONS, S.L.",2022→2023,2022,2023,7300037021,null,sin_actividad,null,0,0,null,0.005,null,0
9157,"MAK FOOD COMPANY, S.L.",2022→2023,2022,2023,64096,null,sin_actividad,null,null,0,null,125.02,null,null
8795,"ADISTAFARMA, S.L.",2022→2023,2022,2023,43003,null,prod_ganado,null,11622,11622,null,7.8,null,1490
9097,"CAFES MIÑANA, S.A.",2022→2023,2022,2023,73001,null,prod_ganado,null,1210,1210,null,1,null,1210
9390,FINN SPRING OY,2022→2023,2022,2023,41000,null,prod_ganado,null,40.38,40.38,null,0.025,null,1615.2
8304,"GALLEGO MOLERO,FERMIN ",2022→2023,2022,2023,44310,null,prod_ganado,null,1459.5,1459.5,null,1.05,null,1390
9446,"ALIMENTARIA ADIN, S.L.",2022→2023,2022,2023,40000,null,sin_actividad,null,0,0,null,0.001,null,0
3595,"CALATAYUD MIRO, SALVADOR",2022→2023,2022,2023,44313,null,prod_ganado,null,46.5,46.5,null,0.03,null,1550
7379,"EARTH-MIND BUSINESS GROUP, S.L.",2022→2023,2022,2023,61209,null,sin_actividad,null,0,0,null,0.001,null,0
9250,"GUERRERO BERMEJO, JUAN",2022→2023,2022,2023,44315,null,prod_ganado,null,95.76,95.76,null,0.042,null,2280
471,"FADICAMO, S.A.",2022→2023,2022,2023,7300007131,null,prod_ganado,null,80860,80860,null,70,null,1155.14
9157,"MAK FOOD COMPANY, S.L.",2022→2023,2022,2023,64095,null,sin_actividad,null,null,0,null,225.58,null,null
614,"MANUFACTURAS TABERNER,S.A.",2022→2023,2022,2023,7400002031,null,prod_ganado,null,11032,11032,null,11.2,null,985
9227,"APICOLA LIEBANA DULCE, S. C.",2022→2023,2022,2023,62001,null,prod_ganado,null,2160,2160,null,2,null,1080
8641,"GALLETAS GULLÓN, S.A.",2022→2023,2022,2023,61222,null,sin_actividad,null,0,0,null,0.001,null,0
517,"DUPAN, S.L.",2022→2023,2022,2023,7300016111,null,prod_ganado,null,3570,3570,null,3,null,1190
9454,"GARCIA TORTOSA, JULIAN",2022→2023,2022,2023,44314,null,prod_ganado,null,436.8,436.8,null,0.21,null,2080
433,"SANCHIS MIRA, S.A.",2022→2023,2022,2023,62400,null,prod_ganado,null,1544.64,1544.64,null,0.96,null,1609
6376,"ANAYA CILLEROS, LIDIA",2022→2023,2022,2023,44313,null,prod_ganado,null,627.75,627.75,null,0.405,null,1550
827,"TOMAS JIMENEZ, IGNACIO GERMAN",2022→2023,2022,2023,42000,null,prod_ganado,null,1234.3,1234.3,null,0.7,null,1763.29
436,"TURRONES JOSE GARRIGOS, S.A.",2022→2023,2022,2023,7300005081,null,prod_ganado,null,48900,48900,null,46,null,1063.04
261,"EZTIKIDETZA, S.A.T.",2022→2023,2022,2023,44310,null,prod_ganado,null,1522.5,1522.5,null,1.05,null,1450
609,"ALBORCHATA,S.L.",2022→2023,2022,2023,7300007131,null,prod_ganado,null,19854,19854,null,18,null,1103
8924,"LOPEZ CARRILLO, FRANCISCO MANUEL",2022→2023,2022,2023,7300039291,null,prod_ganado,null,23.8,23.8,null,0.02,null,1190
471,"FADICAMO, S.A.",2022→2023,2022,2023,62150,null,sin_actividad,null,0,0,null,0.001,null,0
6323,SARL BABE APICULTURE ET EMBALLAGES,2022→2023,2022,2023,44314,null,prod_ganado,null,6504.75,6504.75,null,3.15,null,2065
9183,"VIVER KOMBUCHA, S.L.",2022→2023,2022,2023,60011,null,sin_actividad,null,0,0,null,0.001,null,0
9151,SARL L'ABEILLE DU MIDI,2022→2023,2022,2023,44310,null,prod_ganado,null,1522.5,1522.5,null,1.05,null,1450
432,"CHOCOLATES ALGARRA, S.L.",2022→2023,2022,2023,73001,null,prod_ganado,null,4552,4552,null,4,null,1138
535,"FRIMAR PANADEROS, S.L.",2022→2023,2022,2023,7300005081,null,prod_ganado,null,256700.8,256700.8,null,220.98,null,1161.65
5523,"ADDKEM SPECIALTIES, S.L.U.",2022→2023,2022,2023,44015,null,sin_actividad,null,0,0,null,0.002,null,0
3071,"NAVARRO OLIVA, BERNABE",2022→2023,2022,2023,44301,null,prod_ganado,null,2880,2880,null,3,null,960
484,"PRODUCTOS LA PILARICA, S.A.",2022→2023,2022,2023,7110009141,null,prod_ganado,null,250,250,null,0.2,null,1250
9097,"CAFES MIÑANA, S.A.",2022→2023,2022,2023,7400002031,null,prod_ganado,null,2380,2380,null,2,null,1190
3225,"SURIVAN FEEL THE TASTE, S.L.",2022→2023,2022,2023,65015,null,prod_ganado,null,17752.8,17752.8,null,15.6,null,1138
2392,"COATO, S.C.L.",2022→2023,2022,2023,40207,null,prod_ganado,null,135.8,135.8,null,0.1,null,1358
3154,"FRIAS NUTRICION, S.A.",2022→2023,2022,2023,7800013151,null,prod_ganado,null,17244,17244,null,12,null,1437
6151,"FRULACT, S.A.",2022→2023,2022,2023,7300039291,null,sin_actividad,null,0,0,null,0.001,null,0
1386,"SCENTIUM FLAVOURS, S.L",2022→2023,2022,2023,43000,null,sin_actividad,null,0,0,null,0.001,null,0
542,"SDAD.ESPAÑOLA COLOR. NATURALES Y AFINES, S.A.U.",2022→2023,2022,2023,7500004011,null,prod_ganado,null,24984,24984,null,24,null,1041
2577,"IMPORTACO CASA PONS, S.A.U.",2022→2023,2022,2023,7110009141,null,sin_actividad,null,0,0,null,0.025,null,0
8247,"ALLJUICEMED, S.L.",2022→2023,2022,2023,61269,null,sin_actividad,null,0,0,null,0.008,null,0
9157,"MAK FOOD COMPANY, S.L.",2022→2023,2022,2023,61274,null,prod_ganado,null,66836.56,66836.56,null,67.24,null,994
5981,"MAHOU, S.A.",2022→2023,2022,2023,60000,null,prod_ganado,null,4410,4410,null,3.6,null,1225
1854,"ROYPAS BY NUTRIS, S.A.",2022→2023,2022,2023,44002,null,prod_ganado,null,134653.28,134653.28,null,73.76,null,1825.56
7611,DPTO. CALIDAD,2022→2023,2022,2023,99950,null,sin_actividad,null,0,0,null,0.008,null,0
9429,TARTAS ANCANO S.L.,2022→2023,2022,2023,60105,null,prod_ganado,null,1668,1668,null,1.2,null,1390
769,"ANGEL CAMACHO ALIMENTACION, S.L.",2022→2023,2022,2023,7300037021,null,prod_ganado,null,9040,9040,null,8,null,1130
592,"FRAMAJOVA, S.L",2022→2023,2022,2023,65015,null,prod_ganado,null,104352.97,104352.97,null,74.805,null,1395
3382,"GARCIA ESPADA, JOSE JULIAN",2022→2023,2022,2023,44310,null,prod_ganado,null,688.5,688.5,null,0.45,null,1530
422,"HERMANOS LOPEZ LLORET, S.A.",2022→2023,2022,2023,7300008021,null,prod_ganado,null,24000,24000,null,24,null,1000
506,"ACEITES LA CANAL, S.A.",2022→2023,2022,2023,7500004011,null,prod_ganado,null,25272,25272,null,24.3,null,1040
3855,"APIFERSA APICOLA, S.L.",2022→2023,2022,2023,44313,null,prod_ganado,null,9450,9450,null,6.3,null,1500
1041,"HERRERO ABARCA, JOSE MARIA",2022→2023,2022,2023,62001,null,prod_ganado,null,1320,1320,null,1.2,null,1100
7558,HARINAS CASTILLA LA MANCHA S.L,2022→2023,2022,2023,43000,null,prod_ganado,null,42528.2,42528.2,null,28.6,null,1487
271,"LABORATORIOS ALMOND, S.L.",2022→2023,2022,2023,65020,null,prod_ganado,null,83.2,83.2,null,0.065,null,1280
1304,"EMPRESA DE TRANSFORMACIÓN AGRARIA, S.A., S.M.E., M.P (TRAGSA)",2022→2023,2022,2023,7300007131,null,prod_ganado,null,2700,2700,null,2,null,1350
2195,"GARCIA GOMEZ, LAZARO",2022→2023,2022,2023,62000,null,prod_ganado,null,2760,2760,null,2.4,null,1150
2832,DULCES LA ABUELA COOP VNA,2022→2023,2022,2023,7300007131,null,prod_ganado,null,23690,23690,null,23,null,1030
7541,"SANCHEZ LORBADA, S.L.",2022→2023,2022,2023,7300039291,null,prod_ganado,null,26400,26400,null,24,null,1100
3921,"IBERFRUTA MUERZA, S.A.",2022→2023,2022,2023,7300008021,null,prod_ganado,null,49920,49920,null,48,null,1040
9168,"BIO ALIMENTOS DE MURCIA, S.L.",2022→2023,2022,2023,40203,null,prod_ganado,null,7506,7506,null,4.8,null,1563.75
1252,"APIGALOES, S.C.",2022→2023,2022,2023,44301,null,prod_ganado,null,26120,26120,null,28.4,null,919.72
9164,"GARCIA GOMEZ, JUAN MIGUEL",2022→2023,2022,2023,44313,null,prod_ganado,null,232.5,232.5,null,0.15,null,1550
876,"DULPESAN, S.L.",2022→2023,2022,2023,41000,null,prod_ganado,null,378,378,null,0.2,null,1890
1592,"APICOLA TARRAGONINA, S.C.C.L",2022→2023,2022,2023,44301,null,prod_ganado,null,5950,5950,null,5,null,1190
5787,"FALCON, S.A.",2022→2023,2022,2023,61218,null,prod_ganado,null,45529.32,45529.32,null,7.22,null,6306
6399,"NOVA NOVA, GREGORIO",2022→2023,2022,2023,42000,null,prod_ganado,null,460,460,null,0.25,null,1840
2473,"TORRE ORIA, S.L.U.",2022→2023,2022,2023,7300016111,null,prod_ganado,null,25784,25784,null,22,null,1172
9446,"ALIMENTARIA ADIN, S.L.",2022→2023,2022,2023,7400048311,null,prod_ganado,null,9044,9044,null,7.6,null,1190
401,"SOLER GIMENO, S.L.",2022→2023,2022,2023,7400014061,null,prod_ganado,null,27216,27216,null,25.2,null,1080
1787,"DULCES DEL TURIA, S.L.",2022→2023,2022,2023,7400002031,null,prod_ganado,null,1808,1808,null,1.6,null,1130
6338,CENTRO NAC. TECNOLOGIA Y SEGURIDAD ALIMENTARIA,2022→2023,2022,2023,40000,null,sin_actividad,null,0,0,null,0.012,null,0
1551,"MENSAJERO ALIMENTACION, S.L",2022→2023,2022,2023,7300039291,null,prod_ganado,null,46296,46296,null,48,null,964.5
762,"VIOKOX, S.A",2022→2023,2022,2023,7110009141,null,sin_actividad,null,0,0,null,0.001,null,0
430,"MONZO LUIS, S.L.",2022→2023,2022,2023,7300039291,null,prod_ganado,null,12210,12210,null,11,null,1110
5292,"RAMON CUSINE HILL, S.A.U.",2022→2023,2022,2023,42000,null,prod_ganado,null,17291.25,17291.25,null,11.25,null,1537
1592,"APICOLA TARRAGONINA, S.C.C.L",2022→2023,2022,2023,44015,null,prod_ganado,null,3480,3480,null,2.4,null,1450
4542,"COMERCIAL FONT, C.B.",2022→2023,2022,2023,7110009141,null,prod_ganado,null,287,287,null,0.2,null,1435
9286,"LAQTIA, S.L.",2022→2023,2022,2023,7400048311,null,prod_ganado,null,30288,30288,null,28.8,null,1051.67
9286,"LAQTIA, S.L.",2022→2023,2022,2023,7300005081,null,prod_ganado,null,50880,50880,null,48,null,1060
1241,"ACEITES DEL SUR-COOSUR, S.A.",2022→2023,2022,2023,7300005081,null,prod_ganado,null,55920,55920,null,48,null,1165
8553,"NATURAL BEE SPAIN, S.L",2022→2023,2022,2023,7200017111,null,prod_ganado,null,1900,1900,null,2,null,950
7115,"RIVERBEND ESPAÑA, S.A",2022→2023,2022,2023,61208,null,prod_ganado,null,23677.92,23677.92,null,15.66,null,1512
920,"FONT SALEM, S.L.",2022→2023,2022,2023,7500004011,null,prod_ganado,null,1215,1215,null,0.9,null,1350
1304,"EMPRESA DE TRANSFORMACIÓN AGRARIA, S.A., S.M.E., M.P (TRAGSA)",2022→2023,2022,2023,7300016111,null,prod_ganado,null,2700,2700,null,2,null,1350
418,"MANUFACTURAS CEYLAN, S.L.",2022→2023,2022,2023,65013,null,prod_ganado,null,65076,65076,null,44.88,null,1450
8349,"AGOTZAINA, S.L.",2022→2023,2022,2023,43050,null,prod_ganado,null,7006.5,7006.5,null,2.7,null,2595
9157,"MAK FOOD COMPANY, S.L.",2022→2023,2022,2023,61207,null,prod_ganado,null,349707.96,349707.96,null,228.125,null,1532.97
6286,COOPERATIVE APICOP,2022→2023,2022,2023,62001,null,prod_ganado,null,4368,4368,null,3.36,null,1300
397,"DISTRIBUCIONES ACEMAN, S.L.",2022→2023,2022,2023,7500004011,null,prod_ganado,null,54772.2,54772.2,null,48.6,null,1127
5679,"AB MAURI FOOD, S.A.",2022→2023,2022,2023,7220032231,null,sin_actividad,null,0,0,null,0.001,null,0
1592,"APICOLA TARRAGONINA, S.C.C.L",2022→2023,2022,2023,44306,null,prod_ganado,null,1776,1776,null,1.2,null,1480
9315,"BALLESTEROS MARTINEZ-ALCOCER, LUIS ",2022→2023,2022,2023,62001,null,prod_ganado,null,425.04,425.04,null,0.308,null,1380
317,"ESTUCHADOS FANNY, S.L.",2022→2023,2022,2023,7300005081,null,prod_ganado,null,1226.5,1226.5,null,1.1,null,1115
6244,"RJMV - PROJECTOS, PRODUCTOS E COMERCIO, LDA",2022→2023,2022,2023,40207,null,prod_ganado,null,2610,2610,null,2,null,1305
4383,"MANUFRI, S.L.",2022→2023,2022,2023,61283,null,prod_ganado,null,145908.84,145908.84,null,82.16,null,1775.91
8093,"FERTILIZANTES ORGÁNICOS DEL MEDITERRÁNEO, S.L.",2022→2023,2022,2023,44015,null,prod_ganado,null,3612,3612,null,2.4,null,1505
283,"BOLLERIA BJV, S.L.",2022→2023,2022,2023,7110009141,null,sin_actividad,null,0,0,null,0.001,null,0
5998,"FRANCISCO ARAGON, S.L.U.",2022→2023,2022,2023,44120,null,prod_ganado,null,1758,1758,null,1.202,null,1462.56
7342,"CAMPOMAR NATURE, S.L.",2022→2023,2022,2023,7810033151,null,prod_ganado,null,1305,1305,null,0.9,null,1450
7252,"MORENO ORTEGA, ENRIQUE",2022→2023,2022,2023,41000,null,prod_ganado,null,94.6,94.6,null,0.05,null,1892
385,"BIOMIP BIOLOGICAL QUALITY, S.L.",2022→2023,2022,2023,62004,null,prod_ganado,null,213080.7,213080.7,null,223.76,null,952.27
9290,SWEET INGREDIENTS GMBH,2022→2023,2022,2023,61200,null,sin_actividad,null,0,0,null,0.001,null,0
609,"ALBORCHATA,S.L.",2022→2023,2022,2023,7300005081,null,prod_ganado,null,54072,54072,null,48,null,1126.5
1289,"FRITOPER, S.L.",2022→2023,2022,2023,40000,null,sin_actividad,null,0,0,null,0.001,null,0
2908,"PRODUCTOS JOSMAN, S.L.",2022→2023,2022,2023,7300005081,null,prod_ganado,null,53533.7,53533.7,null,45.1,null,1187
8836,"AGROCENTROS LEON, S.L.",2022→2023,2022,2023,62001,null,sin_actividad,null,0,0,null,0.01,null,0
6869,"ALLTECH SPAIN, S.L.",2022→2023,2022,2023,44335,null,prod_ganado,null,1192,1192,null,0.8,null,1490
933,"DULCESTEPA, S.A.",2022→2023,2022,2023,7300005081,null,prod_ganado,null,27950,27950,null,26,null,1075
215,"MARTIN BRAUN, S.A.",2022→2023,2022,2023,7300005081,null,prod_ganado,null,135078,135078,null,141,null,958
542,"SDAD.ESPAÑOLA COLOR. NATURALES Y AFINES, S.A.U.",2022→2023,2022,2023,40203,null,prod_ganado,null,82.5,82.5,null,0.05,null,1650
9286,"LAQTIA, S.L.",2022→2023,2022,2023,7300039291,null,prod_ganado,null,23280,23280,null,24,null,970
1304,"EMPRESA DE TRANSFORMACIÓN AGRARIA, S.A., S.M.E., M.P (TRAGSA)",2022→2023,2022,2023,7400048311,null,prod_ganado,null,1888,1888,null,1.6,null,1180
1825,"LOPEZ MORENAS, S.L",2022→2023,2022,2023,99950,null,sin_actividad,null,0,0,null,0.001,null,0
1987,"GOMEZ MURRIA, RAFAEL",2022→2023,2022,2023,62001,null,prod_ganado,null,3924,3924,null,3.6,null,1090
574,"AZUCAR LUTOR, S.C.A.",2022→2023,2022,2023,7500004011,null,prod_ganado,null,23760,23760,null,24,null,990
430,"MONZO LUIS, S.L.",2022→2023,2022,2023,73001,null,prod_ganado,null,2220,2220,null,2,null,1110
7765,SURINVER EL GRUPO S.COOP,2022→2023,2022,2023,40030,null,prod_ganado,null,2534.4,2534.4,null,1.8,null,1408
2081,"ZUMOS Y FRUTAS CONCENTRADOS, S.L.",2022→2023,2022,2023,61282,null,prod_ganado,null,1326141.72,1326141.72,null,1243.98,null,1066.05
8971,"MASTER BUILDERS SOLUTIONS ESPAÑA, S.L.U.",2022→2023,2022,2023,65005,null,sin_actividad,null,0,0,null,0.001,null,0
2850,"AMC NATURAL DRINKS, S.L.",2022→2023,2022,2023,61257,null,prod_ganado,null,51162.4,51162.4,null,51.02,null,1002.79
259,"EUROGRANIZADOS, S.L.U.",2022→2023,2022,2023,7300005081,null,prod_ganado,null,45900,45900,null,45,null,1020
9369,"BORI ORERO, AURELIO",2022→2023,2022,2023,44313,null,prod_ganado,null,348.75,348.75,null,0.225,null,1550
7022,"FRUTOS SECOS EMPERADOR, S.L.",2022→2023,2022,2023,40016,null,prod_ganado,null,4880,4880,null,4,null,1220
4881,"MESEGUER RODES, ANTONIO",2022→2023,2022,2023,44315,null,prod_ganado,null,127.68,127.68,null,0.056,null,2280
5822,"CIVAN ARICILIK TEKSTIL, SALIP SAN TIC LTD STI",2022→2023,2022,2023,44332,null,prod_ganado,null,31972.5,31972.5,null,22.05,null,1450
1202,"APIGLASS ENVAS. Y MAT. APICOLA, S.L.",2022→2023,2022,2023,62001,null,prod_ganado,null,34006.2,34006.2,null,33.39,null,1018.45
2473,"TORRE ORIA, S.L.U.",2022→2023,2022,2023,40030,null,prod_ganado,null,13712.4,13712.4,null,11.7,null,1172
1253,"HORCHATA EL COSECHERO, S.L.",2022→2023,2022,2023,7300039291,null,prod_ganado,null,46690,46690,null,46,null,1015
1143,"AZUCARES ANTOÑIN, S.L.",2022→2023,2022,2023,7500004011,null,prod_ganado,null,23520,23520,null,24,null,980
215,"MARTIN BRAUN, S.A.",2022→2023,2022,2023,7300007131,null,prod_ganado,null,88136,88136,null,92,null,958
2256,"DULCES Y CONSERVAS HELIOS, S.A.",2022→2023,2022,2023,7300039291,null,prod_ganado,null,67912,67912,null,65.3,null,1040
4369,"LA TIENDA DEL APICULTOR, S.L.U.",2022→2023,2022,2023,44303,null,prod_ganado,null,2312.5,2312.5,null,1.25,null,1850
8639,ADS APICOLA UPA GUADALAJARA,2022→2023,2022,2023,62001,null,prod_ganado,null,15580,15580,null,15.58,null,1000
9283,NUTRITIVE SOLUTIONS LLC,2022→2023,2022,2023,61222,null,sin_actividad,null,0,0,null,0.001,null,0
2909,"MANIPULADOS DE CEBOLLAS Y DERIVADOS, S.L.",2022→2023,2022,2023,40114,null,sin_actividad,null,0,0,null,0.001,null,0
5998,"FRANCISCO ARAGON, S.L.U.",2022→2023,2022,2023,61104,null,prod_ganado,null,4746.96,4746.96,null,3.47,null,1368
3504,"CIFRE ALMONACIL, RAFAEL",2022→2023,2022,2023,7300037021,null,prod_ganado,null,178.5,178.5,null,0.15,null,1190
4505,"FIESTA COLOMBINA, S.L.U.",2022→2023,2022,2023,7300039291,null,prod_ganado,null,337612.8,337612.8,null,307.2,null,1099
7714,"MASIA EL CARMEN, S.L.",2022→2023,2022,2023,44313,null,prod_ganado,null,976.5,976.5,null,0.63,null,1550
9155,"CRESTAS LA GALETA, S.A.",2022→2023,2022,2023,7300005081,null,prod_ganado,null,201096,201096,null,168,null,1197
7481,"COMERCIAL AGROALIMENTARIA, S.L.",2022→2023,2022,2023,7800013151,null,prod_ganado,null,7500,7500,null,6,null,1250
4115,"SANCHEZ BARRADO, JOSE MANUEL",2022→2023,2022,2023,44315,null,prod_ganado,null,55.44,55.44,null,0.028,null,1980
2763,"HERMANOS ROMAN ALAMINOS, S.L.",2022→2023,2022,2023,7300005081,null,prod_ganado,null,22241.3,22241.3,null,19.7,null,1129
8912,MAISON VERGNON,2022→2023,2022,2023,44315,null,prod_ganado,null,1848,1848,null,0.84,null,2200
5743,"JESUS NAVARRO, S.A.",2022→2023,2022,2023,40013,null,sin_actividad,null,0,0,null,0.001,null,0
582,"HIJOS DE SALVADOR COSTA, S.L.",2022→2023,2022,2023,7820022041,null,prod_ganado,null,1813,1813,null,1.225,null,1480
428,"PASTELERIA INDUSTRIAL MONTE TURIA, S.A.",2022→2023,2022,2023,7300005081,null,prod_ganado,null,120615,120615,null,112.2,null,1075
1284,"FRUTAS Y TURRONES, S.A.",2022→2023,2022,2023,7500004011,null,prod_ganado,null,8343,8343,null,8.1,null,1030
7972,MOCHI LUXURY S.L,2022→2023,2022,2023,44010,null,prod_ganado,null,1620,1620,null,1.2,null,1350
4710,"VICENTE PONCE, GERMAN",2022→2023,2022,2023,44313,null,prod_ganado,null,232.5,232.5,null,0.15,null,1550
3409,"MAGNOLIA PREMIUM, S.L.",2022→2023,2022,2023,63101,null,prod_ganado,null,196656.65,196656.65,null,175.485,null,1120.65
534,"MC CONSTRUCTION CHEMICAL SPAIN, S.L.",2022→2023,2022,2023,7220015111,null,prod_ganado,null,5555,5555,null,5.5,null,1010
8258,"BRIOIXPAN, S.L.",2022→2023,2022,2023,7400004011,null,prod_ganado,null,16425,16425,null,15,null,1095
8641,"GALLETAS GULLÓN, S.A.",2022→2023,2022,2023,7400002031,null,prod_ganado,null,53040,53040,null,51,null,1040
1747,"FRUIT TECH NATURAL, S.A.",2022→2023,2022,2023,7400048311,null,prod_ganado,null,27888,27888,null,24,null,1162
215,"MARTIN BRAUN, S.A.",2022→2023,2022,2023,43101,null,prod_ganado,null,3627,3627,null,2.6,null,1395
2887,"BIOSEARCH, S.A.U.",2022→2023,2022,2023,40000,null,prod_ganado,null,1310,1310,null,1,null,1310
1528,"JUAN Y JUAN INDUSTRIAL, S.L.U.",2022→2023,2022,2023,7810033151,null,prod_ganado,null,5500,5500,null,4,null,1375
1304,"EMPRESA DE TRANSFORMACIÓN AGRARIA, S.A., S.M.E., M.P (TRAGSA)",2022→2023,2022,2023,7300037021,null,prod_ganado,null,1888,1888,null,1.6,null,1180
3200,"PEINADO HERNANDEZ, EDUARDO",2022→2023,2022,2023,44301,null,prod_ganado,null,1200,1200,null,1,null,1200
762,"VIOKOX, S.A",2022→2023,2022,2023,7400002031,null,prod_ganado,null,13080,13080,null,12,null,1090
396,"AGROTRANSFORMADOS, S.A.",2022→2023,2022,2023,61076,null,sin_actividad,null,0,0,null,0.001,null,0
9157,"MAK FOOD COMPANY, S.L.",2022→2023,2022,2023,64094,null,sin_actividad,null,null,0,null,88.148,null,null
265,"BLENDHUB, S.L",2022→2023,2022,2023,62032,null,sin_actividad,null,0,0,null,0.964,null,0
534,"MC CONSTRUCTION CHEMICAL SPAIN, S.L.",2022→2023,2022,2023,7300016111,null,prod_ganado,null,5600,5600,null,5,null,1120
9284,"MARTIN GARCIA, FERNANDO",2022→2023,2022,2023,62001,null,prod_ganado,null,552.1,552.1,null,0.495,null,1115.35
6338,CENTRO NAC. TECNOLOGIA Y SEGURIDAD ALIMENTARIA,2022→2023,2022,2023,43000,null,sin_actividad,null,0,0,null,0.012,null,0
7867,"SINBLAT ALIMENTACION SALUDABLE, S.L.",2022→2023,2022,2023,40000,null,prod_ganado,null,21597.3,21597.3,null,17.1,null,1263
7787,"ONES MAY SABORES, S.L",2022→2023,2022,2023,43100,null,sin_actividad,null,0,0,null,0.001,null,0
827,"TOMAS JIMENEZ, IGNACIO GERMAN",2022→2023,2022,2023,7400002031,null,prod_ganado,null,297.5,297.5,null,0.25,null,1190
614,"MANUFACTURAS TABERNER,S.A.",2022→2023,2022,2023,40030,null,prod_ganado,null,15220.8,15220.8,null,12.6,null,1208
1551,"MENSAJERO ALIMENTACION, S.L",2022→2023,2022,2023,40016,null,prod_ganado,null,25560,25560,null,24,null,1065
3089,"CANTIN CEBRIAN, JESUS MIGUEL",2022→2023,2022,2023,44301,null,prod_ganado,null,1250,1250,null,1,null,1250
3478,"APICOLA LA PARRA, S.L.U.",2022→2023,2022,2023,7200017111,null,prod_ganado,null,58740,58740,null,66,null,890
4002,"ABB MJ FERNANDEZ ARANDA, S.L.",2022→2023,2022,2023,7300039291,null,prod_ganado,null,219357.25,219357.25,null,228.755,null,958.92
542,"SDAD.ESPAÑOLA COLOR. NATURALES Y AFINES, S.A.U.",2022→2023,2022,2023,40206,null,sin_actividad,null,0,0,null,0,null,null
1673,"RIQUELME ALACID, DOLORES ",2022→2023,2022,2023,62020,null,prod_ganado,null,297.5,297.5,null,0.25,null,1190
7115,"RIVERBEND ESPAÑA, S.A",2022→2023,2022,2023,61207,null,prod_ganado,null,58549.22,58549.22,null,36.421,null,1607.57
456,"HELADOS ESTIU, S.A.",2022→2023,2022,2023,40013,null,sin_actividad,null,0,0,null,0.001,null,0
9437,"EL CORTÍN DEL ABEYÓN, S.L.",2022→2023,2022,2023,44313,null,prod_ganado,null,15007.5,15007.5,null,10.35,null,1450
1529,"DULCESA, S.L. UNIPERSONAL",2022→2023,2022,2023,7300039291,null,prod_ganado,null,189954,189954,null,183,null,1038
9157,"MAK FOOD COMPANY, S.L.",2022→2023,2022,2023,61284,null,prod_ganado,null,777561.4,777561.4,null,730.39,null,1064.58
9226,"LOPEZ LAMADRID, MERCEDES",2022→2023,2022,2023,62001,null,prod_ganado,null,3960,3960,null,3.6,null,1100
2303,"ANTONIO VILLORIA, S.A.",2022→2023,2022,2023,7300039291,null,sin_actividad,null,0,0,null,0.001,null,0
9283,NUTRITIVE SOLUTIONS LLC,2022→2023,2022,2023,61200,null,sin_actividad,null,0,0,null,0.001,null,0
436,"TURRONES JOSE GARRIGOS, S.A.",2022→2023,2022,2023,7500004011,null,prod_ganado,null,23166,23166,null,23.4,null,990
9221,ZYGOUROPOULOS,2022→2023,2022,2023,61228,null,sin_actividad,null,0,0,null,0.002,null,0
716,"PENALVA ALIMENTACION, S.A.",2022→2023,2022,2023,7300016111,null,prod_ganado,null,28200,28200,null,24,null,1175
6267,"JUMEL ALIMENTARIA, S.A.",2022→2023,2022,2023,43101,null,prod_ganado,null,11921,11921,null,9.1,null,1310
440,"MAZAPANES Y DULCES DE TOLEDO, S.A.",2022→2023,2022,2023,61126,null,prod_ganado,null,1476,1476,null,1.2,null,1230
8641,"GALLETAS GULLÓN, S.A.",2022→2023,2022,2023,42006,null,prod_ganado,null,164700,164700,null,135,null,1220
8247,"ALLJUICEMED, S.L.",2022→2023,2022,2023,61282,null,prod_ganado,null,3518976.22,3518976.22,null,3293.356,null,1068.51
9330,"AMUZA, SILVIU DANIEL",2022→2023,2022,2023,44315,null,prod_ganado,null,1663.2,1663.2,null,0.84,null,1980
418,"MANUFACTURAS CEYLAN, S.L.",2022→2023,2022,2023,7300005081,null,prod_ganado,null,57456,57456,null,48,null,1197
5661,"MONFORT CEBRIAN, WILMAR",2022→2023,2022,2023,44301,null,prod_ganado,null,2440,2440,null,1.9,null,1284.21
9091,"STOLLER EUROPE, S.L.U.",2022→2023,2022,2023,7220032231,null,sin_actividad,null,0,0,null,0.001,null,0
1643,"DULCES ARTESANALES LINARES, S.L",2022→2023,2022,2023,7300005081,null,prod_ganado,null,4320,4320,null,4,null,1080
5702,"ROSSELLO MANRESA, LORENZO",2022→2023,2022,2023,62001,null,prod_ganado,null,1296,1296,null,1.2,null,1080
482,"PRODUCTOS VIRGEN DEL BREZO, S.A.U",2022→2023,2022,2023,7300005081,null,prod_ganado,null,65880,65880,null,61,null,1080
7612,DPTO. COMERCIAL,2022→2023,2022,2023,44313,null,sin_actividad,null,0,0,null,0.168,null,0
252,"CONSERVAS ALGUAZAS, S.L.",2022→2023,2022,2023,7300007131,null,prod_ganado,null,1165,1165,null,1,null,1165
3049,"LA GRANJA FOODS 1959, S.L.",2022→2023,2022,2023,7220015111,null,prod_ganado,null,20790,20790,null,23.101,null,899.96
1241,"ACEITES DEL SUR-COOSUR, S.A.",2022→2023,2022,2023,40207,null,sin_actividad,null,0,0,null,0.001,null,0
6621,"SILVESTRE ZAMORA, ANTONIO",2022→2023,2022,2023,62001,null,prod_ganado,null,17.92,17.92,null,0.014,null,1280
9385,SMART ORGANIC AD,2022→2023,2022,2023,61287,null,prod_ganado,null,34434.5,34434.5,null,11.29,null,3050
6877,"BERGUA BRUN, ANGEL",2022→2023,2022,2023,44313,null,prod_ganado,null,1395,1395,null,0.9,null,1550
1314,"MANUFACTURAS PIBERNAT, S.L.",2022→2023,2022,2023,7300039291,null,prod_ganado,null,63840,63840,null,57,null,1120
8247,"ALLJUICEMED, S.L.",2022→2023,2022,2023,7400004011,null,prod_ganado,null,1380,1380,null,1,null,1380
1253,"HORCHATA EL COSECHERO, S.L.",2022→2023,2022,2023,73001,null,prod_ganado,null,4160,4160,null,4,null,1040
9206,"TRIAS GALLETES-BISCUITS, S.A.",2022→2023,2022,2023,40000,null,prod_ganado,null,29140.1,29140.1,null,27.001,null,1079.22
9091,"STOLLER EUROPE, S.L.U.",2022→2023,2022,2023,7300039291,null,prod_ganado,null,65451,65451,null,68,null,962.51
5120,"CAMPILLO PEREZ, MANUEL",2022→2023,2022,2023,7110009141,null,prod_ganado,null,34.5,34.5,null,0.025,null,1380
1023,"TORRONS VICENS, S.L.",2022→2023,2022,2023,41000,null,prod_ganado,null,6615,6615,null,3.5,null,1890
1218,"RAMIRO LARRIO, JAVIER",2022→2023,2022,2023,62001,null,prod_ganado,null,1236,1236,null,1.2,null,1030
7787,"ONES MAY SABORES, S.L",2022→2023,2022,2023,73001,null,prod_ganado,null,8365,8365,null,7,null,1195
7714,"MASIA EL CARMEN, S.L.",2022→2023,2022,2023,44314,null,prod_ganado,null,5950.8,5950.8,null,2.76,null,2156.09
546,"E.MORENO, S.L.",2022→2023,2022,2023,7300008021,null,prod_ganado,null,17200,17200,null,16,null,1075
7164,"FELIX SOLIS, S.L.",2022→2023,2022,2023,99950,null,sin_actividad,null,0,0,null,0.001,null,0
2850,"AMC NATURAL DRINKS, S.L.",2022→2023,2022,2023,7300016111,null,prod_ganado,null,49910,49910,null,46,null,1085
2483,"CLEMENTE GRAU, RAFAEL",2022→2023,2022,2023,62001,null,prod_ganado,null,1296,1296,null,1.2,null,1080
9283,NUTRITIVE SOLUTIONS LLC,2022→2023,2022,2023,62070,null,sin_actividad,null,0,0,null,0.002,null,0
2287,"RODRIGUEZ BLANCO, ASUNCION",2022→2023,2022,2023,7400048311,null,prod_ganado,null,476,476,null,0.4,null,1190
876,"DULPESAN, S.L.",2022→2023,2022,2023,40030,null,prod_ganado,null,29330.1,29330.1,null,24.3,null,1207
7189,"PASTISART IBERIA, S.L.U",2022→2023,2022,2023,7300039291,null,sin_actividad,null,0,0,null,0,null,null
457,"AMAHER, S.L.",2022→2023,2022,2023,7300037021,null,prod_ganado,null,18032,18032,null,18.4,null,980
6094,"ECOVINAL, S.L.U.",2022→2023,2022,2023,60105,null,prod_ganado,null,158867.8,158867.8,null,174.58,null,910
9473,"TÉCNICAS DEL CAMPO, S.L.",2022→2023,2022,2023,44313,null,prod_ganado,null,813.75,813.75,null,0.525,null,1550
9423,"BODEGA ARANLEON, S.L.",2022→2023,2022,2023,40206,null,prod_ganado,null,67.9,67.9,null,0.05,null,1358
6569,SOCIEDAD ANONIMA DAMM,2022→2023,2022,2023,60011,null,sin_actividad,null,0,0,null,0.001,null,0
7252,"MORENO ORTEGA, ENRIQUE",2022→2023,2022,2023,42000,null,prod_ganado,null,92,92,null,0.05,null,1840
1854,"ROYPAS BY NUTRIS, S.A.",2022→2023,2022,2023,44131,null,sin_actividad,null,0,0,null,0.005,null,0
582,"HIJOS DE SALVADOR COSTA, S.L.",2022→2023,2022,2023,40016,null,prod_ganado,null,1620,1620,null,1.5,null,1080
283,"BOLLERIA BJV, S.L.",2022→2023,2022,2023,7300005081,null,prod_ganado,null,58657.58,58657.58,null,51.14,null,1147
9283,NUTRITIVE SOLUTIONS LLC,2022→2023,2022,2023,99950,null,sin_actividad,null,0,0,null,0.004,null,0
8476,"ANITIN JEREZ, S.L.U.",2022→2023,2022,2023,7500004011,null,prod_ganado,null,57105,57105,null,47,null,1215
302,"BODEGAS Y DESTILERIAS DEL SUR, S.A.",2022→2023,2022,2023,7200017111,null,prod_ganado,null,24480,24480,null,24,null,1020
457,"AMAHER, S.L.",2022→2023,2022,2023,43101,null,prod_ganado,null,32175,32175,null,23.4,null,1375
3022,"LACTEOS DE NAVARRA, S.L.",2022→2023,2022,2023,7400004011,null,prod_ganado,null,207242,207242,null,191,null,1085.04
9160,"AGRICOLA HABA, C.B.",2022→2023,2022,2023,62001,null,prod_ganado,null,38.64,38.64,null,0.028,null,1380
407,"PRODUCTOS KELMY, S.A.U.",2022→2023,2022,2023,7300016111,null,prod_ganado,null,23520,23520,null,24,null,980
7022,"FRUTOS SECOS EMPERADOR, S.L.",2022→2023,2022,2023,7300008021,null,prod_ganado,null,2380,2380,null,2,null,1190
3479,"LA TAHONA DE UTIEL, S.L.",2022→2023,2022,2023,7400004011,null,prod_ganado,null,217210,217210,null,214,null,1015
4469,"SEÑORIO DE BARAHONDA, S.L.",2022→2023,2022,2023,7300039291,null,prod_ganado,null,47959,47959,null,48.2,null,995
7726,"ANKER FOOD, S.L.",2022→2023,2022,2023,7500004011,null,prod_ganado,null,12024,12024,null,9.9,null,1214.55
9565,NORDIK BUCKFAST,2022→2023,2022,2023,44310,null,sin_actividad,null,0,0,null,0.001,null,0
6147,"ANDALUZA DE MIELES, S.L.",2022→2023,2022,2023,44010,null,prod_ganado,null,58750.11,58750.11,null,48.354,null,1215
7115,"RIVERBEND ESPAÑA, S.A",2022→2023,2022,2023,61272,null,prod_ganado,null,41881.44,41881.44,null,37.562,null,1114.99
321,"PRODUCTOS PEPITO, S.L.U.",2022→2023,2022,2023,40016,null,prod_ganado,null,1285,1285,null,1,null,1285
1535,"OLIVA SANTOS, MARCELINA",2022→2023,2022,2023,44301,null,prod_ganado,null,1080,1080,null,1,null,1080
8389,"CASCALES SANCHEZ, JESUS MANUEL",2022→2023,2022,2023,44314,null,prod_ganado,null,1020,1020,null,0.51,null,2000
5505,"LOPEZ JIMENEZ, JULIO",2022→2023,2022,2023,44313,null,prod_ganado,null,232.5,232.5,null,0.15,null,1550
2256,"DULCES Y CONSERVAS HELIOS, S.A.",2022→2023,2022,2023,7300016111,null,prod_ganado,null,99840,99840,null,96,null,1040
302,"BODEGAS Y DESTILERIAS DEL SUR, S.A.",2022→2023,2022,2023,7400048311,null,prod_ganado,null,148320,148320,null,144,null,1030
1661,"DELAVIUDA ALIMENTACION, S.A",2022→2023,2022,2023,61228,null,sin_actividad,null,0,0,null,0.008,null,0
893,"FERRE LLABERIA, ROSA",2022→2023,2022,2023,60207,null,sin_actividad,null,0,0,null,0.001,null,0
9113,"VILLAR MARTINEZ, CLAUDIO",2022→2023,2022,2023,44313,null,prod_ganado,null,139.5,139.5,null,0.09,null,1550
827,"TOMAS JIMENEZ, IGNACIO GERMAN",2022→2023,2022,2023,40025,null,prod_ganado,null,1170.75,1170.75,null,0.875,null,1338
1987,"GOMEZ MURRIA, RAFAEL",2022→2023,2022,2023,44315,null,prod_ganado,null,1663.2,1663.2,null,0.84,null,1980
3067,"ALGODON DE AZUCAR SERRANO CALAVIA, S.L.",2022→2023,2022,2023,40030,null,prod_ganado,null,2396.25,2396.25,null,1.775,null,1350
431,"DICARCONO, S.L.",2022→2023,2022,2023,7400002031,null,prod_ganado,null,49638.6,49638.6,null,47.96,null,1035
1854,"ROYPAS BY NUTRIS, S.A.",2022→2023,2022,2023,7500004011,null,prod_ganado,null,28158,28158,null,26,null,1083
2570,"NATRA OÑATI, S.A.",2022→2023,2022,2023,7400002031,null,prod_ganado,null,28138,28138,null,25.58,null,1100
3022,"LACTEOS DE NAVARRA, S.L.",2022→2023,2022,2023,7400014061,null,prod_ganado,null,1130,1130,null,1.001,null,1128.87
422,"HERMANOS LOPEZ LLORET, S.A.",2022→2023,2022,2023,7300016111,null,prod_ganado,null,23000,23000,null,23,null,1000
5061,"ELABORADOS DEL ASON, S.L.",2022→2023,2022,2023,41005,null,prod_ganado,null,1787.5,1787.5,null,1.25,null,1430
769,"ANGEL CAMACHO ALIMENTACION, S.L.",2022→2023,2022,2023,7300007131,null,prod_ganado,null,21085.8,21085.8,null,18.66,null,1130
3752,"SON MORAGUES 1921, S.L.U.",2022→2023,2022,2023,40206,null,prod_ganado,null,108.6,108.6,null,0.075,null,1448
599,"KARSAN, C.B.",2022→2023,2022,2023,7500004011,null,prod_ganado,null,24240,24240,null,24,null,1010
283,"BOLLERIA BJV, S.L.",2022→2023,2022,2023,65020,null,prod_ganado,null,46.41,46.41,null,0.039,null,1190
405,"CHOVI, S.L.",2022→2023,2022,2023,40260,null,sin_actividad,null,0,0,null,0.001,null,0
7787,"ONES MAY SABORES, S.L",2022→2023,2022,2023,40030,null,prod_ganado,null,13981.5,13981.5,null,11.7,null,1195
4895,"BARJA BARJA, ANDRES",2022→2023,2022,2023,44315,null,prod_ganado,null,31.92,31.92,null,0.014,null,2280
2679,"REINA KILAMA, SDAD. COOP.",2022→2023,2022,2023,44403,null,prod_ganado,null,33957,33957,null,23.1,null,1470
302,"BODEGAS Y DESTILERIAS DEL SUR, S.A.",2022→2023,2022,2023,7220015111,null,prod_ganado,null,24321,24321,null,24.2,null,1005
775,"NATRA CACAO,S.L.",2022→2023,2022,2023,7300005081,null,prod_ganado,null,1714028.46,1714028.46,null,1692.62,null,1012.65
7289,"CHOCODROP, S.L.",2022→2023,2022,2023,7220032231,null,prod_ganado,null,167200,167200,null,176,null,950
432,"CHOCOLATES ALGARRA, S.L.",2022→2023,2022,2023,7300039291,null,prod_ganado,null,32134,32134,null,30,null,1071.13
4895,"BARJA BARJA, ANDRES",2022→2023,2022,2023,44310,null,prod_ganado,null,45.9,45.9,null,0.03,null,1530
933,"DULCESTEPA, S.A.",2022→2023,2022,2023,7300008021,null,prod_ganado,null,20425,20425,null,19,null,1075
3750,"MARTIN RUBIANO, REYES",2022→2023,2022,2023,44314,null,prod_ganado,null,2184,2184,null,1.05,null,2080
1284,"FRUTAS Y TURRONES, S.A.",2022→2023,2022,2023,40016,null,prod_ganado,null,17400,17400,null,15,null,1160
6636,"TECNICAS MECANICAS ILERDENSES, S.L.",2022→2023,2022,2023,40013,null,sin_actividad,null,0,0,null,2,null,0
9295,"LIVE HEALTHY BUSINESS DEVELOPMENT, S.L.U.",2022→2023,2022,2023,40103,null,sin_actividad,null,0,0,null,0.001,null,0
4516,"DAUD, VEDAT",2022→2023,2022,2023,44313,null,prod_ganado,null,116.25,116.25,null,0.075,null,1550
7972,MOCHI LUXURY S.L,2022→2023,2022,2023,44015,null,prod_ganado,null,10224,10224,null,7.2,null,1420
7558,HARINAS CASTILLA LA MANCHA S.L,2022→2023,2022,2023,44015,null,prod_ganado,null,42415.68,42415.68,null,30.736,null,1380
1854,"ROYPAS BY NUTRIS, S.A.",2022→2023,2022,2023,7300007131,null,prod_ganado,null,41742.36,41742.36,null,36.52,null,1143
577,"FARTONS POLO, S.L.",2022→2023,2022,2023,7300005081,null,prod_ganado,null,50738,50738,null,46,null,1103
7115,"RIVERBEND ESPAÑA, S.A",2022→2023,2022,2023,61266,null,prod_ganado,null,3417.72,3417.72,null,2.283,null,1497.03
6336,"AGRICOLA RODENAS DALMAU, S.L.",2022→2023,2022,2023,62001,null,prod_ganado,null,559.8,559.8,null,0.46,null,1216.96
9463,"ADIEGO HERMANOS, S.A.",2022→2023,2022,2023,43101,null,prod_ganado,null,15990,15990,null,13,null,1230
1132,"INDUSTRIAS HERMANOS JUAN LOPEZ, S.A.",2022→2023,2022,2023,7300005081,null,prod_ganado,null,73920,73920,null,72,null,1026.67
7573,"SANCHEZ LOPEZ, CARLOS",2022→2023,2022,2023,62001,null,prod_ganado,null,540,540,null,0.5,null,1080
8100,"FERNANDEZ GIMENEZ, MARI PAZ ",2022→2023,2022,2023,40016,null,prod_ganado,null,6325,6325,null,5,null,1265
546,"E.MORENO, S.L.",2022→2023,2022,2023,7820022041,null,sin_actividad,null,0,0,null,0,null,null
3855,"APIFERSA APICOLA, S.L.",2022→2023,2022,2023,44306,null,prod_ganado,null,3408,3408,null,2.4,null,1420
1293,"PAPRIMUR, S.L.",2022→2023,2022,2023,40030,null,prod_ganado,null,2408.4,2408.4,null,1.8,null,1338
9250,"GUERRERO BERMEJO, JUAN",2022→2023,2022,2023,44310,null,prod_ganado,null,68.85,68.85,null,0.045,null,1530
5245,"ELGORRIAGA BRANDS, S.A.",2022→2023,2022,2023,44015,null,prod_ganado,null,6001.96,6001.96,null,4.206,null,1427
3715,"BSI BODEGAS SAN ISIDRO, S.COOP.",2022→2023,2022,2023,40030,null,prod_ganado,null,2534.4,2534.4,null,1.8,null,1408
3833,"ASTURIAS APICOLA, S.L.",2022→2023,2022,2023,44301,null,prod_ganado,null,1164,1164,null,1.2,null,970
5989,"T500 PURATOS, S.A.",2022→2023,2022,2023,60105,null,sin_actividad,null,0,0,null,0.001,null,0
4002,"ABB MJ FERNANDEZ ARANDA, S.L.",2022→2023,2022,2023,44111,null,prod_ganado,null,3456,3456,null,2.4,null,1440
9121,"PEGAMENTOS ORO, S.L.",2022→2023,2022,2023,60105,null,sin_actividad,null,0,0,null,0.001,null,0
211,"MARTINEZ NIETO, S.A.",2022→2023,2022,2023,43101,null,prod_ganado,null,13559,13559,null,9.1,null,1490
9157,"MAK FOOD COMPANY, S.L.",2022→2023,2022,2023,7400048311,null,prod_ganado,null,20300,20300,null,20,null,1015
770,"CASTER ALIMENTACION, S.L.",2022→2023,2022,2023,7300016111,null,prod_ganado,null,24696,24696,null,24,null,1029
7164,"FELIX SOLIS, S.L.",2022→2023,2022,2023,61255,null,sin_actividad,null,0,0,null,0.001,null,0
6734,"COLONIALES EL SOL, S.L.",2022→2023,2022,2023,7400048311,null,prod_ganado,null,2628,2628,null,2.4,null,1095
9274,SUSTAINABLE APIARIES,2022→2023,2022,2023,62001,null,prod_ganado,null,1092,1092,null,0.84,null,1300
430,"MONZO LUIS, S.L.",2022→2023,2022,2023,7300016111,null,prod_ganado,null,2300,2300,null,2,null,1150
595,"ROSCRIS BENIOPA, S.L",2022→2023,2022,2023,40103,null,prod_ganado,null,4920,4920,null,4,null,1230
3111,"GOMEZ MARTIN, HUGO",2022→2023,2022,2023,44310,null,prod_ganado,null,22716.75,22716.75,null,16.8,null,1352.19
8553,"NATURAL BEE SPAIN, S.L",2022→2023,2022,2023,44301,null,prod_ganado,null,2500,2500,null,2,null,1250
346,"PANARRO FOODS, S.L.",2022→2023,2022,2023,7300005081,null,prod_ganado,null,26114,26114,null,22,null,1187
197,"J. GARCIA CARRION, S.A.",2022→2023,2022,2023,7400002031,null,prod_ganado,null,22655,22655,null,23,null,985
4469,"SEÑORIO DE BARAHONDA, S.L.",2022→2023,2022,2023,7300005081,null,prod_ganado,null,57450.8,57450.8,null,48.4,null,1187
9022,"SYMRISE IBÉRICA, S.L.",2022→2023,2022,2023,7300005081,null,sin_actividad,null,0,0,null,0.001,null,0
197,"J. GARCIA CARRION, S.A.",2022→2023,2022,2023,60207,null,sin_actividad,null,0,0,null,0.001,null,0
422,"HERMANOS LOPEZ LLORET, S.A.",2022→2023,2022,2023,7300005081,null,prod_ganado,null,46000,46000,null,46,null,1000
430,"MONZO LUIS, S.L.",2022→2023,2022,2023,40016,null,prod_ganado,null,8050,8050,null,7,null,1150
450,"LA FLOR BURGALESA, S.L.",2022→2023,2022,2023,7300005081,null,prod_ganado,null,131640,131640,null,120,null,1097
9221,ZYGOUROPOULOS,2022→2023,2022,2023,43100,null,sin_actividad,null,0,0,null,0.001,null,0
4002,"ABB MJ FERNANDEZ ARANDA, S.L.",2022→2023,2022,2023,42006,null,prod_ganado,null,23047.5,23047.5,null,17.5,null,1317
6129,"VIDAL REVERTE, JOSE ANTONIO",2022→2023,2022,2023,44315,null,prod_ganado,null,31.92,31.92,null,0.014,null,2280
3154,"FRIAS NUTRICION, S.A.",2022→2023,2022,2023,60207,null,sin_actividad,null,0,0,null,0.001,null,0
1786,"ANITIN PANES ESPECIALES, S.L.",2022→2023,2022,2023,65005,null,prod_ganado,null,739.5,739.5,null,0.51,null,1450
517,"DUPAN, S.L.",2022→2023,2022,2023,43101,null,prod_ganado,null,1833,1833,null,1.3,null,1410
9151,SARL L'ABEILLE DU MIDI,2022→2023,2022,2023,44313,null,prod_ganado,null,4630.5,4630.5,null,3.15,null,1470
762,"VIOKOX, S.A",2022→2023,2022,2023,40030,null,prod_ganado,null,5490,5490,null,4.5,null,1220
5505,"LOPEZ JIMENEZ, JULIO",2022→2023,2022,2023,44310,null,prod_ganado,null,68.85,68.85,null,0.045,null,1530
6323,SARL BABE APICULTURE ET EMBALLAGES,2022→2023,2022,2023,44310,null,prod_ganado,null,2547,2547,null,1.8,null,1415
2850,"AMC NATURAL DRINKS, S.L.",2022→2023,2022,2023,40207,null,prod_ganado,null,9296,9296,null,7,null,1328
1919,"MACIAS DE LA CORTE, MIRIAN",2022→2023,2022,2023,44335,null,prod_ganado,null,1450,1450,null,1,null,1450
462,"ROMEDUL, S.L.",2022→2023,2022,2023,43050,null,prod_ganado,null,4700,4700,null,2,null,2350
9443,ANTONIO NADAL DESTIL.LERIES S.L.,2022→2023,2022,2023,60019,null,sin_actividad,null,0,0,null,0.003,null,0
7171,"QUIRANTE FRUITS, S.L.",2022→2023,2022,2023,60221,null,sin_actividad,null,0,0,null,0.001,null,0
2821,"CIA. EUROPEA EXPORTADORA DE VINOS, S.L.",2022→2023,2022,2023,60207,null,prod_ganado,null,4788,4788,null,3.6,null,1330
2073,"PLATOS TRADICIONALES, S.A",2022→2023,2022,2023,40000,null,prod_ganado,null,76858.25,76858.25,null,59.35,null,1295
9159,"APISALCER, SLU",2022→2023,2022,2023,40025,null,prod_ganado,null,133.8,133.8,null,0.1,null,1338
6153,"RUBIO CERCOS, JOSE",2022→2023,2022,2023,44313,null,prod_ganado,null,93,93,null,0.06,null,1550
9437,"EL CORTÍN DEL ABEYÓN, S.L.",2022→2023,2022,2023,44314,null,prod_ganado,null,178.2,178.2,null,0.09,null,1980
9377,"CHAIX BORIS, JEAN-BAPTISTE SEBASTIEN",2022→2023,2022,2023,62001,null,prod_ganado,null,3636,3636,null,3.6,null,1010
6884,"ENVASADOS SEGOVIA, S.L.",2022→2023,2022,2023,7300007131,null,prod_ganado,null,123244.8,123244.8,null,117.6,null,1048
244,"PAPISA, S.L.",2022→2023,2022,2023,7200017111,null,prod_ganado,null,15292.8,15292.8,null,14.4,null,1062
1557,"APICOLA PERPIÑAN GRAU, SAT",2022→2023,2022,2023,44301,null,prod_ganado,null,19960,19960,null,19,null,1050.53
4002,"ABB MJ FERNANDEZ ARANDA, S.L.",2022→2023,2022,2023,7300008021,null,prod_ganado,null,33535,33535,null,33,null,1016.21
450,"LA FLOR BURGALESA, S.L.",2022→2023,2022,2023,43003,null,prod_ganado,null,4095,4095,null,2.6,null,1575
9142,"SKAKO DARTEK, S.L.",2022→2023,2022,2023,40027,null,sin_actividad,null,0,0,null,0,null,null
1470,"CROP SALSA, S.A.",2022→2023,2022,2023,7110009141,null,sin_actividad,null,0,0,null,0.001,null,0
618,"BAYOGAR, S.L.",2022→2023,2022,2023,7400004011,null,prod_ganado,null,30620,30620,null,25,null,1224.8
585,"COLOMA GARCIA, S.L.",2022→2023,2022,2023,7300039291,null,prod_ganado,null,51120,51120,null,48,null,1065
6621,"SILVESTRE ZAMORA, ANTONIO",2022→2023,2022,2023,44310,null,prod_ganado,null,114.75,114.75,null,0.075,null,1530
9159,"APISALCER, SLU",2022→2023,2022,2023,40030,null,prod_ganado,null,133.8,133.8,null,0.1,null,1338
1832,"SIERRAS ANDALUZAS, S.C.A.",2022→2023,2022,2023,44310,null,prod_ganado,null,4504.5,4504.5,null,3.15,null,1430
8003,"OBLEAS QUINTIN, S.L.",2022→2023,2022,2023,60105,null,prod_ganado,null,1704,1704,null,1.2,null,1420
6751,"PEREZ GARCIA, ANDRES",2022→2023,2022,2023,62001,null,prod_ganado,null,575,575,null,0.5,null,1150
4957,"TORRES OLIVARES, MARIO",2022→2023,2022,2023,44313,null,prod_ganado,null,302.25,302.25,null,0.195,null,1550
9576,TRINOVA AG,2022→2023,2022,2023,61228,null,sin_actividad,null,0,0,null,0.004,null,0
317,"ESTUCHADOS FANNY, S.L.",2022→2023,2022,2023,7200017111,null,prod_ganado,null,105420,105420,null,108.001,null,976.1
891,"MONTEALBOR ALIMENTACION, S.A.U",2022→2023,2022,2023,7300039291,null,prod_ganado,null,1060,1060,null,1,null,1060
9224,JUS DE FRUITS D´ALSACE (JFA),2022→2023,2022,2023,60000,null,sin_actividad,null,0,0,null,0.002,null,0
471,"FADICAMO, S.A.",2022→2023,2022,2023,7300039291,null,prod_ganado,null,48912,48912,null,48,null,1019
4505,"FIESTA COLOMBINA, S.L.U.",2022→2023,2022,2023,7110009141,null,prod_ganado,null,67.5,67.5,null,0.05,null,1350
3671,"LORENTE TORRALBA, JOSE MANUEL",2022→2023,2022,2023,44313,null,prod_ganado,null,465,465,null,0.3,null,1550
244,"PAPISA, S.L.",2022→2023,2022,2023,7110009141,null,prod_ganado,null,320,320,null,0.25,null,1280
9363,"TBMA EUROPE, B.V.",2022→2023,2022,2023,7200017111,null,sin_actividad,null,0,0,null,0.1,null,0
559,"DULCES OLMEDO GARCIA, S.L.",2022→2023,2022,2023,40207,null,sin_actividad,null,0,0,null,0.001,null,0
4852,"ABELLAIRES EMPORDANESOS, S.A.T.",2022→2023,2022,2023,44314,null,prod_ganado,null,312,312,null,0.15,null,2080
7171,"QUIRANTE FRUITS, S.L.",2022→2023,2022,2023,60222,null,sin_actividad,null,0,0,null,0.001,null,0
3022,"LACTEOS DE NAVARRA, S.L.",2022→2023,2022,2023,61228,null,sin_actividad,null,0,0,null,0.001,null,0
426,"CONSERVAS CYDONIA, S.A.",2022→2023,2022,2023,7300039291,null,prod_ganado,null,21945,21945,null,23.1,null,950
1746,"PRIMITIVO PICO, S.A",2022→2023,2022,2023,7400002031,null,prod_ganado,null,11880,11880,null,12,null,990
9203,"SERVICIOS AGRICOLAS FITOBIG, S.L.",2022→2023,2022,2023,44015,null,prod_ganado,null,9360,9360,null,6.001,null,1559.74
1854,"ROYPAS BY NUTRIS, S.A.",2022→2023,2022,2023,7300037021,null,prod_ganado,null,13104.3,13104.3,null,12.1,null,1083
542,"SDAD.ESPAÑOLA COLOR. NATURALES Y AFINES, S.A.U.",2022→2023,2022,2023,7300016111,null,prod_ganado,null,47886,47886,null,46,null,1041
5622,"VISUS CASTRO, DAVID",2022→2023,2022,2023,44313,null,prod_ganado,null,3255,3255,null,2.1,null,1550
7558,HARINAS CASTILLA LA MANCHA S.L,2022→2023,2022,2023,40024,null,prod_ganado,null,208320,208320,null,186,null,1120
838,"HIJOS DE PABLO GIL GUILLEN, S.L.",2022→2023,2022,2023,7200017111,null,sin_actividad,null,0,0,null,0,null,null
6884,"ENVASADOS SEGOVIA, S.L.",2022→2023,2022,2023,7300037021,null,prod_ganado,null,23958,23958,null,24.2,null,990
9157,"MAK FOOD COMPANY, S.L.",2022→2023,2022,2023,61278,null,prod_ganado,null,486864.42,486864.42,null,418.643,null,1162.96
2763,"HERMANOS ROMAN ALAMINOS, S.L.",2022→2023,2022,2023,7300039291,null,prod_ganado,null,41173,41173,null,39.4,null,1045
8349,"AGOTZAINA, S.L.",2022→2023,2022,2023,7600010012,null,prod_ganado,null,28815,28815,null,17,null,1695
4369,"LA TIENDA DEL APICULTOR, S.L.U.",2022→2023,2022,2023,44302,null,prod_ganado,null,1362.5,1362.5,null,1.25,null,1090
5002,"CERVEZAS FERNANDEZ PONS, S.L.",2022→2023,2022,2023,7810033151,null,prod_ganado,null,922.8,922.8,null,0.6,null,1538
9434," ÁGUA SÃO SILVESTRE INDÚSTRIA DE BEBIDAS E PRODUTOS ALIMENTARES, S.A.",2022→2023,2022,2023,60000,null,prod_ganado,null,8259.57,8259.57,null,7.29,null,1133
7867,"SINBLAT ALIMENTACION SALUDABLE, S.L.",2022→2023,2022,2023,7300037021,null,prod_ganado,null,6272,6272,null,5.6,null,1120
433,"SANCHIS MIRA, S.A.",2022→2023,2022,2023,7300005081,null,prod_ganado,null,47760,47760,null,48,null,995
6129,"VIDAL REVERTE, JOSE ANTONIO",2022→2023,2022,2023,44313,null,prod_ganado,null,69.75,69.75,null,0.045,null,1550
9182,"CABALLERO TORRIJOS, JESUS",2022→2023,2022,2023,62001,null,prod_ganado,null,270,270,null,0.25,null,1080
2832,DULCES LA ABUELA COOP VNA,2022→2023,2022,2023,7110009141,null,prod_ganado,null,768,768,null,0.6,null,1280
401,"SOLER GIMENO, S.L.",2022→2023,2022,2023,7400004011,null,prod_ganado,null,160972.64,160972.64,null,152.88,null,1052.93
4892,"COMEX BAKERY, S.L.U.",2022→2023,2022,2023,7500004011,null,prod_ganado,null,2313,2313,null,1.8,null,1285
5192,"WORLD WIDE IMPORT EXPORT CO, LTD.",2022→2023,2022,2023,44141,null,prod_ganado,null,4296,4296,null,2.4,null,1790
6151,"FRULACT, S.A.",2022→2023,2022,2023,7110009141,null,prod_ganado,null,135756,135756,null,115,null,1180.49
1293,"PAPRIMUR, S.L.",2022→2023,2022,2023,7400048311,null,prod_ganado,null,952,952,null,0.8,null,1190
9562,"BIO DARMA, S.L.",2022→2023,2022,2023,7800013151,null,sin_actividad,null,0,0,null,0.001,null,0
2081,"ZUMOS Y FRUTAS CONCENTRADOS, S.L.",2022→2023,2022,2023,60008,null,prod_ganado,null,368416,368416,null,460.52,null,800
531,"DESARROLLOS PANADEROS LEVANTINOS, S.L.L.",2022→2023,2022,2023,7300039291,null,prod_ganado,null,3960,3960,null,4,null,990
9443,ANTONIO NADAL DESTIL.LERIES S.L.,2022→2023,2022,2023,61142,null,sin_actividad,null,0,0,null,0.002,null,0
4002,"ABB MJ FERNANDEZ ARANDA, S.L.",2022→2023,2022,2023,7200029121,null,prod_ganado,null,5250,5250,null,5,null,1050
8352,ASOCIACION PROVINCIAL DE APICULTORES BURGALESES,2022→2023,2022,2023,44315,null,prod_ganado,null,1596,1596,null,0.84,null,1900
5528,"FERNANDEZ LOPEZ, ANTONIO",2022→2023,2022,2023,62001,null,prod_ganado,null,4406.4,4406.4,null,4.08,null,1080
5528,"FERNANDEZ LOPEZ, ANTONIO",2022→2023,2022,2023,44310,null,prod_ganado,null,17205.3,17205.3,null,12.6,null,1365.5
482,"PRODUCTOS VIRGEN DEL BREZO, S.A.U",2022→2023,2022,2023,7300008021,null,prod_ganado,null,21600,21600,null,20,null,1080
1661,"DELAVIUDA ALIMENTACION, S.A",2022→2023,2022,2023,61287,null,sin_actividad,null,0,0,null,0.001,null,0
397,"DISTRIBUCIONES ACEMAN, S.L.",2022→2023,2022,2023,7300039291,null,prod_ganado,null,23928,23928,null,24,null,997
463,"REY ALIMENTACION, S.L.",2022→2023,2022,2023,7300016111,null,prod_ganado,null,8560,8560,null,8,null,1070
527,"CARNICAS SERRANO, S.L.",2022→2023,2022,2023,40030,null,prod_ganado,null,2484,2484,null,1.8,null,1380
570,"INDALVA, S.L.",2022→2023,2022,2023,7300039291,null,prod_ganado,null,2380,2380,null,2,null,1190
4013,"JIJOVAL HELADOS, S.L.",2022→2023,2022,2023,7500004011,null,prod_ganado,null,13797,13797,null,12.6,null,1095
4566,"CONFETICAKES, S.L.",2022→2023,2022,2023,7200017111,null,prod_ganado,null,24552,24552,null,24,null,1023
9194,"HELADOS JOP, S.L.",2022→2023,2022,2023,44131,null,prod_ganado,null,29079,29079,null,17.95,null,1620
846,"PRODUCTOS ORGANICOS NAT.,S.L.",2022→2023,2022,2023,42000,null,prod_ganado,null,740,740,null,0.4,null,1850
2570,"NATRA OÑATI, S.A.",2022→2023,2022,2023,7300037021,null,prod_ganado,null,277948,277948,null,252.68,null,1100
3195,"HEINEKEN ESPAÑA, S.A",2022→2023,2022,2023,60005,null,prod_ganado,null,19799.96,19799.96,null,14.296,null,1385
7977,"AGRO SEVILLA ACEITUNAS, S.C.A.",2022→2023,2022,2023,61142,null,sin_actividad,null,0,0,null,0.006,null,0
8253,"ALVAREZ PONCE, ROCIO",2022→2023,2022,2023,44314,null,prod_ganado,null,1020,1020,null,0.51,null,2000
6332,"NAVALES MONTERUBIO, TOMAS",2022→2023,2022,2023,44313,null,prod_ganado,null,930,930,null,0.6,null,1550
5192,"WORLD WIDE IMPORT EXPORT CO, LTD.",2022→2023,2022,2023,62074,null,prod_ganado,null,3475.2,3475.2,null,2.4,null,1448
9194,"HELADOS JOP, S.L.",2022→2023,2022,2023,43100,null,prod_ganado,null,2220,2220,null,1.2,null,1850
1063,"LAB. DE SINTESIS ORGANICA J.A.F., S.L.",2022→2023,2022,2023,41000,null,prod_ganado,null,370,370,null,0.2,null,1850
4383,"MANUFRI, S.L.",2022→2023,2022,2023,61207,null,prod_ganado,null,345099.98,345099.98,null,224.76,null,1535.42
431,"DICARCONO, S.L.",2022→2023,2022,2023,7300037021,null,prod_ganado,null,1035,1035,null,1,null,1035
9157,"MAK FOOD COMPANY, S.L.",2022→2023,2022,2023,99950,null,sin_actividad,null,0,0,null,0.044,null,0
9157,"MAK FOOD COMPANY, S.L.",2022→2023,2022,2023,61177,null,sin_actividad,null,0,0,null,0.002,null,0
7452,"CONSERVAS EL RAAL, S.L.U.",2022→2023,2022,2023,7300005081,null,prod_ganado,null,10700,10700,null,10,null,1070
1787,"DULCES DEL TURIA, S.L.",2022→2023,2022,2023,40016,null,prod_ganado,null,2580,2580,null,2,null,1290
9443,ANTONIO NADAL DESTIL.LERIES S.L.,2022→2023,2022,2023,60010,null,sin_actividad,null,0,0,null,0.003,null,0
516,"PAIARROP, S.L.",2022→2023,2022,2023,40201,null,prod_ganado,null,588,588,null,0.375,null,1568
9361,"IBERLIQUIDOS, S.L.",2022→2023,2022,2023,43100,null,prod_ganado,null,7361.7,7361.7,null,24.539,null,300
2570,"NATRA OÑATI, S.A.",2022→2023,2022,2023,7300005081,null,prod_ganado,null,280148,280148,null,254.68,null,1100
1253,"HORCHATA EL COSECHERO, S.L.",2022→2023,2022,2023,7300008021,null,prod_ganado,null,9360,9360,null,9,null,1040
1374,"GALLETAS REYGA, S.L.U",2022→2023,2022,2023,7300005081,null,prod_ganado,null,51717.8,51717.8,null,50.26,null,1029.01
5936,"MORANTE SIERRA, JOSE IGNACIO",2022→2023,2022,2023,44315,null,prod_ganado,null,957.6,957.6,null,0.42,null,2280
3595,"CALATAYUD MIRO, SALVADOR",2022→2023,2022,2023,62001,null,prod_ganado,null,1332,1332,null,1.2,null,1110
4619,"EUROPEA DE APICULTURA, S.L.",2022→2023,2022,2023,62001,null,prod_ganado,null,1008,1008,null,0.84,null,1200
5934,"ZEBERIO BEGIRISTAIN, AGUEDA",2022→2023,2022,2023,44315,null,prod_ganado,null,27.72,27.72,null,0.014,null,1980
321,"PRODUCTOS PEPITO, S.L.U.",2022→2023,2022,2023,7300039291,null,prod_ganado,null,48376.4,48376.4,null,48.6,null,995.4
3921,"IBERFRUTA MUERZA, S.A.",2022→2023,2022,2023,40000,null,prod_ganado,null,172640,172640,null,166,null,1040
3144,"DALLANT, S.A.",2022→2023,2022,2023,61200,null,sin_actividad,null,0,0,null,0.001,null,0
367,"CASA ROJA MONTEGON, S.L.",2022→2023,2022,2023,44015,null,prod_ganado,null,13591.32,13591.32,null,9.546,null,1423.77
9274,SUSTAINABLE APIARIES,2022→2023,2022,2023,44313,null,prod_ganado,null,3087,3087,null,2.1,null,1470
2074,"ALFREDO IÑESTA, S.L",2022→2023,2022,2023,40203,null,prod_ganado,null,729,729,null,0.5,null,1458
4002,"ABB MJ FERNANDEZ ARANDA, S.L.",2022→2023,2022,2023,7200017111,null,prod_ganado,null,32855.16,32855.16,null,35.973,null,913.33
3833,"ASTURIAS APICOLA, S.L.",2022→2023,2022,2023,44310,null,prod_ganado,null,5701.5,5701.5,null,4.2,null,1357.5
9319,"TRATAMIENTOS BIO-ECOLOGICOS, S.A.",2022→2023,2022,2023,60114,null,sin_actividad,null,0,0,null,0.001,null,0
595,"ROSCRIS BENIOPA, S.L",2022→2023,2022,2023,7300037021,null,prod_ganado,null,2380,2380,null,2,null,1190
9389,"ARÉVALO FERNÁNDEZ, FRANCISCO",2022→2023,2022,2023,44313,null,prod_ganado,null,23.25,23.25,null,0.015,null,1550
827,"TOMAS JIMENEZ, IGNACIO GERMAN",2022→2023,2022,2023,7500004011,null,prod_ganado,null,334.5,334.5,null,0.25,null,1338
559,"DULCES OLMEDO GARCIA, S.L.",2022→2023,2022,2023,7300039291,null,prod_ganado,null,140140,140140,null,143,null,980
9097,"CAFES MIÑANA, S.A.",2022→2023,2022,2023,40000,null,prod_ganado,null,1089,1089,null,0.9,null,1210
3552,"VERDU RUIZ, ANTONIO",2022→2023,2022,2023,62001,null,prod_ganado,null,1854.36,1854.36,null,1.717,null,1080
6270,"PANADERIA NTRA.SRA.DE LA CABEZA, S.L.",2022→2023,2022,2023,7300037021,null,prod_ganado,null,571.2,571.2,null,0.48,null,1190
933,"DULCESTEPA, S.A.",2022→2023,2022,2023,7300037021,null,prod_ganado,null,11858,11858,null,12.1,null,980
440,"MAZAPANES Y DULCES DE TOLEDO, S.A.",2022→2023,2022,2023,7500004011,null,prod_ganado,null,25272,25272,null,24.3,null,1040
400,"ASOCIACION IND. ALICANTINA DEL HELADO, S.A.",2022→2023,2022,2023,7300005081,null,prod_ganado,null,398301.9,398301.9,null,384.06,null,1037.08
400,"ASOCIACION IND. ALICANTINA DEL HELADO, S.A.",2022→2023,2022,2023,7300039291,null,prod_ganado,null,369073.2,369073.2,null,354.32,null,1041.64
7440,"LOPEZ FOOD GROUP, S.L.",2022→2023,2022,2023,7400048311,null,prod_ganado,null,118618.5,118618.5,null,115.5,null,1027
400,"ASOCIACION IND. ALICANTINA DEL HELADO, S.A.",2022→2023,2022,2023,40016,null,prod_ganado,null,78177,78177,null,69,null,1133
9469,FLOURMILLS THRAKIS I OUZOUNOPOULOS SA,2022→2023,2022,2023,61287,null,prod_ganado,null,82698.8,82698.8,null,23.23,null,3560
550,"REPOSTERIA PORTA, S.L.",2022→2023,2022,2023,7110009141,null,prod_ganado,null,1320,1320,null,1,null,1320
9364,"SWECO EUROPE, S.A.",2022→2023,2022,2023,7200017111,null,sin_actividad,null,0,0,null,0.2,null,0
517,"DUPAN, S.L.",2022→2023,2022,2023,44015,null,sin_actividad,null,0,0,null,0.001,null,0
7171,"QUIRANTE FRUITS, S.L.",2022→2023,2022,2023,64510,null,prod_ganado,null,200331.6,200331.6,null,204.42,null,980
2751,"INIESTA GARCIA, MARIA DOLORES",2022→2023,2022,2023,7200017111,null,prod_ganado,null,6392,6392,null,6.8,null,940
9565,NORDIK BUCKFAST,2022→2023,2022,2023,44315,null,sin_actividad,null,0,0,null,0.001,null,0
297,"TARBAL FOOD, S.L.",2022→2023,2022,2023,7400048311,null,prod_ganado,null,5544,5544,null,4,null,1386
5513,"RICAU MARZAR, ROBERTO MANUEL",2022→2023,2022,2023,44301,null,prod_ganado,null,3420,3420,null,3.6,null,950
1080,"VIDAL GOLOSINAS, S.A.",2022→2023,2022,2023,62150,null,prod_ganado,null,1059.6,1059.6,null,1.2,null,883
3367,"MAMERTO DE LA VARA, S.L.",2022→2023,2022,2023,7300039291,null,prod_ganado,null,11880,11880,null,12,null,990
5409,"TORTAJADA CAURIN, MARIO",2022→2023,2022,2023,44015,null,prod_ganado,null,1788,1788,null,1.2,null,1490
1787,"DULCES DEL TURIA, S.L.",2022→2023,2022,2023,40030,null,prod_ganado,null,1161,1161,null,0.9,null,1290
9183,"VIVER KOMBUCHA, S.L.",2022→2023,2022,2023,40201,null,prod_ganado,null,24846,24846,null,18.001,null,1380.26
9301,"BLANCH DOLCET, RAMON",2022→2023,2022,2023,62001,null,prod_ganado,null,11229,11229,null,11.82,null,950
1747,"FRUIT TECH NATURAL, S.A.",2022→2023,2022,2023,7300005081,null,prod_ganado,null,73897,73897,null,69,null,1070.97
482,"PRODUCTOS VIRGEN DEL BREZO, S.A.U",2022→2023,2022,2023,7400004011,null,prod_ganado,null,25920,25920,null,24,null,1080
3693,"GRAU SEVILLA, RAMON",2022→2023,2022,2023,7300007131,null,prod_ganado,null,357,357,null,0.3,null,1190
9365,MIELLERIE VAUDOISE,2022→2023,2022,2023,62001,null,prod_ganado,null,4848,4848,null,4.8,null,1010
7612,DPTO. COMERCIAL,2022→2023,2022,2023,61200,null,sin_actividad,null,0,0,null,0.001,null,0
4767,"CAMAÑAS QUEROL, JOSE EVELIO",2022→2023,2022,2023,44313,null,prod_ganado,null,162.75,162.75,null,0.105,null,1550
889,"ESPECIALIDADES DEL OBRADOR, S.L.",2022→2023,2022,2023,7110009141,null,prod_ganado,null,453.75,453.75,null,0.375,null,1210
1908,"JAKE, S.A.",2022→2023,2022,2023,40013,null,sin_actividad,null,0,0,null,0.001,null,0
1774,"BODEGAS VINIVAL, S.L.",2022→2023,2022,2023,61293,null,prod_ganado,null,46643.86,46643.86,null,49.78,null,937
6569,SOCIEDAD ANONIMA DAMM,2022→2023,2022,2023,99950,null,sin_actividad,null,0,0,null,0.002,null,0
3022,"LACTEOS DE NAVARRA, S.L.",2022→2023,2022,2023,60000,null,sin_actividad,null,0,0,null,0.001,null,0
5661,"MONFORT CEBRIAN, WILMAR",2022→2023,2022,2023,44315,null,prod_ganado,null,1062.6,1062.6,null,0.63,null,1686.67
846,"PRODUCTOS ORGANICOS NAT.,S.L.",2022→2023,2022,2023,7400048311,null,prod_ganado,null,360,360,null,0.3,null,1200
9022,"SYMRISE IBÉRICA, S.L.",2022→2023,2022,2023,65020,null,sin_actividad,null,0,0,null,0.001,null,0
484,"PRODUCTOS LA PILARICA, S.A.",2022→2023,2022,2023,7300008021,null,prod_ganado,null,15000,15000,null,12,null,1250
3287,"DELAFRUIT, S.L.U",2022→2023,2022,2023,40025,null,prod_ganado,null,5220,5220,null,3.6,null,1450
3294,"PUNTO GOFRE, S.L.",2022→2023,2022,2023,43101,null,prod_ganado,null,13026,13026,null,7.8,null,1670
1854,"ROYPAS BY NUTRIS, S.A.",2022→2023,2022,2023,7300039291,null,prod_ganado,null,79297.6,79297.6,null,73.12,null,1084.49
6453,"PRODUCTOS MEDITERRANEO BELCHI SALAS, S.L.",2022→2023,2022,2023,40030,null,prod_ganado,null,936.6,936.6,null,0.7,null,1338
5661,"MONFORT CEBRIAN, WILMAR",2022→2023,2022,2023,44313,null,prod_ganado,null,2269.5,2269.5,null,1.44,null,1576.04
5000,"PROCAMP CA'N LLANERAS, S.A.",2022→2023,2022,2023,44314,null,prod_ganado,null,60,60,null,0.03,null,2000
271,"LABORATORIOS ALMOND, S.L.",2022→2023,2022,2023,63101,null,prod_ganado,null,97977.6,97977.6,null,76.545,null,1280
9567,SIKA S.A.U.,2022→2023,2022,2023,7400002031,null,prod_ganado,null,3161.6,3161.6,null,3.2,null,988
2577,"IMPORTACO CASA PONS, S.A.U.",2022→2023,2022,2023,7600004011,null,prod_ganado,null,40041,40041,null,27,null,1483
432,"CHOCOLATES ALGARRA, S.L.",2022→2023,2022,2023,7300005081,null,prod_ganado,null,26551,26551,null,24.1,null,1101.7
303,"J.R. SABATER, S.A.",2022→2023,2022,2023,7200017111,null,sin_actividad,null,0,0,null,0.001,null,0
1072,"GALVAN FERNANDEZ HERMANOS, S.L.",2022→2023,2022,2023,7300039291,null,prod_ganado,null,24840,24840,null,23,null,1080
9446,"ALIMENTARIA ADIN, S.L.",2022→2023,2022,2023,65005,null,sin_actividad,null,0,0,null,0.001,null,0
7379,"EARTH-MIND BUSINESS GROUP, S.L.",2022→2023,2022,2023,61266,null,sin_actividad,null,0,0,null,0.001,null,0
5454,"ALIMENTACION Y NUTRICION FAMILIAR, S.L.",2022→2023,2022,2023,7800013151,null,prod_ganado,null,2208,2208,null,1.6,null,1380
1562,"CERDA MARTINEZ, RAFAEL",2022→2023,2022,2023,44301,null,prod_ganado,null,2400,2400,null,2,null,1200
246,"CAMPO BETICA, S.L.",2022→2023,2022,2023,7500004011,null,sin_actividad,null,0,0,null,0.001,null,0
9466,"SOLUCIONES TÉCNICAS EN ALIMENTACIÓN, S.L.",2022→2023,2022,2023,42000,null,sin_actividad,null,0,0,null,0.001,null,0
6465,"ANSUATEGUI GONZALEZ, JAVIER",2022→2023,2022,2023,44301,null,prod_ganado,null,3696,3696,null,2.625,null,1408
6877,"BERGUA BRUN, ANGEL",2022→2023,2022,2023,44315,null,prod_ganado,null,277.2,277.2,null,0.14,null,1980
215,"MARTIN BRAUN, S.A.",2022→2023,2022,2023,65006,null,prod_ganado,null,47533.2,47533.2,null,42.9,null,1108
8003,"OBLEAS QUINTIN, S.L.",2022→2023,2022,2023,7600004011,null,prod_ganado,null,46287,46287,null,33.3,null,1390
8149,IBERFRASA S.L,2022→2023,2022,2023,43101,null,prod_ganado,null,52910,52910,null,28.6,null,1850
8621,"JUAN FERRI, JUAN JOSE",2022→2023,2022,2023,7300037021,null,prod_ganado,null,1190,1190,null,1,null,1190
8726,"ARESTE BAS, ANTONI",2022→2023,2022,2023,44313,null,prod_ganado,null,1627.5,1627.5,null,1.05,null,1550
4642,"TORRALBA GUILLAMON, YOLANDA",2022→2023,2022,2023,7810033151,null,prod_ganado,null,36.2,36.2,null,0.025,null,1448
546,"E.MORENO, S.L.",2022→2023,2022,2023,7500004011,null,prod_ganado,null,43000,43000,null,40,null,1075
9273,"AGROQUIMICA CODIAGRO, S.L.",2022→2023,2022,2023,7300005081,null,prod_ganado,null,2508,2508,null,2.2,null,1140
9504,POWER NATURAL LIFE S.L.,2022→2023,2022,2023,61200,null,sin_actividad,null,0,0,null,0.001,null,0
7558,HARINAS CASTILLA LA MANCHA S.L,2022→2023,2022,2023,62150,null,prod_ganado,null,19573,19573,null,17.02,null,1150
9159,"APISALCER, SLU",2022→2023,2022,2023,44313,null,prod_ganado,null,209.25,209.25,null,0.135,null,1550
7787,"ONES MAY SABORES, S.L",2022→2023,2022,2023,7400002031,null,prod_ganado,null,3824,3824,null,3.2,null,1195
473,"MAZALMENDRA, S.L.",2022→2023,2022,2023,7300039291,null,prod_ganado,null,52315.38,52315.38,null,50.94,null,1027
2256,"DULCES Y CONSERVAS HELIOS, S.A.",2022→2023,2022,2023,7300037021,null,prod_ganado,null,175032,175032,null,168.3,null,1040
535,"FRIMAR PANADEROS, S.L.",2022→2023,2022,2023,7300039291,null,prod_ganado,null,491216.9,491216.9,null,460.82,null,1065.96
1854,"ROYPAS BY NUTRIS, S.A.",2022→2023,2022,2023,44111,null,prod_ganado,null,198510.66,198510.66,null,169.298,null,1172.55
9067,"SCHREIBER FOODS ESPAÑA, S.L.",2022→2023,2022,2023,7300037021,null,prod_ganado,null,57495.5,57495.5,null,52.8,null,1088.93
9221,ZYGOUROPOULOS,2022→2023,2022,2023,61200,null,sin_actividad,null,0,0,null,0.002,null,0
9272,FIRMENICH BELGIUM S.A,2022→2023,2022,2023,61142,null,sin_actividad,null,0,0,null,0.001,null,0
2367,"IMASDEA INNOVACIONES Y DESARROLLOS ALIMENTARIO, SL",2022→2023,2022,2023,60105,null,sin_actividad,null,0,0,null,0.005,null,0
7742,"GARCIA GOMEZ, JUAN",2022→2023,2022,2023,44313,null,prod_ganado,null,1627.5,1627.5,null,1.05,null,1550
2850,"AMC NATURAL DRINKS, S.L.",2022→2023,2022,2023,7300005081,null,prod_ganado,null,315301,315301,null,290.6,null,1085
592,"FRAMAJOVA, S.L",2022→2023,2022,2023,60200,null,prod_ganado,null,20762.85,20762.85,null,14.27,null,1455
904,"DAMEL GROUP, S.L. ",2022→2023,2022,2023,40013,null,sin_actividad,null,0,0,null,0.002,null,0
4002,"ABB MJ FERNANDEZ ARANDA, S.L.",2022→2023,2022,2023,7220015111,null,prod_ganado,null,101772,101772,null,106.7,null,953.81
432,"CHOCOLATES ALGARRA, S.L.",2022→2023,2022,2023,40104,null,prod_ganado,null,19261,19261,null,18.7,null,1030
7969,"MANIPULADOS NICOLA, S.L.U.",2022→2023,2022,2023,40030,null,prod_ganado,null,572.15,572.15,null,0.425,null,1346.24
775,"NATRA CACAO,S.L.",2022→2023,2022,2023,7300008021,null,prod_ganado,null,106176,106176,null,101.12,null,1050
1747,"FRUIT TECH NATURAL, S.A.",2022→2023,2022,2023,7300016111,null,prod_ganado,null,47025,47025,null,45,null,1045
4319,"HERREROS CASTAÑOS, FRANCISCO",2022→2023,2022,2023,44315,null,prod_ganado,null,159.6,159.6,null,0.07,null,2280
3225,"SURIVAN FEEL THE TASTE, S.L.",2022→2023,2022,2023,43000,null,prod_ganado,null,1677,1677,null,1.3,null,1290
9295,"LIVE HEALTHY BUSINESS DEVELOPMENT, S.L.U.",2022→2023,2022,2023,62070,null,sin_actividad,null,0,0,null,0.001,null,0
9157,"MAK FOOD COMPANY, S.L.",2022→2023,2022,2023,61247,null,sin_actividad,null,0,0,null,0.007,null,0
3080,"PRODUCTOS KLAM, S.A.",2022→2023,2022,2023,44131,null,prod_ganado,null,25840.93,25840.93,null,23.556,null,1097
9067,"SCHREIBER FOODS ESPAÑA, S.L.",2022→2023,2022,2023,7300005081,null,prod_ganado,null,668820.81,668820.81,null,614.2,null,1088.93
9134,"VOLTEC ELECTRO SISTEMES, S.L.",2022→2023,2022,2023,7220030211,null,sin_actividad,null,0,0,null,0.05,null,0
421,"JOSE GARCIA E HIJOS, S.L.",2022→2023,2022,2023,7400048311,null,prod_ganado,null,72312,72312,null,69,null,1048
2832,DULCES LA ABUELA COOP VNA,2022→2023,2022,2023,7200029121,null,prod_ganado,null,48410,48410,null,47,null,1030
9155,"CRESTAS LA GALETA, S.A.",2022→2023,2022,2023,73001,null,prod_ganado,null,81396,81396,null,68,null,1197
1786,"ANITIN PANES ESPECIALES, S.L.",2022→2023,2022,2023,65007,null,prod_ganado,null,1044,1044,null,0.72,null,1450
431,"DICARCONO, S.L.",2022→2023,2022,2023,7300039291,null,prod_ganado,null,48238.2,48238.2,null,47.72,null,1010.86
2287,"RODRIGUEZ BLANCO, ASUNCION",2022→2023,2022,2023,40025,null,prod_ganado,null,836.25,836.25,null,0.625,null,1338
314,"PASDULCE, S.L.",2022→2023,2022,2023,43101,null,prod_ganado,null,8788,8788,null,5.2,null,1690
6604,"OXEFRUIT, S.L.U.",2022→2023,2022,2023,60105,null,sin_actividad,null,0,0,null,0.001,null,0
2832,DULCES LA ABUELA COOP VNA,2022→2023,2022,2023,7200017111,null,prod_ganado,null,21600,21600,null,24,null,900
9290,SWEET INGREDIENTS GMBH,2022→2023,2022,2023,44092,null,sin_actividad,null,0,0,null,0.001,null,0
7022,"FRUTOS SECOS EMPERADOR, S.L.",2022→2023,2022,2023,61200,null,prod_ganado,null,77.04,77.04,null,0.019,null,4054.74
8971,"MASTER BUILDERS SOLUTIONS ESPAÑA, S.L.U.",2022→2023,2022,2023,7300039291,null,prod_ganado,null,70656,70656,null,72,null,981.33
2180,"AURUM PROCESS TECHNOLOGY, S.L.",2022→2023,2022,2023,44111,null,sin_actividad,null,0,0,null,0.001,null,0
8523,"CRUZ ZAMBRANO, MARÍA",2022→2023,2022,2023,44315,null,prod_ganado,null,1864.8,1864.8,null,0.84,null,2220
8778,"IDILIA FOODS, S.L.",2022→2023,2022,2023,7400028061,null,sin_actividad,null,0,0,null,0.001,null,0
5512,"ORTA VAZ, ISABEL",2022→2023,2022,2023,44301,null,prod_ganado,null,7980,7980,null,8.4,null,950
716,"PENALVA ALIMENTACION, S.A.",2022→2023,2022,2023,60105,null,prod_ganado,null,1620,1620,null,1.2,null,1350
2256,"DULCES Y CONSERVAS HELIOS, S.A.",2022→2023,2022,2023,7400048311,null,prod_ganado,null,424320,424320,null,408,null,1040
3375,"EUROCHOC, S.L.",2022→2023,2022,2023,43050,null,prod_ganado,null,2500,2500,null,1,null,2500
7440,"LOPEZ FOOD GROUP, S.L.",2022→2023,2022,2023,7300039291,null,prod_ganado,null,151123.05,151123.05,null,147.15,null,1027
484,"PRODUCTOS LA PILARICA, S.A.",2022→2023,2022,2023,7500004011,null,prod_ganado,null,15435,15435,null,12.6,null,1225
1786,"ANITIN PANES ESPECIALES, S.L.",2022→2023,2022,2023,7300039291,null,prod_ganado,null,14760,14760,null,15,null,984
3479,"LA TAHONA DE UTIEL, S.L.",2022→2023,2022,2023,60105,null,prod_ganado,null,3576,3576,null,2.4,null,1490
5679,"AB MAURI FOOD, S.A.",2022→2023,2022,2023,7300039291,null,sin_actividad,null,0,0,null,0.001,null,0
762,"VIOKOX, S.A",2022→2023,2022,2023,7500004011,null,prod_ganado,null,85680,85680,null,72,null,1190
614,"MANUFACTURAS TABERNER,S.A.",2022→2023,2022,2023,7300037021,null,sin_actividad,null,0,0,null,0.001,null,0
1787,"DULCES DEL TURIA, S.L.",2022→2023,2022,2023,7300008021,null,prod_ganado,null,2360,2360,null,2,null,1180
559,"DULCES OLMEDO GARCIA, S.L.",2022→2023,2022,2023,7400002031,null,prod_ganado,null,23520,23520,null,24,null,980
9363,"TBMA EUROPE, B.V.",2022→2023,2022,2023,73001,null,sin_actividad,null,0,0,null,0,null,null
396,"AGROTRANSFORMADOS, S.A.",2022→2023,2022,2023,7300005081,null,prod_ganado,null,24840,24840,null,24,null,1035
7868,GENBA TASTE,2022→2023,2022,2023,61222,null,sin_actividad,null,0,0,null,0.001,null,0
3225,"SURIVAN FEEL THE TASTE, S.L.",2022→2023,2022,2023,65016,null,prod_ganado,null,11095.5,11095.5,null,9.75,null,1138
9283,NUTRITIVE SOLUTIONS LLC,2022→2023,2022,2023,61228,null,sin_actividad,null,0,0,null,0.001,null,0
1031,"AUREA FOODS DISTRIBUIDORA ALIMENTACION, S.L.U.",2022→2023,2022,2023,40000,null,prod_ganado,null,23694,23694,null,22,null,1077
9446,"ALIMENTARIA ADIN, S.L.",2022→2023,2022,2023,73001,null,prod_ganado,null,148.75,148.75,null,0.125,null,1190
7558,HARINAS CASTILLA LA MANCHA S.L,2022→2023,2022,2023,42000,null,prod_ganado,null,1800,1800,null,1.25,null,1440
9272,FIRMENICH BELGIUM S.A,2022→2023,2022,2023,99950,null,sin_actividad,null,0,0,null,0.001,null,0
582,"HIJOS DE SALVADOR COSTA, S.L.",2022→2023,2022,2023,41000,null,prod_ganado,null,2312.5,2312.5,null,1.25,null,1850
773,"IBERCACAO, S.A.U.",2022→2023,2022,2023,65016,null,prod_ganado,null,1441.05,1441.05,null,0.975,null,1478
7612,DPTO. COMERCIAL,2022→2023,2022,2023,44310,null,sin_actividad,null,0,0,null,0.012,null,0
9468,"VALLE AGUIRRE, S.L.",2022→2023,2022,2023,62400,null,prod_ganado,null,1526.4,1526.4,null,0.96,null,1590
563,"PROD.BIONATUR.DE CALASPARRA,SA",2022→2023,2022,2023,60123,null,prod_ganado,null,1266,1266,null,1.2,null,1055
5323,"CIERCOLES ARIÑO, IGNACIO",2022→2023,2022,2023,44313,null,prod_ganado,null,1627.5,1627.5,null,1.05,null,1550
3144,"DALLANT, S.A.",2022→2023,2022,2023,41000,null,prod_ganado,null,10092.5,10092.5,null,6.25,null,1614.8
5314,"PROFESSIONAL DAIRY PRODUCTS, S.L.",2022→2023,2022,2023,7300016111,null,prod_ganado,null,2420,2420,null,2,null,1210
546,"E.MORENO, S.L.",2022→2023,2022,2023,7300005081,null,prod_ganado,null,34400,34400,null,32,null,1075
3812,SIERRA MIEL SDAD. COOP.,2022→2023,2022,2023,44313,null,prod_ganado,null,25987.5,25987.5,null,17.85,null,1455.88
884,"INTERNAC. DE COMERCIO Y DESTILERIAS J BORRAJO, S.A",2022→2023,2022,2023,7300007131,null,prod_ganado,null,27120,27120,null,24,null,1130
770,"CASTER ALIMENTACION, S.L.",2022→2023,2022,2023,7500004011,null,prod_ganado,null,25272,25272,null,24.3,null,1040
9134,"VOLTEC ELECTRO SISTEMES, S.L.",2022→2023,2022,2023,42005,null,sin_actividad,null,0,0,null,0.025,null,0
3413,S.C.A. SANTA CRUZ DE ALPERA,2022→2023,2022,2023,7810033151,null,prod_ganado,null,1538,1538,null,1,null,1538
496,"BODEGAS Y DESTILERIAS VIDAL, S.L.",2022→2023,2022,2023,60019,null,prod_ganado,null,24660.72,24660.72,null,27.96,null,882
3144,"DALLANT, S.A.",2022→2023,2022,2023,7300016111,null,prod_ganado,null,26328,26328,null,24,null,1097
595,"ROSCRIS BENIOPA, S.L",2022→2023,2022,2023,40025,null,prod_ganado,null,4662,4662,null,3.6,null,1295
428,"PASTELERIA INDUSTRIAL MONTE TURIA, S.A.",2022→2023,2022,2023,7300037021,null,prod_ganado,null,26015,26015,null,24.2,null,1075
9214,"CANDELA BELTRA, IVAN",2022→2023,2022,2023,44313,null,prod_ganado,null,1543.5,1543.5,null,1.05,null,1470
3987,"GUADANATUR, S.L.",2022→2023,2022,2023,44315,null,sin_actividad,null,0,0,null,0.014,null,0
259,"EUROGRANIZADOS, S.L.U.",2022→2023,2022,2023,40000,null,prod_ganado,null,172584,172584,null,169.2,null,1020
6251,"MIX PAK SYSTEM, S.L.",2022→2023,2022,2023,41000,null,prod_ganado,null,17237.5,17237.5,null,10,null,1723.75
716,"PENALVA ALIMENTACION, S.A.",2022→2023,2022,2023,7300005081,null,prod_ganado,null,28200,28200,null,24,null,1175
450,"LA FLOR BURGALESA, S.L.",2022→2023,2022,2023,7300039291,null,prod_ganado,null,26328,26328,null,24,null,1097
6884,"ENVASADOS SEGOVIA, S.L.",2022→2023,2022,2023,7400004011,null,prod_ganado,null,23760,23760,null,24,null,990
3022,"LACTEOS DE NAVARRA, S.L.",2022→2023,2022,2023,60105,null,sin_actividad,null,0,0,null,0.001,null,0
418,"MANUFACTURAS CEYLAN, S.L.",2022→2023,2022,2023,7600004011,null,prod_ganado,null,5029.2,5029.2,null,3.6,null,1397
211,"MARTINEZ NIETO, S.A.",2022→2023,2022,2023,41002,null,prod_ganado,null,206451.3,206451.3,null,133.1,null,1551.1
6251,"MIX PAK SYSTEM, S.L.",2022→2023,2022,2023,61142,null,sin_actividad,null,0,0,null,0.001,null,0
1481,"BARDINET, S.A.",2022→2023,2022,2023,60019,null,prod_ganado,null,65678.34,65678.34,null,73.22,null,897
575,HORCHATAS Y GRANIZADOS EL MAESTRAZGO SL,2022→2023,2022,2023,7300005081,null,prod_ganado,null,25800,25800,null,24,null,1075
4002,"ABB MJ FERNANDEZ ARANDA, S.L.",2022→2023,2022,2023,41000,null,sin_actividad,null,0,0,null,0.001,null,0
401,"SOLER GIMENO, S.L.",2022→2023,2022,2023,40345,null,sin_actividad,null,0,0,null,0.001,null,0
9604,"PASTISART, S.A.",2022→2023,2022,2023,7300039291,null,prod_ganado,null,55209,55209,null,52.58,null,1050
1233,"VALENCIANA PASTELERA, S.L.",2022→2023,2022,2023,7200017111,null,prod_ganado,null,45984,45984,null,46.8,null,982.56
6549,"GARRIDO BAÑOS, MANUEL",2022→2023,2022,2023,44315,null,prod_ganado,null,803.88,803.88,null,0.406,null,1980
297,"TARBAL FOOD, S.L.",2022→2023,2022,2023,7500004011,null,prod_ganado,null,1386,1386,null,1,null,1386
7452,"CONSERVAS EL RAAL, S.L.U.",2022→2023,2022,2023,7300039291,null,prod_ganado,null,10200,10200,null,10,null,1020
9157,"MAK FOOD COMPANY, S.L.",2022→2023,2022,2023,61248,null,prod_ganado,null,139777.58,139777.58,null,114.044,null,1225.65
902,"MEMBRILLO EL QUIJOTE, S.A.",2022→2023,2022,2023,7200017111,null,prod_ganado,null,181590,181590,null,186,null,976.29
455,"EMILIO PEÑA, S.A.",2022→2023,2022,2023,40030,null,prod_ganado,null,1215,1215,null,0.9,null,1350
2887,"BIOSEARCH, S.A.U.",2022→2023,2022,2023,7300007131,null,prod_ganado,null,1295,1295,null,1,null,1295
7171,"QUIRANTE FRUITS, S.L.",2022→2023,2022,2023,61276,null,prod_ganado,null,498722.4,498722.4,null,503.76,null,990
454,"SCKUESTRANCE, S.L.",2022→2023,2022,2023,44120,null,prod_ganado,null,28299.05,28299.05,null,20.53,null,1378.42
9437,"EL CORTÍN DEL ABEYÓN, S.L.",2022→2023,2022,2023,62001,null,prod_ganado,null,4236,4236,null,4.2,null,1008.57
6468,"DULCES LA CARTUJA, S.L.",2022→2023,2022,2023,41000,null,prod_ganado,null,277.5,277.5,null,0.15,null,1850
297,"TARBAL FOOD, S.L.",2022→2023,2022,2023,7110004161,null,prod_ganado,null,252,252,null,0.175,null,1440
531,"DESARROLLOS PANADEROS LEVANTINOS, S.L.L.",2022→2023,2022,2023,65013,null,prod_ganado,null,2720.25,2720.25,null,1.95,null,1395
4567,"CARBONELL ANTICH, MARIA GRACIA",2022→2023,2022,2023,7800013151,null,prod_ganado,null,276,276,null,0.2,null,1380
282,"PRODUCTOS LOZANO, S.L.",2022→2023,2022,2023,60105,null,sin_actividad,null,0,0,null,0.001,null,0
1132,"INDUSTRIAS HERMANOS JUAN LOPEZ, S.A.",2022→2023,2022,2023,43000,null,prod_ganado,null,1651,1651,null,1.3,null,1270
421,"JOSE GARCIA E HIJOS, S.L.",2022→2023,2022,2023,7300007131,null,prod_ganado,null,24104,24104,null,23,null,1048
3730,"IGLESIAS MARCO, JUAN CARLOS",2022→2023,2022,2023,44301,null,prod_ganado,null,11040,11040,null,12,null,920
5045,"DADELOS AGRICOLA, S.L.",2022→2023,2022,2023,7300005081,null,prod_ganado,null,24948,24948,null,23.1,null,1080
9319,"TRATAMIENTOS BIO-ECOLOGICOS, S.A.",2022→2023,2022,2023,62020,null,sin_actividad,null,0,0,null,0.001,null,0
9244,"AGROSERVICIOS LOS MARINES, S.L.",2022→2023,2022,2023,62001,null,prod_ganado,null,96.6,96.6,null,0.07,null,1380
418,"MANUFACTURAS CEYLAN, S.L.",2022→2023,2022,2023,62150,null,sin_actividad,null,0,0,null,0.001,null,0
2577,"IMPORTACO CASA PONS, S.A.U.",2022→2023,2022,2023,65013,null,prod_ganado,null,7254,7254,null,5.85,null,1240
5892,"DISTRIBUCIONES BOLLFROST, S.L.",2022→2023,2022,2023,7300005081,null,prod_ganado,null,2360,2360,null,2,null,1180
3714,"APARICIO TODOLI, DAVID",2022→2023,2022,2023,44310,null,prod_ganado,null,918,918,null,0.6,null,1530
2708,"PROVIAGRICOLA, S.L.",2022→2023,2022,2023,62000,null,prod_ganado,null,6828,6828,null,6,null,1138
8971,"MASTER BUILDERS SOLUTIONS ESPAÑA, S.L.U.",2022→2023,2022,2023,44301,null,prod_ganado,null,93761.2,93761.2,null,94.9,null,988
3160,"GARCIA JAEN, JOSE MANUEL",2022→2023,2022,2023,62001,null,prod_ganado,null,135.24,135.24,null,0.098,null,1380
6251,"MIX PAK SYSTEM, S.L.",2022→2023,2022,2023,61228,null,sin_actividad,null,0,0,null,0.001,null,0
5245,"ELGORRIAGA BRANDS, S.A.",2022→2023,2022,2023,62070,null,sin_actividad,null,0,0,null,0.001,null,0
499,"MELS CARLET, S.L.",2022→2023,2022,2023,44305,null,prod_ganado,null,14847.87,14847.87,null,11.926,null,1245
5989,"T500 PURATOS, S.A.",2022→2023,2022,2023,65005,null,prod_ganado,null,38223.83,38223.83,null,31.875,null,1199.18
482,"PRODUCTOS VIRGEN DEL BREZO, S.A.U",2022→2023,2022,2023,40000,null,prod_ganado,null,63329,63329,null,59,null,1073.37
2112,"LACASA, S.A.U.",2022→2023,2022,2023,7800013151,null,prod_ganado,null,59400,59400,null,45,null,1320
6957,"MATEOS MUÑOZ, ANTONIO",2022→2023,2022,2023,44335,null,prod_ganado,null,1018.5,1018.5,null,0.75,null,1358
8977,"NAVARRO GONZALEZ, JUAN ANTONIO",2022→2023,2022,2023,44313,null,prod_ganado,null,23.25,23.25,null,0.015,null,1550
2682,"CARO CARO, CANDELARIA",2022→2023,2022,2023,44310,null,prod_ganado,null,1575,1575,null,1.05,null,1500
7461,EYGUEBELLE SAS,2022→2023,2022,2023,60000,null,prod_ganado,null,45322.74,45322.74,null,49.86,null,909
448,"ESGIR, S.L.",2022→2023,2022,2023,7300005081,null,prod_ganado,null,26334,26334,null,23.1,null,1140
1117,COMERCIAL RUIZ ARRIBAS S. XXI. S.L.,2022→2023,2022,2023,7110009141,null,prod_ganado,null,937.5,937.5,null,0.75,null,1250
535,"FRIMAR PANADEROS, S.L.",2022→2023,2022,2023,7400002031,null,prod_ganado,null,8920,8920,null,8,null,1115
1470,"CROP SALSA, S.A.",2022→2023,2022,2023,62070,null,sin_actividad,null,0,0,null,0.001,null,0
297,"TARBAL FOOD, S.L.",2022→2023,2022,2023,7300005081,null,prod_ganado,null,4435.2,4435.2,null,3.2,null,1386
734,"HORCHATAS MERCADER,S.L.",2022→2023,2022,2023,7300007131,null,prod_ganado,null,28267.2,28267.2,null,24.16,null,1170
2053,"MANUEL BUSTO AMANDI, S.A.",2022→2023,2022,2023,7300007131,null,prod_ganado,null,53479.8,53479.8,null,48.18,null,1110
457,"AMAHER, S.L.",2022→2023,2022,2023,7500004011,null,prod_ganado,null,25272,25272,null,24.3,null,1040
1832,"SIERRAS ANDALUZAS, S.C.A.",2022→2023,2022,2023,44301,null,prod_ganado,null,39690,39690,null,37,null,1072.7
1218,"RAMIRO LARRIO, JAVIER",2022→2023,2022,2023,44313,null,prod_ganado,null,3255,3255,null,2.1,null,1550
9455,"BORRAS CACAO, S.A.",2022→2023,2022,2023,65020,null,sin_actividad,null,0,0,null,0.005,null,0
6267,"JUMEL ALIMENTARIA, S.A.",2022→2023,2022,2023,7300007131,null,prod_ganado,null,23920,23920,null,23,null,1040
3658,"NAVALON FERRER, CRISTIAN",2022→2023,2022,2023,62001,null,prod_ganado,null,1296,1296,null,1.2,null,1080
215,"MARTIN BRAUN, S.A.",2022→2023,2022,2023,7300039291,null,prod_ganado,null,70368,70368,null,71,null,991.1
8251,APILINE DI FASSARI DOMINIQUE,2022→2023,2022,2023,62028,null,prod_ganado,null,12360,12360,null,12,null,1030
7496,"LA CENTRAL 3.0 - NOVA DISTRIBUTION, S.L.",2022→2023,2022,2023,65005,null,prod_ganado,null,3744,3744,null,2.925,null,1280
433,"SANCHIS MIRA, S.A.",2022→2023,2022,2023,7300037021,null,prod_ganado,null,25680,25680,null,24,null,1070
1328,"3A BIOTECH, S.L.",2022→2023,2022,2023,42000,null,prod_ganado,null,39.75,39.75,null,0.025,null,1590
265,"BLENDHUB, S.L",2022→2023,2022,2023,3010050341,null,prod_ganado,null,54.75,54.75,null,0.025,null,2190
2211,"GIL MARTINEZ, FRANCISCO GABRIEL",2022→2023,2022,2023,62001,null,prod_ganado,null,270,270,null,0.25,null,1080
5046,"CEREALTO SINTRA FOODS, S.A.",2022→2023,2022,2023,65016,null,prod_ganado,null,21450,21450,null,15.6,null,1375
9283,NUTRITIVE SOLUTIONS LLC,2022→2023,2022,2023,61210,null,sin_actividad,null,0,0,null,0.001,null,0
490,"FRUCOPASA, S.A.",2022→2023,2022,2023,60000,null,prod_ganado,null,408928.2,408928.2,null,511.8,null,799
517,"DUPAN, S.L.",2022→2023,2022,2023,7300005081,null,prod_ganado,null,9520,9520,null,8,null,1190
450,"LA FLOR BURGALESA, S.L.",2022→2023,2022,2023,43000,null,prod_ganado,null,10237.5,10237.5,null,6.5,null,1575
9363,"TBMA EUROPE, B.V.",2022→2023,2022,2023,42000,null,sin_actividad,null,0,0,null,0.15,null,0
1643,"DULCES ARTESANALES LINARES, S.L",2022→2023,2022,2023,7300039291,null,prod_ganado,null,11980,11980,null,12,null,998.33
7612,DPTO. COMERCIAL,2022→2023,2022,2023,61222,null,sin_actividad,null,0,0,null,0.001,null,0
523,"CORALIM INGREDIENTS, S.L.",2022→2023,2022,2023,7400002031,null,prod_ganado,null,2300,2300,null,2,null,1150
4329,"ZAFRA SANTILLANA, ELOY",2022→2023,2022,2023,62020,null,prod_ganado,null,1192.8,1192.8,null,1.2,null,994
9453,"COMERCIAL ALPAMATIAN, S.L.",2022→2023,2022,2023,42000,null,prod_ganado,null,312,312,null,0.2,null,1560
9429,TARTAS ANCANO S.L.,2022→2023,2022,2023,43101,null,prod_ganado,null,22386,22386,null,15.6,null,1435
4002,"ABB MJ FERNANDEZ ARANDA, S.L.",2022→2023,2022,2023,7500004011,null,prod_ganado,null,188524.5,188524.5,null,178.6,null,1055.57
1314,"MANUFACTURAS PIBERNAT, S.L.",2022→2023,2022,2023,7300016111,null,prod_ganado,null,1250,1250,null,1,null,1250
6467,"CATALINA FOOD SOLUTIONS, S.L.",2022→2023,2022,2023,7300039291,null,prod_ganado,null,15600,15600,null,16,null,975
7008,"REDEFINE FOOD SOLUTIONS, S.L.",2022→2023,2022,2023,40103,null,sin_actividad,null,0,0,null,0,null,null
9615,BACKALDRIN INTERNATIONAL THE KORNSPITZ COMPANY GMBH,2022→2023,2022,2023,43050,null,sin_actividad,null,0,0,null,0.001,null,0
422,"HERMANOS LOPEZ LLORET, S.A.",2022→2023,2022,2023,7400048311,null,prod_ganado,null,47840,47840,null,46,null,1040
353,"QUALITY SPICES, S.L.",2022→2023,2022,2023,7110004161,null,sin_actividad,null,0,0,null,0.001,null,0
3070,"NAVARRO OLIVA, JOSE",2022→2023,2022,2023,62001,null,prod_ganado,null,1200,1200,null,1.2,null,1000
9563,INVESTMENT CROSS TRADING S.L.U.,2022→2023,2022,2023,40203,null,sin_actividad,null,0,0,null,0.001,null,0
9136,PRE GEL S.P.A. ,2022→2023,2022,2023,61200,null,sin_actividad,null,0,0,null,0.001,null,0
6395,SEITENBACHER KG NATURKOST,2022→2023,2022,2023,44120,null,sin_actividad,null,0,0,null,0.001,null,0
5316,"CASH-ZAPATA, S.L.",2022→2023,2022,2023,42000,null,prod_ganado,null,3912.5,3912.5,null,2.5,null,1565
6603,"INDUSTRIAS ALIMENTICIAS SUFLI, S.L.",2022→2023,2022,2023,7110009141,null,prod_ganado,null,287.6,287.6,null,0.2,null,1438
1854,"ROYPAS BY NUTRIS, S.A.",2022→2023,2022,2023,1210049321,null,prod_ganado,null,2330.9,2330.9,null,1.3,null,1793
3070,"NAVARRO OLIVA, JOSE",2022→2023,2022,2023,44301,null,prod_ganado,null,2880,2880,null,3,null,960
7164,"FELIX SOLIS, S.L.",2022→2023,2022,2023,61142,null,sin_actividad,null,0,0,null,0.001,null,0
9168,"BIO ALIMENTOS DE MURCIA, S.L.",2022→2023,2022,2023,7810033151,null,prod_ganado,null,6258,6258,null,4.2,null,1490
542,"SDAD.ESPAÑOLA COLOR. NATURALES Y AFINES, S.A.U.",2022→2023,2022,2023,7300005081,null,prod_ganado,null,192376.8,192376.8,null,184.8,null,1041
9272,FIRMENICH BELGIUM S.A,2022→2023,2022,2023,44111,null,sin_actividad,null,0,0,null,0.001,null,0
7496,"LA CENTRAL 3.0 - NOVA DISTRIBUTION, S.L.",2022→2023,2022,2023,7500004011,null,prod_ganado,null,126967.5,126967.5,null,121.5,null,1045
9221,ZYGOUROPOULOS,2022→2023,2022,2023,44310,null,sin_actividad,null,0,0,null,0.002,null,0
535,"FRIMAR PANADEROS, S.L.",2022→2023,2022,2023,7300007131,null,prod_ganado,null,79611,79611,null,71.4,null,1115
1365,"CARAMELOS ARTESANOS EL TETE, S.L.I",2022→2023,2022,2023,44120,null,prod_ganado,null,15558.76,15558.76,null,12.28,null,1267
3812,SIERRA MIEL SDAD. COOP.,2022→2023,2022,2023,44301,null,prod_ganado,null,10044,10044,null,10.8,null,930
5454,"ALIMENTACION Y NUTRICION FAMILIAR, S.L.",2022→2023,2022,2023,7300037021,null,prod_ganado,null,12040,12040,null,11.2,null,1075
6734,"COLONIALES EL SOL, S.L.",2022→2023,2022,2023,45006,null,prod_ganado,null,1104,1104,null,0.96,null,1150
6048,"BLENDAMA, S.L.",2022→2023,2022,2023,7200017111,null,sin_actividad,null,0,0,null,0,null,null
528,"MANUFACTURAS COVISAL, S.L.",2022→2023,2022,2023,7300037021,null,prod_ganado,null,1270,1270,null,1,null,1270
9360,"GOMEZ CASTELL, RAFAEL",2022→2023,2022,2023,62001,null,prod_ganado,null,1296,1296,null,1.2,null,1080
9282,"IZUM LAB, S.L.",2022→2023,2022,2023,61278,null,sin_actividad,null,0,0,null,0.004,null,0
1241,"ACEITES DEL SUR-COOSUR, S.A.",2022→2023,2022,2023,7300037021,null,prod_ganado,null,28193,28193,null,24.2,null,1165
1746,"PRIMITIVO PICO, S.A",2022→2023,2022,2023,7300039291,null,prod_ganado,null,35640,35640,null,36,null,990
246,"CAMPO BETICA, S.L.",2022→2023,2022,2023,7300005081,null,sin_actividad,null,0,0,null,0.001,null,0
9309,"GUTSY CAPTAIN SPAIN, S.L.",2022→2023,2022,2023,7500004011,null,prod_ganado,null,1267.2,1267.2,null,0.9,null,1408
1304,"EMPRESA DE TRANSFORMACIÓN AGRARIA, S.A., S.M.E., M.P (TRAGSA)",2022→2023,2022,2023,7400002031,null,prod_ganado,null,1888,1888,null,1.6,null,1180
3144,"DALLANT, S.A.",2022→2023,2022,2023,7300005081,null,prod_ganado,null,26328,26328,null,24,null,1097
7123,"ESPIN SANCHEZ, MARIA ISABEL",2022→2023,2022,2023,60004,null,prod_ganado,null,1773.6,1773.6,null,1.2,null,1478
9386,"GONZALEZ CERVERA, SERGIO",2022→2023,2022,2023,44313,null,prod_ganado,null,3115.5,3115.5,null,2.01,null,1550
9286,"LAQTIA, S.L.",2022→2023,2022,2023,7400002031,null,prod_ganado,null,24240,24240,null,24,null,1010
516,"PAIARROP, S.L.",2022→2023,2022,2023,7800013151,null,prod_ganado,null,862.4,862.4,null,0.55,null,1568
1072,"GALVAN FERNANDEZ HERMANOS, S.L.",2022→2023,2022,2023,7400048311,null,prod_ganado,null,25920,25920,null,24,null,1080
9562,"BIO DARMA, S.L.",2022→2023,2022,2023,40207,null,sin_actividad,null,0,0,null,0.001,null,0
2256,"DULCES Y CONSERVAS HELIOS, S.A.",2022→2023,2022,2023,40000,null,prod_ganado,null,392080,392080,null,377,null,1040
1000,CLIENTES VARIOS (CONTADO),2022→2023,2022,2023,40203,null,prod_ganado,null,36.2,36.2,null,0.025,null,1448
9157,"MAK FOOD COMPANY, S.L.",2022→2023,2022,2023,7400004011,null,prod_ganado,null,24020,24020,null,18,null,1334.44
436,"TURRONES JOSE GARRIGOS, S.A.",2022→2023,2022,2023,7600004011,null,prod_ganado,null,3915,3915,null,2.7,null,1450
7022,"FRUTOS SECOS EMPERADOR, S.L.",2022→2023,2022,2023,7300007131,null,prod_ganado,null,2380,2380,null,2,null,1190
1922,"PSITTACUS CATALONIA, S.L.",2022→2023,2022,2023,41000,null,prod_ganado,null,59537.5,59537.5,null,33.75,null,1764.07
9158,"PEREZ RIVERA, ALVARO",2022→2023,2022,2023,44313,null,prod_ganado,null,348.75,348.75,null,0.225,null,1550
499,"MELS CARLET, S.L.",2022→2023,2022,2023,61106,null,prod_ganado,null,22709.1,22709.1,null,25.66,null,885
935,"MANZANO GAMITO HNOS, S.L.",2022→2023,2022,2023,7300007131,null,prod_ganado,null,25680,25680,null,24,null,1070
6338,CENTRO NAC. TECNOLOGIA Y SEGURIDAD ALIMENTARIA,2022→2023,2022,2023,99950,null,sin_actividad,null,0,0,null,0.008,null,0
1752,"ROYMY 21, S.L",2022→2023,2022,2023,43101,null,prod_ganado,null,11466,11466,null,7.8,null,1470
445,"PASTELERIA ARROYO SANCHEZ, S.L.U.",2022→2023,2022,2023,7300039291,null,prod_ganado,null,245619,245619,null,248.1,null,990
431,"DICARCONO, S.L.",2022→2023,2022,2023,7300005081,null,prod_ganado,null,97923.52,97923.52,null,95.58,null,1024.52
4685,ABEILLE D'AUVERGNE (NATURAPI),2022→2023,2022,2023,44310,null,sin_actividad,null,0,0,null,0.001,null,0
9221,ZYGOUROPOULOS,2022→2023,2022,2023,44315,null,sin_actividad,null,0,0,null,0.002,null,0
7980,"AQUAPOOL CHEMICAL, S.L.",2022→2023,2022,2023,61142,null,sin_actividad,null,0,0,null,0.001,null,0
2256,"DULCES Y CONSERVAS HELIOS, S.A.",2022→2023,2022,2023,7300008021,null,prod_ganado,null,74880,74880,null,72,null,1040
354,"DESTILERIAS LA HUERTANA, S.L.",2022→2023,2022,2023,60010,null,prod_ganado,null,5616,5616,null,4.8,null,1170
8956,"GARCIA MORENO, MARIA MAGDALENA",2022→2023,2022,2023,7810033151,null,prod_ganado,null,36.2,36.2,null,0.025,null,1448
2850,"AMC NATURAL DRINKS, S.L.",2022→2023,2022,2023,7810033151,null,prod_ganado,null,1328,1328,null,1,null,1328
252,"CONSERVAS ALGUAZAS, S.L.",2022→2023,2022,2023,40203,null,prod_ganado,null,275.6,275.6,null,0.2,null,1378
6818,"DULCES LA FAVORITA FINCA OLIVAR EL RECREO, S.L.",2022→2023,2022,2023,60105,null,prod_ganado,null,7104,7104,null,4.8,null,1480
9473,"TÉCNICAS DEL CAMPO, S.L.",2022→2023,2022,2023,44310,null,prod_ganado,null,803.25,803.25,null,0.525,null,1530
3961,"JORGE DE JULIAN, JOSE ANTONIO",2022→2023,2022,2023,44310,null,prod_ganado,null,321.3,321.3,null,0.21,null,1530
9319,"TRATAMIENTOS BIO-ECOLOGICOS, S.A.",2022→2023,2022,2023,49006,null,sin_actividad,null,0,0,null,0.001,null,0
9221,ZYGOUROPOULOS,2022→2023,2022,2023,61210,null,sin_actividad,null,0,0,null,0.001,null,0
2473,"TORRE ORIA, S.L.U.",2022→2023,2022,2023,60010,null,sin_actividad,null,0,0,null,0.001,null,0
2850,"AMC NATURAL DRINKS, S.L.",2022→2023,2022,2023,7400048311,null,sin_actividad,null,0,0,null,0.001,null,0
418,"MANUFACTURAS CEYLAN, S.L.",2022→2023,2022,2023,7110009141,null,prod_ganado,null,3600,3600,null,3,null,1200
7612,DPTO. COMERCIAL,2022→2023,2022,2023,62001,null,sin_actividad,null,0,0,null,0.114,null,0
3748,"MAYORAL BARBA, DIEGO",2022→2023,2022,2023,44335,null,prod_ganado,null,362.5,362.5,null,0.25,null,1450
6955,"VILAR GARCIA, PASCUAL",2022→2023,2022,2023,62001,null,prod_ganado,null,2628,2628,null,2.4,null,1095
4685,ABEILLE D'AUVERGNE (NATURAPI),2022→2023,2022,2023,44314,null,sin_actividad,null,0,0,null,0.001,null,0
9565,NORDIK BUCKFAST,2022→2023,2022,2023,44313,null,sin_actividad,null,0,0,null,0.001,null,0
494,"KING REGAL, S.A.",2022→2023,2022,2023,40013,null,sin_actividad,null,0,0,null,0.001,null,0
246,"CAMPO BETICA, S.L.",2022→2023,2022,2023,42000,null,prod_ganado,null,7300,7300,null,5,null,1460
237,"DULCES SANTA CRUZ, S.L.",2022→2023,2022,2023,43003,null,prod_ganado,null,2106,2106,null,1.3,null,1620
295,"EUROCAVIAR, S.A.",2022→2023,2022,2023,40030,null,prod_ganado,null,66.9,66.9,null,0.05,null,1338
7765,SURINVER EL GRUPO S.COOP,2022→2023,2022,2023,7500004011,null,prod_ganado,null,5068.8,5068.8,null,3.6,null,1408
2256,"DULCES Y CONSERVAS HELIOS, S.A.",2022→2023,2022,2023,7300007131,null,prod_ganado,null,74880,74880,null,72,null,1040
428,"PASTELERIA INDUSTRIAL MONTE TURIA, S.A.",2022→2023,2022,2023,7400002031,null,prod_ganado,null,45007.2,45007.2,null,45.6,null,987
889,"ESPECIALIDADES DEL OBRADOR, S.L.",2022→2023,2022,2023,41000,null,prod_ganado,null,273.3,273.3,null,0.15,null,1822
5393,ICKOWICZ APICULTURE SAS,2022→2023,2022,2023,44313,null,prod_ganado,null,38710.5,38710.5,null,26.25,null,1474.69
577,"FARTONS POLO, S.L.",2022→2023,2022,2023,62400,null,prod_ganado,null,1454.4,1454.4,null,0.96,null,1515
9272,FIRMENICH BELGIUM S.A,2022→2023,2022,2023,61144,null,prod_ganado,null,11076.3,11076.3,null,7.111,null,1557.63
237,"DULCES SANTA CRUZ, S.L.",2022→2023,2022,2023,43101,null,prod_ganado,null,4407,4407,null,2.6,null,1695
6130,HAPPY VALLEY HONEY LIMITED,2022→2023,2022,2023,62001,null,prod_ganado,null,2041.2,2041.2,null,1.68,null,1215
248,"CONSERVAS EL VALLE, S.L.",2022→2023,2022,2023,40104,null,prod_ganado,null,24139.5,24139.5,null,23.1,null,1045
7671,"PETROV VALKOV, PLAMEN",2022→2023,2022,2023,44315,null,prod_ganado,null,159.6,159.6,null,0.07,null,2280
3409,"MAGNOLIA PREMIUM, S.L.",2022→2023,2022,2023,65015,null,sin_actividad,null,0,0,null,0.003,null,0
6656,"BAOR PRODUCTS, S.L.",2022→2023,2022,2023,61272,null,sin_actividad,null,0,0,null,0.005,null,0
440,"MAZAPANES Y DULCES DE TOLEDO, S.A.",2022→2023,2022,2023,7300039291,null,prod_ganado,null,22560,22560,null,24,null,940
8778,"IDILIA FOODS, S.L.",2022→2023,2022,2023,7300005081,null,sin_actividad,null,0,0,null,0.005,null,0
8247,"ALLJUICEMED, S.L.",2022→2023,2022,2023,61279,null,prod_ganado,null,6229492.5,6229492.5,null,6940.71,null,897.53
9157,"MAK FOOD COMPANY, S.L.",2022→2023,2022,2023,61256,null,prod_ganado,null,22736,22736,null,20.3,null,1120
3144,"DALLANT, S.A.",2022→2023,2022,2023,99950,null,sin_actividad,null,0,0,null,0.001,null,0
400,"ASOCIACION IND. ALICANTINA DEL HELADO, S.A.",2022→2023,2022,2023,7300016111,null,prod_ganado,null,26059,26059,null,23,null,1133
4685,ABEILLE D'AUVERGNE (NATURAPI),2022→2023,2022,2023,44313,null,sin_actividad,null,0,0,null,0.004,null,0
542,"SDAD.ESPAÑOLA COLOR. NATURALES Y AFINES, S.A.U.",2022→2023,2022,2023,40201,null,prod_ganado,null,3300,3300,null,2,null,1650
463,"REY ALIMENTACION, S.L.",2022→2023,2022,2023,43050,null,prod_ganado,null,119.7,119.7,null,0.05,null,2394
1000,CLIENTES VARIOS (CONTADO),2022→2023,2022,2023,40206,null,prod_ganado,null,98,98,null,0.1,null,980
9155,"CRESTAS LA GALETA, S.A.",2022→2023,2022,2023,40000,null,prod_ganado,null,26334,26334,null,22,null,1197
421,"JOSE GARCIA E HIJOS, S.L.",2022→2023,2022,2023,7300005081,null,prod_ganado,null,48208,48208,null,46,null,1048
4315,"SANCHEZ PEREZ, ANIBAL",2022→2023,2022,2023,44315,null,prod_ganado,null,3578.4,3578.4,null,1.68,null,2130
595,"ROSCRIS BENIOPA, S.L",2022→2023,2022,2023,7500004011,null,prod_ganado,null,1071,1071,null,0.9,null,1190
461,"PRODUCTOS JESUS, S.L.",2022→2023,2022,2023,7300039291,null,prod_ganado,null,75054.6,75054.6,null,73.8,null,1017
4244,"GYG ENVASADOS Y ESTUCHADOS, S.L.",2022→2023,2022,2023,7500004011,null,prod_ganado,null,36504,36504,null,35.1,null,1040
311,"PROBELTE, S.A.U.",2022→2023,2022,2023,42000,null,prod_ganado,null,3987.5,3987.5,null,2.5,null,1595
463,"REY ALIMENTACION, S.L.",2022→2023,2022,2023,40000,null,prod_ganado,null,17017,17017,null,15.4,null,1105
340,"ARTESANOS MENDEZ, S.A.",2022→2023,2022,2023,43101,null,prod_ganado,null,2314,2314,null,1.3,null,1780
1080,"VIDAL GOLOSINAS, S.A.",2022→2023,2022,2023,42000,null,prod_ganado,null,6337.5,6337.5,null,3.75,null,1690
9217,"LLANO YARRITU, GOIKO",2022→2023,2022,2023,44313,null,prod_ganado,null,771.75,771.75,null,0.525,null,1470
2850,"AMC NATURAL DRINKS, S.L.",2022→2023,2022,2023,7300007131,null,prod_ganado,null,151900,151900,null,140,null,1085
1832,"SIERRAS ANDALUZAS, S.C.A.",2022→2023,2022,2023,44302,null,prod_ganado,null,1570,1570,null,1,null,1570
1854,"ROYPAS BY NUTRIS, S.A.",2022→2023,2022,2023,7800013151,null,prod_ganado,null,56810,56810,null,46,null,1235
4187,"AMILCAR & MORGADO, LDA",2022→2023,2022,2023,44310,null,prod_ganado,null,8152.2,8152.2,null,6.3,null,1294
9329,"TORRALBA CARRION, CESAR",2022→2023,2022,2023,62001,null,prod_ganado,null,19.32,19.32,null,0.014,null,1380
496,"BODEGAS Y DESTILERIAS VIDAL, S.L.",2022→2023,2022,2023,60010,null,sin_actividad,null,0,0,null,0.001,null,0
6048,"BLENDAMA, S.L.",2022→2023,2022,2023,7300039291,null,sin_actividad,null,0,0,null,0.001,null,0
2513,"LINARES COTO, DAVID",2022→2023,2022,2023,44315,null,prod_ganado,null,997.92,997.92,null,0.504,null,1980
4383,"MANUFRI, S.L.",2022→2023,2022,2023,7300039291,null,prod_ganado,null,25800,25800,null,24,null,1075
9282,"IZUM LAB, S.L.",2022→2023,2022,2023,61207,null,sin_actividad,null,0,0,null,0.002,null,0
9151,SARL L'ABEILLE DU MIDI,2022→2023,2022,2023,44314,null,prod_ganado,null,2283.75,2283.75,null,1.05,null,2175
2256,"DULCES Y CONSERVAS HELIOS, S.A.",2022→2023,2022,2023,7300005081,null,prod_ganado,null,473200,473200,null,455,null,1040
9134,"VOLTEC ELECTRO SISTEMES, S.L.",2022→2023,2022,2023,42000,null,sin_actividad,null,0,0,null,0.025,null,0
1786,"ANITIN PANES ESPECIALES, S.L.",2022→2023,2022,2023,7500004011,null,prod_ganado,null,106506,106506,null,86.8,null,1227.03
1374,"GALLETAS REYGA, S.L.U",2022→2023,2022,2023,40000,null,prod_ganado,null,106317.8,106317.8,null,101.4,null,1048.5
8003,"OBLEAS QUINTIN, S.L.",2022→2023,2022,2023,60114,null,prod_ganado,null,1732.4,1732.4,null,1.22,null,1420
5445,COMPTOIR APICOLE LANGUEDOCIEN,2022→2023,2022,2023,44315,null,prod_ganado,null,1848,1848,null,0.84,null,2200
432,"CHOCOLATES ALGARRA, S.L.",2022→2023,2022,2023,7220032231,null,prod_ganado,null,23750,23750,null,25,null,950
1765,"CHOST, S.L",2022→2023,2022,2023,7300039291,null,prod_ganado,null,5650,5650,null,5,null,1130
8778,"IDILIA FOODS, S.L.",2022→2023,2022,2023,40000,null,sin_actividad,null,0,0,null,0.003,null,0
566,"ALMACENES MIGUEZ 2005,S.L.",2022→2023,2022,2023,7200017111,null,prod_ganado,null,32220,32220,null,36,null,895
516,"PAIARROP, S.L.",2022→2023,2022,2023,7300005081,null,prod_ganado,null,39825,39825,null,36,null,1106.25
534,"MC CONSTRUCTION CHEMICAL SPAIN, S.L.",2022→2023,2022,2023,40104,null,prod_ganado,null,2266,2266,null,2.2,null,1030
6582,"ADITIVOS DEL SURESTE, S.L.",2022→2023,2022,2023,4000050331,null,prod_ganado,null,1406.25,1406.25,null,1.25,null,1125
9091,"STOLLER EUROPE, S.L.U.",2022→2023,2022,2023,7300007131,null,prod_ganado,null,24035,24035,null,23,null,1045
9363,"TBMA EUROPE, B.V.",2022→2023,2022,2023,42005,null,sin_actividad,null,0,0,null,0.15,null,0
9157,"MAK FOOD COMPANY, S.L.",2022→2023,2022,2023,61164,null,sin_actividad,null,0,0,null,0.002,null,0
6560,MIEL Y CAMPO S.L.U,2022→2023,2022,2023,62071,null,prod_ganado,null,5745.85,5745.85,null,3.37,null,1705
7558,HARINAS CASTILLA LA MANCHA S.L,2022→2023,2022,2023,49006,null,prod_ganado,null,115710,115710,null,114,null,1015
531,"DESARROLLOS PANADEROS LEVANTINOS, S.L.L.",2022→2023,2022,2023,60105,null,sin_actividad,null,0,0,null,0.01,null,0
484,"PRODUCTOS LA PILARICA, S.A.",2022→2023,2022,2023,40103,null,prod_ganado,null,32,32,null,0.025,null,1280
1864,MELAZAHAR COOP. V.,2022→2023,2022,2023,40000,null,prod_ganado,null,1170,1170,null,1,null,1170
9360,"GOMEZ CASTELL, RAFAEL",2022→2023,2022,2023,44313,null,prod_ganado,null,1627.5,1627.5,null,1.05,null,1550
418,"MANUFACTURAS CEYLAN, S.L.",2022→2023,2022,2023,7300016111,null,prod_ganado,null,28728,28728,null,24,null,1197
4587,"CARMAX GLASS, S.L.",2022→2023,2022,2023,62020,null,prod_ganado,null,1041.6,1041.6,null,0.84,null,1240
2103,"JOSEFA ESTELLES MAYOR, S.L.",2022→2023,2022,2023,40030,null,prod_ganado,null,14625,14625,null,11.7,null,1250
9221,ZYGOUROPOULOS,2022→2023,2022,2023,62001,null,sin_actividad,null,0,0,null,0.002,null,0
2737,"ALFONSO MARTINEZ TORRANO, S.L.",2022→2023,2022,2023,44120,null,prod_ganado,null,7623.85,7623.85,null,4.81,null,1585
4686,OMNIUM AGRICOLE DU SOUSS,2022→2023,2022,2023,62031,null,prod_ganado,null,24133.2,24133.2,null,20.4,null,1183
2677,"PREELABORADOS ALIMENTARIOS, S.L.",2022→2023,2022,2023,7300039291,null,prod_ganado,null,22880,22880,null,22,null,1040
2525,"COMERCIAL APICOLA ROSSEND MARGALEF, S.L.",2022→2023,2022,2023,65005,null,prod_ganado,null,44.7,44.7,null,0.03,null,1490
3754,"MARTINEZ SANCHIS, JOSE VICENTE",2022→2023,2022,2023,62001,null,prod_ganado,null,289.8,289.8,null,0.21,null,1380
3409,"MAGNOLIA PREMIUM, S.L.",2022→2023,2022,2023,40016,null,prod_ganado,null,259.6,259.6,null,0.22,null,1180
5162,L'ABEILLE SAS,2022→2023,2022,2023,40000,null,sin_actividad,null,0,0,null,0.001,null,0
534,"MC CONSTRUCTION CHEMICAL SPAIN, S.L.",2022→2023,2022,2023,7300008021,null,prod_ganado,null,5600,5600,null,5,null,1120
9335,THE GUMMY FACTORY B.V.,2022→2023,2022,2023,61201,null,sin_actividad,null,0,0,null,0.002,null,0
550,"REPOSTERIA PORTA, S.L.",2022→2023,2022,2023,41000,null,prod_ganado,null,5850,5850,null,3.75,null,1560
9370,"CLEMENT ARNAL, FREDERIC",2022→2023,2022,2023,62001,null,prod_ganado,null,7272,7272,null,7.2,null,1010
2916,"SUC. DE MUÑOZ Y PUJANTE, S.L.",2022→2023,2022,2023,7200017111,null,prod_ganado,null,162,162,null,0.15,null,1080
9034,"PEREZ MARTINEZ, MARGARITA",2022→2023,2022,2023,40103,null,prod_ganado,null,30.25,30.25,null,0.025,null,1210
9371,"GOMEZ MOLTO, MIGUEL",2022→2023,2022,2023,62021,null,prod_ganado,null,1310.8,1310.8,null,1.13,null,1160
846,"PRODUCTOS ORGANICOS NAT.,S.L.",2022→2023,2022,2023,41000,null,prod_ganado,null,870,870,null,0.45,null,1933.33
1289,"FRITOPER, S.L.",2022→2023,2022,2023,65015,null,sin_actividad,null,0,0,null,0.001,null,0
9520,"GOLOSINAS MININOLAS, S.L.U.",2022→2023,2022,2023,61228,null,sin_actividad,null,0,0,null,0.001,null,0
1661,"DELAVIUDA ALIMENTACION, S.A",2022→2023,2022,2023,40203,null,prod_ganado,null,4281.2,4281.2,null,2.8,null,1529
465,"INVESTIGACION Y DESARROLLO PANADERO, S.L.",2022→2023,2022,2023,61210,null,sin_actividad,null,0,0,null,0.001,null,0
9539,"ARTIPA FLECA, S.L",2022→2023,2022,2023,61291,null,prod_ganado,null,4875.5,4875.5,null,1.225,null,3980
2861,"DISTRIBUCIONES JOAQUIN MARIN 2, S.L.U.",2022→2023,2022,2023,7500004011,null,prod_ganado,null,25272,25272,null,24.3,null,1040
555,"FORTADUL, S.L.",2022→2023,2022,2023,7300005081,null,prod_ganado,null,26378,26378,null,24.2,null,1090
4319,"HERREROS CASTAÑOS, FRANCISCO",2022→2023,2022,2023,44313,null,prod_ganado,null,162.75,162.75,null,0.105,null,1550
7189,"PASTISART IBERIA, S.L.U",2022→2023,2022,2023,7300005081,null,prod_ganado,null,26457.6,26457.6,null,24.96,null,1060
3048,"BORI ORERO, LUIS",2022→2023,2022,2023,44313,null,prod_ganado,null,325.5,325.5,null,0.21,null,1550
7558,HARINAS CASTILLA LA MANCHA S.L,2022→2023,2022,2023,7300039291,null,prod_ganado,null,265184,265184,null,240.2,null,1104.01
7868,GENBA TASTE,2022→2023,2022,2023,61210,null,sin_actividad,null,0,0,null,0.002,null,0
9113,"VILLAR MARTINEZ, CLAUDIO",2022→2023,2022,2023,62001,null,prod_ganado,null,77.28,77.28,null,0.056,null,1380
450,"LA FLOR BURGALESA, S.L.",2022→2023,2022,2023,7300007131,null,prod_ganado,null,25231,25231,null,23,null,1097
1661,"DELAVIUDA ALIMENTACION, S.A",2022→2023,2022,2023,65005,null,sin_actividad,null,0,0,null,0.001,null,0
6876,"VALOR ECOLOGICO, S.L.",2022→2023,2022,2023,7820022041,null,prod_ganado,null,3625,3625,null,2.5,null,1450
5000,"PROCAMP CA'N LLANERAS, S.A.",2022→2023,2022,2023,44315,null,prod_ganado,null,191.52,191.52,null,0.084,null,2280
517,"DUPAN, S.L.",2022→2023,2022,2023,73001,null,prod_ganado,null,4760,4760,null,4,null,1190
548,"LA GONDOLA CONSERVAS VEGETALES, S.L.",2022→2023,2022,2023,40000,null,prod_ganado,null,25872,25872,null,23.1,null,1120
9335,THE GUMMY FACTORY B.V.,2022→2023,2022,2023,61229,null,sin_actividad,null,0,0,null,0.002,null,0
9455,"BORRAS CACAO, S.A.",2022→2023,2022,2023,65030,null,prod_ganado,null,16544.26,16544.26,null,14.167,null,1167.8
1253,"HORCHATA EL COSECHERO, S.L.",2022→2023,2022,2023,7300005081,null,prod_ganado,null,111936,111936,null,105.6,null,1060
3478,"APICOLA LA PARRA, S.L.U.",2022→2023,2022,2023,44301,null,prod_ganado,null,91575,91575,null,101,null,906.68
6251,"MIX PAK SYSTEM, S.L.",2022→2023,2022,2023,61200,null,sin_actividad,null,0,0,null,0.001,null,0
1918,"OLIVA SANTOS, CASTOR",2022→2023,2022,2023,44314,null,prod_ganado,null,2304.75,2304.75,null,1.05,null,2195
9202,"NAVARRO PALLARES, ROBERTO",2022→2023,2022,2023,44315,null,prod_ganado,null,702.24,702.24,null,0.308,null,2280
3543,"J.J. ROBLES BORREGO, S.L.",2022→2023,2022,2023,7300039291,null,prod_ganado,null,82658,82658,null,84.1,null,982.85
1832,"SIERRAS ANDALUZAS, S.C.A.",2022→2023,2022,2023,7200017111,null,prod_ganado,null,22080,22080,null,24,null,920
1661,"DELAVIUDA ALIMENTACION, S.A",2022→2023,2022,2023,7400004011,null,prod_ganado,null,13726.86,13726.86,null,12.18,null,1127
9221,ZYGOUROPOULOS,2022→2023,2022,2023,43000,null,sin_actividad,null,0,0,null,0.001,null,0
7379,"EARTH-MIND BUSINESS GROUP, S.L.",2022→2023,2022,2023,61207,null,prod_ganado,null,115557.54,115557.54,null,75.38,null,1533
9563,INVESTMENT CROSS TRADING S.L.U.,2022→2023,2022,2023,7300039291,null,sin_actividad,null,0,0,null,0.001,null,0
4244,"GYG ENVASADOS Y ESTUCHADOS, S.L.",2022→2023,2022,2023,7600004011,null,prod_ganado,null,16947,16947,null,12.6,null,1345
4881,"MESEGUER RODES, ANTONIO",2022→2023,2022,2023,62001,null,prod_ganado,null,270,270,null,0.25,null,1080
471,"FADICAMO, S.A.",2022→2023,2022,2023,7300005081,null,prod_ganado,null,65685,65685,null,57,null,1152.37
5045,"DADELOS AGRICOLA, S.L.",2022→2023,2022,2023,7300039291,null,prod_ganado,null,24840,24840,null,23,null,1080
5523,"ADDKEM SPECIALTIES, S.L.U.",2022→2023,2022,2023,40030,null,prod_ganado,null,32.5,32.5,null,0.025,null,1300
261,"EZTIKIDETZA, S.A.T.",2022→2023,2022,2023,62001,null,prod_ganado,null,3922,3922,null,3.85,null,1018.7
9565,NORDIK BUCKFAST,2022→2023,2022,2023,62001,null,sin_actividad,null,0,0,null,0.001,null,0
827,"TOMAS JIMENEZ, IGNACIO GERMAN",2022→2023,2022,2023,7300037021,null,prod_ganado,null,297.5,297.5,null,0.25,null,1190
6267,"JUMEL ALIMENTARIA, S.A.",2022→2023,2022,2023,7300039291,null,prod_ganado,null,35525,35525,null,35,null,1015
1956,"MARSHMALLOWS INTERNATIONAL, S.L.U.",2022→2023,2022,2023,7300007131,null,prod_ganado,null,24190.6,24190.6,null,25.9,null,934
1908,"JAKE, S.A.",2022→2023,2022,2023,60214,null,prod_ganado,null,3432,3432,null,2.4,null,1430
7189,"PASTISART IBERIA, S.L.U",2022→2023,2022,2023,40000,null,sin_actividad,null,0,0,null,0.001,null,0
4383,"MANUFRI, S.L.",2022→2023,2022,2023,61228,null,sin_actividad,null,0,0,null,0.001,null,0
433,"SANCHIS MIRA, S.A.",2022→2023,2022,2023,62444,null,prod_ganado,null,214029.18,214029.18,null,133.02,null,1609
4507,"ALMACEN DE CONFITERIA Y PASTELERIA, S.L.",2022→2023,2022,2023,62400,null,prod_ganado,null,5380.72,5380.72,null,4.155,null,1295
8432,"NAVARRO GIMENO, VICENTE ",2022→2023,2022,2023,62001,null,prod_ganado,null,38.64,38.64,null,0.028,null,1380
769,"ANGEL CAMACHO ALIMENTACION, S.L.",2022→2023,2022,2023,7300005081,null,prod_ganado,null,135600,135600,null,120,null,1130
599,"KARSAN, C.B.",2022→2023,2022,2023,73001,null,prod_ganado,null,1020,1020,null,1,null,1020
535,"FRIMAR PANADEROS, S.L.",2022→2023,2022,2023,7300037021,null,prod_ganado,null,32437,32437,null,29.2,null,1110.86
9265,"CUCCOVILLO, GUIDO ",2022→2023,2022,2023,44314,null,prod_ganado,null,96.23,96.23,null,0.045,null,2138.44
7868,GENBA TASTE,2022→2023,2022,2023,61229,null,sin_actividad,null,0,0,null,0.001,null,0
1747,"FRUIT TECH NATURAL, S.A.",2022→2023,2022,2023,7300039291,null,prod_ganado,null,21945,21945,null,23.1,null,950
435,"R. MARSILLA, S.A.",2022→2023,2022,2023,7300005081,null,prod_ganado,null,10800,10800,null,10,null,1080
9067,"SCHREIBER FOODS ESPAÑA, S.L.",2022→2023,2022,2023,7300039291,null,prod_ganado,null,1136252.84,1136252.84,null,1099.86,null,1033.09
8795,"ADISTAFARMA, S.L.",2022→2023,2022,2023,43000,null,prod_ganado,null,5962.98,5962.98,null,4.004,null,1489.26
330,"PASTELERIA LOS MELLIZOS, S.L.",2022→2023,2022,2023,7200017111,null,prod_ganado,null,9600,9600,null,9.6,null,1000
595,"ROSCRIS BENIOPA, S.L",2022→2023,2022,2023,7400002031,null,prod_ganado,null,7616,7616,null,6.4,null,1190
4031,"ESPECIALITATS M. MASDEU, S.L.",2022→2023,2022,2023,44015,null,prod_ganado,null,1782,1782,null,1.2,null,1485
535,"FRIMAR PANADEROS, S.L.",2022→2023,2022,2023,43101,null,prod_ganado,null,2327,2327,null,1.3,null,1790
6043,COOPERATIVE APICOLE DU JURA,2022→2023,2022,2023,44313,null,prod_ganado,null,12348,12348,null,8.4,null,1470
1247,"TURRONES Y ESPECIALIDADES VIAR, S.A.",2022→2023,2022,2023,43101,null,prod_ganado,null,5838.3,5838.3,null,3.9,null,1497
4002,"ABB MJ FERNANDEZ ARANDA, S.L.",2022→2023,2022,2023,7600010012,null,prod_ganado,null,1695,1695,null,1,null,1695
494,"KING REGAL, S.A.",2022→2023,2022,2023,62150,null,sin_actividad,null,0,0,null,0.001,null,0
401,"SOLER GIMENO, S.L.",2022→2023,2022,2023,7600010012,null,prod_ganado,null,17052.5,17052.5,null,9.5,null,1795
1661,"DELAVIUDA ALIMENTACION, S.A",2022→2023,2022,2023,61218,null,sin_actividad,null,0,0,null,0.001,null,0
405,"CHOVI, S.L.",2022→2023,2022,2023,7300005081,null,prod_ganado,null,54697.5,54697.5,null,49.5,null,1105
9222,"BODEGAS LA VEREDA TIERRA Y VINOS, S.L.",2022→2023,2022,2023,60207,null,prod_ganado,null,4894.4,4894.4,null,3.68,null,1330
9222,"BODEGAS LA VEREDA TIERRA Y VINOS, S.L.",2022→2023,2022,2023,60105,null,prod_ganado,null,1893.6,1893.6,null,1.2,null,1578
7132,"STENGER, S.A.",2022→2023,2022,2023,42001,null,prod_ganado,null,4562.5,4562.5,null,2.5,null,1825
1241,"ACEITES DEL SUR-COOSUR, S.A.",2022→2023,2022,2023,7300039291,null,prod_ganado,null,95712,95712,null,96,null,997
9155,"CRESTAS LA GALETA, S.A.",2022→2023,2022,2023,40016,null,prod_ganado,null,341121.06,341121.06,null,284.98,null,1197
7972,MOCHI LUXURY S.L,2022→2023,2022,2023,60105,null,prod_ganado,null,3353.4,3353.4,null,2.484,null,1350
6468,"DULCES LA CARTUJA, S.L.",2022→2023,2022,2023,7800013151,null,prod_ganado,null,303.2,303.2,null,0.2,null,1516
321,"PRODUCTOS PEPITO, S.L.U.",2022→2023,2022,2023,7300005081,null,prod_ganado,null,28478.1,28478.1,null,26.76,null,1064.2
517,"DUPAN, S.L.",2022→2023,2022,2023,61228,null,sin_actividad,null,0,0,null,0.003,null,0
3156,"FINI GOLOSINAS ESPAÑA, S.L.U.",2022→2023,2022,2023,40013,null,sin_actividad,null,0,0,null,0.001,null,0
7379,"EARTH-MIND BUSINESS GROUP, S.L.",2022→2023,2022,2023,61278,null,prod_ganado,null,113881.7,113881.7,null,99.46,null,1145
1787,"DULCES DEL TURIA, S.L.",2022→2023,2022,2023,60105,null,prod_ganado,null,3576,3576,null,2.4,null,1490
2887,"BIOSEARCH, S.A.U.",2022→2023,2022,2023,62150,null,sin_actividad,null,0,0,null,0.002,null,0
528,"MANUFACTURAS COVISAL, S.L.",2022→2023,2022,2023,40030,null,prod_ganado,null,2484,2484,null,1.8,null,1380
734,"HORCHATAS MERCADER,S.L.",2022→2023,2022,2023,7300005081,null,prod_ganado,null,28080,28080,null,24,null,1170
6041,"AGROLLAVOR SUPERVERT, S.L.",2022→2023,2022,2023,44310,null,prod_ganado,null,459,459,null,0.3,null,1530
9206,"TRIAS GALLETES-BISCUITS, S.A.",2022→2023,2022,2023,7300005081,null,prod_ganado,null,28248.22,28248.22,null,26.18,null,1079
7164,"FELIX SOLIS, S.L.",2022→2023,2022,2023,60105,null,sin_actividad,null,0,0,null,0.001,null,0
7189,"PASTISART IBERIA, S.L.U",2022→2023,2022,2023,7230007131,null,sin_actividad,null,0,0,null,0.001,null,0
2966,"CARRASCO CANDELAS, JULIA",2022→2023,2022,2023,62001,null,prod_ganado,null,386.4,386.4,null,0.28,null,1380
9091,"STOLLER EUROPE, S.L.U.",2022→2023,2022,2023,7300016111,null,prod_ganado,null,22990,22990,null,22,null,1045
481,"EL CATETO, S.L.",2022→2023,2022,2023,7300016111,null,prod_ganado,null,5850,5850,null,5,null,1170
8990,"HERREIZ MASEGOSA, GERMAN",2022→2023,2022,2023,44313,null,prod_ganado,null,69.75,69.75,null,0.045,null,1550
7972,MOCHI LUXURY S.L,2022→2023,2022,2023,44200,null,prod_ganado,null,29794.5,29794.5,null,22.07,null,1350
440,"MAZAPANES Y DULCES DE TOLEDO, S.A.",2022→2023,2022,2023,40000,null,prod_ganado,null,25200,25200,null,24,null,1050
2722,"BUDENHEIM IBERICA, S.L.U.",2022→2023,2022,2023,73001,null,prod_ganado,null,1190,1190,null,1,null,1190
405,"CHOVI, S.L.",2022→2023,2022,2023,7500004011,null,prod_ganado,null,11050,11050,null,10,null,1105
9044,YAMA PRODUCTS B.V.,2022→2023,2022,2023,7500004011,null,prod_ganado,null,32060,32060,null,22.9,null,1400
6981,"VALLE MARTOS, ANTONIO JESUS",2022→2023,2022,2023,62400,null,prod_ganado,null,1555.2,1555.2,null,0.96,null,1620
3023,DIST. Y REPR. JOSE MIGUEL S.L.U.,2022→2023,2022,2023,7500004011,null,prod_ganado,null,26001,26001,null,24.3,null,1070
775,"NATRA CACAO,S.L.",2022→2023,2022,2023,7300007131,null,prod_ganado,null,27153,27153,null,25.86,null,1050
1854,"ROYPAS BY NUTRIS, S.A.",2022→2023,2022,2023,7300005081,null,prod_ganado,null,105510.3,105510.3,null,94.1,null,1121.26
4002,"ABB MJ FERNANDEZ ARANDA, S.L.",2022→2023,2022,2023,7300016111,null,prod_ganado,null,60619,60619,null,57,null,1063.49
3855,"APIFERSA APICOLA, S.L.",2022→2023,2022,2023,44302,null,prod_ganado,null,1750,1750,null,1.25,null,1400
7874,"SUGAR GLOBAL TRADING, S.L.",2022→2023,2022,2023,49006,null,prod_ganado,null,8500,8500,null,10,null,850
8621,"JUAN FERRI, JUAN JOSE",2022→2023,2022,2023,40025,null,prod_ganado,null,660,660,null,0.5,null,1320
577,"FARTONS POLO, S.L.",2022→2023,2022,2023,7300016111,null,prod_ganado,null,25369,25369,null,23,null,1103
9469,FLOURMILLS THRAKIS I OUZOUNOPOULOS SA,2022→2023,2022,2023,7840046301,null,prod_ganado,null,23870,23870,null,22,null,1085
933,"DULCESTEPA, S.A.",2022→2023,2022,2023,7300039291,null,prod_ganado,null,44492,44492,null,45.4,null,980
595,"ROSCRIS BENIOPA, S.L",2022→2023,2022,2023,7110009141,null,prod_ganado,null,4920,4920,null,4,null,1230
1970,"GONZALEZ FERNANDEZ, JOSE",2022→2023,2022,2023,62000,null,prod_ganado,null,6900,6900,null,6,null,1150
7535,"DULCES LA RONDEÑA, S.L.",2022→2023,2022,2023,7300039291,null,prod_ganado,null,21934,21934,null,22,null,997
197,"J. GARCIA CARRION, S.A.",2022→2023,2022,2023,60000,null,sin_actividad,null,0,0,null,0.001,null,0
582,"HIJOS DE SALVADOR COSTA, S.L.",2022→2023,2022,2023,40207,null,prod_ganado,null,1924,1924,null,1.3,null,1480
422,"HERMANOS LOPEZ LLORET, S.A.",2022→2023,2022,2023,7300039291,null,prod_ganado,null,105553.2,105553.2,null,102.53,null,1029.49
8247,"ALLJUICEMED, S.L.",2022→2023,2022,2023,61280,null,prod_ganado,null,1571472.84,1571472.84,null,1600.108,null,982.1
4701,"BROCAL OBRADOR Y RESTAURACION, S.L.",2022→2023,2022,2023,40030,null,prod_ganado,null,1080,1080,null,0.9,null,1200
8532,"LINARES NAVARRO, SERGIO",2022→2023,2022,2023,44310,null,prod_ganado,null,252.45,252.45,null,0.165,null,1530
9157,"MAK FOOD COMPANY, S.L.",2022→2023,2022,2023,61292,null,sin_actividad,null,0,0,null,0.01,null,0
3711,"DEL MORAL MARTINEZ, ANTONIO",2022→2023,2022,2023,44310,null,prod_ganado,null,459,459,null,0.3,null,1530
6465,"ANSUATEGUI GONZALEZ, JAVIER",2022→2023,2022,2023,44313,null,prod_ganado,null,3058.5,3058.5,null,1.95,null,1568.46
1196,"ESTUCHADOS JUCAR, S.L.U.",2022→2023,2022,2023,7300005081,null,prod_ganado,null,24600,24600,null,24,null,1025
7026,"AJA MORCHON SALAMANCA, S.L.",2022→2023,2022,2023,7500004011,null,prod_ganado,null,25272,25272,null,24.3,null,1040
3921,"IBERFRUTA MUERZA, S.A.",2022→2023,2022,2023,7800013151,null,prod_ganado,null,5100,5100,null,5,null,1020
566,"ALMACENES MIGUEZ 2005,S.L.",2022→2023,2022,2023,44301,null,prod_ganado,null,11620,11620,null,11,null,1056.36
283,"BOLLERIA BJV, S.L.",2022→2023,2022,2023,7300039291,null,prod_ganado,null,103570.8,103570.8,null,101.54,null,1020
4469,"SEÑORIO DE BARAHONDA, S.L.",2022→2023,2022,2023,7300037021,null,prod_ganado,null,28725.4,28725.4,null,24.2,null,1187
7714,"MASIA EL CARMEN, S.L.",2022→2023,2022,2023,42000,null,prod_ganado,null,90,90,null,0.05,null,1800
734,"HORCHATAS MERCADER,S.L.",2022→2023,2022,2023,40030,null,prod_ganado,null,8424,8424,null,7.2,null,1170
592,"FRAMAJOVA, S.L",2022→2023,2022,2023,60105,null,prod_ganado,null,5256,5256,null,3.6,null,1460
9520,"GOLOSINAS MININOLAS, S.L.U.",2022→2023,2022,2023,44120,null,sin_actividad,null,0,0,null,0.001,null,0
8962,"QUEROL ADELL, RAUL",2022→2023,2022,2023,62001,null,prod_ganado,null,193.2,193.2,null,0.14,null,1380
9544,"TORRES LÓPEZ, RAUL",2022→2023,2022,2023,62001,null,prod_ganado,null,128,128,null,0.1,null,1280
6468,"DULCES LA CARTUJA, S.L.",2022→2023,2022,2023,40206,null,prod_ganado,null,303.2,303.2,null,0.2,null,1516
9274,SUSTAINABLE APIARIES,2022→2023,2022,2023,44315,null,prod_ganado,null,1848,1848,null,0.84,null,2200
3479,"LA TAHONA DE UTIEL, S.L.",2022→2023,2022,2023,43101,null,prod_ganado,null,14456,14456,null,10.4,null,1390
436,"TURRONES JOSE GARRIGOS, S.A.",2022→2023,2022,2023,7300039291,null,sin_actividad,null,0,0,null,0,null,null
9255,SAS LA CIGALE DOREE,2022→2023,2022,2023,61228,null,sin_actividad,null,0,0,null,0.001,null,0
9221,ZYGOUROPOULOS,2022→2023,2022,2023,44313,null,sin_actividad,null,0,0,null,0.002,null,0
546,"E.MORENO, S.L.",2022→2023,2022,2023,7400002031,null,prod_ganado,null,23520,23520,null,24,null,980
9267,"HORTICULTURA TECNICA AVANZADA, S.L.",2022→2023,2022,2023,44015,null,sin_actividad,null,0,0,null,0.001,null,0
9457,"NEULES ARTESANES SANT TIRS, S.L.",2022→2023,2022,2023,7400004011,null,prod_ganado,null,2170,2170,null,2,null,1085
353,"QUALITY SPICES, S.L.",2022→2023,2022,2023,62070,null,sin_actividad,null,0,0,null,0.001,null,0
8247,"ALLJUICEMED, S.L.",2022→2023,2022,2023,61284,null,prod_ganado,null,1171019.16,1171019.16,null,1143.96,null,1023.65
1629,"MANZANERA GARCIA, JERONIMO ",2022→2023,2022,2023,41000,null,prod_ganado,null,107.85,107.85,null,0.075,null,1438
2909,"MANIPULADOS DE CEBOLLAS Y DERIVADOS, S.L.",2022→2023,2022,2023,60105,null,sin_actividad,null,0,0,null,0.001,null,0
7787,"ONES MAY SABORES, S.L",2022→2023,2022,2023,7500004011,null,prod_ganado,null,8604,8604,null,7.2,null,1195
614,"MANUFACTURAS TABERNER,S.A.",2022→2023,2022,2023,7500004011,null,prod_ganado,null,15220.8,15220.8,null,12.6,null,1208
7867,"SINBLAT ALIMENTACION SALUDABLE, S.L.",2022→2023,2022,2023,73001,null,prod_ganado,null,11751.25,11751.25,null,9.876,null,1189.88
517,"DUPAN, S.L.",2022→2023,2022,2023,7300039291,null,prod_ganado,null,9520,9520,null,8,null,1190
7440,"LOPEZ FOOD GROUP, S.L.",2022→2023,2022,2023,7300016111,null,prod_ganado,null,50462,50462,null,46,null,1097
542,"SDAD.ESPAÑOLA COLOR. NATURALES Y AFINES, S.A.U.",2022→2023,2022,2023,7400002031,null,prod_ganado,null,23734.8,23734.8,null,22.8,null,1041
2917,"CARAMEL FOOD, S.L.",2022→2023,2022,2023,40103,null,prod_ganado,null,377,377,null,0.3,null,1256.67
9329,"TORRALBA CARRION, CESAR",2022→2023,2022,2023,44315,null,prod_ganado,null,31.92,31.92,null,0.014,null,2280
4852,"ABELLAIRES EMPORDANESOS, S.A.T.",2022→2023,2022,2023,44301,null,prod_ganado,null,119,119,null,0.1,null,1190
6338,CENTRO NAC. TECNOLOGIA Y SEGURIDAD ALIMENTARIA,2022→2023,2022,2023,44110,null,sin_actividad,null,0,0,null,0.015,null,0
9390,FINN SPRING OY,2022→2023,2022,2023,41002,null,prod_ganado,null,37840,37840,null,22,null,1720
6521,"AGROINDUSTRIAL KIMITEC, S.L.",2022→2023,2022,2023,40206,null,prod_ganado,null,1.43,1.43,null,0.001,null,1430
595,"ROSCRIS BENIOPA, S.L",2022→2023,2022,2023,73001,null,prod_ganado,null,2380,2380,null,2,null,1190
4002,"ABB MJ FERNANDEZ ARANDA, S.L.",2022→2023,2022,2023,7110009141,null,prod_ganado,null,135,135,null,0.1,null,1350
378,"FRIDUL, S.A.",2022→2023,2022,2023,62401,null,sin_actividad,null,0,0,null,0.015,null,0
3022,"LACTEOS DE NAVARRA, S.L.",2022→2023,2022,2023,40000,null,sin_actividad,null,0,0,null,0.001,null,0
246,"CAMPO BETICA, S.L.",2022→2023,2022,2023,43150,null,prod_ganado,null,9909,9909,null,5.4,null,1835
198,"JOSE SANDOVAL, S.L.U.",2022→2023,2022,2023,43003,null,prod_ganado,null,1729,1729,null,1.3,null,1330
8888,"N. KRALLIS, S.A.",2022→2023,2022,2023,61229,null,prod_ganado,null,2747.4,2747.4,null,0.3,null,9158
7787,"ONES MAY SABORES, S.L",2022→2023,2022,2023,61228,null,sin_actividad,null,0,0,null,0.001,null,0
5373,"VERTICE DE INNOVACION Y DESAR.DE ALIMENTOS, S.A.U.",2022→2023,2022,2023,60118,null,prod_ganado,null,86981.4,86981.4,null,95.76,null,908.33
461,"PRODUCTOS JESUS, S.L.",2022→2023,2022,2023,7400002031,null,prod_ganado,null,24408,24408,null,24,null,1017
3658,"NAVALON FERRER, CRISTIAN",2022→2023,2022,2023,44301,null,prod_ganado,null,1250,1250,null,1,null,1250
4567,"CARBONELL ANTICH, MARIA GRACIA",2022→2023,2022,2023,40206,null,prod_ganado,null,112.5,112.5,null,0.075,null,1500
1832,"SIERRAS ANDALUZAS, S.C.A.",2022→2023,2022,2023,44303,null,prod_ganado,null,4375,4375,null,2.5,null,1750
4329,"ZAFRA SANTILLANA, ELOY",2022→2023,2022,2023,44314,null,prod_ganado,null,1290,1290,null,0.645,null,2000
396,"AGROTRANSFORMADOS, S.A.",2022→2023,2022,2023,7300039291,null,prod_ganado,null,94848,94848,null,97.3,null,974.8
9273,"AGROQUIMICA CODIAGRO, S.L.",2022→2023,2022,2023,40000,null,prod_ganado,null,3828,3828,null,3.3,null,1160
7612,DPTO. COMERCIAL,2022→2023,2022,2023,61228,null,sin_actividad,null,0,0,null,0.001,null,0
6467,"CATALINA FOOD SOLUTIONS, S.L.",2022→2023,2022,2023,7110009141,null,sin_actividad,null,0,0,null,0.005,null,0
2744,"VAÑO BODI, ENRIQUE",2022→2023,2022,2023,44313,null,prod_ganado,null,69.75,69.75,null,0.045,null,1550
542,"SDAD.ESPAÑOLA COLOR. NATURALES Y AFINES, S.A.U.",2022→2023,2022,2023,7300039291,null,prod_ganado,null,279404.4,279404.4,null,268.4,null,1041
2081,"ZUMOS Y FRUTAS CONCENTRADOS, S.L.",2022→2023,2022,2023,61280,null,prod_ganado,null,504172.28,504172.28,null,507.38,null,993.68
3921,"IBERFRUTA MUERZA, S.A.",2022→2023,2022,2023,7300037021,null,prod_ganado,null,213180,213180,null,209,null,1020
2081,"ZUMOS Y FRUTAS CONCENTRADOS, S.L.",2022→2023,2022,2023,61248,null,prod_ganado,null,55741.28,55741.28,null,50.72,null,1099
440,"MAZAPANES Y DULCES DE TOLEDO, S.A.",2022→2023,2022,2023,43101,null,prod_ganado,null,7644,7644,null,5.2,null,1470
9575,"GREEN BEVERAGES ESPAÑA, SL",2022→2023,2022,2023,40207,null,prod_ganado,null,810,810,null,0.6,null,1350
5746,GIMENO MADRID. JESUS MANUEL,2022→2023,2022,2023,44315,null,prod_ganado,null,110.88,110.88,null,0.056,null,1980
9205,"ALEPUZ CAÑIGUERAL, JORGE",2022→2023,2022,2023,62001,null,prod_ganado,null,695.52,695.52,null,0.504,null,1380
496,"BODEGAS Y DESTILERIAS VIDAL, S.L.",2022→2023,2022,2023,60000,null,sin_actividad,null,0,0,null,0.001,null,0
2180,"AURUM PROCESS TECHNOLOGY, S.L.",2022→2023,2022,2023,61272,null,prod_ganado,null,1292.63,1292.63,null,1.125,null,1149
9524,"PRONAT, S.C.",2022→2023,2022,2023,62150,null,sin_actividad,null,0,0,null,0.001,null,0
893,"FERRE LLABERIA, ROSA",2022→2023,2022,2023,60200,null,sin_actividad,null,0,0,null,0.001,null,0
450,"LA FLOR BURGALESA, S.L.",2022→2023,2022,2023,7810033151,null,prod_ganado,null,17808,17808,null,11.2,null,1590
9157,"MAK FOOD COMPANY, S.L.",2022→2023,2022,2023,40003,null,prod_ganado,null,5680,5680,null,4,null,1420
7634,"MARTINEZ MIRANDA, JOSE JAVIER",2022→2023,2022,2023,44313,null,prod_ganado,null,767.25,767.25,null,0.495,null,1550
259,"EUROGRANIZADOS, S.L.U.",2022→2023,2022,2023,7300016111,null,prod_ganado,null,47940,47940,null,47,null,1020
9157,"MAK FOOD COMPANY, S.L.",2022→2023,2022,2023,7400002031,null,prod_ganado,null,4140,4140,null,4,null,1035
3089,"CANTIN CEBRIAN, JESUS MIGUEL",2022→2023,2022,2023,44310,null,prod_ganado,null,3213,3213,null,2.1,null,1530
522,"MACROSNACKS, S.L.U.",2022→2023,2022,2023,7500004011,null,prod_ganado,null,39139.2,39139.2,null,32.4,null,1208
9194,"HELADOS JOP, S.L.",2022→2023,2022,2023,42000,null,prod_ganado,null,2300,2300,null,1.25,null,1840
4002,"ABB MJ FERNANDEZ ARANDA, S.L.",2022→2023,2022,2023,65015,null,prod_ganado,null,4668.3,4668.3,null,3.9,null,1197
266,"IBER COCKTAIL, S.L.",2022→2023,2022,2023,40030,null,prod_ganado,null,704,704,null,0.5,null,1408
4187,"AMILCAR & MORGADO, LDA",2022→2023,2022,2023,7200017111,null,sin_actividad,null,0,0,null,0.05,null,0
9134,"VOLTEC ELECTRO SISTEMES, S.L.",2022→2023,2022,2023,7200017111,null,sin_actividad,null,0,0,null,0.05,null,0
7558,HARINAS CASTILLA LA MANCHA S.L,2022→2023,2022,2023,43003,null,prod_ganado,null,15464.8,15464.8,null,10.4,null,1487
4767,"CAMAÑAS QUEROL, JOSE EVELIO",2022→2023,2022,2023,44310,null,prod_ganado,null,596.7,596.7,null,0.39,null,1530
9319,"TRATAMIENTOS BIO-ECOLOGICOS, S.A.",2022→2023,2022,2023,61255,null,sin_actividad,null,0,0,null,0.001,null,0
4505,"FIESTA COLOMBINA, S.L.U.",2022→2023,2022,2023,7600004011,null,prod_ganado,null,13780.8,13780.8,null,9.9,null,1392
1072,"GALVAN FERNANDEZ HERMANOS, S.L.",2022→2023,2022,2023,7300037021,null,prod_ganado,null,78408,78408,null,72.6,null,1080
494,"KING REGAL, S.A.",2022→2023,2022,2023,40000,null,sin_actividad,null,0,0,null,0.001,null,0
9113,"VILLAR MARTINEZ, CLAUDIO",2022→2023,2022,2023,44315,null,prod_ganado,null,63.84,63.84,null,0.028,null,2280
1854,"ROYPAS BY NUTRIS, S.A.",2022→2023,2022,2023,43101,null,prod_ganado,null,60603.4,60603.4,null,33.8,null,1793
7164,"FELIX SOLIS, S.L.",2022→2023,2022,2023,60131,null,sin_actividad,null,0,0,null,0.001,null,0
9520,"GOLOSINAS MININOLAS, S.L.U.",2022→2023,2022,2023,43000,null,sin_actividad,null,0,0,null,0.001,null,0
2216,"APIHURDES, S.COOP.",2022→2023,2022,2023,44310,null,prod_ganado,null,35844.9,35844.9,null,27.3,null,1313
2917,"CARAMEL FOOD, S.L.",2022→2023,2022,2023,7110009141,null,prod_ganado,null,128,128,null,0.1,null,1280
8843,"SAIZ MARTINEZ, RUBEN",2022→2023,2022,2023,62001,null,prod_ganado,null,38.64,38.64,null,0.028,null,1380
1854,"ROYPAS BY NUTRIS, S.A.",2022→2023,2022,2023,7200029121,null,prod_ganado,null,507184.06,507184.06,null,468.314,null,1083
9335,THE GUMMY FACTORY B.V.,2022→2023,2022,2023,61200,null,sin_actividad,null,0,0,null,0.01,null,0
7115,"RIVERBEND ESPAÑA, S.A",2022→2023,2022,2023,99950,null,sin_actividad,null,0,0,null,0.004,null,0
734,"HORCHATAS MERCADER,S.L.",2022→2023,2022,2023,42000,null,prod_ganado,null,4500,4500,null,2.5,null,1800
215,"MARTIN BRAUN, S.A.",2022→2023,2022,2023,65007,null,prod_ganado,null,1994.4,1994.4,null,1.8,null,1108
3855,"APIFERSA APICOLA, S.L.",2022→2023,2022,2023,40000,null,prod_ganado,null,12826,12826,null,12.1,null,1060
1314,"MANUFACTURAS PIBERNAT, S.L.",2022→2023,2022,2023,7300008021,null,prod_ganado,null,13440,13440,null,12,null,1120
6153,"RUBIO CERCOS, JOSE",2022→2023,2022,2023,44315,null,prod_ganado,null,110.88,110.88,null,0.056,null,1980
516,"PAIARROP, S.L.",2022→2023,2022,2023,7400048311,null,prod_ganado,null,24955,24955,null,23,null,1085
8532,"LINARES NAVARRO, SERGIO",2022→2023,2022,2023,73001,null,prod_ganado,null,300,300,null,0.25,null,1200
595,"ROSCRIS BENIOPA, S.L",2022→2023,2022,2023,7400048311,null,prod_ganado,null,4284,4284,null,3.6,null,1190
430,"MONZO LUIS, S.L.",2022→2023,2022,2023,7300005081,null,prod_ganado,null,78323.4,78323.4,null,68.94,null,1136.11
902,"MEMBRILLO EL QUIJOTE, S.A.",2022→2023,2022,2023,41000,null,prod_ganado,null,18687.5,18687.5,null,11.25,null,1661.11
4406,"BELMAR GRAU, JONATAN",2022→2023,2022,2023,62020,null,prod_ganado,null,286,286,null,0.25,null,1144
7115,"RIVERBEND ESPAÑA, S.A",2022→2023,2022,2023,61292,null,prod_ganado,null,44815.2,44815.2,null,26.3,null,1704
9453,"COMERCIAL ALPAMATIAN, S.L.",2022→2023,2022,2023,44015,null,prod_ganado,null,1956,1956,null,1.2,null,1630
7189,"PASTISART IBERIA, S.L.U",2022→2023,2022,2023,40016,null,prod_ganado,null,44.04,44.04,null,0.08,null,550.5
2303,"ANTONIO VILLORIA, S.A.",2022→2023,2022,2023,43150,null,sin_actividad,null,0,0,null,0.001,null,0
9194,"HELADOS JOP, S.L.",2022→2023,2022,2023,41000,null,prod_ganado,null,7237.5,7237.5,null,3.75,null,1930
555,"FORTADUL, S.L.",2022→2023,2022,2023,7300008021,null,prod_ganado,null,47640,47640,null,48,null,992.5
4002,"ABB MJ FERNANDEZ ARANDA, S.L.",2022→2023,2022,2023,7300007131,null,prod_ganado,null,24960,24960,null,24,null,1040
9319,"TRATAMIENTOS BIO-ECOLOGICOS, S.A.",2022→2023,2022,2023,44015,null,sin_actividad,null,0,0,null,0.001,null,0
5936,"MORANTE SIERRA, JOSE IGNACIO",2022→2023,2022,2023,62001,null,prod_ganado,null,1068.12,1068.12,null,0.989,null,1080
1284,"FRUTAS Y TURRONES, S.A.",2022→2023,2022,2023,7300007131,null,prod_ganado,null,8800,8800,null,8,null,1100
8177,"LESAFFRE IBERIA, S.A.",2022→2023,2022,2023,7220032231,null,sin_actividad,null,0,0,null,0.002,null,0
7022,"FRUTOS SECOS EMPERADOR, S.L.",2022→2023,2022,2023,7300039291,null,prod_ganado,null,4760,4760,null,4,null,1190
9589,LARES GLOBAL,2022→2023,2022,2023,60011,null,sin_actividad,null,0,0,null,0.001,null,0
769,"ANGEL CAMACHO ALIMENTACION, S.L.",2022→2023,2022,2023,7300016111,null,prod_ganado,null,135600,135600,null,120,null,1130
582,"HIJOS DE SALVADOR COSTA, S.L.",2022→2023,2022,2023,7400014061,null,prod_ganado,null,84960,84960,null,72,null,1180
4757,"COMPAÑIA EXPORTADORA DE AZAFRAN ESPAÑOL, S.A.",2022→2023,2022,2023,40016,null,prod_ganado,null,27301,27301,null,23,null,1187
445,"PASTELERIA ARROYO SANCHEZ, S.L.U.",2022→2023,2022,2023,7300005081,null,prod_ganado,null,101640,101640,null,93.5,null,1087.06
9238,SAS LA FABRIQUE QUI PIQUE,2022→2023,2022,2023,44310,null,prod_ganado,null,706.5,706.5,null,0.45,null,1570
546,"E.MORENO, S.L.",2022→2023,2022,2023,7300037021,null,prod_ganado,null,75680,75680,null,70.4,null,1075
9272,FIRMENICH BELGIUM S.A,2022→2023,2022,2023,60224,null,prod_ganado,null,27633.45,27633.45,null,19.15,null,1443
577,"FARTONS POLO, S.L.",2022→2023,2022,2023,7300039291,null,prod_ganado,null,74740,74740,null,74,null,1010
1305,"A. CENTAZZI, LDA",2022→2023,2022,2023,7110004241,null,prod_ganado,null,15000,15000,null,12.001,null,1249.9
734,"HORCHATAS MERCADER,S.L.",2022→2023,2022,2023,40000,null,prod_ganado,null,131508,131508,null,112.4,null,1170
9551,"FRUTOS SECOS SANTA BÁRBARA, S.L.",2022→2023,2022,2023,60105,null,sin_actividad,null,0,0,null,0.003,null,0
4587,"CARMAX GLASS, S.L.",2022→2023,2022,2023,44310,null,prod_ganado,null,4567.5,4567.5,null,3.15,null,1450
9183,"VIVER KOMBUCHA, S.L.",2022→2023,2022,2023,40206,null,prod_ganado,null,23526,23526,null,18,null,1307
7022,"FRUTOS SECOS EMPERADOR, S.L.",2022→2023,2022,2023,73001,null,prod_ganado,null,2380,2380,null,2,null,1190
8260,OBRADOR HERMANOS HIGON S.L.U.,2022→2023,2022,2023,7800013151,null,prod_ganado,null,1287,1287,null,0.975,null,1320
9460,"COMERCIAL APIROSSEND, S.L.",2022→2023,2022,2023,44313,null,prod_ganado,null,9135,9135,null,6.3,null,1450
5061,"ELABORADOS DEL ASON, S.L.",2022→2023,2022,2023,43050,null,prod_ganado,null,61.6,61.6,null,0.025,null,2464
3921,"IBERFRUTA MUERZA, S.A.",2022→2023,2022,2023,7300005081,null,prod_ganado,null,346320,346320,null,333,null,1040
2103,"JOSEFA ESTELLES MAYOR, S.L.",2022→2023,2022,2023,7500004011,null,prod_ganado,null,86238,86238,null,74.7,null,1154.46
595,"ROSCRIS BENIOPA, S.L",2022→2023,2022,2023,40030,null,prod_ganado,null,6993,6993,null,5.4,null,1295
5192,"WORLD WIDE IMPORT EXPORT CO, LTD.",2022→2023,2022,2023,42000,null,prod_ganado,null,1868.75,1868.75,null,1.25,null,1495
9157,"MAK FOOD COMPANY, S.L.",2022→2023,2022,2023,61286,null,prod_ganado,null,25440.5,25440.5,null,24.82,null,1025
9363,"TBMA EUROPE, B.V.",2022→2023,2022,2023,7220030211,null,sin_actividad,null,0,0,null,0.1,null,0
7558,HARINAS CASTILLA LA MANCHA S.L,2022→2023,2022,2023,7300037021,null,prod_ganado,null,104720,104720,null,93.5,null,1120
6151,"FRULACT, S.A.",2022→2023,2022,2023,7220032231,null,sin_actividad,null,0,0,null,0.002,null,0
6467,"CATALINA FOOD SOLUTIONS, S.L.",2022→2023,2022,2023,62150,null,sin_actividad,null,0,0,null,0.001,null,0
3111,"GOMEZ MARTIN, HUGO",2022→2023,2022,2023,44301,null,prod_ganado,null,24744,24744,null,27.6,null,896.52
9121,"PEGAMENTOS ORO, S.L.",2022→2023,2022,2023,44120,null,sin_actividad,null,0,0,null,0.001,null,0
4600,"JALANCINA NATURE, S.L.",2022→2023,2022,2023,40016,null,prod_ganado,null,1200,1200,null,1,null,1200
1314,"MANUFACTURAS PIBERNAT, S.L.",2022→2023,2022,2023,40016,null,prod_ganado,null,14215,14215,null,12.62,null,1126.39
3409,"MAGNOLIA PREMIUM, S.L.",2022→2023,2022,2023,65005,null,prod_ganado,null,15619.5,15619.5,null,13.5,null,1157
3154,"FRIAS NUTRICION, S.A.",2022→2023,2022,2023,60105,null,sin_actividad,null,0,0,null,0.001,null,0
2832,DULCES LA ABUELA COOP VNA,2022→2023,2022,2023,40024,null,prod_ganado,null,23484,23484,null,22.8,null,1030
1956,"MARSHMALLOWS INTERNATIONAL, S.L.U.",2022→2023,2022,2023,7300039291,null,prod_ganado,null,315453.24,315453.24,null,316.98,null,995.18
3921,"IBERFRUTA MUERZA, S.A.",2022→2023,2022,2023,7310004011,null,prod_ganado,null,5510.4,5510.4,null,4.8,null,1148
8476,"ANITIN JEREZ, S.L.U.",2022→2023,2022,2023,7300039291,null,prod_ganado,null,24096,24096,null,24,null,1004
3150,"NAVARRO CRISTOFOL, VICENTE",2022→2023,2022,2023,62001,null,prod_ganado,null,2016.36,2016.36,null,1.867,null,1080
4685,ABEILLE D'AUVERGNE (NATURAPI),2022→2023,2022,2023,44315,null,sin_actividad,null,0,0,null,0.002,null,0
330,"PASTELERIA LOS MELLIZOS, S.L.",2022→2023,2022,2023,40027,null,prod_ganado,null,350,350,null,0.35,null,1000
577,"FARTONS POLO, S.L.",2022→2023,2022,2023,7400048311,null,prod_ganado,null,23230,23230,null,23,null,1010
2684,"INDUSTRIAS JIJONENCAS, S.A.",2022→2023,2022,2023,44015,null,prod_ganado,null,30899.2,30899.2,null,24.14,null,1280
297,"TARBAL FOOD, S.L.",2022→2023,2022,2023,7110009141,null,prod_ganado,null,216,216,null,0.15,null,1440
4852,"ABELLAIRES EMPORDANESOS, S.A.T.",2022→2023,2022,2023,44313,null,prod_ganado,null,727.5,727.5,null,0.48,null,1515.62
9155,"CRESTAS LA GALETA, S.A.",2022→2023,2022,2023,7300007131,null,prod_ganado,null,57456,57456,null,48,null,1197
1741,"APICULTORES DE GUADALAJARA, S.A",2022→2023,2022,2023,62001,null,prod_ganado,null,2436,2436,null,2.4,null,1015
550,"REPOSTERIA PORTA, S.L.",2022→2023,2022,2023,7300007131,null,prod_ganado,null,7490,7490,null,7,null,1070
566,"ALMACENES MIGUEZ 2005,S.L.",2022→2023,2022,2023,42000,null,prod_ganado,null,138,138,null,0.075,null,1840
1143,"AZUCARES ANTOÑIN, S.L.",2022→2023,2022,2023,7300039291,null,prod_ganado,null,47040,47040,null,48,null,980
6048,"BLENDAMA, S.L.",2022→2023,2022,2023,40030,null,prod_ganado,null,1305.22,1305.22,null,0.9,null,1450.24
407,"PRODUCTOS KELMY, S.A.U.",2022→2023,2022,2023,7300005081,null,prod_ganado,null,90160,90160,null,92,null,980
9221,ZYGOUROPOULOS,2022→2023,2022,2023,44314,null,sin_actividad,null,0,0,null,0.002,null,0
5523,"ADDKEM SPECIALTIES, S.L.U.",2022→2023,2022,2023,43101,null,prod_ganado,null,8515,8515,null,6.5,null,1310
2654,"LORENTE TORRELLA, JOSE",2022→2023,2022,2023,44313,null,prod_ganado,null,3255,3255,null,2.1,null,1550
2343,"TULOGIST, S.L.",2022→2023,2022,2023,40000,null,prod_ganado,null,1200,1200,null,1,null,1200
9379,"ASENSIO LOPEZ, MIGUEL",2022→2023,2022,2023,44313,null,prod_ganado,null,348.75,348.75,null,0.225,null,1550
4895,"BARJA BARJA, ANDRES",2022→2023,2022,2023,62001,null,prod_ganado,null,19.32,19.32,null,0.014,null,1380
6467,"CATALINA FOOD SOLUTIONS, S.L.",2022→2023,2022,2023,40260,null,sin_actividad,null,0,0,null,0.001,null,0
484,"PRODUCTOS LA PILARICA, S.A.",2022→2023,2022,2023,7400002031,null,prod_ganado,null,4000,4000,null,3.2,null,1250
2057,"BACK EUROP ESPAÑA, S.L",2022→2023,2022,2023,44131,null,prod_ganado,null,13920,13920,null,9.6,null,1450
4214,"CERVEZA TYRIS, S.L.",2022→2023,2022,2023,42000,null,prod_ganado,null,3128,3128,null,1.7,null,1840
3855,"APIFERSA APICOLA, S.L.",2022→2023,2022,2023,44303,null,prod_ganado,null,2312.5,2312.5,null,1.25,null,1850
418,"MANUFACTURAS CEYLAN, S.L.",2022→2023,2022,2023,7300007131,null,prod_ganado,null,28728,28728,null,24,null,1197
5489,"TECNOLOGIAS APICOLA CASTILBLANCO, S.L.",2022→2023,2022,2023,44336,null,prod_ganado,null,2431.25,2431.25,null,1.25,null,1945
716,"PENALVA ALIMENTACION, S.A.",2022→2023,2022,2023,7300007131,null,prod_ganado,null,28200,28200,null,24,null,1175
546,"E.MORENO, S.L.",2022→2023,2022,2023,7810033151,null,prod_ganado,null,175,175,null,0.1,null,1750
775,"NATRA CACAO,S.L.",2022→2023,2022,2023,7400002031,null,prod_ganado,null,477939,477939,null,455.18,null,1050
775,"NATRA CACAO,S.L.",2022→2023,2022,2023,7300037021,null,prod_ganado,null,594825,594825,null,566.5,null,1050
9155,"CRESTAS LA GALETA, S.A.",2022→2023,2022,2023,41005,null,prod_ganado,null,2371.25,2371.25,null,1.25,null,1897
8641,"GALLETAS GULLÓN, S.A.",2022→2023,2022,2023,99950,null,sin_actividad,null,0,0,null,0.003,null,0
7115,"RIVERBEND ESPAÑA, S.A",2022→2023,2022,2023,40030,null,prod_ganado,null,100.35,100.35,null,0.075,null,1338
1751,"ANTONIO ARRAEZ, S.L",2022→2023,2022,2023,60105,null,prod_ganado,null,6336,6336,null,4.8,null,1320
7726,"ANKER FOOD, S.L.",2022→2023,2022,2023,7300005081,null,prod_ganado,null,6960,6960,null,6,null,1160
1205,"MERCADONA, S.A.",2022→2023,2022,2023,45004,null,prod_ganado,null,3038964.11,3038964.11,null,2941.882,null,1033
5489,"TECNOLOGIAS APICOLA CASTILBLANCO, S.L.",2022→2023,2022,2023,44301,null,prod_ganado,null,39960,39960,null,38.4,null,1040.62
6218,"BELARRA ENETERREAGA, HAIZEA",2022→2023,2022,2023,44314,null,prod_ganado,null,1781.63,1781.63,null,0.825,null,2159.55
7726,"ANKER FOOD, S.L.",2022→2023,2022,2023,65005,null,sin_actividad,null,0,0,null,0.001,null,0
1825,"LOPEZ MORENAS, S.L",2022→2023,2022,2023,40000,null,prod_ganado,null,26305.4,26305.4,null,24.2,null,1087
248,"CONSERVAS EL VALLE, S.L.",2022→2023,2022,2023,40103,null,prod_ganado,null,363,363,null,0.3,null,1210
8176,"MIRA SANCHEZ, FRANCISCO JOSE",2022→2023,2022,2023,44313,null,prod_ganado,null,465,465,null,0.3,null,1550
3479,"LA TAHONA DE UTIEL, S.L.",2022→2023,2022,2023,7500004011,null,prod_ganado,null,24360,24360,null,24,null,1015
2073,"PLATOS TRADICIONALES, S.A",2022→2023,2022,2023,7500004011,null,prod_ganado,null,120582,120582,null,98.1,null,1229.17
9206,"TRIAS GALLETES-BISCUITS, S.A.",2022→2023,2022,2023,7300039291,null,prod_ganado,null,52852.1,52852.1,null,50.66,null,1043.27
5316,"CASH-ZAPATA, S.L.",2022→2023,2022,2023,41000,null,prod_ganado,null,7862.5,7862.5,null,4.25,null,1850
4244,"GYG ENVASADOS Y ESTUCHADOS, S.L.",2022→2023,2022,2023,40030,null,prod_ganado,null,28844.1,28844.1,null,24.3,null,1187
9238,SAS LA FABRIQUE QUI PIQUE,2022→2023,2022,2023,44314,null,prod_ganado,null,987.75,987.75,null,0.45,null,2195
9225,"SOMMEL APICULTURA MEDITERRANIA, S.L.U.",2022→2023,2022,2023,40201,null,prod_ganado,null,34.45,34.45,null,0.025,null,1378
3921,"IBERFRUTA MUERZA, S.A.",2022→2023,2022,2023,7300039291,null,prod_ganado,null,88740,88740,null,87,null,1020
8621,"JUAN FERRI, JUAN JOSE",2022→2023,2022,2023,40030,null,prod_ganado,null,1170,1170,null,0.9,null,1300
9472,"NUTRARESEARCH 2011, S.L.",2022→2023,2022,2023,41000,null,prod_ganado,null,111625,111625,null,71.25,null,1566.67
1289,"FRITOPER, S.L.",2022→2023,2022,2023,40350,null,sin_actividad,null,0,0,null,0.001,null,0
252,"CONSERVAS ALGUAZAS, S.L.",2022→2023,2022,2023,7300016111,null,prod_ganado,null,2330,2330,null,2,null,1165
1000,CLIENTES VARIOS (CONTADO),2022→2023,2022,2023,40025,null,prod_ganado,null,33.45,33.45,null,0.025,null,1338
3384,"PEREZ GARCIA, MARIA DOLORES",2022→2023,2022,2023,7800013151,null,prod_ganado,null,33.95,33.95,null,0.025,null,1358
2057,"BACK EUROP ESPAÑA, S.L",2022→2023,2022,2023,7110009141,null,prod_ganado,null,1350,1350,null,1,null,1350
9243,"TOMAS ESPALLARGAS, MARIA MERCEDES",2022→2023,2022,2023,44313,null,prod_ganado,null,1627.5,1627.5,null,1.05,null,1550
585,"COLOMA GARCIA, S.L.",2022→2023,2022,2023,7300007131,null,prod_ganado,null,23430,23430,null,22,null,1065
473,"MAZALMENDRA, S.L.",2022→2023,2022,2023,43000,null,prod_ganado,null,1885,1885,null,1.3,null,1450
516,"PAIARROP, S.L.",2022→2023,2022,2023,7300039291,null,prod_ganado,null,22885,22885,null,23,null,995
559,"DULCES OLMEDO GARCIA, S.L.",2022→2023,2022,2023,7300037021,null,prod_ganado,null,79134,79134,null,72.6,null,1090
9157,"MAK FOOD COMPANY, S.L.",2022→2023,2022,2023,61266,null,sin_actividad,null,0,0,null,0.016,null,0
471,"FADICAMO, S.A.",2022→2023,2022,2023,7300016111,null,prod_ganado,null,27600,27600,null,24,null,1150
5314,"PROFESSIONAL DAIRY PRODUCTS, S.L.",2022→2023,2022,2023,7400002031,null,prod_ganado,null,22800,22800,null,24,null,950
716,"PENALVA ALIMENTACION, S.A.",2022→2023,2022,2023,7300039291,null,prod_ganado,null,28200,28200,null,24,null,1175
239,"ASOCIACION DE APICULTORES DE VIZCAYA, B.E.",2022→2023,2022,2023,62001,null,prod_ganado,null,2016,2016,null,1.68,null,1200
2392,"COATO, S.C.L.",2022→2023,2022,2023,7800008021,null,prod_ganado,null,67.9,67.9,null,0.05,null,1358
400,"ASOCIACION IND. ALICANTINA DEL HELADO, S.A.",2022→2023,2022,2023,7300007131,null,prod_ganado,null,179862.6,179862.6,null,178.2,null,1009.33
582,"HIJOS DE SALVADOR COSTA, S.L.",2022→2023,2022,2023,7400004011,null,prod_ganado,null,20060,20060,null,17,null,1180
462,"ROMEDUL, S.L.",2022→2023,2022,2023,43101,null,prod_ganado,null,2275,2275,null,1.3,null,1750
6884,"ENVASADOS SEGOVIA, S.L.",2022→2023,2022,2023,7300039291,null,prod_ganado,null,5940,5940,null,6,null,990
1624,S.A.T. Nº8192 PEREGRI,2022→2023,2022,2023,41000,null,prod_ganado,null,92.5,92.5,null,0.05,null,1850
3921,"IBERFRUTA MUERZA, S.A.",2022→2023,2022,2023,7400004011,null,prod_ganado,null,640640,640640,null,616,null,1040
9446,"ALIMENTARIA ADIN, S.L.",2022→2023,2022,2023,65015,null,prod_ganado,null,5330.25,5330.25,null,4.035,null,1321
1854,"ROYPAS BY NUTRIS, S.A.",2022→2023,2022,2023,40001,null,prod_ganado,null,53738.46,53738.46,null,49.62,null,1083
4505,"FIESTA COLOMBINA, S.L.U.",2022→2023,2022,2023,7300005081,null,prod_ganado,null,301016.1,301016.1,null,273.9,null,1099
5002,"CERVEZAS FERNANDEZ PONS, S.L.",2022→2023,2022,2023,7820022041,null,prod_ganado,null,1845.6,1845.6,null,1.2,null,1538
9273,"AGROQUIMICA CODIAGRO, S.L.",2022→2023,2022,2023,7400048311,null,prod_ganado,null,4440,4440,null,4,null,1110
6457,"DOLÇA ABELLA, S.C.",2022→2023,2022,2023,40025,null,prod_ganado,null,1260,1260,null,0.9,null,1400
9385,SMART ORGANIC AD,2022→2023,2022,2023,61228,null,sin_actividad,null,0,0,null,0.001,null,0
484,"PRODUCTOS LA PILARICA, S.A.",2022→2023,2022,2023,7300037021,null,prod_ganado,null,2500,2500,null,2,null,1250
8248,"CRA BODEGAS, S.L.",2022→2023,2022,2023,61280,null,prod_ganado,null,74220.44,74220.44,null,76.28,null,973
283,"BOLLERIA BJV, S.L.",2022→2023,2022,2023,40000,null,prod_ganado,null,147366.56,147366.56,null,128.48,null,1147
1854,"ROYPAS BY NUTRIS, S.A.",2022→2023,2022,2023,40024,null,prod_ganado,null,54020.04,54020.04,null,49.88,null,1083
517,"DUPAN, S.L.",2022→2023,2022,2023,7600010012,null,prod_ganado,null,2705,2705,null,1.5,null,1803.33
9257,"VHUMANA, S.A.",2022→2023,2022,2023,60105,null,prod_ganado,null,60363.1,60363.1,null,43.25,null,1395.68
2577,"IMPORTACO CASA PONS, S.A.U.",2022→2023,2022,2023,7400004011,null,prod_ganado,null,48840.85,48840.85,null,40.871,null,1195
6564,"MOLINA MOLINA, MAGIN",2022→2023,2022,2023,40203,null,prod_ganado,null,34.45,34.45,null,0.025,null,1378
5892,"DISTRIBUCIONES BOLLFROST, S.L.",2022→2023,2022,2023,40030,null,prod_ganado,null,4554,4554,null,3.6,null,1265
1625,"GARCIA ABENZA, MIGUEL",2022→2023,2022,2023,62001,null,prod_ganado,null,19.32,19.32,null,0.014,null,1380
9203,"SERVICIOS AGRICOLAS FITOBIG, S.L.",2022→2023,2022,2023,44010,null,sin_actividad,null,0,0,null,0.001,null,0
7706,"RUIPAN, S.L.",2022→2023,2022,2023,7300005081,null,prod_ganado,null,23124,23124,null,22.56,null,1025
8641,"GALLETAS GULLÓN, S.A.",2022→2023,2022,2023,7300037021,null,prod_ganado,null,851433.84,851433.84,null,792.28,null,1074.66
1787,"DULCES DEL TURIA, S.L.",2022→2023,2022,2023,7500004011,null,prod_ganado,null,2322,2322,null,1.8,null,1290
1661,"DELAVIUDA ALIMENTACION, S.A",2022→2023,2022,2023,40207,null,prod_ganado,null,2675.75,2675.75,null,1.75,null,1529
769,"ANGEL CAMACHO ALIMENTACION, S.L.",2022→2023,2022,2023,7300039291,null,prod_ganado,null,657230.6,657230.6,null,581.62,null,1130
430,"MONZO LUIS, S.L.",2022→2023,2022,2023,61201,null,prod_ganado,null,13910,13910,null,3.25,null,4280
1787,"DULCES DEL TURIA, S.L.",2022→2023,2022,2023,73001,null,prod_ganado,null,4720,4720,null,4,null,1180
6278,"URRIETA ROVIRA, JOSE MANUEL",2022→2023,2022,2023,62001,null,prod_ganado,null,810,810,null,0.75,null,1080
7022,"FRUTOS SECOS EMPERADOR, S.L.",2022→2023,2022,2023,7300016111,null,prod_ganado,null,2440,2440,null,2,null,1220
9410,"NORDMANN, RASSMANN POLSKA SP. Z O.O.",2022→2023,2022,2023,61289,null,sin_actividad,null,0,0,null,0.001,null,0
542,"SDAD.ESPAÑOLA COLOR. NATURALES Y AFINES, S.A.U.",2022→2023,2022,2023,7300007131,null,prod_ganado,null,23943,23943,null,23,null,1041
8641,"GALLETAS GULLÓN, S.A.",2022→2023,2022,2023,7500004011,null,prod_ganado,null,754176,754176,null,720.9,null,1046.16
1513,"AGROBIO, S.L.",2022→2023,2022,2023,99950,null,sin_actividad,null,0,0,null,0.001,null,0
8558,ASOCIACIÓN DE PEQUEÑOS APICULTORES ALBACETE ,2022→2023,2022,2023,44313,null,prod_ganado,null,9702,9702,null,6.99,null,1387.98
7726,"ANKER FOOD, S.L.",2022→2023,2022,2023,40030,null,prod_ganado,null,10755,10755,null,9,null,1195
4203,SARL API-CULTURE,2022→2023,2022,2023,44352,null,prod_ganado,null,6174,6174,null,4.2,null,1470
5681,"NTRA. SRA. DE MONTIEL, COOP. VAL.",2022→2023,2022,2023,40030,null,prod_ganado,null,1267.2,1267.2,null,0.9,null,1408
1136,"GARCIA GOMEZ, PEDRO",2022→2023,2022,2023,62001,null,prod_ganado,null,1332,1332,null,1.2,null,1110
1342,"ELPOZO ALIMENTACION, S.A.",2022→2023,2022,2023,40000,null,sin_actividad,null,0,0,null,0.003,null,0
457,"AMAHER, S.L.",2022→2023,2022,2023,73001,null,prod_ganado,null,22440,22440,null,22,null,1020
7787,"ONES MAY SABORES, S.L",2022→2023,2022,2023,43000,null,sin_actividad,null,0,0,null,0.001,null,0
215,"MARTIN BRAUN, S.A.",2022→2023,2022,2023,65013,null,prod_ganado,null,146189.52,146189.52,null,131.94,null,1108
2642,"BONDIA SALVO, S.L.",2022→2023,2022,2023,40025,null,prod_ganado,null,133.8,133.8,null,0.1,null,1338
492,"ENRIQUE GARRIGOS MONERRIS, S.A.",2022→2023,2022,2023,40207,null,prod_ganado,null,1530,1530,null,1,null,1530
6834,"MENDES GONÇALVES, S.A.",2022→2023,2022,2023,61200,null,sin_actividad,null,0,0,null,0.025,null,0
9241,"ADALID BOTIA, RAQUEL",2022→2023,2022,2023,62001,null,prod_ganado,null,955.8,955.8,null,0.885,null,1080
2677,"PREELABORADOS ALIMENTARIOS, S.L.",2022→2023,2022,2023,40016,null,prod_ganado,null,51290,51290,null,46,null,1115
3711,"DEL MORAL MARTINEZ, ANTONIO",2022→2023,2022,2023,62001,null,prod_ganado,null,384,384,null,0.3,null,1280
522,"MACROSNACKS, S.L.U.",2022→2023,2022,2023,7300037021,null,prod_ganado,null,10712,10712,null,10.4,null,1030
933,"DULCESTEPA, S.A.",2022→2023,2022,2023,44015,null,prod_ganado,null,29901.82,29901.82,null,24.212,null,1235
546,"E.MORENO, S.L.",2022→2023,2022,2023,7300039291,null,prod_ganado,null,78792,78792,null,80.4,null,980
4329,"ZAFRA SANTILLANA, ELOY",2022→2023,2022,2023,44310,null,sin_actividad,null,0,0,null,0.015,null,0
3022,"LACTEOS DE NAVARRA, S.L.",2022→2023,2022,2023,40103,null,prod_ganado,null,640,640,null,0.501,null,1277.45
5772,"SANCHEZ RUIZ, BIENVENIDO",2022→2023,2022,2023,42000,null,prod_ganado,null,112.5,112.5,null,0.075,null,1500
9123,S.A.T. Nº9779 CARREÑO PEÑALVER HNOS,2022→2023,2022,2023,3010050341,null,prod_ganado,null,920,920,null,0.5,null,1840
4002,"ABB MJ FERNANDEZ ARANDA, S.L.",2022→2023,2022,2023,42000,null,prod_ganado,null,6585,6585,null,5,null,1317
9273,"AGROQUIMICA CODIAGRO, S.L.",2022→2023,2022,2023,7300039291,null,prod_ganado,null,4360,4360,null,4,null,1090
9130,"TARI ALBEROLA, JOSE",2022→2023,2022,2023,44313,null,prod_ganado,null,465,465,null,0.3,null,1550
1854,"ROYPAS BY NUTRIS, S.A.",2022→2023,2022,2023,7200017111,null,prod_ganado,null,320004.84,320004.84,null,295.48,null,1083
428,"PASTELERIA INDUSTRIAL MONTE TURIA, S.A.",2022→2023,2022,2023,40013,null,prod_ganado,null,11964,11964,null,12,null,997
846,"PRODUCTOS ORGANICOS NAT.,S.L.",2022→2023,2022,2023,40000,null,prod_ganado,null,625,625,null,0.5,null,1250
1786,"ANITIN PANES ESPECIALES, S.L.",2022→2023,2022,2023,7300037021,null,prod_ganado,null,6368,6368,null,6.4,null,995
6884,"ENVASADOS SEGOVIA, S.L.",2022→2023,2022,2023,40000,null,prod_ganado,null,74888.5,74888.5,null,70.7,null,1059.24
1143,"AZUCARES ANTOÑIN, S.L.",2022→2023,2022,2023,7110009141,null,prod_ganado,null,26880,26880,null,28,null,960
4570,"PURADIS, S.L.",2022→2023,2022,2023,7500004011,null,prod_ganado,null,25272,25272,null,24.3,null,1040
1794,"HIDESA Y ROSO, S.L.",2022→2023,2022,2023,40000,null,prod_ganado,null,25894,25894,null,24.2,null,1070
1956,"MARSHMALLOWS INTERNATIONAL, S.L.U.",2022→2023,2022,2023,7300005081,null,prod_ganado,null,143406.36,143406.36,null,153.54,null,934
8325,"RUIZ DIAZ, ANTONIO",2022→2023,2022,2023,44313,null,prod_ganado,null,186,186,null,0.12,null,1550
6270,"PANADERIA NTRA.SRA.DE LA CABEZA, S.L.",2022→2023,2022,2023,65005,null,prod_ganado,null,2070.39,2070.39,null,1.47,null,1408.43
1196,"ESTUCHADOS JUCAR, S.L.U.",2022→2023,2022,2023,40016,null,prod_ganado,null,4580,4580,null,4,null,1145
8320,"AGAMA MANACOR 249, S.L.",2022→2023,2022,2023,7300005081,null,prod_ganado,null,20119.22,20119.22,null,23.98,null,839
9195,"ASM NATURAL EXPERIENCE FRANCHISES, S.L.",2022→2023,2022,2023,65005,null,prod_ganado,null,3963.42,3963.42,null,2.91,null,1362
5892,"DISTRIBUCIONES BOLLFROST, S.L.",2022→2023,2022,2023,7500004011,null,prod_ganado,null,4637,4637,null,3.8,null,1220.26
9330,"AMUZA, SILVIU DANIEL",2022→2023,2022,2023,62000,null,prod_ganado,null,2640,2640,null,2.4,null,1100
1241,"ACEITES DEL SUR-COOSUR, S.A.",2022→2023,2022,2023,7300016111,null,prod_ganado,null,56280,56280,null,48,null,1172.5
481,"EL CATETO, S.L.",2022→2023,2022,2023,7300007131,null,prod_ganado,null,42188,42188,null,39.8,null,1060
2722,"BUDENHEIM IBERICA, S.L.U.",2022→2023,2022,2023,7500004011,null,prod_ganado,null,1267.2,1267.2,null,0.9,null,1408
827,"TOMAS JIMENEZ, IGNACIO GERMAN",2022→2023,2022,2023,73001,null,prod_ganado,null,340.35,340.35,null,0.275,null,1237.64
9187,SA LACTALIS NESTLE ULTRA-FRAIS MARQUES,2022→2023,2022,2023,61228,null,sin_actividad,null,0,0,null,0.001,null,0
7715,"BOGATCEAN, IOANA CRISTINA",2022→2023,2022,2023,44313,null,prod_ganado,null,1627.5,1627.5,null,1.05,null,1550
1864,MELAZAHAR COOP. V.,2022→2023,2022,2023,62000,null,prod_ganado,null,3672,3672,null,3.6,null,1020
9504,POWER NATURAL LIFE S.L.,2022→2023,2022,2023,61228,null,sin_actividad,null,0,0,null,0.001,null,0
450,"LA FLOR BURGALESA, S.L.",2022→2023,2022,2023,7800013151,null,prod_ganado,null,6360,6360,null,4,null,1590
770,"CASTER ALIMENTACION, S.L.",2022→2023,2022,2023,43101,null,prod_ganado,null,62643.1,62643.1,null,40.3,null,1554.42
5179,"CUSTOM DRINKS, S.L.U.",2022→2023,2022,2023,40203,null,sin_actividad,null,0,0,null,0.001,null,0
6338,CENTRO NAC. TECNOLOGIA Y SEGURIDAD ALIMENTARIA,2022→2023,2022,2023,61228,null,sin_actividad,null,0,0,null,0.019,null,0
245,"SAURA BERNAL, CELESTINO",2022→2023,2022,2023,7300016111,null,prod_ganado,null,11325,11325,null,11,null,1029.55
528,"MANUFACTURAS COVISAL, S.L.",2022→2023,2022,2023,7400002031,null,prod_ganado,null,1270,1270,null,1,null,1270
6286,COOPERATIVE APICOP,2022→2023,2022,2023,44314,null,prod_ganado,null,11050,11050,null,5.2,null,2125
7440,"LOPEZ FOOD GROUP, S.L.",2022→2023,2022,2023,7300005081,null,prod_ganado,null,251890,251890,null,230,null,1095.17
7787,"ONES MAY SABORES, S.L",2022→2023,2022,2023,61222,null,sin_actividad,null,0,0,null,0.001,null,0
4801,"TEYCOMUR MAQUINARIA, S.L.",2022→2023,2022,2023,40030,null,prod_ganado,null,702.45,702.45,null,0.525,null,1338
7440,"LOPEZ FOOD GROUP, S.L.",2022→2023,2022,2023,7500004011,null,prod_ganado,null,47242,47242,null,46,null,1027
9364,"SWECO EUROPE, S.A.",2022→2023,2022,2023,42000,null,sin_actividad,null,0,0,null,0.2,null,0
6656,"BAOR PRODUCTS, S.L.",2022→2023,2022,2023,62070,null,sin_actividad,null,0,0,null,0.005,null,0
528,"MANUFACTURAS COVISAL, S.L.",2022→2023,2022,2023,7500004011,null,prod_ganado,null,4968,4968,null,3.6,null,1380
2337,"METAROM IBERICA, S.A.U.",2022→2023,2022,2023,44015,null,sin_actividad,null,0,0,null,0,null,null
9410,"NORDMANN, RASSMANN POLSKA SP. Z O.O.",2022→2023,2022,2023,61228,null,prod_ganado,null,81687.2,81687.2,null,28.168,null,2900
7558,HARINAS CASTILLA LA MANCHA S.L,2022→2023,2022,2023,7300005081,null,prod_ganado,null,104720,104720,null,93.5,null,1120
1786,"ANITIN PANES ESPECIALES, S.L.",2022→2023,2022,2023,42001,null,prod_ganado,null,5920,5920,null,4,null,1480
481,"EL CATETO, S.L.",2022→2023,2022,2023,7300005081,null,prod_ganado,null,43248,43248,null,40.8,null,1060
7732,"MATEOS MUÑOZ, JUAN LUIS",2022→2023,2022,2023,44335,null,prod_ganado,null,1018.5,1018.5,null,0.75,null,1358
4369,"LA TIENDA DEL APICULTOR, S.L.U.",2022→2023,2022,2023,44301,null,prod_ganado,null,2136,2136,null,2.4,null,890
2367,"IMASDEA INNOVACIONES Y DESARROLLOS ALIMENTARIO, SL",2022→2023,2022,2023,62100,null,sin_actividad,null,0,0,null,0.005,null,0
9290,SWEET INGREDIENTS GMBH,2022→2023,2022,2023,43000,null,sin_actividad,null,0,0,null,0.01,null,0
9551,"FRUTOS SECOS SANTA BÁRBARA, S.L.",2022→2023,2022,2023,44010,null,sin_actividad,null,0,0,null,0.003,null,0
3543,"J.J. ROBLES BORREGO, S.L.",2022→2023,2022,2023,7300005081,null,prod_ganado,null,52580,52580,null,48.5,null,1084.12
1528,"JUAN Y JUAN INDUSTRIAL, S.L.U.",2022→2023,2022,2023,7300039291,null,prod_ganado,null,51381,51381,null,49.5,null,1038
1752,"ROYMY 21, S.L",2022→2023,2022,2023,7600010012,null,prod_ganado,null,1800,1800,null,1,null,1800
9476,BRASS EMPANADAS S.L.,2022→2023,2022,2023,7300039291,null,prod_ganado,null,12480,12480,null,12,null,1040
7171,"QUIRANTE FRUITS, S.L.",2022→2023,2022,2023,61277,null,prod_ganado,null,2517673.67,2517673.67,null,2235.43,null,1126.26
1000,CLIENTES VARIOS (CONTADO),2022→2023,2022,2023,40103,null,prod_ganado,null,30.25,30.25,null,0.025,null,1210
7245,CHESTE AGRARIA COOP. V,2022→2023,2022,2023,60000,null,prod_ganado,null,19151.3,19151.3,null,17.57,null,1090
3144,"DALLANT, S.A.",2022→2023,2022,2023,61228,null,sin_actividad,null,0,0,null,0.001,null,0
9335,THE GUMMY FACTORY B.V.,2022→2023,2022,2023,61228,null,sin_actividad,null,0,0,null,0.005,null,0
2180,"AURUM PROCESS TECHNOLOGY, S.L.",2022→2023,2022,2023,7300005081,null,prod_ganado,null,23,23,null,0.02,null,1150
3714,"APARICIO TODOLI, DAVID",2022→2023,2022,2023,62001,null,prod_ganado,null,770.56,770.56,null,0.602,null,1280
5162,L'ABEILLE SAS,2022→2023,2022,2023,7300039291,null,sin_actividad,null,0,0,null,0.001,null,0
6604,"OXEFRUIT, S.L.U.",2022→2023,2022,2023,60000,null,prod_ganado,null,22024.2,22024.2,null,23.43,null,940
1456,"ALIMENTOS AMORODO, S.L.",2022→2023,2022,2023,40201,null,prod_ganado,null,1490,1490,null,1,null,1490
9157,"MAK FOOD COMPANY, S.L.",2022→2023,2022,2023,61272,null,prod_ganado,null,2027456.84,2027456.84,null,1921.378,null,1055.21
9576,TRINOVA AG,2022→2023,2022,2023,61200,null,sin_actividad,null,0,0,null,0.004,null,0
400,"ASOCIACION IND. ALICANTINA DEL HELADO, S.A.",2022→2023,2022,2023,7300008021,null,prod_ganado,null,27117,27117,null,26.2,null,1035
9515,"INDUSTRIAS LACTEAS PASCUAL, S.L.U.",2022→2023,2022,2023,41000,null,prod_ganado,null,8950,8950,null,5,null,1790
4383,"MANUFRI, S.L.",2022→2023,2022,2023,44092,null,prod_ganado,null,10308,10308,null,6,null,1718
9290,SWEET INGREDIENTS GMBH,2022→2023,2022,2023,61228,null,sin_actividad,null,0,0,null,0.001,null,0
3534,"ITURRATE VEA, INES",2022→2023,2022,2023,62000,null,prod_ganado,null,1170,1170,null,1,null,1170
593,"APISOL, S.A",2022→2023,2022,2023,44301,null,prod_ganado,null,3450,3450,null,3,null,1150
465,"INVESTIGACION Y DESARROLLO PANADERO, S.L.",2022→2023,2022,2023,65013,null,prod_ganado,null,6800.63,6800.63,null,4.875,null,1395
7867,"SINBLAT ALIMENTACION SALUDABLE, S.L.",2022→2023,2022,2023,7500004011,null,prod_ganado,null,19323.9,19323.9,null,15.3,null,1263
2577,"IMPORTACO CASA PONS, S.A.U.",2022→2023,2022,2023,7500004011,null,prod_ganado,null,363628.6,363628.6,null,296.2,null,1227.65
9195,"ASM NATURAL EXPERIENCE FRANCHISES, S.L.",2022→2023,2022,2023,42000,null,prod_ganado,null,1222.65,1222.65,null,0.825,null,1482
535,"FRIMAR PANADEROS, S.L.",2022→2023,2022,2023,7300016111,null,prod_ganado,null,74450.1,74450.1,null,61.48,null,1210.96
1284,"FRUTAS Y TURRONES, S.A.",2022→2023,2022,2023,43050,null,prod_ganado,null,4620,4620,null,2,null,2310
431,"DICARCONO, S.L.",2022→2023,2022,2023,7300007131,null,prod_ganado,null,23660,23660,null,23.66,null,1000
4567,"CARBONELL ANTICH, MARIA GRACIA",2022→2023,2022,2023,41000,null,prod_ganado,null,208.55,208.55,null,0.125,null,1668.4
6468,"DULCES LA CARTUJA, S.L.",2022→2023,2022,2023,7300037021,null,prod_ganado,null,9540,9540,null,9,null,1060
9189,G. NOFAR FOOD AGENCIES LTD,2022→2023,2022,2023,61228,null,sin_actividad,null,0,0,null,0.005,null,0
1205,"MERCADONA, S.A.",2022→2023,2022,2023,45005,null,prod_ganado,null,6938572.65,6938572.65,null,6498.726,null,1067.68
2211,"GIL MARTINEZ, FRANCISCO GABRIEL",2022→2023,2022,2023,44301,null,prod_ganado,null,167.25,167.25,null,0.125,null,1338
428,"PASTELERIA INDUSTRIAL MONTE TURIA, S.A.",2022→2023,2022,2023,7300039291,null,prod_ganado,null,144003.3,144003.3,null,145.9,null,987
4002,"ABB MJ FERNANDEZ ARANDA, S.L.",2022→2023,2022,2023,7300005081,null,prod_ganado,null,50160,50160,null,48,null,1045
1456,"ALIMENTOS AMORODO, S.L.",2022→2023,2022,2023,7810033151,null,prod_ganado,null,2980,2980,null,2,null,1490
6468,"DULCES LA CARTUJA, S.L.",2022→2023,2022,2023,7300039291,null,prod_ganado,null,1060,1060,null,1,null,1060
4244,"GYG ENVASADOS Y ESTUCHADOS, S.L.",2022→2023,2022,2023,40350,null,prod_ganado,null,12105,12105,null,9,null,1345
5061,"ELABORADOS DEL ASON, S.L.",2022→2023,2022,2023,41000,null,prod_ganado,null,2365,2365,null,1.25,null,1892
1854,"ROYPAS BY NUTRIS, S.A.",2022→2023,2022,2023,61289,null,prod_ganado,null,790604.5,790604.5,null,268.3,null,2946.72
2570,"NATRA OÑATI, S.A.",2022→2023,2022,2023,7300007131,null,prod_ganado,null,169100.5,169100.5,null,152,null,1112.5
1746,"PRIMITIVO PICO, S.A",2022→2023,2022,2023,7500004011,null,prod_ganado,null,115376.4,115376.4,null,97.2,null,1187
1551,"MENSAJERO ALIMENTACION, S.L",2022→2023,2022,2023,7300005081,null,prod_ganado,null,24840,24840,null,24,null,1035
9472,"NUTRARESEARCH 2011, S.L.",2022→2023,2022,2023,44092,null,sin_actividad,null,0,0,null,0.001,null,0
9211,"GIL MARTIN, OLIVER",2022→2023,2022,2023,44313,null,prod_ganado,null,1543.5,1543.5,null,1.05,null,1470
9371,"GOMEZ MOLTO, MIGUEL",2022→2023,2022,2023,44315,null,prod_ganado,null,2494.8,2494.8,null,1.26,null,1980
2392,"COATO, S.C.L.",2022→2023,2022,2023,40201,null,prod_ganado,null,33.95,33.95,null,0.025,null,1358
353,"QUALITY SPICES, S.L.",2022→2023,2022,2023,7500004011,null,prod_ganado,null,625,625,null,0.5,null,1250
6869,"ALLTECH SPAIN, S.L.",2022→2023,2022,2023,44336,null,prod_ganado,null,9350,9350,null,5,null,1870
6130,HAPPY VALLEY HONEY LIMITED,2022→2023,2022,2023,62012,null,prod_ganado,null,2352,2352,null,2.4,null,980
7612,DPTO. COMERCIAL,2022→2023,2022,2023,44315,null,sin_actividad,null,0,0,null,0.154,null,0
1854,"ROYPAS BY NUTRIS, S.A.",2022→2023,2022,2023,61229,null,prod_ganado,null,28804,28804,null,7.6,null,3790
4566,"CONFETICAKES, S.L.",2022→2023,2022,2023,7200029121,null,prod_ganado,null,48739,48739,null,47,null,1037
471,"FADICAMO, S.A.",2022→2023,2022,2023,62070,null,sin_actividad,null,0,0,null,0.001,null,0
8778,"IDILIA FOODS, S.L.",2022→2023,2022,2023,7300039291,null,sin_actividad,null,0,0,null,0.005,null,0
4801,"TEYCOMUR MAQUINARIA, S.L.",2022→2023,2022,2023,40000,null,prod_ganado,null,234.15,234.15,null,0.175,null,1338
3154,"FRIAS NUTRICION, S.A.",2022→2023,2022,2023,7810033151,null,prod_ganado,null,5748,5748,null,4,null,1437
9097,"CAFES MIÑANA, S.A.",2022→2023,2022,2023,45006,null,prod_ganado,null,60.5,60.5,null,0.05,null,1210
5521,"F. MORENO CANDIED FRUITS, S.L.",2022→2023,2022,2023,43000,null,prod_ganado,null,23296,23296,null,18.2,null,1280
527,"CARNICAS SERRANO, S.L.",2022→2023,2022,2023,7500004011,null,prod_ganado,null,5917.5,5917.5,null,4.5,null,1315
4738,"KATIGRES, S.L.",2022→2023,2022,2023,43101,null,prod_ganado,null,1833,1833,null,1.3,null,1410
9286,"LAQTIA, S.L.",2022→2023,2022,2023,40016,null,sin_actividad,null,0,0,null,0.001,null,0
