cod_cliente,nombre_comercial,año_transicion,año_ant,año,cod_producto,descripcion_producto,efecto,facturacion_ant,facturacion_act,delta_fac,toneladas_ant,toneladas_act,pvp_eur_tn_ant,pvp_eur_tn_act
1854,"ROYPAS BY NUTRIS, S.A.",2021→2022,2021,2022,40000,Azúcar Blanco EEC Nº 2,vol_precio,838202.42,801776.43,-36425.98999999999,1643.54,1385.636,510,578.63
445,"PASTELERIA ARROYO SANCHEZ, S.L.U.",2021→2022,2021,2022,44015,Fructor 10/77,precio,47824.16,61236.25,13412.089999999997,97.214,97.978,491.95,625
1075,AGRUPACION MURCIANA APICULTORES PROFESIONALES,2021→2022,2021,2022,62026,Apimix - Pienso Completo No Cristaliza- Apicultura,prod_perdido,315,null,-315,0.5,null,630,null
1293,"PAPRIMUR, S.L.",2021→2022,2021,2022,40000,Azúcar Blanco EEC Nº 2,vol_precio,1107,900,-207,1.8,0.9,615,1000
303,"J.R. SABATER, S.A.",2021→2022,2021,2022,42000,Dextrosa Cristal Monohidrato Maiz,vol_precio,68473,93262,24789,114.4,105.5,598.54,884
5899,"SAINBERG LA IBENSE, S.L.",2021→2022,2021,2022,62503,Jarabe de azúcar invertido cristalizado,sin_actividad,0,null,0,0.004,null,0,null
5000,"PROCAMP CA'N LLANERAS, S.A.",2021→2022,2021,2022,44315,Apipasta PLUS - Pienso para Apicultura,prod_perdido,180.6,null,-180.6,0.14,null,1290,null
1202,"APIGLASS ENVAS. Y MAT. APICOLA, S.L.",2021→2022,2021,2022,62000,Mix Idoneo - Pienso Completo - Apicultura,vol_precio,2928,4308,1380,4.8,6,610,718
7612,DPTO. COMERCIAL,2021→2022,2021,2022,99950,Producto de Pruebas Líquido - 1,sin_actividad,0,null,0,0.19,null,0,null
5254,B REFRESHING COMPANY S.L. ,2021→2022,2021,2022,60202,Azúcar TIEN 71.100,vol_precio,1094.4,15282,14187.6,1.2,10.8,912,1415
585,"COLOMA GARCIA, S.L.",2021→2022,2021,2022,44015,Fructor 10/77,prod_perdido,204.8,null,-204.8,0.32,null,640,null
3641,"LUCAS MATEO, ENRIQUE",2021→2022,2021,2022,44313,Apipasta Vitaminas 90% - Pienso para Apicultura,vol_precio,988.2,1011.75,23.549999999999955,0.915,0.705,1080,1435.11
1864,MELAZAHAR COOP. V.,2021→2022,2021,2022,44315,Apipasta PLUS - Pienso para Apicultura,sin_actividad,0,null,0,0.014,null,0,null
1890,"LAPARRA PEÑA, DAVID",2021→2022,2021,2022,44313,Apipasta Vitaminas 90% - Pienso para Apicultura,prod_perdido,3168,null,-3168,3.6,null,880,null
2007,"PAREDES CEREZO, MIGUEL ANGEL",2021→2022,2021,2022,40000,Azúcar Blanco EEC Nº 2,prod_perdido,6260,null,-6260,10,null,626,null
466,"DULCES LA PONDEROSA, S.L.",2021→2022,2021,2022,40000,Azúcar Blanco EEC Nº 2,prod_perdido,39150,null,-39150,80,null,489.38,null
2129,"CORTES BUSSINESS CORPORATION, S.L.",2021→2022,2021,2022,64091,ATI 65º,prod_perdido,151562.16,null,-151562.16,279.12,null,543,null
1787,"DULCES DEL TURIA, S.L.",2021→2022,2021,2022,40000,Azúcar Blanco EEC Nº 2,vol_precio,16708,12782,-3926,28.1,14.65,594.59,872.49
8458,"BIOAPÍCOLA CANETE, S.L.",2021→2022,2021,2022,44313,Apipasta Vitaminas 90% - Pienso para Apicultura,prod_perdido,2689.2,null,-2689.2,2.49,null,1080,null
5401,"ACETARIA, S.L.",2021→2022,2021,2022,40000,Azúcar Blanco EEC Nº 2,vol_precio,7131,2772,-4359,10.8,3.6,660.28,770
3504,"CIFRE ALMONACIL, RAFAEL",2021→2022,2021,2022,44315,Apipasta PLUS - Pienso para Apicultura,vol_precio,3560.06,321.3,-3238.7599999999998,2.702,0.21,1317.56,1530
3790,"DULYMAZ, S.L.",2021→2022,2021,2022,44010,Fructor 10/81,vol_precio,11139.66,14988.85,3849.1900000000005,17.682,16.283,630,920.52
7787,"ONES MAY SABORES, S.L",2021→2022,2021,2022,61222,Fosfruit,sin_actividad,0,null,0,0.001,null,0,null
6400,"GARCIA BERNAL, JESUS SALVADOR",2021→2022,2021,2022,62026,Apimix - Pienso Completo No Cristaliza- Apicultura,prod_perdido,621.6,null,-621.6,0.84,null,740,null
5017,"LA GERGALEÑA PRODUCTOS ARTESANALES, S.L.",2021→2022,2021,2022,40200,Azúcar Golden - BIO - ES-ECO-024-MU (Agric No UE),prod_perdido,67.5,null,-67.5,0.05,null,1350,null
6250,"GRAS REQUENA, FRANCISCO",2021→2022,2021,2022,62026,Apimix - Pienso Completo No Cristaliza- Apicultura,prod_perdido,472.5,null,-472.5,0.75,null,630,null
3681,"ZABALLOS GARZON, SALVADOR",2021→2022,2021,2022,44315,Apipasta PLUS - Pienso para Apicultura,prod_perdido,179.2,null,-179.2,0.14,null,1280,null
5708,"GOMEZ GRANERO, EMILIO",2021→2022,2021,2022,44313,Apipasta Vitaminas 90% - Pienso para Apicultura,prod_perdido,81,null,-81,0.09,null,900,null
5528,"FERNANDEZ LOPEZ, ANTONIO",2021→2022,2021,2022,44315,Apipasta PLUS - Pienso para Apicultura,vol_precio,4200,9004.8,4804.799999999999,3.36,5.88,1250,1531.43
7709,"SEDIA INNOVACION AGROALIMENTARIA, S.L.",2021→2022,2021,2022,65005,Azúcar en polvo LS,vol_precio,2349.75,2546.7,196.94999999999982,2.925,1.95,803.33,1306
3685,"GARCIA MADRAMANY, FRANCISCO",2021→2022,2021,2022,44315,Apipasta PLUS - Pienso para Apicultura,prod_perdido,35.84,null,-35.84,0.028,null,1280,null
889,"ESPECIALIDADES DEL OBRADOR, S.L.",2021→2022,2021,2022,43050,Maltitol en Polvo,prod_perdido,850,null,-850,0.5,null,1700,null
2154,"AB AZUCARERA IBERIA, S.L.",2021→2022,2021,2022,65022,Azúcar en polvo - LM3 Micronizada - Madera chep,prod_perdido,15373.58,null,-15373.58,22.575,null,681,null
7279,"CORPORACION ALIMENTARIA PEÑASANTA, S.A.",2021→2022,2021,2022,61200,Fosvitae 85%,sin_actividad,0,null,0,0.001,null,0,null
2073,"PLATOS TRADICIONALES, S.A",2021→2022,2021,2022,65005,Azúcar en polvo LS,prod_perdido,494.1,null,-494.1,0.405,null,1220,null
8175,"MENUDOS DUENDES, S.L.",2021→2022,2021,2022,40355,"Azúcar Granulado 0,6mm a 1mm",prod_perdido,20.38,null,-20.38,0.025,null,815.2,null
1527,"REOLID CORBALAN, JOSE",2021→2022,2021,2022,44313,Apipasta Vitaminas 90% - Pienso para Apicultura,precio,4306.5,5355,1048.5,4.197,4.2,1026.09,1275
1527,"REOLID CORBALAN, JOSE",2021→2022,2021,2022,41005,Fructosa MAIZ Cristal Granulada,prod_perdido,1080,null,-1080,1,null,1080,null
2772,"ROSCOS CASAS, S.L",2021→2022,2021,2022,61170,Mix Maltitol Sorbitol MS 74-8020,precio,2592,3840,1248,2.4,2.4,1080,1600
190,"ALCURNIA ALIMENTACION, S.L.U",2021→2022,2021,2022,61253,Mixco Sweet 77-00.2037,prod_perdido,14749.9,null,-14749.9,24.38,null,605,null
2129,"CORTES BUSSINESS CORPORATION, S.L.",2021→2022,2021,2022,64013,Néctar Base 2 72º,prod_perdido,15148.09,null,-15148.09,19.761,null,766.56,null
1829,"DIAZ LOPEZ, JOSE ANTONIO",2021→2022,2021,2022,44310,Apipasta 90% - Pienso completo - Apicultura,vol_precio,550.5,220.5,-330,0.585,0.21,941.03,1050
846,"PRODUCTOS ORGANICOS NAT.,S.L.",2021→2022,2021,2022,40000,Azúcar Blanco EEC Nº 2,prod_perdido,618.75,null,-618.75,0.825,null,750,null
2611,"NAVARRO SANCHEZ, RAFAEL",2021→2022,2021,2022,40000,Azúcar Blanco EEC Nº 2,prod_perdido,5940,null,-5940,11,null,540,null
1752,"ROYMY 21, S.L",2021→2022,2021,2022,40001,Azúcar Blanco 150 ICUMSA,prod_perdido,6720,null,-6720,14,null,480,null
7832,"GISBERT HURTADO, ANTONIO",2021→2022,2021,2022,44315,Apipasta PLUS - Pienso para Apicultura,prod_perdido,250.88,null,-250.88,0.196,null,1280,null
551,"ICE CREAM FACTORY COMAKER, S.A.",2021→2022,2021,2022,41005,Fructosa MAIZ Cristal Granulada,vol_precio,4250,3712.5,-537.5,5,3.75,850,990
6286,COOPERATIVE APICOP,2021→2022,2021,2022,44313,Apipasta Vitaminas 90% - Pienso para Apicultura,vol_precio,48081,59899.5,11818.5,60.9,51.3,789.51,1167.63
1072,"GALVAN FERNANDEZ HERMANOS, S.L.",2021→2022,2021,2022,40000,Azúcar Blanco EEC Nº 2,prod_perdido,170918.6,-2485,-173403.6,347.8,-5,491.43,497
595,"ROSCRIS BENIOPA, S.L",2021→2022,2021,2022,40111,Azúcar Moreno Brown (Alvean),prod_perdido,425,null,-425,0.501,null,848.3,null
874,"COMERCIAL MAPROHELCO, S.L.",2021→2022,2021,2022,42000,Dextrosa Cristal Monohidrato Maiz,prod_perdido,3038.75,null,-3038.75,4.25,null,715,null
200,MARIN GIMENEZ HNOS. S.A.,2021→2022,2021,2022,44111,Glucor 60/82,sin_actividad,0,null,0,0.001,null,0,null
1534,"GOMEZ SILLERO, CARLOS",2021→2022,2021,2022,44310,Apipasta 90% - Pienso completo - Apicultura,vol_precio,8820,3171,-5649,10.5,2.1,840,1510
463,"REY ALIMENTACION, S.L.",2021→2022,2021,2022,61170,Mix Maltitol Sorbitol MS 74-8020,vol_precio,4296,9264,4968,3.6,4.8,1193.33,1930
5373,"VERTICE DE INNOVACION Y DESAR.DE ALIMENTOS, S.A.U.",2021→2022,2021,2022,40013,Azucar Blanco EEC Nº2 Extrafino,sin_actividad,0,null,0,0.001,null,0,null
7787,"ONES MAY SABORES, S.L",2021→2022,2021,2022,44010,Fructor 10/81,prod_ganado,0,22321.2,22321.2,0.001,25.081,0,889.96
444,"LICORES SINC, S.A.",2021→2022,2021,2022,60013,Azúcar Liquida Neutra S.A. – pH 7,prod_perdido,2832,null,-2832,4.8,null,590,null
7410,"DEL OLMO CUEVAS, HECTOR",2021→2022,2021,2022,44313,Apipasta Vitaminas 90% - Pienso para Apicultura,vol_precio,3024,5349.75,2325.75,3.15,4.725,960,1132.22
4686,OMNIUM AGRICOLE DU SOUSS,2021→2022,2021,2022,62004,Mix Abejorros 65-30.4028 Pienso Completo - Apicult,prod_perdido,17146.92,null,-17146.92,20.86,null,822,null
7699,"TEJERA MARTINEZ, DAVID ANGEL",2021→2022,2021,2022,62026,Apimix - Pienso Completo No Cristaliza- Apicultura,prod_perdido,157.5,null,-157.5,0.25,null,630,null
7817,GENERAL MILLS,2021→2022,2021,2022,61200,Fosvitae 85%,sin_actividad,0,null,0,0.001,null,0,null
5847,"CALABUIG SOLER, FRANCESC",2021→2022,2021,2022,40000,Azúcar Blanco EEC Nº 2,prod_perdido,1200,null,-1200,2,null,600,null
6843,APIHEX BEEKEEPING SUPPLIES,2021→2022,2021,2022,44310,Apipasta 90% - Pienso completo - Apicultura,sin_actividad,0,null,0,0,null,null,null
7185,"ILE AGROCENTRO LEON, S.L.",2021→2022,2021,2022,62020,Mix Fructor Apicultor - Pienso completo - Apicult.,vol_precio,20981.4,21335.8,354.3999999999978,34.99,29.68,599.64,718.86
2850,"AMC NATURAL DRINKS, S.L.",2021→2022,2021,2022,40200,Azúcar Golden - BIO - ES-ECO-024-MU (Agric No UE),prod_perdido,34060,null,-34060,26,null,1310,null
5426,"OLAZIREGI ALTUNA, JOSE LUIS",2021→2022,2021,2022,40200,Azúcar Golden - BIO - ES-ECO-024-MU (Agric No UE),prod_perdido,675,null,-675,0.5,null,1350,null
7765,SURINVER EL GRUPO S.COOP,2021→2022,2021,2022,40201,Azúcar Blanco BIO ES-ECO-024-MU Ag No UE,prod_perdido,2700,null,-2700,2,null,1350,null
5145,"BALLESTER BAÑO, ENCARNA",2021→2022,2021,2022,40000,Azúcar Blanco EEC Nº 2,prod_perdido,41.25,null,-41.25,0.075,null,550,null
7612,DPTO. COMERCIAL,2021→2022,2021,2022,61229,Fosvitae Plus Polvo,sin_actividad,0,null,0,0.005,null,0,null
4244,"GYG ENVASADOS Y ESTUCHADOS, S.L.",2021→2022,2021,2022,44131,Glucor 37/79,prod_perdido,900,null,-900,1.44,null,625,null
436,"TURRONES JOSE GARRIGOS, S.A.",2021→2022,2021,2022,43002,Maltitol Estandar Liq 75-5008,prod_perdido,3849.3,null,-3849.3,3.9,null,987,null
2287,"RODRIGUEZ BLANCO, ASUNCION",2021→2022,2021,2022,44313,Apipasta Vitaminas 90% - Pienso para Apicultura,prod_perdido,405,null,-405,0.45,null,900,null
3362,"PEREZ IBAÑEZ, JUAN CARLOS",2021→2022,2021,2022,44313,Apipasta Vitaminas 90% - Pienso para Apicultura,vol_precio,337.5,486,148.5,0.375,0.45,900,1080
4949,"ESCRIVA MORENO, ANTONIO",2021→2022,2021,2022,44313,Apipasta Vitaminas 90% - Pienso para Apicultura,prod_perdido,945,null,-945,1.05,null,900,null
4751,"MARCOS SANCHEZ, GINES",2021→2022,2021,2022,62001,Apimix - Pienso completo - Apicultura,prod_perdido,103.6,null,-103.6,0.14,null,740,null
5051,"HONTANILLA FERNANDEZ, JOSE LUIS",2021→2022,2021,2022,44313,Apipasta Vitaminas 90% - Pienso para Apicultura,prod_perdido,129.6,null,-129.6,0.12,null,1080,null
541,"PANYPAST GRANADA, S.L.",2021→2022,2021,2022,60114,"Azúcar PI 73,5-67-C",vol_precio,110.6,205.31,94.71000000000001,0.14,0.189,790,1086.3
6364,"LOPEZ CASTELLANOS, ANGEL",2021→2022,2021,2022,62000,Mix Idoneo - Pienso Completo - Apicultura,prod_perdido,710,null,-710,1,null,710,null
5231,"CRISTOBAL E HIJO, S.L.",2021→2022,2021,2022,44315,Apipasta PLUS - Pienso para Apicultura,vol_precio,1939.68,2570.4,630.72,1.406,1.68,1379.57,1530
4002,"ABB MJ FERNANDEZ ARANDA, S.L.",2021→2022,2021,2022,43000,Maltitol Liquido 75-5308,prod_perdido,5832.2,null,-5832.2,5,null,1166.44,null
837,"PRODUCTOS ATOCHA, S.L.",2021→2022,2021,2022,44017,Fructor 10/77 Pallet EUR,prod_perdido,5490,null,-5490,8.4,null,653.57,null
902,"MEMBRILLO EL QUIJOTE, S.A.",2021→2022,2021,2022,40113,Azúcar Moreno Brown C,sin_actividad,0,null,0,0.001,null,0,null
7267,"GIDA, S.A.",2021→2022,2021,2022,61200,Fosvitae 85%,vol_precio,104883.87,66151.13,-38732.73999999999,56.238,30.972,1865,2135.84
4331,"MIR MONTAÑES, LLUIS",2021→2022,2021,2022,44313,Apipasta Vitaminas 90% - Pienso para Apicultura,prod_perdido,224.1,null,-224.1,0.24,null,933.75,null
2807,SAT ELS SARIERS,2021→2022,2021,2022,42000,Dextrosa Cristal Monohidrato Maiz,prod_perdido,47.5,null,-47.5,0.05,null,950,null
5749,"INES ROSALES, S.A.U.",2021→2022,2021,2022,40000,Azúcar Blanco EEC Nº 2,sin_actividad,0,null,0,0.001,null,0,null
400,"ASOCIACION IND. ALICANTINA DEL HELADO, S.A.",2021→2022,2021,2022,61229,Fosvitae Plus Polvo,sin_actividad,0,null,0,0.001,null,0,null
5690,"MONLEON RUBIO, IGNACIO JOSE",2021→2022,2021,2022,44315,Apipasta PLUS - Pienso para Apicultura,prod_perdido,358.4,null,-358.4,0.28,null,1280,null
527,"CARNICAS SERRANO, S.L.",2021→2022,2021,2022,40000,Azúcar Blanco EEC Nº 2,vol_precio,2317.5,1449,-868.5,3.6,1.8,643.75,805
475,"DULCES DEL CAMPO, S.A.U.",2021→2022,2021,2022,62100,Mix Siro Jarabe de Glucosa 70º,vol_precio,7649.57,1170,-6479.57,10.654,1.2,718,975
4892,"COMEX BAKERY, S.L.U.",2021→2022,2021,2022,40000,Azúcar Blanco EEC Nº 2,vol_precio,2123.1,2357.1,234,3.6,2.7,589.75,873
7842,"DEL OLMO DURAN, JOAQUIN",2021→2022,2021,2022,44301,Azucar Blanco – Materia Prima para Piensos,prod_perdido,5148,null,-5148,9.9,null,520,null
7326,"ACTIVA FOOD TECH, S.A.",2021→2022,2021,2022,62150,Jarabe de Melaza de Caña,vol_precio,530.1,5036.16,4506.0599999999995,0.62,4.32,855,1165.78
2283,"ROENCAR, S.L.U.",2021→2022,2021,2022,40000,Azúcar Blanco EEC Nº 2,prod_perdido,45370.8,null,-45370.8,84.24,null,538.59,null
3715,"BSI BODEGAS SAN ISIDRO, S.COOP.",2021→2022,2021,2022,40201,Azúcar Blanco BIO ES-ECO-024-MU Ag No UE,prod_perdido,3500,null,-3500,2,null,1750,null
2112,"LACASA, S.A.U.",2021→2022,2021,2022,61222,Fosfruit,sin_actividad,0,null,0,0.002,null,0,null
6179,"CAMPO ANÍBAL BAKERY, S.L.U.",2021→2022,2021,2022,40000,Azúcar Blanco EEC Nº 2,vol_precio,1755,1629,-126,2.7,1.8,650,905
6779,"RIVAS PEREZ, PEDRO",2021→2022,2021,2022,44315,Apipasta PLUS - Pienso para Apicultura,prod_perdido,268.8,null,-268.8,0.21,null,1280,null
3683,"MADRID JULVE, LUIS",2021→2022,2021,2022,62001,Apimix - Pienso completo - Apicultura,vol_precio,375,183.12,-191.88,0.5,0.168,750,1090
462,"ROMEDUL, S.L.",2021→2022,2021,2022,40000,Azúcar Blanco EEC Nº 2,vol_precio,19117.8,8760,-10357.8,34.38,12,556.07,730
8090,G.I.E. GROUPE LOMBARD,2021→2022,2021,2022,62001,Apimix - Pienso completo - Apicultura,prod_perdido,1159.2,null,-1159.2,1.68,null,690,null
4278,"CONSERVAS PALLARDO, C.B.",2021→2022,2021,2022,42000,Dextrosa Cristal Monohidrato Maiz,prod_perdido,153,null,-153,0.225,null,680,null
546,"E.MORENO, S.L.",2021→2022,2021,2022,40200,Azúcar Golden - BIO - ES-ECO-024-MU (Agric No UE),prod_perdido,4050,null,-4050,3,null,1350,null
6460,"PARDO TOLOSA, JUAN",2021→2022,2021,2022,44313,Apipasta Vitaminas 90% - Pienso para Apicultura,vol_precio,1363.5,1496.1,132.5999999999999,1.485,1.32,918.18,1133.41
4002,"ABB MJ FERNANDEZ ARANDA, S.L.",2021→2022,2021,2022,43100,Sorbitol Liquido 70% No cristalizable,prod_perdido,12150.96,null,-12150.96,15.528,null,782.52,null
3925,"IZQUIERDO SANCHEZ, JOAQUIN",2021→2022,2021,2022,62001,Apimix - Pienso completo - Apicultura,prod_perdido,518,null,-518,0.7,null,740,null
7775,"RUNAKAY PLUS, S.L.",2021→2022,2021,2022,40201,Azúcar Blanco BIO ES-ECO-024-MU Ag No UE,vol_precio,1586.25,1460,-126.25,1.175,1,1350,1460
2216,"APIHURDES, S.COOP.",2021→2022,2021,2022,40000,Azúcar Blanco EEC Nº 2,prod_perdido,28236.6,null,-28236.6,48.6,null,581,null
1791,"AROMAS CITRICS VALENCIANS, S.L.",2021→2022,2021,2022,44015,Fructor 10/77,prod_perdido,64,null,-64,0.1,null,640,null
7927,"BARAHONA COELLO, MARCIA CRISTINA",2021→2022,2021,2022,44315,Apipasta PLUS - Pienso para Apicultura,sin_actividad,0,null,0,0.001,null,0,null
400,"ASOCIACION IND. ALICANTINA DEL HELADO, S.A.",2021→2022,2021,2022,61228,Fosvitae 95% Plus,sin_actividad,0,0,0,0.002,0.001,0,0
3630,"FERNANDEZ LOPEZ, FERNANDO",2021→2022,2021,2022,40000,Azúcar Blanco EEC Nº 2,prod_perdido,55,null,-55,0.1,null,550,null
581,TURRON.Y CARAMEL. DE HELLIN SL,2021→2022,2021,2022,60200,Azúcar Invertido 67º,sin_actividad,0,null,0,0.001,null,0,null
488,SDAD. COOP. APICOLA DE ESPAÑA,2021→2022,2021,2022,44306,Fructor 10/77 - Pienso completo – Apicultura,prod_perdido,1488,null,-1488,2.4,null,620,null
8251,APILINE DI FASSARI DOMINIQUE,2021→2022,2021,2022,44313,Apipasta Vitaminas 90% - Pienso para Apicultura,vol_precio,24360,19824,-4536,27.3,19.95,892.31,993.68
2344,"MIEL MONCABRER, S.L.",2021→2022,2021,2022,61177,Mixco Sweet 81-00.0932 A-MI,vol_precio,144726.6,108746,-35980.600000000006,283.86,144.52,509.85,752.46
827,"TOMAS JIMENEZ, IGNACIO GERMAN",2021→2022,2021,2022,40000,Azúcar Blanco EEC Nº 2,vol_precio,1139,826.75,-312.25,1.825,0.775,624.11,1066.77
7596,WILER STADTIMKERI,2021→2022,2021,2022,44313,Apipasta Vitaminas 90% - Pienso para Apicultura,prod_perdido,37422,null,-37422,43.2,null,866.25,null
401,"SOLER GIMENO, S.L.",2021→2022,2021,2022,40330,Azúcar Perlado 2,vol_precio,10597.5,670.5,-9927,7.5,0.45,1413,1490
246,"CAMPO BETICA, S.L.",2021→2022,2021,2022,43100,Sorbitol Liquido 70% No cristalizable,vol_precio,59753.5,89507.6,29754.100000000006,73.72,98.36,810.55,910
5727,"BOGNER, JOSEPH",2021→2022,2021,2022,44313,Apipasta Vitaminas 90% - Pienso para Apicultura,vol_precio,15120,28602.6,13482.599999999999,18.9,26.1,800,1095.89
2705,"ESPECIAS HUERTAS, S.L.",2021→2022,2021,2022,40000,Azúcar Blanco EEC Nº 2,vol_precio,490.25,112.5,-377.75,0.825,0.15,594.24,750
1253,"HORCHATA EL COSECHERO, S.L.",2021→2022,2021,2022,44131,Glucor 37/79,sin_actividad,0,null,0,0.001,null,0,null
4501,"DE DIEGO ARRIBAS, JUAN JOSE",2021→2022,2021,2022,62026,Apimix - Pienso Completo No Cristaliza- Apicultura,prod_perdido,207.2,null,-207.2,0.28,null,740,null
4817,"PARIENTE JIMENEZ, ANTONIO",2021→2022,2021,2022,62423,Fondant ES-R04 Sin Serigrafiar,prod_perdido,2679,null,-2679,2.82,null,950,null
7872,"GRANALIA ICE CREAM, S.L.",2021→2022,2021,2022,43000,Maltitol Liquido 75-5308,sin_actividad,0,null,0,0.002,null,0,null
3187,"AZELIS ESPAÑA, S.A.",2021→2022,2021,2022,60105,"Azúcar PI 73,5-67",prod_perdido,607.6,null,-607.6,0.98,null,620,null
4329,"ZAFRA SANTILLANA, ELOY",2021→2022,2021,2022,44313,Apipasta Vitaminas 90% - Pienso para Apicultura,vol_precio,14332.5,26680.5,12348,16.275,24.15,880.65,1104.78
7750,"A.HAUPOLD, S.L.",2021→2022,2021,2022,61200,Fosvitae 85%,sin_actividad,0,null,0,0.004,null,0,null
3192,"MATEU CARRION, JESUS",2021→2022,2021,2022,44313,Apipasta Vitaminas 90% - Pienso para Apicultura,vol_precio,683.1,648,-35.10000000000002,0.72,0.6,948.75,1080
5941,"LA GRANA ECOLOGICA, S.L.",2021→2022,2021,2022,40200,Azúcar Golden - BIO - ES-ECO-024-MU (Agric No UE),prod_perdido,11475,null,-11475,9,null,1275,null
4002,"ABB MJ FERNANDEZ ARANDA, S.L.",2021→2022,2021,2022,44120,Glucor 45/80,vol_precio,5073.7,1170,-3903.7,8.98,1.2,565,975
7908,"DIMITROV NIKOLOV, ZHIVKO",2021→2022,2021,2022,62026,Apimix - Pienso Completo No Cristaliza- Apicultura,prod_perdido,145.04,null,-145.04,0.196,null,740,null
5771,CAMSA SARL,2021→2022,2021,2022,44318,Apipasta Vitaminas 90% - Pienso Apicultura (FR/AR),prod_perdido,137812.5,null,-137812.5,176.4,null,781.25,null
8257,"MORA RISUEÑO, NATALIA",2021→2022,2021,2022,44313,Apipasta Vitaminas 90% - Pienso para Apicultura,prod_perdido,270,null,-270,0.3,null,900,null
7119,"CHOCOTER, S.L.",2021→2022,2021,2022,44120,Glucor 45/80,prod_perdido,68,null,-68,0.1,null,680,null
2281,"HORCHATA JUAN`S, S.L.",2021→2022,2021,2022,40000,Azúcar Blanco EEC Nº 2,prod_perdido,13729.5,null,-13729.5,24.3,null,565,null
1386,"SCENTIUM FLAVOURS, S.L",2021→2022,2021,2022,60114,"Azúcar PI 73,5-67-C",sin_actividad,0,null,0,0,null,null,null
2053,"MANUEL BUSTO AMANDI, S.A.",2021→2022,2021,2022,40003,Azúcar Blanco EEC Nº 2 REMOLACHA,prod_perdido,12600,null,-12600,24,null,525,null
6314,"LOPEZ AGUDO, PILAR",2021→2022,2021,2022,44335,Azúcar Blanco BIO MP para piensos,prod_perdido,202.5,null,-202.5,0.15,null,1350,null
7987,"MATOS INDUSTRIA E COMERCIO ALIMENTAR, LDA",2021→2022,2021,2022,40200,Azúcar Golden - BIO - ES-ECO-024-MU (Agric No UE),sin_actividad,0,null,0,0.001,null,0,null
7726,"ANKER FOOD, S.L.",2021→2022,2021,2022,40000,Azúcar Blanco EEC Nº 2,vol_precio,13580.3,7890,-5690.299999999999,25.2,10,538.9,789
7395,VECO PHARMA SHPK,2021→2022,2021,2022,44313,Apipasta Vitaminas 90% - Pienso para Apicultura,vol_precio,10521,25095,14574,12.6,22.05,835,1138.1
401,"SOLER GIMENO, S.L.",2021→2022,2021,2022,62401,Fondant ES-R02,vol_precio,1205.55,540.6,-664.9499999999999,1.41,0.51,855,1060
458,"CASTY, S.A.",2021→2022,2021,2022,40000,Azúcar Blanco EEC Nº 2,volumen,86080.5,62040,-24040.5,166.5,120,517,517
7880,"DULCES EL AVION, S.A.",2021→2022,2021,2022,44120,Glucor 45/80,vol_precio,10315.6,31919.81,21604.21,25.161,49.642,409.98,643
6714,"ACEITES MALAGA, S.L.",2021→2022,2021,2022,62154,Mixco Sweet 80-31.3233 JM,volumen,6840,4560,-2280,3.6,2.4,1900,1900
523,"CORALIM INGREDIENTS, S.L.",2021→2022,2021,2022,60114,"Azúcar PI 73,5-67-C",vol_precio,158.9,56.35,-102.55000000000001,0.182,0.049,873.08,1150
7534,"A FACTORIA ECOLOXICA, S.L.",2021→2022,2021,2022,40200,Azúcar Golden - BIO - ES-ECO-024-MU (Agric No UE),prod_perdido,10168.13,null,-10168.13,7.975,null,1275,null
2836,"ISAXCO CONSULTING, S.L.",2021→2022,2021,2022,64069,Nectar Base 7 65º,prod_perdido,45543.68,null,-45543.68,76.16,null,598,null
7185,"ILE AGROCENTRO LEON, S.L.",2021→2022,2021,2022,44315,Apipasta PLUS - Pienso para Apicultura,vol_precio,11180.4,8526,-2654.3999999999996,9.24,5.88,1210,1450
3211,"PEREZ BARRERA, FRANCISCO",2021→2022,2021,2022,44310,Apipasta 90% - Pienso completo - Apicultura,vol_precio,425.25,780.3,355.04999999999995,0.405,0.51,1050,1530
790,"ARLUY, S.L.",2021→2022,2021,2022,62903,Sirope sabor Arce,sin_actividad,0,null,0,0.001,null,0,null
5804,"MARTINEZ SANCHEZ, MARIA DOLORES",2021→2022,2021,2022,65005,Azúcar en polvo LS,prod_perdido,315,null,-315,0.375,null,840,null
6774,"CLARIA MALLEU, POL",2021→2022,2021,2022,44315,Apipasta PLUS - Pienso para Apicultura,prod_perdido,2436,null,-2436,1.68,null,1450,null
8090,G.I.E. GROUPE LOMBARD,2021→2022,2021,2022,44310,Apipasta 90% - Pienso completo - Apicultura,prod_perdido,16758,null,-16758,22.05,null,760,null
1386,"SCENTIUM FLAVOURS, S.L",2021→2022,2021,2022,44111,Glucor 60/82,prod_perdido,57,null,-57,0.06,null,950,null
2112,"LACASA, S.A.U.",2021→2022,2021,2022,40206,Azúcar Blanco BIO ES-ECO-024-MU Ag No UE NOP,precio,27500,29700,2200,22,22,1250,1350
2650,"GASCON MORTE, CARMELO",2021→2022,2021,2022,62000,Mix Idoneo - Pienso Completo - Apicultura,prod_perdido,590,null,-590,1,null,590,null
6449,"PRODEL AGRICOLA, S.L.",2021→2022,2021,2022,44315,Apipasta PLUS - Pienso para Apicultura,vol_precio,533.4,3049.2,2515.7999999999997,0.42,1.68,1270,1815
204,"PERNOD RICARD ESPAÑA, S.A.",2021→2022,2021,2022,60131,Azucar PI 77-50,vol_precio,689481.24,1084747.32,395266.0800000001,1384.76,1273.264,497.91,851.94
590,"CERAS ARRUFAT, S.L.",2021→2022,2021,2022,42000,Dextrosa Cristal Monohidrato Maiz,prod_perdido,63,null,-63,0.1,null,630,null
5819,"CASTELLON AGUILAR, FRANCISCO JAVIER",2021→2022,2021,2022,43100,Sorbitol Liquido 70% No cristalizable,precio,2844,3564,720,3.6,3.6,790,990
5696,"PAREDES RUIZ, MARIANO",2021→2022,2021,2022,40000,Azúcar Blanco EEC Nº 2,prod_perdido,165,null,-165,0.3,null,550,null
2057,"BACK EUROP ESPAÑA, S.L",2021→2022,2021,2022,62402,Fondant ES-R03,prod_perdido,489.6,null,-489.6,0.576,null,850,null
2279,"CANO RODRIGUEZ, VENANCIO",2021→2022,2021,2022,62020,Mix Fructor Apicultor - Pienso completo - Apicult.,prod_perdido,825,null,-825,1.5,null,550,null
436,"TURRONES JOSE GARRIGOS, S.A.",2021→2022,2021,2022,61170,Mix Maltitol Sorbitol MS 74-8020,vol_precio,41308.8,39858,-1450.800000000003,39.72,30.66,1040,1300
1832,"SIERRAS ANDALUZAS, S.C.A.",2021→2022,2021,2022,44310,Apipasta 90% - Pienso completo - Apicultura,prod_perdido,3444,null,-3444,4.2,null,820,null
8276,"MARTIN MARTIN, NINACOR",2021→2022,2021,2022,62001,Apimix - Pienso completo - Apicultura,prod_perdido,2160,null,-2160,4,null,540,null
261,"EZTIKIDETZA, S.A.T.",2021→2022,2021,2022,62020,Mix Fructor Apicultor - Pienso completo - Apicult.,vol_precio,3435.6,2872.8,-562.7999999999997,5.04,3.36,681.67,855
5489,"TECNOLOGIAS APICOLA CASTILBLANCO, S.L.",2021→2022,2021,2022,44304,Azucar Polvo LS – Pienso completo – Apicultura,prod_perdido,7385.63,null,-7385.63,9.75,null,757.5,null
8019,"BODEGAS SEÑORIO DE BARRIOBERO,SL",2021→2022,2021,2022,60105,"Azúcar PI 73,5-67",sin_actividad,0,null,0,0.001,null,0,null
8085,"ALCALDE PALOMAR, LUIS",2021→2022,2021,2022,62001,Apimix - Pienso completo - Apicultura,vol_precio,518,361.34,-156.66000000000003,0.7,0.406,740,890
2364,"M&C BAKERY, S.L",2021→2022,2021,2022,40355,"Azúcar Granulado 0,6mm a 1mm",prod_perdido,2254.5,null,-2254.5,2.7,null,835,null
6869,"ALLTECH SPAIN, S.L.",2021→2022,2021,2022,65005,Azúcar en polvo LS,vol_precio,938.4,2905.5,1967.1,1.02,1.95,920,1490
5409,"TORTAJADA CAURIN, MARIO",2021→2022,2021,2022,44010,Fructor 10/81,prod_perdido,325,null,-325,0.5,null,650,null
1919,"MACIAS DE LA CORTE, MIRIAN",2021→2022,2021,2022,40000,Azúcar Blanco EEC Nº 2,prod_perdido,3540,null,-3540,6,null,590,null
1989,"CORTES RAMADA, CESAR",2021→2022,2021,2022,44315,Apipasta PLUS - Pienso para Apicultura,prod_perdido,15.36,null,-15.36,0.012,null,1280,null
1607,"APICOLA CERDA MARTINEZ, S.L.U.",2021→2022,2021,2022,44301,Azucar Blanco – Materia Prima para Piensos,prod_perdido,594,null,-594,0.9,null,660,null
400,"ASOCIACION IND. ALICANTINA DEL HELADO, S.A.",2021→2022,2021,2022,40000,Azúcar Blanco EEC Nº 2,vol_precio,12735.96,399886.08,387150.12,25.32,612.48,503,652.9
5367,"MIEL ROBLES, C.B.",2021→2022,2021,2022,44313,Apipasta Vitaminas 90% - Pienso para Apicultura,prod_perdido,1134,null,-1134,1.05,null,1080,null
7913,JSC IMLITEX,2021→2022,2021,2022,61222,Fosfruit,sin_actividad,0,null,0,0.001,null,0,null
535,"FRIMAR PANADEROS, S.L.",2021→2022,2021,2022,42000,Dextrosa Cristal Monohidrato Maiz,prod_perdido,450,null,-450,0.6,null,750,null
1633,"NAVARRO SALA, JUSTO JAVIER",2021→2022,2021,2022,44315,Apipasta PLUS - Pienso para Apicultura,prod_perdido,85.68,null,-85.68,0.056,null,1530,null
6468,"DULCES LA CARTUJA, S.L.",2021→2022,2021,2022,44120,Glucor 45/80,prod_perdido,49.4,null,-49.4,0.06,null,823.33,null
5192,"WORLD WIDE IMPORT EXPORT CO, LTD.",2021→2022,2021,2022,60125,"Azúcar PI 73,5-67 (ENG)",vol_precio,2793,1668,-1125,2.94,1.2,950,1390
5575,"SEGURA HUGUET, IVAN",2021→2022,2021,2022,62001,Apimix - Pienso completo - Apicultura,prod_perdido,176.12,null,-176.12,0.238,null,740,null
405,"CHOVI, S.L.",2021→2022,2021,2022,60000,Azúcar Líquida Neutra 67º,prod_ganado,0,449503.99,449503.99,0.005,543.215,0,827.49
535,"FRIMAR PANADEROS, S.L.",2021→2022,2021,2022,60216,Azúcar invertido 67% - COBOPA,vol_precio,71817.26,147564.33,75747.06999999999,122.236,147.107,587.53,1003.11
3863,"LA TRADICION M&T, S.L.",2021→2022,2021,2022,40000,Azúcar Blanco EEC Nº 2,prod_perdido,84944.22,null,-84944.22,164.64,null,515.94,null
6957,"MATEOS MUÑOZ, ANTONIO",2021→2022,2021,2022,40204,Azúcar BIO 600-1200 -ES-ECO-024-MU (Agric No EU),sin_actividad,0,null,0,0,null,null,null
1513,"AGROBIO, S.L.",2021→2022,2021,2022,42000,Dextrosa Cristal Monohidrato Maiz,vol_precio,2070,3843.75,1773.75,3,3.75,690,1025
1683,"JIMENEZ JIMENEZ, SEBASTIAN",2021→2022,2021,2022,44310,Apipasta 90% - Pienso completo - Apicultura,prod_perdido,620.4,null,-620.4,0.705,null,880,null
7559,"QUALITY FROZEN SOLUTIONS, S.L.",2021→2022,2021,2022,60105,"Azúcar PI 73,5-67",vol_precio,780,1754.63,974.6300000000001,1.2,1.624,650,1080.44
484,"PRODUCTOS LA PILARICA, S.A.",2021→2022,2021,2022,40111,Azúcar Moreno Brown (Alvean),volumen,22.38,179,156.62,0.025,0.2,895.2,895
1428,"PRODUCTOS MENGUAL, S.L.",2021→2022,2021,2022,40200,Azúcar Golden - BIO - ES-ECO-024-MU (Agric No UE),prod_perdido,67.5,null,-67.5,0.05,null,1350,null
7573,"SANCHEZ LOPEZ, CARLOS",2021→2022,2021,2022,40000,Azúcar Blanco EEC Nº 2,prod_perdido,952,null,-952,1.6,null,595,null
7172,"SANZ AMBRONA, FRANCISCO JOSE",2021→2022,2021,2022,62020,Mix Fructor Apicultor - Pienso completo - Apicult.,prod_perdido,165,null,-165,0.25,null,660,null
2887,"BIOSEARCH, S.A.U.",2021→2022,2021,2022,40206,Azúcar Blanco BIO ES-ECO-024-MU Ag No UE NOP,prod_perdido,1297,null,-1297,1,null,1297,null
6146,"JUAN JIMENEZ GARCIA, S.A.U.",2021→2022,2021,2022,61228,Fosvitae 95% Plus,sin_actividad,0,null,0,0.001,null,0,null
7234,"PALAZON MARTINEZ, DAVID",2021→2022,2021,2022,44313,Apipasta Vitaminas 90% - Pienso para Apicultura,prod_perdido,67.5,null,-67.5,0.075,null,900,null
531,"DESARROLLOS PANADEROS LEVANTINOS, S.L.L.",2021→2022,2021,2022,49006,Almidón nativo de Maiz,vol_precio,4940,1610,-3330,8.7,2,567.82,805
1864,MELAZAHAR COOP. V.,2021→2022,2021,2022,62026,Apimix - Pienso Completo No Cristaliza- Apicultura,prod_perdido,5595.8,null,-5595.8,11.92,null,469.45,null
3287,"DELAFRUIT, S.L.U",2021→2022,2021,2022,40201,Azúcar Blanco BIO ES-ECO-024-MU Ag No UE,vol_precio,2220,715,-1505,1.5,0.5,1480,1430
5644,HEALY VENTURES LTD.,2021→2022,2021,2022,62073,Cane Golden Syrup,vol_precio,21637.27,24216.8,2579.529999999999,25.01,18.8,865.14,1288.13
3685,"GARCIA MADRAMANY, FRANCISCO",2021→2022,2021,2022,62001,Apimix - Pienso completo - Apicultura,prod_perdido,113.96,null,-113.96,0.154,null,740,null
5000,"PROCAMP CA'N LLANERAS, S.A.",2021→2022,2021,2022,44313,Apipasta Vitaminas 90% - Pienso para Apicultura,vol_precio,1584,1050,-534,1.8,1.05,880,1000
436,"TURRONES JOSE GARRIGOS, S.A.",2021→2022,2021,2022,44120,Glucor 45/80,vol_precio,3048,4620,1572,4.8,6,635,770
5109,"INDUSTRIAS ROKO, S.A.",2021→2022,2021,2022,61228,Fosvitae 95% Plus,sin_actividad,0,null,0,0.001,null,0,null
1592,"APICOLA TARRAGONINA, S.C.C.L",2021→2022,2021,2022,40000,Azúcar Blanco EEC Nº 2,prod_perdido,12472,null,-12472,22.4,null,556.79,null
7573,"SANCHEZ LOPEZ, CARLOS",2021→2022,2021,2022,44313,Apipasta Vitaminas 90% - Pienso para Apicultura,prod_perdido,756,null,-756,0.84,null,900,null
8153,"HURTADO MIGUEL, JAVIER",2021→2022,2021,2022,44313,Apipasta Vitaminas 90% - Pienso para Apicultura,prod_perdido,54,null,-54,0.06,null,900,null
570,"INDALVA, S.L.",2021→2022,2021,2022,40000,Azúcar Blanco EEC Nº 2,prod_perdido,2214,null,-2214,3.6,null,615,null
2577,"IMPORTACO CASA PONS, S.A.U.",2021→2022,2021,2022,40110,Azúcar Moreno Brown (Azucarera),prod_perdido,52.5,null,-52.5,0.05,null,1050,null
4288,GARCIA IGLESIAS. LARA,2021→2022,2021,2022,40000,Azúcar Blanco EEC Nº 2,prod_perdido,27.5,null,-27.5,0.05,null,550,null
3144,"DALLANT, S.A.",2021→2022,2021,2022,60210,Azúcar Invertido 80º,sin_actividad,0,null,0,0.001,null,0,null
517,"DUPAN, S.L.",2021→2022,2021,2022,44120,Glucor 45/80,prod_perdido,106.8,null,-106.8,0.12,null,890,null
8403,"TENZO SPORT LAB, S.L.",2021→2022,2021,2022,60200,Azúcar Invertido 67º,prod_perdido,1006.8,null,-1006.8,1.201,null,838.3,null
2682,"CARO CARO, CANDELARIA",2021→2022,2021,2022,44301,Azucar Blanco – Materia Prima para Piensos,vol_precio,4720,2897.5,-1822.5,8,3.5,590,827.86
6621,"SILVESTRE ZAMORA, ANTONIO",2021→2022,2021,2022,40000,Azúcar Blanco EEC Nº 2,prod_perdido,27.5,null,-27.5,0.05,null,550,null
6043,COOPERATIVE APICOLE DU JURA,2021→2022,2021,2022,44313,Apipasta Vitaminas 90% - Pienso para Apicultura,prod_perdido,18480,null,-18480,23.1,null,800,null
1116,"PARDO NAVARRO, CARLOS",2021→2022,2021,2022,44015,Fructor 10/77,prod_perdido,1896,null,-1896,2.4,null,790,null
3287,"DELAFRUIT, S.L.U",2021→2022,2021,2022,40203,Azúcar BIO 300-500 -ES-ECO-024-MU (Agric No EU),sin_cambio,715,715,0,0.5,0.5,1430,1430
1205,"MERCADONA, S.A.",2021→2022,2021,2022,40111,Azúcar Moreno Brown (Alvean),sin_actividad,0,null,0,0.027,null,0,null
5706,"GARRIDO CARIÑENA, MIGUEL ANGEL",2021→2022,2021,2022,62026,Apimix - Pienso Completo No Cristaliza- Apicultura,prod_perdido,124.32,null,-124.32,0.168,null,740,null
1592,"APICOLA TARRAGONINA, S.C.C.L",2021→2022,2021,2022,44315,Apipasta PLUS - Pienso para Apicultura,sin_actividad,0,null,0,0.002,null,0,null
317,"ESTUCHADOS FANNY, S.L.",2021→2022,2021,2022,40000,Azúcar Blanco EEC Nº 2,vol_precio,89230,186111.2,96881.20000000001,167,245.9,534.31,756.86
430,"MONZO LUIS, S.L.",2021→2022,2021,2022,43000,Maltitol Liquido 75-5308,vol_precio,8347.25,12854.4,4507.15,8.65,7.8,965,1648
237,"DULCES SANTA CRUZ, S.L.",2021→2022,2021,2022,43000,Maltitol Liquido 75-5308,vol_precio,6826,13245.4,6419.4,6.2,10.01,1100.97,1323.22
566,"ALMACENES MIGUEZ 2005,S.L.",2021→2022,2021,2022,62020,Mix Fructor Apicultor - Pienso completo - Apicult.,vol_precio,42706.82,41343.5,-1363.3199999999997,75.376,58.09,566.58,711.71
8258,"BRIOIXPAN, S.L.",2021→2022,2021,2022,40000,Azúcar Blanco EEC Nº 2,vol_precio,40313.7,124201,83887.3,72.9,187,553,664.18
7011,"GR SERPOLIMER, S.L.",2021→2022,2021,2022,40000,Azúcar Blanco EEC Nº 2,prod_perdido,1217,null,-1217,1.9,null,640.53,null
7611,DPTO. CALIDAD,2021→2022,2021,2022,44310,Apipasta 90% - Pienso completo - Apicultura,sin_actividad,0,0,0,0.06,0.27,0,0
2287,"RODRIGUEZ BLANCO, ASUNCION",2021→2022,2021,2022,44310,Apipasta 90% - Pienso completo - Apicultura,volumen,157.5,472.5,315,0.15,0.45,1050,1050
6887,"SUMINISTROS GALLARDO GARCIA, S.L.",2021→2022,2021,2022,61177,Mixco Sweet 81-00.0932 A-MI,sin_actividad,0,null,0,0.001,null,0,null
5650,"GUERRA ACOSTA, JULIO",2021→2022,2021,2022,44313,Apipasta Vitaminas 90% - Pienso para Apicultura,prod_perdido,2268,null,-2268,2.1,null,1080,null
7564,"CONSTRUCCIONES Y COMERCIO HERBU, S.L.",2021→2022,2021,2022,44313,Apipasta Vitaminas 90% - Pienso para Apicultura,prod_perdido,688.5,null,-688.5,0.765,null,900,null
433,"SANCHIS MIRA, S.A.",2021→2022,2021,2022,61170,Mix Maltitol Sorbitol MS 74-8020,vol_precio,100941.16,141160.8,40219.639999999985,75.988,86.16,1328.38,1638.36
1956,"MARSHMALLOWS INTERNATIONAL, S.L.U.",2021→2022,2021,2022,40000,Azúcar Blanco EEC Nº 2,vol_precio,302765.14,384188.28,81423.14000000001,614.34,520.6,492.83,737.97
7326,"ACTIVA FOOD TECH, S.A.",2021→2022,2021,2022,40000,Azúcar Blanco EEC Nº 2,prod_perdido,7591.2,null,-7591.2,13.52,null,561.48,null
471,"FADICAMO, S.A.",2021→2022,2021,2022,40000,Azúcar Blanco EEC Nº 2,vol_precio,95109,46413.4,-48695.6,190.5,70.2,499.26,661.16
3699,"GONZALEZ CARBALLAL, S.L.",2021→2022,2021,2022,44302,Dextrosa Cristal –  Materia Prima para Piensos,prod_perdido,2782.5,null,-2782.5,2.5,null,1113,null
505,"MORENO SORNI, ELIAS",2021→2022,2021,2022,44313,Apipasta Vitaminas 90% - Pienso para Apicultura,prod_perdido,8883,null,-8883,9.45,null,940,null
5787,"FALCON, S.A.",2021→2022,2021,2022,62153,Jarabe de Melaza de caña (ENG),vol_precio,8160,8584.8,424.7999999999993,12,8.4,680,1022
2331,"ASELA, S.L.",2021→2022,2021,2022,62001,Apimix - Pienso completo - Apicultura,vol_precio,41.44,62.3,20.86,0.056,0.07,740,890
8386,"LOZANO RUBIO, MARIA CRISTINA",2021→2022,2021,2022,44301,Azucar Blanco – Materia Prima para Piensos,prod_perdido,657,null,-657,0.9,null,730,null
8001,"FERTILIZANTES ALTIPLANO, S.L.",2021→2022,2021,2022,44015,Fructor 10/77,prod_perdido,15,null,-15,0.02,null,750,null
5245,"ELGORRIAGA BRANDS, S.A.",2021→2022,2021,2022,62150,Jarabe de Melaza de Caña,sin_actividad,0,null,0,0.005,null,0,null
4344,"GOMEZ TURPIN, EVA MARIA",2021→2022,2021,2022,40200,Azúcar Golden - BIO - ES-ECO-024-MU (Agric No UE),prod_perdido,135,null,-135,0.1,null,1350,null
8278,"GRUPO OSBORNE, S.A.",2021→2022,2021,2022,60016,Azúcar Líquida Neutra S.A. - OSBORNE,vol_precio,79791.62,835294.75,755503.13,170.86,1265.09,467,660.27
422,"HERMANOS LOPEZ LLORET, S.A.",2021→2022,2021,2022,40000,Azúcar Blanco EEC Nº 2,vol_precio,289176,263009.31,-26166.690000000002,588,377.193,491.8,697.28
7234,"PALAZON MARTINEZ, DAVID",2021→2022,2021,2022,62026,Apimix - Pienso Completo No Cristaliza- Apicultura,prod_perdido,787.5,null,-787.5,1.25,null,630,null
551,"ICE CREAM FACTORY COMAKER, S.A.",2021→2022,2021,2022,41006,Fructosa MAIZ Cristal Granulada Pallet Plast. CHEP,vol_precio,90100,95520,5420,106,102,850,936.47
1080,"VIDAL GOLOSINAS, S.A.",2021→2022,2021,2022,40013,Azucar Blanco EEC Nº2 Extrafino,prod_perdido,3858,null,-3858,6,null,643,null
2111,"ENVASADOS EVA, S.A.",2021→2022,2021,2022,60101,Azúcar PI 67-40,vol_precio,113051.44,106246.28,-6805.1600000000035,249.06,174.52,453.91,608.79
7496,"LA CENTRAL 3.0 - NOVA DISTRIBUTION, S.L.",2021→2022,2021,2022,40000,Azúcar Blanco EEC Nº 2,prod_perdido,205880.7,null,-205880.7,388.66,null,529.72,null
3966,"BODEGAS FERNANDO CASTRO, S.L.",2021→2022,2021,2022,60123,"Azúcar PI 73,5-67 - BIO",prod_perdido,14342.4,null,-14342.4,11.79,null,1216.49,null
2618,"CALABUIG BLASCO, MIGUEL ANGEL",2021→2022,2021,2022,44301,Azucar Blanco – Materia Prima para Piensos,prod_perdido,2600,null,-2600,4,null,650,null
7868,GENBA TASTE,2021→2022,2021,2022,61222,Fosfruit,sin_actividad,0,null,0,0.002,null,0,null
6256,"COMATIMO, S.C.C.L.",2021→2022,2021,2022,44315,Apipasta PLUS - Pienso para Apicultura,prod_perdido,2436,null,-2436,1.68,null,1450,null
3915,"SUMINISTROS HELADERIA VIMAR, S.L.",2021→2022,2021,2022,42000,Dextrosa Cristal Monohidrato Maiz,vol_precio,37.5,90,52.5,0.05,0.075,750,1200
8265,"GRANJA DE ELABORACIÓN ECOLÓGICA Y NATURAL, S.L.",2021→2022,2021,2022,61222,Fosfruit,sin_actividad,0,null,0,0.001,null,0,null
3287,"DELAFRUIT, S.L.U",2021→2022,2021,2022,41000,Fructosa MAIZ Cristal,sin_actividad,0,null,0,0.001,null,0,null
4080,"MENDEZ MUELAS, JOSE FERNANDO",2021→2022,2021,2022,40200,Azúcar Golden - BIO - ES-ECO-024-MU (Agric No UE),prod_perdido,33.75,null,-33.75,0.025,null,1350,null
5454,"ALIMENTACION Y NUTRICION FAMILIAR, S.L.",2021→2022,2021,2022,60114,"Azúcar PI 73,5-67-C",sin_actividad,0,null,0,0.001,null,0,null
340,"ARTESANOS MENDEZ, S.A.",2021→2022,2021,2022,61111,"Mixco Sweet 71,5-50.1522",prod_perdido,1986.5,null,-1986.5,2.74,null,725,null
1365,"CARAMELOS ARTESANOS EL TETE, S.L.I",2021→2022,2021,2022,44120,Glucor 45/80,prod_perdido,4521.2,null,-4521.2,10.16,null,445,null
5404,"GARCIA GIRONES, CARLOS",2021→2022,2021,2022,44313,Apipasta Vitaminas 90% - Pienso para Apicultura,prod_perdido,108,null,-108,0.12,null,900,null
457,"AMAHER, S.L.",2021→2022,2021,2022,42000,Dextrosa Cristal Monohidrato Maiz,vol_precio,33925,10680,-23245,59,12.001,575,889.93
7541,"SANCHEZ LORBADA, S.L.",2021→2022,2021,2022,44015,Fructor 10/77,vol_precio,4403.14,80525.06,76121.92,6.22,104.578,707.9,770
6480,"MARCHENA SANCHEZ, MARIA DEL PILAR",2021→2022,2021,2022,44303,Fructosa Cristal – Materia Prima para Piensos,prod_perdido,640,null,-640,0.5,null,1280,null
2027,"DESTILERIAS AGUILAR, S.A.",2021→2022,2021,2022,60010,Azúcar Liquida Neutra S.A.,vol_precio,9180.94,23693.33,14512.390000000001,12.692,27.504,723.36,861.45
2046,"CAMPOS LLOPIS, JORGE",2021→2022,2021,2022,65005,Azúcar en polvo LS,prod_perdido,88.2,null,-88.2,0.105,null,840,null
563,"PROD.BIONATUR.DE CALASPARRA,SA",2021→2022,2021,2022,40201,Azúcar Blanco BIO ES-ECO-024-MU Ag No UE,prod_perdido,5068,null,-5068,4,null,1267,null
5614,"ESCRIBANO MARTINEZ, MARTA",2021→2022,2021,2022,44314,Apipasta 90% - BIO - Pienso completo - Apicultura,precio,892.5,1076.25,183.75,0.525,0.525,1700,2050
3211,"PEREZ BARRERA, FRANCISCO",2021→2022,2021,2022,62026,Apimix - Pienso Completo No Cristaliza- Apicultura,prod_perdido,157.5,null,-157.5,0.25,null,630,null
7708,"MARTIN BERNAL, LAURA",2021→2022,2021,2022,44111,Glucor 60/82,vol_precio,360,428.8,68.80000000000001,0.6,0.4,600,1072
5528,"FERNANDEZ LOPEZ, ANTONIO",2021→2022,2021,2022,44313,Apipasta Vitaminas 90% - Pienso para Apicultura,vol_precio,30646.8,45030,14383.2,34.11,38.7,898.47,1163.57
1075,AGRUPACION MURCIANA APICULTORES PROFESIONALES,2021→2022,2021,2022,44315,Apipasta PLUS - Pienso para Apicultura,vol_precio,8762.88,4926.6,-3836.279999999999,6.846,3.22,1280,1530
3600,"CEBELLAN PEÑALVER, JOAQUIN",2021→2022,2021,2022,40000,Azúcar Blanco EEC Nº 2,prod_perdido,137.5,null,-137.5,0.25,null,550,null
418,"MANUFACTURAS CEYLAN, S.L.",2021→2022,2021,2022,40350,Azúcar Granulado Extrafino,vol_precio,7209,12466.5,5257.5,8.1,11.1,890,1123.11
4031,"ESPECIALITATS M. MASDEU, S.L.",2021→2022,2021,2022,61228,Fosvitae 95% Plus,volumen,2625.23,10440,7814.77,1.207,4.8,2175,2175
878,"MARCH DELHOM, S.L.",2021→2022,2021,2022,60114,"Azúcar PI 73,5-67-C",prod_perdido,35.7,null,-35.7,0.042,null,850,null
2348,"PEREZ OCHOA, MANUEL",2021→2022,2021,2022,40000,Azúcar Blanco EEC Nº 2,prod_perdido,217.5,null,-217.5,0.375,null,580,null
7611,DPTO. CALIDAD,2021→2022,2021,2022,62001,Apimix - Pienso completo - Apicultura,sin_actividad,0,0,0,0.364,0.042,0,0
8430,"BALSAS PEREZ, PEDRO",2021→2022,2021,2022,44313,Apipasta Vitaminas 90% - Pienso para Apicultura,prod_perdido,162,null,-162,0.15,null,1080,null
575,HORCHATAS Y GRANIZADOS EL MAESTRAZGO SL,2021→2022,2021,2022,40000,Azúcar Blanco EEC Nº 2,vol_precio,25056,26001,945,48,24.3,522,1070
837,"PRODUCTOS ATOCHA, S.L.",2021→2022,2021,2022,60105,"Azúcar PI 73,5-67",vol_precio,5342.4,772.8,-4569.599999999999,6.72,0.84,795,920
572,"JIMENEZ GARCIA, DIEGO",2021→2022,2021,2022,62001,Apimix - Pienso completo - Apicultura,prod_perdido,145.04,null,-145.04,0.196,null,740,null
8253,"ALVAREZ PONCE, ROCIO",2021→2022,2021,2022,44314,Apipasta 90% - BIO - Pienso completo - Apicultura,prod_perdido,663,null,-663,0.39,null,1700,null
5454,"ALIMENTACION Y NUTRICION FAMILIAR, S.L.",2021→2022,2021,2022,40200,Azúcar Golden - BIO - ES-ECO-024-MU (Agric No UE),sin_actividad,0,null,0,0.001,null,0,null
7972,MOCHI LUXURY S.L,2021→2022,2021,2022,44200,Maltor 70/80,prod_perdido,336,null,-336,0.42,null,800,null
290,"IGH FLAVOURS TECHNOLOGY, S.A.U.",2021→2022,2021,2022,65005,Azúcar en polvo LS,prod_perdido,1725.75,null,-1725.75,1.95,null,885,null
6192,"ETXEBERRIA URBIZU, JON",2021→2022,2021,2022,44314,Apipasta 90% - BIO - Pienso completo - Apicultura,vol_precio,378,904.5,526.5,0.225,0.45,1680,2010
1854,"ROYPAS BY NUTRIS, S.A.",2021→2022,2021,2022,44120,Glucor 45/80,precio,749534.76,1091258.56,341723.80000000005,1921.884,1952.162,390,559
2836,"ISAXCO CONSULTING, S.L.",2021→2022,2021,2022,64056,Nectar Base 4.1 PLUS - 65º,prod_perdido,159824,null,-159824,228.32,null,700,null
499,"MELS CARLET, S.L.",2021→2022,2021,2022,44302,Dextrosa Cristal –  Materia Prima para Piensos,vol_precio,71587.5,102000,30412.5,109.5,120,653.77,850
4469,"SEÑORIO DE BARAHONDA, S.L.",2021→2022,2021,2022,40000,Azúcar Blanco EEC Nº 2,vol_precio,222920,236470.4,13550.399999999994,432,359.5,516.02,657.78
1728,"CEREALTO INDUSTRIAL SPAIN, S.A.",2021→2022,2021,2022,62150,Jarabe de Melaza de Caña,vol_precio,14624.8,10620,-4004.7999999999993,19.554,12,747.92,885
889,"ESPECIALIDADES DEL OBRADOR, S.L.",2021→2022,2021,2022,40000,Azúcar Blanco EEC Nº 2,prod_perdido,5940,null,-5940,10.8,null,550,null
6768,"ARGENTE SORIANO, JAVIER",2021→2022,2021,2022,44315,Apipasta PLUS - Pienso para Apicultura,vol_precio,567.24,171.36,-395.88,0.383,0.112,1481.04,1530
5231,"CRISTOBAL E HIJO, S.L.",2021→2022,2021,2022,62001,Apimix - Pienso completo - Apicultura,prod_perdido,7695.6,null,-7695.6,11.66,null,660,null
6617,APIMARA TITULARIDAD COMPARTIDA DE EXPLOTACION,2021→2022,2021,2022,44313,Apipasta Vitaminas 90% - Pienso para Apicultura,prod_perdido,877.5,null,-877.5,0.975,null,900,null
7852,"SOTO SANCHEZ, MANUEL",2021→2022,2021,2022,41000,Fructosa MAIZ Cristal,prod_perdido,108,null,-108,0.1,null,1080,null
8037,"CALIDIS FRUITS, SL",2021→2022,2021,2022,99950,Producto de Pruebas Líquido - 1,sin_actividad,0,null,0,0.001,null,0,null
1197,"GIMENO DONAT, JORGE",2021→2022,2021,2022,44313,Apipasta Vitaminas 90% - Pienso para Apicultura,vol_precio,1134,930,-204,1.05,0.6,1080,1550
198,"JOSE SANDOVAL, S.L.U.",2021→2022,2021,2022,40001,Azúcar Blanco 150 ICUMSA,prod_perdido,1008,null,-1008,2.1,null,480,null
1747,"FRUIT TECH NATURAL, S.A.",2021→2022,2021,2022,61214,Mixco Sweet 74-01.5050 CAÑA,prod_perdido,12410,null,-12410,24.82,null,500,null
6286,COOPERATIVE APICOP,2021→2022,2021,2022,44315,Apipasta PLUS - Pienso para Apicultura,prod_perdido,8996.4,null,-8996.4,7.56,null,1190,null
2909,"MANIPULADOS DE CEBOLLAS Y DERIVADOS, S.L.",2021→2022,2021,2022,40201,Azúcar Blanco BIO ES-ECO-024-MU Ag No UE,vol_precio,1220,1120,-100,1,0.8,1220,1400
1041,"HERRERO ABARCA, JOSE MARIA",2021→2022,2021,2022,62000,Mix Idoneo - Pienso Completo - Apicultura,prod_perdido,177.5,null,-177.5,0.25,null,710,null
271,"LABORATORIOS ALMOND, S.L.",2021→2022,2021,2022,40200,Azúcar Golden - BIO - ES-ECO-024-MU (Agric No UE),prod_perdido,7200,null,-7200,6,null,1200,null
2975,"ARTUKOLUKE, S.L.",2021→2022,2021,2022,44015,Fructor 10/77,vol_precio,8150.4,18224.8,10074.4,13.92,23.98,585.52,760
2129,"CORTES BUSSINESS CORPORATION, S.L.",2021→2022,2021,2022,64088,Nectar Base 4.1 ULTRA – 66º,prod_perdido,35120.16,null,-35120.16,50.46,null,696,null
1752,"ROYMY 21, S.L",2021→2022,2021,2022,60114,"Azúcar PI 73,5-67-C",vol_precio,489.6,780,290.4,0.72,1.2,680,650
1062,"REFRESCO IBERIA, S.L.U.",2021→2022,2021,2022,40000,Azúcar Blanco EEC Nº 2,prod_perdido,40462.05,null,-40462.05,75.63,null,535,null
5617,"MERINO CARRACEDO, JUAN CARLOS",2021→2022,2021,2022,44301,Azucar Blanco – Materia Prima para Piensos,prod_perdido,7800,null,-7800,14,null,557.14,null
439,"DISTURCONS, S.A.",2021→2022,2021,2022,40000,Azúcar Blanco EEC Nº 2,prod_perdido,1170,null,-1170,1.8,null,650,null
5037,"CAÑADA TORRES, JESUS",2021→2022,2021,2022,62001,Apimix - Pienso completo - Apicultura,sin_actividad,0,null,0,0,null,null,null
4460,"SOLER GELATS I TORRONS, S.L.",2021→2022,2021,2022,43000,Maltitol Liquido 75-5308,prod_perdido,200,null,-200,0.16,null,1250,null
8086,SAS SAI NUTRITION,2021→2022,2021,2022,61200,Fosvitae 85%,sin_actividad,0,null,0,0.001,null,0,null
4927,"MESEGUER FRANCO, ANA BELEN",2021→2022,2021,2022,44313,Apipasta Vitaminas 90% - Pienso para Apicultura,precio,270,324,54,0.3,0.3,900,1080
8352,ASOCIACION PROVINCIAL DE APICULTORES BURGALESES,2021→2022,2021,2022,44313,Apipasta Vitaminas 90% - Pienso para Apicultura,vol_precio,7402.5,17523,10120.5,7.05,13.5,1050,1298
1076,"SILOMAR ELABORADOS Y DISTRIBUCION, S.L.",2021→2022,2021,2022,44015,Fructor 10/77,prod_perdido,1987.2,null,-1987.2,2.88,null,690,null
7371,"GRANYDULCE, S.L.U.",2021→2022,2021,2022,40000,Azúcar Blanco EEC Nº 2,prod_perdido,840,null,-840,1.5,null,560,null
7607,"ALBORS DOMENECH, JOSE M.",2021→2022,2021,2022,44313,Apipasta Vitaminas 90% - Pienso para Apicultura,prod_perdido,861.3,null,-861.3,0.915,null,941.31,null
531,"DESARROLLOS PANADEROS LEVANTINOS, S.L.L.",2021→2022,2021,2022,42000,Dextrosa Cristal Monohidrato Maiz,vol_precio,2405,2275,-130,3.5,1.25,687.14,1820
7342,"CAMPOMAR NATURE, S.L.",2021→2022,2021,2022,40200,Azúcar Golden - BIO - ES-ECO-024-MU (Agric No UE),prod_perdido,2535.75,null,-2535.75,1.875,null,1352.4,null
6130,HAPPY VALLEY HONEY LIMITED,2021→2022,2021,2022,44310,Apipasta 90% - Pienso completo - Apicultura,vol_precio,3927,6930,3003,4.2,6.3,935,1100
3482,"GALVEZ MARTINEZ, ANGEL",2021→2022,2021,2022,40000,Azúcar Blanco EEC Nº 2,prod_perdido,126,null,-126,0.2,null,630,null
7172,"SANZ AMBRONA, FRANCISCO JOSE",2021→2022,2021,2022,44315,Apipasta PLUS - Pienso para Apicultura,prod_perdido,64.26,null,-64.26,0.042,null,1530,null
6828,AGRUP.DEFENSA SANIT.APIC.REG.DE MURCIA,2021→2022,2021,2022,62026,Apimix - Pienso Completo No Cristaliza- Apicultura,prod_perdido,2190,null,-2190,3.4,null,644.12,null
4932,"LAPARRA DONAIRE, ADELA",2021→2022,2021,2022,44313,Apipasta Vitaminas 90% - Pienso para Apicultura,prod_perdido,792,null,-792,0.9,null,880,null
2627,"REIG FAUS, JUAN",2021→2022,2021,2022,62000,Mix Idoneo - Pienso Completo - Apicultura,prod_perdido,1464,null,-1464,2.4,null,610,null
2748,"NAVARRO SERRA, MIGUEL ANGEL",2021→2022,2021,2022,44313,Apipasta Vitaminas 90% - Pienso para Apicultura,prod_perdido,1787.4,null,-1787.4,1.845,null,968.78,null
8082,"PEREZ PEREZ, ALFREDO",2021→2022,2021,2022,62020,Mix Fructor Apicultor - Pienso completo - Apicult.,volumen,360.36,165,-195.36,0.546,0.25,660,660
4369,"LA TIENDA DEL APICULTOR, S.L.U.",2021→2022,2021,2022,65005,Azúcar en polvo LS,prod_perdido,1462.5,null,-1462.5,1.95,null,750,null
2917,"CARAMEL FOOD, S.L.",2021→2022,2021,2022,40000,Azúcar Blanco EEC Nº 2,vol_precio,653.75,164.25,-489.5,1.075,0.225,608.14,730
5900,"CASILLAS FLORES, JOSE LUIS",2021→2022,2021,2022,44313,Apipasta Vitaminas 90% - Pienso para Apicultura,prod_perdido,270,null,-270,0.3,null,900,null
1673,"RIQUELME ALACID, DOLORES ",2021→2022,2021,2022,62026,Apimix - Pienso Completo No Cristaliza- Apicultura,prod_perdido,472.5,null,-472.5,0.75,null,630,null
7817,GENERAL MILLS,2021→2022,2021,2022,61229,Fosvitae Plus Polvo,sin_actividad,0,null,0,0.002,null,0,null
244,"PAPISA, S.L.",2021→2022,2021,2022,40110,Azúcar Moreno Brown (Azucarera),volumen,575,431.25,-143.75,0.5,0.375,1150,1150
3601,"ROCA DOLZ, BASILIO",2021→2022,2021,2022,44313,Apipasta Vitaminas 90% - Pienso para Apicultura,prod_perdido,270,null,-270,0.3,null,900,null
541,"PANYPAST GRANADA, S.L.",2021→2022,2021,2022,40110,Azúcar Moreno Brown (Azucarera),vol_precio,535,575,40,0.55,0.5,972.73,1150
5365,"COMORALI, S.L.",2021→2022,2021,2022,44200,Maltor 70/80,vol_precio,20380.8,26831.36,6450.560000000001,28.8,30.08,707.67,892
8173,"FEELWORK SOLUTIONS, S.L.",2021→2022,2021,2022,64013,Néctar Base 2 72º,prod_perdido,356754.1,null,-356754.1,477.22,null,747.57,null
428,"PASTELERIA INDUSTRIAL MONTE TURIA, S.A.",2021→2022,2021,2022,40000,Azúcar Blanco EEC Nº 2,vol_precio,228339,151145,-77194,477.8,190.3,477.9,794.25
5445,COMPTOIR APICOLE LANGUEDOCIEN,2021→2022,2021,2022,44313,Apipasta Vitaminas 90% - Pienso para Apicultura,vol_precio,18000,6784.8,-11215.2,22.5,6.6,800,1028
5827,"ORGANICOS SANGONERA, S.L.",2021→2022,2021,2022,40000,Azúcar Blanco EEC Nº 2,vol_precio,836,277.25,-558.75,1.4,0.325,597.14,853.08
4292,"BURLO ALCANTARA, JUSTO",2021→2022,2021,2022,62026,Apimix - Pienso Completo No Cristaliza- Apicultura,prod_perdido,103.6,null,-103.6,0.14,null,740,null
1683,"JIMENEZ JIMENEZ, SEBASTIAN",2021→2022,2021,2022,62000,Mix Idoneo - Pienso Completo - Apicultura,prod_perdido,737.5,null,-737.5,1.25,null,590,null
2046,"CAMPOS LLOPIS, JORGE",2021→2022,2021,2022,42000,Dextrosa Cristal Monohidrato Maiz,prod_perdido,18.75,null,-18.75,0.025,null,750,null
3413,S.C.A. SANTA CRUZ DE ALPERA,2021→2022,2021,2022,40000,Azúcar Blanco EEC Nº 2,prod_perdido,567,null,-567,0.9,null,630,null
592,"FRAMAJOVA, S.L",2021→2022,2021,2022,40000,Azúcar Blanco EEC Nº 2,prod_perdido,4185.6,null,-4185.6,7.68,null,545,null
6045,"BODEGAS WILLIAMS & HUMBERT, S.A.",2021→2022,2021,2022,60010,Azúcar Liquida Neutra S.A.,vol_precio,412470.62,109496.88,-302973.74,994.06,220.24,414.94,497.17
1787,"DULCES DEL TURIA, S.L.",2021→2022,2021,2022,65005,Azúcar en polvo LS,vol_precio,2696.7,3120.83,424.1300000000001,3.03,2.49,890,1253.35
5661,"MONFORT CEBRIAN, WILMAR",2021→2022,2021,2022,40000,Azúcar Blanco EEC Nº 2,prod_perdido,648,null,-648,0.9,null,720,null
8100,"FERNANDEZ GIMENEZ, MARI PAZ ",2021→2022,2021,2022,40201,Azúcar Blanco BIO ES-ECO-024-MU Ag No UE,prod_perdido,472.5,null,-472.5,0.35,null,1350,null
400,"ASOCIACION IND. ALICANTINA DEL HELADO, S.A.",2021→2022,2021,2022,44015,Fructor 10/77,vol_precio,21028,76608,55580,37.55,100.8,560,760
400,"ASOCIACION IND. ALICANTINA DEL HELADO, S.A.",2021→2022,2021,2022,43050,Maltitol en Polvo,volumen,15890,45400,29510,7,20,2270,2270
7353,"DESTILERIAS IBIZA, S.L.",2021→2022,2021,2022,60105,"Azúcar PI 73,5-67",prod_perdido,630,null,-630,0.84,null,750,null
8219,"FRUTOS SECOS EL LLANO, S.L.",2021→2022,2021,2022,40000,Azúcar Blanco EEC Nº 2,prod_perdido,5310,null,-5310,9,null,590,null
3048,"BORI ORERO, LUIS",2021→2022,2021,2022,62026,Apimix - Pienso Completo No Cristaliza- Apicultura,prod_perdido,157.5,null,-157.5,0.25,null,630,null
450,"LA FLOR BURGALESA, S.L.",2021→2022,2021,2022,40111,Azúcar Moreno Brown (Alvean),sin_actividad,0,null,0,0.001,null,0,null
1386,"SCENTIUM FLAVOURS, S.L",2021→2022,2021,2022,63500,Jarabe de Azucar Invertido BIO,vol_precio,1767.24,3590.4,1823.16,1.83,2.4,965.7,1496
3048,"BORI ORERO, LUIS",2021→2022,2021,2022,44313,Apipasta Vitaminas 90% - Pienso para Apicultura,prod_perdido,329.4,null,-329.4,0.33,null,998.18,null
7728,"HALDAN, VIOREL",2021→2022,2021,2022,62026,Apimix - Pienso Completo No Cristaliza- Apicultura,prod_perdido,157.5,null,-157.5,0.25,null,630,null
5521,"F. MORENO CANDIED FRUITS, S.L.",2021→2022,2021,2022,43000,Maltitol Liquido 75-5308,prod_perdido,3837.6,null,-3837.6,3.9,null,984,null
401,"SOLER GIMENO, S.L.",2021→2022,2021,2022,44131,Glucor 37/79,volumen,762,64000.55,63238.55,1.2,99.954,635,640.3
462,"ROMEDUL, S.L.",2021→2022,2021,2022,44015,Fructor 10/77,vol_precio,26231.73,32918.4,6686.670000000002,60.374,48.768,434.49,675
454,"SCKUESTRANCE, S.L.",2021→2022,2021,2022,44120,Glucor 45/80,prod_perdido,1896,null,-1896,2.4,null,790,null
4505,"FIESTA COLOMBINA, S.L.U.",2021→2022,2021,2022,40350,Azúcar Granulado Extrafino,vol_precio,14910,4152.6,-10757.4,19.88,3.6,750,1153.5
3478,"APICOLA LA PARRA, S.L.U.",2021→2022,2021,2022,44313,Apipasta Vitaminas 90% - Pienso para Apicultura,vol_precio,126810,241762.5,114952.5,148.2,216.3,855.67,1117.72
340,"ARTESANOS MENDEZ, S.A.",2021→2022,2021,2022,43100,Sorbitol Liquido 70% No cristalizable,vol_precio,9072,12264,3192,9.6,10.8,945,1135.56
2850,"AMC NATURAL DRINKS, S.L.",2021→2022,2021,2022,40203,Azúcar BIO 300-500 -ES-ECO-024-MU (Agric No EU),sin_actividad,0,null,0,0.001,null,0,null
6631,"MAISON THIERCELIN, S.L.U.",2021→2022,2021,2022,65005,Azúcar en polvo LS,prod_perdido,351.75,null,-351.75,0.315,null,1116.67,null
7817,GENERAL MILLS,2021→2022,2021,2022,62150,Jarabe de Melaza de Caña,sin_actividad,0,null,0,0.001,null,0,null
2274,"GOMEZ MARCO, ROMAN",2021→2022,2021,2022,40000,Azúcar Blanco EEC Nº 2,prod_perdido,1192.5,null,-1192.5,2.25,null,530,null
1117,COMERCIAL RUIZ ARRIBAS S. XXI. S.L.,2021→2022,2021,2022,40111,Azúcar Moreno Brown (Alvean),prod_perdido,2940,null,-2940,3,null,980,null
5429,"NAVARRO VELLISCA, TOMAS",2021→2022,2021,2022,44315,Apipasta PLUS - Pienso para Apicultura,prod_perdido,71.68,null,-71.68,0.056,null,1280,null
2129,"CORTES BUSSINESS CORPORATION, S.L.",2021→2022,2021,2022,64090,ATI 68º,prod_perdido,57663.36,null,-57663.36,101.52,null,568,null
6264,"VERT CARBO, ISABEL",2021→2022,2021,2022,44314,Apipasta 90% - BIO - Pienso completo - Apicultura,vol_precio,241.2,676.5,435.3,0.12,0.3,2010,2255
4242,"FITOPAL, S.L.",2021→2022,2021,2022,44315,Apipasta PLUS - Pienso para Apicultura,prod_perdido,207.2,null,-207.2,0.14,null,1480,null
8309,"APERIMAX, S.L.",2021→2022,2021,2022,60105,"Azúcar PI 73,5-67",sin_actividad,0,null,0,0.001,null,0,null
6355,"DE LA IGLESIA ROMERO, Mª DOLORES",2021→2022,2021,2022,44313,Apipasta Vitaminas 90% - Pienso para Apicultura,volumen,1134,567,-567,1.05,0.525,1080,1080
5818,"PITARCH ALBERT, JOSE LUIS",2021→2022,2021,2022,44315,Apipasta PLUS - Pienso para Apicultura,prod_perdido,2520,null,-2520,1.68,null,1500,null
2278,"GRUPO YSAROZ, S.L.",2021→2022,2021,2022,65005,Azúcar en polvo LS,vol_precio,3132,1649.25,-1482.75,3.72,1.5,841.94,1099.5
4566,"CONFETICAKES, S.L.",2021→2022,2021,2022,65007,Azúcar en polvo LS Pallet Plast. CHEP,vol_precio,12154.5,5542.2,-6612.3,15.3,6.3,794.41,879.71
1000,CLIENTES VARIOS (CONTADO),2021→2022,2021,2022,62000,Mix Idoneo - Pienso Completo - Apicultura,prod_perdido,147.5,null,-147.5,0.25,null,590,null
2470,"CONSERVAS PEDRO LUIS, S.L.",2021→2022,2021,2022,40200,Azúcar Golden - BIO - ES-ECO-024-MU (Agric No UE),prod_perdido,27792,null,-27792,24,null,1158,null
3598,"PEINADO VILLANUEVA, JUAN JOSE",2021→2022,2021,2022,40000,Azúcar Blanco EEC Nº 2,vol_precio,1602.5,1660.75,58.25,2.75,2.275,582.73,730
542,"SDAD.ESPAÑOLA COLOR. NATURALES Y AFINES, S.A.U.",2021→2022,2021,2022,40260,Melaza de Caña,vol_precio,7080,8684.15,1604.1499999999996,12,12.686,590,684.55
7937,"ANTONIO Y PURI TORRES, S.L.",2021→2022,2021,2022,44040,Fructor 42/71,prod_perdido,11504.1,null,-11504.1,24.741,null,464.98,null
2057,"BACK EUROP ESPAÑA, S.L",2021→2022,2021,2022,62409,Fondant ES-R03 – DELITÉ,prod_perdido,5382.27,null,-5382.27,6.813,null,790,null
8304,"GALLEGO MOLERO,FERMIN ",2021→2022,2021,2022,44313,Apipasta Vitaminas 90% - Pienso para Apicultura,vol_precio,1134,3477,2343,1.05,2.85,1080,1220
3961,"JORGE DE JULIAN, JOSE ANTONIO",2021→2022,2021,2022,62000,Mix Idoneo - Pienso Completo - Apicultura,prod_perdido,885,null,-885,1.5,null,590,null
3725,"NAHARRO LOPEZ, RAMON",2021→2022,2021,2022,44313,Apipasta Vitaminas 90% - Pienso para Apicultura,prod_perdido,64.8,null,-64.8,0.06,null,1080,null
5037,"CAÑADA TORRES, JESUS",2021→2022,2021,2022,44313,Apipasta Vitaminas 90% - Pienso para Apicultura,prod_perdido,135,null,-135,0.15,null,900,null
531,"DESARROLLOS PANADEROS LEVANTINOS, S.L.L.",2021→2022,2021,2022,62400,Fondant ES-R01,vol_precio,2544,2060.1,-483.9000000000001,3.18,1.65,800,1248.55
523,"CORALIM INGREDIENTS, S.L.",2021→2022,2021,2022,41000,Fructosa MAIZ Cristal,vol_precio,283.5,203.7,-79.80000000000001,0.3,0.15,945,1358
450,"LA FLOR BURGALESA, S.L.",2021→2022,2021,2022,62150,Jarabe de Melaza de Caña,sin_actividad,0,null,0,0.001,null,0,null
6457,"DOLÇA ABELLA, S.C.",2021→2022,2021,2022,44313,Apipasta Vitaminas 90% - Pienso para Apicultura,vol_precio,288,486,198,0.3,0.45,960,1080
716,"PENALVA ALIMENTACION, S.A.",2021→2022,2021,2022,40200,Azúcar Golden - BIO - ES-ECO-024-MU (Agric No UE),prod_perdido,10640,null,-10640,8,null,1330,null
5046,"CEREALTO SINTRA FOODS, S.A.",2021→2022,2021,2022,62070,Mix Golden Jarabe,precio,2524.8,3117.6,592.7999999999997,2.4,2.4,1052,1299
1746,"PRIMITIVO PICO, S.A",2021→2022,2021,2022,43000,Maltitol Liquido 75-5308,prod_perdido,13550,null,-13550,10.84,null,1250,null
2682,"CARO CARO, CANDELARIA",2021→2022,2021,2022,44310,Apipasta 90% - Pienso completo - Apicultura,prod_perdido,1764,null,-1764,2.1,null,840,null
4460,"SOLER GELATS I TORRONS, S.L.",2021→2022,2021,2022,41000,Fructosa MAIZ Cristal,prod_perdido,118.75,null,-118.75,0.125,null,950,null
2129,"CORTES BUSSINESS CORPORATION, S.L.",2021→2022,2021,2022,60208,Azúcar TIEN 72.100 - CAÑA,prod_perdido,392592.31,null,-392592.31,801.69,null,489.71,null
1513,"AGROBIO, S.L.",2021→2022,2021,2022,62007,Mix Abejorros 60-30.4028 Pienso Completo - Apicult,vol_precio,384292.28,541739.1,157446.81999999995,750.72,682.28,511.9,794.01
4369,"LA TIENDA DEL APICULTOR, S.L.U.",2021→2022,2021,2022,44313,Apipasta Vitaminas 90% - Pienso para Apicultura,vol_precio,103005,110491.5,7486.5,115.8,95.55,889.51,1156.37
7049,"LACREM, S.A.",2021→2022,2021,2022,40000,Azúcar Blanco EEC Nº 2,prod_perdido,159679.44,null,-159679.44,333.36,null,479,null
4139,"SANCHEZ MOREA, HECTOR",2021→2022,2021,2022,44313,Apipasta Vitaminas 90% - Pienso para Apicultura,prod_perdido,302.4,null,-302.4,0.315,null,960,null
889,"ESPECIALIDADES DEL OBRADOR, S.L.",2021→2022,2021,2022,42000,Dextrosa Cristal Monohidrato Maiz,prod_perdido,1600,null,-1600,2.5,null,640,null
7962,"BAWLER EUROPE, SL",2021→2022,2021,2022,60011,Azúcar Líquida Integral de Caña,prod_perdido,110.88,null,-110.88,0.113,null,981.24,null
1832,"SIERRAS ANDALUZAS, S.C.A.",2021→2022,2021,2022,44303,Fructosa Cristal – Materia Prima para Piensos,prod_perdido,1900,null,-1900,2,null,950,null
3687,"PARDO GIMENEZ, CLAUDIO",2021→2022,2021,2022,40000,Azúcar Blanco EEC Nº 2,vol_precio,137.5,146,8.5,0.25,0.2,550,730
6079,"CAMACHO BLAZQUEZ, FERNANDO",2021→2022,2021,2022,44314,Apipasta 90% - BIO - Pienso completo - Apicultura,prod_perdido,75.6,null,-75.6,0.045,null,1680,null
1534,"GOMEZ SILLERO, CARLOS",2021→2022,2021,2022,44301,Azucar Blanco – Materia Prima para Piensos,vol_precio,6490,10310,3820,11,12.5,590,824.8
2722,"BUDENHEIM IBERICA, S.L.U.",2021→2022,2021,2022,40000,Azúcar Blanco EEC Nº 2,vol_precio,1579.5,900,-679.5,2.7,0.9,585,1000
509,MANTECADOS GAMITO HERMANOS S.L.,2021→2022,2021,2022,40000,Azúcar Blanco EEC Nº 2,prod_perdido,42474.6,null,-42474.6,84.6,null,502.06,null
5822,"CIVAN ARICILIK TEKSTIL, SALIP SAN TIC LTD STI",2021→2022,2021,2022,44315,Apipasta PLUS - Pienso para Apicultura,prod_perdido,4998,null,-4998,5.04,null,991.67,null
3186,"BODEGAS SANVIVER, S.L.",2021→2022,2021,2022,40200,Azúcar Golden - BIO - ES-ECO-024-MU (Agric No UE),prod_perdido,3690,null,-3690,3,null,1230,null
5492,"DA GLORIA AREIAS DOS SANTOS, MARIA",2021→2022,2021,2022,40200,Azúcar Golden - BIO - ES-ECO-024-MU (Agric No UE),prod_perdido,270,null,-270,0.2,null,1350,null
722,"CAPRICE DECOR,S.L.",2021→2022,2021,2022,62443,Fondant ES-R04 -SIN ETIQUETAR,prod_perdido,2858.63,null,-2858.63,3.465,null,825,null
7609,"RAMIREZ MENDEZ, ANTONIO",2021→2022,2021,2022,44315,Apipasta PLUS - Pienso para Apicultura,prod_perdido,53.76,null,-53.76,0.042,null,1280,null
6981,"VALLE MARTOS, ANTONIO JESUS",2021→2022,2021,2022,65005,Azúcar en polvo LS,prod_perdido,828.75,null,-828.75,0.975,null,850,null
6669,"FUSION BAITS, S.L.",2021→2022,2021,2022,44015,Fructor 10/77,prod_perdido,202.5,null,-202.5,0.27,null,750,null
1557,"APICOLA PERPIÑAN GRAU, SAT",2021→2022,2021,2022,40000,Azúcar Blanco EEC Nº 2,prod_perdido,4680,null,-4680,9,null,520,null
3150,"NAVARRO CRISTOFOL, VICENTE",2021→2022,2021,2022,44313,Apipasta Vitaminas 90% - Pienso para Apicultura,prod_perdido,337.5,null,-337.5,0.375,null,900,null
5819,"CASTELLON AGUILAR, FRANCISCO JAVIER",2021→2022,2021,2022,41005,Fructosa MAIZ Cristal Granulada,prod_perdido,1175,null,-1175,1.25,null,940,null
5749,"INES ROSALES, S.A.U.",2021→2022,2021,2022,40350,Azúcar Granulado Extrafino,sin_actividad,0,null,0,0.001,null,0,null
461,"PRODUCTOS JESUS, S.L.",2021→2022,2021,2022,40111,Azúcar Moreno Brown (Alvean),prod_perdido,18.63,null,-18.63,0.025,null,745.2,null
7022,"FRUTOS SECOS EMPERADOR, S.L.",2021→2022,2021,2022,65005,Azúcar en polvo LS,prod_perdido,318.75,null,-318.75,0.375,null,850,null
2161,"COLL JIMENEZ, JOSE ANTONIO",2021→2022,2021,2022,44313,Apipasta Vitaminas 90% - Pienso para Apicultura,precio,297,324,27,0.3,0.3,990,1080
3150,"NAVARRO CRISTOFOL, VICENTE",2021→2022,2021,2022,40001,Azúcar Blanco 150 ICUMSA,prod_perdido,660,null,-660,1.2,null,550,null
2665,"BORONAT CHOFRE, ALEJANDRO",2021→2022,2021,2022,44301,Azucar Blanco – Materia Prima para Piensos,prod_perdido,1872,null,-1872,3.6,null,520,null
576,"VIUDA PIFARRE Y COMPAÑIA, S.L.",2021→2022,2021,2022,61228,Fosvitae 95% Plus,prod_perdido,29.4,null,-29.4,0.032,null,918.75,null
4405,"PEINADO HERNANDEZ, IVAN",2021→2022,2021,2022,62026,Apimix - Pienso Completo No Cristaliza- Apicultura,sin_actividad,null,null,0,1.2,null,null,null
290,"IGH FLAVOURS TECHNOLOGY, S.A.U.",2021→2022,2021,2022,40201,Azúcar Blanco BIO ES-ECO-024-MU Ag No UE,prod_perdido,6545,null,-6545,5.5,null,1190,null
5941,"LA GRANA ECOLOGICA, S.L.",2021→2022,2021,2022,40203,Azúcar BIO 300-500 -ES-ECO-024-MU (Agric No EU),sin_cambio,4050,4050,0,3,3,1350,1350
3624,"LLOVERA GRAS, JOSE EMILIANO",2021→2022,2021,2022,44315,Apipasta PLUS - Pienso para Apicultura,prod_perdido,179.2,null,-179.2,0.14,null,1280,null
8350,"MIGA FOODS COMMERCE, S.L.",2021→2022,2021,2022,60105,"Azúcar PI 73,5-67",vol_precio,8.9,2248.61,2239.71,0.01,2.471,890,910
6202,"SANCHEZ FERNANDEZ, RICARDO",2021→2022,2021,2022,44313,Apipasta Vitaminas 90% - Pienso para Apicultura,prod_perdido,445.5,null,-445.5,0.495,null,900,null
7924,"J.NORKEN,S.L.",2021→2022,2021,2022,41000,Fructosa MAIZ Cristal,vol_precio,30451.5,65878.75,35427.25,39.752,58.75,766.04,1121.34
200,MARIN GIMENEZ HNOS. S.A.,2021→2022,2021,2022,40200,Azúcar Golden - BIO - ES-ECO-024-MU (Agric No UE),prod_perdido,8820,null,-8820,7,null,1260,null
4542,"COMERCIAL FONT, C.B.",2021→2022,2021,2022,65005,Azúcar en polvo LS,vol_precio,5737.65,2612.85,-3124.7999999999997,7.005,2.265,819.08,1153.58
4369,"LA TIENDA DEL APICULTOR, S.L.U.",2021→2022,2021,2022,62000,Mix Idoneo - Pienso Completo - Apicultura,vol_precio,12670.8,16185.6,3514.800000000001,19.68,20.64,643.84,784.19
8177,"LESAFFRE IBERIA, S.A.",2021→2022,2021,2022,40256,Raw Sugar 1300ICUMSA,vol_precio,26000,36237.8,10237.800000000003,52,43.66,500,830
4187,"AMILCAR & MORGADO, LDA",2021→2022,2021,2022,62001,Apimix - Pienso completo - Apicultura,vol_precio,27223.64,22085.6,-5138.040000000001,43.88,22.76,620.41,970.37
2129,"CORTES BUSSINESS CORPORATION, S.L.",2021→2022,2021,2022,64089,Nectar Base SN 65º Brix,prod_perdido,293596.8,null,-293596.8,431.76,null,680,null
7985,"VULPI SELECCION, S.L.",2021→2022,2021,2022,44015,Fructor 10/77,prod_perdido,19529.7,null,-19529.7,49.61,null,393.66,null
471,"FADICAMO, S.A.",2021→2022,2021,2022,42000,Dextrosa Cristal Monohidrato Maiz,vol_precio,13110,7320,-5790,19,7.5,690,976
3671,"LORENTE TORRALBA, JOSE MANUEL",2021→2022,2021,2022,62001,Apimix - Pienso completo - Apicultura,prod_perdido,207.2,null,-207.2,0.28,null,740,null
3805,"MONTEJANO NAVARRO, MARIA DEL CARMEN",2021→2022,2021,2022,62026,Apimix - Pienso Completo No Cristaliza- Apicultura,prod_perdido,780,null,-780,1.2,null,650,null
876,"DULPESAN, S.L.",2021→2022,2021,2022,44015,Fructor 10/77,vol_precio,1065.6,2520,1454.4,1.44,2.4,740,1050
2518,"GRANALBE, S.L.",2021→2022,2021,2022,44310,Apipasta 90% - Pienso completo - Apicultura,sin_actividad,0,null,0,0,null,null,null
6153,"RUBIO CERCOS, JOSE",2021→2022,2021,2022,44313,Apipasta Vitaminas 90% - Pienso para Apicultura,prod_perdido,270,null,-270,0.3,null,900,null
8432,"NAVARRO GIMENO, VICENTE ",2021→2022,2021,2022,44313,Apipasta Vitaminas 90% - Pienso para Apicultura,vol_precio,48.6,251.1,202.5,0.045,0.225,1080,1116
5401,"ACETARIA, S.L.",2021→2022,2021,2022,42000,Dextrosa Cristal Monohidrato Maiz,prod_perdido,940,null,-940,1,null,940,null
5187,"DISTRIBUCIONES VARPEN, S.L.",2021→2022,2021,2022,42000,Dextrosa Cristal Monohidrato Maiz,prod_perdido,1338,null,-1338,2,null,669,null
1080,"VIDAL GOLOSINAS, S.A.",2021→2022,2021,2022,40355,"Azúcar Granulado 0,6mm a 1mm",prod_perdido,1369.8,null,-1369.8,1.8,null,761,null
7279,"CORPORACION ALIMENTARIA PEÑASANTA, S.A.",2021→2022,2021,2022,61222,Fosfruit,sin_actividad,0,null,0,0.001,null,0,null
846,"PRODUCTOS ORGANICOS NAT.,S.L.",2021→2022,2021,2022,42000,Dextrosa Cristal Monohidrato Maiz,prod_perdido,237.5,null,-237.5,0.25,null,950,null
775,"NATRA CACAO,S.L.",2021→2022,2021,2022,40000,Azúcar Blanco EEC Nº 2,vol_precio,1397514,1188385.86,-209128.1399999999,2943.2,2281.964,474.83,520.77
3915,"SUMINISTROS HELADERIA VIMAR, S.L.",2021→2022,2021,2022,40000,Azúcar Blanco EEC Nº 2,vol_precio,6732,2548.5,-4183.5,12,3.66,561,696.31
7871,"DOMINIO DE LA VEGA, S.L.",2021→2022,2021,2022,40203,Azúcar BIO 300-500 -ES-ECO-024-MU (Agric No EU),prod_perdido,3168,null,-3168,2.4,null,1320,null
3863,"LA TRADICION M&T, S.L.",2021→2022,2021,2022,62400,Fondant ES-R01,vol_precio,502.2,777,274.8,0.405,0.6,1240,1295
5128,"FERTILIZANTES Y NUTRIENTES ECOLOGICOS, S.L.",2021→2022,2021,2022,42000,Dextrosa Cristal Monohidrato Maiz,vol_precio,2880,3925,1045,4,2.5,720,1570
463,"REY ALIMENTACION, S.L.",2021→2022,2021,2022,40000,Azúcar Blanco EEC Nº 2,prod_perdido,6540,null,-6540,12,null,545,null
2654,"LORENTE TORRELLA, JOSE",2021→2022,2021,2022,44315,Apipasta PLUS - Pienso para Apicultura,vol_precio,501.76,771.12,269.36,0.392,0.504,1280,1530
7757,"ESCRICHE ARCUSA, ANTONIO",2021→2022,2021,2022,62026,Apimix - Pienso Completo No Cristaliza- Apicultura,prod_perdido,341.46,null,-341.46,0.542,null,630,null
5361,"ORUJO DE POTES, S.L.",2021→2022,2021,2022,60105,"Azúcar PI 73,5-67",prod_perdido,858,null,-858,1.2,null,715,null
6549,"GARRIDO BAÑOS, MANUEL",2021→2022,2021,2022,44313,Apipasta Vitaminas 90% - Pienso para Apicultura,prod_perdido,270,null,-270,0.3,null,900,null
524,"APIC. HERMANOS ANDRES NIETO, SDAD. COOP.",2021→2022,2021,2022,62026,Apimix - Pienso Completo No Cristaliza- Apicultura,prod_perdido,20923.9,null,-20923.9,47.02,null,445,null
198,"JOSE SANDOVAL, S.L.U.",2021→2022,2021,2022,43000,Maltitol Liquido 75-5308,vol_precio,5561,4505,-1056,4.9,3.7,1134.9,1217.57
3936,"MARTINEZ DEL RIO, ISMAEL",2021→2022,2021,2022,62026,Apimix - Pienso Completo No Cristaliza- Apicultura,prod_perdido,196.84,null,-196.84,0.266,null,740,null
1281,"PRODUCTOS CHURRUCA, S.A.",2021→2022,2021,2022,65011,Azúcar en polvo y grano 50-50,vol_precio,12900,1760,-11140,18,2,716.67,880
3084,ARTENAY BARS SAS,2021→2022,2021,2022,44093,Fructor 100/80,vol_precio,13362.3,20674.68,7312.380000000001,14.14,19.055,945,1085
7671,"PETROV VALKOV, PLAMEN",2021→2022,2021,2022,44315,Apipasta PLUS - Pienso para Apicultura,prod_perdido,89.6,null,-89.6,0.07,null,1280,null
6041,"AGROLLAVOR SUPERVERT, S.L.",2021→2022,2021,2022,44313,Apipasta Vitaminas 90% - Pienso para Apicultura,vol_precio,218.7,202.5,-16.19999999999999,0.225,0.15,972,1350
8099,"HORNO SANT HONORET, SL",2021→2022,2021,2022,61228,Fosvitae 95% Plus,sin_actividad,0,null,0,0.001,null,0,null
566,"ALMACENES MIGUEZ 2005,S.L.",2021→2022,2021,2022,62000,Mix Idoneo - Pienso Completo - Apicultura,vol_precio,1248,24060,22812,2.4,30,520,802
601,"DESTILERIAS PLA, S.L",2021→2022,2021,2022,60010,Azúcar Liquida Neutra S.A.,prod_perdido,3064.32,null,-3064.32,3.192,null,960,null
1773,"SOLUBLES INSTANTANEOS, S.L.",2021→2022,2021,2022,65005,Azúcar en polvo LS,precio,539.55,767.25,227.70000000000005,0.495,0.495,1090,1550
3863,"LA TRADICION M&T, S.L.",2021→2022,2021,2022,41000,Fructosa MAIZ Cristal,vol_precio,2670,5453.5,2783.5,3,5.5,890,991.55
2751,"INIESTA GARCIA, MARIA DOLORES",2021→2022,2021,2022,43000,Maltitol Liquido 75-5308,vol_precio,201.6,132,-69.6,0.16,0.08,1260,1650
716,"PENALVA ALIMENTACION, S.A.",2021→2022,2021,2022,99950,Producto de Pruebas Líquido - 1,sin_actividad,0,null,0,0.002,null,0,null
5002,"CERVEZAS FERNANDEZ PONS, S.L.",2021→2022,2021,2022,40203,Azúcar BIO 300-500 -ES-ECO-024-MU (Agric No EU),vol_precio,580,922.8,342.79999999999995,0.4,0.6,1450,1538
208,"LICORES Y DERIVADOS, S.A.",2021→2022,2021,2022,60010,Azúcar Liquida Neutra S.A.,vol_precio,122095.9,100690.26,-21405.64,283.64,201.88,430.46,498.76
7671,"PETROV VALKOV, PLAMEN",2021→2022,2021,2022,62026,Apimix - Pienso Completo No Cristaliza- Apicultura,prod_perdido,472.5,null,-472.5,0.75,null,630,null
1864,MELAZAHAR COOP. V.,2021→2022,2021,2022,40000,Azúcar Blanco EEC Nº 2,prod_perdido,1680,null,-1680,3.2,null,525,null
3854,"ESBERGHEL DISTRIBUCIONES, S.L.",2021→2022,2021,2022,40000,Azúcar Blanco EEC Nº 2,prod_perdido,27992.25,null,-27992.25,52.75,null,530.66,null
6891,"ENCINAS MARQUEZ, FERNANDO",2021→2022,2021,2022,62026,Apimix - Pienso Completo No Cristaliza- Apicultura,prod_perdido,472.5,null,-472.5,0.75,null,630,null
3705,"APICOLA JUNEDENCA, S.L.",2021→2022,2021,2022,62001,Apimix - Pienso completo - Apicultura,vol_precio,1192.8,12670.8,11478,1.68,16.7,710,758.73
7868,GENBA TASTE,2021→2022,2021,2022,61200,Fosvitae 85%,sin_actividad,0,null,0,0.002,null,0,null
737,"COMERCIAL IBENSE, S.L.",2021→2022,2021,2022,42000,Dextrosa Cristal Monohidrato Maiz,vol_precio,2136.25,1281.25,-855,2.75,1.25,776.82,1025
3144,"DALLANT, S.A.",2021→2022,2021,2022,44093,Fructor 100/80,vol_precio,5882.4,35085.5,29203.1,7.2,29.86,817,1175
5992,"CHOZAS CARRASCAL GR, S.L.",2021→2022,2021,2022,40200,Azúcar Golden - BIO - ES-ECO-024-MU (Agric No UE),prod_perdido,1350,null,-1350,1,null,1350,null
8082,"PEREZ PEREZ, ALFREDO",2021→2022,2021,2022,62026,Apimix - Pienso Completo No Cristaliza- Apicultura,prod_perdido,31.08,null,-31.08,0.042,null,740,null
7022,"FRUTOS SECOS EMPERADOR, S.L.",2021→2022,2021,2022,40000,Azúcar Blanco EEC Nº 2,vol_precio,15015.8,7541,-7474.799999999999,25.62,9.2,586.1,819.67
1854,"ROYPAS BY NUTRIS, S.A.",2021→2022,2021,2022,40201,Azúcar Blanco BIO ES-ECO-024-MU Ag No UE,prod_perdido,193690,null,-193690,162,null,1195.62,null
1592,"APICOLA TARRAGONINA, S.C.C.L",2021→2022,2021,2022,62001,Apimix - Pienso completo - Apicultura,vol_precio,8865.6,6462,-2403.6000000000004,13.08,5.76,677.8,1121.88
3375,"EUROCHOC, S.L.",2021→2022,2021,2022,61185,Mixco Sweet 70-93.0000,vol_precio,9568.8,9088.8,-480,14.4,9.6,664.5,946.75
4085,"ANDREU ZAMORA, VICENTE",2021→2022,2021,2022,44315,Apipasta PLUS - Pienso para Apicultura,vol_precio,232.96,642.6,409.64,0.182,0.42,1280,1530
1437,"CEREALTO AGUILAR, S.L.",2021→2022,2021,2022,62150,Jarabe de Melaza de Caña,vol_precio,57421.34,65359.02,7937.68,76.664,73.852,749,885
4542,"COMERCIAL FONT, C.B.",2021→2022,2021,2022,40000,Azúcar Blanco EEC Nº 2,prod_perdido,2439,null,-2439,4.5,null,542,null
7980,"AQUAPOOL CHEMICAL, S.L.",2021→2022,2021,2022,61141,Mixco Sweet 69-70.0030,volumen,31447.28,14712.6,-16734.68,48.68,22.6,646,651
2674,"MUÑOZ GUILLEN, JUAN",2021→2022,2021,2022,62000,Mix Idoneo - Pienso Completo - Apicultura,vol_precio,295,177.5,-117.5,0.5,0.25,590,710
4937,"YESLOSA, S.L.",2021→2022,2021,2022,44313,Apipasta Vitaminas 90% - Pienso para Apicultura,prod_perdido,243,null,-243,0.27,null,900,null
4619,"EUROPEA DE APICULTURA, S.L.",2021→2022,2021,2022,40000,Azúcar Blanco EEC Nº 2,prod_perdido,11660,null,-11660,22,null,530,null
239,"ASOCIACION DE APICULTORES DE VIZCAYA, B.E.",2021→2022,2021,2022,44310,Apipasta 90% - Pienso completo - Apicultura,vol_precio,15285,4635,-10650,16.56,4.5,923.01,1030
4398,"ARTE LACTICO CAPRINO, S.L.",2021→2022,2021,2022,40111,Azúcar Moreno Brown (Alvean),sin_actividad,0,null,0,0.002,null,0,null
891,"MONTEALBOR ALIMENTACION, S.A.U",2021→2022,2021,2022,40000,Azúcar Blanco EEC Nº 2,vol_precio,2210.5,1753.2,-457.29999999999995,3.25,1.8,680.15,974
3194,"DESTILERIAS RONIWESK, S.L.",2021→2022,2021,2022,44015,Fructor 10/77,prod_perdido,9507,null,-9507,16.9,null,562.54,null
455,"EMILIO PEÑA, S.A.",2021→2022,2021,2022,41000,Fructosa MAIZ Cristal,vol_precio,8905,48852.5,39947.5,11.001,40.75,809.47,1198.83
200,MARIN GIMENEZ HNOS. S.A.,2021→2022,2021,2022,44131,Glucor 37/79,sin_actividad,0,null,0,0.001,null,0,null
3845,"IRAOLA MORTE, HIPOLITO",2021→2022,2021,2022,44313,Apipasta Vitaminas 90% - Pienso para Apicultura,prod_perdido,121.5,null,-121.5,0.135,null,900,null
334,"DESTILERIAS ALEMAN, S.L.",2021→2022,2021,2022,60010,Azúcar Liquida Neutra S.A.,vol_precio,4237.2,1066.8,-3170.3999999999996,6,1.2,706.2,889
1747,"FRUIT TECH NATURAL, S.A.",2021→2022,2021,2022,60510,CLARIFICADO-003INV.65,prod_perdido,6250,null,-6250,2.5,null,2500,null
1747,"FRUIT TECH NATURAL, S.A.",2021→2022,2021,2022,61211,Mixco Sweet 74-01.5050 REMOLACHA,vol_precio,2333426.4,5623290.88,3289864.48,4275.6,6253.44,545.75,899.23
2129,"CORTES BUSSINESS CORPORATION, S.L.",2021→2022,2021,2022,64052,Nectar Base 7 69º,prod_perdido,309690.35,null,-309690.35,534.579,null,579.32,null
2489,"SALAS Y SIRVENT, S.L.",2021→2022,2021,2022,60010,Azúcar Liquida Neutra S.A.,vol_precio,63971.4,28094.04,-35877.36,141.52,48.6,452.03,578.07
6151,"FRULACT, S.A.",2021→2022,2021,2022,60105,"Azúcar PI 73,5-67",vol_precio,2898,8952,6054,3.6,7.2,805,1243.33
233,"FAROLIVA, S.L.",2021→2022,2021,2022,40000,Azúcar Blanco EEC Nº 2,precio,2201.4,2772,570.5999999999999,3.6,3.6,611.5,770
2983,"CANTOS MONTAÑANA, VICENTE RAMON",2021→2022,2021,2022,40000,Azúcar Blanco EEC Nº 2,prod_perdido,68.75,null,-68.75,0.125,null,550,null
7826,"TOSTASOL FRUTOS SECOS, S.L.",2021→2022,2021,2022,41005,Fructosa MAIZ Cristal Granulada,prod_perdido,27,null,-27,0.025,null,1080,null
4010,"CAMPOS MARTINEZ, JOSE ANGEL",2021→2022,2021,2022,62026,Apimix - Pienso Completo No Cristaliza- Apicultura,prod_perdido,428.4,null,-428.4,0.63,null,680,null
271,"LABORATORIOS ALMOND, S.L.",2021→2022,2021,2022,40204,Azúcar BIO 600-1200 -ES-ECO-024-MU (Agric No EU),vol_precio,2530.8,4519,1988.1999999999998,1.8,3,1406,1506.33
5393,ICKOWICZ APICULTURE SAS,2021→2022,2021,2022,44314,Apipasta 90% - BIO - Pienso completo - Apicultura,vol_precio,174568.05,132103.2,-42464.84999999998,102.15,64.875,1708.94,2036.27
8205,"SALSA RICA, S.L.",2021→2022,2021,2022,60000,Azúcar Líquida Neutra 67º,sin_actividad,0,null,0,0.001,null,0,null
1933,"YEPES CANDEL, ANTONIO",2021→2022,2021,2022,62026,Apimix - Pienso Completo No Cristaliza- Apicultura,prod_perdido,315,null,-315,0.5,null,630,null
455,"EMILIO PEÑA, S.A.",2021→2022,2021,2022,44120,Glucor 45/80,prod_perdido,906,null,-906,1.2,null,755,null
5183,"PROVENCE APICULTURE, SAS",2021→2022,2021,2022,44310,Apipasta 90% - Pienso completo - Apicultura,prod_perdido,1638,null,-1638,2.1,null,780,null
3239,"SUCESORES DE ARTURO CARBONELL, S.L.",2021→2022,2021,2022,40110,Azúcar Moreno Brown (Azucarera),precio,387,435,48,0.3,0.3,1290,1450
2364,"M&C BAKERY, S.L",2021→2022,2021,2022,60105,"Azúcar PI 73,5-67",vol_precio,47943.17,43129.3,-4813.869999999995,75.264,53.125,637,811.85
6146,"JUAN JIMENEZ GARCIA, S.A.U.",2021→2022,2021,2022,42000,Dextrosa Cristal Monohidrato Maiz,vol_precio,34756,18640,-16116,51,20,681.49,932
1119,"APILORE, S.L.",2021→2022,2021,2022,44411,Beesucre Vit. - Pienso completo - Apicultura,vol_precio,65562,56590.8,-8971.199999999997,74.55,51.96,879.44,1089.12
4623,"FRATER ALIMENTOS, S.L.",2021→2022,2021,2022,40000,Azúcar Blanco EEC Nº 2,prod_perdido,48514.5,null,-48514.5,94.5,null,513.38,null
3850,"BARRIEL TAPIA, AMADO JAVIER",2021→2022,2021,2022,44315,Apipasta PLUS - Pienso para Apicultura,prod_perdido,1863.68,null,-1863.68,1.456,null,1280,null
541,"PANYPAST GRANADA, S.L.",2021→2022,2021,2022,62402,Fondant ES-R03,vol_precio,864,1254.75,390.75,1.152,1.11,750,1130.41
1253,"HORCHATA EL COSECHERO, S.L.",2021→2022,2021,2022,40000,Azúcar Blanco EEC Nº 2,vol_precio,159876.08,114252.2,-45623.87999999999,315.675,174.4,506.46,655.12
4570,"PURADIS, S.L.",2021→2022,2021,2022,60114,"Azúcar PI 73,5-67-C",prod_perdido,1222.2,null,-1222.2,1.26,null,970,null
6956,"MARIAN, VIOREL",2021→2022,2021,2022,44015,Fructor 10/77,prod_perdido,310.5,null,-310.5,0.45,null,690,null
275,"LARRINAGA LEKERIKA, JAVIER",2021→2022,2021,2022,62020,Mix Fructor Apicultor - Pienso completo - Apicult.,prod_perdido,1368,null,-1368,2.4,null,570,null
4709,"TURRONES PICO, S.A.",2021→2022,2021,2022,42000,Dextrosa Cristal Monohidrato Maiz,prod_perdido,512,null,-512,0.8,null,640,null
4542,"COMERCIAL FONT, C.B.",2021→2022,2021,2022,40330,Azúcar Perlado 2,prod_perdido,37.5,null,-37.5,0.025,null,1500,null
2737,"ALFONSO MARTINEZ TORRANO, S.L.",2021→2022,2021,2022,40355,"Azúcar Granulado 0,6mm a 1mm",sin_cambio,742.5,742.5,0,0.9,0.9,825,825
516,"PAIARROP, S.L.",2021→2022,2021,2022,40000,Azúcar Blanco EEC Nº 2,vol_precio,58165,86856,28691,112,115.6,519.33,751.35
5045,"DADELOS AGRICOLA, S.L.",2021→2022,2021,2022,40000,Azúcar Blanco EEC Nº 2,vol_precio,49705,54616.5,4911.5,93,73.9,534.46,739.06
2154,"AB AZUCARERA IBERIA, S.L.",2021→2022,2021,2022,65024,Azúcar en Polvo - LM3 Micronizada - Plastico chep,vol_precio,186007.88,30147.45,-155860.43,265.875,39.85,699.61,756.52
5428,"CLEMENTE SANZ, AURORA",2021→2022,2021,2022,62001,Apimix - Pienso completo - Apicultura,vol_precio,72.52,342.3,269.78000000000003,0.098,0.322,740,1063.04
3479,"LA TAHONA DE UTIEL, S.L.",2021→2022,2021,2022,60114,"Azúcar PI 73,5-67-C",vol_precio,1098.2,3576,2477.8,1.508,2.4,728.25,1490
2917,"CARAMEL FOOD, S.L.",2021→2022,2021,2022,44015,Fructor 10/77,prod_perdido,353,null,-353,0.46,null,767.39,null
2338,"PEREZ PEREZ, VALERIANO",2021→2022,2021,2022,43000,Maltitol Liquido 75-5308,prod_perdido,590,null,-590,0.5,null,1180,null
419,"DISTRIBUCIONES JAIME SARRION, S.L.",2021→2022,2021,2022,60114,"Azúcar PI 73,5-67-C",vol_precio,693.35,288.4,-404.95000000000005,0.903,0.28,767.83,1030
8366,"BARAHONA QUINTANA, ANTONIO",2021→2022,2021,2022,44313,Apipasta Vitaminas 90% - Pienso para Apicultura,vol_precio,550.8,1810.5,1259.7,0.51,1.35,1080,1341.11
6303,"SILVA GORDON, DIEGO",2021→2022,2021,2022,40200,Azúcar Golden - BIO - ES-ECO-024-MU (Agric No UE),prod_perdido,33.75,null,-33.75,0.025,null,1350,null
535,"FRIMAR PANADEROS, S.L.",2021→2022,2021,2022,43003,Maltitol 55/75,prod_perdido,1283.1,null,-1283.1,1.3,null,987,null
346,"PANARRO FOODS, S.L.",2021→2022,2021,2022,44010,Fructor 10/81,vol_precio,64019.29,112361,48341.71,123.097,150.34,520.07,747.38
1000,CLIENTES VARIOS (CONTADO),2021→2022,2021,2022,62001,Apimix - Pienso completo - Apicultura,vol_precio,1120.5,750.12,-370.38,1.5,0.812,747,923.79
8377,ALHANASHIR FARMING REQUIREMENTS CO. LTD,2021→2022,2021,2022,44313,Apipasta Vitaminas 90% - Pienso para Apicultura,prod_perdido,13450.5,null,-13450.5,14.7,null,915,null
580,"INDUSTRIAS VIDECA, S.A.",2021→2022,2021,2022,40000,Azúcar Blanco EEC Nº 2,prod_perdido,105123,null,-105123,206.801,null,508.33,null
1918,"OLIVA SANTOS, CASTOR",2021→2022,2021,2022,40000,Azúcar Blanco EEC Nº 2,prod_perdido,2360,null,-2360,4,null,590,null
1000,CLIENTES VARIOS (CONTADO),2021→2022,2021,2022,40110,Azúcar Moreno Brown (Azucarera),volumen,134.25,60.73,-73.52000000000001,0.13,0.058,1032.69,1047.07
3699,"GONZALEZ CARBALLAL, S.L.",2021→2022,2021,2022,44310,Apipasta 90% - Pienso completo - Apicultura,vol_precio,14040,14398.8,358.7999999999993,17.55,15.6,800,923
448,"ESGIR, S.L.",2021→2022,2021,2022,40203,Azúcar BIO 300-500 -ES-ECO-024-MU (Agric No EU),prod_perdido,2580,null,-2580,2,null,1290,null
4542,"COMERCIAL FONT, C.B.",2021→2022,2021,2022,62401,Fondant ES-R02,precio,2127.56,2580.66,453.0999999999999,2.524,2.556,842.93,1009.65
2903,"MEDITERRANEA MELLIS, S.L.",2021→2022,2021,2022,99950,Producto de Pruebas Líquido - 1,sin_actividad,0,null,0,0.003,null,0,null
566,"ALMACENES MIGUEZ 2005,S.L.",2021→2022,2021,2022,62026,Apimix - Pienso Completo No Cristaliza- Apicultura,prod_perdido,2740,null,-2740,4.6,null,595.65,null
3222,"RIERA COMERCIAL D'ALIMENTACION, S.L.",2021→2022,2021,2022,40000,Azúcar Blanco EEC Nº 2,prod_perdido,12757.5,null,-12757.5,24.3,null,525,null
7055,"AGROPECUARIA CASTIÑEIRAS, S.L.",2021→2022,2021,2022,44313,Apipasta Vitaminas 90% - Pienso para Apicultura,precio,2079,2761.5,682.5,2.1,2.1,990,1315
8090,G.I.E. GROUPE LOMBARD,2021→2022,2021,2022,44313,Apipasta Vitaminas 90% - Pienso para Apicultura,vol_precio,8658,18144,9486,11.1,18.9,780,960
211,"MARTINEZ NIETO, S.A.",2021→2022,2021,2022,43100,Sorbitol Liquido 70% No cristalizable,vol_precio,5376,10164,4788,4.8,8.4,1120,1210
5794,"LOPEZ DOMINGUEZ, MARIA ANGELES",2021→2022,2021,2022,44313,Apipasta Vitaminas 90% - Pienso para Apicultura,vol_precio,2205,1604.25,-600.75,2.1,1.035,1050,1550
5528,"FERNANDEZ LOPEZ, ANTONIO",2021→2022,2021,2022,44314,Apipasta 90% - BIO - Pienso completo - Apicultura,sin_cambio,452.25,452.25,0,0.225,0.225,2010,2010
275,"LARRINAGA LEKERIKA, JAVIER",2021→2022,2021,2022,44313,Apipasta Vitaminas 90% - Pienso para Apicultura,prod_perdido,927,null,-927,0.9,null,1030,null
5002,"CERVEZAS FERNANDEZ PONS, S.L.",2021→2022,2021,2022,40206,Azúcar Blanco BIO ES-ECO-024-MU Ag No UE NOP,prod_perdido,296,null,-296,0.2,null,1480,null
6887,"SUMINISTROS GALLARDO GARCIA, S.L.",2021→2022,2021,2022,62403,Fondant ES-R04,prod_perdido,1848.96,null,-1848.96,1.92,null,963,null
3154,"FRIAS NUTRICION, S.A.",2021→2022,2021,2022,60000,Azúcar Líquida Neutra 67º,vol_precio,162295.14,229873.5,67578.35999999999,433.82,460.08,374.11,499.64
1000,CLIENTES VARIOS (CONTADO),2021→2022,2021,2022,44010,Fructor 10/81,prod_perdido,427,null,-427,0.6,null,711.67,null
239,"ASOCIACION DE APICULTORES DE VIZCAYA, B.E.",2021→2022,2021,2022,62020,Mix Fructor Apicultor - Pienso completo - Apicult.,vol_precio,11013.6,10218.38,-795.2200000000012,16.32,12.242,674.85,834.7
465,"INVESTIGACION Y DESARROLLO PANADERO, S.L.",2021→2022,2021,2022,42001,Dextrosa C.Monohidrato Maiz Pallet Plast.  CHEP,vol_precio,16400,12586,-3814,24,12.4,683.33,1015
4329,"ZAFRA SANTILLANA, ELOY",2021→2022,2021,2022,44310,Apipasta 90% - Pienso completo - Apicultura,prod_perdido,430.5,null,-430.5,0.525,null,820,null
551,"ICE CREAM FACTORY COMAKER, S.A.",2021→2022,2021,2022,41001,Fructosa MAIZ Cristal Pallet CHEP Plastico,prod_perdido,2550,null,-2550,3,null,850,null
1428,"PRODUCTOS MENGUAL, S.L.",2021→2022,2021,2022,40203,Azúcar BIO 300-500 -ES-ECO-024-MU (Agric No EU),prod_perdido,33.75,null,-33.75,0.025,null,1350,null
5808,"MORENO GARCIA, ISAAC",2021→2022,2021,2022,42000,Dextrosa Cristal Monohidrato Maiz,prod_perdido,251,null,-251,0.35,null,717.14,null
7422,"HERRANZ FERREROS, JULIO RICARDO",2021→2022,2021,2022,44315,Apipasta PLUS - Pienso para Apicultura,prod_perdido,250.88,null,-250.88,0.196,null,1280,null
7830,"KANKEL BEAN TO BAR, S.L.",2021→2022,2021,2022,40200,Azúcar Golden - BIO - ES-ECO-024-MU (Agric No UE),prod_perdido,1072,null,-1072,0.8,null,1340,null
1325,"HIDA ALIMENTACION , S.A.",2021→2022,2021,2022,40111,Azúcar Moreno Brown (Alvean),sin_actividad,0,null,0,0.001,null,0,null
7171,"QUIRANTE FRUITS, S.L.",2021→2022,2021,2022,61225,CA1956,vol_precio,120660.17,274689.26,154029.09000000003,174.798,277.807,690.28,988.78
4561,"AGRICOM, S.R.L.",2021→2022,2021,2022,62028,Apimix Pienso Completo (ESP-ITA),vol_precio,19423.2,33568.61,14145.41,33.6,42.996,578.07,780.74
4894,"GONZALEZ TORRALBA, VICENTE",2021→2022,2021,2022,44313,Apipasta Vitaminas 90% - Pienso para Apicultura,volumen,162,324,162,0.15,0.3,1080,1080
6575,"YEPES MARTINEZ, HIPOLITO",2021→2022,2021,2022,62001,Apimix - Pienso completo - Apicultura,prod_perdido,187.5,null,-187.5,0.25,null,750,null
4709,"TURRONES PICO, S.A.",2021→2022,2021,2022,60119,Azúcar PI 74-50,prod_perdido,77700.6,null,-77700.6,166.84,null,465.72,null
2807,SAT ELS SARIERS,2021→2022,2021,2022,60114,"Azúcar PI 73,5-67-C",prod_perdido,47.6,null,-47.6,0.056,null,850,null
1083,"COLLADO COLADO, ASUNCION",2021→2022,2021,2022,44313,Apipasta Vitaminas 90% - Pienso para Apicultura,vol_precio,550.8,1254,703.2,0.51,0.9,1080,1393.33
4383,"MANUFRI, S.L.",2021→2022,2021,2022,99950,Producto de Pruebas Líquido - 1,sin_actividad,0,0,0,0.01,0.01,0,0
8350,"MIGA FOODS COMMERCE, S.L.",2021→2022,2021,2022,61200,Fosvitae 85%,prod_perdido,20.88,null,-20.88,0.01,null,2088,null
1962,"NAVARRO MORA, JOSEFA",2021→2022,2021,2022,62000,Mix Idoneo - Pienso Completo - Apicultura,vol_precio,295.1,371,75.89999999999998,0.39,0.35,756.67,1060
7171,"QUIRANTE FRUITS, S.L.",2021→2022,2021,2022,64504,COMPO HCA,vol_precio,144796.97,210813.25,66016.28,175.299,200.776,826,1049.99
428,"PASTELERIA INDUSTRIAL MONTE TURIA, S.A.",2021→2022,2021,2022,40350,Azúcar Granulado Extrafino,vol_precio,74017.5,49906.8,-24110.699999999997,106.5,52.2,695,956.07
484,"PRODUCTOS LA PILARICA, S.A.",2021→2022,2021,2022,40350,Azúcar Granulado Extrafino,prod_perdido,294,null,-294,0.475,null,618.95,null
2129,"CORTES BUSSINESS CORPORATION, S.L.",2021→2022,2021,2022,64086,Nectar Base 14 65º,prod_perdido,49087.5,null,-49087.5,93.5,null,525,null
3111,"GOMEZ MARTIN, HUGO",2021→2022,2021,2022,62020,Mix Fructor Apicultor - Pienso completo - Apicult.,vol_precio,16692,17964,1272,31.2,25.2,535,712.86
4321,"GONZALEZ MARTINEZ, MANUEL",2021→2022,2021,2022,62026,Apimix - Pienso Completo No Cristaliza- Apicultura,prod_perdido,3900,null,-3900,6,null,650,null
7973,SC CALIPSO SRL,2021→2022,2021,2022,99950,Producto de Pruebas Líquido - 1,sin_actividad,0,null,0,0.001,null,0,null
492,"ENRIQUE GARRIGOS MONERRIS, S.A.",2021→2022,2021,2022,60119,Azúcar PI 74-50,vol_precio,68723,99623.4,30900.399999999994,144.68,180.34,475,552.42
1023,"TORRONS VICENS, S.L.",2021→2022,2021,2022,44120,Glucor 45/80,vol_precio,13960.92,14763,802.0799999999999,28.68,14.06,486.78,1050
7394,"ACTIVIDAD APICOLA ECOLOGICA M.F., S.L.",2021→2022,2021,2022,44314,Apipasta 90% - BIO - Pienso completo - Apicultura,vol_precio,668.25,1560.45,892.2,0.405,0.765,1650,2039.8
3673,"LATORRE GARCIA, RAUL",2021→2022,2021,2022,41000,Fructosa MAIZ Cristal,prod_perdido,243,null,-243,0.225,null,1080,null
2053,"MANUEL BUSTO AMANDI, S.A.",2021→2022,2021,2022,99950,Producto de Pruebas Líquido - 1,sin_actividad,0,null,0,0.001,null,0,null
261,"EZTIKIDETZA, S.A.T.",2021→2022,2021,2022,44313,Apipasta Vitaminas 90% - Pienso para Apicultura,vol_precio,2950.5,5292,2341.5,3.15,4.2,936.67,1260
2525,"COMERCIAL APICOLA ROSSEND MARGALEF, S.L.",2021→2022,2021,2022,65005,Azúcar en polvo LS,prod_perdido,25.2,null,-25.2,0.03,null,840,null
609,"ALBORCHATA,S.L.",2021→2022,2021,2022,40007,Azúcar Blanco EEC Nº 2 ACOR / TEREOS.,prod_perdido,3526.88,null,-3526.88,7.425,null,475,null
1607,"APICOLA CERDA MARTINEZ, S.L.U.",2021→2022,2021,2022,44304,Azucar Polvo LS – Pienso completo – Apicultura,prod_perdido,89.25,null,-89.25,0.105,null,850,null
8344,"PA DE MEL, S.L.",2021→2022,2021,2022,40000,Azúcar Blanco EEC Nº 2,volumen,28626.72,39258.24,10631.519999999997,51.86,71.12,552,552
7721,"IMPORTACO FOOD SERVICE, S.L.",2021→2022,2021,2022,40000,Azúcar Blanco EEC Nº 2,volumen,5895,3496.5,-2398.5,10.8,6.3,545.83,555
4908,"PEREZ BARQUERO, S.A.",2021→2022,2021,2022,60209,Azúcar Invertido 63º,vol_precio,131472.96,67455.9,-64017.06,326.08,120.7,403.19,558.87
1747,"FRUIT TECH NATURAL, S.A.",2021→2022,2021,2022,61207,Mixco Sweet 74-00.5050 M1,vol_precio,1150723.2,701393.72,-449329.48,1230.72,581.3,935,1206.6
2174,"MANTECAS MARTINEZ, S.L.",2021→2022,2021,2022,40000,Azúcar Blanco EEC Nº 2,prod_perdido,36147,null,-36147,72.3,null,499.96,null
436,"TURRONES JOSE GARRIGOS, S.A.",2021→2022,2021,2022,61068,Mixco Sweet 77.5-00.2018,sin_actividad,0,null,0,0.001,null,0,null
874,"COMERCIAL MAPROHELCO, S.L.",2021→2022,2021,2022,44015,Fructor 10/77,prod_perdido,74,null,-74,0.1,null,740,null
3644,"MOLINA HERNANDEZ, VICENTE",2021→2022,2021,2022,44313,Apipasta Vitaminas 90% - Pienso para Apicultura,precio,64.8,93,28.200000000000003,0.06,0.06,1080,1550
536,"S.H.S., S.L.",2021→2022,2021,2022,40111,Azúcar Moreno Brown (Alvean),prod_perdido,9500,null,-9500,12.5,null,760,null
1786,"ANITIN PANES ESPECIALES, S.L.",2021→2022,2021,2022,42001,Dextrosa C.Monohidrato Maiz Pallet Plast.  CHEP,prod_perdido,8919.15,null,-8919.15,14.55,null,613,null
615,"PRODUCTOS DE VITICULTURA, S.A.",2021→2022,2021,2022,60000,Azúcar Líquida Neutra 67º,vol_precio,5706.74,16208.72,10501.98,12.221,24.86,466.96,652
3683,"MADRID JULVE, LUIS",2021→2022,2021,2022,44315,Apipasta PLUS - Pienso para Apicultura,prod_perdido,42.84,null,-42.84,0.028,null,1530,null
512,"SUGAR'S MAGIC, S.L.",2021→2022,2021,2022,44120,Glucor 45/80,vol_precio,21343.3,44452.3,23109.000000000004,41.96,55.57,508.66,799.93
3384,"PEREZ GARCIA, MARIA DOLORES",2021→2022,2021,2022,40203,Azúcar BIO 300-500 -ES-ECO-024-MU (Agric No EU),prod_perdido,33.75,null,-33.75,0.025,null,1350,null
7169,"MASTRIGO BIO GOURMET, S.L.",2021→2022,2021,2022,62150,Jarabe de Melaza de Caña,sin_actividad,0,null,0,0.001,null,0,null
4106,"LOS MAJOS BIO, S.L.",2021→2022,2021,2022,40203,Azúcar BIO 300-500 -ES-ECO-024-MU (Agric No EU),vol_precio,270,552.3,282.29999999999995,0.2,0.35,1350,1578
5827,"ORGANICOS SANGONERA, S.L.",2021→2022,2021,2022,41000,Fructosa MAIZ Cristal,vol_precio,54,118.8,64.8,0.05,0.1,1080,1188
7708,"MARTIN BERNAL, LAURA",2021→2022,2021,2022,44010,Fructor 10/81,vol_precio,144,278.72,134.72000000000003,0.24,0.26,600,1072
3742,"MITO SOLUTIONS, S.L.",2021→2022,2021,2022,44111,Glucor 60/82,prod_perdido,888,null,-888,1.2,null,740,null
8124,"LOPEZ QUIXERES, ISMAEL",2021→2022,2021,2022,62001,Apimix - Pienso completo - Apicultura,prod_perdido,11.1,null,-11.1,0.015,null,740,null
7731,"TOLEDANO GARCIA, JOSE FERNANDO",2021→2022,2021,2022,44313,Apipasta Vitaminas 90% - Pienso para Apicultura,prod_perdido,67.5,null,-67.5,0.075,null,900,null
577,"FARTONS POLO, S.L.",2021→2022,2021,2022,40000,Azúcar Blanco EEC Nº 2,vol_precio,167747,204333.1,36586.100000000006,344,289.6,487.64,705.57
226,"HIJOS DE ALBERTO SOTO, S.L.",2021→2022,2021,2022,61071,Mixco Sweet 71-50.1723,vol_precio,26402.06,31428.7,5026.639999999999,55.34,40.2,477.09,781.81
2692,"PRODUCTOS GARPE, S.A.",2021→2022,2021,2022,61104,Mixco Sweet 81-05.5041 A-MI,prod_perdido,6098.75,null,-6098.75,7.175,null,850,null
7286,"FALTICSKA, PAUL LUCIAN",2021→2022,2021,2022,62021,Apimix 75 Pienso completo – Apicultura,prod_perdido,900,null,-900,1.2,null,750,null
4286,"FERNANDEZ MOYA, ANGEL",2021→2022,2021,2022,40000,Azúcar Blanco EEC Nº 2,prod_perdido,34,null,-34,0.05,null,680,null
3543,"J.J. ROBLES BORREGO, S.L.",2021→2022,2021,2022,40000,Azúcar Blanco EEC Nº 2,prod_perdido,81782,null,-81782,166,null,492.66,null
7110,"ENVASADOS ECOLOGICOS LOLA, S.L.",2021→2022,2021,2022,40200,Azúcar Golden - BIO - ES-ECO-024-MU (Agric No UE),prod_perdido,540,null,-540,0.4,null,1350,null
6981,"VALLE MARTOS, ANTONIO JESUS",2021→2022,2021,2022,62402,Fondant ES-R03,sin_actividad,0,null,0,0.008,null,0,null
4704,"MIGUELA MIGUELA, FRANCISCO",2021→2022,2021,2022,44313,Apipasta Vitaminas 90% - Pienso para Apicultura,prod_perdido,194.4,null,-194.4,0.18,null,1080,null
1854,"ROYPAS BY NUTRIS, S.A.",2021→2022,2021,2022,49006,Almidón nativo de Maiz,prod_ganado,0,83700,83700,0.001,90,0,930
5245,"ELGORRIAGA BRANDS, S.A.",2021→2022,2021,2022,62070,Mix Golden Jarabe,sin_actividad,0,null,0,0.005,null,0,null
4911,"TOLOSA GONZALEZ, ANTONIO",2021→2022,2021,2022,44313,Apipasta Vitaminas 90% - Pienso para Apicultura,prod_perdido,240,null,-240,0.3,null,800,null
3850,"BARRIEL TAPIA, AMADO JAVIER",2021→2022,2021,2022,44313,Apipasta Vitaminas 90% - Pienso para Apicultura,prod_perdido,94.5,null,-94.5,0.105,null,900,null
8080,SAUDI GOODY PRODUCTS MARKETING COMPANY ,2021→2022,2021,2022,90000,Muestra de Producto Líquido,sin_actividad,0,null,0,0.008,null,0,null
2748,"NAVARRO SERRA, MIGUEL ANGEL",2021→2022,2021,2022,40000,Azúcar Blanco EEC Nº 2,prod_perdido,385,null,-385,0.7,null,550,null
2061,"GALLETAS GARGALLO, S.A",2021→2022,2021,2022,62150,Jarabe de Melaza de Caña,prod_perdido,17,null,-17,0.02,null,850,null
7458,"FUENTE BASCUÑANA, ANGEL",2021→2022,2021,2022,44315,Apipasta PLUS - Pienso para Apicultura,prod_perdido,179.2,null,-179.2,0.14,null,1280,null
1624,S.A.T. Nº8192 PEREGRI,2021→2022,2021,2022,44010,Fructor 10/81,vol_precio,18208.79,16337.2,-1871.5900000000001,29.439,17.38,618.53,940
428,"PASTELERIA INDUSTRIAL MONTE TURIA, S.A.",2021→2022,2021,2022,43100,Sorbitol Liquido 70% No cristalizable,vol_precio,19526.6,17869.5,-1657.0999999999985,21.94,18.05,890,990
3436,"ABELLANEDA LIDON, ISIDORO",2021→2022,2021,2022,44313,Apipasta Vitaminas 90% - Pienso para Apicultura,prod_perdido,270,null,-270,0.3,null,900,null
523,"CORALIM INGREDIENTS, S.L.",2021→2022,2021,2022,40000,Azúcar Blanco EEC Nº 2,vol_precio,3987,1314,-2673,6.3,1.8,632.86,730
7908,"DIMITROV NIKOLOV, ZHIVKO",2021→2022,2021,2022,44315,Apipasta PLUS - Pienso para Apicultura,prod_perdido,64.26,null,-64.26,0.042,null,1530,null
3105,"REY CANO, FRANCISCO",2021→2022,2021,2022,44313,Apipasta Vitaminas 90% - Pienso para Apicultura,vol_precio,672.3,1166.4,494.10000000000014,0.705,1.08,953.62,1080
5819,"CASTELLON AGUILAR, FRANCISCO JAVIER",2021→2022,2021,2022,40111,Azúcar Moreno Brown (Alvean),prod_perdido,75,null,-75,0.1,null,750,null
5316,"CASH-ZAPATA, S.L.",2021→2022,2021,2022,40000,Azúcar Blanco EEC Nº 2,prod_perdido,15637.5,null,-15637.5,22.5,null,695,null
7573,"SANCHEZ LOPEZ, CARLOS",2021→2022,2021,2022,62026,Apimix - Pienso Completo No Cristaliza- Apicultura,prod_perdido,103.6,null,-103.6,0.14,null,740,null
7829,"ORANGE VALENCIA WORLD, S.L. ",2021→2022,2021,2022,61242,Base Neutra CAEP 70-2522,sin_actividad,0,null,0,0.002,null,0,null
7736,"MARIQUEZ CHUMILLAS, MIGUEL",2021→2022,2021,2022,40050,Az. Bl. EEC Nº 2 Sobrante,sin_actividad,null,null,0,3.943,null,null,null
7115,"RIVERBEND ESPAÑA, S.A",2021→2022,2021,2022,60522,CLARIFICADO-004.50,prod_perdido,13692,null,-13692,39.12,null,350,null
432,"CHOCOLATES ALGARRA, S.L.",2021→2022,2021,2022,40001,Azúcar Blanco 150 ICUMSA,prod_perdido,479,null,-479,1,null,479,null
3795,"ZAPATA ALEMAN, SALVADOR",2021→2022,2021,2022,44313,Apipasta Vitaminas 90% - Pienso para Apicultura,prod_perdido,64.8,null,-64.8,0.06,null,1080,null
8074,GAEC L’ABEILLE DU LECTOUROIS,2021→2022,2021,2022,44315,Apipasta PLUS - Pienso para Apicultura,vol_precio,66.64,1284.36,1217.7199999999998,0.056,0.84,1190,1529
5323,"CIERCOLES ARIÑO, IGNACIO",2021→2022,2021,2022,44313,Apipasta Vitaminas 90% - Pienso para Apicultura,prod_perdido,1134,null,-1134,1.05,null,1080,null
6316,"PEREZ BAQUEDANO, BEGOÑA",2021→2022,2021,2022,44301,Azucar Blanco – Materia Prima para Piensos,prod_perdido,4221,null,-4221,6.3,null,670,null
4505,"FIESTA COLOMBINA, S.L.U.",2021→2022,2021,2022,40001,Azúcar Blanco 150 ICUMSA,prod_perdido,805805,null,-805805,1679,null,479.93,null
2903,"MEDITERRANEA MELLIS, S.L.",2021→2022,2021,2022,61198,Mixco Sweet Plus 82-05.5536,vol_precio,604125.36,527857.12,-76268.23999999999,729.62,473.82,828,1114.05
2577,"IMPORTACO CASA PONS, S.A.U.",2021→2022,2021,2022,40000,Azúcar Blanco EEC Nº 2,vol_precio,332323.5,452842.16,120518.65999999997,627.7,588.98,529.43,768.86
1747,"FRUIT TECH NATURAL, S.A.",2021→2022,2021,2022,61208,Mixco Sweet 74-00.5050 I,vol_precio,1370657.1,155380.72,-1215276.3800000001,1746.06,149.4,785,1040.03
1854,"ROYPAS BY NUTRIS, S.A.",2021→2022,2021,2022,99950,Producto de Pruebas Líquido - 1,prod_ganado,0,5016,5016,0.009,1.203,0,4169.58
4328,"DIAZ ROMERO, ANGEL",2021→2022,2021,2022,44314,Apipasta 90% - BIO - Pienso completo - Apicultura,prod_perdido,945,null,-945,0.45,null,2100,null
4369,"LA TIENDA DEL APICULTOR, S.L.U.",2021→2022,2021,2022,44306,Fructor 10/77 - Pienso completo – Apicultura,prod_perdido,7584.6,null,-7584.6,11.64,null,651.6,null
3688,"JOSE SANCHEZ PEÑATE, S.A.",2021→2022,2021,2022,43000,Maltitol Liquido 75-5308,prod_perdido,836.2,null,-836.2,0.62,null,1348.71,null
2807,SAT ELS SARIERS,2021→2022,2021,2022,40000,Azúcar Blanco EEC Nº 2,prod_perdido,2790,null,-2790,4.5,null,620,null
2981,"LORENTE TORRELLA, JAVIER",2021→2022,2021,2022,40000,Azúcar Blanco EEC Nº 2,prod_perdido,1024.5,null,-1024.5,1.65,null,620.91,null
1433,"SAORIN GUILLAMON, JESUS",2021→2022,2021,2022,44313,Apipasta Vitaminas 90% - Pienso para Apicultura,volumen,97.2,81,-16.200000000000003,0.09,0.075,1080,1080
5819,"CASTELLON AGUILAR, FRANCISCO JAVIER",2021→2022,2021,2022,41000,Fructosa MAIZ Cristal,precio,2670,2820,150,3,3,890,940
2288,"CANET BODI, VICENTE JUAN",2021→2022,2021,2022,62026,Apimix - Pienso Completo No Cristaliza- Apicultura,prod_perdido,780,null,-780,1.2,null,650,null
6250,"GRAS REQUENA, FRANCISCO",2021→2022,2021,2022,44315,Apipasta PLUS - Pienso para Apicultura,prod_perdido,179.2,null,-179.2,0.14,null,1280,null
7440,"LOPEZ FOOD GROUP, S.L.",2021→2022,2021,2022,40000,Azúcar Blanco EEC Nº 2,vol_precio,583684.5,178653,-405031.5,1217.22,350.3,479.52,510
5906,SAT APICOLA EL PERELLO,2021→2022,2021,2022,62001,Apimix - Pienso completo - Apicultura,prod_perdido,5308.8,null,-5308.8,6.72,null,790,null
7897,"MANDIC OUTMILL MS4, S.L.",2021→2022,2021,2022,41000,Fructosa MAIZ Cristal,vol_precio,230,595,365,0.2,0.5,1150,1190
6560,MIEL Y CAMPO S.L.U,2021→2022,2021,2022,61186,Mixco Sweet 81-00.0932,vol_precio,4610.36,5076.5,466.1400000000003,6.987,4.815,659.85,1054.31
4002,"ABB MJ FERNANDEZ ARANDA, S.L.",2021→2022,2021,2022,42000,Dextrosa Cristal Monohidrato Maiz,prod_perdido,3050,null,-3050,5,null,610,null
4634,"MASQPAN EXCLUSIVAS, S.L.",2021→2022,2021,2022,40110,Azúcar Moreno Brown (Azucarera),vol_precio,173.25,173.25,0,0.2,0.175,866.25,990
2873,"FRUTOS SECOS AURO, S.L.",2021→2022,2021,2022,40000,Azúcar Blanco EEC Nº 2,prod_perdido,37232.1,null,-37232.1,62.1,null,599.55,null
2642,"BONDIA SALVO, S.L.",2021→2022,2021,2022,49006,Almidón nativo de Maiz,vol_precio,4380,600,-3780,8,1,547.5,600
526,"ISDEAL, S.L.",2021→2022,2021,2022,60114,"Azúcar PI 73,5-67-C",prod_perdido,155.4,null,-155.4,0.168,null,925,null
4383,"MANUFRI, S.L.",2021→2022,2021,2022,40200,Azúcar Golden - BIO - ES-ECO-024-MU (Agric No UE),sin_actividad,0,null,0,0.001,null,0,null
7704,"SOLANA RIOS, MARCELINO",2021→2022,2021,2022,40203,Azúcar BIO 300-500 -ES-ECO-024-MU (Agric No EU),vol_precio,67.5,190.9,123.4,0.05,0.125,1350,1527.2
412,"MARIN MONTEJANO, S.A.",2021→2022,2021,2022,60000,Azúcar Líquida Neutra 67º,prod_ganado,0,172372.4,172372.4,0,237.66,null,725.29
6468,"DULCES LA CARTUJA, S.L.",2021→2022,2021,2022,40000,Azúcar Blanco EEC Nº 2,prod_perdido,10200,null,-10200,16.8,null,607.14,null
6273,"GARCIA MOYA, OSCAR",2021→2022,2021,2022,44313,Apipasta Vitaminas 90% - Pienso para Apicultura,prod_perdido,1485,null,-1485,1.44,null,1031.25,null
7742,"GARCIA GOMEZ, JUAN",2021→2022,2021,2022,62001,Apimix - Pienso completo - Apicultura,vol_precio,621.6,6012,5390.4,0.84,7.2,740,835
7852,"SOTO SANCHEZ, MANUEL",2021→2022,2021,2022,42000,Dextrosa Cristal Monohidrato Maiz,prod_perdido,102,null,-102,0.15,null,680,null
7852,"SOTO SANCHEZ, MANUEL",2021→2022,2021,2022,62000,Mix Idoneo - Pienso Completo - Apicultura,prod_perdido,295,null,-295,0.5,null,590,null
1410,"RAMON SABATER, S.A.U.",2021→2022,2021,2022,42000,Dextrosa Cristal Monohidrato Maiz,sin_actividad,0,null,0,0.001,null,0,null
7912,"HUELLA ECOLOGICA, S.L.",2021→2022,2021,2022,61200,Fosvitae 85%,sin_actividad,0,null,0,0.001,null,0,null
407,"PRODUCTOS KELMY, S.A.U.",2021→2022,2021,2022,40000,Azúcar Blanco EEC Nº 2,vol_precio,153934,113413,-40521,332,161,463.66,704.43
4600,"JALANCINA NATURE, S.L.",2021→2022,2021,2022,40200,Azúcar Golden - BIO - ES-ECO-024-MU (Agric No UE),prod_perdido,5070,null,-5070,3.9,null,1300,null
3409,"MAGNOLIA PREMIUM, S.L.",2021→2022,2021,2022,63105,VMJP,vol_precio,40256.25,110037.39,69781.14,56.22,108.345,716.05,1015.62
450,"LA FLOR BURGALESA, S.L.",2021→2022,2021,2022,44015,Fructor 10/77,vol_precio,9304.4,9840,535.6000000000004,16.615,12,560,820
541,"PANYPAST GRANADA, S.L.",2021→2022,2021,2022,43100,Sorbitol Liquido 70% No cristalizable,prod_perdido,441.6,null,-441.6,0.48,null,920,null
528,"MANUFACTURAS COVISAL, S.L.",2021→2022,2021,2022,42000,Dextrosa Cristal Monohidrato Maiz,vol_precio,4428.5,12180,7751.5,5.3,12,835.57,1015
7615,"LOPEZ CANTERO, MANUEL",2021→2022,2021,2022,44313,Apipasta Vitaminas 90% - Pienso para Apicultura,vol_precio,297,243,-54,0.33,0.225,900,1080
5644,HEALY VENTURES LTD.,2021→2022,2021,2022,62904,Maple Flavoured Syrup (E202),prod_perdido,13681.97,null,-13681.97,15.373,null,890,null
577,"FARTONS POLO, S.L.",2021→2022,2021,2022,62401,Fondant ES-R02,vol_precio,10079.25,15276.15,5196.9,11.325,12.27,890,1245
1864,MELAZAHAR COOP. V.,2021→2022,2021,2022,44301,Azucar Blanco – Materia Prima para Piensos,vol_precio,4896,438,-4458,7.2,0.6,680,730
5897,"ESTEBAN HERRERO, TRINIDAD GALA",2021→2022,2021,2022,62026,Apimix - Pienso Completo No Cristaliza- Apicultura,prod_perdido,1560,null,-1560,2.4,null,650,null
722,"CAPRICE DECOR,S.L.",2021→2022,2021,2022,60122,"Azúcar PI 73,5-67-C Sin Serigrafiar",vol_precio,2721.6,764.4,-1957.1999999999998,3.36,0.84,810,910
4369,"LA TIENDA DEL APICULTOR, S.L.U.",2021→2022,2021,2022,40000,Azúcar Blanco EEC Nº 2,prod_perdido,531,null,-531,0.9,null,590,null
4709,"TURRONES PICO, S.A.",2021→2022,2021,2022,40000,Azúcar Blanco EEC Nº 2,vol_precio,24336,15730,-8606,48,24.2,507,650
457,"AMAHER, S.L.",2021→2022,2021,2022,44015,Fructor 10/77,prod_perdido,11400,null,-11400,22.8,null,500,null
537,"COGALAR, S.L.",2021→2022,2021,2022,60114,"Azúcar PI 73,5-67-C",vol_precio,2380,4252.5,1872.5,2.8,3.78,850,1125
2129,"CORTES BUSSINESS CORPORATION, S.L.",2021→2022,2021,2022,60000,Azúcar Líquida Neutra 67º,prod_perdido,256879.62,null,-256879.62,556.32,null,461.75,null
7845,"PERELLO RECUENCO, FERNANDO",2021→2022,2021,2022,40000,Azúcar Blanco EEC Nº 2,prod_perdido,660,null,-660,1.2,null,550,null
582,"HIJOS DE SALVADOR COSTA, S.L.",2021→2022,2021,2022,41000,Fructosa MAIZ Cristal,prod_perdido,1300,null,-1300,1.3,null,1000,null
7898,"SUMINISTROS AGRÍCOLAS CLEMENTE, S.L.",2021→2022,2021,2022,44015,Fructor 10/77,prod_perdido,300,null,-300,0.4,null,750,null
8251,APILINE DI FASSARI DOMINIQUE,2021→2022,2021,2022,44310,Apipasta 90% - Pienso completo - Apicultura,vol_precio,15881.25,26039.25,10158,18.9,26.55,840.28,980.76
8027,"CALAF NUANCES, S.L.",2021→2022,2021,2022,61210,Fosvitae Polvo,sin_actividad,0,null,0,0.001,null,0,null
8205,"SALSA RICA, S.L.",2021→2022,2021,2022,60105,"Azúcar PI 73,5-67",sin_actividad,0,null,0,0.001,null,0,null
2392,"COATO, S.C.L.",2021→2022,2021,2022,65005,Azúcar en polvo LS,vol_precio,673.65,903,229.35000000000002,0.825,0.75,816.55,1204
7374,"CULTIPLY, S.L",2021→2022,2021,2022,42000,Dextrosa Cristal Monohidrato Maiz,prod_perdido,4480,null,-4480,7,null,640,null
4372,"DEL RIO TORRELLAS, PABLO",2021→2022,2021,2022,62001,Apimix - Pienso completo - Apicultura,prod_perdido,327.6,null,-327.6,0.42,null,780,null
265,"BLENDHUB, S.L",2021→2022,2021,2022,40000,Azúcar Blanco EEC Nº 2,prod_perdido,526.5,null,-526.5,0.9,null,585,null
8099,"HORNO SANT HONORET, SL",2021→2022,2021,2022,40013,Azucar Blanco EEC Nº2 Extrafino,sin_actividad,0,null,0,0.001,null,0,null
587,"DESTILERIAS RIOS, S.A.",2021→2022,2021,2022,60010,Azúcar Liquida Neutra S.A.,vol_precio,2484,3506.88,1022.8800000000001,3.6,3.438,690,1020.03
4031,"ESPECIALITATS M. MASDEU, S.L.",2021→2022,2021,2022,44200,Maltor 70/80,vol_precio,8822.46,6504,-2318.459999999999,13.604,6,648.52,1084
407,"PRODUCTOS KELMY, S.A.U.",2021→2022,2021,2022,44124,Glucor 42/83,prod_perdido,28811.3,null,-28811.3,72.94,null,395,null
7817,GENERAL MILLS,2021→2022,2021,2022,61228,Fosvitae 95% Plus,sin_actividad,0,0,0,0.007,0.003,0,0
1746,"PRIMITIVO PICO, S.A",2021→2022,2021,2022,43100,Sorbitol Liquido 70% No cristalizable,prod_perdido,3330,null,-3330,3.6,null,925,null
7908,"DIMITROV NIKOLOV, ZHIVKO",2021→2022,2021,2022,62001,Apimix - Pienso completo - Apicultura,prod_perdido,24.92,null,-24.92,0.028,null,890,null
6828,AGRUP.DEFENSA SANIT.APIC.REG.DE MURCIA,2021→2022,2021,2022,44313,Apipasta Vitaminas 90% - Pienso para Apicultura,vol_precio,57793.5,78748.2,20954.699999999997,64.215,72.915,900,1080
5316,"CASH-ZAPATA, S.L.",2021→2022,2021,2022,42000,Dextrosa Cristal Monohidrato Maiz,prod_perdido,2400,null,-2400,4,null,600,null
7229,"LILLO CARRASCO, ANTONIO",2021→2022,2021,2022,62026,Apimix - Pienso Completo No Cristaliza- Apicultura,prod_perdido,207.2,null,-207.2,0.28,null,740,null
7185,"ILE AGROCENTRO LEON, S.L.",2021→2022,2021,2022,62001,Apimix - Pienso completo - Apicultura,vol_precio,1159.2,3462.76,2303.5600000000004,1.694,4.172,684.3,830
4357,"NAVODRES, S.A.",2021→2022,2021,2022,44313,Apipasta Vitaminas 90% - Pienso para Apicultura,precio,32.4,46.5,14.100000000000001,0.03,0.03,1080,1550
2191,"MORCILLO ATIENZAR, Mª JUANA",2021→2022,2021,2022,44315,Apipasta PLUS - Pienso para Apicultura,prod_perdido,519.68,null,-519.68,0.406,null,1280,null
5746,GIMENO MADRID. JESUS MANUEL,2021→2022,2021,2022,44315,Apipasta PLUS - Pienso para Apicultura,prod_perdido,42.84,null,-42.84,0.028,null,1530,null
2981,"LORENTE TORRELLA, JAVIER",2021→2022,2021,2022,44313,Apipasta Vitaminas 90% - Pienso para Apicultura,prod_perdido,202.5,null,-202.5,0.225,null,900,null
541,"PANYPAST GRANADA, S.L.",2021→2022,2021,2022,40111,Azúcar Moreno Brown (Alvean),prod_perdido,270,null,-270,0.3,null,900,null
4002,"ABB MJ FERNANDEZ ARANDA, S.L.",2021→2022,2021,2022,62400,Fondant ES-R01,vol_precio,40816.32,11868,-28948.32,58.56,10.32,697,1150
5787,"FALCON, S.A.",2021→2022,2021,2022,61228,Fosvitae 95% Plus,vol_precio,9912,8776.8,-1135.2000000000007,4.8,3.6,2065,2438
5083,"ESPECIAS EL RELOJ, S.L.",2021→2022,2021,2022,65005,Azúcar en polvo LS,vol_precio,6337.5,9629.1,3291.6000000000004,6.825,7.8,928.57,1234.5
400,"ASOCIACION IND. ALICANTINA DEL HELADO, S.A.",2021→2022,2021,2022,41006,Fructosa MAIZ Cristal Granulada Pallet Plast. CHEP,vol_precio,84000,71600,-12400,96,80,875,895
535,"FRIMAR PANADEROS, S.L.",2021→2022,2021,2022,41001,Fructosa MAIZ Cristal Pallet CHEP Plastico,vol_precio,330,553,223,0.3,0.35,1100,1580
6061,"UMAMI GO, S.L.",2021→2022,2021,2022,40000,Azúcar Blanco EEC Nº 2,precio,531,693,162,0.9,0.9,590,770
7987,"MATOS INDUSTRIA E COMERCIO ALIMENTAR, LDA",2021→2022,2021,2022,40260,Melaza de Caña,vol_precio,4227.6,7251.51,3023.91,4.801,6.091,880.57,1190.53
450,"LA FLOR BURGALESA, S.L.",2021→2022,2021,2022,40200,Azúcar Golden - BIO - ES-ECO-024-MU (Agric No UE),prod_perdido,15480,null,-15480,12,null,1290,null
5373,"VERTICE DE INNOVACION Y DESAR.DE ALIMENTOS, S.A.U.",2021→2022,2021,2022,40111,Azúcar Moreno Brown (Alvean),sin_actividad,0,null,0,0.001,null,0,null
5404,"GARCIA GIRONES, CARLOS",2021→2022,2021,2022,40000,Azúcar Blanco EEC Nº 2,prod_perdido,13.75,null,-13.75,0.025,null,550,null
8090,G.I.E. GROUPE LOMBARD,2021→2022,2021,2022,44315,Apipasta PLUS - Pienso para Apicultura,vol_precio,4998,4788,-210,4.2,3.36,1190,1425
536,"S.H.S., S.L.",2021→2022,2021,2022,40113,Azúcar Moreno Brown C,precio,1520,2380,860,2,2,760,1190
5757,CLARIA S.A.T. NUM.1339 CAT,2021→2022,2021,2022,44313,Apipasta Vitaminas 90% - Pienso para Apicultura,prod_perdido,4644,null,-4644,5.4,null,860,null
2080,"MARTINEZ RODRIGUEZ, JOSE",2021→2022,2021,2022,44313,Apipasta Vitaminas 90% - Pienso para Apicultura,prod_perdido,135,null,-135,0.15,null,900,null
5523,"ADDKEM SPECIALTIES, S.L.U.",2021→2022,2021,2022,43100,Sorbitol Liquido 70% No cristalizable,precio,72312.6,88193.63,15881.029999999999,84.181,85.442,859.01,1032.2
4650,"OPREA, CONSTANTIN",2021→2022,2021,2022,62001,Apimix - Pienso completo - Apicultura,prod_perdido,126.56,null,-126.56,0.154,null,821.82,null
6041,"AGROLLAVOR SUPERVERT, S.L.",2021→2022,2021,2022,44314,Apipasta 90% - BIO - Pienso completo - Apicultura,vol_precio,322.2,159.75,-162.45,0.18,0.075,1790,2130
204,"PERNOD RICARD ESPAÑA, S.A.",2021→2022,2021,2022,44124,Glucor 42/83,sin_actividad,0,null,0,0.004,null,0,null
1117,COMERCIAL RUIZ ARRIBAS S. XXI. S.L.,2021→2022,2021,2022,60114,"Azúcar PI 73,5-67-C",precio,3098.3,3470.6,372.2999999999997,3.586,3.57,864,972.16
3685,"GARCIA MADRAMANY, FRANCISCO",2021→2022,2021,2022,40000,Azúcar Blanco EEC Nº 2,vol_precio,811.25,36.5,-774.75,1.475,0.05,550,730
7782,IPSA TRADING SL.,2021→2022,2021,2022,60207,Azúcar TIEN 67.100,prod_perdido,8683.12,null,-8683.12,12.44,null,698,null
7379,"EARTH-MIND BUSINESS GROUP, S.L.",2021→2022,2021,2022,61233,Base Neutra MIP 2323,sin_actividad,0,null,0,0.002,null,0,null
204,"PERNOD RICARD ESPAÑA, S.A.",2021→2022,2021,2022,60200,Azúcar Invertido 67º,sin_actividad,0,null,0,0.002,null,0,null
4619,"EUROPEA DE APICULTURA, S.L.",2021→2022,2021,2022,62026,Apimix - Pienso Completo No Cristaliza- Apicultura,prod_perdido,780,null,-780,1.2,null,650,null
2774,CODEMA COMERCIAL DE EMBALAJES Y AFINES S.CCOP.V,2021→2022,2021,2022,60010,Azúcar Liquida Neutra S.A.,prod_perdido,852,0,-852,1.2,0,710,null
7948,"SABORES GELADOS, UNIPESSOAL LDA",2021→2022,2021,2022,40345,Azúcar Perlado 4,vol_precio,5460,37906,32446,3.9,22,1400,1723
1252,"APIGALOES, S.C.",2021→2022,2021,2022,62001,Apimix - Pienso completo - Apicultura,vol_precio,3085.6,5526,2440.4,5.008,7.8,616.13,708.46
436,"TURRONES JOSE GARRIGOS, S.A.",2021→2022,2021,2022,61189,Mixco Sweet 77-50.1825,vol_precio,280633.37,11591.8,-269041.57,599.43,24.2,468.17,479
7171,"QUIRANTE FRUITS, S.L.",2021→2022,2021,2022,60250,Compotienz-2106,vol_precio,2069528.9,1370436.4,-699092.5,3331.5,1717.5,621.2,797.93
1375,"JACOBO LOZANO, S.L.",2021→2022,2021,2022,62412,Fondant ES-R03 - Jacobo Lozano (Etiq. Cliente),vol_precio,4610.7,2835.75,-1774.9499999999998,5.82,2.85,792.22,995
385,"BIOMIP BIOLOGICAL QUALITY, S.L.",2021→2022,2021,2022,62005,Mix Abejorros 68-30.4028 Pienso Completo - Apicult,vol_precio,148322.2,162730.94,14408.73999999999,269.36,195.4,550.65,832.81
204,"PERNOD RICARD ESPAÑA, S.A.",2021→2022,2021,2022,99950,Producto de Pruebas Líquido - 1,sin_actividad,0,null,0,0.01,null,0,null
4600,"JALANCINA NATURE, S.L.",2021→2022,2021,2022,44015,Fructor 10/77,prod_perdido,116.25,null,-116.25,0.155,null,750,null
7973,SC CALIPSO SRL,2021→2022,2021,2022,62503,Jarabe de azúcar invertido cristalizado,sin_actividad,0,null,0,0.001,null,0,null
5757,CLARIA S.A.T. NUM.1339 CAT,2021→2022,2021,2022,44315,Apipasta PLUS - Pienso para Apicultura,prod_perdido,2436,null,-2436,1.68,null,1450,null
3813,"SOLDADO LLACER, EDUARDO LUIS",2021→2022,2021,2022,40000,Azúcar Blanco EEC Nº 2,prod_perdido,192.5,null,-192.5,0.35,null,550,null
1079,"TEJEDOR RUIZ, MIGUEL",2021→2022,2021,2022,44313,Apipasta Vitaminas 90% - Pienso para Apicultura,precio,945,1417.5,472.5,1.05,1.05,900,1350
3089,"CANTIN CEBRIAN, JESUS MIGUEL",2021→2022,2021,2022,44313,Apipasta Vitaminas 90% - Pienso para Apicultura,prod_perdido,1134,null,-1134,1.05,null,1080,null
6212,APICOLTURA PANCALDI LARA,2021→2022,2021,2022,44313,Apipasta Vitaminas 90% - Pienso para Apicultura,prod_perdido,3024,null,-3024,3.15,null,960,null
595,"ROSCRIS BENIOPA, S.L",2021→2022,2021,2022,40110,Azúcar Moreno Brown (Azucarera),sin_actividad,0,null,0,0.001,null,0,null
506,"ACEITES LA CANAL, S.A.",2021→2022,2021,2022,65005,Azúcar en polvo LS,volumen,2122.65,1001.25,-1121.4,2.385,1.125,890,890
6248,"GELADOS GLOBO-MANUEL FERNANDES DOS SANTOS & FOS, SA",2021→2022,2021,2022,40000,Azúcar Blanco EEC Nº 2,prod_perdido,24565.5,null,-24565.5,47.7,null,515,null
340,"ARTESANOS MENDEZ, S.A.",2021→2022,2021,2022,44015,Fructor 10/77,vol_precio,5658,4516.65,-1141.3500000000004,8.4,4.77,673.57,946.89
237,"DULCES SANTA CRUZ, S.L.",2021→2022,2021,2022,43100,Sorbitol Liquido 70% No cristalizable,vol_precio,6000,7213.92,1213.92,6,6.384,1000,1130
6767,"NOGUER VIADER, JOSEP",2021→2022,2021,2022,44301,Azucar Blanco – Materia Prima para Piensos,vol_precio,8200,2370,-5830,15,3,546.67,790
2917,"CARAMEL FOOD, S.L.",2021→2022,2021,2022,40110,Azúcar Moreno Brown (Azucarera),vol_precio,287.25,77.25,-210,0.25,0.075,1149,1030
1918,"OLIVA SANTOS, CASTOR",2021→2022,2021,2022,44314,Apipasta 90% - BIO - Pienso completo - Apicultura,prod_perdido,1402.5,null,-1402.5,0.825,null,1700,null
1538,"GOMEZ SILLERO, JOSE ANTONIO",2021→2022,2021,2022,44310,Apipasta 90% - Pienso completo - Apicultura,vol_precio,8820,3171,-5649,10.5,2.1,840,1510
2618,"CALABUIG BLASCO, MIGUEL ANGEL",2021→2022,2021,2022,44313,Apipasta Vitaminas 90% - Pienso para Apicultura,prod_perdido,924,null,-924,1.05,null,880,null
584,"TROLLI IBERICA, S.A.",2021→2022,2021,2022,43100,Sorbitol Liquido 70% No cristalizable,prod_perdido,6510,null,-6510,8.4,null,775,null
3409,"MAGNOLIA PREMIUM, S.L.",2021→2022,2021,2022,63100,PEP58,vol_precio,294666.39,786461.71,491795.31999999995,410.4,801.765,718,980.91
618,"BAYOGAR, S.L.",2021→2022,2021,2022,42000,Dextrosa Cristal Monohidrato Maiz,volumen,3920,36995,33075,4,37.75,980,980
6036,SARL API-BOURGOGNE,2021→2022,2021,2022,44313,Apipasta Vitaminas 90% - Pienso para Apicultura,vol_precio,62829,61509,-1320,76.05,54.15,826.15,1135.9
1661,"DELAVIUDA ALIMENTACION, S.A",2021→2022,2021,2022,44010,Fructor 10/81,vol_precio,11232,13680,2448,21.6,18,520,760
2767,"DULCEPLUS GOLOSINAS, S.A.",2021→2022,2021,2022,62150,Jarabe de Melaza de Caña,vol_precio,8694.18,14481.6,5787.42,11.659,14.368,745.71,1007.91
2287,"RODRIGUEZ BLANCO, ASUNCION",2021→2022,2021,2022,62020,Mix Fructor Apicultor - Pienso completo - Apicult.,vol_precio,1952.5,495,-1457.5,3.5,0.75,557.86,660
985,GIPUZKOAKO ERLEZAIN ELKARTEA,2021→2022,2021,2022,62000,Mix Idoneo - Pienso Completo - Apicultura,vol_precio,2352,4032,1680,3.36,4.2,700,960
1592,"APICOLA TARRAGONINA, S.C.C.L",2021→2022,2021,2022,44313,Apipasta Vitaminas 90% - Pienso para Apicultura,vol_precio,46326,57894,11568,53.55,51.9,865.1,1115.49
875,"JUICE & WORLD, S.L.",2021→2022,2021,2022,44040,Fructor 42/71,prod_perdido,8586.38,null,-8586.38,25.18,null,341,null
7379,"EARTH-MIND BUSINESS GROUP, S.L.",2021→2022,2021,2022,61234,Base Neutra MRO5050,sin_actividad,0,null,0,0.001,null,0,null
985,GIPUZKOAKO ERLEZAIN ELKARTEA,2021→2022,2021,2022,44314,Apipasta 90% - BIO - Pienso completo - Apicultura,vol_precio,1562.4,1858.5,296.0999999999999,0.93,0.9,1680,2065
2337,"METAROM IBERICA, S.A.U.",2021→2022,2021,2022,60000,Azúcar Líquida Neutra 67º,vol_precio,5233.1,4065.6,-1167.5000000000005,7.21,4.8,725.81,847
5899,"SAINBERG LA IBENSE, S.L.",2021→2022,2021,2022,60105,"Azúcar PI 73,5-67",sin_actividad,0,null,0,0.001,null,0,null
529,"GARIN COBIAN, S.A.",2021→2022,2021,2022,40000,Azúcar Blanco EEC Nº 2,prod_perdido,6741,null,-6741,12.6,null,535,null
3403,"CAÑADA MARTINEZ, JESUS",2021→2022,2021,2022,44313,Apipasta Vitaminas 90% - Pienso para Apicultura,prod_perdido,437.4,null,-437.4,0.405,null,1080,null
7125,"ILLUECA GIMENEZ, JUAN JOSE",2021→2022,2021,2022,60114,"Azúcar PI 73,5-67-C",vol_precio,16.8,26.6,9.8,0.014,0.028,1200,950
4406,"BELMAR GRAU, JONATAN",2021→2022,2021,2022,62026,Apimix - Pienso Completo No Cristaliza- Apicultura,prod_perdido,937.5,null,-937.5,1.45,null,646.55,null
8099,"HORNO SANT HONORET, SL",2021→2022,2021,2022,65005,Azúcar en polvo LS,prod_perdido,687.38,null,-687.38,0.975,null,705.01,null
3382,"GARCIA ESPADA, JOSE JULIAN",2021→2022,2021,2022,40000,Azúcar Blanco EEC Nº 2,prod_perdido,15.75,null,-15.75,0.025,null,630,null
1649,"BLASCO APARICIO, SANDRA",2021→2022,2021,2022,62026,Apimix - Pienso Completo No Cristaliza- Apicultura,prod_perdido,780,null,-780,1.2,null,650,null
2767,"DULCEPLUS GOLOSINAS, S.A.",2021→2022,2021,2022,43100,Sorbitol Liquido 70% No cristalizable,prod_perdido,5002,null,-5002,4.94,null,1012.55,null
1854,"ROYPAS BY NUTRIS, S.A.",2021→2022,2021,2022,43000,Maltitol Liquido 75-5308,vol_precio,44687.4,123591.75,78904.35,41.96,74.715,1065,1654.18
2518,"GRANALBE, S.L.",2021→2022,2021,2022,44313,Apipasta Vitaminas 90% - Pienso para Apicultura,vol_precio,18555,15834,-2721,20.55,14.7,902.92,1077.14
7463,"ESTEBAN REMON, ELENA MARIA",2021→2022,2021,2022,44313,Apipasta Vitaminas 90% - Pienso para Apicultura,vol_precio,3024,1627.5,-1396.5,3.15,1.05,960,1550
6544,"RODRIGUEZ FUENTES, ANA ISABEL",2021→2022,2021,2022,44310,Apipasta 90% - Pienso completo - Apicultura,prod_perdido,198,null,-198,0.225,null,880,null
7245,CHESTE AGRARIA COOP. V,2021→2022,2021,2022,40260,Melaza de Caña,vol_precio,1612.5,1478.7,-133.79999999999995,2.58,1.86,625,795
192,"AZUCREN, S.L.",2021→2022,2021,2022,40330,Azúcar Perlado 2,sin_actividad,0,null,0,0.001,null,0,null
3673,"LATORRE GARCIA, RAUL",2021→2022,2021,2022,40000,Azúcar Blanco EEC Nº 2,prod_perdido,495,null,-495,0.9,null,550,null
1633,"NAVARRO SALA, JUSTO JAVIER",2021→2022,2021,2022,40000,Azúcar Blanco EEC Nº 2,prod_perdido,1829,null,-1829,2.9,null,630.69,null
6751,"PEREZ GARCIA, ANDRES",2021→2022,2021,2022,62026,Apimix - Pienso Completo No Cristaliza- Apicultura,prod_perdido,315,null,-315,0.5,null,630,null
6514,"NUENO CIRIA, CARLOS",2021→2022,2021,2022,44313,Apipasta Vitaminas 90% - Pienso para Apicultura,prod_perdido,1890,null,-1890,2.1,null,900,null
2645,NARANJAS CHE COOP. V.,2021→2022,2021,2022,40000,Azúcar Blanco EEC Nº 2,prod_perdido,183,null,-183,0.3,null,610,null
6867,"SANCHEZ GONZALEZ, MANUELA",2021→2022,2021,2022,65005,Azúcar en polvo LS,prod_perdido,1608.75,null,-1608.75,1.95,null,825,null
5017,"LA GERGALEÑA PRODUCTOS ARTESANALES, S.L.",2021→2022,2021,2022,40000,Azúcar Blanco EEC Nº 2,prod_perdido,612,null,-612,0.9,null,680,null
252,"CONSERVAS ALGUAZAS, S.L.",2021→2022,2021,2022,60116,Azúcar PI 63-96,prod_perdido,6336.75,null,-6336.75,10.65,null,595,null
5037,"CAÑADA TORRES, JESUS",2021→2022,2021,2022,62026,Apimix - Pienso Completo No Cristaliza- Apicultura,prod_perdido,524.3,null,-524.3,0.82,null,639.39,null
2611,"NAVARRO SANCHEZ, RAFAEL",2021→2022,2021,2022,62001,Apimix - Pienso completo - Apicultura,prod_perdido,6136,null,-6136,11.8,null,520,null
450,"LA FLOR BURGALESA, S.L.",2021→2022,2021,2022,40000,Azúcar Blanco EEC Nº 2,vol_precio,12120,120491.4,108371.4,24,205.1,505,587.48
6504,PRODOTTI GIANNI S.R.L.,2021→2022,2021,2022,61200,Fosvitae 85%,sin_actividad,0,0,0,0.01,0.001,0,0
1728,"CEREALTO INDUSTRIAL SPAIN, S.A.",2021→2022,2021,2022,65016,Azúcar en polvo LM Pallet PLT,vol_precio,35278.32,81918.87,46640.549999999996,53.13,79.11,664,1035.51
5069,"ALCAÑIZ LAMAZA, DANIEL",2021→2022,2021,2022,44313,Apipasta Vitaminas 90% - Pienso para Apicultura,prod_perdido,162,null,-162,0.18,null,900,null
614,"MANUFACTURAS TABERNER,S.A.",2021→2022,2021,2022,40000,Azúcar Blanco EEC Nº 2,vol_precio,15759,33427.8,17668.800000000003,30.6,43.2,515,773.79
401,"SOLER GIMENO, S.L.",2021→2022,2021,2022,62414,Fondant ES-R02 Sin Serigrafiar,prod_perdido,273.6,null,-273.6,0.32,null,855,null
6645,"TURRONES EL ROMERO, S.A.",2021→2022,2021,2022,61235,Mixco Sweet 74-50.0516,vol_precio,17946,60342,42396,39.88,118.9,450,507.5
1651,"AVILA AVILA, MIGUEL",2021→2022,2021,2022,44313,Apipasta Vitaminas 90% - Pienso para Apicultura,prod_perdido,1134,null,-1134,1.05,null,1080,null
2836,"ISAXCO CONSULTING, S.L.",2021→2022,2021,2022,64052,Nectar Base 7 69º,prod_perdido,16154.4,null,-16154.4,25.44,null,635,null
2925,"BIGMAN NUTRITION, S.L.",2021→2022,2021,2022,60105,"Azúcar PI 73,5-67",sin_actividad,0,null,0,0.001,null,0,null
7496,"LA CENTRAL 3.0 - NOVA DISTRIBUTION, S.L.",2021→2022,2021,2022,44015,Fructor 10/77,prod_perdido,1799.21,null,-1799.21,2.664,null,675.38,null
2022,"BODEGAS NAVARRO, S.A",2021→2022,2021,2022,40000,Azúcar Blanco EEC Nº 2,prod_perdido,8338.5,null,-8338.5,15.3,null,545,null
516,"PAIARROP, S.L.",2021→2022,2021,2022,40200,Azúcar Golden - BIO - ES-ECO-024-MU (Agric No UE),prod_perdido,1722.5,null,-1722.5,1.3,null,1325,null
4792,"GARCIA UCENDO, JOSE MARIA",2021→2022,2021,2022,44313,Apipasta Vitaminas 90% - Pienso para Apicultura,prod_perdido,94.5,null,-94.5,0.105,null,900,null
4913,"DE LA HOZ TRAPERO, JESUS",2021→2022,2021,2022,44315,Apipasta PLUS - Pienso para Apicultura,prod_perdido,143.36,null,-143.36,0.112,null,1280,null
8210,SUCRE DISTRIBUTION SUCRE PLUS,2021→2022,2021,2022,40000,Azúcar Blanco EEC Nº 2,prod_perdido,24200,null,-24200,48.4,null,500,null
2129,"CORTES BUSSINESS CORPORATION, S.L.",2021→2022,2021,2022,99950,Producto de Pruebas Líquido - 1,sin_actividad,0,null,0,0.007,null,0,null
1202,"APIGLASS ENVAS. Y MAT. APICOLA, S.L.",2021→2022,2021,2022,44315,Apipasta PLUS - Pienso para Apicultura,vol_precio,18202.8,8785.55,-9417.25,13.44,6.059,1354.38,1450
2073,"PLATOS TRADICIONALES, S.A",2021→2022,2021,2022,42000,Dextrosa Cristal Monohidrato Maiz,prod_perdido,2032,null,-2032,3.2,null,635,null
1437,"CEREALTO AGUILAR, S.L.",2021→2022,2021,2022,65020,Azúcar en polvo SG - LM Micronizada,vol_precio,9738.53,17698.77,7960.24,13.559,16.679,718.23,1061.14
5069,"ALCAÑIZ LAMAZA, DANIEL",2021→2022,2021,2022,62001,Apimix - Pienso completo - Apicultura,prod_perdido,113.96,null,-113.96,0.154,null,740,null
4470,"SALABERRIA TELLECHEA, XIKER",2021→2022,2021,2022,62000,Mix Idoneo - Pienso Completo - Apicultura,prod_perdido,78.4,null,-78.4,0.112,null,700,null
1241,"ACEITES DEL SUR-COOSUR, S.A.",2021→2022,2021,2022,43000,Maltitol Liquido 75-5308,vol_precio,552,726.8,174.79999999999995,0.4,0.46,1380,1580
2287,"RODRIGUEZ BLANCO, ASUNCION",2021→2022,2021,2022,40000,Azúcar Blanco EEC Nº 2,vol_precio,320,202.5,-117.5,0.5,0.25,640,810
6558,"SOC CHEF, S.L.",2021→2022,2021,2022,44131,Glucor 37/79,vol_precio,5280,11424,6144,8.4,9.6,628.57,1190
3089,"CANTIN CEBRIAN, JESUS MIGUEL",2021→2022,2021,2022,62026,Apimix - Pienso Completo No Cristaliza- Apicultura,prod_perdido,3120,null,-3120,6,null,520,null
5625,"AGUDO TORRIJOS, ALVARO",2021→2022,2021,2022,40000,Azúcar Blanco EEC Nº 2,prod_perdido,82.5,null,-82.5,0.15,null,550,null
2705,"ESPECIAS HUERTAS, S.L.",2021→2022,2021,2022,65005,Azúcar en polvo LS,vol_precio,2850,592.2,-2257.8,3.9,0.705,730.77,840
2975,"ARTUKOLUKE, S.L.",2021→2022,2021,2022,41000,Fructosa MAIZ Cristal,vol_precio,7605,34069.75,26464.75,9,26.75,845,1273.64
6195,"SERRANO MEDINA, GERARDO",2021→2022,2021,2022,44015,Fructor 10/77,prod_perdido,84,null,-84,0.14,null,600,null
4013,"JIJOVAL HELADOS, S.L.",2021→2022,2021,2022,40000,Azúcar Blanco EEC Nº 2,prod_perdido,5908.5,null,-5908.5,11.7,null,505,null
2861,"DISTRIBUCIONES JOAQUIN MARIN 2, S.L.U.",2021→2022,2021,2022,40000,Azúcar Blanco EEC Nº 2,prod_perdido,23959.8,null,-23959.8,48.6,null,493,null
1314,"MANUFACTURAS PIBERNAT, S.L.",2021→2022,2021,2022,40000,Azúcar Blanco EEC Nº 2,precio,76755.6,149563,72807.4,138.52,139.4,554.11,1072.91
6233,"DRASICH, ITALO SIROTICH",2021→2022,2021,2022,44315,Apipasta PLUS - Pienso para Apicultura,prod_perdido,179.2,null,-179.2,0.14,null,1280,null
591,"MANTECAS PONS MART,S.L.",2021→2022,2021,2022,40000,Azúcar Blanco EEC Nº 2,vol_precio,9206.8,8542.8,-664,17.36,12.6,530.35,678
5407,"HIJOS DE ISIDORO CALZADO, S.L.",2021→2022,2021,2022,44040,Fructor 42/71,prod_perdido,3554.4,null,-3554.4,5.52,null,643.91,null
8255,SELECTED PERFORMANCE INGREDIENTS SL. ,2021→2022,2021,2022,44040,Fructor 42/71,sin_actividad,0,null,0,0.001,null,0,null
4031,"ESPECIALITATS M. MASDEU, S.L.",2021→2022,2021,2022,44015,Fructor 10/77,prod_perdido,7272,null,-7272,12,null,606,null
1832,"SIERRAS ANDALUZAS, S.C.A.",2021→2022,2021,2022,44301,Azucar Blanco – Materia Prima para Piensos,prod_perdido,45370,null,-45370,74.6,null,608.18,null
5109,"INDUSTRIAS ROKO, S.A.",2021→2022,2021,2022,61229,Fosvitae Plus Polvo,sin_actividad,0,null,0,0.001,null,0,null
354,"DESTILERIAS LA HUERTANA, S.L.",2021→2022,2021,2022,60000,Azúcar Líquida Neutra 67º,prod_perdido,660,null,-660,1.2,null,550,null
2182,"GARCIA GARCIA, RAMON BERNARDO",2021→2022,2021,2022,44313,Apipasta Vitaminas 90% - Pienso para Apicultura,prod_perdido,1401.3,null,-1401.3,1.395,null,1004.52,null
1433,"SAORIN GUILLAMON, JESUS",2021→2022,2021,2022,62001,Apimix - Pienso completo - Apicultura,vol_precio,62.3,847.78,785.48,0.07,0.852,890,995.05
205,"ROBERTO REQUENA, S.L.",2021→2022,2021,2022,40000,Azúcar Blanco EEC Nº 2,prod_perdido,550,null,-550,1,null,550,null
5145,"BALLESTER BAÑO, ENCARNA",2021→2022,2021,2022,40200,Azúcar Golden - BIO - ES-ECO-024-MU (Agric No UE),prod_perdido,33.75,null,-33.75,0.025,null,1350,null
5541,"DISTRIBUCIONES PLANA, S.L.",2021→2022,2021,2022,42000,Dextrosa Cristal Monohidrato Maiz,prod_perdido,1340,null,-1340,2,null,670,null
1233,"VALENCIANA PASTELERA, S.L.",2021→2022,2021,2022,40000,Azúcar Blanco EEC Nº 2,prod_perdido,15795,null,-15795,24.3,null,650,null
6286,COOPERATIVE APICOP,2021→2022,2021,2022,44310,Apipasta 90% - Pienso completo - Apicultura,vol_precio,34896,26738.25,-8157.75,45,24.15,775.47,1107.17
3699,"GONZALEZ CARBALLAL, S.L.",2021→2022,2021,2022,44314,Apipasta 90% - BIO - Pienso completo - Apicultura,vol_precio,37030.77,58155.3,21124.530000000006,23.1,30.45,1603.06,1909.86
6094,"ECOVINAL, S.L.U.",2021→2022,2021,2022,61200,Fosvitae 85%,sin_actividad,0,null,0,0.001,null,0,null
4566,"CONFETICAKES, S.L.",2021→2022,2021,2022,60114,"Azúcar PI 73,5-67-C",vol_precio,3502.8,2083.2,-1419.6000000000004,5.04,1.68,695,1240
2628,"EROLES BOIX, JUAN JOSE",2021→2022,2021,2022,40000,Azúcar Blanco EEC Nº 2,prod_perdido,882,null,-882,1.8,null,490,null
8027,"CALAF NUANCES, S.L.",2021→2022,2021,2022,61200,Fosvitae 85%,sin_actividad,0,null,0,0.001,null,0,null
4265,"TORRALBA MUÑOZ, MONICA",2021→2022,2021,2022,44301,Azucar Blanco – Materia Prima para Piensos,vol_precio,740,4200,3460,1,4,740,1050
6217,ZUKAN PROGRAMACION,2021→2022,2021,2022,62001,Apimix - Pienso completo - Apicultura,sin_actividad,0,null,0,0.005,null,0,null
6463,"7BAJOCERO, S.L.",2021→2022,2021,2022,61071,Mixco Sweet 71-50.1723,vol_precio,5913.58,13685.68,7772.1,12.94,13.88,457,986
5052,"GOMEZ HERRERA, JOSE MIGUEL",2021→2022,2021,2022,44315,Apipasta PLUS - Pienso para Apicultura,vol_precio,143.36,235.62,92.25999999999999,0.112,0.154,1280,1530
498,"REPOSTERIA VALVERDE, S.L.",2021→2022,2021,2022,40000,Azúcar Blanco EEC Nº 2,vol_precio,13554,3942,-9612,23.4,5.4,579.23,730
428,"PASTELERIA INDUSTRIAL MONTE TURIA, S.A.",2021→2022,2021,2022,65005,Azúcar en polvo LS,vol_precio,1464.75,955.5,-509.25,1.89,0.975,775,980
585,"COLOMA GARCIA, S.L.",2021→2022,2021,2022,61170,Mix Maltitol Sorbitol MS 74-8020,vol_precio,11376,21579.79,10203.79,7.2,11.803,1580,1828.33
8093,"FERTILIZANTES ORGÁNICOS DEL MEDITERRÁNEO, S.L.",2021→2022,2021,2022,44015,Fructor 10/77,prod_perdido,859.2,null,-859.2,1.452,null,591.74,null
1080,"VIDAL GOLOSINAS, S.A.",2021→2022,2021,2022,62401,Fondant ES-R02,prod_perdido,1498.5,null,-1498.5,2.22,null,675,null
4619,"EUROPEA DE APICULTURA, S.L.",2021→2022,2021,2022,44301,Azucar Blanco – Materia Prima para Piensos,prod_perdido,11330,null,-11330,22,null,515,null
1252,"APIGALOES, S.C.",2021→2022,2021,2022,40000,Azúcar Blanco EEC Nº 2,prod_perdido,13440,null,-13440,24,null,560,null
4169,"ROBLEDO CARRILLO, SIMON",2021→2022,2021,2022,44301,Azucar Blanco – Materia Prima para Piensos,prod_perdido,41.25,null,-41.25,0.075,null,550,null
401,"SOLER GIMENO, S.L.",2021→2022,2021,2022,40000,Azúcar Blanco EEC Nº 2,prod_perdido,16956,null,-16956,29,null,584.69,null
1410,"RAMON SABATER, S.A.U.",2021→2022,2021,2022,44010,Fructor 10/81,prod_perdido,46428.16,null,-46428.16,81.872,null,567.08,null
1752,"ROYMY 21, S.L",2021→2022,2021,2022,44015,Fructor 10/77,prod_perdido,11517.6,null,-11517.6,28.32,null,406.69,null
7787,"ONES MAY SABORES, S.L",2021→2022,2021,2022,40000,Azúcar Blanco EEC Nº 2,vol_precio,19554,28512,8958,29,32.4,674.28,880
933,"DULCESTEPA, S.A.",2021→2022,2021,2022,40000,Azúcar Blanco EEC Nº 2,prod_perdido,58021,null,-58021,113,null,513.46,null
4142,"REZKALLAH, ABDELKADER",2021→2022,2021,2022,44313,Apipasta Vitaminas 90% - Pienso para Apicultura,volumen,303.6,82.8,-220.8,0.33,0.09,920,920
7731,"TOLEDANO GARCIA, JOSE FERNANDO",2021→2022,2021,2022,40000,Azúcar Blanco EEC Nº 2,prod_perdido,1067.5,null,-1067.5,2.05,null,520.73,null
488,SDAD. COOP. APICOLA DE ESPAÑA,2021→2022,2021,2022,44315,Apipasta PLUS - Pienso para Apicultura,prod_perdido,2032.8,null,-2032.8,1.68,null,1210,null
2518,"GRANALBE, S.L.",2021→2022,2021,2022,62001,Apimix - Pienso completo - Apicultura,vol_precio,1293.6,5031.6,3738.0000000000005,1.68,5.88,770,855.71
985,GIPUZKOAKO ERLEZAIN ELKARTEA,2021→2022,2021,2022,44310,Apipasta 90% - Pienso completo - Apicultura,vol_precio,774,2332.35,1558.35,0.9,1.845,860,1264.15
2644,"BELMONTE SEVA, JUAN ANTONIO",2021→2022,2021,2022,44315,Apipasta PLUS - Pienso para Apicultura,prod_perdido,149.94,null,-149.94,0.098,null,1530,null
8038,"POUS SALA, ROC",2021→2022,2021,2022,62026,Apimix - Pienso Completo No Cristaliza- Apicultura,prod_perdido,157.5,null,-157.5,0.25,null,630,null
4005,"REZKALLAH, AHMED",2021→2022,2021,2022,44313,Apipasta Vitaminas 90% - Pienso para Apicultura,prod_perdido,55.2,null,-55.2,0.06,null,920,null
5710,"BEACHOGA DHUN NA NGALL; DONEGAL BEES, LTD.",2021→2022,2021,2022,44310,Apipasta 90% - Pienso completo - Apicultura,vol_precio,6552,17018.4,10466.400000000001,8.4,16.8,780,1013
4450,"MIELES LLADRO, C.B.",2021→2022,2021,2022,44315,Apipasta PLUS - Pienso para Apicultura,vol_precio,1075.2,2570.4,1495.2,0.84,1.68,1280,1530
3850,"BARRIEL TAPIA, AMADO JAVIER",2021→2022,2021,2022,62026,Apimix - Pienso Completo No Cristaliza- Apicultura,prod_perdido,41.44,null,-41.44,0.056,null,740,null
1467,"CLEMENTE RIVAS, FRANCISCO BENJAMIN",2021→2022,2021,2022,40000,Azúcar Blanco EEC Nº 2,prod_perdido,3315,null,-3315,5.7,null,581.58,null
6514,"NUENO CIRIA, CARLOS",2021→2022,2021,2022,44310,Apipasta 90% - Pienso completo - Apicultura,vol_precio,4620,3307.5,-1312.5,5.25,3.15,880,1050
5109,"INDUSTRIAS ROKO, S.A.",2021→2022,2021,2022,40013,Azucar Blanco EEC Nº2 Extrafino,sin_actividad,0,0,0,0.001,0.001,0,0
6427,"PRODUCTOS OLE Y OLE, S.L.",2021→2022,2021,2022,60105,"Azúcar PI 73,5-67",prod_perdido,2736,null,-2736,3.6,null,760,null
5202,"TECNOLOGIAS ALIMENTARIAS AVANZADAS, S.L.",2021→2022,2021,2022,42000,Dextrosa Cristal Monohidrato Maiz,prod_perdido,2162.5,null,-2162.5,2.75,null,786.36,null
5854,"RUIZ SANTIAGO, FABIOLA",2021→2022,2021,2022,44313,Apipasta Vitaminas 90% - Pienso para Apicultura,prod_perdido,437.4,null,-437.4,0.405,null,1080,null
6468,"DULCES LA CARTUJA, S.L.",2021→2022,2021,2022,43050,Maltitol en Polvo,vol_precio,370,774,404,0.2,0.3,1850,2580
6504,PRODOTTI GIANNI S.R.L.,2021→2022,2021,2022,61228,Fosvitae 95% Plus,prod_perdido,63.48,0,-63.48,0.028,0.001,2267.14,0
5006,"CARPIO DE MARCO, PATRICIA",2021→2022,2021,2022,44313,Apipasta Vitaminas 90% - Pienso para Apicultura,prod_perdido,54,null,-54,0.06,null,900,null
3209,"GARCIA GOMEZ, MARIA JOSE",2021→2022,2021,2022,40200,Azúcar Golden - BIO - ES-ECO-024-MU (Agric No UE),prod_perdido,33.75,null,-33.75,0.025,null,1350,null
5161,"SALINAS MARQUINA, JORGE",2021→2022,2021,2022,62001,Apimix - Pienso completo - Apicultura,prod_perdido,20.72,null,-20.72,0.028,null,740,null
1592,"APICOLA TARRAGONINA, S.C.C.L",2021→2022,2021,2022,44301,Azucar Blanco – Materia Prima para Piensos,prod_perdido,4050,null,-4050,5.4,null,750,null
1233,"VALENCIANA PASTELERA, S.L.",2021→2022,2021,2022,60105,"Azúcar PI 73,5-67",vol_precio,2748,5292,2544,3.6,4.8,763.33,1102.5
1989,"CORTES RAMADA, CESAR",2021→2022,2021,2022,40000,Azúcar Blanco EEC Nº 2,prod_perdido,55,null,-55,0.1,null,550,null
317,"ESTUCHADOS FANNY, S.L.",2021→2022,2021,2022,40111,Azúcar Moreno Brown (Alvean),vol_precio,3160,796.85,-2363.15,4,0.975,790,817.28
7469,"ITURRIAGA RODRIGUEZ, FRANCISCO",2021→2022,2021,2022,44313,Apipasta Vitaminas 90% - Pienso para Apicultura,prod_perdido,810,null,-810,0.9,null,900,null
3922,"CID GARCIA, JUAN JOSE",2021→2022,2021,2022,44313,Apipasta Vitaminas 90% - Pienso para Apicultura,prod_perdido,472.5,null,-472.5,0.525,null,900,null
2381,"DESTILERIAS FERRI, S.L.",2021→2022,2021,2022,60010,Azúcar Liquida Neutra S.A.,vol_precio,19121.58,6522.32,-12599.260000000002,39.23,12.26,487.42,532
2708,"PROVIAGRICOLA, S.L.",2021→2022,2021,2022,62004,Mix Abejorros 65-30.4028 Pienso Completo - Apicult,prod_perdido,6124.8,null,-6124.8,9.57,null,640,null
5472,"PEREZ REQUENA, JOSE ANGEL",2021→2022,2021,2022,40000,Azúcar Blanco EEC Nº 2,prod_perdido,17,null,-17,0.025,null,680,null
2129,"CORTES BUSSINESS CORPORATION, S.L.",2021→2022,2021,2022,64082,Nectar Base 4.1 ULTRA – 68º,sin_actividad,0,null,0,0.007,null,0,null
5566,"COLL VILLAR, ELIAS",2021→2022,2021,2022,44310,Apipasta 90% - Pienso completo - Apicultura,prod_perdido,198,null,-198,0.225,null,880,null
8342,"LOPEZ ORTEGA, HORACIO ",2021→2022,2021,2022,44314,Apipasta 90% - BIO - Pienso completo - Apicultura,precio,361.8,405.9,44.099999999999966,0.18,0.18,2010,2255
426,"CONSERVAS CYDONIA, S.A.",2021→2022,2021,2022,44111,Glucor 60/82,prod_perdido,4722.7,null,-4722.7,11.38,null,415,null
3367,"MAMERTO DE LA VARA, S.L.",2021→2022,2021,2022,44015,Fructor 10/77,prod_perdido,9730.5,null,-9730.5,24.95,null,390,null
3014,"NAVALON REIG, JOSE",2021→2022,2021,2022,44301,Azucar Blanco – Materia Prima para Piensos,prod_perdido,1800,null,-1800,3,null,600,null
3200,"PEINADO HERNANDEZ, EDUARDO",2021→2022,2021,2022,62001,Apimix - Pienso completo - Apicultura,vol_precio,5390,888,-4502,11,1.2,490,740
8046,"COSTA CONCENTRADOS LEVANTINOS, S.L.",2021→2022,2021,2022,40000,Azúcar Blanco EEC Nº 2,prod_perdido,7620,null,-7620,15,null,508,null
5819,"CASTELLON AGUILAR, FRANCISCO JAVIER",2021→2022,2021,2022,40112,Azúcar Moreno Brown (Alvean) Pallet Plast.,prod_perdido,127.5,null,-127.5,0.15,null,850,null
4600,"JALANCINA NATURE, S.L.",2021→2022,2021,2022,40111,Azúcar Moreno Brown (Alvean),prod_perdido,74.25,null,-74.25,0.075,null,990,null
405,"CHOVI, S.L.",2021→2022,2021,2022,42001,Dextrosa C.Monohidrato Maiz Pallet Plast.  CHEP,vol_precio,6930,6914.95,-15.050000000000182,11,6.013,630,1150
1173,"FRANMOSAN, S.L.",2021→2022,2021,2022,60105,"Azúcar PI 73,5-67",vol_precio,604.8,476.91,-127.88999999999993,0.84,0.42,720,1135.5
3287,"DELAFRUIT, S.L.U",2021→2022,2021,2022,40000,Azúcar Blanco EEC Nº 2,vol_precio,48620.1,2592,-46028.1,89.34,2.7,544.21,960
1543,"TORRALBA GOMEZ, AGUSTIN",2021→2022,2021,2022,44315,Apipasta PLUS - Pienso para Apicultura,vol_precio,232.96,214.2,-18.76000000000002,0.182,0.14,1280,1530
222,"LOPEZ CARRASCO, RAFAEL",2021→2022,2021,2022,40000,Azúcar Blanco EEC Nº 2,vol_precio,580,292,-288,1,0.25,580,1168
6275,"SUGAL- ALIMENTOS, S.A.",2021→2022,2021,2022,40260,Melaza de Caña,sin_actividad,0,null,0,0.003,null,0,null
7613,"CUESTAS DE PAN, C.B.",2021→2022,2021,2022,62020,Mix Fructor Apicultor - Pienso completo - Apicult.,prod_perdido,276.5,null,-276.5,0.35,null,790,null
8356,"GARCIA PARRA, DANIEL",2021→2022,2021,2022,62001,Apimix - Pienso completo - Apicultura,prod_perdido,750,null,-750,1,null,750,null
6147,"ANDALUZA DE MIELES, S.L.",2021→2022,2021,2022,62154,Mixco Sweet 80-31.3233 JM,vol_precio,24113.7,35301.4,11187.7,29.77,35.72,810,988.28
2916,"SUC. DE MUÑOZ Y PUJANTE, S.L.",2021→2022,2021,2022,40000,Azúcar Blanco EEC Nº 2,vol_precio,5276.7,670.5,-4606.2,8.1,0.9,651.44,745
7132,"STENGER, S.A.",2021→2022,2021,2022,42001,Dextrosa C.Monohidrato Maiz Pallet Plast.  CHEP,prod_perdido,7340,null,-7340,11,null,667.27,null
7105,"MARTINEZ FERNANDEZ, JESUS",2021→2022,2021,2022,44313,Apipasta Vitaminas 90% - Pienso para Apicultura,prod_perdido,364.5,null,-364.5,0.405,null,900,null
247,"PEDRO GUILLEN GOMARIZ, S.L.",2021→2022,2021,2022,60000,Azúcar Líquida Neutra 67º,vol_precio,106191.6,117595.08,11403.479999999996,267.94,259.02,396.33,454
2577,"IMPORTACO CASA PONS, S.A.U.",2021→2022,2021,2022,40350,Azúcar Granulado Extrafino,vol_precio,32008.5,58440.33,26431.83,45.9,57.475,697.35,1016.8
536,"S.H.S., S.L.",2021→2022,2021,2022,40000,Azúcar Blanco EEC Nº 2,vol_precio,118366.5,15367,-102999.5,226.9,24.2,521.67,635
6818,"DULCES LA FAVORITA FINCA OLIVAR EL RECREO, S.L.",2021→2022,2021,2022,60114,"Azúcar PI 73,5-67-C",vol_precio,8254.52,12536.15,4281.629999999999,11.877,10.829,695,1157.65
6052,DICHEM FOODS  S.A.,2021→2022,2021,2022,61200,Fosvitae 85%,vol_precio,53302.64,14234.4,-39068.24,28.576,7.2,1865.29,1977
1908,"JAKE, S.A.",2021→2022,2021,2022,60214,Azúcar Invertido 67º - JAKE,prod_perdido,691.2,null,-691.2,1.2,null,576,null
1643,"DULCES ARTESANALES LINARES, S.L",2021→2022,2021,2022,41000,Fructosa MAIZ Cristal,vol_precio,2079,1328.75,-750.25,2,1.25,1039.5,1063
6922,"CAMPOS BALAGUER, MARTA",2021→2022,2021,2022,44313,Apipasta Vitaminas 90% - Pienso para Apicultura,prod_perdido,1134,null,-1134,1.05,null,1080,null
67,"TRANSADA, S.L.",2021→2022,2021,2022,41000,Fructosa MAIZ Cristal,sin_actividad,0,null,0,10,null,0,null
8001,"FERTILIZANTES ALTIPLANO, S.L.",2021→2022,2021,2022,42000,Dextrosa Cristal Monohidrato Maiz,prod_perdido,34,null,-34,0.05,null,680,null
6330,"URIZARNA FAJARDO, VICTOR",2021→2022,2021,2022,44313,Apipasta Vitaminas 90% - Pienso para Apicultura,precio,324,405,81,0.3,0.3,1080,1350
8309,"APERIMAX, S.L.",2021→2022,2021,2022,60000,Azúcar Líquida Neutra 67º,sin_actividad,0,null,0,0.001,null,0,null
4118,"CEBELLAN HERRERO, ELADIO",2021→2022,2021,2022,44313,Apipasta Vitaminas 90% - Pienso para Apicultura,prod_perdido,135,null,-135,0.15,null,900,null
6573,"GRAU SANCHEZ, MANUEL",2021→2022,2021,2022,44315,Apipasta PLUS - Pienso para Apicultura,vol_precio,458.08,288.12,-169.95999999999998,0.336,0.154,1363.33,1870.91
1891,"LAPARRA MOLINA, ANGEL",2021→2022,2021,2022,44313,Apipasta Vitaminas 90% - Pienso para Apicultura,prod_perdido,3168,null,-3168,3.6,null,880,null
3683,"MADRID JULVE, LUIS",2021→2022,2021,2022,44313,Apipasta Vitaminas 90% - Pienso para Apicultura,volumen,48.6,162,113.4,0.045,0.15,1080,1080
401,"SOLER GIMENO, S.L.",2021→2022,2021,2022,62420,Fondant ES-R01 Sin Serigrafiar,prod_perdido,273.6,null,-273.6,0.32,null,855,null
5489,"TECNOLOGIAS APICOLA CASTILBLANCO, S.L.",2021→2022,2021,2022,44303,Fructosa Cristal – Materia Prima para Piensos,prod_perdido,1800,null,-1800,2,null,900,null
4470,"SALABERRIA TELLECHEA, XIKER",2021→2022,2021,2022,40200,Azúcar Golden - BIO - ES-ECO-024-MU (Agric No UE),prod_perdido,202.5,null,-202.5,0.15,null,1350,null
8350,"MIGA FOODS COMMERCE, S.L.",2021→2022,2021,2022,44131,Glucor 37/79,vol_precio,2220,30093.83,27873.83,2.4,27.286,925,1102.9
2009,"GARCIA SANTA CATALINA, RAUL",2021→2022,2021,2022,62001,Apimix - Pienso completo - Apicultura,sin_cambio,1495.2,1495.2,0,1.68,1.68,890,890
1932,"MARTINEZ SANDOVAL, ANA MARIA",2021→2022,2021,2022,44315,Apipasta PLUS - Pienso para Apicultura,vol_precio,2520,2898,378,1.68,1.26,1500,2300
6774,"CLARIA MALLEU, POL",2021→2022,2021,2022,44313,Apipasta Vitaminas 90% - Pienso para Apicultura,prod_perdido,4644,null,-4644,5.4,null,860,null
5981,"MAHOU, S.A.",2021→2022,2021,2022,60011,Azúcar Líquida Integral de Caña,vol_precio,108201.09,211928.65,103727.56,162.713,204.414,664.98,1036.76
5179,"CUSTOM DRINKS, S.L.U.",2021→2022,2021,2022,40206,Azúcar Blanco BIO ES-ECO-024-MU Ag No UE NOP,vol_precio,7680,20811.25,13131.25,6,15.875,1280,1310.94
1386,"SCENTIUM FLAVOURS, S.L",2021→2022,2021,2022,44131,Glucor 37/79,prod_perdido,152,null,-152,0.16,null,950,null
6046,"JOSE ESTEVEZ, S.A.",2021→2022,2021,2022,60010,Azúcar Liquida Neutra S.A.,prod_perdido,105987.88,null,-105987.88,274.58,null,386,null
4709,"TURRONES PICO, S.A.",2021→2022,2021,2022,65007,Azúcar en polvo LS Pallet Plast. CHEP,vol_precio,11475,17316,5841,13.5,14.4,850,1202.5
3820,"MUÑOZ VELA, MIGUEL ANGEL",2021→2022,2021,2022,40000,Azúcar Blanco EEC Nº 2,prod_perdido,330,null,-330,0.6,null,550,null
2924,"ZEELANDIA PRODT. ALIMENT, S.A.",2021→2022,2021,2022,61200,Fosvitae 85%,prod_perdido,65.8,null,-65.8,0.028,null,2350,null
6828,AGRUP.DEFENSA SANIT.APIC.REG.DE MURCIA,2021→2022,2021,2022,62000,Mix Idoneo - Pienso Completo - Apicultura,vol_precio,21989.1,11892.5,-10096.599999999999,37.028,16.75,593.85,710
1853,"GÓMEZ ROBLES, MIGUEL",2021→2022,2021,2022,62001,Apimix - Pienso completo - Apicultura,vol_precio,145.04,2736,2590.96,0.196,3.6,740,760
6457,"DOLÇA ABELLA, S.C.",2021→2022,2021,2022,40000,Azúcar Blanco EEC Nº 2,prod_perdido,549,null,-549,0.9,null,610,null
348,"PRODUCTOS SUR, S.A.U.",2021→2022,2021,2022,40000,Azúcar Blanco EEC Nº 2,prod_perdido,12879,null,-12879,24.3,null,530,null
5489,"TECNOLOGIAS APICOLA CASTILBLANCO, S.L.",2021→2022,2021,2022,40000,Azúcar Blanco EEC Nº 2,prod_perdido,23667,null,-23667,48.3,null,490,null
7534,"A FACTORIA ECOLOXICA, S.L.",2021→2022,2021,2022,40204,Azúcar BIO 600-1200 -ES-ECO-024-MU (Agric No EU),vol_precio,1275,7375,6100,1,5,1275,1475
535,"FRIMAR PANADEROS, S.L.",2021→2022,2021,2022,43000,Maltitol Liquido 75-5308,vol_precio,8763.7,18775.85,10012.149999999998,9.9,14.91,885.22,1259.28
248,"CONSERVAS EL VALLE, S.L.",2021→2022,2021,2022,40000,Azúcar Blanco EEC Nº 2,vol_precio,79772,43149.7,-36622.3,142,47.3,561.77,912.26
2684,"INDUSTRIAS JIJONENCAS, S.A.",2021→2022,2021,2022,40000,Azúcar Blanco EEC Nº 2,vol_precio,197840.1,258782.3,60942.19999999998,411,426.3,481.36,607.04
1353,"DESTILERIAS VEGA ALTA, S.L.",2021→2022,2021,2022,60010,Azúcar Liquida Neutra S.A.,vol_precio,3438.53,1941.6,-1496.9300000000003,4.852,2.4,708.68,809
7245,CHESTE AGRARIA COOP. V,2021→2022,2021,2022,40000,Azúcar Blanco EEC Nº 2,prod_perdido,3063.4,null,-3063.4,5.78,null,530,null
1386,"SCENTIUM FLAVOURS, S.L",2021→2022,2021,2022,40000,Azúcar Blanco EEC Nº 2,vol_precio,1908,2738.7,830.6999999999998,2.7,3.6,706.67,760.75
7950,LES RUCHERS DU TALUS,2021→2022,2021,2022,44314,Apipasta 90% - BIO - Pienso completo - Apicultura,sin_actividad,0,null,0,0.001,null,0,null
5598,"GOMEZ MALLA, ANGEL",2021→2022,2021,2022,44313,Apipasta Vitaminas 90% - Pienso para Apicultura,vol_precio,175.5,405,229.5,0.195,0.3,900,1350
7831,"MOJICA DOMINGUEZ, ANDRES",2021→2022,2021,2022,40000,Azúcar Blanco EEC Nº 2,prod_perdido,91,null,-91,0.175,null,520,null
1679,"CONSERVAS MARTINEZ,S.A",2021→2022,2021,2022,44015,Fructor 10/77,prod_perdido,442.4,null,-442.4,0.56,null,790,null
2112,"LACASA, S.A.U.",2021→2022,2021,2022,40350,Azúcar Granulado Extrafino,prod_perdido,1863,null,-1863,2.16,null,862.5,null
8086,SAS SAI NUTRITION,2021→2022,2021,2022,61222,Fosfruit,sin_actividad,0,null,0,0.001,null,0,null
4817,"PARIENTE JIMENEZ, ANTONIO",2021→2022,2021,2022,62403,Fondant ES-R04,prod_perdido,427.5,null,-427.5,0.45,null,950,null
3154,"FRIAS NUTRICION, S.A.",2021→2022,2021,2022,40203,Azúcar BIO 300-500 -ES-ECO-024-MU (Agric No EU),prod_ganado,0,5120,5120,0.001,4,0,1280
7481,"COMERCIAL AGROALIMENTARIA, S.L.",2021→2022,2021,2022,40201,Azúcar Blanco BIO ES-ECO-024-MU Ag No UE,vol_precio,23050,5281.25,-17768.75,19,4.225,1213.16,1250
3552,"VERDU RUIZ, ANTONIO",2021→2022,2021,2022,62000,Mix Idoneo - Pienso Completo - Apicultura,prod_perdido,885,null,-885,1.5,null,590,null
418,"MANUFACTURAS CEYLAN, S.L.",2021→2022,2021,2022,40260,Melaza de Caña,volumen,9035,9438.1,403.10000000000036,13,13.58,695,695
2057,"BACK EUROP ESPAÑA, S.L",2021→2022,2021,2022,44134,Glucor 37/79 Pallet EUR,prod_perdido,3037.8,null,-3037.8,4.14,null,733.77,null
1609,"RAMIRO RAMIRO, CIPRIANO",2021→2022,2021,2022,62000,Mix Idoneo - Pienso Completo - Apicultura,vol_precio,3804,1475,-2329,6,2.5,634,590
6271,"ALVAREZ ROVIRA, DAVID",2021→2022,2021,2022,40200,Azúcar Golden - BIO - ES-ECO-024-MU (Agric No UE),prod_perdido,562.5,null,-562.5,0.375,null,1500,null
3644,"MOLINA HERNANDEZ, VICENTE",2021→2022,2021,2022,44315,Apipasta PLUS - Pienso para Apicultura,precio,42.84,63.84,21,0.028,0.028,1530,2280
448,"ESGIR, S.L.",2021→2022,2021,2022,40200,Azúcar Golden - BIO - ES-ECO-024-MU (Agric No UE),prod_perdido,1290,null,-1290,1,null,1290,null
2705,"ESPECIAS HUERTAS, S.L.",2021→2022,2021,2022,40110,Azúcar Moreno Brown (Azucarera),prod_perdido,816,null,-816,0.9,null,906.67,null
8025,"SANCHEZ BRENES, MARIA ISABEL",2021→2022,2021,2022,44314,Apipasta 90% - BIO - Pienso completo - Apicultura,vol_precio,1586.25,808.13,-778.12,0.855,0.375,1855.26,2155.01
6196,"APITIENDA SOLTAN, S.L.",2021→2022,2021,2022,62001,Apimix - Pienso completo - Apicultura,vol_precio,1192.8,6127.2,4934.4,1.68,7.2,710,851
6195,"SERRANO MEDINA, GERARDO",2021→2022,2021,2022,62026,Apimix - Pienso Completo No Cristaliza- Apicultura,prod_perdido,777,null,-777,1.05,null,740,null
6264,"VERT CARBO, ISABEL",2021→2022,2021,2022,40203,Azúcar BIO 300-500 -ES-ECO-024-MU (Agric No EU),vol_precio,1181.25,1538,356.75,0.875,1,1350,1538
4370,"BERMUDEZ GARCIA, MERCEDES",2021→2022,2021,2022,44313,Apipasta Vitaminas 90% - Pienso para Apicultura,vol_precio,445.5,583.2,137.70000000000005,0.495,0.54,900,1080
7772,"DULCES ARTESANOS ROMO, S.L.",2021→2022,2021,2022,40000,Azúcar Blanco EEC Nº 2,prod_perdido,18356.5,null,-18356.5,33.9,null,541.49,null
7949,CARGILL NV,2021→2022,2021,2022,61229,Fosvitae Plus Polvo,sin_actividad,0,null,0,0.02,null,0,null
1933,"YEPES CANDEL, ANTONIO",2021→2022,2021,2022,62001,Apimix - Pienso completo - Apicultura,precio,562.5,695,132.5,0.75,0.75,750,926.67
7171,"QUIRANTE FRUITS, S.L.",2021→2022,2021,2022,64506,COMPO LE,vol_precio,13691.31,39866.11,26174.800000000003,15.349,34.865,892,1143.44
2073,"PLATOS TRADICIONALES, S.A",2021→2022,2021,2022,40000,Azúcar Blanco EEC Nº 2,prod_perdido,36450,null,-36450,67.5,null,540,null
769,"ANGEL CAMACHO ALIMENTACION, S.L.",2021→2022,2021,2022,40000,Azúcar Blanco EEC Nº 2,vol_precio,1113323.96,643162.24,-470161.72,2258.36,1260.08,492.98,510.41
5409,"TORTAJADA CAURIN, MARIO",2021→2022,2021,2022,44015,Fructor 10/77,prod_perdido,780,null,-780,1.1,null,709.09,null
205,"ROBERTO REQUENA, S.L.",2021→2022,2021,2022,44015,Fructor 10/77,prod_perdido,2673.68,null,-2673.68,4.012,null,666.42,null
3699,"GONZALEZ CARBALLAL, S.L.",2021→2022,2021,2022,42000,Dextrosa Cristal Monohidrato Maiz,prod_perdido,630,null,-630,1,null,630,null
430,"MONZO LUIS, S.L.",2021→2022,2021,2022,61201,Fos y Stevia (72º),prod_perdido,9205.02,null,-9205.02,4.649,null,1980,null
3699,"GONZALEZ CARBALLAL, S.L.",2021→2022,2021,2022,44315,Apipasta PLUS - Pienso para Apicultura,vol_precio,24265.58,29564.3,5298.7199999999975,18.48,17.64,1313.07,1675.98
4286,"FERNANDEZ MOYA, ANGEL",2021→2022,2021,2022,44313,Apipasta Vitaminas 90% - Pienso para Apicultura,vol_precio,618.3,799.5,181.20000000000005,0.615,0.6,1005.37,1332.5
7617,"SANCHO MUNIESA, EMILIO",2021→2022,2021,2022,44313,Apipasta Vitaminas 90% - Pienso para Apicultura,precio,945,1134,189,1.05,1.05,900,1080
1241,"ACEITES DEL SUR-COOSUR, S.A.",2021→2022,2021,2022,40111,Azúcar Moreno Brown (Alvean),sin_actividad,0,null,0,0.002,null,0,null
5032,"GARCIA GARCIA, ANTONIO",2021→2022,2021,2022,44313,Apipasta Vitaminas 90% - Pienso para Apicultura,prod_perdido,945,null,-945,1.05,null,900,null
3705,"APICOLA JUNEDENCA, S.L.",2021→2022,2021,2022,44313,Apipasta Vitaminas 90% - Pienso para Apicultura,vol_precio,7938,14442,6504,9.45,13.14,840,1099.09
3382,"GARCIA ESPADA, JOSE JULIAN",2021→2022,2021,2022,62000,Mix Idoneo - Pienso Completo - Apicultura,prod_perdido,1180,null,-1180,2,null,590,null
4542,"COMERCIAL FONT, C.B.",2021→2022,2021,2022,49006,Almidón nativo de Maiz,vol_precio,757.25,93.75,-663.5,1.225,0.125,618.16,750
8290,"LUSOESTRELA-IND.E COMERCIO PROD. ALIMENTARES, LDA",2021→2022,2021,2022,40000,Azúcar Blanco EEC Nº 2,vol_precio,14976,30861,15885,23.4,24.3,640,1270
2983,"CANTOS MONTAÑANA, VICENTE RAMON",2021→2022,2021,2022,42000,Dextrosa Cristal Monohidrato Maiz,prod_perdido,88.5,null,-88.5,0.125,null,708,null
7440,"LOPEZ FOOD GROUP, S.L.",2021→2022,2021,2022,43100,Sorbitol Liquido 70% No cristalizable,vol_precio,11433.6,3553.2,-7880.400000000001,12,3.6,952.8,987
7196,"CALVO MARCOS, INES",2021→2022,2021,2022,44313,Apipasta Vitaminas 90% - Pienso para Apicultura,prod_perdido,243,null,-243,0.27,null,900,null
8101,"PROTEUS SNA, S.L.U.",2021→2022,2021,2022,40203,Azúcar BIO 300-500 -ES-ECO-024-MU (Agric No EU),sin_actividad,0,null,0,0.15,null,0,null
3002,"BENITO SANCHEZ, JOSE",2021→2022,2021,2022,44315,Apipasta PLUS - Pienso para Apicultura,prod_perdido,53.76,null,-53.76,0.042,null,1280,null
4642,"TORRALBA GUILLAMON, YOLANDA",2021→2022,2021,2022,40200,Azúcar Golden - BIO - ES-ECO-024-MU (Agric No UE),prod_perdido,33.75,null,-33.75,0.025,null,1350,null
8003,"OBLEAS QUINTIN, S.L.",2021→2022,2021,2022,43000,Maltitol Liquido 75-5308,prod_perdido,8048.5,null,-8048.5,7.3,null,1102.53,null
4187,"AMILCAR & MORGADO, LDA",2021→2022,2021,2022,62026,Apimix - Pienso Completo No Cristaliza- Apicultura,prod_perdido,6927.04,null,-6927.04,11.68,null,593.07,null
346,"PANARRO FOODS, S.L.",2021→2022,2021,2022,40000,Azúcar Blanco EEC Nº 2,vol_precio,62557,71991,9434,120.8,113.8,517.86,632.61
430,"MONZO LUIS, S.L.",2021→2022,2021,2022,44010,Fructor 10/81,vol_precio,966,2196,1230,1.4,2.4,690,915
902,"MEMBRILLO EL QUIJOTE, S.A.",2021→2022,2021,2022,40001,Azúcar Blanco 150 ICUMSA,prod_perdido,34119.75,null,-34119.75,70.35,null,485,null
4561,"AGRICOM, S.R.L.",2021→2022,2021,2022,44315,Apipasta PLUS - Pienso para Apicultura,vol_precio,8468.88,4717.44,-3751.4399999999996,6.72,3.36,1260.25,1404
211,"MARTINEZ NIETO, S.A.",2021→2022,2021,2022,44111,Glucor 60/82,vol_precio,1608,1458,-150,1.8,1.2,893.33,1215
3070,"NAVARRO OLIVA, JOSE",2021→2022,2021,2022,44313,Apipasta Vitaminas 90% - Pienso para Apicultura,vol_precio,4252.5,3022.5,-1230,4.2,1.95,1012.5,1550
3154,"FRIAS NUTRICION, S.A.",2021→2022,2021,2022,40204,Azúcar BIO 600-1200 -ES-ECO-024-MU (Agric No EU),sin_cambio,10320,10240,-80,8.001,8,1289.84,1280
7972,MOCHI LUXURY S.L,2021→2022,2021,2022,60011,Azúcar Líquida Integral de Caña,prod_perdido,26.6,null,-26.6,0.028,null,950,null
1117,COMERCIAL RUIZ ARRIBAS S. XXI. S.L.,2021→2022,2021,2022,43000,Maltitol Liquido 75-5308,prod_perdido,135,null,-135,0.1,null,1350,null
493,"MAZAPANES RUIZ, S.L.",2021→2022,2021,2022,61126,Mixco Sweet 76-46.1421,vol_precio,6943.75,15370.35,8426.6,12.625,14.425,550,1065.54
1149,"UNION GENIL, S.C.A",2021→2022,2021,2022,41006,Fructosa MAIZ Cristal Granulada Pallet Plast. CHEP,volumen,1774,882,-892,2,1,887,882
7848,AISAKOS. S.A.,2021→2022,2021,2022,61222,Fosfruit,prod_perdido,57.54,null,-57.54,0.029,null,1984.14,null
3210,"LEMON ICE M.A. GALLEGO, S.L.",2021→2022,2021,2022,60102,Azúcar PI 67-15,sin_actividad,0,null,0,0.001,null,0,null
541,"PANYPAST GRANADA, S.L.",2021→2022,2021,2022,62420,Fondant ES-R01 Sin Serigrafiar,prod_perdido,432,null,-432,0.576,null,750,null
5373,"VERTICE DE INNOVACION Y DESAR.DE ALIMENTOS, S.A.U.",2021→2022,2021,2022,62070,Mix Golden Jarabe,sin_actividad,0,null,0,0.001,null,0,null
795,"EL QUITERIANO, S.A.",2021→2022,2021,2022,43050,Maltitol en Polvo,sin_actividad,0,null,0,0.001,null,0,null
5045,"DADELOS AGRICOLA, S.L.",2021→2022,2021,2022,44301,Azucar Blanco – Materia Prima para Piensos,prod_perdido,11640,null,-11640,24,null,485,null
8074,GAEC L’ABEILLE DU LECTOUROIS,2021→2022,2021,2022,44313,Apipasta Vitaminas 90% - Pienso para Apicultura,vol_precio,4200,8937.6,4737.6,5.25,8.4,800,1064
762,"VIOKOX, S.A",2021→2022,2021,2022,40000,Azúcar Blanco EEC Nº 2,vol_precio,74191.5,87790.5,13599,144,132.3,515.22,663.57
1000,CLIENTES VARIOS (CONTADO),2021→2022,2021,2022,44313,Apipasta Vitaminas 90% - Pienso para Apicultura,vol_precio,7791,164.85,-7626.15,9.259,0.12,841.45,1373.75
2737,"ALFONSO MARTINEZ TORRANO, S.L.",2021→2022,2021,2022,40000,Azúcar Blanco EEC Nº 2,prod_perdido,12054,null,-12054,18.6,null,648.06,null
473,"MAZALMENDRA, S.L.",2021→2022,2021,2022,40000,Azúcar Blanco EEC Nº 2,vol_precio,124180.5,165753.84,41573.34,229.58,250.96,540.9,660.48
4921,"MARTINEZ CARRASCO, JOSE ANDRES",2021→2022,2021,2022,44314,Apipasta 90% - BIO - Pienso completo - Apicultura,prod_perdido,100.8,null,-100.8,0.06,null,1680,null
876,"DULPESAN, S.L.",2021→2022,2021,2022,40000,Azúcar Blanco EEC Nº 2,prod_perdido,17487,null,-17487,26.1,null,670,null
8099,"HORNO SANT HONORET, SL",2021→2022,2021,2022,61229,Fosvitae Plus Polvo,sin_actividad,0,null,0,0.001,null,0,null
5934,"ZEBERIO BEGIRISTAIN, AGUEDA",2021→2022,2021,2022,44313,Apipasta Vitaminas 90% - Pienso para Apicultura,vol_precio,3024,2761.5,-262.5,3.15,2.1,960,1315
535,"FRIMAR PANADEROS, S.L.",2021→2022,2021,2022,41000,Fructosa MAIZ Cristal,volumen,687.5,167.1,-520.4,0.625,0.15,1100,1114
6130,HAPPY VALLEY HONEY LIMITED,2021→2022,2021,2022,44315,Apipasta PLUS - Pienso para Apicultura,vol_precio,5787.6,3662.4,-2125.2000000000003,4.2,1.68,1378,2180
7615,"LOPEZ CANTERO, MANUEL",2021→2022,2021,2022,62001,Apimix - Pienso completo - Apicultura,volumen,217.56,375,157.44,0.294,0.5,740,750
2298,"GRACOMSA ALIMENTARIA, S.A.U.",2021→2022,2021,2022,60114,"Azúcar PI 73,5-67-C",prod_perdido,181.09,null,-181.09,0.182,null,995,null
5187,"DISTRIBUCIONES VARPEN, S.L.",2021→2022,2021,2022,49006,Almidón nativo de Maiz,prod_perdido,560,null,-560,1,null,560,null
6059,"SONG NGUYEN LAM CO., LTD",2021→2022,2021,2022,61210,Fosvitae Polvo,sin_actividad,0,null,0,0.001,null,0,null
4405,"PEINADO HERNANDEZ, IVAN",2021→2022,2021,2022,62001,Apimix - Pienso completo - Apicultura,prod_perdido,4900,null,-4900,10,null,490,null
6192,"ETXEBERRIA URBIZU, JON",2021→2022,2021,2022,44313,Apipasta Vitaminas 90% - Pienso para Apicultura,vol_precio,418.5,1296,877.5,0.465,1.2,900,1080
7977,"AGRO SEVILLA ACEITUNAS, S.C.A.",2021→2022,2021,2022,44040,Fructor 42/71,sin_actividad,0,null,0,0.002,null,0,null
426,"CONSERVAS CYDONIA, S.A.",2021→2022,2021,2022,40000,Azúcar Blanco EEC Nº 2,vol_precio,149709,48592.3,-101116.7,295,90.1,507.49,539.32
7733,"SISU, C.B.",2021→2022,2021,2022,40201,Azúcar Blanco BIO ES-ECO-024-MU Ag No UE,precio,337.5,402,64.5,0.25,0.25,1350,1608
458,"CASTY, S.A.",2021→2022,2021,2022,44200,Maltor 70/80,vol_precio,68940.44,3969.6,-64970.840000000004,166.926,4.8,413,827
3699,"GONZALEZ CARBALLAL, S.L.",2021→2022,2021,2022,62026,Apimix - Pienso Completo No Cristaliza- Apicultura,prod_perdido,29350,null,-29350,48.95,null,599.59,null
1864,MELAZAHAR COOP. V.,2021→2022,2021,2022,44303,Fructosa Cristal – Materia Prima para Piensos,prod_perdido,131.25,null,-131.25,0.125,null,1050,null
4636,"SAEZ MATEO, JOSE ANTONIO",2021→2022,2021,2022,44313,Apipasta Vitaminas 90% - Pienso para Apicultura,prod_perdido,81,null,-81,0.09,null,900,null
4369,"LA TIENDA DEL APICULTOR, S.L.U.",2021→2022,2021,2022,44314,Apipasta 90% - BIO - Pienso completo - Apicultura,vol_precio,9528.75,10080,551.25,5.775,5.25,1650,1920
4516,"DAUD, VEDAT",2021→2022,2021,2022,44313,Apipasta Vitaminas 90% - Pienso para Apicultura,prod_perdido,356.4,null,-356.4,0.36,null,990,null
5110,"QUISABA, S.L.",2021→2022,2021,2022,43100,Sorbitol Liquido 70% No cristalizable,vol_precio,8124,8052,-72,8.4,7.2,967.14,1118.33
419,"DISTRIBUCIONES JAIME SARRION, S.L.",2021→2022,2021,2022,62401,Fondant ES-R02,precio,209.25,289.13,79.88,0.225,0.225,930,1285.02
5892,"DISTRIBUCIONES BOLLFROST, S.L.",2021→2022,2021,2022,61177,Mixco Sweet 81-00.0932 A-MI,sin_actividad,0,null,0,0.001,null,0,null
6278,"URRIETA ROVIRA, JOSE MANUEL",2021→2022,2021,2022,62026,Apimix - Pienso Completo No Cristaliza- Apicultura,prod_perdido,472.5,null,-472.5,0.75,null,630,null
1661,"DELAVIUDA ALIMENTACION, S.A",2021→2022,2021,2022,43003,Maltitol 55/75,prod_perdido,8053.5,null,-8053.5,9.1,null,885,null
6983,"SANCHEZ DOMINGUEZ, ELISEO",2021→2022,2021,2022,62001,Apimix - Pienso completo - Apicultura,prod_perdido,2160,null,-2160,4,null,540,null
4930,"LAPARRA DONAIRE, MARCOS",2021→2022,2021,2022,44313,Apipasta Vitaminas 90% - Pienso para Apicultura,prod_perdido,1584,null,-1584,1.8,null,880,null
1196,"ESTUCHADOS JUCAR, S.L.U.",2021→2022,2021,2022,40000,Azúcar Blanco EEC Nº 2,vol_precio,25872,25410,-462,48,23.1,539,1100
7496,"LA CENTRAL 3.0 - NOVA DISTRIBUTION, S.L.",2021→2022,2021,2022,41000,Fructosa MAIZ Cristal,prod_perdido,281.7,null,-281.7,0.3,null,939,null
7042,"MINAYA CORRAL, GREGORIO",2021→2022,2021,2022,44315,Apipasta PLUS - Pienso para Apicultura,prod_perdido,53.76,null,-53.76,0.042,null,1280,null
211,"MARTINEZ NIETO, S.A.",2021→2022,2021,2022,44030,Fructor 25/72,prod_perdido,6598.48,null,-6598.48,9.383,null,703.24,null
4914,"SVETOSLAV STEFANOV, VASILEV",2021→2022,2021,2022,62001,Apimix - Pienso completo - Apicultura,prod_perdido,486.92,null,-486.92,0.658,null,740,null
531,"DESARROLLOS PANADEROS LEVANTINOS, S.L.L.",2021→2022,2021,2022,62302,Fondant AR-VA,prod_perdido,2517.75,null,-2517.75,3,null,839.25,null
6336,"AGRICOLA RODENAS DALMAU, S.L.",2021→2022,2021,2022,44315,Apipasta PLUS - Pienso para Apicultura,vol_precio,53.76,665.84,612.08,0.042,0.406,1280,1640
4383,"MANUFRI, S.L.",2021→2022,2021,2022,40000,Azúcar Blanco EEC Nº 2,prod_perdido,123360,null,-123360,240,null,514,null
4542,"COMERCIAL FONT, C.B.",2021→2022,2021,2022,44015,Fructor 10/77,vol_precio,881.25,190,-691.25,1.129,0.2,780.56,950
461,"PRODUCTOS JESUS, S.L.",2021→2022,2021,2022,40000,Azúcar Blanco EEC Nº 2,vol_precio,162256.46,11396,-150860.46,338.74,22,479,518
396,"AGROTRANSFORMADOS, S.A.",2021→2022,2021,2022,60000,Azúcar Líquida Neutra 67º,vol_precio,288823.06,533475.12,244652.06,755.5,922.24,382.29,578.46
257,"DESTILERIAS GULF STREAM, S.L.",2021→2022,2021,2022,44015,Fructor 10/77,prod_perdido,4260,null,-4260,7.2,null,591.67,null
4698,"SANCHEZ TAUSTE, ESCOLASTICO",2021→2022,2021,2022,44315,Apipasta PLUS - Pienso para Apicultura,prod_perdido,471.24,null,-471.24,0.308,null,1530,null
7809,"GISPERT CALATAYUD, JOSE ANTONIO",2021→2022,2021,2022,44313,Apipasta Vitaminas 90% - Pienso para Apicultura,prod_perdido,445.5,null,-445.5,0.495,null,900,null
2832,DULCES LA ABUELA COOP VNA,2021→2022,2021,2022,40000,Azúcar Blanco EEC Nº 2,vol_precio,161695.6,147537.8,-14157.800000000017,314.6,225.2,513.97,655.14
2057,"BACK EUROP ESPAÑA, S.L",2021→2022,2021,2022,62422,Fondant ES-R03 Sin Serigrafiar,vol_precio,1880.4,1254,-626.4000000000001,2.28,1.32,824.74,950
1117,COMERCIAL RUIZ ARRIBAS S. XXI. S.L.,2021→2022,2021,2022,65005,Azúcar en polvo LS,prod_perdido,291.6,null,-291.6,0.36,null,810,null
1366,"FRUTOS SECOS MONLEON, S.L.",2021→2022,2021,2022,40000,Azúcar Blanco EEC Nº 2,precio,1062,1314,252,1.8,1.8,590,730
1854,"ROYPAS BY NUTRIS, S.A.",2021→2022,2021,2022,43015,Maltitol Liquido 80-5308,prod_perdido,18369,null,-18369,15.7,null,1170,null
546,"E.MORENO, S.L.",2021→2022,2021,2022,40206,Azúcar Blanco BIO ES-ECO-024-MU Ag No UE NOP,prod_perdido,1350,null,-1350,1,null,1350,null
2627,"REIG FAUS, JUAN",2021→2022,2021,2022,40000,Azúcar Blanco EEC Nº 2,prod_perdido,1155,null,-1155,2.1,null,550,null
198,"JOSE SANDOVAL, S.L.U.",2021→2022,2021,2022,43002,Maltitol Estandar Liq 75-5008,prod_perdido,1212,null,-1212,1.2,null,1010,null
5911,"CATERO ARROYO, TOMAS",2021→2022,2021,2022,44313,Apipasta Vitaminas 90% - Pienso para Apicultura,prod_perdido,1134,null,-1134,1.05,null,1080,null
541,"PANYPAST GRANADA, S.L.",2021→2022,2021,2022,65005,Azúcar en polvo LS,prod_perdido,1569.75,null,-1569.75,1.95,null,805,null
2281,"HORCHATA JUAN`S, S.L.",2021→2022,2021,2022,60105,"Azúcar PI 73,5-67",sin_actividad,0,null,0,0.001,null,0,null
2646,"PERALES RODRIGUEZ, JOSE LUIS",2021→2022,2021,2022,44120,Glucor 45/80,vol_precio,1246.4,1044,-202.4000000000001,1.68,1.2,741.9,870
6147,"ANDALUZA DE MIELES, S.L.",2021→2022,2021,2022,44010,Fructor 10/81,prod_perdido,34637.25,null,-34637.25,92.366,null,375,null
2836,"ISAXCO CONSULTING, S.L.",2021→2022,2021,2022,64084,Nectar Base 7 BC 65º,prod_perdido,60625.24,null,-60625.24,101.38,null,598,null
4726,CONSORZIO CON LE API,2021→2022,2021,2022,44310,Apipasta 90% - Pienso completo - Apicultura,vol_precio,32772,2945.25,-29826.75,39.75,3.15,824.45,935
523,"CORALIM INGREDIENTS, S.L.",2021→2022,2021,2022,43100,Sorbitol Liquido 70% No cristalizable,prod_perdido,119.4,null,-119.4,0.121,null,986.78,null
3719,"CARCEL EJARTE, EMILIO",2021→2022,2021,2022,40000,Azúcar Blanco EEC Nº 2,prod_perdido,380,null,-380,0.6,null,633.33,null
1241,"ACEITES DEL SUR-COOSUR, S.A.",2021→2022,2021,2022,62154,Mixco Sweet 80-31.3233 JM,sin_actividad,0,null,0,0.001,null,0,null
7826,"TOSTASOL FRUTOS SECOS, S.L.",2021→2022,2021,2022,60105,"Azúcar PI 73,5-67",prod_perdido,10.5,null,-10.5,0.014,null,750,null
2748,"NAVARRO SERRA, MIGUEL ANGEL",2021→2022,2021,2022,44015,Fructor 10/77,prod_perdido,150,null,-150,0.2,null,750,null
1253,"HORCHATA EL COSECHERO, S.L.",2021→2022,2021,2022,44040,Fructor 42/71,sin_actividad,0,null,0,0.001,null,0,null
3855,"APIFERSA APICOLA, S.L.",2021→2022,2021,2022,44310,Apipasta 90% - Pienso completo - Apicultura,vol_precio,23485.5,10584,-12901.5,27.45,10.5,855.57,1008
5292,"RAMON CUSINE HILL, S.A.U.",2021→2022,2021,2022,41000,Fructosa MAIZ Cristal,prod_perdido,5028.75,null,-5028.75,6.75,null,745,null
5618,"CABELLO TRASOBARES, RAMON",2021→2022,2021,2022,44301,Azucar Blanco – Materia Prima para Piensos,prod_perdido,6633,null,-6633,9.9,null,670,null
5500,"BERMEJO ROMERO, EULALIO",2021→2022,2021,2022,40200,Azúcar Golden - BIO - ES-ECO-024-MU (Agric No UE),prod_perdido,337.5,null,-337.5,0.25,null,1350,null
3719,"CARCEL EJARTE, EMILIO",2021→2022,2021,2022,62001,Apimix - Pienso completo - Apicultura,vol_precio,124.32,186.9,62.58000000000001,0.168,0.21,740,890
2836,"ISAXCO CONSULTING, S.L.",2021→2022,2021,2022,64013,Néctar Base 2 72º,prod_perdido,2140699.66,null,-2140699.66,2772.36,null,772.16,null
2154,"AB AZUCARERA IBERIA, S.L.",2021→2022,2021,2022,40111,Azúcar Moreno Brown (Alvean),prod_perdido,61451.78,null,-61451.78,88.675,null,693,null
6449,"PRODEL AGRICOLA, S.L.",2021→2022,2021,2022,44314,Apipasta 90% - BIO - Pienso completo - Apicultura,vol_precio,1089,5160,4071,0.66,2.4,1650,2150
610,"TURRONES DOS HERMANOS,S.L.",2021→2022,2021,2022,61170,Mix Maltitol Sorbitol MS 74-8020,vol_precio,4056,2388,-1668,2.4,1.2,1690,1990
535,"FRIMAR PANADEROS, S.L.",2021→2022,2021,2022,42001,Dextrosa C.Monohidrato Maiz Pallet Plast.  CHEP,vol_precio,3150,2232,-918,4.2,2.4,750,930
5816,"SEVA ALCARAZ, JOSE VALENTIN",2021→2022,2021,2022,62001,Apimix - Pienso completo - Apicultura,vol_precio,818.44,498.4,-320.0400000000001,1.106,0.56,740,890
1592,"APICOLA TARRAGONINA, S.C.C.L",2021→2022,2021,2022,62020,Mix Fructor Apicultor - Pienso completo - Apicult.,vol_precio,1537.2,3900,2362.8,2.44,4.8,630,812.5
6446,"ARROYO PURROY, JAIME",2021→2022,2021,2022,62001,Apimix - Pienso completo - Apicultura,vol_precio,145.04,174.44,29.400000000000006,0.238,0.196,609.41,890
7611,DPTO. CALIDAD,2021→2022,2021,2022,44315,Apipasta PLUS - Pienso para Apicultura,sin_actividad,0,0,0,0.112,0.154,0,0
2592,"NOVASERVICE MALAGA, S.L.",2021→2022,2021,2022,60122,"Azúcar PI 73,5-67-C Sin Serigrafiar",vol_precio,1789.2,1612.8,-176.4000000000001,2.52,1.68,710,960
7335,"GIMENO MOLINER, JOSE DANIEL",2021→2022,2021,2022,40000,Azúcar Blanco EEC Nº 2,prod_perdido,990,null,-990,1.8,null,550,null
716,"PENALVA ALIMENTACION, S.A.",2021→2022,2021,2022,40000,Azúcar Blanco EEC Nº 2,vol_precio,32659.2,42592.5,9933.3,48.6,46.8,672,910.1
1616,"ALFREDO GARCIA VALDES, S.C",2021→2022,2021,2022,40000,Azúcar Blanco EEC Nº 2,prod_perdido,1816,null,-1816,3.2,null,567.5,null
1832,"SIERRAS ANDALUZAS, S.C.A.",2021→2022,2021,2022,44315,Apipasta PLUS - Pienso para Apicultura,vol_precio,42723.24,65184,22460.760000000002,35.364,44.52,1208.1,1464.15
3187,"AZELIS ESPAÑA, S.A.",2021→2022,2021,2022,44131,Glucor 37/79,vol_precio,64699.52,12090,-52609.52,116.992,15.6,553.03,775
2832,DULCES LA ABUELA COOP VNA,2021→2022,2021,2022,40112,Azúcar Moreno Brown (Alvean) Pallet Plast.,prod_perdido,1440,null,-1440,2,null,720,null
566,"ALMACENES MIGUEZ 2005,S.L.",2021→2022,2021,2022,40000,Azúcar Blanco EEC Nº 2,prod_perdido,12457.25,null,-12457.25,23.05,null,540.44,null
450,"LA FLOR BURGALESA, S.L.",2021→2022,2021,2022,40201,Azúcar Blanco BIO ES-ECO-024-MU Ag No UE,prod_perdido,3870,null,-3870,3,null,1290,null
6003,"BS EDULCORANTES, S.L.U.",2021→2022,2021,2022,40001,Azúcar Blanco 150 ICUMSA,prod_perdido,11448,null,-11448,24,null,477,null
6560,MIEL Y CAMPO S.L.U,2021→2022,2021,2022,61164,Mixco Sweet Plus-M 82-05.5141,vol_precio,2760,15918.5,13158.5,2.4,12.416,1150,1282.1
3534,"ITURRATE VEA, INES",2021→2022,2021,2022,44313,Apipasta Vitaminas 90% - Pienso para Apicultura,vol_precio,2772,4824,2052,3.15,3.9,880,1236.92
6270,"PANADERIA NTRA.SRA.DE LA CABEZA, S.L.",2021→2022,2021,2022,65005,Azúcar en polvo LS,prod_perdido,1187.55,null,-1187.55,1.575,null,754,null
6828,AGRUP.DEFENSA SANIT.APIC.REG.DE MURCIA,2021→2022,2021,2022,44314,Apipasta 90% - BIO - Pienso completo - Apicultura,vol_precio,478.8,2231.1,1752.3,0.285,1.11,1680,2010
3185,"ALONSO PEREZ, JULIAN",2021→2022,2021,2022,62001,Apimix - Pienso completo - Apicultura,prod_perdido,3110.4,null,-3110.4,5.76,null,540,null
6446,"ARROYO PURROY, JAIME",2021→2022,2021,2022,44315,Apipasta PLUS - Pienso para Apicultura,precio,250.88,299.88,49,0.196,0.196,1280,1530
259,"EUROGRANIZADOS, S.L.U.",2021→2022,2021,2022,60102,Azúcar PI 67-15,vol_precio,275676.78,417878.76,142201.97999999998,708.66,895.1,389.01,466.85
4600,"JALANCINA NATURE, S.L.",2021→2022,2021,2022,40000,Azúcar Blanco EEC Nº 2,vol_precio,7519,8586,1067,13.1,9.9,573.97,867.27
4002,"ABB MJ FERNANDEZ ARANDA, S.L.",2021→2022,2021,2022,40110,Azúcar Moreno Brown (Azucarera),prod_perdido,1912.5,null,-1912.5,2.25,null,850,null
6374,ASOCIACION DE APICULTORES ALAVESES (APIAL),2021→2022,2021,2022,44313,Apipasta Vitaminas 90% - Pienso para Apicultura,vol_precio,15120,13230,-1890,16.856,10.5,897.01,1260
5512,"ORTA VAZ, ISABEL",2021→2022,2021,2022,44304,Azucar Polvo LS – Pienso completo – Apicultura,prod_perdido,926.25,null,-926.25,0.975,null,950,null
1386,"SCENTIUM FLAVOURS, S.L",2021→2022,2021,2022,41000,Fructosa MAIZ Cristal,vol_precio,108,1160,1052,0.1,1,1080,1160
1864,MELAZAHAR COOP. V.,2021→2022,2021,2022,44302,Dextrosa Cristal –  Materia Prima para Piensos,prod_perdido,242.5,null,-242.5,0.25,null,970,null
1173,"FRANMOSAN, S.L.",2021→2022,2021,2022,43100,Sorbitol Liquido 70% No cristalizable,prod_perdido,24,null,-24,0.02,null,1200,null
2811,"DULCINOVA FOODS, S.L.",2021→2022,2021,2022,40000,Azúcar Blanco EEC Nº 2,prod_perdido,12432,null,-12432,24,null,518,null
3735,"SORRIBES GOMEZ, JOSE MIGUEL",2021→2022,2021,2022,62026,Apimix - Pienso Completo No Cristaliza- Apicultura,prod_perdido,1560,null,-1560,2.4,null,650,null
432,"CHOCOLATES ALGARRA, S.L.",2021→2022,2021,2022,49006,Almidón nativo de Maiz,prod_perdido,1280,null,-1280,2,null,640,null
1592,"APICOLA TARRAGONINA, S.C.C.L",2021→2022,2021,2022,44308,Fructor 20/77 – Pienso completo – Apicultura,prod_perdido,1757.68,null,-1757.68,2.768,null,635,null
3624,"LLOVERA GRAS, JOSE EMILIANO",2021→2022,2021,2022,44313,Apipasta Vitaminas 90% - Pienso para Apicultura,prod_perdido,135,null,-135,0.15,null,900,null
465,"INVESTIGACION Y DESARROLLO PANADERO, S.L.",2021→2022,2021,2022,40000,Azúcar Blanco EEC Nº 2,prod_perdido,2313,null,-2313,3.6,null,642.5,null
7342,"CAMPOMAR NATURE, S.L.",2021→2022,2021,2022,40203,Azúcar BIO 300-500 -ES-ECO-024-MU (Agric No EU),prod_perdido,942.5,null,-942.5,0.65,null,1450,null
3367,"MAMERTO DE LA VARA, S.L.",2021→2022,2021,2022,40000,Azúcar Blanco EEC Nº 2,prod_perdido,24243.6,null,-24243.6,48.3,null,501.94,null
2256,"DULCES Y CONSERVAS HELIOS, S.A.",2021→2022,2021,2022,43000,Maltitol Liquido 75-5308,vol_precio,117175.8,190062.6,72886.8,130.42,149.395,898.45,1272.22
1513,"AGROBIO, S.L.",2021→2022,2021,2022,62004,Mix Abejorros 65-30.4028 Pienso Completo - Apicult,precio,439364.92,756105.68,316740.76000000007,833.724,826.886,526.99,914.4
546,"E.MORENO, S.L.",2021→2022,2021,2022,40000,Azúcar Blanco EEC Nº 2,prod_perdido,121264,null,-121264,233,null,520.45,null
4369,"LA TIENDA DEL APICULTOR, S.L.U.",2021→2022,2021,2022,44310,Apipasta 90% - Pienso completo - Apicultura,vol_precio,9543,9660,117,11.1,8.4,859.73,1150
7379,"EARTH-MIND BUSINESS GROUP, S.L.",2021→2022,2021,2022,61239,Mixco Sweet 74-00.5050 EM,vol_precio,371606.2,828952.83,457346.62999999995,373.321,747.602,995.41,1108.82
594,"CERVERO AUSINA, JULIO",2021→2022,2021,2022,60010,Azúcar Liquida Neutra S.A.,vol_precio,11070.32,9136.8,-1933.5200000000004,15.592,9.6,710,951.75
4935,"SAHUQUILLO MARTINEZ, AMPARO",2021→2022,2021,2022,44313,Apipasta Vitaminas 90% - Pienso para Apicultura,vol_precio,94.5,226.8,132.3,0.105,0.21,900,1080
5706,"GARRIDO CARIÑENA, MIGUEL ANGEL",2021→2022,2021,2022,40000,Azúcar Blanco EEC Nº 2,prod_perdido,233.75,null,-233.75,0.425,null,550,null
985,GIPUZKOAKO ERLEZAIN ELKARTEA,2021→2022,2021,2022,44313,Apipasta Vitaminas 90% - Pienso para Apicultura,vol_precio,5550.9,14395.5,8844.6,6.105,11.55,909.24,1246.36
1771,"EL CASERIO, S.A",2021→2022,2021,2022,43000,Maltitol Liquido 75-5308,vol_precio,76785.3,137266.8,60481.499999999985,86.59,107.4,886.77,1278.09
7396,"INDI CAPITAL TEAM, SL",2021→2022,2021,2022,40000,Azúcar Blanco EEC Nº 2,vol_precio,66826.38,14905.8,-51920.58,127.38,23.66,524.62,630
8294,"SORIANO HURTADO, DOMINGO",2021→2022,2021,2022,44313,Apipasta Vitaminas 90% - Pienso para Apicultura,prod_perdido,16.2,null,-16.2,0.015,null,1080,null
5187,"DISTRIBUCIONES VARPEN, S.L.",2021→2022,2021,2022,60114,"Azúcar PI 73,5-67-C",prod_perdido,823.2,null,-823.2,0.98,null,840,null
1252,"APIGALOES, S.C.",2021→2022,2021,2022,62026,Apimix - Pienso Completo No Cristaliza- Apicultura,prod_perdido,1190,null,-1190,2,null,595,null
3002,"BENITO SANCHEZ, JOSE",2021→2022,2021,2022,40000,Azúcar Blanco EEC Nº 2,prod_perdido,155,null,-155,0.3,null,516.67,null
5702,"ROSSELLO MANRESA, LORENZO",2021→2022,2021,2022,44015,Fructor 10/77,prod_perdido,828,null,-828,1.2,null,690,null
4487,"SANCHO ZOMEÑO, RAUL",2021→2022,2021,2022,62026,Apimix - Pienso Completo No Cristaliza- Apicultura,prod_perdido,20.72,null,-20.72,0.028,null,740,null
6233,"DRASICH, ITALO SIROTICH",2021→2022,2021,2022,62026,Apimix - Pienso Completo No Cristaliza- Apicultura,prod_perdido,20.72,null,-20.72,0.028,null,740,null
3538,"BACHILLER MORIANO, JUANA",2021→2022,2021,2022,62026,Apimix - Pienso Completo No Cristaliza- Apicultura,prod_perdido,780,null,-780,1.2,null,650,null
618,"BAYOGAR, S.L.",2021→2022,2021,2022,61200,Fosvitae 85%,sin_actividad,0,null,0,0.001,null,0,null
2767,"DULCEPLUS GOLOSINAS, S.A.",2021→2022,2021,2022,44120,Glucor 45/80,prod_perdido,40835.7,null,-40835.7,98.834,null,413.17,null
4561,"AGRICOM, S.R.L.",2021→2022,2021,2022,44310,Apipasta 90% - Pienso completo - Apicultura,vol_precio,233427,230393.28,-3033.720000000001,297.15,207.615,785.55,1109.71
2129,"CORTES BUSSINESS CORPORATION, S.L.",2021→2022,2021,2022,64067,Nectar Base 4.1 PLUS - 68º brix,prod_perdido,276062.6,null,-276062.6,405.207,null,681.29,null
3863,"LA TRADICION M&T, S.L.",2021→2022,2021,2022,65005,Azúcar en polvo LS,vol_precio,677.1,782.85,105.75,0.735,0.51,921.22,1535
6399,"NOVA NOVA, GREGORIO",2021→2022,2021,2022,44313,Apipasta Vitaminas 90% - Pienso para Apicultura,vol_precio,945,1134,189,0.9,1.05,1050,1080
4505,"FIESTA COLOMBINA, S.L.U.",2021→2022,2021,2022,41000,Fructosa MAIZ Cristal,prod_perdido,1157,null,-1157,1.3,null,890,null
566,"ALMACENES MIGUEZ 2005,S.L.",2021→2022,2021,2022,44315,Apipasta PLUS - Pienso para Apicultura,vol_precio,30473.52,31987.2,1513.6800000000003,22.848,18.48,1333.75,1730.91
6196,"APITIENDA SOLTAN, S.L.",2021→2022,2021,2022,44313,Apipasta Vitaminas 90% - Pienso para Apicultura,vol_precio,28308,31245,2937,31.5,27.15,898.67,1150.83
418,"MANUFACTURAS CEYLAN, S.L.",2021→2022,2021,2022,65005,Azúcar en polvo LS,prod_perdido,4070.25,null,-4070.25,5.55,null,733.38,null
7185,"ILE AGROCENTRO LEON, S.L.",2021→2022,2021,2022,40200,Azúcar Golden - BIO - ES-ECO-024-MU (Agric No UE),prod_perdido,780,null,-780,0.6,null,1300,null
4761,"AYORA PORCAR, NESTOR",2021→2022,2021,2022,40000,Azúcar Blanco EEC Nº 2,prod_perdido,990,null,-990,1.8,null,550,null
1624,S.A.T. Nº8192 PEREGRI,2021→2022,2021,2022,61164,Mixco Sweet Plus-M 82-05.5141,prod_perdido,2376,null,-2376,2.4,null,990,null
3382,"GARCIA ESPADA, JOSE JULIAN",2021→2022,2021,2022,44313,Apipasta Vitaminas 90% - Pienso para Apicultura,prod_perdido,528,null,-528,0.6,null,880,null
2689,"LOPEZ SERRANO, ISAIAS",2021→2022,2021,2022,44313,Apipasta Vitaminas 90% - Pienso para Apicultura,precio,162,202.5,40.5,0.15,0.15,1080,1350
1197,"GIMENO DONAT, JORGE",2021→2022,2021,2022,44310,Apipasta 90% - Pienso completo - Apicultura,prod_perdido,157.5,null,-157.5,0.15,null,1050,null
8133,"WINBI AGUADEMAR LABORATORIO, S.L.",2021→2022,2021,2022,42000,Dextrosa Cristal Monohidrato Maiz,prod_perdido,16.25,null,-16.25,0.025,null,650,null
433,"SANCHIS MIRA, S.A.",2021→2022,2021,2022,40000,Azúcar Blanco EEC Nº 2,vol_precio,98751.42,360347.46,261596.04000000004,198.695,518.98,497,694.34
3701,"CANO ABARCA, FRANCISCO JUAN",2021→2022,2021,2022,44310,Apipasta 90% - Pienso completo - Apicultura,prod_perdido,157.5,null,-157.5,0.15,null,1050,null
283,"BOLLERIA BJV, S.L.",2021→2022,2021,2022,60105,"Azúcar PI 73,5-67",vol_precio,249.35,159.89,-89.46000000000001,0.322,0.126,774.38,1268.97
6445,"PRIETO FABRA, JAVIER",2021→2022,2021,2022,44315,Apipasta PLUS - Pienso para Apicultura,prod_perdido,471.24,null,-471.24,0.308,null,1530,null
2728,"BUENDIA ALMAGRO, JUAN FRANCISCO",2021→2022,2021,2022,40203,Azúcar BIO 300-500 -ES-ECO-024-MU (Agric No EU),precio,68.9,78.65,9.75,0.05,0.05,1378,1573
6816,BALMINA LTD.,2021→2022,2021,2022,44333,Apipasta 90% - Pienso completo – Apicul. BALMINA,vol_precio,1491,5334,3843,2.1,5.25,710,1016
3209,"GARCIA GOMEZ, MARIA JOSE",2021→2022,2021,2022,40204,Azúcar BIO 600-1200 -ES-ECO-024-MU (Agric No EU),prod_perdido,67.5,null,-67.5,0.05,null,1350,null
6585,"GONZALEZ REVIRIEGO, OLMO",2021→2022,2021,2022,44314,Apipasta 90% - BIO - Pienso completo - Apicultura,vol_precio,1091.25,1183.88,92.63000000000011,0.57,0.525,1914.47,2255.01
1864,MELAZAHAR COOP. V.,2021→2022,2021,2022,62000,Mix Idoneo - Pienso Completo - Apicultura,prod_perdido,145,null,-145,0.25,null,580,null
3477,"NICOPAN ESPAÑA, S.L.",2021→2022,2021,2022,40331,Azúcar Perlado 2 Pallet Plast.,vol_precio,81510,86614,5104,67.925,62,1200,1397
5785,"PENADES BALDOVI, RAFAEL",2021→2022,2021,2022,44315,Apipasta PLUS - Pienso para Apicultura,vol_precio,1378.16,662.76,-715.4000000000001,1.022,0.392,1348.49,1690.71
2548,"MEETINGCOOK, S.L.",2021→2022,2021,2022,40000,Azúcar Blanco EEC Nº 2,vol_precio,2247.25,822,-1425.25,3.725,1,603.29,822
5454,"ALIMENTACION Y NUTRICION FAMILIAR, S.L.",2021→2022,2021,2022,40000,Azúcar Blanco EEC Nº 2,vol_precio,78834.75,54395,-24439.75,147.81,98.9,533.35,550
455,"EMILIO PEÑA, S.A.",2021→2022,2021,2022,44015,Fructor 10/77,precio,13334.4,18240,4905.6,24,24,555.6,760
793,"PASTISSERIA TORRENT, S.L.",2021→2022,2021,2022,40000,Azúcar Blanco EEC Nº 2,vol_precio,7257,4436.25,-2820.75,11.8,5.025,615,882.84
4329,"ZAFRA SANTILLANA, ELOY",2021→2022,2021,2022,44315,Apipasta PLUS - Pienso para Apicultura,vol_precio,1466.92,786.24,-680.6800000000001,1.162,0.504,1262.41,1560
433,"SANCHIS MIRA, S.A.",2021→2022,2021,2022,61222,Fosfruit,vol_precio,26054.59,31761.17,5706.579999999998,12.654,12.263,2059,2590
7897,"MANDIC OUTMILL MS4, S.L.",2021→2022,2021,2022,65005,Azúcar en polvo LS,vol_precio,3139.5,5991.38,2851.88,3.9,4.875,805,1229
577,"FARTONS POLO, S.L.",2021→2022,2021,2022,44015,Fructor 10/77,vol_precio,20934.6,59660.62,38726.020000000004,43.3,69.228,483.48,861.8
353,"QUALITY SPICES, S.L.",2021→2022,2021,2022,40110,Azúcar Moreno Brown (Azucarera),vol_precio,9700,6037.5,-3662.5,8.75,5.25,1108.57,1150
8325,"RUIZ DIAZ, ANTONIO",2021→2022,2021,2022,44313,Apipasta Vitaminas 90% - Pienso para Apicultura,prod_perdido,16.2,null,-16.2,0.015,null,1080,null
8082,"PEREZ PEREZ, ALFREDO",2021→2022,2021,2022,44310,Apipasta 90% - Pienso completo - Apicultura,prod_perdido,52.8,null,-52.8,0.06,null,880,null
304,"FRANFER, S.A.",2021→2022,2021,2022,44015,Fructor 10/77,vol_precio,1356,1380,24,2.4,1.2,565,1150
517,"DUPAN, S.L.",2021→2022,2021,2022,43100,Sorbitol Liquido 70% No cristalizable,vol_precio,1338.4,1320.08,-18.320000000000164,1.36,1.138,984.12,1160
215,"MARTIN BRAUN, S.A.",2021→2022,2021,2022,43100,Sorbitol Liquido 70% No cristalizable,vol_precio,3732,1356,-2376,3.6,1.2,1036.67,1130
5069,"ALCAÑIZ LAMAZA, DANIEL",2021→2022,2021,2022,62026,Apimix - Pienso Completo No Cristaliza- Apicultura,prod_perdido,41.44,null,-41.44,0.056,null,740,null
7857,"SERVER MORATÓ, ROSA",2021→2022,2021,2022,44301,Azucar Blanco – Materia Prima para Piensos,prod_perdido,936,null,-936,1.8,null,520,null
6264,"VERT CARBO, ISABEL",2021→2022,2021,2022,40200,Azúcar Golden - BIO - ES-ECO-024-MU (Agric No UE),prod_perdido,1350,null,-1350,1,null,1350,null
6622,"RUIZ BUJEDO, VICTOR",2021→2022,2021,2022,44313,Apipasta Vitaminas 90% - Pienso para Apicultura,sin_actividad,0,null,0,0,null,null,null
8462,"CAPEL VINOS, S.A.",2021→2022,2021,2022,61255,Mixco Sweet 71-00.2446,volumen,18680.06,92112.02,73431.96,24.94,122.98,749,749
4383,"MANUFRI, S.L.",2021→2022,2021,2022,60208,Azúcar TIEN 72.100 - CAÑA,vol_precio,10246.44,290909.73,280663.29,16.58,492.293,618,590.93
1273,"LOPEZ ESCRIVA, GABRIEL",2021→2022,2021,2022,44309,Mixco Sweet 75-10.4545 - Pienso completo – Apicult,prod_perdido,5376,null,-5376,9.6,null,560,null
4187,"AMILCAR & MORGADO, LDA",2021→2022,2021,2022,44313,Apipasta Vitaminas 90% - Pienso para Apicultura,vol_precio,311398.5,291207,-20191.5,402.15,274.05,774.33,1062.61
1247,"TURRONES Y ESPECIALIDADES VIAR, S.A.",2021→2022,2021,2022,61170,Mix Maltitol Sorbitol MS 74-8020,vol_precio,33972,51516,17544,22.8,32.4,1490,1590
8050,"VEGA BONILLA, SERGIO",2021→2022,2021,2022,44313,Apipasta Vitaminas 90% - Pienso para Apicultura,vol_precio,54,16.2,-37.8,0.06,0.015,900,1080
2057,"BACK EUROP ESPAÑA, S.L",2021→2022,2021,2022,41000,Fructosa MAIZ Cristal,volumen,3493,2225,-1268,3.925,2.5,889.94,890
7756,"TECNOLOGIA E INGENIERIA ALIMENTARIA 2020, S.L.",2021→2022,2021,2022,41005,Fructosa MAIZ Cristal Granulada,prod_perdido,432,null,-432,0.4,null,1080,null
3961,"JORGE DE JULIAN, JOSE ANTONIO",2021→2022,2021,2022,44315,Apipasta PLUS - Pienso para Apicultura,prod_perdido,179.2,null,-179.2,0.14,null,1280,null
1087,"TORRELLA SANCHEZ, RAFAELA",2021→2022,2021,2022,40000,Azúcar Blanco EEC Nº 2,vol_precio,1950,2500,550,3,2,650,1250
4329,"ZAFRA SANTILLANA, ELOY",2021→2022,2021,2022,62000,Mix Idoneo - Pienso Completo - Apicultura,vol_precio,1437.6,4214,2776.4,2.04,5.8,704.71,726.55
3504,"CIFRE ALMONACIL, RAFAEL",2021→2022,2021,2022,44313,Apipasta Vitaminas 90% - Pienso para Apicultura,vol_precio,297,627.75,330.75,0.33,0.405,900,1550
3591,"REINA TARIN, RAFAEL",2021→2022,2021,2022,40000,Azúcar Blanco EEC Nº 2,prod_perdido,1095,null,-1095,2.125,null,515.29,null
593,"APISOL, S.A",2021→2022,2021,2022,99950,Producto de Pruebas Líquido - 1,sin_actividad,0,null,0,0.001,null,0,null
2129,"CORTES BUSSINESS CORPORATION, S.L.",2021→2022,2021,2022,64063,Nectar Base 4.1 ULTRA – 69º,prod_perdido,78970.28,null,-78970.28,100.96,null,782.19,null
1294,"SOREAL-ILOU, S.A.U.",2021→2022,2021,2022,62150,Jarabe de Melaza de Caña,vol_precio,4149.6,19813.34,15663.74,4.8,18.406,864.5,1076.46
460,"PRODUCTOS LA FILO, S.L.",2021→2022,2021,2022,60104,Azúcar PI 72-60,prod_perdido,19639.2,null,-19639.2,35.76,null,549.19,null
8433,IMAGIA S. COOP. AND. ,2021→2022,2021,2022,43100,Sorbitol Liquido 70% No cristalizable,sin_cambio,51250.92,51408,157.08000000000175,43.068,43.2,1190,1190
1854,"ROYPAS BY NUTRIS, S.A.",2021→2022,2021,2022,44002,Glucor 45/80 Bio ES-ECO-024-MU,prod_perdido,116271.6,null,-116271.6,109.92,null,1057.78,null
7980,"AQUAPOOL CHEMICAL, S.L.",2021→2022,2021,2022,44015,Fructor 10/77,precio,13440,19680,6240,24.007,24.003,559.84,819.9
3833,"ASTURIAS APICOLA, S.L.",2021→2022,2021,2022,44315,Apipasta PLUS - Pienso para Apicultura,vol_precio,5283.6,3654,-1629.6000000000004,4.2,2.52,1258,1450
4106,"LOS MAJOS BIO, S.L.",2021→2022,2021,2022,40200,Azúcar Golden - BIO - ES-ECO-024-MU (Agric No UE),prod_perdido,540,null,-540,0.4,null,1350,null
4817,"PARIENTE JIMENEZ, ANTONIO",2021→2022,2021,2022,60114,"Azúcar PI 73,5-67-C",prod_perdido,869.82,null,-869.82,1.022,null,851.1,null
5353,"LICORES ARTESANALES BURRIANA, S.L.",2021→2022,2021,2022,60114,"Azúcar PI 73,5-67-C",prod_perdido,11.9,null,-11.9,0.014,null,850,null
8256,"MELUCCI, NADIA",2021→2022,2021,2022,44313,Apipasta Vitaminas 90% - Pienso para Apicultura,prod_perdido,9240,null,-9240,11.55,null,800,null
3419,"ULTIMOS PANADEROS, S.L.",2021→2022,2021,2022,61170,Mix Maltitol Sorbitol MS 74-8020,prod_perdido,556,null,-556,0.4,null,1390,null
6748,"QUIMIND GREEN, LDA.",2021→2022,2021,2022,44015,Fructor 10/77,prod_perdido,2030.5,null,-2030.5,2.62,null,775,null
2863,"FRILAILA, S.L.",2021→2022,2021,2022,60114,"Azúcar PI 73,5-67-C",prod_perdido,255.78,null,-255.78,0.294,null,870,null
1000,CLIENTES VARIOS (CONTADO),2021→2022,2021,2022,40000,Azúcar Blanco EEC Nº 2,vol_precio,5784.64,1965.16,-3819.4800000000005,10.242,2.242,564.8,876.52
1396,"BARCELONESA DE DROG. Y PRODUCT. QUIMICOS, S.A.",2021→2022,2021,2022,43100,Sorbitol Liquido 70% No cristalizable,vol_precio,13655.46,21136.8,7481.34,13.274,18,1028.74,1174.27
460,"PRODUCTOS LA FILO, S.L.",2021→2022,2021,2022,40000,Azúcar Blanco EEC Nº 2,vol_precio,87578.4,51072.1,-36506.299999999996,154.88,56.76,565.46,899.79
1864,MELAZAHAR COOP. V.,2021→2022,2021,2022,62001,Apimix - Pienso completo - Apicultura,vol_precio,9621.36,11431.32,1809.9599999999991,13.958,15.204,689.31,751.86
7733,"SISU, C.B.",2021→2022,2021,2022,40200,Azúcar Golden - BIO - ES-ECO-024-MU (Agric No UE),prod_perdido,67.5,null,-67.5,0.05,null,1350,null
7750,"A.HAUPOLD, S.L.",2021→2022,2021,2022,60010,Azúcar Liquida Neutra S.A.,sin_actividad,0,null,0,0.006,null,0,null
7463,"ESTEBAN REMON, ELENA MARIA",2021→2022,2021,2022,44315,Apipasta PLUS - Pienso para Apicultura,prod_perdido,357.56,null,-357.56,0.252,null,1418.89,null
7289,"CHOCODROP, S.L.",2021→2022,2021,2022,42000,Dextrosa Cristal Monohidrato Maiz,vol_precio,3080,14906.88,11826.88,4,13.475,770,1106.26
7171,"QUIRANTE FRUITS, S.L.",2021→2022,2021,2022,64505,COMPO RAE,vol_precio,33591.1,24602.74,-8988.359999999997,36.354,18.901,924,1301.66
7974,"MARIAMIA, S.L",2021→2022,2021,2022,42000,Dextrosa Cristal Monohidrato Maiz,prod_perdido,3708.75,null,-3708.75,5.75,null,645,null
1433,"SAORIN GUILLAMON, JESUS",2021→2022,2021,2022,62020,Mix Fructor Apicultor - Pienso completo - Apicult.,prod_perdido,147.84,null,-147.84,0.224,null,660,null
3478,"APICOLA LA PARRA, S.L.U.",2021→2022,2021,2022,62001,Apimix - Pienso completo - Apicultura,vol_precio,18721.6,1792.8,-16928.8,32.68,2.16,572.88,830
2836,"ISAXCO CONSULTING, S.L.",2021→2022,2021,2022,64083,Nectar Base 4.1 ULTRA – 71º,prod_perdido,186240,null,-186240,248.32,null,750,null
7757,"ESCRICHE ARCUSA, ANTONIO",2021→2022,2021,2022,44313,Apipasta Vitaminas 90% - Pienso para Apicultura,vol_precio,113.4,93,-20.400000000000006,0.105,0.06,1080,1550
1000,CLIENTES VARIOS (CONTADO),2021→2022,2021,2022,44015,Fructor 10/77,prod_perdido,10.16,null,-10.16,0.015,null,677.33,null
6338,CENTRO NAC. TECNOLOGIA Y SEGURIDAD ALIMENTARIA,2021→2022,2021,2022,61200,Fosvitae 85%,sin_actividad,0,0,0,0.002,0.005,0,0
7818,FOODPLUS - INGREDIENTES E ADITIVOS LDA,2021→2022,2021,2022,61200,Fosvitae 85%,sin_actividad,0,null,0,0.001,null,0,null
6208,"QUILES MOLINES, JOSE ANTONIO",2021→2022,2021,2022,62001,Apimix - Pienso completo - Apicultura,prod_perdido,186.48,null,-186.48,0.252,null,740,null
582,"HIJOS DE SALVADOR COSTA, S.L.",2021→2022,2021,2022,40200,Azúcar Golden - BIO - ES-ECO-024-MU (Agric No UE),prod_perdido,3500,null,-3500,2.8,null,1250,null
7595,"DISTRIBUCION GUIZAN SANJURJO, S.L.",2021→2022,2021,2022,62400,Fondant ES-R01,precio,523.58,757.44,233.86,0.585,0.576,895.01,1315
2216,"APIHURDES, S.COOP.",2021→2022,2021,2022,62001,Apimix - Pienso completo - Apicultura,prod_perdido,7358.4,null,-7358.4,10.08,null,730,null
6151,"FRULACT, S.A.",2021→2022,2021,2022,40103,Azúcar Moreno >2500i - Brown (Dry Dem BLZ),vol_precio,26880,140160,113280,48,184,560,761.74
1000,CLIENTES VARIOS (CONTADO),2021→2022,2021,2022,62026,Apimix - Pienso Completo No Cristaliza- Apicultura,prod_perdido,739.76,null,-739.76,1.074,null,688.79,null
4369,"LA TIENDA DEL APICULTOR, S.L.U.",2021→2022,2021,2022,44315,Apipasta PLUS - Pienso para Apicultura,vol_precio,19000.8,22306.48,3305.6800000000003,15.12,14.644,1256.67,1523.25
3362,"PEREZ IBAÑEZ, JUAN CARLOS",2021→2022,2021,2022,62001,Apimix - Pienso completo - Apicultura,vol_precio,518,1314.32,796.3199999999999,0.7,1.288,740,1020.43
1569,"ALHAMA FERRER, JUAN ANTONIO",2021→2022,2021,2022,44313,Apipasta Vitaminas 90% - Pienso para Apicultura,vol_precio,135,48.6,-86.4,0.15,0.045,900,1080
4002,"ABB MJ FERNANDEZ ARANDA, S.L.",2021→2022,2021,2022,40010,Azúcar Blanco EEC Nº 1,vol_precio,25158.38,7976.63,-17181.75,47.025,6.675,535,1195
391,"DESVER GARCIA VELASCO, S.L.",2021→2022,2021,2022,60114,"Azúcar PI 73,5-67-C",sin_actividad,0,null,0,0.001,null,0,null
535,"FRIMAR PANADEROS, S.L.",2021→2022,2021,2022,40111,Azúcar Moreno Brown (Alvean),prod_perdido,57.5,null,-57.5,0.055,null,1045.45,null
4636,"SAEZ MATEO, JOSE ANTONIO",2021→2022,2021,2022,40000,Azúcar Blanco EEC Nº 2,prod_perdido,13.25,null,-13.25,0.025,null,530,null
2344,"MIEL MONCABRER, S.L.",2021→2022,2021,2022,41000,Fructosa MAIZ Cristal,prod_perdido,49,null,-49,0.05,null,980,null
8058,"TRANSFORMADOS AGRICOLAS LOS ALCORES, .S.L.U",2021→2022,2021,2022,40113,Azúcar Moreno Brown C,prod_perdido,745,null,-745,1,null,745,null
3610,"PINAZO MARTINEZ, JULIAN",2021→2022,2021,2022,62026,Apimix - Pienso Completo No Cristaliza- Apicultura,prod_perdido,315,null,-315,0.5,null,630,null
4385,"ORIENT CORTES, JOSE LUIS",2021→2022,2021,2022,40000,Azúcar Blanco EEC Nº 2,prod_perdido,318,null,-318,0.6,null,530,null
4555,"OLIVARES SANCHEZ-MOLINA, VICENTE",2021→2022,2021,2022,44313,Apipasta Vitaminas 90% - Pienso para Apicultura,prod_perdido,135,null,-135,0.15,null,900,null
2103,"JOSEFA ESTELLES MAYOR, S.L.",2021→2022,2021,2022,40000,Azúcar Blanco EEC Nº 2,vol_precio,79578,25376.4,-54201.6,153.901,47.7,517.07,532
5202,"TECNOLOGIAS ALIMENTARIAS AVANZADAS, S.L.",2021→2022,2021,2022,40000,Azúcar Blanco EEC Nº 2,vol_precio,5643,3879,-1764,9,4.5,627,862
517,"DUPAN, S.L.",2021→2022,2021,2022,40331,Azúcar Perlado 2 Pallet Plast.,vol_precio,1994,1263.5,-730.5,1.4,0.7,1424.29,1805
3244,"HURTADO VERDU, MIGUEL",2021→2022,2021,2022,40000,Azúcar Blanco EEC Nº 2,precio,2584,4819.05,2235.05,4.6,4.625,561.74,1041.96
3752,"SON MORAGUES 1921, S.L.U.",2021→2022,2021,2022,40200,Azúcar Golden - BIO - ES-ECO-024-MU (Agric No UE),prod_perdido,270,null,-270,0.2,null,1350,null
7379,"EARTH-MIND BUSINESS GROUP, S.L.",2021→2022,2021,2022,61240,Base Neutra MIP 74-2323,sin_actividad,0,0,0,0.003,0.001,0,0
762,"VIOKOX, S.A",2021→2022,2021,2022,40113,Azúcar Moreno Brown C,sin_actividad,0,0,0,0.001,0.001,0,0
4460,"SOLER GELATS I TORRONS, S.L.",2021→2022,2021,2022,60114,"Azúcar PI 73,5-67-C",prod_perdido,137.06,null,-137.06,0.154,null,890,null
4244,"GYG ENVASADOS Y ESTUCHADOS, S.L.",2021→2022,2021,2022,40350,Azúcar Granulado Extrafino,prod_perdido,1879.2,null,-1879.2,2.7,null,696,null
3872,"EL DUO HARINERO, S.A.",2021→2022,2021,2022,44133,Glucor 37/79 Sin Serigrafiar,prod_perdido,12620.16,null,-12620.16,19.296,null,654.03,null
1908,"JAKE, S.A.",2021→2022,2021,2022,40000,Azúcar Blanco EEC Nº 2,vol_precio,65490,842480,776990,118,1374.4,555,612.98
5314,"PROFESSIONAL DAIRY PRODUCTS, S.L.",2021→2022,2021,2022,43100,Sorbitol Liquido 70% No cristalizable,vol_precio,22188,10800,-11388,22.8,10.8,973.16,1000
6767,"NOGUER VIADER, JOSEP",2021→2022,2021,2022,44313,Apipasta Vitaminas 90% - Pienso para Apicultura,precio,5418,7911,2493,6.3,6.3,860,1255.71
433,"SANCHIS MIRA, S.A.",2021→2022,2021,2022,61119,Mixco Sweet 76-45.2127,vol_precio,20384.11,41150.15,20766.04,34.259,49.274,595,835.13
4398,"ARTE LACTICO CAPRINO, S.L.",2021→2022,2021,2022,40000,Azúcar Blanco EEC Nº 2,vol_precio,9522,7272,-2250,16.2,8.1,587.78,897.78
7864,"COMERCIAL GUIRALSA, S.L.",2021→2022,2021,2022,44315,Apipasta PLUS - Pienso para Apicultura,sin_actividad,0,null,0,0.028,null,0,null
6355,"DE LA IGLESIA ROMERO, Mª DOLORES",2021→2022,2021,2022,44315,Apipasta PLUS - Pienso para Apicultura,precio,537.6,642.6,105,0.42,0.42,1280,1530
4567,"CARBONELL ANTICH, MARIA GRACIA",2021→2022,2021,2022,40200,Azúcar Golden - BIO - ES-ECO-024-MU (Agric No UE),prod_perdido,35,null,-35,0.025,null,1400,null
6273,"GARCIA MOYA, OSCAR",2021→2022,2021,2022,44315,Apipasta PLUS - Pienso para Apicultura,prod_perdido,501.76,null,-501.76,0.392,null,1280,null
4854,"FERRANDIS RIBES, JOSE ENRIQUE",2021→2022,2021,2022,44313,Apipasta Vitaminas 90% - Pienso para Apicultura,vol_precio,202.5,162,-40.5,0.225,0.15,900,1080
526,"ISDEAL, S.L.",2021→2022,2021,2022,61200,Fosvitae 85%,sin_actividad,0,null,0,0.001,null,0,null
2337,"METAROM IBERICA, S.A.U.",2021→2022,2021,2022,44010,Fructor 10/81,vol_precio,4082.4,1870.5,-2211.9,6,1.29,680.4,1450
1075,AGRUPACION MURCIANA APICULTORES PROFESIONALES,2021→2022,2021,2022,44314,Apipasta 90% - BIO - Pienso completo - Apicultura,vol_precio,75.6,723.6,648,0.045,0.36,1680,2010
3090,"JOSE LUIS SUPERVIA, S.L.",2021→2022,2021,2022,40110,Azúcar Moreno Brown (Azucarera),vol_precio,4012,1125,-2887,3.4,0.9,1180,1250
4948,"DESCALZO SAHUQUILLO, DIONISIO",2021→2022,2021,2022,44313,Apipasta Vitaminas 90% - Pienso para Apicultura,vol_precio,81,158.55,77.55000000000001,0.075,0.105,1080,1510
7264,"ANORGACHIM, S.A.",2021→2022,2021,2022,61222,Fosfruit,vol_precio,400.05,4887.75,4487.7,0.21,1.995,1905,2450
5143,"GARCIA FERNANDEZ, VICENTE",2021→2022,2021,2022,44314,Apipasta 90% - BIO - Pienso completo - Apicultura,precio,1785,2084.25,299.25,1.05,1.05,1700,1985
6834,"MENDES GONÇALVES, S.A.",2021→2022,2021,2022,61210,Fosvitae Polvo,sin_actividad,0,null,0,0.001,null,0,null
8350,"MIGA FOODS COMMERCE, S.L.",2021→2022,2021,2022,62070,Mix Golden Jarabe,prod_perdido,9.9,0,-9.9,0.01,0.02,990,0
261,"EZTIKIDETZA, S.A.T.",2021→2022,2021,2022,44310,Apipasta 90% - Pienso completo - Apicultura,prod_perdido,903,null,-903,1.05,null,860,null
3211,"PEREZ BARRERA, FRANCISCO",2021→2022,2021,2022,44313,Apipasta Vitaminas 90% - Pienso para Apicultura,vol_precio,283.5,32.4,-251.1,0.315,0.03,900,1080
1080,"VIDAL GOLOSINAS, S.A.",2021→2022,2021,2022,40000,Azúcar Blanco EEC Nº 2,vol_precio,215043.88,707100,492056.12,434.78,1260,494.6,561.19
2955,"AMC NATURAL DRINKS, S.L. -",2021→2022,2021,2022,40000,Azúcar Blanco EEC Nº 2,vol_precio,74262,93925,19663,138,121,538.13,776.24
4921,"MARTINEZ CARRASCO, JOSE ANDRES",2021→2022,2021,2022,44315,Apipasta PLUS - Pienso para Apicultura,vol_precio,35.84,114.8,78.96,0.028,0.07,1280,1640
450,"LA FLOR BURGALESA, S.L.",2021→2022,2021,2022,43000,Maltitol Liquido 75-5308,prod_perdido,53835,null,-53835,58.2,null,925,null
7171,"QUIRANTE FRUITS, S.L.",2021→2022,2021,2022,64502,COMPO AL,vol_precio,199862.21,190716,-9146.209999999992,238.784,164.463,837,1159.63
7618,"NORTE VIZCAINO, AITOR",2021→2022,2021,2022,40000,Azúcar Blanco EEC Nº 2,prod_perdido,495,null,-495,0.9,null,550,null
7867,"SINBLAT ALIMENTACION SALUDABLE, S.L.",2021→2022,2021,2022,44015,Fructor 10/77,vol_precio,2820,1428,-1392,4.8,1.2,587.5,1190
1854,"ROYPAS BY NUTRIS, S.A.",2021→2022,2021,2022,61243,Fosvitae R,vol_precio,273599.56,973022.43,699422.8700000001,162.76,489.124,1681,1989.32
3463,"SANCHEZ MARTINEZ, RAMON SANTIAGO",2021→2022,2021,2022,40000,Azúcar Blanco EEC Nº 2,prod_perdido,1107,null,-1107,1.8,null,615,null
2832,DULCES LA ABUELA COOP VNA,2021→2022,2021,2022,62400,Fondant ES-R01,prod_perdido,432,null,-432,0.45,null,960,null
1233,"VALENCIANA PASTELERA, S.L.",2021→2022,2021,2022,40001,Azúcar Blanco 150 ICUMSA,prod_perdido,9000,null,-9000,20,null,450,null
1747,"FRUIT TECH NATURAL, S.A.",2021→2022,2021,2022,61212,Mixco Sweet 72-09.6427 B2 SB20,vol_precio,3539.91,4555.13,1015.2200000000003,3.786,2.677,935,1701.58
490,"FRUCOPASA, S.A.",2021→2022,2021,2022,60000,Azúcar Líquida Neutra 67º,prod_perdido,458744.52,null,-458744.52,1158.52,null,395.97,null
4002,"ABB MJ FERNANDEZ ARANDA, S.L.",2021→2022,2021,2022,60105,"Azúcar PI 73,5-67",prod_perdido,10214.14,null,-10214.14,15.886,null,642.96,null
581,TURRON.Y CARAMEL. DE HELLIN SL,2021→2022,2021,2022,44120,Glucor 45/80,vol_precio,6164.2,30121.99,23957.79,10.36,42.034,595,716.61
378,"FRIDUL, S.A.",2021→2022,2021,2022,44015,Fructor 10/77,prod_perdido,9534,null,-9534,15.6,null,611.15,null
5706,"GARRIDO CARIÑENA, MIGUEL ANGEL",2021→2022,2021,2022,62001,Apimix - Pienso completo - Apicultura,prod_perdido,41.44,null,-41.44,0.056,null,740,null
401,"SOLER GIMENO, S.L.",2021→2022,2021,2022,40003,Azúcar Blanco EEC Nº 2 REMOLACHA,volumen,87281.42,159856.12,72574.7,173.14,316.04,504.11,505.81
287,"SABOR DE CIEZA, SDAD. COOP.",2021→2022,2021,2022,60105,"Azúcar PI 73,5-67",vol_precio,1728,1332,-396,2.401,1.2,719.7,1110
5164,"C.A.BERLUBIA, S.L.",2021→2022,2021,2022,40000,Azúcar Blanco EEC Nº 2,prod_perdido,9162,null,-9162,18,null,509,null
7833,"TRAVER MARTINEZ, ENRIQUE",2021→2022,2021,2022,62026,Apimix - Pienso Completo No Cristaliza- Apicultura,prod_perdido,315,null,-315,0.5,null,630,null
2129,"CORTES BUSSINESS CORPORATION, S.L.",2021→2022,2021,2022,64039,Nectar Base 7 68º,prod_perdido,1131805.7,null,-1131805.7,1971.502,null,574.08,null
5049,"SERVICIOS INTEGRALES VETERINARIOS, S.L.",2021→2022,2021,2022,44313,Apipasta Vitaminas 90% - Pienso para Apicultura,precio,1039.5,1134,94.5,1.05,1.05,990,1080
2850,"AMC NATURAL DRINKS, S.L.",2021→2022,2021,2022,61228,Fosvitae 95% Plus,sin_actividad,0,null,0,0.005,null,0,null
455,"EMILIO PEÑA, S.A.",2021→2022,2021,2022,42000,Dextrosa Cristal Monohidrato Maiz,vol_precio,30325,57005.25,26680.25,53.75,64.95,564.19,877.68
3067,"ALGODON DE AZUCAR SERRANO CALAVIA, S.L.",2021→2022,2021,2022,40000,Azúcar Blanco EEC Nº 2,prod_perdido,4738.5,null,-4738.5,8.1,null,585,null
496,"BODEGAS Y DESTILERIAS VIDAL, S.L.",2021→2022,2021,2022,61142,Mixco Sweet 70-00.4252,vol_precio,25021.5,27738.08,2716.5800000000017,47.66,48.92,525,567.01
1607,"APICOLA CERDA MARTINEZ, S.L.U.",2021→2022,2021,2022,65005,Azúcar en polvo LS,vol_precio,156,178.8,22.80000000000001,0.24,0.12,650,1490
1938,"NAVARRO GARCIA, ANTONIO",2021→2022,2021,2022,62001,Apimix - Pienso completo - Apicultura,prod_perdido,74.76,null,-74.76,0.084,null,890,null
4385,"ORIENT CORTES, JOSE LUIS",2021→2022,2021,2022,44315,Apipasta PLUS - Pienso para Apicultura,prod_perdido,179.2,null,-179.2,0.14,null,1280,null
5575,"SEGURA HUGUET, IVAN",2021→2022,2021,2022,62026,Apimix - Pienso Completo No Cristaliza- Apicultura,prod_perdido,248.64,null,-248.64,0.336,null,740,null
7891,"CARO MARTINEZ, MANUEL",2021→2022,2021,2022,44315,Apipasta PLUS - Pienso para Apicultura,vol_precio,35.84,191.52,155.68,0.028,0.084,1280,2280
1746,"PRIMITIVO PICO, S.A",2021→2022,2021,2022,40000,Azúcar Blanco EEC Nº 2,vol_precio,136634.4,125280,-11354.399999999994,269.1,191.04,507.75,655.78
1854,"ROYPAS BY NUTRIS, S.A.",2021→2022,2021,2022,61228,Fosvitae 95% Plus,vol_precio,199657.32,34345.18,-165312.14,99.333,16.297,2009.98,2107.45
4002,"ABB MJ FERNANDEZ ARANDA, S.L.",2021→2022,2021,2022,44015,Fructor 10/77,vol_precio,24019.14,4680,-19339.14,49.396,4.8,486.26,975
1075,AGRUPACION MURCIANA APICULTORES PROFESIONALES,2021→2022,2021,2022,44310,Apipasta 90% - Pienso completo - Apicultura,prod_perdido,66,null,-66,0.075,null,880,null
1386,"SCENTIUM FLAVOURS, S.L",2021→2022,2021,2022,65005,Azúcar en polvo LS,vol_precio,4924.95,4075.5,-849.4499999999998,5.475,3.9,899.53,1045
4542,"COMERCIAL FONT, C.B.",2021→2022,2021,2022,41000,Fructosa MAIZ Cristal,volumen,110,27.5,-82.5,0.1,0.025,1100,1100
8268,"ALONSO PEREZ, MARIA ESTER",2021→2022,2021,2022,62001,Apimix - Pienso completo - Apicultura,prod_perdido,3240,null,-3240,6,null,540,null
6621,"SILVESTRE ZAMORA, ANTONIO",2021→2022,2021,2022,62026,Apimix - Pienso Completo No Cristaliza- Apicultura,prod_perdido,41.44,null,-41.44,0.056,null,740,null
2994,"FUERTES SANZ, ANGEL",2021→2022,2021,2022,44315,Apipasta PLUS - Pienso para Apicultura,prod_perdido,537.6,null,-537.6,0.42,null,1280,null
4393,"HERRERO ANTON, JOSE MIGUEL",2021→2022,2021,2022,62001,Apimix - Pienso completo - Apicultura,prod_perdido,490,null,-490,1,null,490,null
4587,"CARMAX GLASS, S.L.",2021→2022,2021,2022,44313,Apipasta Vitaminas 90% - Pienso para Apicultura,vol_precio,8751.75,10526.25,1774.5,9.525,8.985,918.82,1171.54
4579,"ALVAREZ AVILES, AMBROSIO",2021→2022,2021,2022,44015,Fructor 10/77,prod_perdido,652.8,null,-652.8,0.96,null,680,null
1098,"SANCHEZ TORMO, ENRIQUE",2021→2022,2021,2022,40000,Azúcar Blanco EEC Nº 2,prod_perdido,1300,null,-1300,2,null,650,null
6445,"PRIETO FABRA, JAVIER",2021→2022,2021,2022,44313,Apipasta Vitaminas 90% - Pienso para Apicultura,prod_perdido,648,null,-648,0.6,null,1080,null
431,"DICARCONO, S.L.",2021→2022,2021,2022,40000,Azúcar Blanco EEC Nº 2,vol_precio,74765.92,435845.6,361079.68,148.64,682.74,503,638.38
1284,"FRUTAS Y TURRONES, S.A.",2021→2022,2021,2022,43003,Maltitol 55/75,prod_perdido,1690,null,-1690,1.3,null,1300,null
488,SDAD. COOP. APICOLA DE ESPAÑA,2021→2022,2021,2022,44301,Azucar Blanco – Materia Prima para Piensos,prod_perdido,22475,null,-22475,43,null,522.67,null
1832,"SIERRAS ANDALUZAS, S.C.A.",2021→2022,2021,2022,65005,Azúcar en polvo LS,prod_perdido,1335.75,null,-1335.75,1.95,null,685,null
8350,"MIGA FOODS COMMERCE, S.L.",2021→2022,2021,2022,61228,Fosvitae 95% Plus,prod_perdido,22.56,null,-22.56,0.01,null,2256,null
394,"VIÑA COSTEIRA, S.C.G.",2021→2022,2021,2022,40110,Azúcar Moreno Brown (Azucarera),prod_perdido,357.5,null,-357.5,0.325,null,1100,null
303,"J.R. SABATER, S.A.",2021→2022,2021,2022,44111,Glucor 60/82,sin_actividad,0,null,0,0.001,null,0,null
716,"PENALVA ALIMENTACION, S.A.",2021→2022,2021,2022,42001,Dextrosa C.Monohidrato Maiz Pallet Plast.  CHEP,prod_perdido,4850,null,-4850,5,null,970,null
610,"TURRONES DOS HERMANOS,S.L.",2021→2022,2021,2022,44010,Fructor 10/81,vol_precio,5512.5,2160,-3352.5,12.25,2.4,450,900
889,"ESPECIALIDADES DEL OBRADOR, S.L.",2021→2022,2021,2022,40111,Azúcar Moreno Brown (Alvean),prod_perdido,106.25,null,-106.25,0.125,null,850,null
396,"AGROTRANSFORMADOS, S.A.",2021→2022,2021,2022,61220,Mixco Sweet 65-00.5050,precio,216657.68,303189.28,86531.60000000003,365.28,364.3,593.13,832.25
1325,"HIDA ALIMENTACION , S.A.",2021→2022,2021,2022,40113,Azúcar Moreno Brown C,sin_actividad,0,null,0,0.001,null,0,null
5428,"CLEMENTE SANZ, AURORA",2021→2022,2021,2022,62026,Apimix - Pienso Completo No Cristaliza- Apicultura,prod_perdido,62.16,null,-62.16,0.084,null,740,null
1832,"SIERRAS ANDALUZAS, S.C.A.",2021→2022,2021,2022,40000,Azúcar Blanco EEC Nº 2,prod_perdido,38880,null,-38880,75,null,518.4,null
3111,"GOMEZ MARTIN, HUGO",2021→2022,2021,2022,62026,Apimix - Pienso Completo No Cristaliza- Apicultura,prod_perdido,1488,null,-1488,2.4,null,620,null
5785,"PENADES BALDOVI, RAFAEL",2021→2022,2021,2022,40000,Azúcar Blanco EEC Nº 2,vol_precio,835.75,505.2,-330.55,1.4,0.6,596.96,842
3050,"APICOLA  ALONSAN, S.COOP",2021→2022,2021,2022,62001,Apimix - Pienso completo - Apicultura,sin_cambio,13618.8,13651,32.20000000000073,25.22,24.82,540,550
5892,"DISTRIBUCIONES BOLLFROST, S.L.",2021→2022,2021,2022,60114,"Azúcar PI 73,5-67-C",vol_precio,6804,5926.2,-877.8000000000002,8.4,6.02,810,984.42
1284,"FRUTAS Y TURRONES, S.A.",2021→2022,2021,2022,43050,Maltitol en Polvo,prod_perdido,4830,null,-4830,2.3,null,2100,null
5681,"NTRA. SRA. DE MONTIEL, COOP. VAL.",2021→2022,2021,2022,40000,Azúcar Blanco EEC Nº 2,prod_perdido,531,null,-531,0.9,null,590,null
5314,"PROFESSIONAL DAIRY PRODUCTS, S.L.",2021→2022,2021,2022,40000,Azúcar Blanco EEC Nº 2,vol_precio,35133,14434.2,-20698.8,71.7,24.3,490,594
8001,"FERTILIZANTES ALTIPLANO, S.L.",2021→2022,2021,2022,44131,Glucor 37/79,prod_perdido,13.6,null,-13.6,0.02,null,680,null
7613,"CUESTAS DE PAN, C.B.",2021→2022,2021,2022,44315,Apipasta PLUS - Pienso para Apicultura,prod_perdido,535.5,null,-535.5,0.35,null,1530,null
1631,"SALMERON SAN JUAN, SALVADOR",2021→2022,2021,2022,40000,Azúcar Blanco EEC Nº 2,prod_perdido,1755,null,-1755,3.375,null,520,null
2296,"TORRALBA BARBERA, MARIA CARMEN",2021→2022,2021,2022,40000,Azúcar Blanco EEC Nº 2,vol_precio,1375,365,-1010,2.5,0.5,550,730
1751,"ANTONIO ARRAEZ, S.L",2021→2022,2021,2022,61900,Mix Fru-Dex 67º,vol_precio,20582.67,19216.6,-1366.0699999999997,25.755,19.625,799.17,979.19
2493,"BAUTISTA MARTI FOODS, S.L.",2021→2022,2021,2022,42000,Dextrosa Cristal Monohidrato Maiz,prod_perdido,39,null,-39,0.05,null,780,null
566,"ALMACENES MIGUEZ 2005,S.L.",2021→2022,2021,2022,44313,Apipasta Vitaminas 90% - Pienso para Apicultura,vol_precio,166809,202663.5,35854.5,201,178.05,829.9,1138.24
1080,"VIDAL GOLOSINAS, S.A.",2021→2022,2021,2022,62150,Jarabe de Melaza de Caña,prod_perdido,1216.12,null,-1216.12,1.508,null,806.45,null
7268,"RUIZ MARISCAL, CRISTINA",2021→2022,2021,2022,62001,Apimix - Pienso completo - Apicultura,precio,22.82,38.64,15.82,0.028,0.028,815,1380
5124,"CANDEL MIÑANO, VICTOR MANUEL",2021→2022,2021,2022,62001,Apimix - Pienso completo - Apicultura,prod_perdido,49.84,null,-49.84,0.056,null,890,null
1000,CLIENTES VARIOS (CONTADO),2021→2022,2021,2022,44315,Apipasta PLUS - Pienso para Apicultura,vol_precio,199.08,309.96,110.87999999999997,0.154,0.182,1292.73,1703.08
498,"REPOSTERIA VALVERDE, S.L.",2021→2022,2021,2022,43100,Sorbitol Liquido 70% No cristalizable,prod_perdido,1260,null,-1260,1.2,null,1050,null
7855,"PALOMARES MOLINA, RAFAEL",2021→2022,2021,2022,40200,Azúcar Golden - BIO - ES-ECO-024-MU (Agric No UE),prod_perdido,33.75,null,-33.75,0.025,null,1350,null
4278,"CONSERVAS PALLARDO, C.B.",2021→2022,2021,2022,44015,Fructor 10/77,prod_perdido,90,null,-90,0.12,null,750,null
2767,"DULCEPLUS GOLOSINAS, S.A.",2021→2022,2021,2022,42000,Dextrosa Cristal Monohidrato Maiz,vol_precio,12458,4660,-7798,17.75,5,701.86,932
499,"MELS CARLET, S.L.",2021→2022,2021,2022,61164,Mixco Sweet Plus-M 82-05.5141,prod_perdido,86357.16,null,-86357.16,89.028,null,970,null
1481,"BARDINET, S.A.",2021→2022,2021,2022,60000,Azúcar Líquida Neutra 67º,prod_perdido,40353.48,null,-40353.48,98.28,null,410.6,null
6766,"ABEL MULLERAS, JORDI",2021→2022,2021,2022,44313,Apipasta Vitaminas 90% - Pienso para Apicultura,vol_precio,25542,29412,3870,29.7,25.2,860,1167.14
2850,"AMC NATURAL DRINKS, S.L.",2021→2022,2021,2022,40000,Azúcar Blanco EEC Nº 2,vol_precio,420654.64,89007.2,-331647.44,857.86,161.86,490.35,549.9
565,"JUVER ALIMENTACION, S.L.U.",2021→2022,2021,2022,40000,Azúcar Blanco EEC Nº 2,vol_precio,504925,104316,-400609,1063,212.4,475,491.13
7189,"PASTISART IBERIA, S.L.U",2021→2022,2021,2022,60105,"Azúcar PI 73,5-67",vol_precio,39748.8,46532.45,6783.649999999994,62.4,59.277,637,785
7867,"SINBLAT ALIMENTACION SALUDABLE, S.L.",2021→2022,2021,2022,42000,Dextrosa Cristal Monohidrato Maiz,prod_perdido,3880,null,-3880,6,null,646.67,null
3071,"NAVARRO OLIVA, BERNABE",2021→2022,2021,2022,44313,Apipasta Vitaminas 90% - Pienso para Apicultura,vol_precio,1102.5,4208.25,3105.75,1.05,2.715,1050,1550
526,"ISDEAL, S.L.",2021→2022,2021,2022,40000,Azúcar Blanco EEC Nº 2,prod_perdido,3336,null,-3336,5.5,null,606.55,null
499,"MELS CARLET, S.L.",2021→2022,2021,2022,44309,Mixco Sweet 75-10.4545 - Pienso completo – Apicult,vol_precio,165946.34,168257.08,2310.7399999999907,344.86,272.08,481.2,618.41
5297,"HOJALDRE Y BOLLERIA RUIZ DE LA PEÑA, S.L.",2021→2022,2021,2022,40355,"Azúcar Granulado 0,6mm a 1mm",prod_perdido,43290,null,-43290,66.6,null,650,null
1854,"ROYPAS BY NUTRIS, S.A.",2021→2022,2021,2022,60105,"Azúcar PI 73,5-67",vol_precio,5169.6,2858.4,-2311.2000000000003,7.2,2.4,718,1191
8010,"GUARDIOLA LOZANO, JOSE MARIA",2021→2022,2021,2022,44313,Apipasta Vitaminas 90% - Pienso para Apicultura,vol_precio,43.2,89.1,45.89999999999999,0.045,0.075,960,1188
2272,"PIMENTON Y ESPECIAS DON SABOR, S.L.",2021→2022,2021,2022,65005,Azúcar en polvo LS,prod_perdido,126,null,-126,0.15,null,840,null
6828,AGRUP.DEFENSA SANIT.APIC.REG.DE MURCIA,2021→2022,2021,2022,44315,Apipasta PLUS - Pienso para Apicultura,vol_precio,3458.56,2227.68,-1230.88,2.702,1.456,1280,1530
4434,"LA NIÑA DEL SUR, S.L.",2021→2022,2021,2022,44131,Glucor 37/79,prod_perdido,1699.2,null,-1699.2,2.16,null,786.67,null
4589,"MORALES LOPEZ, JUAN ANTONIO",2021→2022,2021,2022,44314,Apipasta 90% - BIO - Pienso completo - Apicultura,precio,892.5,1076.25,183.75,0.525,0.525,1700,2050
7829,"ORANGE VALENCIA WORLD, S.L. ",2021→2022,2021,2022,61232,Base Neutra PA6427,sin_actividad,0,null,0,0.001,null,0,null
1241,"ACEITES DEL SUR-COOSUR, S.A.",2021→2022,2021,2022,40110,Azúcar Moreno Brown (Azucarera),sin_actividad,0,null,0,0.001,null,0,null
6399,"NOVA NOVA, GREGORIO",2021→2022,2021,2022,42000,Dextrosa Cristal Monohidrato Maiz,prod_perdido,68,null,-68,0.1,null,680,null
1747,"FRUIT TECH NATURAL, S.A.",2021→2022,2021,2022,60515,CLARIFICADO-005.65,prod_perdido,101339.52,null,-101339.52,44.92,null,2256,null
7750,"A.HAUPOLD, S.L.",2021→2022,2021,2022,40000,Azúcar Blanco EEC Nº 2,vol_precio,36288,7128,-29160,64.8,10.8,560,660
8229,"BIMEKAMI,SL",2021→2022,2021,2022,61228,Fosvitae 95% Plus,sin_actividad,0,null,0,0.001,null,0,null
7286,"FALTICSKA, PAUL LUCIAN",2021→2022,2021,2022,62026,Apimix - Pienso Completo No Cristaliza- Apicultura,prod_perdido,858,null,-858,1.2,null,715,null
2691,"CAMPILLO MONDEJAR, C.B.",2021→2022,2021,2022,65005,Azúcar en polvo LS,sin_cambio,126,126,0,0.15,0.15,840,840
2908,"PRODUCTOS JOSMAN, S.L.",2021→2022,2021,2022,40000,Azúcar Blanco EEC Nº 2,vol_precio,81292.5,94848,13555.5,142.5,148.2,570.47,640
1747,"FRUIT TECH NATURAL, S.A.",2021→2022,2021,2022,60522,CLARIFICADO-004.50,prod_perdido,363857.24,null,-363857.24,139.12,null,2615.42,null
3797,"ROBLES FUENTES, LUCIO",2021→2022,2021,2022,62026,Apimix - Pienso Completo No Cristaliza- Apicultura,prod_perdido,630,null,-630,1,null,630,null
499,"MELS CARLET, S.L.",2021→2022,2021,2022,61177,Mixco Sweet 81-00.0932 A-MI,sin_actividad,0,0,0,0.001,0.02,0,0
8404,"IZQUIERDO GARCIA, MANUEL",2021→2022,2021,2022,44314,Apipasta 90% - BIO - Pienso completo - Apicultura,vol_precio,1575,1217.7,-357.29999999999995,0.75,0.54,2100,2255
257,"DESTILERIAS GULF STREAM, S.L.",2021→2022,2021,2022,60010,Azúcar Liquida Neutra S.A.,prod_perdido,4392,null,-4392,7.2,null,610,null
2303,"ANTONIO VILLORIA, S.A.",2021→2022,2021,2022,42000,Dextrosa Cristal Monohidrato Maiz,vol_precio,73545.33,104737.5,31192.17,113.725,118.75,646.69,882
2057,"BACK EUROP ESPAÑA, S.L",2021→2022,2021,2022,40111,Azúcar Moreno Brown (Alvean),prod_perdido,667.5,null,-667.5,0.75,null,890,null
215,"MARTIN BRAUN, S.A.",2021→2022,2021,2022,60218,Azúcar invertida 67 – Martin Braun,prod_perdido,891.6,null,-891.6,1.2,null,743,null
4187,"AMILCAR & MORGADO, LDA",2021→2022,2021,2022,44315,Apipasta PLUS - Pienso para Apicultura,vol_precio,22054.75,14112,-7942.75,18.802,10.08,1173,1400
8432,"NAVARRO GIMENO, VICENTE ",2021→2022,2021,2022,40000,Azúcar Blanco EEC Nº 2,prod_perdido,73,null,-73,0.1,null,730,null
1386,"SCENTIUM FLAVOURS, S.L",2021→2022,2021,2022,60211,Azúcar Invertido 67º C,prod_perdido,924,null,-924,1.2,null,770,null
4944,"HERRERO LUIS, OSCAR",2021→2022,2021,2022,62001,Apimix - Pienso completo - Apicultura,vol_precio,490,936,446,1,1.2,490,780
3384,"PEREZ GARCIA, MARIA DOLORES",2021→2022,2021,2022,40200,Azúcar Golden - BIO - ES-ECO-024-MU (Agric No UE),prod_perdido,33.75,null,-33.75,0.025,null,1350,null
722,"CAPRICE DECOR,S.L.",2021→2022,2021,2022,62423,Fondant ES-R04 Sin Serigrafiar,prod_perdido,1877.76,null,-1877.76,2.304,null,815,null
213,"SIRVENT CRUZ, RAMON",2021→2022,2021,2022,44015,Fructor 10/77,prod_perdido,390,null,-390,0.52,null,750,null
2057,"BACK EUROP ESPAÑA, S.L",2021→2022,2021,2022,44015,Fructor 10/77,prod_perdido,53.6,null,-53.6,0.08,null,670,null
5465,"LUIS MENDEZ, PEDRO ANTONIO",2021→2022,2021,2022,62020,Mix Fructor Apicultor - Pienso completo - Apicult.,prod_perdido,648,null,-648,1.2,null,540,null
4002,"ABB MJ FERNANDEZ ARANDA, S.L.",2021→2022,2021,2022,40355,"Azúcar Granulado 0,6mm a 1mm",prod_perdido,1125,null,-1125,1.8,null,625,null
3703,"VIDAL QUEROL, JOSE LUIS",2021→2022,2021,2022,62000,Mix Idoneo - Pienso Completo - Apicultura,prod_perdido,660,null,-660,1.2,null,550,null
7621,"INOVADOCE, LDA",2021→2022,2021,2022,65005,Azúcar en polvo LS,prod_perdido,3896.1,null,-3896.1,5.85,null,666,null
2337,"METAROM IBERICA, S.A.U.",2021→2022,2021,2022,60010,Azúcar Liquida Neutra S.A.,sin_cambio,1002,1002,0,1.2,1.2,835,835
3724,"CEBELLAN PEÑALVER, DAMASO",2021→2022,2021,2022,44315,Apipasta PLUS - Pienso para Apicultura,prod_perdido,35.84,null,-35.84,0.028,null,1280,null
5231,"CRISTOBAL E HIJO, S.L.",2021→2022,2021,2022,62026,Apimix - Pienso Completo No Cristaliza- Apicultura,prod_perdido,3450,null,-3450,6,null,575,null
436,"TURRONES JOSE GARRIGOS, S.A.",2021→2022,2021,2022,44093,Fructor 100/80,sin_actividad,0,null,0,0.001,null,0,null
4329,"ZAFRA SANTILLANA, ELOY",2021→2022,2021,2022,62026,Apimix - Pienso Completo No Cristaliza- Apicultura,prod_perdido,145,null,-145,0.25,null,580,null
5445,COMPTOIR APICOLE LANGUEDOCIEN,2021→2022,2021,2022,44310,Apipasta 90% - Pienso completo - Apicultura,vol_precio,14742,4518,-10224,18.9,4.5,780,1004
212,"JARCA TURRONES Y DULCES, S.L.",2021→2022,2021,2022,44120,Glucor 45/80,vol_precio,1245.6,1737,491.4000000000001,1.44,1.9,865,914.21
2129,"CORTES BUSSINESS CORPORATION, S.L.",2021→2022,2021,2022,64011,Nectar Base 2 71º,sin_actividad,0,null,0,0.021,null,0,null
1545,"VICENTE FRIAS, PEDRO ",2021→2022,2021,2022,44313,Apipasta Vitaminas 90% - Pienso para Apicultura,vol_precio,324,902.4,578.4,0.3,0.705,1080,1280
3023,DIST. Y REPR. JOSE MIGUEL S.L.U.,2021→2022,2021,2022,40000,Azúcar Blanco EEC Nº 2,prod_perdido,57384.3,null,-57384.3,96.54,null,594.41,null
2007,"PAREDES CEREZO, MIGUEL ANGEL",2021→2022,2021,2022,43000,Maltitol Liquido 75-5308,vol_precio,12703.4,18755.25,6051.85,13.7,14.71,927.26,1275
3854,"ESBERGHEL DISTRIBUCIONES, S.L.",2021→2022,2021,2022,65005,Azúcar en polvo LS,vol_precio,546.75,837.54,290.78999999999996,0.675,0.66,810,1269
542,"SDAD.ESPAÑOLA COLOR. NATURALES Y AFINES, S.A.U.",2021→2022,2021,2022,60210,Azúcar Invertido 80º,vol_precio,11696.04,12665.4,969.3599999999988,24.53,25.08,476.81,505
3210,"LEMON ICE M.A. GALLEGO, S.L.",2021→2022,2021,2022,60105,"Azúcar PI 73,5-67",sin_actividad,0,null,0,0.001,null,0,null
3820,"MUÑOZ VELA, MIGUEL ANGEL",2021→2022,2021,2022,44313,Apipasta Vitaminas 90% - Pienso para Apicultura,vol_precio,337.5,279,-58.5,0.375,0.18,900,1550
6208,"QUILES MOLINES, JOSE ANTONIO",2021→2022,2021,2022,40000,Azúcar Blanco EEC Nº 2,prod_perdido,256.25,null,-256.25,0.375,null,683.33,null
2716,"DOSCADESA 2000,SL.",2021→2022,2021,2022,40111,Azúcar Moreno Brown (Alvean),sin_actividad,0,null,0,0.001,null,0,null
8106,"JUST GREEN, SL",2021→2022,2021,2022,62026,Apimix - Pienso Completo No Cristaliza- Apicultura,prod_perdido,1596,null,-1596,2.4,null,665,null
1456,"ALIMENTOS AMORODO, S.L.",2021→2022,2021,2022,40203,Azúcar BIO 300-500 -ES-ECO-024-MU (Agric No EU),vol_precio,1305,5996,4691,1,4,1305,1499
6267,"JUMEL ALIMENTARIA, S.A.",2021→2022,2021,2022,43100,Sorbitol Liquido 70% No cristalizable,vol_precio,4574.4,10345.15,5770.75,4.8,9.67,953,1069.82
1117,COMERCIAL RUIZ ARRIBAS S. XXI. S.L.,2021→2022,2021,2022,40000,Azúcar Blanco EEC Nº 2,vol_precio,23440.5,1611,-21829.5,40.5,1.8,578.78,895
6573,"GRAU SANCHEZ, MANUEL",2021→2022,2021,2022,44313,Apipasta Vitaminas 90% - Pienso para Apicultura,vol_precio,229.5,95.1,-134.4,0.24,0.075,956.25,1268
2867,"COMERCIAL OJEDAMAR, S.L.",2021→2022,2021,2022,65005,Azúcar en polvo LS,vol_precio,3110.25,3042,-68.25,3.9,2.925,797.5,1040
4002,"ABB MJ FERNANDEZ ARANDA, S.L.",2021→2022,2021,2022,62150,Jarabe de Melaza de Caña,sin_actividad,0,null,0,0.001,null,0,null
2925,"BIGMAN NUTRITION, S.L.",2021→2022,2021,2022,61228,Fosvitae 95% Plus,sin_actividad,0,null,0,0.001,null,0,null
208,"LICORES Y DERIVADOS, S.A.",2021→2022,2021,2022,40010,Azúcar Blanco EEC Nº 1,vol_precio,1023,4954.95,3931.95,1.65,4.95,620,1001
5187,"DISTRIBUCIONES VARPEN, S.L.",2021→2022,2021,2022,62402,Fondant ES-R03,prod_perdido,4078.46,null,-4078.46,4.473,null,911.8,null
713,"AGRUCAPERS, S.A.",2021→2022,2021,2022,40000,Azúcar Blanco EEC Nº 2,vol_precio,5625,3880.8,-1744.1999999999998,9,3.6,625,1078
5025,"LUJAN LOPEZ, JOSE LUIS",2021→2022,2021,2022,44313,Apipasta Vitaminas 90% - Pienso para Apicultura,prod_perdido,175.5,null,-175.5,0.195,null,900,null
2975,"ARTUKOLUKE, S.L.",2021→2022,2021,2022,42000,Dextrosa Cristal Monohidrato Maiz,vol_precio,13580,70535,56955,24,73.25,565.83,962.94
535,"FRIMAR PANADEROS, S.L.",2021→2022,2021,2022,62503,Jarabe de azúcar invertido cristalizado,sin_actividad,0,null,0,0.02,null,0,null
5046,"CEREALTO SINTRA FOODS, S.A.",2021→2022,2021,2022,65015,Azúcar en polvo LM,vol_precio,32410.95,69135.3,36724.350000000006,40.95,67.275,791.48,1027.65
3479,"LA TAHONA DE UTIEL, S.L.",2021→2022,2021,2022,40000,Azúcar Blanco EEC Nº 2,prod_perdido,10486.5,null,-10486.5,16.8,null,624.2,null
7612,DPTO. COMERCIAL,2021→2022,2021,2022,41005,Fructosa MAIZ Cristal Granulada,sin_actividad,0,null,0,0.001,null,0,null
1314,"MANUFACTURAS PIBERNAT, S.L.",2021→2022,2021,2022,65005,Azúcar en polvo LS,prod_perdido,45,null,-45,0.06,null,750,null
7564,"CONSTRUCCIONES Y COMERCIO HERBU, S.L.",2021→2022,2021,2022,62026,Apimix - Pienso Completo No Cristaliza- Apicultura,prod_perdido,124.32,null,-124.32,0.168,null,740,null
2129,"CORTES BUSSINESS CORPORATION, S.L.",2021→2022,2021,2022,64056,Nectar Base 4.1 PLUS - 65º,prod_perdido,3636980.2,null,-3636980.2,5492.622,null,662.16,null
1135,"ABRIL ABRIL, ALFONSO",2021→2022,2021,2022,40000,Azúcar Blanco EEC Nº 2,prod_perdido,7084.63,null,-7084.63,11.825,null,599.12,null
7715,"BOGATCEAN, IOANA CRISTINA",2021→2022,2021,2022,62001,Apimix - Pienso completo - Apicultura,vol_precio,1864.8,3738,1873.2,2.52,4.2,740,890
4726,CONSORZIO CON LE API,2021→2022,2021,2022,44314,Apipasta 90% - BIO - Pienso completo - Apicultura,prod_perdido,3696,null,-3696,2.1,null,1760,null
5899,"SAINBERG LA IBENSE, S.L.",2021→2022,2021,2022,40000,Azúcar Blanco EEC Nº 2,prod_perdido,5791.5,null,-5791.5,11.7,null,495,null
5513,"RICAU MARZAR, ROBERTO MANUEL",2021→2022,2021,2022,40000,Azúcar Blanco EEC Nº 2,prod_perdido,5500,null,-5500,11,null,500,null
5943,"VALLES DE CORDOBA, S.L.",2021→2022,2021,2022,60105,"Azúcar PI 73,5-67",prod_perdido,780,null,-780,1.2,null,650,null
1931,"PEREZ DOMENECH, ROSARIO",2021→2022,2021,2022,44315,Apipasta PLUS - Pienso para Apicultura,vol_precio,1260,966,-294,0.84,0.42,1500,2300
526,"ISDEAL, S.L.",2021→2022,2021,2022,61201,Fos y Stevia (72º),sin_actividad,0,null,0,0.001,null,0,null
8124,"LOPEZ QUIXERES, ISMAEL",2021→2022,2021,2022,44313,Apipasta Vitaminas 90% - Pienso para Apicultura,prod_perdido,27,null,-27,0.03,null,900,null
770,"CASTER ALIMENTACION, S.L.",2021→2022,2021,2022,43100,Sorbitol Liquido 70% No cristalizable,vol_precio,35562.92,49731.64,14168.720000000001,41.906,46.273,848.64,1074.74
561,"JOSE MIGUEL POVEDA, S.A.",2021→2022,2021,2022,40000,Azúcar Blanco EEC Nº 2,vol_precio,10935,13119,2184,17.1,15.82,639.47,829.27
6323,SARL BABE APICULTURE ET EMBALLAGES,2021→2022,2021,2022,44329,Apipasta 90% BIO - Pienso completo BABE APICULTURE,vol_precio,28224,25917.24,-2306.7599999999984,16.8,12.585,1680,2059.38
5822,"CIVAN ARICILIK TEKSTIL, SALIP SAN TIC LTD STI",2021→2022,2021,2022,44332,Apipasta Vitaminas 90% - Pienso Apicultura -CIVAN,prod_perdido,41475,null,-41475,59.25,null,700,null
7670,SOCIETA AGRICOLA APICAM DI ANGELO,2021→2022,2021,2022,62028,Apimix Pienso Completo (ESP-ITA),prod_perdido,645.12,null,-645.12,0.84,null,768,null
3233,"INDUSTRIAS QUIMICAS FERVALLE, S. L.",2021→2022,2021,2022,44015,Fructor 10/77,prod_perdido,525,null,-525,0.7,null,750,null
1746,"PRIMITIVO PICO, S.A",2021→2022,2021,2022,44131,Glucor 37/79,prod_perdido,11114.43,null,-11114.43,23.902,null,465,null
5373,"VERTICE DE INNOVACION Y DESAR.DE ALIMENTOS, S.A.U.",2021→2022,2021,2022,40350,Azúcar Granulado Extrafino,sin_actividad,0,null,0,0.001,null,0,null
7596,WILER STADTIMKERI,2021→2022,2021,2022,44315,Apipasta PLUS - Pienso para Apicultura,prod_perdido,26989.2,null,-26989.2,22.68,null,1190,null
7937,"ANTONIO Y PURI TORRES, S.L.",2021→2022,2021,2022,40000,Azúcar Blanco EEC Nº 2,vol_precio,18660,22743,4083,36,25.2,518.33,902.5
7279,"CORPORACION ALIMENTARIA PEÑASANTA, S.A.",2021→2022,2021,2022,61228,Fosvitae 95% Plus,sin_actividad,0,null,0,0.001,null,0,null
6457,"DOLÇA ABELLA, S.C.",2021→2022,2021,2022,44315,Apipasta PLUS - Pienso para Apicultura,vol_precio,226.8,342.72,115.92000000000002,0.168,0.224,1350,1530
1617,"ÇERVER PONS, ALVARO",2021→2022,2021,2022,44301,Azucar Blanco – Materia Prima para Piensos,prod_perdido,3132,null,-3132,5.4,null,580,null
297,"TARBAL FOOD, S.L.",2021→2022,2021,2022,40110,Azúcar Moreno Brown (Azucarera),precio,60,72,12,0.05,0.05,1200,1440
7668,"CESTER SIMON, JOSE ANTONIO",2021→2022,2021,2022,44313,Apipasta Vitaminas 90% - Pienso para Apicultura,vol_precio,810,1255.5,445.5,0.75,0.81,1080,1550
4561,"AGRICOM, S.R.L.",2021→2022,2021,2022,44313,Apipasta Vitaminas 90% - Pienso para Apicultura,precio,146215.2,200834.1,54618.899999999994,181.2,178.35,806.93,1126.07
3187,"AZELIS ESPAÑA, S.A.",2021→2022,2021,2022,42000,Dextrosa Cristal Monohidrato Maiz,vol_precio,159837.5,269564.75,109727.25,286.252,296.227,558.38,909.99
7829,"ORANGE VALENCIA WORLD, S.L. ",2021→2022,2021,2022,61233,Base Neutra MIP 2323,prod_perdido,107598,0,-107598,97.922,0.002,1098.81,0
2057,"BACK EUROP ESPAÑA, S.L",2021→2022,2021,2022,60114,"Azúcar PI 73,5-67-C",vol_precio,10588.2,5081.3,-5506.900000000001,12.53,4.9,845.03,1037
4600,"JALANCINA NATURE, S.L.",2021→2022,2021,2022,40203,Azúcar BIO 300-500 -ES-ECO-024-MU (Agric No EU),volumen,1040,1755,715,0.8,1.35,1300,1300
455,"EMILIO PEÑA, S.A.",2021→2022,2021,2022,62503,Jarabe de azúcar invertido cristalizado,prod_perdido,24,null,-24,0.02,null,1200,null
8016,"ARGOS RAMOS, PATRICIA",2021→2022,2021,2022,44313,Apipasta Vitaminas 90% - Pienso para Apicultura,vol_precio,945,2410.8,1465.8000000000002,1.05,2.1,900,1148
7279,"CORPORACION ALIMENTARIA PEÑASANTA, S.A.",2021→2022,2021,2022,61229,Fosvitae Plus Polvo,sin_actividad,0,null,0,0.001,null,0,null
2748,"NAVARRO SERRA, MIGUEL ANGEL",2021→2022,2021,2022,44306,Fructor 10/77 - Pienso completo – Apicultura,prod_perdido,495,null,-495,0.75,null,660,null
6253,"FUENTES GARCIA, PABLO",2021→2022,2021,2022,40000,Azúcar Blanco EEC Nº 2,prod_perdido,15.75,null,-15.75,0.025,null,630,null
7613,"CUESTAS DE PAN, C.B.",2021→2022,2021,2022,44313,Apipasta Vitaminas 90% - Pienso para Apicultura,prod_perdido,372.6,null,-372.6,0.345,null,1080,null
8265,"GRANJA DE ELABORACIÓN ECOLÓGICA Y NATURAL, S.L.",2021→2022,2021,2022,61228,Fosvitae 95% Plus,sin_actividad,0,null,0,0.001,null,0,null
2909,"MANIPULADOS DE CEBOLLAS Y DERIVADOS, S.L.",2021→2022,2021,2022,60209,Azúcar Invertido 63º,sin_actividad,0,null,0,0.005,null,0,null
6828,AGRUP.DEFENSA SANIT.APIC.REG.DE MURCIA,2021→2022,2021,2022,44310,Apipasta 90% - Pienso completo - Apicultura,prod_perdido,1188,null,-1188,1.35,null,880,null
4634,"MASQPAN EXCLUSIVAS, S.L.",2021→2022,2021,2022,40000,Azúcar Blanco EEC Nº 2,vol_precio,14553,3944.5,-10608.5,24.3,5.3,598.89,744.25
2129,"CORTES BUSSINESS CORPORATION, S.L.",2021→2022,2021,2022,64069,Nectar Base 7 65º,prod_perdido,758216.16,null,-758216.16,1267.92,null,598,null
2916,"SUC. DE MUÑOZ Y PUJANTE, S.L.",2021→2022,2021,2022,65005,Azúcar en polvo LS,vol_precio,5605.95,867.75,-4738.2,6.855,0.975,817.79,890
5231,"CRISTOBAL E HIJO, S.L.",2021→2022,2021,2022,44313,Apipasta Vitaminas 90% - Pienso para Apicultura,vol_precio,567,1831.5,1264.5,0.6,1.5,945,1221
5623,"LICORES PANOCHO, S.L.",2021→2022,2021,2022,40000,Azúcar Blanco EEC Nº 2,prod_perdido,547.5,null,-547.5,0.75,null,730,null
1218,"RAMIRO LARRIO, JAVIER",2021→2022,2021,2022,62000,Mix Idoneo - Pienso Completo - Apicultura,vol_precio,8415,9404.6,989.6000000000004,17,15.94,495,590
3465,"LAVANDA BIO, S.L.",2021→2022,2021,2022,62001,Apimix - Pienso completo - Apicultura,precio,51.8,62.3,10.5,0.07,0.07,740,890
6564,"MOLINA MOLINA, MAGIN",2021→2022,2021,2022,40200,Azúcar Golden - BIO - ES-ECO-024-MU (Agric No UE),prod_perdido,33.75,null,-33.75,0.025,null,1350,null
3302,"VINARCHY SPAIN, S.A.U.",2021→2022,2021,2022,61181,Mixco Sweet 67-75.0025,vol_precio,194494.5,60181.32,-134313.18,497.24,65.94,391.15,912.67
1374,"GALLETAS REYGA, S.L.U",2021→2022,2021,2022,40000,Azúcar Blanco EEC Nº 2,prod_perdido,85012.92,null,-85012.92,177.48,null,479,null
6467,"CATALINA FOOD SOLUTIONS, S.L.",2021→2022,2021,2022,40000,Azúcar Blanco EEC Nº 2,prod_perdido,13432.5,null,-13432.5,22.5,null,597,null
498,"REPOSTERIA VALVERDE, S.L.",2021→2022,2021,2022,42000,Dextrosa Cristal Monohidrato Maiz,prod_perdido,1800,null,-1800,2.5,null,720,null
7440,"LOPEZ FOOD GROUP, S.L.",2021→2022,2021,2022,44015,Fructor 10/77,prod_ganado,0,56832,56832,0.01,76.8,0,740
7670,SOCIETA AGRICOLA APICAM DI ANGELO,2021→2022,2021,2022,62001,Apimix - Pienso completo - Apicultura,prod_perdido,695.52,null,-695.52,0.84,null,828,null
5997,"ARTESANAS CASTILLO, S.C.",2021→2022,2021,2022,40000,Azúcar Blanco EEC Nº 2,vol_precio,13.75,36.5,22.75,0.025,0.05,550,730
3375,"EUROCHOC, S.L.",2021→2022,2021,2022,43050,Maltitol en Polvo,prod_perdido,3675,null,-3675,2.1,null,1750,null
6504,PRODOTTI GIANNI S.R.L.,2021→2022,2021,2022,61222,Fosfruit,prod_perdido,57.54,null,-57.54,0.029,null,1984.14,null
1557,"APICOLA PERPIÑAN GRAU, SAT",2021→2022,2021,2022,44315,Apipasta PLUS - Pienso para Apicultura,vol_precio,4239.6,2923.2,-1316.4000000000005,3.016,2.016,1405.7,1450
4424,"NAVAJAS PARRA, JOSE MIGUEL",2021→2022,2021,2022,40000,Azúcar Blanco EEC Nº 2,prod_perdido,41.25,null,-41.25,0.075,null,550,null
2483,"CLEMENTE GRAU, RAFAEL",2021→2022,2021,2022,44313,Apipasta Vitaminas 90% - Pienso para Apicultura,prod_perdido,135,null,-135,0.15,null,900,null
5489,"TECNOLOGIAS APICOLA CASTILBLANCO, S.L.",2021→2022,2021,2022,44301,Azucar Blanco – Materia Prima para Piensos,prod_perdido,11220,null,-11220,22,null,510,null
4450,"MIELES LLADRO, C.B.",2021→2022,2021,2022,62026,Apimix - Pienso Completo No Cristaliza- Apicultura,prod_perdido,9366.24,null,-9366.24,19.76,null,474,null
440,"MAZAPANES Y DULCES DE TOLEDO, S.A.",2021→2022,2021,2022,44015,Fructor 10/77,precio,780,1194,414,1.2,1.2,650,995
192,"AZUCREN, S.L.",2021→2022,2021,2022,62412,Fondant ES-R03 - Jacobo Lozano (Etiq. Cliente),vol_precio,3884.02,1970.1,-1913.92,4.395,1.98,883.74,995
435,"R. MARSILLA, S.A.",2021→2022,2021,2022,40000,Azúcar Blanco EEC Nº 2,vol_precio,5969.6,7290,1320.3999999999996,11.48,10.8,520,675
6231,"SANCHEZ MIRA, JOSE MARIA",2021→2022,2021,2022,62001,Apimix - Pienso completo - Apicultura,sin_actividad,0,null,0,0.056,null,0,null
3754,"MARTINEZ SANCHIS, JOSE VICENTE",2021→2022,2021,2022,40000,Azúcar Blanco EEC Nº 2,prod_perdido,247.5,null,-247.5,0.45,null,550,null
2836,"ISAXCO CONSULTING, S.L.",2021→2022,2021,2022,64087,Nectar Base 4.1 ULTRA - 65.5º,prod_perdido,17313.84,null,-17313.84,25.02,null,692,null
3718,"LOPEZ MARTINEZ, MANUEL",2021→2022,2021,2022,44313,Apipasta Vitaminas 90% - Pienso para Apicultura,prod_perdido,445.5,null,-445.5,0.495,null,900,null
2983,"CANTOS MONTAÑANA, VICENTE RAMON",2021→2022,2021,2022,44015,Fructor 10/77,prod_perdido,13,null,-13,0.02,null,650,null
8099,"HORNO SANT HONORET, SL",2021→2022,2021,2022,40350,Azúcar Granulado Extrafino,prod_perdido,5700,null,-5700,9.5,null,600,null
4729,"RECICLADOS PLASTICOS DE MURCIA, S.L.",2021→2022,2021,2022,44310,Apipasta 90% - Pienso completo - Apicultura,sin_actividad,0,null,0,0.03,null,0,null
6271,"ALVAREZ ROVIRA, DAVID",2021→2022,2021,2022,44314,Apipasta 90% - BIO - Pienso completo - Apicultura,prod_perdido,564,null,-564,0.3,null,1880,null
2860,"ACEITUNAS KARINA, S.L.",2021→2022,2021,2022,41005,Fructosa MAIZ Cristal Granulada,volumen,26136,29895,3759,23,26.75,1136.35,1117.57
7891,"CARO MARTINEZ, MANUEL",2021→2022,2021,2022,62026,Apimix - Pienso Completo No Cristaliza- Apicultura,prod_perdido,10.36,null,-10.36,0.014,null,740,null
7755,SAS LA CHENERAIE,2021→2022,2021,2022,44313,Apipasta Vitaminas 90% - Pienso para Apicultura,vol_precio,9864,11755.8,1891.7999999999993,10.8,10.35,913.33,1135.83
790,"ARLUY, S.L.",2021→2022,2021,2022,44010,Fructor 10/81,sin_actividad,0,null,0,0.001,null,0,null
3813,"SOLDADO LLACER, EDUARDO LUIS",2021→2022,2021,2022,62001,Apimix - Pienso completo - Apicultura,vol_precio,1872,1176,-696,2.4,1.2,780,980
462,"ROMEDUL, S.L.",2021→2022,2021,2022,43100,Sorbitol Liquido 70% No cristalizable,vol_precio,3060,5400,2340,3.6,4.8,850,1125
8153,"HURTADO MIGUEL, JAVIER",2021→2022,2021,2022,44315,Apipasta PLUS - Pienso para Apicultura,sin_actividad,0,null,0,0.001,null,0,null
7615,"LOPEZ CANTERO, MANUEL",2021→2022,2021,2022,62026,Apimix - Pienso Completo No Cristaliza- Apicultura,prod_perdido,779.1,null,-779.1,1.09,null,714.77,null
262,"ATANCE SACRISTAN, ISABELO",2021→2022,2021,2022,62001,Apimix - Pienso completo - Apicultura,prod_perdido,372.96,null,-372.96,0.504,null,740,null
445,"PASTELERIA ARROYO SANCHEZ, S.L.U.",2021→2022,2021,2022,40000,Azúcar Blanco EEC Nº 2,vol_precio,459630,440768.2,-18861.79999999999,942.3,583.1,487.77,755.9
2283,"ROENCAR, S.L.U.",2021→2022,2021,2022,65005,Azúcar en polvo LS,vol_precio,1682.33,408.6,-1273.73,2.19,0.3,768.19,1362
4650,"OPREA, CONSTANTIN",2021→2022,2021,2022,44313,Apipasta Vitaminas 90% - Pienso para Apicultura,prod_perdido,148.5,null,-148.5,0.165,null,900,null
1661,"DELAVIUDA ALIMENTACION, S.A",2021→2022,2021,2022,40113,Azúcar Moreno Brown C,sin_actividad,0,null,0,0.001,null,0,null
5631,"SAIZ GUIJARRO, EMERITA",2021→2022,2021,2022,44313,Apipasta Vitaminas 90% - Pienso para Apicultura,prod_perdido,135,null,-135,0.15,null,900,null
6151,"FRULACT, S.A.",2021→2022,2021,2022,40100,Azúcar Moreno Light,sin_actividad,-10399.8,null,10399.8,-18.53,null,561.24,null
2884,"JOAQUIN AYORA, S.A.",2021→2022,2021,2022,40000,Azúcar Blanco EEC Nº 2,vol_precio,53116.2,35939.7,-17176.5,92.7,48.6,572.99,739.5
8010,"GUARDIOLA LOZANO, JOSE MARIA",2021→2022,2021,2022,40000,Azúcar Blanco EEC Nº 2,vol_precio,77.25,27.45,-49.8,0.125,0.025,618,1098
445,"PASTELERIA ARROYO SANCHEZ, S.L.U.",2021→2022,2021,2022,43100,Sorbitol Liquido 70% No cristalizable,prod_perdido,8496,null,-8496,9.6,null,885,null
1752,"ROYMY 21, S.L",2021→2022,2021,2022,62150,Jarabe de Melaza de Caña,vol_precio,87552.92,165303.75,77750.83,117.745,183.658,743.58,900.06
356,"TRIGUEROS ROBLES, MARIANO",2021→2022,2021,2022,44313,Apipasta Vitaminas 90% - Pienso para Apicultura,vol_precio,405,465,60,0.45,0.3,900,1550
4399,"DOMINGUEZ TRUJILLO, FRANCISCO RAMON",2021→2022,2021,2022,62000,Mix Idoneo - Pienso Completo - Apicultura,prod_perdido,732,null,-732,1.2,null,610,null
482,"PRODUCTOS VIRGEN DEL BREZO, S.A.U",2021→2022,2021,2022,41006,Fructosa MAIZ Cristal Granulada Pallet Plast. CHEP,vol_precio,3240,3653,413,3,3.25,1080,1124
5998,"FRANCISCO ARAGON, S.L.U.",2021→2022,2021,2022,61177,Mixco Sweet 81-00.0932 A-MI,sin_actividad,0,null,0,0.002,null,0,null
524,"APIC. HERMANOS ANDRES NIETO, SDAD. COOP.",2021→2022,2021,2022,62021,Apimix 75 Pienso completo – Apicultura,sin_actividad,0,null,0,0.014,null,0,null
8149,IBERFRASA S.L,2021→2022,2021,2022,43100,Sorbitol Liquido 70% No cristalizable,prod_perdido,954,null,-954,1.202,null,793.68,null
1661,"DELAVIUDA ALIMENTACION, S.A",2021→2022,2021,2022,43000,Maltitol Liquido 75-5308,vol_precio,60476.18,92423,31946.82,58.525,63.74,1033.34,1450
1649,"BLASCO APARICIO, SANDRA",2021→2022,2021,2022,44315,Apipasta PLUS - Pienso para Apicultura,volumen,89.6,947.7,858.1,0.07,0.732,1280,1294.67
7848,AISAKOS. S.A.,2021→2022,2021,2022,43050,Maltitol en Polvo,prod_perdido,17000,0,-17000,10,0.001,1700,0
3699,"GONZALEZ CARBALLAL, S.L.",2021→2022,2021,2022,62001,Apimix - Pienso completo - Apicultura,vol_precio,7200,21505.72,14305.720000000001,12,31.34,600,686.21
1752,"ROYMY 21, S.L",2021→2022,2021,2022,60105,"Azúcar PI 73,5-67",vol_precio,3586.4,7165.2,3578.7999999999997,6.08,8.04,589.87,891.19
1752,"ROYMY 21, S.L",2021→2022,2021,2022,60200,Azúcar Invertido 67º,prod_perdido,1298.5,null,-1298.5,2.45,null,530,null
3721,"GANDIA JORQUES, OSCAR",2021→2022,2021,2022,40000,Azúcar Blanco EEC Nº 2,prod_perdido,2080,null,-2080,4,null,520,null
2618,"CALABUIG BLASCO, MIGUEL ANGEL",2021→2022,2021,2022,40000,Azúcar Blanco EEC Nº 2,prod_perdido,990,null,-990,1.8,null,550,null
7596,WILER STADTIMKERI,2021→2022,2021,2022,44314,Apipasta 90% - BIO - Pienso completo - Apicultura,prod_perdido,4032,null,-4032,2.1,null,1920,null
1791,"AROMAS CITRICS VALENCIANS, S.L.",2021→2022,2021,2022,60114,"Azúcar PI 73,5-67-C",vol_precio,83.3,436.8,353.5,0.098,0.364,850,1200
6823,"LUNA JIMENEZ, JESUS",2021→2022,2021,2022,44313,Apipasta Vitaminas 90% - Pienso para Apicultura,prod_perdido,229.5,null,-229.5,0.255,null,900,null
8403,"TENZO SPORT LAB, S.L.",2021→2022,2021,2022,61228,Fosvitae 95% Plus,sin_actividad,0,null,0,0.001,null,0,null
5393,ICKOWICZ APICULTURE SAS,2021→2022,2021,2022,44325,Apipasta 90% - BIO - Pienso completo – Api (IN/FR),prod_perdido,8580.17,null,-8580.17,5.235,null,1639,null
7327,"MIQUEL DEL AMO, EVA MARIA",2021→2022,2021,2022,62026,Apimix - Pienso Completo No Cristaliza- Apicultura,prod_perdido,780,null,-780,1.2,null,650,null
2129,"CORTES BUSSINESS CORPORATION, S.L.",2021→2022,2021,2022,64084,Nectar Base 7 BC 65º,prod_perdido,3209331.08,null,-3209331.08,5994.22,null,535.4,null
2003,"BAUTISTA MELLINAS, MIGUEL ANGEL",2021→2022,2021,2022,62000,Mix Idoneo - Pienso Completo - Apicultura,prod_perdido,732,null,-732,1.2,null,610,null
7714,"MASIA EL CARMEN, S.L.",2021→2022,2021,2022,60123,"Azúcar PI 73,5-67 - BIO",volumen,12528.48,16424.4,3895.920000000002,9.712,12.582,1290,1305.39
879,"CIA DE PROD. NATURALES LLEO, S.L.",2021→2022,2021,2022,40110,Azúcar Moreno Brown (Azucarera),volumen,1200,600,-600,1,0.5,1200,1200
1679,"CONSERVAS MARTINEZ,S.A",2021→2022,2021,2022,44040,Fructor 42/71,sin_actividad,0,null,0,0.001,null,0,null
1252,"APIGALOES, S.C.",2021→2022,2021,2022,44301,Azucar Blanco – Materia Prima para Piensos,prod_perdido,54956,null,-54956,100.6,null,546.28,null
2737,"ALFONSO MARTINEZ TORRANO, S.L.",2021→2022,2021,2022,44015,Fructor 10/77,prod_perdido,216,null,-216,0.36,null,600,null
2975,"ARTUKOLUKE, S.L.",2021→2022,2021,2022,40201,Azúcar Blanco BIO ES-ECO-024-MU Ag No UE,prod_perdido,26910,null,-26910,26,null,1035,null
5163,"AMADO HERNANDEZ, JOSE EDUARDO",2021→2022,2021,2022,44313,Apipasta Vitaminas 90% - Pienso para Apicultura,prod_perdido,486,null,-486,0.45,null,1080,null
4561,"AGRICOM, S.R.L.",2021→2022,2021,2022,62001,Apimix - Pienso completo - Apicultura,vol_precio,5577.6,8586.24,3008.6399999999994,8.4,10.308,664,832.97
1854,"ROYPAS BY NUTRIS, S.A.",2021→2022,2021,2022,61170,Mix Maltitol Sorbitol MS 74-8020,sin_actividad,0,null,0,0.02,null,0,null
8095,"WILD FERMENT, S.L.",2021→2022,2021,2022,40201,Azúcar Blanco BIO ES-ECO-024-MU Ag No UE,vol_precio,1322.5,3000,1677.5,1.025,2,1290.24,1500
3372,"GUFRESCO, S.L.",2021→2022,2021,2022,41000,Fructosa MAIZ Cristal,prod_perdido,625,null,-625,0.5,null,1250,null
795,"EL QUITERIANO, S.A.",2021→2022,2021,2022,43000,Maltitol Liquido 75-5308,sin_actividad,0,null,0,0.001,null,0,null
6258,"OBREGON DIAZ, JULIA",2021→2022,2021,2022,62001,Apimix - Pienso completo - Apicultura,prod_perdido,124.6,null,-124.6,0.14,null,890,null
2836,"ISAXCO CONSULTING, S.L.",2021→2022,2021,2022,64085,Nectar Base 4.1 ULTRA – 70º,prod_perdido,5236687.84,null,-5236687.84,6644.96,null,788.07,null
7587,"TUESTA BAKERY, S.L.",2021→2022,2021,2022,44131,Glucor 37/79,prod_perdido,3.03,null,-3.03,0.006,null,505,null
7908,"DIMITROV NIKOLOV, ZHIVKO",2021→2022,2021,2022,44310,Apipasta 90% - Pienso completo - Apicultura,volumen,47.25,110.25,63,0.045,0.105,1050,1050
200,MARIN GIMENEZ HNOS. S.A.,2021→2022,2021,2022,99950,Producto de Pruebas Líquido - 1,sin_actividad,0,0,0,0.021,0.003,0,0
279,"DULCES Y GOLOSINAS GLORIA, S.L.",2021→2022,2021,2022,44120,Glucor 45/80,vol_precio,26618.65,124922.07,98303.42000000001,42.67,123.528,623.83,1011.29
4570,"PURADIS, S.L.",2021→2022,2021,2022,40000,Azúcar Blanco EEC Nº 2,prod_perdido,35211.6,null,-35211.6,72,null,489.05,null
6323,SARL BABE APICULTURE ET EMBALLAGES,2021→2022,2021,2022,44328,Apipasta 90% - Pienso completo –  BABE APICULTURE,vol_precio,13003.5,21952.8,8949.3,15.3,19.8,849.9,1108.73
1387,"CHERUBINO VALSANGIACOMO, S.A.",2021→2022,2021,2022,42000,Dextrosa Cristal Monohidrato Maiz,sin_actividad,0,null,0,0.001,null,0,null
5429,"NAVARRO VELLISCA, TOMAS",2021→2022,2021,2022,62026,Apimix - Pienso Completo No Cristaliza- Apicultura,prod_perdido,134.68,null,-134.68,0.182,null,740,null
3934,"PARDO CARRASCO, VICENTE",2021→2022,2021,2022,44315,Apipasta PLUS - Pienso para Apicultura,vol_precio,412.16,446.88,34.71999999999997,0.322,0.196,1280,2280
3203,ASOCIACION DE APICULTORES DE GORBEA,2021→2022,2021,2022,44313,Apipasta Vitaminas 90% - Pienso para Apicultura,precio,2026.5,2646,619.5,2.1,2.1,965,1260
1646,"NAVARRO SALA, JOSE",2021→2022,2021,2022,44301,Azucar Blanco – Materia Prima para Piensos,sin_cambio,365,365,0,0.5,0.5,730,730
2836,"ISAXCO CONSULTING, S.L.",2021→2022,2021,2022,64064,Nectar Base 4.1 ULTRA – 65º,prod_perdido,60912,null,-60912,76.14,null,800,null
440,"MAZAPANES Y DULCES DE TOLEDO, S.A.",2021→2022,2021,2022,61105,Mix Turrón 74-40.0619,vol_precio,1611.24,1460.4,-150.83999999999992,2.778,1.2,580,1217
7611,DPTO. CALIDAD,2021→2022,2021,2022,65005,Azúcar en polvo LS,sin_actividad,0,null,0,0.105,null,0,null
2591,"ROSELL CARBONELL, GUILLERMO",2021→2022,2021,2022,62001,Apimix - Pienso completo - Apicultura,prod_perdido,3300,null,-3300,5,null,660,null
6877,"BERGUA BRUN, ANGEL",2021→2022,2021,2022,44313,Apipasta Vitaminas 90% - Pienso para Apicultura,prod_perdido,810,null,-810,0.9,null,900,null
6136,"NUÑEZ BELENGUER, HECTOR",2021→2022,2021,2022,44315,Apipasta PLUS - Pienso para Apicultura,prod_perdido,64.26,null,-64.26,0.042,null,1530,null
5426,"OLAZIREGI ALTUNA, JOSE LUIS",2021→2022,2021,2022,40203,Azúcar BIO 300-500 -ES-ECO-024-MU (Agric No EU),vol_precio,135,281.2,146.2,0.1,0.2,1350,1406
5727,"BOGNER, JOSEPH",2021→2022,2021,2022,44315,Apipasta PLUS - Pienso para Apicultura,vol_precio,6997.2,5137.44,-1859.7600000000002,5.88,3.36,1190,1529
920,"FONT SALEM, S.L.",2021→2022,2021,2022,40000,Azúcar Blanco EEC Nº 2,vol_precio,116263.42,1168809.34,1052545.9200000002,231.141,1682.84,503,694.55
7755,SAS LA CHENERAIE,2021→2022,2021,2022,44310,Apipasta 90% - Pienso completo - Apicultura,vol_precio,44847,62490,17643,55.35,54,810.24,1157.22
3144,"DALLANT, S.A.",2021→2022,2021,2022,40000,Azúcar Blanco EEC Nº 2,vol_precio,54168,95042.8,40874.8,110.4,144.4,490.65,658.19
1760,"GONZALEZ BYASS, S.A",2021→2022,2021,2022,60010,Azúcar Liquida Neutra S.A.,vol_precio,145228.16,237729.36,92501.19999999998,339.04,371.64,428.35,639.68
440,"MAZAPANES Y DULCES DE TOLEDO, S.A.",2021→2022,2021,2022,43050,Maltitol en Polvo,prod_perdido,1580,null,-1580,1,null,1580,null
4169,"ROBLEDO CARRILLO, SIMON",2021→2022,2021,2022,44313,Apipasta Vitaminas 90% - Pienso para Apicultura,prod_perdido,13.5,null,-13.5,0.015,null,900,null
6592,"LOPEZ GARCIA, FRANCISCA AURELIA",2021→2022,2021,2022,44313,Apipasta Vitaminas 90% - Pienso para Apicultura,vol_precio,2619,3255,636,2.7,2.1,970,1550
7731,"TOLEDANO GARCIA, JOSE FERNANDO",2021→2022,2021,2022,44315,Apipasta PLUS - Pienso para Apicultura,prod_perdido,340.48,null,-340.48,0.266,null,1280,null
548,"LA GONDOLA CONSERVAS VEGETALES, S.L.",2021→2022,2021,2022,44015,Fructor 10/77,prod_perdido,10718.5,null,-10718.5,25.22,null,425,null
5521,"F. MORENO CANDIED FRUITS, S.L.",2021→2022,2021,2022,43003,Maltitol 55/75,prod_perdido,3892.2,null,-3892.2,3.9,null,998,null
1425,"TORRANO SALMERON, PASCUAL",2021→2022,2021,2022,62000,Mix Idoneo - Pienso Completo - Apicultura,prod_perdido,25.76,null,-25.76,0.034,null,757.65,null
7938,"ALONSO JUEZ, ARACELI",2021→2022,2021,2022,44310,Apipasta 90% - Pienso completo - Apicultura,prod_perdido,198,null,-198,0.225,null,880,null
8123,"CACERES GUILLEN, IRIS",2021→2022,2021,2022,40200,Azúcar Golden - BIO - ES-ECO-024-MU (Agric No UE),prod_perdido,33.75,null,-33.75,0.025,null,1350,null
542,"SDAD.ESPAÑOLA COLOR. NATURALES Y AFINES, S.A.U.",2021→2022,2021,2022,43015,Maltitol Liquido 80-5308,prod_perdido,14336.6,null,-14336.6,14.78,null,970,null
6834,"MENDES GONÇALVES, S.A.",2021→2022,2021,2022,61200,Fosvitae 85%,sin_actividad,0,null,0,0.001,null,0,null
1873,"MIÑANO CANDEL, CRISTOBAL",2021→2022,2021,2022,62001,Apimix - Pienso completo - Apicultura,vol_precio,145.04,137.06,-7.97999999999999,0.364,0.154,398.46,890
5644,HEALY VENTURES LTD.,2021→2022,2021,2022,99950,Producto de Pruebas Líquido - 1,sin_actividad,0,null,0,0.007,null,0,null
1000,CLIENTES VARIOS (CONTADO),2021→2022,2021,2022,40111,Azúcar Moreno Brown (Alvean),vol_precio,7.2,9.48,2.2800000000000002,0.006,0.012,1200,790
8260,OBRADOR HERMANOS HIGON S.L.U.,2021→2022,2021,2022,40203,Azúcar BIO 300-500 -ES-ECO-024-MU (Agric No EU),volumen,1100,3300,2200,1,3,1100,1100
2111,"ENVASADOS EVA, S.A.",2021→2022,2021,2022,40003,Azúcar Blanco EEC Nº 2 REMOLACHA,vol_precio,78210,212055,133845,158,335,495,633
2850,"AMC NATURAL DRINKS, S.L.",2021→2022,2021,2022,40204,Azúcar BIO 600-1200 -ES-ECO-024-MU (Agric No EU),vol_precio,9170,21600,12430,7.001,16,1309.81,1350
4948,"DESCALZO SAHUQUILLO, DIONISIO",2021→2022,2021,2022,40000,Azúcar Blanco EEC Nº 2,prod_perdido,128,null,-128,0.2,null,640,null
3601,"ROCA DOLZ, BASILIO",2021→2022,2021,2022,40000,Azúcar Blanco EEC Nº 2,prod_perdido,825,null,-825,1.5,null,550,null
1119,"APILORE, S.L.",2021→2022,2021,2022,40000,Azúcar Blanco EEC Nº 2,prod_perdido,1539,null,-1539,2.7,null,570,null
8082,"PEREZ PEREZ, ALFREDO",2021→2022,2021,2022,62000,Mix Idoneo - Pienso Completo - Apicultura,prod_perdido,58.8,null,-58.8,0.084,null,700,null
217,"BODEGAS ARLOREN, S.L.",2021→2022,2021,2022,60010,Azúcar Liquida Neutra S.A.,prod_perdido,820.8,null,-820.8,1.2,null,684,null
1513,"AGROBIO, S.L.",2021→2022,2021,2022,44310,Apipasta 90% - Pienso completo - Apicultura,prod_perdido,2032.8,null,-2032.8,2.31,null,880,null
354,"DESTILERIAS LA HUERTANA, S.L.",2021→2022,2021,2022,60010,Azúcar Liquida Neutra S.A.,prod_perdido,11592,null,-11592,25.2,null,460,null
6966,"SANCHO RUMBAU, ESTEBAN",2021→2022,2021,2022,44313,Apipasta Vitaminas 90% - Pienso para Apicultura,prod_perdido,54,null,-54,0.06,null,900,null
1889,"PEÑA RUBIO, PILAR",2021→2022,2021,2022,44313,Apipasta Vitaminas 90% - Pienso para Apicultura,prod_perdido,2376,null,-2376,2.7,null,880,null
433,"SANCHIS MIRA, S.A.",2021→2022,2021,2022,62406,Fondant ES-R01 Palet Chep Plástico 80x120,vol_precio,136762.5,181969.2,45206.70000000001,156.3,146.16,875,1245
200,MARIN GIMENEZ HNOS. S.A.,2021→2022,2021,2022,99951,Producto de Pruebas Líquido - 2,sin_actividad,0,null,0,0.001,null,0,null
7229,"LILLO CARRASCO, ANTONIO",2021→2022,2021,2022,44315,Apipasta PLUS - Pienso para Apicultura,prod_perdido,35.84,null,-35.84,0.028,null,1280,null
1933,"YEPES CANDEL, ANTONIO",2021→2022,2021,2022,44313,Apipasta Vitaminas 90% - Pienso para Apicultura,vol_precio,27,344.25,317.25,0.03,0.3,900,1147.5
2211,"GIL MARTINEZ, FRANCISCO GABRIEL",2021→2022,2021,2022,62026,Apimix - Pienso Completo No Cristaliza- Apicultura,prod_perdido,472.5,null,-472.5,0.75,null,630,null
3833,"ASTURIAS APICOLA, S.L.",2021→2022,2021,2022,62001,Apimix - Pienso completo - Apicultura,vol_precio,5796,3486,-2310,8.4,4.2,690,830
1569,"ALHAMA FERRER, JUAN ANTONIO",2021→2022,2021,2022,62026,Apimix - Pienso Completo No Cristaliza- Apicultura,prod_perdido,198.94,null,-198.94,0.306,null,650.13,null
4501,"DE DIEGO ARRIBAS, JUAN JOSE",2021→2022,2021,2022,65005,Azúcar en polvo LS,prod_perdido,12.6,null,-12.6,0.015,null,840,null
228,"REVERTE HERMANOS, S.L.",2021→2022,2021,2022,40000,Azúcar Blanco EEC Nº 2,prod_perdido,4160,null,-4160,8,null,520,null
6253,"FUENTES GARCIA, PABLO",2021→2022,2021,2022,44313,Apipasta Vitaminas 90% - Pienso para Apicultura,vol_precio,54,139.5,85.5,0.06,0.09,900,1550
7856,"MORATÓ RODRIGUEZ, ROSA",2021→2022,2021,2022,44301,Azucar Blanco – Materia Prima para Piensos,prod_perdido,936,null,-936,1.8,null,520,null
4961,"VIDAL VIDAL, JULIAN",2021→2022,2021,2022,44313,Apipasta Vitaminas 90% - Pienso para Apicultura,vol_precio,2929.5,9072,6142.5,3.15,8.4,930,1080
400,"ASOCIACION IND. ALICANTINA DEL HELADO, S.A.",2021→2022,2021,2022,61222,Fosfruit,sin_actividad,0,0,0,0.001,0.001,0,0
2154,"AB AZUCARERA IBERIA, S.L.",2021→2022,2021,2022,65021,Azúcar en polvo - LM3 Micronizada,vol_precio,233964.17,305525.24,71561.06999999998,340.89,420.431,686.33,726.7
7835,"NORTHEAST CENTER FOR BEEKEEPING, LLC",2021→2022,2021,2022,44310,Apipasta 90% - Pienso completo - Apicultura,sin_actividad,0,null,0,0,null,null,null
3833,"ASTURIAS APICOLA, S.L.",2021→2022,2021,2022,44313,Apipasta Vitaminas 90% - Pienso para Apicultura,vol_precio,27930,31654.5,3724.5,32.25,26.7,866.05,1185.56
6153,"RUBIO CERCOS, JOSE",2021→2022,2021,2022,44315,Apipasta PLUS - Pienso para Apicultura,prod_perdido,232.96,null,-232.96,0.182,null,1280,null
722,"CAPRICE DECOR,S.L.",2021→2022,2021,2022,62422,Fondant ES-R03 Sin Serigrafiar,vol_precio,2623.5,1709.4,-914.0999999999999,3.3,1.32,795,1295
463,"REY ALIMENTACION, S.L.",2021→2022,2021,2022,40200,Azúcar Golden - BIO - ES-ECO-024-MU (Agric No UE),prod_perdido,4200,null,-4200,3,null,1400,null
6957,"MATEOS MUÑOZ, ANTONIO",2021→2022,2021,2022,40201,Azúcar Blanco BIO ES-ECO-024-MU Ag No UE,vol_precio,2085,1516,-569,1.5,1,1390,1516
1023,"TORRONS VICENS, S.L.",2021→2022,2021,2022,61170,Mix Maltitol Sorbitol MS 74-8020,vol_precio,12516,4296,-8220,8.4,2.4,1490,1790
6136,"NUÑEZ BELENGUER, HECTOR",2021→2022,2021,2022,44313,Apipasta Vitaminas 90% - Pienso para Apicultura,prod_perdido,550.8,null,-550.8,0.51,null,1080,null
5906,SAT APICOLA EL PERELLO,2021→2022,2021,2022,60004,Az.Líq.Neutra 67º BIO PIENSO COMPLETO - APICULTURA,prod_perdido,1752.6,null,-1752.6,1.524,null,1150,null
499,"MELS CARLET, S.L.",2021→2022,2021,2022,44301,Azucar Blanco – Materia Prima para Piensos,vol_precio,12190,48485,36295,23,59.3,530,817.62
2925,"BIGMAN NUTRITION, S.L.",2021→2022,2021,2022,42000,Dextrosa Cristal Monohidrato Maiz,vol_precio,2330,15708.5,13378.5,2,14.9,1165,1054.26
555,"FORTADUL, S.L.",2021→2022,2021,2022,40000,Azúcar Blanco EEC Nº 2,vol_precio,84680,57456,-27224,163,48,519.51,1197
5696,"PAREDES RUIZ, MARIANO",2021→2022,2021,2022,44313,Apipasta Vitaminas 90% - Pienso para Apicultura,vol_precio,583.2,526.5,-56.700000000000045,0.54,0.45,1080,1170
3156,"FINI GOLOSINAS ESPAÑA, S.L.U.",2021→2022,2021,2022,62151,Jarabe de Melaza- Soft Treacle (Negro),vol_precio,105791.4,121895.84,16104.440000000002,147.96,139.92,715,871.18
874,"COMERCIAL MAPROHELCO, S.L.",2021→2022,2021,2022,40000,Azúcar Blanco EEC Nº 2,vol_precio,2227.5,2268,40.5,4.05,2.7,550,840
2975,"ARTUKOLUKE, S.L.",2021→2022,2021,2022,40000,Azúcar Blanco EEC Nº 2,volumen,239040.96,71400,-167640.96,479.04,142.8,499,500
1747,"FRUIT TECH NATURAL, S.A.",2021→2022,2021,2022,40003,Azúcar Blanco EEC Nº 2 REMOLACHA,vol_precio,175700.26,284714.64,109014.38,333.32,418.5,527.12,680.32
6395,SEITENBACHER KG NATURKOST,2021→2022,2021,2022,61200,Fosvitae 85%,vol_precio,27774.3,30012.84,2238.540000000001,14.46,7.26,1920.77,4134
7765,SURINVER EL GRUPO S.COOP,2021→2022,2021,2022,40000,Azúcar Blanco EEC Nº 2,prod_perdido,8837,null,-8837,14.8,null,597.09,null
531,"DESARROLLOS PANADEROS LEVANTINOS, S.L.L.",2021→2022,2021,2022,40000,Azúcar Blanco EEC Nº 2,vol_precio,22055,4416,-17639,40.1,5,550,883.2
3464,"GIJON TORRES, JOAQUIN",2021→2022,2021,2022,40000,Azúcar Blanco EEC Nº 2,prod_perdido,990,null,-990,1.8,null,550,null
7339,"BIONUTRICION VEGETAL, S.A.",2021→2022,2021,2022,44015,Fructor 10/77,prod_perdido,2832,null,-2832,4.8,null,590,null
6470,"BRIONES SOLERA, BEATRIZ",2021→2022,2021,2022,62001,Apimix - Pienso completo - Apicultura,prod_perdido,24.92,null,-24.92,0.028,null,890,null
1284,"FRUTAS Y TURRONES, S.A.",2021→2022,2021,2022,61138,Mixco Sweet 75-45.0718,vol_precio,46763.5,105270.4,58506.899999999994,82.46,118.4,567.11,889.11
346,"PANARRO FOODS, S.L.",2021→2022,2021,2022,44015,Fructor 10/77,prod_perdido,1505.4,null,-1505.4,3.86,null,390,null
5819,"CASTELLON AGUILAR, FRANCISCO JAVIER",2021→2022,2021,2022,40110,Azúcar Moreno Brown (Azucarera),prod_perdido,71.25,null,-71.25,0.075,null,950,null
7706,"RUIPAN, S.L.",2021→2022,2021,2022,40000,Azúcar Blanco EEC Nº 2,vol_precio,51182,58453.2,7271.199999999997,100.6,49.96,508.77,1170
3607,"SERRANO SANCHEZ, RUBEN",2021→2022,2021,2022,44313,Apipasta Vitaminas 90% - Pienso para Apicultura,vol_precio,243,1287.3,1044.3,0.27,0.99,900,1300.3
198,"JOSE SANDOVAL, S.L.U.",2021→2022,2021,2022,43003,Maltitol 55/75,prod_perdido,1534,null,-1534,1.3,null,1180,null
5052,"GOMEZ HERRERA, JOSE MIGUEL",2021→2022,2021,2022,62001,Apimix - Pienso completo - Apicultura,prod_perdido,51.8,null,-51.8,0.07,null,740,null
7199,"IERTXUNDI KORTA, MIKIEL",2021→2022,2021,2022,44314,Apipasta 90% - BIO - Pienso completo - Apicultura,prod_perdido,301.5,null,-301.5,0.15,null,2010,null
8205,"SALSA RICA, S.L.",2021→2022,2021,2022,61228,Fosvitae 95% Plus,sin_actividad,0,null,0,0.001,null,0,null
2298,"GRACOMSA ALIMENTARIA, S.A.U.",2021→2022,2021,2022,44015,Fructor 10/77,prod_perdido,11.9,null,-11.9,0.015,null,793.33,null
1728,"CEREALTO INDUSTRIAL SPAIN, S.A.",2021→2022,2021,2022,61228,Fosvitae 95% Plus,prod_perdido,2538,null,-2538,1.2,null,2115,null
5729,"MARTINEZ FERNANDEZ, FRANCISCO JAVIER",2021→2022,2021,2022,62001,Apimix - Pienso completo - Apicultura,vol_precio,41.44,19.32,-22.119999999999997,0.056,0.014,740,1380
394,"VIÑA COSTEIRA, S.C.G.",2021→2022,2021,2022,40000,Azúcar Blanco EEC Nº 2,prod_perdido,186,null,-186,0.3,null,620,null
5532,"SORIANO VELEZ, JOSE ANGEL -",2021→2022,2021,2022,62026,Apimix - Pienso Completo No Cristaliza- Apicultura,prod_perdido,157.5,null,-157.5,0.25,null,630,null
4937,"YESLOSA, S.L.",2021→2022,2021,2022,62026,Apimix - Pienso Completo No Cristaliza- Apicultura,prod_perdido,157.5,null,-157.5,0.25,null,630,null
3818,"NAVARRO SANTAELLA, FRANCISCO ANTONIO",2021→2022,2021,2022,62026,Apimix - Pienso Completo No Cristaliza- Apicultura,prod_perdido,145.04,null,-145.04,0.196,null,740,null
2679,"REINA KILAMA, SDAD. COOP.",2021→2022,2021,2022,44313,Apipasta Vitaminas 90% - Pienso para Apicultura,vol_precio,102480,106669.5,4189.5,113.4,90.3,903.7,1181.28
1126,"AGRICULTURA Y CONSERVAS, S.A.",2021→2022,2021,2022,40000,Azúcar Blanco EEC Nº 2,prod_perdido,216412,null,-216412,413,null,524,null
6447,"RAMIREZ FERNANDEZ, RAFAEL",2021→2022,2021,2022,44313,Apipasta Vitaminas 90% - Pienso para Apicultura,vol_precio,764.1,648,-116.10000000000002,0.825,0.6,926.18,1080
5293,"AGROKAZAN FERTILIZANTES, S.L.",2021→2022,2021,2022,40000,Azúcar Blanco EEC Nº 2,vol_precio,3555,1708.2,-1846.8,6.3,1.8,564.29,949
528,"MANUFACTURAS COVISAL, S.L.",2021→2022,2021,2022,40000,Azúcar Blanco EEC Nº 2,precio,2943,3897,954,4.5,4.5,654,866
2901,"CIAL. DOSER REPRESENTACIONES, S.L.",2021→2022,2021,2022,40000,Azúcar Blanco EEC Nº 2,vol_precio,61786.8,73798.2,12011.399999999994,120.6,95.4,512.33,773.57
6306,SARL RUCHER DE L'ESTAGNOL,2021→2022,2021,2022,44313,Apipasta Vitaminas 90% - Pienso para Apicultura,prod_perdido,18480,null,-18480,23.1,null,800,null
2473,"TORRE ORIA, S.L.U.",2021→2022,2021,2022,40000,Azúcar Blanco EEC Nº 2,vol_precio,75777.78,19035.06,-56742.72,143.86,33.22,526.75,573
731,"COFFEE PRODUCTIONS, S.L.",2021→2022,2021,2022,40000,Azúcar Blanco EEC Nº 2,vol_precio,34155,15246,-18909,69,23.1,495,660
2216,"APIHURDES, S.COOP.",2021→2022,2021,2022,44313,Apipasta Vitaminas 90% - Pienso para Apicultura,vol_precio,23184,39522,16338,25.2,33.6,920,1176.25
6816,BALMINA LTD.,2021→2022,2021,2022,44334,Apipasta Vitaminas 90% - Pienso Apicul. BALMINA,vol_precio,6898.5,6552,-346.5,9.45,6.3,730,1040
2129,"CORTES BUSSINESS CORPORATION, S.L.",2021→2022,2021,2022,64043,Nectar Base 4.1 PLUS - 69º,prod_perdido,60624,null,-60624,75.78,null,800,null
7506,"MONTALBAN CORONADO, FRANCISCO",2021→2022,2021,2022,62026,Apimix - Pienso Completo No Cristaliza- Apicultura,prod_perdido,51.8,null,-51.8,0.07,null,740,null
7673,"BUSTILLO ARROYO, ALEJANDRO",2021→2022,2021,2022,44313,Apipasta Vitaminas 90% - Pienso para Apicultura,precio,1020.6,1296,275.4,0.945,0.96,1080,1350
4273,"GIMENEZ MIGUEZ, TERESA",2021→2022,2021,2022,44313,Apipasta Vitaminas 90% - Pienso para Apicultura,prod_perdido,13.5,null,-13.5,0.015,null,900,null
8456,"DIANA NASTASE, GABRIELA",2021→2022,2021,2022,62001,Apimix - Pienso completo - Apicultura,prod_perdido,187.5,null,-187.5,0.25,null,750,null
1252,"APIGALOES, S.C.",2021→2022,2021,2022,44313,Apipasta Vitaminas 90% - Pienso para Apicultura,vol_precio,18450,16380,-2070,22.5,14.7,820,1114.29
4002,"ABB MJ FERNANDEZ ARANDA, S.L.",2021→2022,2021,2022,40113,Azúcar Moreno Brown C,prod_perdido,850,null,-850,1,null,850,null
2539,"DONAIRE MATA , MARIA DEL PRADO",2021→2022,2021,2022,44313,Apipasta Vitaminas 90% - Pienso para Apicultura,prod_perdido,2376,null,-2376,2.7,null,880,null
3699,"GONZALEZ CARBALLAL, S.L.",2021→2022,2021,2022,62020,Mix Fructor Apicultor - Pienso completo - Apicult.,vol_precio,143966.75,152962.04,8995.290000000008,267.005,236.045,539.19,648.02
2548,"MEETINGCOOK, S.L.",2021→2022,2021,2022,65005,Azúcar en polvo LS,volumen,297.24,63,-234.24,0.36,0.075,825.67,840
2763,"HERMANOS ROMAN ALAMINOS, S.L.",2021→2022,2021,2022,40000,Azúcar Blanco EEC Nº 2,vol_precio,79205.2,75913.12,-3292.0800000000017,150.56,81.84,526.07,927.58
1000,CLIENTES VARIOS (CONTADO),2021→2022,2021,2022,40200,Azúcar Golden - BIO - ES-ECO-024-MU (Agric No UE),vol_precio,484.65,290.74,-193.90999999999997,0.359,0.2,1350,1453.7
1864,MELAZAHAR COOP. V.,2021→2022,2021,2022,65005,Azúcar en polvo LS,prod_perdido,45,null,-45,0.06,null,750,null
4766,"RODENAS BELENGUER, JOAQUIN",2021→2022,2021,2022,44313,Apipasta Vitaminas 90% - Pienso para Apicultura,prod_perdido,81,null,-81,0.09,null,900,null
1765,"CHOST, S.L",2021→2022,2021,2022,40000,Azúcar Blanco EEC Nº 2,vol_precio,4979.7,7776,2796.3,9.9,10.8,503,720
1442,"SALINAS MARTINEZ, PEDRO ANTONIO",2021→2022,2021,2022,62020,Mix Fructor Apicultor - Pienso completo - Apicult.,prod_perdido,687.5,null,-687.5,1.25,null,550,null
499,"MELS CARLET, S.L.",2021→2022,2021,2022,40000,Azúcar Blanco EEC Nº 2,prod_perdido,11660,null,-11660,22,null,530,null
5468,"SAIZ PRIETO, JOSE ELIAS",2021→2022,2021,2022,62026,Apimix - Pienso Completo No Cristaliza- Apicultura,prod_perdido,20.72,null,-20.72,0.028,null,740,null
436,"TURRONES JOSE GARRIGOS, S.A.",2021→2022,2021,2022,43000,Maltitol Liquido 75-5308,vol_precio,6688.8,12375,5686.2,6,9.9,1114.8,1250
1528,"JUAN Y JUAN INDUSTRIAL, S.L.U.",2021→2022,2021,2022,40000,Azúcar Blanco EEC Nº 2,prod_perdido,1823625.04,null,-1823625.04,3878.635,null,470.17,null
2716,"DOSCADESA 2000,SL.",2021→2022,2021,2022,40000,Azúcar Blanco EEC Nº 2,vol_precio,15651,1314,-14337,27,1.8,579.67,730
8033,"SILOMAR ALIMENTACION, S.L.U",2021→2022,2021,2022,44015,Fructor 10/77,vol_precio,5112,9612,4500,7.2,10.8,710,890
401,"SOLER GIMENO, S.L.",2021→2022,2021,2022,44015,Fructor 10/77,prod_perdido,645.3,null,-645.3,0.9,null,717,null
353,"QUALITY SPICES, S.L.",2021→2022,2021,2022,40000,Azúcar Blanco EEC Nº 2,vol_precio,9162,9730.8,568.7999999999993,14.4,10.8,636.25,901
6468,"DULCES LA CARTUJA, S.L.",2021→2022,2021,2022,44015,Fructor 10/77,prod_perdido,77.8,null,-77.8,0.1,null,778,null
2824,"MAINGLAS, S.L.",2021→2022,2021,2022,44015,Fructor 10/77,prod_perdido,4272,null,-4272,7.2,null,593.33,null
4927,"MESEGUER FRANCO, ANA BELEN",2021→2022,2021,2022,62001,Apimix - Pienso completo - Apicultura,prod_perdido,103.6,null,-103.6,0.14,null,740,null
7673,"BUSTILLO ARROYO, ALEJANDRO",2021→2022,2021,2022,44315,Apipasta PLUS - Pienso para Apicultura,vol_precio,171.36,45.92,-125.44000000000001,0.112,0.028,1530,1640
5489,"TECNOLOGIAS APICOLA CASTILBLANCO, S.L.",2021→2022,2021,2022,42000,Dextrosa Cristal Monohidrato Maiz,prod_perdido,2840,null,-2840,4,null,710,null
3381,"TEMPORAL LOPEZ, ANTONIO",2021→2022,2021,2022,62026,Apimix - Pienso Completo No Cristaliza- Apicultura,prod_perdido,157.5,null,-157.5,0.25,null,630,null
1535,"OLIVA SANTOS, MARCELINA",2021→2022,2021,2022,40000,Azúcar Blanco EEC Nº 2,prod_perdido,1180,null,-1180,2,null,590,null
7587,"TUESTA BAKERY, S.L.",2021→2022,2021,2022,44015,Fructor 10/77,vol_precio,2067.6,1059.6,-1008,3.6,1.2,574.33,883
1325,"HIDA ALIMENTACION , S.A.",2021→2022,2021,2022,40000,Azúcar Blanco EEC Nº 2,prod_perdido,48843.64,null,-48843.64,95.96,null,509,null
889,"ESPECIALIDADES DEL OBRADOR, S.L.",2021→2022,2021,2022,41000,Fructosa MAIZ Cristal,prod_perdido,356,null,-356,0.4,null,890,null
5501,"CALIDAD PASCUAL, S.A.",2021→2022,2021,2022,41000,Fructosa MAIZ Cristal,vol_precio,53544,57214.2,3670.199999999997,80.801,57.15,662.67,1001.12
6470,"BRIONES SOLERA, BEATRIZ",2021→2022,2021,2022,44313,Apipasta Vitaminas 90% - Pienso para Apicultura,prod_perdido,16.2,null,-16.2,0.015,null,1080,null
2287,"RODRIGUEZ BLANCO, ASUNCION",2021→2022,2021,2022,62000,Mix Idoneo - Pienso Completo - Apicultura,prod_perdido,275,null,-275,0.5,null,550,null
5245,"ELGORRIAGA BRANDS, S.A.",2021→2022,2021,2022,43000,Maltitol Liquido 75-5308,prod_perdido,1206.37,null,-1206.37,1.21,null,997,null
3750,"MARTIN RUBIANO, REYES",2021→2022,2021,2022,44314,Apipasta 90% - BIO - Pienso completo - Apicultura,prod_perdido,2205,null,-2205,1.05,null,2100,null
6966,"SANCHO RUMBAU, ESTEBAN",2021→2022,2021,2022,62026,Apimix - Pienso Completo No Cristaliza- Apicultura,prod_perdido,157.5,null,-157.5,0.25,null,630,null
314,"PASDULCE, S.L.",2021→2022,2021,2022,42000,Dextrosa Cristal Monohidrato Maiz,vol_precio,14368.5,15075,706.5,21.5,15,668.3,1005
2716,"DOSCADESA 2000,SL.",2021→2022,2021,2022,65005,Azúcar en polvo LS,volumen,3797.25,1638,-2159.25,4.575,1.95,830,840
5819,"CASTELLON AGUILAR, FRANCISCO JAVIER",2021→2022,2021,2022,40000,Azúcar Blanco EEC Nº 2,vol_precio,29753.72,16109.63,-13644.090000000002,55.435,24.225,536.73,665
4429,"UMBRELLA F&FI, S.L. ",2021→2022,2021,2022,41000,Fructosa MAIZ Cristal,volumen,2406,1296,-1110,2.2,1.2,1093.64,1080
2832,DULCES LA ABUELA COOP VNA,2021→2022,2021,2022,43100,Sorbitol Liquido 70% No cristalizable,vol_precio,18156,17300.91,-855.0900000000001,20.4,16.797,890,1030
473,"MAZALMENDRA, S.L.",2021→2022,2021,2022,44015,Fructor 10/77,prod_perdido,21392,null,-21392,37.6,null,568.94,null
346,"PANARRO FOODS, S.L.",2021→2022,2021,2022,61170,Mix Maltitol Sorbitol MS 74-8020,vol_precio,9791.25,18070,8278.75,8.073,12.04,1212.84,1500.83
1977,"ZURRIAGA MORENO, EMILIANO",2021→2022,2021,2022,62026,Apimix - Pienso Completo No Cristaliza- Apicultura,prod_perdido,780,null,-780,1.2,null,650,null
7981,"PAVLIK, PETR",2021→2022,2021,2022,62026,Apimix - Pienso Completo No Cristaliza- Apicultura,sin_actividad,0,null,0,0.014,null,0,null
6278,"URRIETA ROVIRA, JOSE MANUEL",2021→2022,2021,2022,44315,Apipasta PLUS - Pienso para Apicultura,prod_perdido,197.12,null,-197.12,0.154,null,1280,null
5230,"MARCHUET PALMERO, CARLOS",2021→2022,2021,2022,44313,Apipasta Vitaminas 90% - Pienso para Apicultura,prod_perdido,184.8,null,-184.8,0.21,null,880,null
6828,AGRUP.DEFENSA SANIT.APIC.REG.DE MURCIA,2021→2022,2021,2022,62001,Apimix - Pienso completo - Apicultura,vol_precio,5086.76,7946.8,2860.04,8.568,9.84,593.69,807.6
4701,"BROCAL OBRADOR Y RESTAURACION, S.L.",2021→2022,2021,2022,40000,Azúcar Blanco EEC Nº 2,vol_precio,39254.8,17582,-21672.800000000003,73.322,25.19,535.38,697.98
3872,"EL DUO HARINERO, S.A.",2021→2022,2021,2022,60122,"Azúcar PI 73,5-67-C Sin Serigrafiar",vol_precio,25328.38,16768.64,-8559.740000000002,31.934,15.008,793.15,1117.31
340,"ARTESANOS MENDEZ, S.A.",2021→2022,2021,2022,61127,"Mixco Sweet 71,5-50.1522-C",vol_precio,12732.4,6321.6,-6410.799999999999,16.784,6,758.6,1053.6
7891,"CARO MARTINEZ, MANUEL",2021→2022,2021,2022,44313,Apipasta Vitaminas 90% - Pienso para Apicultura,prod_perdido,54,null,-54,0.06,null,900,null
4852,"ABELLAIRES EMPORDANESOS, S.A.T.",2021→2022,2021,2022,44314,Apipasta 90% - BIO - Pienso completo - Apicultura,prod_perdido,892.5,null,-892.5,0.525,null,1700,null
419,"DISTRIBUCIONES JAIME SARRION, S.L.",2021→2022,2021,2022,40110,Azúcar Moreno Brown (Azucarera),vol_precio,1612.5,963.75,-648.75,1.375,0.975,1172.73,988.46
5144,"CORTES GOMEZ, JUAN FRANCISCO",2021→2022,2021,2022,62026,Apimix - Pienso Completo No Cristaliza- Apicultura,prod_perdido,1725,null,-1725,2.7,null,638.89,null
4154,"HEALTHY RAW MATERIALS, S.L.",2021→2022,2021,2022,60105,"Azúcar PI 73,5-67",vol_precio,912.24,1097.6,185.3599999999999,0.84,0.98,1086,1120
3210,"LEMON ICE M.A. GALLEGO, S.L.",2021→2022,2021,2022,60100,Azúcar PI 67-30,sin_actividad,0,null,0,0.001,null,0,null
7651,SARL API DISTRIBUTION,2021→2022,2021,2022,44310,Apipasta 90% - Pienso completo - Apicultura,vol_precio,12936,19378.8,6442.799999999999,15.75,16.8,821.33,1153.5
8084,"CRISTINA ABREU, UNIPESSOAL",2021→2022,2021,2022,60105,"Azúcar PI 73,5-67",sin_actividad,0,null,0,0.001,null,0,null
465,"INVESTIGACION Y DESARROLLO PANADERO, S.L.",2021→2022,2021,2022,65006,Azúcar en polvo LS Pallet Plast. ZK,prod_perdido,16859.25,null,-16859.25,23.925,null,704.67,null
8176,"MIRA SANCHEZ, FRANCISCO JOSE",2021→2022,2021,2022,44313,Apipasta Vitaminas 90% - Pienso para Apicultura,prod_perdido,594,null,-594,0.6,null,990,null
4852,"ABELLAIRES EMPORDANESOS, S.A.T.",2021→2022,2021,2022,44315,Apipasta PLUS - Pienso para Apicultura,vol_precio,2150.4,1285.2,-865.2,1.68,0.84,1280,1530
2836,"ISAXCO CONSULTING, S.L.",2021→2022,2021,2022,64039,Nectar Base 7 68º,prod_perdido,63451.36,null,-63451.36,101.36,null,626,null
8432,"NAVARRO GIMENO, VICENTE ",2021→2022,2021,2022,44315,Apipasta PLUS - Pienso para Apicultura,prod_perdido,42.84,null,-42.84,0.028,null,1530,null
1467,"CLEMENTE RIVAS, FRANCISCO BENJAMIN",2021→2022,2021,2022,65005,Azúcar en polvo LS,prod_perdido,142.2,null,-142.2,0.18,null,790,null
6544,"RODRIGUEZ FUENTES, ANA ISABEL",2021→2022,2021,2022,62001,Apimix - Pienso completo - Apicultura,prod_perdido,51.8,null,-51.8,0.07,null,740,null
7819,"APICOLA COBO DIEGO, S.C.",2021→2022,2021,2022,44313,Apipasta Vitaminas 90% - Pienso para Apicultura,prod_perdido,945,null,-945,1.05,null,900,null
542,"SDAD.ESPAÑOLA COLOR. NATURALES Y AFINES, S.A.U.",2021→2022,2021,2022,60203,Azúcar TIEN 65.5.100,precio,9784.8,10229.28,444.4800000000014,24.16,24.24,405,422
7868,GENBA TASTE,2021→2022,2021,2022,61229,Fosvitae Plus Polvo,sin_actividad,0,null,0,0.001,null,0,null
6221,"MINGARRO LLANES, MANUEL",2021→2022,2021,2022,62001,Apimix - Pienso completo - Apicultura,prod_perdido,113.96,null,-113.96,0.154,null,740,null
3601,"ROCA DOLZ, BASILIO",2021→2022,2021,2022,62001,Apimix - Pienso completo - Apicultura,prod_perdido,165.76,null,-165.76,0.224,null,740,null
1386,"SCENTIUM FLAVOURS, S.L",2021→2022,2021,2022,44015,Fructor 10/77,prod_perdido,4190.4,null,-4190.4,7.2,null,582,null
1165,"ANIORTE MARTINEZ, FRANCISCO",2021→2022,2021,2022,62000,Mix Idoneo - Pienso Completo - Apicultura,vol_precio,1770,710,-1060,3,1,590,710
903,"LLINARES DOMENEC, FEDERICO",2021→2022,2021,2022,44315,Apipasta PLUS - Pienso para Apicultura,prod_perdido,304.64,null,-304.64,0.238,null,1280,null
2331,"ASELA, S.L.",2021→2022,2021,2022,44313,Apipasta Vitaminas 90% - Pienso para Apicultura,sin_actividad,-13.5,null,13.5,-0.015,null,900,null
2338,"PEREZ PEREZ, VALERIANO",2021→2022,2021,2022,44015,Fructor 10/77,prod_perdido,420,null,-420,0.56,null,750,null
8011,"BRAVO FERNANDEZ, TEODORA",2021→2022,2021,2022,44314,Apipasta 90% - BIO - Pienso completo - Apicultura,vol_precio,1128.75,2322,1193.25,0.645,1.125,1750,2064
764,"FERNANDEZ MARTIN, MANUEL",2021→2022,2021,2022,62001,Apimix - Pienso completo - Apicultura,prod_perdido,621.6,null,-621.6,0.84,null,740,null
614,"MANUFACTURAS TABERNER,S.A.",2021→2022,2021,2022,42000,Dextrosa Cristal Monohidrato Maiz,vol_precio,26640,21875,-4765,48,25,555,875
535,"FRIMAR PANADEROS, S.L.",2021→2022,2021,2022,43100,Sorbitol Liquido 70% No cristalizable,vol_precio,6108,10316.49,4208.49,7.2,9.451,848.33,1091.58
1673,"RIQUELME ALACID, DOLORES ",2021→2022,2021,2022,62000,Mix Idoneo - Pienso Completo - Apicultura,vol_precio,198.8,820,621.2,0.27,1,736.3,820
7702,"ZHONGGUO YI, S.L.",2021→2022,2021,2022,44313,Apipasta Vitaminas 90% - Pienso para Apicultura,prod_perdido,243,null,-243,0.225,null,1080,null
1635,"IMPEX EUROPA, S.L",2021→2022,2021,2022,65005,Azúcar en polvo LS,precio,430.95,723.69,292.74000000000007,0.51,0.51,845,1419
6258,"OBREGON DIAZ, JULIA",2021→2022,2021,2022,44313,Apipasta Vitaminas 90% - Pienso para Apicultura,prod_perdido,1161,null,-1161,1.2,null,967.5,null
1592,"APICOLA TARRAGONINA, S.C.C.L",2021→2022,2021,2022,62026,Apimix - Pienso Completo No Cristaliza- Apicultura,prod_perdido,2904,null,-2904,4.8,null,605,null
517,"DUPAN, S.L.",2021→2022,2021,2022,40330,Azúcar Perlado 2,prod_ganado,-168.75,1263.5,1432.25,-0.125,0.7,1350,1805
566,"ALMACENES MIGUEZ 2005,S.L.",2021→2022,2021,2022,41005,Fructosa MAIZ Cristal Granulada,prod_perdido,1720,null,-1720,2,null,860,null
7022,"FRUTOS SECOS EMPERADOR, S.L.",2021→2022,2021,2022,61229,Fosvitae Plus Polvo,prod_perdido,232.5,0,-232.5,0.05,0.001,4650,0
2180,"AURUM PROCESS TECHNOLOGY, S.L.",2021→2022,2021,2022,40000,Azúcar Blanco EEC Nº 2,vol_precio,15.75,40.5,24.75,0.025,0.05,630,810
7833,"TRAVER MARTINEZ, ENRIQUE",2021→2022,2021,2022,62020,Mix Fructor Apicultor - Pienso completo - Apicult.,prod_perdido,137.5,null,-137.5,0.25,null,550,null
5680,"SALSA WOK, S.L.",2021→2022,2021,2022,62070,Mix Golden Jarabe,vol_precio,4415.4,3306,-1109.3999999999996,4.46,2.28,990,1450
5523,"ADDKEM SPECIALTIES, S.L.U.",2021→2022,2021,2022,40000,Azúcar Blanco EEC Nº 2,prod_perdido,10539,null,-10539,16.5,null,638.73,null
297,"TARBAL FOOD, S.L.",2021→2022,2021,2022,60105,"Azúcar PI 73,5-67",vol_precio,2942.38,33360.69,30418.31,2.016,28.421,1459.51,1173.8
3863,"LA TRADICION M&T, S.L.",2021→2022,2021,2022,44010,Fructor 10/81,prod_perdido,9132,null,-9132,15.6,null,585.38,null
5049,"SERVICIOS INTEGRALES VETERINARIOS, S.L.",2021→2022,2021,2022,62001,Apimix - Pienso completo - Apicultura,prod_perdido,978.6,null,-978.6,1.26,null,776.67,null
7704,"SOLANA RIOS, MARCELINO",2021→2022,2021,2022,40200,Azúcar Golden - BIO - ES-ECO-024-MU (Agric No UE),prod_perdido,337.5,null,-337.5,0.25,null,1350,null
3375,"EUROCHOC, S.L.",2021→2022,2021,2022,62400,Fondant ES-R01,vol_precio,58178.15,50773.95,-7404.200000000004,75.42,46.605,771.39,1089.45
492,"ENRIQUE GARRIGOS MONERRIS, S.A.",2021→2022,2021,2022,61095,Mixco Sweet 76-50.1220,prod_perdido,2250,null,-2250,3.6,null,625,null
7829,"ORANGE VALENCIA WORLD, S.L. ",2021→2022,2021,2022,61241,Base Neutra MRO 70-5050,sin_actividad,0,null,0,0.001,null,0,null
7973,SC CALIPSO SRL,2021→2022,2021,2022,61228,Fosvitae 95% Plus,sin_actividad,0,null,0,0.001,null,0,null
7886,"UNION VINICOLA DEL ESTE, S. L.",2021→2022,2021,2022,40000,Azúcar Blanco EEC Nº 2,sin_actividad,0,null,0,0.001,null,0,null
5353,"LICORES ARTESANALES BURRIANA, S.L.",2021→2022,2021,2022,44015,Fructor 10/77,prod_perdido,9.66,null,-9.66,0.014,null,690,null
6303,"SILVA GORDON, DIEGO",2021→2022,2021,2022,44315,Apipasta PLUS - Pienso para Apicultura,sin_cambio,21.42,21.42,0,0.014,0.014,1530,1530
1386,"SCENTIUM FLAVOURS, S.L",2021→2022,2021,2022,60000,Azúcar Líquida Neutra 67º,sin_actividad,0,null,0,0.001,null,0,null
7867,"SINBLAT ALIMENTACION SALUDABLE, S.L.",2021→2022,2021,2022,43100,Sorbitol Liquido 70% No cristalizable,prod_perdido,984,null,-984,1.2,null,820,null
6146,"JUAN JIMENEZ GARCIA, S.A.U.",2021→2022,2021,2022,61200,Fosvitae 85%,sin_actividad,0,null,0,0.001,null,0,null
405,"CHOVI, S.L.",2021→2022,2021,2022,40000,Azúcar Blanco EEC Nº 2,precio,119085,166150.6,47065.600000000006,233.8,230.4,509.35,721.14
5899,"SAINBERG LA IBENSE, S.L.",2021→2022,2021,2022,44015,Fructor 10/77,prod_perdido,26622.52,null,-26622.52,62.944,null,422.96,null
5230,"MARCHUET PALMERO, CARLOS",2021→2022,2021,2022,40000,Azúcar Blanco EEC Nº 2,prod_perdido,1006,null,-1006,1.9,null,529.47,null
302,"BODEGAS Y DESTILERIAS DEL SUR, S.A.",2021→2022,2021,2022,60010,Azúcar Liquida Neutra S.A.,prod_perdido,29036.58,null,-29036.58,73.14,null,397,null
290,"IGH FLAVOURS TECHNOLOGY, S.A.U.",2021→2022,2021,2022,40110,Azúcar Moreno Brown (Azucarera),volumen,1100,1540,440,1,1.4,1100,1100
2392,"COATO, S.C.L.",2021→2022,2021,2022,40200,Azúcar Golden - BIO - ES-ECO-024-MU (Agric No UE),prod_perdido,337.5,null,-337.5,0.25,null,1350,null
8350,"MIGA FOODS COMMERCE, S.L.",2021→2022,2021,2022,62903,Sirope sabor Arce,prod_perdido,9.95,null,-9.95,0.01,null,995,null
3719,"CARCEL EJARTE, EMILIO",2021→2022,2021,2022,44313,Apipasta Vitaminas 90% - Pienso para Apicultura,vol_precio,135,226.8,91.80000000000001,0.15,0.21,900,1080
1386,"SCENTIUM FLAVOURS, S.L",2021→2022,2021,2022,60105,"Azúcar PI 73,5-67",sin_actividad,0,0,0,0.001,0.001,0,0
4406,"BELMAR GRAU, JONATAN",2021→2022,2021,2022,62001,Apimix - Pienso completo - Apicultura,vol_precio,41.44,936,894.56,0.056,1.2,740,780
4244,"GYG ENVASADOS Y ESTUCHADOS, S.L.",2021→2022,2021,2022,40110,Azúcar Moreno Brown (Azucarera),prod_perdido,667.5,null,-667.5,0.75,null,890,null
2057,"BACK EUROP ESPAÑA, S.L",2021→2022,2021,2022,40000,Azúcar Blanco EEC Nº 2,vol_precio,201818,19303.2,-182514.8,388.678,25.2,519.24,766
405,"CHOVI, S.L.",2021→2022,2021,2022,44040,Fructor 42/71,vol_precio,55867.5,38329.2,-17538.300000000003,171.9,60.84,325,630
481,"EL CATETO, S.L.",2021→2022,2021,2022,40000,Azúcar Blanco EEC Nº 2,vol_precio,217469.6,194163.8,-23305.800000000017,439.2,291.8,495.15,665.4
1075,AGRUPACION MURCIANA APICULTORES PROFESIONALES,2021→2022,2021,2022,44313,Apipasta Vitaminas 90% - Pienso para Apicultura,vol_precio,6993,8942.4,1949.3999999999996,7.77,8.28,900,1080
5947,"GAUPP-BERGHAUSEN, MALVA",2021→2022,2021,2022,62026,Apimix - Pienso Completo No Cristaliza- Apicultura,prod_perdido,472.5,null,-472.5,0.75,null,630,null
5109,"INDUSTRIAS ROKO, S.A.",2021→2022,2021,2022,61200,Fosvitae 85%,sin_actividad,0,null,0,0.001,null,0,null
1569,"ALHAMA FERRER, JUAN ANTONIO",2021→2022,2021,2022,62001,Apimix - Pienso completo - Apicultura,prod_perdido,62.3,null,-62.3,0.07,null,890,null
7172,"SANZ AMBRONA, FRANCISCO JOSE",2021→2022,2021,2022,44313,Apipasta Vitaminas 90% - Pienso para Apicultura,prod_perdido,97.2,null,-97.2,0.09,null,1080,null
1119,"APILORE, S.L.",2021→2022,2021,2022,44412,Beesucre - Mix,vol_precio,3548.16,2788.8,-759.3599999999997,4.928,3.36,720,830
4501,"DE DIEGO ARRIBAS, JUAN JOSE",2021→2022,2021,2022,62001,Apimix - Pienso completo - Apicultura,vol_precio,155.4,161.98,6.579999999999984,0.21,0.182,740,890
8389,"CASCALES SANCHEZ, JESUS MANUEL",2021→2022,2021,2022,44335,Azúcar Blanco BIO MP para piensos,vol_precio,1015,1012.5,-2.5,0.725,0.675,1400,1500
4002,"ABB MJ FERNANDEZ ARANDA, S.L.",2021→2022,2021,2022,44310,Apipasta 90% - Pienso completo - Apicultura,vol_precio,8127,10111.5,1984.5,9.45,7.35,860,1375.71
204,"PERNOD RICARD ESPAÑA, S.A.",2021→2022,2021,2022,60010,Azúcar Liquida Neutra S.A.,vol_precio,1064128.64,1188002.94,123874.30000000005,2606.4,2115.74,408.28,561.51
5897,"ESTEBAN HERRERO, TRINIDAD GALA",2021→2022,2021,2022,44315,Apipasta PLUS - Pienso para Apicultura,prod_perdido,680.4,null,-680.4,0.504,null,1350,null
6766,"ABEL MULLERAS, JORDI",2021→2022,2021,2022,44301,Azucar Blanco – Materia Prima para Piensos,prod_perdido,1120,null,-1120,2,null,560,null
770,"CASTER ALIMENTACION, S.L.",2021→2022,2021,2022,40000,Azúcar Blanco EEC Nº 2,prod_perdido,6001.88,null,-6001.88,12.375,null,485,null
7732,"MATEOS MUÑOZ, JUAN LUIS",2021→2022,2021,2022,40201,Azúcar Blanco BIO ES-ECO-024-MU Ag No UE,vol_precio,2085,1516,-569,1.5,1,1390,1516
2909,"MANIPULADOS DE CEBOLLAS Y DERIVADOS, S.L.",2021→2022,2021,2022,40112,Azúcar Moreno Brown (Alvean) Pallet Plast.,prod_perdido,11325,null,-11325,15,null,755,null
2591,"ROSELL CARBONELL, GUILLERMO",2021→2022,2021,2022,62026,Apimix - Pienso Completo No Cristaliza- Apicultura,prod_perdido,2500,null,-2500,5,null,500,null
4501,"DE DIEGO ARRIBAS, JUAN JOSE",2021→2022,2021,2022,40000,Azúcar Blanco EEC Nº 2,prod_perdido,13.75,null,-13.75,0.025,null,550,null
8265,"GRANJA DE ELABORACIÓN ECOLÓGICA Y NATURAL, S.L.",2021→2022,2021,2022,61200,Fosvitae 85%,sin_actividad,0,null,0,0.001,null,0,null
7731,"TOLEDANO GARCIA, JOSE FERNANDO",2021→2022,2021,2022,62026,Apimix - Pienso Completo No Cristaliza- Apicultura,prod_perdido,93.24,null,-93.24,0.126,null,740,null
8215,JOAN VIÑAS SCP,2021→2022,2021,2022,44314,Apipasta 90% - BIO - Pienso completo - Apicultura,vol_precio,504,301.5,-202.5,0.3,0.15,1680,2010
6212,APICOLTURA PANCALDI LARA,2021→2022,2021,2022,44315,Apipasta PLUS - Pienso para Apicultura,prod_perdido,2394,null,-2394,1.68,null,1425,null
496,"BODEGAS Y DESTILERIAS VIDAL, S.L.",2021→2022,2021,2022,44040,Fructor 42/71,sin_actividad,0,null,0,0.001,null,0,null
7716,"FURNIELES ARANDA, PILAR",2021→2022,2021,2022,44313,Apipasta Vitaminas 90% - Pienso para Apicultura,prod_perdido,135,null,-135,0.15,null,900,null
303,"J.R. SABATER, S.A.",2021→2022,2021,2022,44120,Glucor 45/80,sin_actividad,0,null,0,0.001,null,0,null
8041,"TORRENTE MARTINEZ, GINES",2021→2022,2021,2022,40200,Azúcar Golden - BIO - ES-ECO-024-MU (Agric No UE),prod_perdido,33.75,null,-33.75,0.025,null,1350,null
7348,"AMRAOUI, SULAIMANE",2021→2022,2021,2022,62026,Apimix - Pienso Completo No Cristaliza- Apicultura,prod_perdido,315,null,-315,0.5,null,630,null
1410,"RAMON SABATER, S.A.U.",2021→2022,2021,2022,40000,Azúcar Blanco EEC Nº 2,sin_actividad,0,null,0,0.001,null,0,null
5544,"NAVARRO SANCHEZ, VICENTE",2021→2022,2021,2022,40000,Azúcar Blanco EEC Nº 2,prod_perdido,5940,null,-5940,11,null,540,null
484,"PRODUCTOS LA PILARICA, S.A.",2021→2022,2021,2022,40000,Azúcar Blanco EEC Nº 2,vol_precio,35280,38228.4,2948.4000000000015,59.4,46.62,593.94,820
225,"FRUTAS Y CONSERVAS DE MURCIA, S.L.",2021→2022,2021,2022,60000,Azúcar Líquida Neutra 67º,vol_precio,745649.8,998439.68,252789.88,1992.44,1580.62,374.24,631.68
7461,EYGUEBELLE SAS,2021→2022,2021,2022,60000,Azúcar Líquida Neutra 67º,prod_perdido,42453.84,null,-42453.84,98.96,null,429,null
711,"ESTIMUL. VEGETALES AGRICOLAS, S.A",2021→2022,2021,2022,44015,Fructor 10/77,prod_perdido,37839.08,null,-37839.08,75.678,null,500,null
4085,"ANDREU ZAMORA, VICENTE",2021→2022,2021,2022,62026,Apimix - Pienso Completo No Cristaliza- Apicultura,prod_perdido,1560,null,-1560,2.4,null,650,null
4786,"MEJIAS JIMENEZ, EMILIO",2021→2022,2021,2022,44315,Apipasta PLUS - Pienso para Apicultura,prod_perdido,1075.2,null,-1075.2,0.84,null,1280,null
1284,"FRUTAS Y TURRONES, S.A.",2021→2022,2021,2022,40000,Azúcar Blanco EEC Nº 2,vol_precio,23690.7,10843.5,-12847.2,40.5,14.3,584.96,758.29
8350,"MIGA FOODS COMMERCE, S.L.",2021→2022,2021,2022,99950,Producto de Pruebas Líquido - 1,vol_precio,9.95,15,5.050000000000001,0.01,0.011,995,1363.64
535,"FRIMAR PANADEROS, S.L.",2021→2022,2021,2022,99950,Producto de Pruebas Líquido - 1,sin_actividad,0,null,0,0.001,null,0,null
8382,"LUIS VICENTE, S.A.",2021→2022,2021,2022,60105,"Azúcar PI 73,5-67",vol_precio,2757.6,18564,15806.4,3.6,15.6,766,1190
4242,"FITOPAL, S.L.",2021→2022,2021,2022,44313,Apipasta Vitaminas 90% - Pienso para Apicultura,precio,945,1134,189,1.05,1.05,900,1080
5489,"TECNOLOGIAS APICOLA CASTILBLANCO, S.L.",2021→2022,2021,2022,44302,Dextrosa Cristal –  Materia Prima para Piensos,prod_perdido,1780,null,-1780,2,null,890,null
4405,"PEINADO HERNANDEZ, IVAN",2021→2022,2021,2022,44313,Apipasta Vitaminas 90% - Pienso para Apicultura,prod_perdido,924,null,-924,1.05,null,880,null
891,"MONTEALBOR ALIMENTACION, S.A.U",2021→2022,2021,2022,42000,Dextrosa Cristal Monohidrato Maiz,vol_precio,1468.25,1337.5,-130.75,2.15,1.25,682.91,1070
440,"MAZAPANES Y DULCES DE TOLEDO, S.A.",2021→2022,2021,2022,60105,"Azúcar PI 73,5-67",precio,5508,9596.52,4088.5200000000004,8.4,8.471,655.71,1132.87
1747,"FRUIT TECH NATURAL, S.A.",2021→2022,2021,2022,40000,Azúcar Blanco EEC Nº 2,vol_precio,186563.48,88288,-98275.48000000001,389.72,147.4,478.71,598.97
1661,"DELAVIUDA ALIMENTACION, S.A",2021→2022,2021,2022,43050,Maltitol en Polvo,vol_precio,45601,25872,-19729,25.6,13.2,1781.29,1960
6094,"ECOVINAL, S.L.U.",2021→2022,2021,2022,60105,"Azúcar PI 73,5-67",sin_actividad,0,null,0,0.007,null,0,null
3436,"ABELLANEDA LIDON, ISIDORO",2021→2022,2021,2022,40000,Azúcar Blanco EEC Nº 2,prod_perdido,110,null,-110,0.2,null,550,null
2832,DULCES LA ABUELA COOP VNA,2021→2022,2021,2022,44015,Fructor 10/77,vol_precio,7128.3,11648.4,4520.099999999999,12.23,14.4,582.85,808.92
4002,"ABB MJ FERNANDEZ ARANDA, S.L.",2021→2022,2021,2022,44111,Glucor 60/82,prod_perdido,16829.9,null,-16829.9,34.34,null,490.1,null
418,"MANUFACTURAS CEYLAN, S.L.",2021→2022,2021,2022,40200,Azúcar Golden - BIO - ES-ECO-024-MU (Agric No UE),prod_perdido,725,null,-725,0.5,null,1450,null
455,"EMILIO PEÑA, S.A.",2021→2022,2021,2022,65025,Azucar en polvo LS - EPSA,vol_precio,20430.9,38801.13,18370.229999999996,29.61,39.495,690,982.43
3680,"TEJERA MIR, ENRIQUE",2021→2022,2021,2022,62001,Apimix - Pienso completo - Apicultura,prod_perdido,20.72,null,-20.72,0.028,null,740,null
7326,"ACTIVA FOOD TECH, S.A.",2021→2022,2021,2022,61200,Fosvitae 85%,sin_actividad,0,null,0,0.001,null,0,null
3893,"GARCIA CANOVAS, ANTONIO",2021→2022,2021,2022,62026,Apimix - Pienso Completo No Cristaliza- Apicultura,prod_perdido,31.08,null,-31.08,0.042,null,740,null
3855,"APIFERSA APICOLA, S.L.",2021→2022,2021,2022,44313,Apipasta Vitaminas 90% - Pienso para Apicultura,prod_perdido,6336,null,-6336,7.2,null,880,null
203,"MOLINA CARRILLO, ANTONIO",2021→2022,2021,2022,44305,Fructor 10/81 – Pienso completo – Apicultura,prod_perdido,196.25,null,-196.25,0.25,null,785,null
7614,"HIJOS DE FRANCISCO SERRANO, S.A.",2021→2022,2021,2022,60011,Azúcar Líquida Integral de Caña,sin_actividad,0,null,0,0.005,null,0,null
497,"LICORERA ALBELDENSE, S.L.",2021→2022,2021,2022,60010,Azúcar Liquida Neutra S.A.,vol_precio,26736.16,7652.9,-19083.260000000002,57.44,14.86,465.46,515
5787,"FALCON, S.A.",2021→2022,2021,2022,62408,Fondant ES-R04 EN/EL,prod_perdido,39708,null,-39708,57.6,null,689.38,null
2684,"INDUSTRIAS JIJONENCAS, S.A.",2021→2022,2021,2022,42001,Dextrosa C.Monohidrato Maiz Pallet Plast.  CHEP,prod_perdido,7007,null,-7007,11,null,637,null
584,"TROLLI IBERICA, S.A.",2021→2022,2021,2022,40000,Azúcar Blanco EEC Nº 2,vol_precio,320347.18,735045.56,414698.38000000006,597.425,1110.24,536.21,662.06
2728,"BUENDIA ALMAGRO, JUAN FRANCISCO",2021→2022,2021,2022,40200,Azúcar Golden - BIO - ES-ECO-024-MU (Agric No UE),vol_precio,236.25,120.6,-115.65,0.175,0.075,1350,1608
4744,"PEREZ PEREZ, ADRIAN",2021→2022,2021,2022,62026,Apimix - Pienso Completo No Cristaliza- Apicultura,prod_perdido,82.88,null,-82.88,0.112,null,740,null
2748,"NAVARRO SERRA, MIGUEL ANGEL",2021→2022,2021,2022,42000,Dextrosa Cristal Monohidrato Maiz,prod_perdido,85,null,-85,0.125,null,680,null
2971,"PEINADO PEREZ, JOAQUIN",2021→2022,2021,2022,44313,Apipasta Vitaminas 90% - Pienso para Apicultura,prod_perdido,823.5,null,-823.5,0.915,null,900,null
3413,S.C.A. SANTA CRUZ DE ALPERA,2021→2022,2021,2022,40200,Azúcar Golden - BIO - ES-ECO-024-MU (Agric No UE),prod_perdido,2700,null,-2700,2,null,1350,null
7196,"CALVO MARCOS, INES",2021→2022,2021,2022,62020,Mix Fructor Apicultor - Pienso completo - Apicult.,prod_perdido,412.5,null,-412.5,0.75,null,550,null
5270,"CONSERVAS VILAMAJO, S.L.",2021→2022,2021,2022,61170,Mix Maltitol Sorbitol MS 74-8020,prod_perdido,6960,0,-6960,4.8,0,1450,null
2577,"IMPORTACO CASA PONS, S.A.U.",2021→2022,2021,2022,40113,Azúcar Moreno Brown C,prod_perdido,95,null,-95,0.1,null,950,null
248,"CONSERVAS EL VALLE, S.L.",2021→2022,2021,2022,42000,Dextrosa Cristal Monohidrato Maiz,vol_precio,120,525,405,0.125,0.35,960,1500
5445,COMPTOIR APICOLE LANGUEDOCIEN,2021→2022,2021,2022,44314,Apipasta 90% - BIO - Pienso completo - Apicultura,prod_perdido,5040,null,-5040,3.15,null,1600,null
2548,"MEETINGCOOK, S.L.",2021→2022,2021,2022,40110,Azúcar Moreno Brown (Azucarera),vol_precio,385.75,103,-282.75,0.325,0.1,1186.92,1030
790,"ARLUY, S.L.",2021→2022,2021,2022,61200,Fosvitae 85%,vol_precio,16755.95,48587.5,31831.55,9.61,21.125,1743.6,2300
4997,"PRODUCTOS LA MULATA, S.L.",2021→2022,2021,2022,44131,Glucor 37/79,vol_precio,2888.4,5854.8,2966.4,3.6,6,802.33,975.8
1000,CLIENTES VARIOS (CONTADO),2021→2022,2021,2022,42000,Dextrosa Cristal Monohidrato Maiz,prod_perdido,204,null,-204,0.3,null,680,null
3680,"TEJERA MIR, ENRIQUE",2021→2022,2021,2022,44313,Apipasta Vitaminas 90% - Pienso para Apicultura,volumen,37.8,50.4,12.600000000000001,0.045,0.06,840,840
618,"BAYOGAR, S.L.",2021→2022,2021,2022,40000,Azúcar Blanco EEC Nº 2,volumen,50364.9,37656,-12708.900000000001,96.3,72,523,523
7252,"MORENO ORTEGA, ENRIQUE",2021→2022,2021,2022,41000,Fructosa MAIZ Cristal,prod_perdido,54,null,-54,0.05,null,1080,null
7981,"PAVLIK, PETR",2021→2022,2021,2022,44313,Apipasta Vitaminas 90% - Pienso para Apicultura,sin_actividad,0,null,0,0.006,null,0,null
2337,"METAROM IBERICA, S.A.U.",2021→2022,2021,2022,60200,Azúcar Invertido 67º,vol_precio,1954.8,3231.29,1276.49,2.4,3.806,814.5,849
3997,"BRENNTAG QUIMICA, S.A.U.",2021→2022,2021,2022,41000,Fructosa MAIZ Cristal,prod_perdido,17640,null,-17640,24,null,735,null
4383,"MANUFRI, S.L.",2021→2022,2021,2022,60006,A. Líq. Neutra 67 BL BIO- ACB ES-ECO-024-MU(No UE),vol_precio,241000.37,157716.98,-83283.38999999998,223.725,121.632,1077.22,1296.67
7715,"BOGATCEAN, IOANA CRISTINA",2021→2022,2021,2022,44315,Apipasta PLUS - Pienso para Apicultura,vol_precio,3435.6,2662.8,-772.7999999999997,2.52,1.68,1363.33,1585
2836,"ISAXCO CONSULTING, S.L.",2021→2022,2021,2022,64063,Nectar Base 4.1 ULTRA – 69º,prod_perdido,57551.96,null,-57551.96,74.84,null,769,null
2767,"DULCEPLUS GOLOSINAS, S.A.",2021→2022,2021,2022,40000,Azúcar Blanco EEC Nº 2,prod_perdido,320486.4,null,-320486.4,616.32,null,520,null
3478,"APICOLA LA PARRA, S.L.U.",2021→2022,2021,2022,62000,Mix Idoneo - Pienso Completo - Apicultura,vol_precio,18380,23069.5,4689.5,36.28,24.94,506.62,925
3934,"PARDO CARRASCO, VICENTE",2021→2022,2021,2022,40000,Azúcar Blanco EEC Nº 2,prod_perdido,165,null,-165,0.3,null,550,null
5648,"BARAHONA QUINTANA, LUIS",2021→2022,2021,2022,44313,Apipasta Vitaminas 90% - Pienso para Apicultura,prod_perdido,1134,null,-1134,1.05,null,1080,null
5230,"MARCHUET PALMERO, CARLOS",2021→2022,2021,2022,44315,Apipasta PLUS - Pienso para Apicultura,prod_perdido,125.44,null,-125.44,0.098,null,1280,null
4460,"SOLER GELATS I TORRONS, S.L.",2021→2022,2021,2022,65005,Azúcar en polvo LS,prod_perdido,25.5,null,-25.5,0.03,null,850,null
4921,"MARTINEZ CARRASCO, JOSE ANDRES",2021→2022,2021,2022,40201,Azúcar Blanco BIO ES-ECO-024-MU Ag No UE,prod_perdido,101.25,null,-101.25,0.075,null,1350,null
4701,"BROCAL OBRADOR Y RESTAURACION, S.L.",2021→2022,2021,2022,65005,Azúcar en polvo LS,prod_perdido,809.4,null,-809.4,1.065,null,760,null
5566,"COLL VILLAR, ELIAS",2021→2022,2021,2022,62001,Apimix - Pienso completo - Apicultura,prod_perdido,310.8,null,-310.8,0.42,null,740,null
1387,"CHERUBINO VALSANGIACOMO, S.A.",2021→2022,2021,2022,44040,Fructor 42/71,prod_perdido,2678.6,null,-2678.6,4.542,null,589.74,null
4726,CONSORZIO CON LE API,2021→2022,2021,2022,44313,Apipasta Vitaminas 90% - Pienso para Apicultura,vol_precio,32592,7056,-25536,38.85,7.35,838.92,960
5373,"VERTICE DE INNOVACION Y DESAR.DE ALIMENTOS, S.A.U.",2021→2022,2021,2022,65016,Azúcar en polvo LM Pallet PLT,prod_perdido,484.5,null,-484.5,0.51,null,950,null
237,"DULCES SANTA CRUZ, S.L.",2021→2022,2021,2022,43003,Maltitol 55/75,prod_perdido,1495,null,-1495,1.3,null,1150,null
5187,"DISTRIBUCIONES VARPEN, S.L.",2021→2022,2021,2022,44131,Glucor 37/79,prod_perdido,2903.04,null,-2903.04,4.032,null,720,null
3211,"PEREZ BARRERA, FRANCISCO",2021→2022,2021,2022,44015,Fructor 10/77,prod_perdido,15,null,-15,0.02,null,750,null
3754,"MARTINEZ SANCHIS, JOSE VICENTE",2021→2022,2021,2022,44313,Apipasta Vitaminas 90% - Pienso para Apicultura,vol_precio,1741.5,1360.8,-380.70000000000005,1.935,1.26,900,1080
3439,"PEINADO VILLANUEVA, VICENTE",2021→2022,2021,2022,44301,Azucar Blanco – Materia Prima para Piensos,volumen,657,1314,657,0.9,1.8,730,730
450,"LA FLOR BURGALESA, S.L.",2021→2022,2021,2022,99950,Producto de Pruebas Líquido - 1,sin_actividad,0,0,0,0.001,0.001,0,0
4167,"HUELAMO JURADO, MARCOS",2021→2022,2021,2022,62026,Apimix - Pienso Completo No Cristaliza- Apicultura,prod_perdido,31.08,null,-31.08,0.042,null,740,null
5109,"INDUSTRIAS ROKO, S.A.",2021→2022,2021,2022,40350,Azúcar Granulado Extrafino,vol_precio,10267.2,10868.4,601.1999999999989,13.5,8.1,760.53,1341.78
421,"JOSE GARCIA E HIJOS, S.L.",2021→2022,2021,2022,40000,Azúcar Blanco EEC Nº 2,vol_precio,92289,78109.7,-14179.300000000003,170.1,94.4,542.56,827.43
1832,"SIERRAS ANDALUZAS, S.C.A.",2021→2022,2021,2022,44313,Apipasta Vitaminas 90% - Pienso para Apicultura,vol_precio,133266,158445,25179,156.45,148.05,851.81,1070.21
8424,"MISSION FOODS IBERIA, S.A.U.",2021→2022,2021,2022,42000,Dextrosa Cristal Monohidrato Maiz,prod_ganado,0,45850,45850,0.001,50,0,917
827,"TOMAS JIMENEZ, IGNACIO GERMAN",2021→2022,2021,2022,44015,Fructor 10/77,prod_perdido,94,null,-94,0.12,null,783.33,null
1903,"JIMENEZ RECHE, ANTONIO",2021→2022,2021,2022,41000,Fructosa MAIZ Cristal,prod_perdido,81,null,-81,0.075,null,1080,null
4244,"GYG ENVASADOS Y ESTUCHADOS, S.L.",2021→2022,2021,2022,44015,Fructor 10/77,prod_perdido,2617.2,null,-2617.2,3.6,null,727,null
1375,"JACOBO LOZANO, S.L.",2021→2022,2021,2022,60122,"Azúcar PI 73,5-67-C Sin Serigrafiar",vol_precio,1029,2578.1,1549.1,1.4,2.31,735,1116.06
5594,"MONREAL VILAR, JUAN RAMON",2021→2022,2021,2022,40000,Azúcar Blanco EEC Nº 2,prod_perdido,495,null,-495,0.9,null,550,null
6724,"MURCIA MARTINEZ, JOAQUIN",2021→2022,2021,2022,62026,Apimix - Pienso Completo No Cristaliza- Apicultura,prod_perdido,62.16,null,-62.16,0.084,null,740,null
3893,"GARCIA CANOVAS, ANTONIO",2021→2022,2021,2022,62001,Apimix - Pienso completo - Apicultura,prod_perdido,31.08,null,-31.08,0.042,null,740,null
795,"EL QUITERIANO, S.A.",2021→2022,2021,2022,43100,Sorbitol Liquido 70% No cristalizable,sin_actividad,0,null,0,0.001,null,0,null
1932,"MARTINEZ SANDOVAL, ANA MARIA",2021→2022,2021,2022,62001,Apimix - Pienso completo - Apicultura,prod_perdido,936,null,-936,1.2,null,780,null
6399,"NOVA NOVA, GREGORIO",2021→2022,2021,2022,41000,Fructosa MAIZ Cristal,prod_perdido,54,null,-54,0.05,null,1080,null
6460,"PARDO TOLOSA, JUAN",2021→2022,2021,2022,44315,Apipasta PLUS - Pienso para Apicultura,volumen,42.84,1284.78,1241.94,0.028,0.826,1530,1555.42
397,"DISTRIBUCIONES ACEMAN, S.L.",2021→2022,2021,2022,40000,Azúcar Blanco EEC Nº 2,vol_precio,51100.2,15637.5,-35462.7,93.6,22.5,545.94,695
1442,"SALINAS MARTINEZ, PEDRO ANTONIO",2021→2022,2021,2022,44313,Apipasta Vitaminas 90% - Pienso para Apicultura,prod_perdido,945,null,-945,1.05,null,900,null
541,"PANYPAST GRANADA, S.L.",2021→2022,2021,2022,44015,Fructor 10/77,prod_perdido,178.5,null,-178.5,0.21,null,850,null
2767,"DULCEPLUS GOLOSINAS, S.A.",2021→2022,2021,2022,60105,"Azúcar PI 73,5-67",vol_precio,21772.8,12288.91,-9483.89,30,11.158,725.76,1101.35
5045,"DADELOS AGRICOLA, S.L.",2021→2022,2021,2022,44303,Fructosa Cristal – Materia Prima para Piensos,vol_precio,47817,62370,14553,69.3,46.2,690,1350
2281,"HORCHATA JUAN`S, S.L.",2021→2022,2021,2022,43000,Maltitol Liquido 75-5308,sin_actividad,0,null,0,0.001,null,0,null
3477,"NICOPAN ESPAÑA, S.L.",2021→2022,2021,2022,60121,"Azúcar PI 73,5-67 Pallet EUR Plast.CHEP",vol_precio,16213.75,34939.8,18726.050000000003,21.574,25.2,751.54,1386.5
7670,SOCIETA AGRICOLA APICAM DI ANGELO,2021→2022,2021,2022,44313,Apipasta Vitaminas 90% - Pienso para Apicultura,prod_perdido,19728,null,-19728,20.55,null,960,null
7699,"TEJERA MARTINEZ, DAVID ANGEL",2021→2022,2021,2022,41000,Fructosa MAIZ Cristal,prod_perdido,162,null,-162,0.15,null,1080,null
4710,"VICENTE PONCE, GERMAN",2021→2022,2021,2022,44313,Apipasta Vitaminas 90% - Pienso para Apicultura,prod_perdido,324,null,-324,0.36,null,900,null
4288,GARCIA IGLESIAS. LARA,2021→2022,2021,2022,40110,Azúcar Moreno Brown (Azucarera),vol_precio,60,25.75,-34.25,0.05,0.025,1200,1030
7833,"TRAVER MARTINEZ, ENRIQUE",2021→2022,2021,2022,62001,Apimix - Pienso completo - Apicultura,prod_perdido,780,null,-780,1.2,null,650,null
7851,"MARTINEZ CERVANTES, CAROLINA",2021→2022,2021,2022,62001,Apimix - Pienso completo - Apicultura,prod_perdido,205.8,null,-205.8,0.294,null,700,null
5224,"JESUS CANO NCR, S.L.",2021→2022,2021,2022,42000,Dextrosa Cristal Monohidrato Maiz,vol_precio,4537,2667.5,-1869.5,5.9,2.5,768.98,1067
3924,"GRAS LOPEZ, MIGUEL",2021→2022,2021,2022,44315,Apipasta PLUS - Pienso para Apicultura,prod_perdido,17.92,null,-17.92,0.014,null,1280,null
590,"CERAS ARRUFAT, S.L.",2021→2022,2021,2022,44015,Fructor 10/77,prod_perdido,153.6,null,-153.6,0.24,null,640,null
418,"MANUFACTURAS CEYLAN, S.L.",2021→2022,2021,2022,65007,Azúcar en polvo LS Pallet Plast. CHEP,vol_precio,102699.68,201670.95,98971.27000000002,141.585,185.205,725.36,1088.91
4587,"CARMAX GLASS, S.L.",2021→2022,2021,2022,44315,Apipasta PLUS - Pienso para Apicultura,vol_precio,3241,10307.92,7066.92,2.45,6.174,1322.86,1669.57
5002,"CERVEZAS FERNANDEZ PONS, S.L.",2021→2022,2021,2022,40201,Azúcar Blanco BIO ES-ECO-024-MU Ag No UE,volumen,1628,296,-1332,1.1,0.2,1480,1480
5025,"LUJAN LOPEZ, JOSE LUIS",2021→2022,2021,2022,62001,Apimix - Pienso completo - Apicultura,prod_perdido,145.04,null,-145.04,0.196,null,740,null
3050,"APICOLA  ALONSAN, S.COOP",2021→2022,2021,2022,62026,Apimix - Pienso Completo No Cristaliza- Apicultura,prod_perdido,32921.04,null,-32921.04,71.88,null,458,null
473,"MAZALMENDRA, S.L.",2021→2022,2021,2022,43000,Maltitol Liquido 75-5308,prod_perdido,2771.5,null,-2771.5,2.41,null,1150,null
2525,"COMERCIAL APICOLA ROSSEND MARGALEF, S.L.",2021→2022,2021,2022,44313,Apipasta Vitaminas 90% - Pienso para Apicultura,vol_precio,7371,15660,8289,8.4,13.875,877.5,1128.65
7841,"YAGÜE JORDANA, JULIO",2021→2022,2021,2022,40200,Azúcar Golden - BIO - ES-ECO-024-MU (Agric No UE),prod_perdido,1350,null,-1350,1,null,1350,null
7390,"ESTEVE-HITA, S.L.",2021→2022,2021,2022,40201,Azúcar Blanco BIO ES-ECO-024-MU Ag No UE,prod_perdido,168.75,null,-168.75,0.125,null,1350,null
8427,"GARCIA LUENGO, ALBERTO",2021→2022,2021,2022,44303,Fructosa Cristal – Materia Prima para Piensos,prod_perdido,1280,null,-1280,1,null,1280,null
8239,"NATURA FEED, LTD",2021→2022,2021,2022,44313,Apipasta Vitaminas 90% - Pienso para Apicultura,sin_actividad,0,null,0,0.004,null,0,null
2855,"AGRO CONTROL 2007, S,L.",2021→2022,2021,2022,42000,Dextrosa Cristal Monohidrato Maiz,vol_precio,13707.75,17937.5,4229.75,19.975,17.5,686.25,1025
4002,"ABB MJ FERNANDEZ ARANDA, S.L.",2021→2022,2021,2022,40000,Azúcar Blanco EEC Nº 2,vol_precio,1313018.3,731422.45,-581595.8500000001,2607.24,898.4,503.6,814.14
4701,"BROCAL OBRADOR Y RESTAURACION, S.L.",2021→2022,2021,2022,60114,"Azúcar PI 73,5-67-C",vol_precio,333.2,220.5,-112.69999999999999,0.392,0.21,850,1050
2836,"ISAXCO CONSULTING, S.L.",2021→2022,2021,2022,61200,Fosvitae 85%,sin_actividad,0,null,0,0.001,null,0,null
566,"ALMACENES MIGUEZ 2005,S.L.",2021→2022,2021,2022,62001,Apimix - Pienso completo - Apicultura,vol_precio,9098.8,5585.74,-3513.0599999999995,14.08,6.158,646.22,907.07
4701,"BROCAL OBRADOR Y RESTAURACION, S.L.",2021→2022,2021,2022,40110,Azúcar Moreno Brown (Azucarera),vol_precio,230,90,-140,0.25,0.075,920,1200
3225,"SURIVAN FEEL THE TASTE, S.L.",2021→2022,2021,2022,40111,Azúcar Moreno Brown (Alvean),prod_perdido,83.4,null,-83.4,0.1,null,834,null
6656,"BAOR PRODUCTS, S.L.",2021→2022,2021,2022,99950,Producto de Pruebas Líquido - 1,sin_actividad,0,null,0,0.002,null,0,null
3812,SIERRA MIEL SDAD. COOP.,2021→2022,2021,2022,40000,Azúcar Blanco EEC Nº 2,prod_perdido,27795,null,-27795,48.3,null,575.47,null
6768,"ARGENTE SORIANO, JAVIER",2021→2022,2021,2022,40000,Azúcar Blanco EEC Nº 2,prod_perdido,96.25,null,-96.25,0.175,null,550,null
6130,HAPPY VALLEY HONEY LIMITED,2021→2022,2021,2022,44313,Apipasta Vitaminas 90% - Pienso para Apicultura,vol_precio,7560,8599.5,1039.5,8.4,7.35,900,1170
8266,"MUÑOZ MARCHENA, ELENA",2021→2022,2021,2022,44313,Apipasta Vitaminas 90% - Pienso para Apicultura,prod_perdido,2376,null,-2376,2.7,null,880,null
7614,"HIJOS DE FRANCISCO SERRANO, S.A.",2021→2022,2021,2022,60010,Azúcar Liquida Neutra S.A.,vol_precio,100903.54,134655.42,33751.88000000002,245.22,225.34,411.48,597.57
282,"PRODUCTOS LOZANO, S.L.",2021→2022,2021,2022,44010,Fructor 10/81,vol_precio,1404,3276,1872,2.4,3.6,585,910
7496,"LA CENTRAL 3.0 - NOVA DISTRIBUTION, S.L.",2021→2022,2021,2022,65005,Azúcar en polvo LS,sin_actividad,0,null,0,0.001,null,0,null
2644,"BELMONTE SEVA, JUAN ANTONIO",2021→2022,2021,2022,62001,Apimix - Pienso completo - Apicultura,prod_perdido,211.82,null,-211.82,0.238,null,890,null
3477,"NICOPAN ESPAÑA, S.L.",2021→2022,2021,2022,61228,Fosvitae 95% Plus,prod_perdido,180.48,null,-180.48,0.08,null,2256,null
1786,"ANITIN PANES ESPECIALES, S.L.",2021→2022,2021,2022,40000,Azúcar Blanco EEC Nº 2,vol_precio,196612,173801.35,-22810.649999999994,377.7,211.575,520.55,821.46
8042,API FACTORY,2021→2022,2021,2022,44315,Apipasta PLUS - Pienso para Apicultura,vol_precio,1999.2,1284.36,-714.8400000000001,1.68,0.84,1190,1529
239,"ASOCIACION DE APICULTORES DE VIZCAYA, B.E.",2021→2022,2021,2022,44313,Apipasta Vitaminas 90% - Pienso para Apicultura,vol_precio,2886,22266,19380,3,16.5,962,1349.45
2553,"ESTEVE TORTOSA, TIMOTEO",2021→2022,2021,2022,62026,Apimix - Pienso Completo No Cristaliza- Apicultura,prod_perdido,1560,null,-1560,2.4,null,650,null
2283,"ROENCAR, S.L.U.",2021→2022,2021,2022,41000,Fructosa MAIZ Cristal,precio,732.8,1024.2,291.4000000000001,0.8,0.8,916,1280.25
7189,"PASTISART IBERIA, S.L.U",2021→2022,2021,2022,44120,Glucor 45/80,sin_actividad,0,null,0,0.001,null,0,null
5404,"GARCIA GIRONES, CARLOS",2021→2022,2021,2022,62001,Apimix - Pienso completo - Apicultura,prod_perdido,31.08,null,-31.08,0.042,null,740,null
3504,"CIFRE ALMONACIL, RAFAEL",2021→2022,2021,2022,40000,Azúcar Blanco EEC Nº 2,prod_perdido,219,null,-219,0.3,null,730,null
4852,"ABELLAIRES EMPORDANESOS, S.A.T.",2021→2022,2021,2022,62026,Apimix - Pienso Completo No Cristaliza- Apicultura,prod_perdido,20.72,null,-20.72,0.028,null,740,null
1284,"FRUTAS Y TURRONES, S.A.",2021→2022,2021,2022,43000,Maltitol Liquido 75-5308,vol_precio,9360,9685,325,7.2,6.5,1300,1490
6235,"ATRILE 21, S.L.",2021→2022,2021,2022,65005,Azúcar en polvo LS,vol_precio,1476.15,909.68,-566.4700000000001,1.95,0.975,757,933.01
7611,DPTO. CALIDAD,2021→2022,2021,2022,62026,Apimix - Pienso Completo No Cristaliza- Apicultura,sin_actividad,0,null,0,0.378,null,0,null
3966,"BODEGAS FERNANDO CASTRO, S.L.",2021→2022,2021,2022,60103,Azúcar PI 70-30,prod_perdido,2482.65,null,-2482.65,3.678,null,675,null
211,"MARTINEZ NIETO, S.A.",2021→2022,2021,2022,41000,Fructosa MAIZ Cristal,prod_perdido,5900,null,-5900,5,null,1180,null
455,"EMILIO PEÑA, S.A.",2021→2022,2021,2022,60105,"Azúcar PI 73,5-67",vol_precio,6684,31281.12,24597.12,9.601,28.28,696.18,1106.12
2903,"MEDITERRANEA MELLIS, S.L.",2021→2022,2021,2022,61197,Mixco Sweet Plus 82-05.5041,vol_precio,630301.8,1039825.76,409523.95999999996,789.22,937.94,798.64,1108.63
6397,"LOPEZ GUTIERREZ, IGOR",2021→2022,2021,2022,44313,Apipasta Vitaminas 90% - Pienso para Apicultura,vol_precio,459,437.4,-21.600000000000023,0.51,0.405,900,1080
2366,"TEGAN BIPAL, S.L.",2021→2022,2021,2022,41000,Fructosa MAIZ Cristal,vol_precio,2160,2315,155,2,2.25,1080,1028.89
1826,"HERO ESPAÑA, S.A",2021→2022,2021,2022,60200,Azúcar Invertido 67º,prod_perdido,1728,null,-1728,2.4,null,720,null
5892,"DISTRIBUCIONES BOLLFROST, S.L.",2021→2022,2021,2022,60105,"Azúcar PI 73,5-67",precio,972,1212,240,1.2,1.2,810,1010
7671,"PETROV VALKOV, PLAMEN",2021→2022,2021,2022,44313,Apipasta Vitaminas 90% - Pienso para Apicultura,precio,81,97.2,16.200000000000003,0.09,0.09,900,1080
6365,S.C.A. CAMPO MUSEO DE LA MIEL RANCHO CORTESANO,2021→2022,2021,2022,44314,Apipasta 90% - BIO - Pienso completo - Apicultura,vol_precio,3570,4279.05,709.0500000000002,2.1,2.055,1700,2082.26
5313,"AGROZYMES, S.L.",2021→2022,2021,2022,44015,Fructor 10/77,prod_perdido,67.2,null,-67.2,0.112,null,600,null
7880,"DULCES EL AVION, S.A.",2021→2022,2021,2022,43000,Maltitol Liquido 75-5308,vol_precio,17127,1878,-15249,17.3,1.2,990,1565
7326,"ACTIVA FOOD TECH, S.A.",2021→2022,2021,2022,61228,Fosvitae 95% Plus,sin_actividad,0,null,0,0.001,null,0,null
1079,"TEJEDOR RUIZ, MIGUEL",2021→2022,2021,2022,40000,Azúcar Blanco EEC Nº 2,prod_perdido,567,null,-567,0.9,null,630,null
4817,"PARIENTE JIMENEZ, ANTONIO",2021→2022,2021,2022,44015,Fructor 10/77,prod_perdido,210,null,-210,0.28,null,750,null
7937,"ANTONIO Y PURI TORRES, S.L.",2021→2022,2021,2022,61142,Mixco Sweet 70-00.4252,vol_precio,5598.6,7473.2,1874.5999999999995,12.04,12.56,465,595
1752,"ROYMY 21, S.L",2021→2022,2021,2022,43100,Sorbitol Liquido 70% No cristalizable,vol_precio,80590.05,98604,18013.949999999997,93.495,99.6,861.97,990
4505,"FIESTA COLOMBINA, S.L.U.",2021→2022,2021,2022,44131,Glucor 37/79,vol_precio,40145.92,90585.26,50439.34,62.728,147.054,640,616
6814,LUCK & FALCAO LDA,2021→2022,2021,2022,43000,Maltitol Liquido 75-5308,prod_perdido,110,null,-110,0.1,null,1100,null
4927,"MESEGUER FRANCO, ANA BELEN",2021→2022,2021,2022,62026,Apimix - Pienso Completo No Cristaliza- Apicultura,prod_perdido,507.64,null,-507.64,0.686,null,740,null
452,"TEICHENNE, S.A.",2021→2022,2021,2022,60010,Azúcar Liquida Neutra S.A.,vol_precio,216249.18,152285.06,-63964.119999999995,494.9,248.54,436.96,612.72
762,"VIOKOX, S.A",2021→2022,2021,2022,44111,Glucor 60/82,vol_precio,2416.8,2196,-220.80000000000018,3.36,2.4,719.29,915
2748,"NAVARRO SERRA, MIGUEL ANGEL",2021→2022,2021,2022,44010,Fructor 10/81,prod_perdido,172.5,null,-172.5,0.25,null,690,null
7886,"UNION VINICOLA DEL ESTE, S. L.",2021→2022,2021,2022,40201,Azúcar Blanco BIO ES-ECO-024-MU Ag No UE,sin_actividad,0,null,0,0.001,null,0,null
1023,"TORRONS VICENS, S.L.",2021→2022,2021,2022,61184,Mixco Sweet 74-44.1225,vol_precio,38091.05,107769.08,69678.03,95.69,143.56,398.07,750.69
8027,"CALAF NUANCES, S.L.",2021→2022,2021,2022,61228,Fosvitae 95% Plus,sin_actividad,0,null,0,0.001,null,0,null
7980,"AQUAPOOL CHEMICAL, S.L.",2021→2022,2021,2022,99950,Producto de Pruebas Líquido - 1,sin_actividad,0,null,0,0.001,null,0,null
205,"ROBERTO REQUENA, S.L.",2021→2022,2021,2022,40350,Azúcar Granulado Extrafino,sin_actividad,0,null,0,0.001,null,0,null
4881,"MESEGUER RODES, ANTONIO",2021→2022,2021,2022,44315,Apipasta PLUS - Pienso para Apicultura,prod_perdido,236.04,null,-236.04,0.168,null,1405,null
7927,"BARAHONA COELLO, MARCIA CRISTINA",2021→2022,2021,2022,62026,Apimix - Pienso Completo No Cristaliza- Apicultura,prod_perdido,157.5,null,-157.5,0.25,null,630,null
450,"LA FLOR BURGALESA, S.L.",2021→2022,2021,2022,42000,Dextrosa Cristal Monohidrato Maiz,prod_perdido,3708,null,-3708,6,null,618,null
3921,"IBERFRUTA MUERZA, S.A.",2021→2022,2021,2022,43000,Maltitol Liquido 75-5308,vol_precio,20476.8,52757.97,32281.170000000002,21.6,36.21,948,1457
1281,"PRODUCTOS CHURRUCA, S.A.",2021→2022,2021,2022,65005,Azúcar en polvo LS,prod_perdido,9301.5,0,-9301.5,11.7,0,795,null
436,"TURRONES JOSE GARRIGOS, S.A.",2021→2022,2021,2022,60119,Azúcar PI 74-50,vol_precio,7505.25,287214.88,279709.63,12.018,548.12,624.5,524
2836,"ISAXCO CONSULTING, S.L.",2021→2022,2021,2022,61228,Fosvitae 95% Plus,sin_actividad,0,null,0,0.001,null,0,null
1673,"RIQUELME ALACID, DOLORES ",2021→2022,2021,2022,44313,Apipasta Vitaminas 90% - Pienso para Apicultura,vol_precio,1490.4,550.8,-939.6000000000001,1.515,0.51,983.76,1080
7564,"CONSTRUCCIONES Y COMERCIO HERBU, S.L.",2021→2022,2021,2022,62001,Apimix - Pienso completo - Apicultura,prod_perdido,186.48,null,-186.48,0.252,null,740,null
523,"CORALIM INGREDIENTS, S.L.",2021→2022,2021,2022,42000,Dextrosa Cristal Monohidrato Maiz,prod_perdido,79.5,null,-79.5,0.101,null,787.13,null
5710,"BEACHOGA DHUN NA NGALL; DONEGAL BEES, LTD.",2021→2022,2021,2022,62027,Apimix Pienso Completo (ESP-ENG),precio,1612.8,2124.36,511.5600000000002,2.52,2.52,640,843
6208,"QUILES MOLINES, JOSE ANTONIO",2021→2022,2021,2022,40203,Azúcar BIO 300-500 -ES-ECO-024-MU (Agric No EU),prod_perdido,438.75,null,-438.75,0.325,null,1350,null
426,"CONSERVAS CYDONIA, S.A.",2021→2022,2021,2022,60200,Azúcar Invertido 67º,prod_perdido,3315.65,null,-3315.65,5.101,null,650,null
7829,"ORANGE VALENCIA WORLD, S.L. ",2021→2022,2021,2022,61237,Base Neutra MOP5050,sin_actividad,0,null,0,0.001,null,0,null
5245,"ELGORRIAGA BRANDS, S.A.",2021→2022,2021,2022,43050,Maltitol en Polvo,prod_perdido,1587,null,-1587,1,null,1587,null
8133,"WINBI AGUADEMAR LABORATORIO, S.L.",2021→2022,2021,2022,41000,Fructosa MAIZ Cristal,prod_perdido,27.75,null,-27.75,0.025,null,1110,null
2836,"ISAXCO CONSULTING, S.L.",2021→2022,2021,2022,64067,Nectar Base 4.1 PLUS - 68º brix,prod_perdido,18490.32,null,-18490.32,25.26,null,732,null
3699,"GONZALEZ CARBALLAL, S.L.",2021→2022,2021,2022,44313,Apipasta Vitaminas 90% - Pienso para Apicultura,vol_precio,197849.28,273294,75444.72,234.9,262.5,842.27,1041.12
4244,"GYG ENVASADOS Y ESTUCHADOS, S.L.",2021→2022,2021,2022,40000,Azúcar Blanco EEC Nº 2,prod_perdido,154129.5,null,-154129.5,292.83,null,526.34,null
1375,"JACOBO LOZANO, S.L.",2021→2022,2021,2022,62413,Fondant ES-R04 - Jacobo Lozano (Etiq. Cliente),vol_precio,10134,15371.1,5237.1,13.2,12.54,767.73,1225.77
2832,DULCES LA ABUELA COOP VNA,2021→2022,2021,2022,62401,Fondant ES-R02,vol_precio,8064,14629.47,6565.469999999999,8.4,12.015,960,1217.6
1387,"CHERUBINO VALSANGIACOMO, S.A.",2021→2022,2021,2022,60105,"Azúcar PI 73,5-67",sin_actividad,0,null,0,0.001,null,0,null
1202,"APIGLASS ENVAS. Y MAT. APICOLA, S.L.",2021→2022,2021,2022,62030,Mix Apiglass,vol_precio,8341.25,14772.99,6431.74,12.177,16.479,685,896.47
4651,"DOMINGUEZ ROMERO, JOSE JAVIER",2021→2022,2021,2022,44313,Apipasta Vitaminas 90% - Pienso para Apicultura,prod_perdido,13.5,null,-13.5,0.015,null,900,null
1787,"DULCES DEL TURIA, S.L.",2021→2022,2021,2022,62403,Fondant ES-R04,sin_actividad,0,null,0,0.015,null,0,null
4738,"KATIGRES, S.L.",2021→2022,2021,2022,43100,Sorbitol Liquido 70% No cristalizable,vol_precio,2280,4476,2196,2.4,3.6,950,1243.33
4542,"COMERCIAL FONT, C.B.",2021→2022,2021,2022,40110,Azúcar Moreno Brown (Azucarera),volumen,1842.5,742.5,-1100,1.675,0.675,1100,1100
1661,"DELAVIUDA ALIMENTACION, S.A",2021→2022,2021,2022,40111,Azúcar Moreno Brown (Alvean),sin_actividad,0,null,0,0.006,null,0,null
1202,"APIGLASS ENVAS. Y MAT. APICOLA, S.L.",2021→2022,2021,2022,62001,Apimix - Pienso completo - Apicultura,prod_perdido,596.4,null,-596.4,0.84,null,710,null
4331,"MIR MONTAÑES, LLUIS",2021→2022,2021,2022,44315,Apipasta PLUS - Pienso para Apicultura,prod_perdido,171.78,null,-171.78,0.126,null,1363.33,null
3200,"PEINADO HERNANDEZ, EDUARDO",2021→2022,2021,2022,62026,Apimix - Pienso Completo No Cristaliza- Apicultura,prod_perdido,720,null,-720,1.2,null,600,null
2392,"COATO, S.C.L.",2021→2022,2021,2022,40203,Azúcar BIO 300-500 -ES-ECO-024-MU (Agric No EU),vol_precio,405,153.8,-251.2,0.3,0.1,1350,1538
6201,"OVALLE BOSQUE Y JARDIN, S.L.",2021→2022,2021,2022,44313,Apipasta Vitaminas 90% - Pienso para Apicultura,precio,162,232.5,70.5,0.15,0.15,1080,1550
541,"PANYPAST GRANADA, S.L.",2021→2022,2021,2022,62400,Fondant ES-R01,vol_precio,3553.65,3436.8,-116.84999999999991,4.463,2.88,796.25,1193.33
6314,"LOPEZ AGUDO, PILAR",2021→2022,2021,2022,44314,Apipasta 90% - BIO - Pienso completo - Apicultura,vol_precio,1031.4,338.25,-693.1500000000001,0.555,0.15,1858.38,2255
7381,"MORENO GOMEZ, RAMON",2021→2022,2021,2022,40260,Melaza de Caña,prod_perdido,63.2,null,-63.2,0.08,null,790,null
874,"COMERCIAL MAPROHELCO, S.L.",2021→2022,2021,2022,60114,"Azúcar PI 73,5-67-C",vol_precio,872.2,910,37.799999999999955,0.98,0.7,890,1300
7440,"LOPEZ FOOD GROUP, S.L.",2021→2022,2021,2022,60105,"Azúcar PI 73,5-67",vol_precio,98706.75,139545.4,40838.649999999994,141.61,150.827,697.03,925.2
1000,CLIENTES VARIOS (CONTADO),2021→2022,2021,2022,44310,Apipasta 90% - Pienso completo - Apicultura,vol_precio,226.5,204.75,-21.75,0.24,0.195,943.75,1050
7834,"LLORENS CASANOVA, SILVIA",2021→2022,2021,2022,40200,Azúcar Golden - BIO - ES-ECO-024-MU (Agric No UE),prod_perdido,33.75,null,-33.75,0.025,null,1350,null
7801,"BAKHOUCH MARGHADI, HASSAN ",2021→2022,2021,2022,62001,Apimix - Pienso completo - Apicultura,prod_perdido,498.4,null,-498.4,0.56,null,890,null
8388,"LOPEZ MARTINEZ, MARIA ROSA",2021→2022,2021,2022,44301,Azucar Blanco – Materia Prima para Piensos,prod_perdido,219,null,-219,0.3,null,730,null
1551,"MENSAJERO ALIMENTACION, S.L",2021→2022,2021,2022,40000,Azúcar Blanco EEC Nº 2,prod_perdido,56670.48,null,-56670.48,105.8,null,535.64,null
4701,"BROCAL OBRADOR Y RESTAURACION, S.L.",2021→2022,2021,2022,44015,Fructor 10/77,prod_perdido,10.36,null,-10.36,0.014,null,740,null
3381,"TEMPORAL LOPEZ, ANTONIO",2021→2022,2021,2022,62001,Apimix - Pienso completo - Apicultura,prod_perdido,93.24,null,-93.24,0.126,null,740,null
3187,"AZELIS ESPAÑA, S.A.",2021→2022,2021,2022,60114,"Azúcar PI 73,5-67-C",precio,607.6,764.4,156.79999999999995,0.98,0.98,620,780
430,"MONZO LUIS, S.L.",2021→2022,2021,2022,61228,Fosvitae 95% Plus,vol_precio,5376.33,2760,-2616.33,2.542,1.2,2115,2300
566,"ALMACENES MIGUEZ 2005,S.L.",2021→2022,2021,2022,44314,Apipasta 90% - BIO - Pienso completo - Apicultura,sin_actividad,0,null,0,0,null,null,null
499,"MELS CARLET, S.L.",2021→2022,2021,2022,44306,Fructor 10/77 - Pienso completo – Apicultura,vol_precio,17010.56,15660.8,-1349.760000000002,35.218,24.47,483.01,640
5857,"MARCO BIENDICHO, NOEL",2021→2022,2021,2022,62026,Apimix - Pienso Completo No Cristaliza- Apicultura,prod_perdido,780,null,-780,1.2,null,650,null
8278,"GRUPO OSBORNE, S.A.",2021→2022,2021,2022,60010,Azúcar Liquida Neutra S.A.,prod_perdido,113574.4,null,-113574.4,243.2,null,467,null
6191,"LIZASOAIN BALEZTENA, MIREN",2021→2022,2021,2022,44314,Apipasta 90% - BIO - Pienso completo - Apicultura,vol_precio,805.5,1581,775.5,0.45,0.75,1790,2108
2287,"RODRIGUEZ BLANCO, ASUNCION",2021→2022,2021,2022,42000,Dextrosa Cristal Monohidrato Maiz,prod_perdido,396,null,-396,0.525,null,754.29,null
846,"PRODUCTOS ORGANICOS NAT.,S.L.",2021→2022,2021,2022,41000,Fructosa MAIZ Cristal,prod_perdido,1179.75,null,-1179.75,0.825,null,1430,null
7455,"PALMER CALABUIG, JOSE JUAN",2021→2022,2021,2022,62000,Mix Idoneo - Pienso Completo - Apicultura,prod_perdido,355,null,-355,0.5,null,710,null
6336,"AGRICOLA RODENAS DALMAU, S.L.",2021→2022,2021,2022,62001,Apimix - Pienso completo - Apicultura,prod_perdido,207.2,null,-207.2,0.28,null,740,null
8101,"PROTEUS SNA, S.L.U.",2021→2022,2021,2022,40201,Azúcar Blanco BIO ES-ECO-024-MU Ag No UE,sin_actividad,0,null,0,12.275,null,0,null
7185,"ILE AGROCENTRO LEON, S.L.",2021→2022,2021,2022,60004,Az.Líq.Neutra 67º BIO PIENSO COMPLETO - APICULTURA,prod_perdido,1524,null,-1524,1.2,null,1270,null
2528,"MORATALLA FERNANDEZ, RAFAEL",2021→2022,2021,2022,62026,Apimix - Pienso Completo No Cristaliza- Apicultura,prod_perdido,780,null,-780,1.2,null,650,null
7912,"HUELLA ECOLOGICA, S.L.",2021→2022,2021,2022,60105,"Azúcar PI 73,5-67",sin_actividad,0,null,0,0.001,null,0,null
248,"CONSERVAS EL VALLE, S.L.",2021→2022,2021,2022,61170,Mix Maltitol Sorbitol MS 74-8020,vol_precio,2533,3816,1283,1.7,2.4,1490,1590
1202,"APIGLASS ENVAS. Y MAT. APICOLA, S.L.",2021→2022,2021,2022,44313,Apipasta Vitaminas 90% - Pienso para Apicultura,vol_precio,37074,102700.5,65626.5,41.4,86.1,895.51,1192.8
5819,"CASTELLON AGUILAR, FRANCISCO JAVIER",2021→2022,2021,2022,60105,"Azúcar PI 73,5-67",prod_perdido,714,null,-714,0.84,null,850,null
2887,"BIOSEARCH, S.A.U.",2021→2022,2021,2022,42000,Dextrosa Cristal Monohidrato Maiz,vol_precio,7570,13780,6210,10,13,757,1060
3154,"FRIAS NUTRICION, S.A.",2021→2022,2021,2022,44093,Fructor 100/80,vol_precio,159325.36,363276.52,203951.16000000003,262.48,430.12,607,844.59
4706,"HERMINIO MENDAÑA, S.L.",2021→2022,2021,2022,65005,Azúcar en polvo LS,prod_perdido,656.1,null,-656.1,0.9,null,729,null
3478,"APICOLA LA PARRA, S.L.U.",2021→2022,2021,2022,44310,Apipasta 90% - Pienso completo - Apicultura,vol_precio,5052,24853.5,19801.5,6.315,22.05,800,1127.14
7868,GENBA TASTE,2021→2022,2021,2022,62850,Sirope Sabor Miel Light,sin_actividad,0,null,0,0.001,null,0,null
6355,"DE LA IGLESIA ROMERO, Mª DOLORES",2021→2022,2021,2022,62001,Apimix - Pienso completo - Apicultura,prod_perdido,310.8,null,-310.8,0.42,null,740,null
2975,"ARTUKOLUKE, S.L.",2021→2022,2021,2022,44314,Apipasta 90% - BIO - Pienso completo - Apicultura,vol_precio,3570,14248.5,10678.5,2.1,7.35,1700,1938.57
2053,"MANUEL BUSTO AMANDI, S.A.",2021→2022,2021,2022,40000,Azúcar Blanco EEC Nº 2,prod_perdido,43665.3,null,-43665.3,71.7,null,609,null
2273,"REYES GEA, JOSE ANTONIO",2021→2022,2021,2022,44313,Apipasta Vitaminas 90% - Pienso para Apicultura,prod_perdido,67.5,null,-67.5,0.075,null,900,null
488,SDAD. COOP. APICOLA DE ESPAÑA,2021→2022,2021,2022,44313,Apipasta Vitaminas 90% - Pienso para Apicultura,vol_precio,5796,15351,9555,6.3,12.6,920,1218.33
1149,"UNION GENIL, S.C.A",2021→2022,2021,2022,41001,Fructosa MAIZ Cristal Pallet CHEP Plastico,volumen,882,3528,2646,1,4,882,882
5892,"DISTRIBUCIONES BOLLFROST, S.L.",2021→2022,2021,2022,40000,Azúcar Blanco EEC Nº 2,vol_precio,26550,23157,-3393,43.2,26.1,614.58,887.24
559,"DULCES OLMEDO GARCIA, S.L.",2021→2022,2021,2022,65016,Azúcar en polvo LM Pallet PLT,vol_precio,57119.4,106470,49350.6,73.23,68.25,780,1560
2473,"TORRE ORIA, S.L.U.",2021→2022,2021,2022,40200,Azúcar Golden - BIO - ES-ECO-024-MU (Agric No UE),prod_perdido,14280,null,-14280,12,null,1190,null
2044,"MAGDALENAS DE LAS HERAS, S.A",2021→2022,2021,2022,44015,Fructor 10/77,sin_actividad,0,null,0,0.001,null,0,null
1989,"CORTES RAMADA, CESAR",2021→2022,2021,2022,44313,Apipasta Vitaminas 90% - Pienso para Apicultura,prod_perdido,54,null,-54,0.06,null,900,null
6059,"SONG NGUYEN LAM CO., LTD",2021→2022,2021,2022,65100,Stevia & Fibra,sin_actividad,0,null,0,0.001,null,0,null
8364,"VALVÍE- INDÚSTRIA ALIMENTAR, LDA.",2021→2022,2021,2022,61177,Mixco Sweet 81-00.0932 A-MI,vol_precio,1163.5,1242,78.5,1.3,1.2,895,1035
3014,"NAVALON REIG, JOSE",2021→2022,2021,2022,44313,Apipasta Vitaminas 90% - Pienso para Apicultura,volumen,3307.5,4420.5,1113,3.15,4.2,1050,1052.5
4187,"AMILCAR & MORGADO, LDA",2021→2022,2021,2022,40000,Azúcar Blanco EEC Nº 2,prod_perdido,25563.6,null,-25563.6,48.6,null,526,null
1786,"ANITIN PANES ESPECIALES, S.L.",2021→2022,2021,2022,60105,"Azúcar PI 73,5-67",prod_perdido,13.3,0,-13.3,0.014,0.014,950,0
6201,"OVALLE BOSQUE Y JARDIN, S.L.",2021→2022,2021,2022,44310,Apipasta 90% - Pienso completo - Apicultura,precio,157.5,229.5,72,0.15,0.15,1050,1530
5544,"NAVARRO SANCHEZ, VICENTE",2021→2022,2021,2022,44315,Apipasta PLUS - Pienso para Apicultura,prod_perdido,3225.6,null,-3225.6,2.52,null,1280,null
297,"TARBAL FOOD, S.L.",2021→2022,2021,2022,40000,Azúcar Blanco EEC Nº 2,vol_precio,11805,13615,1810,18,14.3,655.83,952.1
322,"OLEORRESINAS MAR MENOR, S.L.",2021→2022,2021,2022,40000,Azúcar Blanco EEC Nº 2,vol_precio,8686.8,12742.8,4056,14.4,14.7,603.25,866.86
283,"BOLLERIA BJV, S.L.",2021→2022,2021,2022,40110,Azúcar Moreno Brown (Azucarera),volumen,316.25,1035,718.75,0.275,0.9,1150,1150
992,"ED & F MAN ESPAÑA, S.A.",2021→2022,2021,2022,40000,Azúcar Blanco EEC Nº 2,prod_perdido,757310.4,null,-757310.4,1502.6,null,504,null
4369,"LA TIENDA DEL APICULTOR, S.L.U.",2021→2022,2021,2022,41000,Fructosa MAIZ Cristal,prod_perdido,490,null,-490,0.5,null,980,null
499,"MELS CARLET, S.L.",2021→2022,2021,2022,61186,Mixco Sweet 81-00.0932,sin_actividad,0,null,0,0.001,null,0,null
4954,"SAIZ CAÑAS, TEODORA",2021→2022,2021,2022,44313,Apipasta Vitaminas 90% - Pienso para Apicultura,vol_precio,202.5,650.85,448.35,0.225,0.57,900,1141.84
4487,"SANCHO ZOMEÑO, RAUL",2021→2022,2021,2022,62001,Apimix - Pienso completo - Apicultura,vol_precio,186.48,174.44,-12.039999999999992,0.252,0.196,740,890
6303,"SILVA GORDON, DIEGO",2021→2022,2021,2022,44314,Apipasta 90% - BIO - Pienso completo - Apicultura,prod_perdido,60.3,null,-60.3,0.03,null,2010,null
5245,"ELGORRIAGA BRANDS, S.A.",2021→2022,2021,2022,40000,Azúcar Blanco EEC Nº 2,prod_perdido,315560.58,null,-315560.58,669.98,null,471,null
7395,VECO PHARMA SHPK,2021→2022,2021,2022,44315,Apipasta PLUS - Pienso para Apicultura,vol_precio,15288,18093.6,2805.5999999999985,12.6,14.28,1213.33,1267.06
1023,"TORRONS VICENS, S.L.",2021→2022,2021,2022,60105,"Azúcar PI 73,5-67",vol_precio,3048,10968,7920,4.8,9.6,635,1142.5
200,MARIN GIMENEZ HNOS. S.A.,2021→2022,2021,2022,61231,Mixco Sweet 67-05.5045,sin_actividad,0,null,0,0.001,null,0,null
7245,CHESTE AGRARIA COOP. V,2021→2022,2021,2022,60000,Azúcar Líquida Neutra 67º,prod_perdido,11089.77,null,-11089.77,16.875,null,657.17,null
2767,"DULCEPLUS GOLOSINAS, S.A.",2021→2022,2021,2022,62405,Fondant ES-R06,vol_precio,10753.2,2284.8,-8468.400000000001,12.36,2.04,870,1120
2850,"AMC NATURAL DRINKS, S.L.",2021→2022,2021,2022,40201,Azúcar Blanco BIO ES-ECO-024-MU Ag No UE,sin_actividad,0,null,0,0.001,null,0,null
1624,S.A.T. Nº8192 PEREGRI,2021→2022,2021,2022,61199,Mixco Sweet 82-05.5041,volumen,4784,24000.96,19216.96,5.2,26.088,920,920
3154,"FRIAS NUTRICION, S.A.",2021→2022,2021,2022,40000,Azúcar Blanco EEC Nº 2,vol_precio,65002.5,42624,-22378.5,121.5,72,535,592
6286,COOPERATIVE APICOP,2021→2022,2021,2022,44314,Apipasta 90% - BIO - Pienso completo - Apicultura,prod_perdido,3360,null,-3360,2.1,null,1600,null
450,"LA FLOR BURGALESA, S.L.",2021→2022,2021,2022,40204,Azúcar BIO 600-1200 -ES-ECO-024-MU (Agric No EU),vol_precio,3870,17400,13530,3,12,1290,1450
506,"ACEITES LA CANAL, S.A.",2021→2022,2021,2022,40000,Azúcar Blanco EEC Nº 2,vol_precio,77072.4,58085.1,-18987.299999999996,147.3,70.2,523.23,827.42
297,"TARBAL FOOD, S.L.",2021→2022,2021,2022,44120,Glucor 45/80,vol_precio,3492,1842,-1650,3.6,1.2,970,1535
7908,"DIMITROV NIKOLOV, ZHIVKO",2021→2022,2021,2022,40000,Azúcar Blanco EEC Nº 2,prod_perdido,141,null,-141,0.2,null,705,null
6094,"ECOVINAL, S.L.U.",2021→2022,2021,2022,61228,Fosvitae 95% Plus,sin_actividad,0,null,0,0.001,null,0,null
773,"IBERCACAO, S.A.U.",2021→2022,2021,2022,60000,Azúcar Líquida Neutra 67º,prod_perdido,5292.32,null,-5292.32,6.657,null,795,null
537,"COGALAR, S.L.",2021→2022,2021,2022,42000,Dextrosa Cristal Monohidrato Maiz,prod_perdido,2437.5,null,-2437.5,3.75,null,650,null
889,"ESPECIALIDADES DEL OBRADOR, S.L.",2021→2022,2021,2022,40110,Azúcar Moreno Brown (Azucarera),vol_precio,608.13,262.25,-345.88,0.625,0.25,973.01,1049
5032,"GARCIA GARCIA, ANTONIO",2021→2022,2021,2022,62001,Apimix - Pienso completo - Apicultura,prod_perdido,1243.2,null,-1243.2,1.68,null,740,null
7422,"HERRANZ FERREROS, JULIO RICARDO",2021→2022,2021,2022,44313,Apipasta Vitaminas 90% - Pienso para Apicultura,vol_precio,445.5,325.5,-120,0.495,0.21,900,1550
1416,"DEL BAÑO ZAPATA, JUAN",2021→2022,2021,2022,44310,Apipasta 90% - Pienso completo - Apicultura,prod_perdido,78.75,null,-78.75,0.075,null,1050,null
4864,"MARTINEZ MORCILLO, JOSE",2021→2022,2021,2022,44313,Apipasta Vitaminas 90% - Pienso para Apicultura,prod_perdido,550.8,null,-550.8,0.51,null,1080,null
7007,"GONZALEZ GARCIA, FRANCISCO JOSE",2021→2022,2021,2022,44315,Apipasta PLUS - Pienso para Apicultura,prod_perdido,1075.2,null,-1075.2,0.84,null,1280,null
5822,"CIVAN ARICILIK TEKSTIL, SALIP SAN TIC LTD STI",2021→2022,2021,2022,62001,Apimix - Pienso completo - Apicultura,sin_actividad,0,null,0,0.336,null,0,null
5782,"MARCO RODRIGUEZ, GERMAN",2021→2022,2021,2022,44313,Apipasta Vitaminas 90% - Pienso para Apicultura,vol_precio,437.4,870.75,433.35,0.405,0.63,1080,1382.14
2469,"MUNDO BARQUILLO, S.L.",2021→2022,2021,2022,40000,Azúcar Blanco EEC Nº 2,vol_precio,59786.2,61617.5,1831.300000000003,106.04,83.5,563.81,737.93
481,"EL CATETO, S.L.",2021→2022,2021,2022,40350,Azúcar Granulado Extrafino,precio,25173,33561,8388,37.1,37.8,678.52,887.86
6041,"AGROLLAVOR SUPERVERT, S.L.",2021→2022,2021,2022,44310,Apipasta 90% - Pienso completo - Apicultura,prod_perdido,286.5,null,-286.5,0.285,null,1005.26,null
2129,"CORTES BUSSINESS CORPORATION, S.L.",2021→2022,2021,2022,44099,Fructor 100/78,prod_perdido,185040.08,null,-185040.08,296.68,null,623.7,null
8349,"AGOTZAINA, S.L.",2021→2022,2021,2022,44015,Fructor 10/77,vol_precio,2427.17,6146.4,3719.2299999999996,2.51,6,967,1024.4
5187,"DISTRIBUCIONES VARPEN, S.L.",2021→2022,2021,2022,65005,Azúcar en polvo LS,prod_perdido,4389.33,null,-4389.33,5.79,null,758.09,null
1415,"MEMBRILLO EMILY, S.L.",2021→2022,2021,2022,43000,Maltitol Liquido 75-5308,prod_perdido,11152.35,null,-11152.35,8.262,null,1349.84,null
4938,"LUJAN GARCIA, JOSE",2021→2022,2021,2022,40000,Azúcar Blanco EEC Nº 2,prod_perdido,189,null,-189,0.3,null,630,null
3699,"GONZALEZ CARBALLAL, S.L.",2021→2022,2021,2022,62000,Mix Idoneo - Pienso Completo - Apicultura,vol_precio,28356,33259.66,4903.6600000000035,47.32,49.42,599.24,673
769,"ANGEL CAMACHO ALIMENTACION, S.L.",2021→2022,2021,2022,41006,Fructosa MAIZ Cristal Granulada Pallet Plast. CHEP,vol_precio,86037,272413.75,186376.75,119,285.25,723,955
584,"TROLLI IBERICA, S.A.",2021→2022,2021,2022,62150,Jarabe de Melaza de Caña,vol_precio,1904.4,3888,1983.6,2.76,4.8,690,810
6130,HAPPY VALLEY HONEY LIMITED,2021→2022,2021,2022,62025,Apimix 75 PyV - (ENG) Pienso completo – Apicultura,vol_precio,19777.1,22312.8,2535.7000000000007,29.74,21.6,665,1033
7169,"MASTRIGO BIO GOURMET, S.L.",2021→2022,2021,2022,40000,Azúcar Blanco EEC Nº 2,volumen,675,3604,2929,0.9,4.9,750,735.51
194,"COFRUTOS, S.A.",2021→2022,2021,2022,60000,Azúcar Líquida Neutra 67º,prod_perdido,18766.4,null,-18766.4,50.72,null,370,null
3795,"ZAPATA ALEMAN, SALVADOR",2021→2022,2021,2022,44315,Apipasta PLUS - Pienso para Apicultura,prod_perdido,286.72,null,-286.72,0.224,null,1280,null
551,"ICE CREAM FACTORY COMAKER, S.A.",2021→2022,2021,2022,40000,Azúcar Blanco EEC Nº 2,vol_precio,863346.3,404038.92,-459307.38000000006,1729.09,779.34,499.31,518.44
4600,"JALANCINA NATURE, S.L.",2021→2022,2021,2022,41000,Fructosa MAIZ Cristal,volumen,1046.25,101.25,-945,0.775,0.075,1350,1350
430,"MONZO LUIS, S.L.",2021→2022,2021,2022,40000,Azúcar Blanco EEC Nº 2,vol_precio,69940,129570.5,59630.5,143.75,170.1,486.54,761.73
7326,"ACTIVA FOOD TECH, S.A.",2021→2022,2021,2022,40111,Azúcar Moreno Brown (Alvean),prod_perdido,19440,-2490.75,-21930.75,24,-3.075,810,810
526,"ISDEAL, S.L.",2021→2022,2021,2022,42000,Dextrosa Cristal Monohidrato Maiz,prod_perdido,243.75,null,-243.75,0.325,null,750,null
257,"DESTILERIAS GULF STREAM, S.L.",2021→2022,2021,2022,40000,Azúcar Blanco EEC Nº 2,prod_perdido,54593.82,null,-54593.82,95.94,null,569.04,null
6216,"MARCOPOLO COMERCIO, S.L.",2021→2022,2021,2022,40000,Azúcar Blanco EEC Nº 2,prod_perdido,46851,null,-46851,96.6,null,485,null
2111,"ENVASADOS EVA, S.A.",2021→2022,2021,2022,40000,Azúcar Blanco EEC Nº 2,vol_precio,59335.8,20264.2,-39071.600000000006,119.24,24.2,497.62,837.36
1832,"SIERRAS ANDALUZAS, S.C.A.",2021→2022,2021,2022,62026,Apimix - Pienso Completo No Cristaliza- Apicultura,prod_perdido,4734,null,-4734,7.2,null,657.5,null
7595,"DISTRIBUCION GUIZAN SANJURJO, S.L.",2021→2022,2021,2022,65005,Azúcar en polvo LS,prod_perdido,21.45,null,-21.45,0.03,null,715,null
1661,"DELAVIUDA ALIMENTACION, S.A",2021→2022,2021,2022,61200,Fosvitae 85%,sin_actividad,0,null,0,0.005,null,0,null
2980,"DEL VALLE LORENTE, JOSE VICENT",2021→2022,2021,2022,44313,Apipasta Vitaminas 90% - Pienso para Apicultura,prod_perdido,405,null,-405,0.45,null,900,null
5892,"DISTRIBUCIONES BOLLFROST, S.L.",2021→2022,2021,2022,61104,Mixco Sweet 81-05.5041 A-MI,vol_precio,6624,8033.66,1409.6599999999999,7.2,6.732,920,1193.35
7755,SAS LA CHENERAIE,2021→2022,2021,2022,44315,Apipasta PLUS - Pienso para Apicultura,vol_precio,6589.8,2394,-4195.8,5.04,1.68,1307.5,1425
5373,"VERTICE DE INNOVACION Y DESAR.DE ALIMENTOS, S.A.U.",2021→2022,2021,2022,60118,Azúcar PI 71-90,prod_perdido,50094,null,-50094,121,null,414,null
2832,DULCES LA ABUELA COOP VNA,2021→2022,2021,2022,40113,Azúcar Moreno Brown C,vol_precio,3060,1700,-1360,4.25,2,720,850
6196,"APITIENDA SOLTAN, S.L.",2021→2022,2021,2022,44315,Apipasta PLUS - Pienso para Apicultura,vol_precio,5317.2,7492.8,2175.6000000000004,4.2,5.04,1266,1486.67
4286,"FERNANDEZ MOYA, ANGEL",2021→2022,2021,2022,44315,Apipasta PLUS - Pienso para Apicultura,vol_precio,250.88,214.2,-36.68000000000001,0.196,0.14,1280,1530
7913,JSC IMLITEX,2021→2022,2021,2022,61200,Fosvitae 85%,sin_actividad,0,null,0,0.001,null,0,null
2272,"PIMENTON Y ESPECIAS DON SABOR, S.L.",2021→2022,2021,2022,40000,Azúcar Blanco EEC Nº 2,prod_perdido,795,null,-795,1.3,null,611.54,null
1455,"RAMIREZ LOPEZ, JOSE",2021→2022,2021,2022,44313,Apipasta Vitaminas 90% - Pienso para Apicultura,vol_precio,945,697.5,-247.5,1.05,0.45,900,1550
6201,"OVALLE BOSQUE Y JARDIN, S.L.",2021→2022,2021,2022,44315,Apipasta PLUS - Pienso para Apicultura,precio,535.5,798,262.5,0.35,0.35,1530,2280
4835,"SANCHEZ PARRA, ROSA",2021→2022,2021,2022,44314,Apipasta 90% - BIO - Pienso completo - Apicultura,prod_perdido,1764,null,-1764,1.05,null,1680,null
8021,"LOPEZ MARTINEZ, GABRIEL",2021→2022,2021,2022,40200,Azúcar Golden - BIO - ES-ECO-024-MU (Agric No UE),prod_perdido,910,null,-910,0.7,null,1300,null
4139,"SANCHEZ MOREA, HECTOR",2021→2022,2021,2022,62001,Apimix - Pienso completo - Apicultura,prod_perdido,20.72,null,-20.72,0.028,null,740,null
2156,"LOPEZ MARTINEZ, JUAN IGNACIO",2021→2022,2021,2022,44315,Apipasta PLUS - Pienso para Apicultura,prod_perdido,1260,null,-1260,0.84,null,1500,null
297,"TARBAL FOOD, S.L.",2021→2022,2021,2022,65016,Azúcar en polvo LM Pallet PLT,vol_precio,37646.7,9424.35,-28222.35,41.925,8.775,897.95,1074
6312,"GOLDEN AGRI-RESOURCES IBERIA, S.L.",2021→2022,2021,2022,40000,Azúcar Blanco EEC Nº 2,volumen,358498.07,137351.7,-221146.37,750.201,283.8,477.87,483.97
4470,"SALABERRIA TELLECHEA, XIKER",2021→2022,2021,2022,44314,Apipasta 90% - BIO - Pienso completo - Apicultura,vol_precio,3474,5466.6,1992.6000000000004,1.95,2.61,1781.54,2094.48
7755,SAS LA CHENERAIE,2021→2022,2021,2022,44314,Apipasta 90% - BIO - Pienso completo - Apicultura,vol_precio,21504,12691.35,-8812.65,12.6,6.3,1706.67,2014.5
5179,"CUSTOM DRINKS, S.L.U.",2021→2022,2021,2022,40201,Azúcar Blanco BIO ES-ECO-024-MU Ag No UE,prod_perdido,19200,null,-19200,15,null,1280,null
6404,"VILANOVA TORT, DAVID",2021→2022,2021,2022,44301,Azucar Blanco – Materia Prima para Piensos,prod_perdido,730,null,-730,1,null,730,null
4937,"YESLOSA, S.L.",2021→2022,2021,2022,40000,Azúcar Blanco EEC Nº 2,vol_precio,907.5,657,-250.5,1.65,0.9,550,730
7617,"SANCHO MUNIESA, EMILIO",2021→2022,2021,2022,40000,Azúcar Blanco EEC Nº 2,prod_perdido,1107,null,-1107,1.8,null,615,null
6235,"ATRILE 21, S.L.",2021→2022,2021,2022,40113,Azúcar Moreno Brown C,vol_precio,1444.8,2940,1495.2,1.651,3,875.11,980
7183,"INTERCASA, S.A.",2021→2022,2021,2022,62150,Jarabe de Melaza de Caña,vol_precio,5160,8526,3366,6,8.4,860,1015
1119,"APILORE, S.L.",2021→2022,2021,2022,62026,Apimix - Pienso Completo No Cristaliza- Apicultura,prod_perdido,1712.34,null,-1712.34,2.718,null,630,null
8084,"CRISTINA ABREU, UNIPESSOAL",2021→2022,2021,2022,61177,Mixco Sweet 81-00.0932 A-MI,prod_perdido,775,null,-775,1.251,null,619.5,null
6779,"RIVAS PEREZ, PEDRO",2021→2022,2021,2022,44306,Fructor 10/77 - Pienso completo – Apicultura,prod_perdido,16.8,null,-16.8,0.028,null,600,null
536,"S.H.S., S.L.",2021→2022,2021,2022,40200,Azúcar Golden - BIO - ES-ECO-024-MU (Agric No UE),prod_perdido,129,null,-129,0.1,null,1290,null
3154,"FRIAS NUTRICION, S.A.",2021→2022,2021,2022,40200,Azúcar Golden - BIO - ES-ECO-024-MU (Agric No UE),prod_perdido,10320,null,-10320,8,null,1290,null
1149,"UNION GENIL, S.C.A",2021→2022,2021,2022,40000,Azúcar Blanco EEC Nº 2,vol_precio,268051.8,98996.4,-169055.4,553.35,192.6,484.42,514
559,"DULCES OLMEDO GARCIA, S.L.",2021→2022,2021,2022,40000,Azúcar Blanco EEC Nº 2,prod_perdido,193551.6,null,-193551.6,409.2,null,473,null
7585,"SALAR PAGAN, CARMEN",2021→2022,2021,2022,62001,Apimix - Pienso completo - Apicultura,prod_ganado,0,96.6,96.6,0.028,0.07,0,1380
2074,"ALFREDO IÑESTA, S.L",2021→2022,2021,2022,44015,Fructor 10/77,precio,3630,6858,3228,6,6,605,1143
4169,"ROBLEDO CARRILLO, SIMON",2021→2022,2021,2022,44315,Apipasta PLUS - Pienso para Apicultura,prod_perdido,110.46,null,-110.46,0.084,null,1315,null
4650,"OPREA, CONSTANTIN",2021→2022,2021,2022,40000,Azúcar Blanco EEC Nº 2,vol_precio,55,182.5,127.5,0.1,0.25,550,730
737,"COMERCIAL IBENSE, S.L.",2021→2022,2021,2022,40000,Azúcar Blanco EEC Nº 2,prod_perdido,571.2,null,-571.2,0.96,null,595,null
4776,"GONZALEZ VILLAREAL, ANGEL",2021→2022,2021,2022,44315,Apipasta PLUS - Pienso para Apicultura,prod_perdido,1071,null,-1071,0.7,null,1530,null
7125,"ILLUECA GIMENEZ, JUAN JOSE",2021→2022,2021,2022,44015,Fructor 10/77,prod_perdido,9.48,null,-9.48,0.014,null,677.14,null
8176,"MIRA SANCHEZ, FRANCISCO JOSE",2021→2022,2021,2022,44315,Apipasta PLUS - Pienso para Apicultura,prod_perdido,53.76,null,-53.76,0.042,null,1280,null
3105,"REY CANO, FRANCISCO",2021→2022,2021,2022,62001,Apimix - Pienso completo - Apicultura,vol_precio,41.44,174.44,133,0.056,0.196,740,890
5323,"CIERCOLES ARIÑO, IGNACIO",2021→2022,2021,2022,44315,Apipasta PLUS - Pienso para Apicultura,prod_perdido,1075.2,null,-1075.2,0.84,null,1280,null
4505,"FIESTA COLOMBINA, S.L.U.",2021→2022,2021,2022,40000,Azúcar Blanco EEC Nº 2,vol_precio,224095,1304363.5,1080268.5,439,1788.3,510.47,729.39
884,"INTERNAC. DE COMERCIO Y DESTILERIAS J BORRAJO, S.A",2021→2022,2021,2022,40000,Azúcar Blanco EEC Nº 2,volumen,75203.1,25454.1,-49749.00000000001,144.9,48.3,519,527
2975,"ARTUKOLUKE, S.L.",2021→2022,2021,2022,44313,Apipasta Vitaminas 90% - Pienso para Apicultura,vol_precio,2772,5250,2478,3.15,5.25,880,1000
2570,"NATRA OÑATI, S.A.",2021→2022,2021,2022,62404,Fondant ES-R05,vol_precio,25103.36,204900.29,179796.93,42.39,320.49,592.2,639.33
7741,"CANDAS APARICIO, JAVIER",2021→2022,2021,2022,60200,Azúcar Invertido 67º,prod_perdido,87.71,null,-87.71,0.098,null,895,null
581,TURRON.Y CARAMEL. DE HELLIN SL,2021→2022,2021,2022,40000,Azúcar Blanco EEC Nº 2,vol_precio,19800,8107,-11693,36,12.1,550,670
7886,"UNION VINICOLA DEL ESTE, S. L.",2021→2022,2021,2022,40200,Azúcar Golden - BIO - ES-ECO-024-MU (Agric No UE),sin_actividad,0,null,0,0.001,null,0,null
762,"VIOKOX, S.A",2021→2022,2021,2022,42001,Dextrosa C.Monohidrato Maiz Pallet Plast.  CHEP,prod_perdido,630,null,-630,1,null,630,null
3915,"SUMINISTROS HELADERIA VIMAR, S.L.",2021→2022,2021,2022,65005,Azúcar en polvo LS,prod_perdido,12.6,null,-12.6,0.015,null,840,null
8391,"CASCALES GALVEZ, ANA ISABEL",2021→2022,2021,2022,44314,Apipasta 90% - BIO - Pienso completo - Apicultura,vol_precio,892.8,848.25,-44.549999999999955,0.465,0.39,1920,2175
8230,BELA VIZAGO NATURE SL,2021→2022,2021,2022,40110,Azúcar Moreno Brown (Azucarera),prod_perdido,30,null,-30,0.025,null,1200,null
405,"CHOVI, S.L.",2021→2022,2021,2022,40260,Melaza de Caña,prod_perdido,35.2,null,-35.2,0.041,null,858.54,null
1145,"MUÑOZ CARRION, MANUEL",2021→2022,2021,2022,62026,Apimix - Pienso Completo No Cristaliza- Apicultura,prod_perdido,414.4,null,-414.4,0.56,null,740,null
891,"MONTEALBOR ALIMENTACION, S.A.U",2021→2022,2021,2022,40110,Azúcar Moreno Brown (Azucarera),prod_perdido,152,null,-152,0.1,null,1520,null
463,"REY ALIMENTACION, S.L.",2021→2022,2021,2022,44015,Fructor 10/77,vol_precio,9773.4,1980,-7793.4,25.06,2.4,390,825
7612,DPTO. COMERCIAL,2021→2022,2021,2022,41000,Fructosa MAIZ Cristal,sin_actividad,0,null,0,0.001,null,0,null
8133,"WINBI AGUADEMAR LABORATORIO, S.L.",2021→2022,2021,2022,40000,Azúcar Blanco EEC Nº 2,prod_perdido,14.25,null,-14.25,0.025,null,570,null
8325,"RUIZ DIAZ, ANTONIO",2021→2022,2021,2022,40000,Azúcar Blanco EEC Nº 2,prod_perdido,36.5,null,-36.5,0.05,null,730,null
8050,"VEGA BONILLA, SERGIO",2021→2022,2021,2022,62001,Apimix - Pienso completo - Apicultura,vol_precio,62.16,37.38,-24.779999999999994,0.084,0.042,740,890
3479,"LA TAHONA DE UTIEL, S.L.",2021→2022,2021,2022,43100,Sorbitol Liquido 70% No cristalizable,precio,10872,13464,2592,12,12,906,1122
1075,AGRUPACION MURCIANA APICULTORES PROFESIONALES,2021→2022,2021,2022,62001,Apimix - Pienso completo - Apicultura,vol_precio,2683.24,1421.94,-1261.2999999999997,3.626,1.746,740,814.4
3381,"TEMPORAL LOPEZ, ANTONIO",2021→2022,2021,2022,44313,Apipasta Vitaminas 90% - Pienso para Apicultura,prod_perdido,226.8,null,-226.8,0.21,null,1080,null
7974,"MARIAMIA, S.L",2021→2022,2021,2022,40000,Azúcar Blanco EEC Nº 2,prod_perdido,18144,null,-18144,36.9,null,491.71,null
2129,"CORTES BUSSINESS CORPORATION, S.L.",2021→2022,2021,2022,64509,Nectar Base SN 68º Brix,prod_perdido,35365.14,null,-35365.14,49.74,null,711,null
5512,"ORTA VAZ, ISABEL",2021→2022,2021,2022,40000,Azúcar Blanco EEC Nº 2,prod_perdido,3000,null,-3000,6,null,500,null
4931,"LAPARRA DONAIRE, MIGUEL",2021→2022,2021,2022,44313,Apipasta Vitaminas 90% - Pienso para Apicultura,prod_perdido,792,null,-792,0.9,null,880,null
6447,"RAMIREZ FERNANDEZ, RAFAEL",2021→2022,2021,2022,62001,Apimix - Pienso completo - Apicultura,prod_perdido,113.96,null,-113.96,0.154,null,740,null
6270,"PANADERIA NTRA.SRA.DE LA CABEZA, S.L.",2021→2022,2021,2022,40000,Azúcar Blanco EEC Nº 2,prod_perdido,273.75,null,-273.75,0.375,null,730,null
5090,"QUIMI ROMAR, S.L.U.",2021→2022,2021,2022,40000,Azúcar Blanco EEC Nº 2,prod_perdido,2286,null,-2286,3.601,null,634.82,null
7476,GOBIOTICS BV,2021→2022,2021,2022,61228,Fosvitae 95% Plus,prod_perdido,2344.8,null,-2344.8,1.2,null,1954,null
2951,"LOPEZ JIMENEZ, MARIANO",2021→2022,2021,2022,44315,Apipasta PLUS - Pienso para Apicultura,prod_perdido,128.52,null,-128.52,0.084,null,1530,null
4463,"ACEDOS CAMPOS, PABLO",2021→2022,2021,2022,62000,Mix Idoneo - Pienso Completo - Apicultura,prod_perdido,590,null,-590,1,null,590,null
8408,"LA FANTASTICA SODA COOMPAÑIA DE REFRESCOS Y SODAS, S.L.",2021→2022,2021,2022,40203,Azúcar BIO 300-500 -ES-ECO-024-MU (Agric No EU),vol_precio,140,781.8,641.8,0.1,0.525,1400,1489.14
472,"CEREALTO VB6, S.L.",2021→2022,2021,2022,65016,Azúcar en polvo LM Pallet PLT,vol_precio,16443.96,21902.4,5458.440000000002,24.765,26.325,664,832
2528,"MORATALLA FERNANDEZ, RAFAEL",2021→2022,2021,2022,44313,Apipasta Vitaminas 90% - Pienso para Apicultura,prod_perdido,1890,null,-1890,2.1,null,900,null
7611,DPTO. CALIDAD,2021→2022,2021,2022,99950,Producto de Pruebas Líquido - 1,sin_actividad,0,null,0,2.044,null,0,null
595,"ROSCRIS BENIOPA, S.L",2021→2022,2021,2022,40000,Azúcar Blanco EEC Nº 2,prod_perdido,990,null,-990,1.8,null,550,null
531,"DESARROLLOS PANADEROS LEVANTINOS, S.L.L.",2021→2022,2021,2022,65005,Azúcar en polvo LS,vol_precio,3591.45,1570.8,-2020.6499999999999,5.205,1.32,690,1190
401,"SOLER GIMENO, S.L.",2021→2022,2021,2022,65005,Azúcar en polvo LS,vol_precio,2614.5,7106.85,4492.35,2.49,4.965,1050,1431.39
4369,"LA TIENDA DEL APICULTOR, S.L.U.",2021→2022,2021,2022,44301,Azucar Blanco – Materia Prima para Piensos,prod_perdido,9940.5,null,-9940.5,18.9,null,525.95,null
429,"CROP IBERICA, S.A.U.",2021→2022,2021,2022,42000,Dextrosa Cristal Monohidrato Maiz,vol_precio,1794.5,4427,2632.5,2.25,4.75,797.56,932
526,"ISDEAL, S.L.",2021→2022,2021,2022,41000,Fructosa MAIZ Cristal,prod_perdido,58.25,null,-58.25,0.05,null,1165,null
7717,SAS CATUSSE,2021→2022,2021,2022,44314,Apipasta 90% - BIO - Pienso completo - Apicultura,prod_perdido,12096,null,-12096,6.3,null,1920,null
7924,"J.NORKEN,S.L.",2021→2022,2021,2022,42000,Dextrosa Cristal Monohidrato Maiz,vol_precio,5620,22050,16430,5,15.001,1124,1469.9
5373,"VERTICE DE INNOVACION Y DESAR.DE ALIMENTOS, S.A.U.",2021→2022,2021,2022,62150,Jarabe de Melaza de Caña,sin_actividad,0,0,0,0.001,0.08,0,0
2821,"CIA. EUROPEA EXPORTADORA DE VINOS, S.L.",2021→2022,2021,2022,60207,Azúcar TIEN 67.100,prod_perdido,8242.64,null,-8242.64,11.48,null,718,null
465,"INVESTIGACION Y DESARROLLO PANADERO, S.L.",2021→2022,2021,2022,41000,Fructosa MAIZ Cristal,vol_precio,497.5,62.9,-434.6,0.5,0.05,995,1258
3375,"EUROCHOC, S.L.",2021→2022,2021,2022,99950,Producto de Pruebas Líquido - 1,sin_actividad,0,null,0,0.005,null,0,null
5161,"SALINAS MARQUINA, JORGE",2021→2022,2021,2022,44306,Fructor 10/77 - Pienso completo – Apicultura,prod_perdido,8.4,null,-8.4,0.014,null,600,null
5729,"MARTINEZ FERNANDEZ, FRANCISCO JAVIER",2021→2022,2021,2022,44313,Apipasta Vitaminas 90% - Pienso para Apicultura,vol_precio,40.5,195.15,154.65,0.045,0.135,900,1445.56
1854,"ROYPAS BY NUTRIS, S.A.",2021→2022,2021,2022,44003,Glucor 45/80 Bio ES-ECO-024-MU (Agric No UE) NOP,vol_precio,118518.7,111840,-6678.699999999997,112.34,96,1055,1165
1760,"GONZALEZ BYASS, S.A",2021→2022,2021,2022,60000,Azúcar Líquida Neutra 67º,vol_precio,85780.32,149081.4,63301.07999999999,216.96,244.9,395.37,608.74
1529,"DULCESA, S.L. UNIPERSONAL",2021→2022,2021,2022,60105,"Azúcar PI 73,5-67",vol_precio,62644.58,115149.02,52504.44,96.002,115.055,652.53,1000.82
6449,"PRODEL AGRICOLA, S.L.",2021→2022,2021,2022,44313,Apipasta Vitaminas 90% - Pienso para Apicultura,vol_precio,19404,19152,-252,23.1,12.6,840,1520
223,"PRODUCTOS CUATRO JOTAS, S.L.",2021→2022,2021,2022,60105,"Azúcar PI 73,5-67",vol_precio,2649.6,5370,2720.4,3.6,4.8,736,1118.75
5899,"SAINBERG LA IBENSE, S.L.",2021→2022,2021,2022,42000,Dextrosa Cristal Monohidrato Maiz,prod_perdido,3200,null,-3200,5,null,640,null
2007,"PAREDES CEREZO, MIGUEL ANGEL",2021→2022,2021,2022,44120,Glucor 45/80,vol_precio,17125.8,62213.41,45087.61,37.24,100.144,459.88,621.24
457,"AMAHER, S.L.",2021→2022,2021,2022,41000,Fructosa MAIZ Cristal,vol_precio,54990,23625,-31365,78,25,705,945
6891,"ENCINAS MARQUEZ, FERNANDO",2021→2022,2021,2022,44313,Apipasta Vitaminas 90% - Pienso para Apicultura,prod_perdido,189,null,-189,0.21,null,900,null
7268,"RUIZ MARISCAL, CRISTINA",2021→2022,2021,2022,44313,Apipasta Vitaminas 90% - Pienso para Apicultura,vol_precio,62.1,46.5,-15.600000000000001,0.06,0.03,1035,1550
4002,"ABB MJ FERNANDEZ ARANDA, S.L.",2021→2022,2021,2022,61104,Mixco Sweet 81-05.5041 A-MI,vol_precio,2040,3257.1,1217.1,2.4,3.102,850,1050
6519,SAS IRATI INTERNATIONAL,2021→2022,2021,2022,43015,Maltitol Liquido 80-5308,sin_actividad,0,null,0,0.001,null,0,null
1746,"PRIMITIVO PICO, S.A",2021→2022,2021,2022,61170,Mix Maltitol Sorbitol MS 74-8020,vol_precio,13664.8,67145.5,53480.7,11.8,35.58,1158.03,1887.17
2525,"COMERCIAL APICOLA ROSSEND MARGALEF, S.L.",2021→2022,2021,2022,44010,Fructor 10/81,prod_perdido,696,null,-696,1.2,null,580,null
535,"FRIMAR PANADEROS, S.L.",2021→2022,2021,2022,40000,Azúcar Blanco EEC Nº 2,vol_precio,315455.28,375162.06,59706.77999999997,628.59,585.32,501.85,640.95
7885,"AZUSUR, S.L.",2021→2022,2021,2022,40000,Azúcar Blanco EEC Nº 2,prod_perdido,12150,null,-12150,24.3,null,500,null
5428,"CLEMENTE SANZ, AURORA",2021→2022,2021,2022,44313,Apipasta Vitaminas 90% - Pienso para Apicultura,vol_precio,243,265.2,22.19999999999999,0.24,0.225,1012.5,1178.67
436,"TURRONES JOSE GARRIGOS, S.A.",2021→2022,2021,2022,44010,Fructor 10/81,sin_actividad,0,null,0,0.001,null,0,null
1094,"MIEL ISABEL, S.L.",2021→2022,2021,2022,62020,Mix Fructor Apicultor - Pienso completo - Apicult.,prod_perdido,660,null,-660,1,null,660,null
827,"TOMAS JIMENEZ, IGNACIO GERMAN",2021→2022,2021,2022,42000,Dextrosa Cristal Monohidrato Maiz,prod_perdido,692.5,null,-692.5,0.875,null,791.43,null
4369,"LA TIENDA DEL APICULTOR, S.L.U.",2021→2022,2021,2022,62001,Apimix - Pienso completo - Apicultura,vol_precio,8349.6,16127.58,7777.98,11.76,19.026,710,847.66
401,"SOLER GIMENO, S.L.",2021→2022,2021,2022,40340,Azúcar Perlado 1,vol_precio,1481,361,-1120,1,0.201,1481,1796.02
419,"DISTRIBUCIONES JAIME SARRION, S.L.",2021→2022,2021,2022,40000,Azúcar Blanco EEC Nº 2,vol_precio,455,375,-80,0.7,0.5,650,750
4089,"COLAS CAÑETE, PEDRO",2021→2022,2021,2022,40000,Azúcar Blanco EEC Nº 2,prod_perdido,4084,null,-4084,6.8,null,600.59,null
8206,"JIMENEZ JIMENEZ, LUISA",2021→2022,2021,2022,44313,Apipasta Vitaminas 90% - Pienso para Apicultura,prod_perdido,715.5,null,-715.5,0.795,null,900,null
2677,"PREELABORADOS ALIMENTARIOS, S.L.",2021→2022,2021,2022,40000,Azúcar Blanco EEC Nº 2,vol_precio,40560,34164,-6396,72,46.8,563.33,730
7651,SARL API DISTRIBUTION,2021→2022,2021,2022,44314,Apipasta 90% - BIO - Pienso completo - Apicultura,vol_precio,13440,8329.8,-5110.200000000001,8.4,4.17,1600,1997.55
4031,"ESPECIALITATS M. MASDEU, S.L.",2021→2022,2021,2022,60200,Azúcar Invertido 67º,prod_perdido,1566.63,null,-1566.63,2.678,null,585,null
4774,"DEL VALLE CARRION, MANUEL",2021→2022,2021,2022,44301,Azucar Blanco – Materia Prima para Piensos,vol_precio,2220,4200,1980,3,4,740,1050
5346,"BODEGAS ELOSEGI, S.L.",2021→2022,2021,2022,40200,Azúcar Golden - BIO - ES-ECO-024-MU (Agric No UE),prod_perdido,660,null,-660,0.5,null,1320,null
7059,"NUFRI, S.A.T. Nº 1596",2021→2022,2021,2022,44099,Fructor 100/78,vol_precio,20122.56,233457.78,213335.22,24.661,270.8,815.97,862.1
1143,"AZUCARES ANTOÑIN, S.L.",2021→2022,2021,2022,40111,Azúcar Moreno Brown (Alvean),prod_perdido,787.5,null,-787.5,0.9,null,875,null
7936,"FABRICA JAEN, S.L.U.",2021→2022,2021,2022,62070,Mix Golden Jarabe,vol_precio,30258.8,24143.73,-6115.07,29.9,19.97,1012,1209
610,"TURRONES DOS HERMANOS,S.L.",2021→2022,2021,2022,40000,Azúcar Blanco EEC Nº 2,precio,12514.5,18225,5710.5,24.3,24.3,515,750
524,"APIC. HERMANOS ANDRES NIETO, SDAD. COOP.",2021→2022,2021,2022,44313,Apipasta Vitaminas 90% - Pienso para Apicultura,prod_perdido,2205,null,-2205,2.1,null,1050,null
7651,SARL API DISTRIBUTION,2021→2022,2021,2022,44313,Apipasta Vitaminas 90% - Pienso para Apicultura,vol_precio,24906,17331.3,-7574.700000000001,30.45,15.75,817.93,1100.4
2860,"ACEITUNAS KARINA, S.L.",2021→2022,2021,2022,41000,Fructosa MAIZ Cristal,prod_perdido,1080,null,-1080,1,null,1080,null
8085,"ALCALDE PALOMAR, LUIS",2021→2022,2021,2022,44313,Apipasta Vitaminas 90% - Pienso para Apicultura,vol_precio,135,648,513,0.15,0.6,900,1080
5777,"DOMINGUEZ BEJARANO, ALFONSO",2021→2022,2021,2022,62001,Apimix - Pienso completo - Apicultura,prod_perdido,2160,null,-2160,4,null,540,null
6129,"VIDAL REVERTE, JOSE ANTONIO",2021→2022,2021,2022,44310,Apipasta 90% - Pienso completo - Apicultura,prod_perdido,132,null,-132,0.15,null,880,null
237,"DULCES SANTA CRUZ, S.L.",2021→2022,2021,2022,60200,Azúcar Invertido 67º,vol_precio,849.6,3653.15,2803.55,1.2,3.691,708,989.75
440,"MAZAPANES Y DULCES DE TOLEDO, S.A.",2021→2022,2021,2022,40000,Azúcar Blanco EEC Nº 2,prod_perdido,11880,null,-11880,24,null,495,null
4198,"CANO ABARCA, RAMON",2021→2022,2021,2022,44310,Apipasta 90% - Pienso completo - Apicultura,volumen,315,15.75,-299.25,0.3,0.015,1050,1050
1686,"DULMONT PRODT. DE OBRADOR, S.L",2021→2022,2021,2022,44015,Fructor 10/77,prod_perdido,4380,null,-4380,7.2,null,608.33,null
3049,"LA GRANJA FOODS 1959, S.L.",2021→2022,2021,2022,60105,"Azúcar PI 73,5-67",vol_precio,3072,17811.2,14739.2,4.8,24.68,640,721.69
6041,"AGROLLAVOR SUPERVERT, S.L.",2021→2022,2021,2022,62001,Apimix - Pienso completo - Apicultura,vol_precio,186.76,152.6,-34.16,0.224,0.14,833.75,1090
2427,"SENCHERNES SOLDADO, ISAAC RAMON",2021→2022,2021,2022,62026,Apimix - Pienso Completo No Cristaliza- Apicultura,prod_perdido,780,null,-780,1.2,null,650,null
3718,"LOPEZ MARTINEZ, MANUEL",2021→2022,2021,2022,44315,Apipasta PLUS - Pienso para Apicultura,prod_perdido,627.2,null,-627.2,0.49,null,1280,null
1646,"NAVARRO SALA, JOSE",2021→2022,2021,2022,40000,Azúcar Blanco EEC Nº 2,prod_perdido,560,null,-560,0.9,null,622.22,null
2891,"ALSOL IMPORT, S.L.",2021→2022,2021,2022,44301,Azucar Blanco – Materia Prima para Piensos,prod_perdido,17766,null,-17766,35.07,null,506.59,null
4436,"INTERNACIONAL GRANADINA DE ALCAPARRA, S.L.",2021→2022,2021,2022,44040,Fructor 42/71,prod_perdido,768,null,-768,1.2,null,640,null
7215,"DERIVADOS DE KUMQUAT, S.L.",2021→2022,2021,2022,40203,Azúcar BIO 300-500 -ES-ECO-024-MU (Agric No EU),prod_perdido,810,null,-810,0.6,null,1350,null
8090,G.I.E. GROUPE LOMBARD,2021→2022,2021,2022,44314,Apipasta 90% - BIO - Pienso completo - Apicultura,prod_perdido,10080,null,-10080,6.3,null,1600,null
5109,"INDUSTRIAS ROKO, S.A.",2021→2022,2021,2022,42000,Dextrosa Cristal Monohidrato Maiz,vol_precio,1935,4260,2325,3,4,645,1065
5691,"IDAI NATURE, S.L.",2021→2022,2021,2022,44015,Fructor 10/77,vol_precio,8856,12171.6,3315.6000000000004,14.4,10.8,615,1127
1864,MELAZAHAR COOP. V.,2021→2022,2021,2022,44313,Apipasta Vitaminas 90% - Pienso para Apicultura,vol_precio,31273.2,40761,9487.8,33.645,37.8,929.51,1078.33
2073,"PLATOS TRADICIONALES, S.A",2021→2022,2021,2022,42001,Dextrosa C.Monohidrato Maiz Pallet Plast.  CHEP,vol_precio,3810,9167.5,5357.5,6,9.5,635,965
7379,"EARTH-MIND BUSINESS GROUP, S.L.",2021→2022,2021,2022,99950,Producto de Pruebas Líquido - 1,sin_actividad,0,0,0,0.009,0.001,0,0
1000,CLIENTES VARIOS (CONTADO),2021→2022,2021,2022,41000,Fructosa MAIZ Cristal,prod_perdido,27,null,-27,0.025,null,1080,null
1386,"SCENTIUM FLAVOURS, S.L",2021→2022,2021,2022,44120,Glucor 45/80,prod_perdido,114,null,-114,0.12,null,950,null
2836,"ISAXCO CONSULTING, S.L.",2021→2022,2021,2022,61222,Fosfruit,sin_actividad,0,null,0,0.001,null,0,null
1829,"DIAZ LOPEZ, JOSE ANTONIO",2021→2022,2021,2022,62020,Mix Fructor Apicultor - Pienso completo - Apicult.,vol_precio,880,248.75,-631.25,1.5,0.25,586.67,995
3023,DIST. Y REPR. JOSE MIGUEL S.L.U.,2021→2022,2021,2022,43050,Maltitol en Polvo,prod_perdido,5160,null,-5160,3,null,1720,null
2381,"DESTILERIAS FERRI, S.L.",2021→2022,2021,2022,61061,Mixco Sweet 67-70.0028,prod_perdido,1542.42,null,-1542.42,2.706,null,570,null
3387,"GONZALEZ VILLALBA, MARIA JOSE",2021→2022,2021,2022,44313,Apipasta Vitaminas 90% - Pienso para Apicultura,prod_perdido,337.5,null,-337.5,0.375,null,900,null
2909,"MANIPULADOS DE CEBOLLAS Y DERIVADOS, S.L.",2021→2022,2021,2022,40110,Azúcar Moreno Brown (Azucarera),vol_precio,28290,7515,-20775,30.75,7.5,920,1002
4793,"LOPEZ PEREZ, IGNACIO JESUS",2021→2022,2021,2022,62001,Apimix - Pienso completo - Apicultura,prod_perdido,936,null,-936,1.2,null,780,null
7422,"HERRANZ FERREROS, JULIO RICARDO",2021→2022,2021,2022,62026,Apimix - Pienso Completo No Cristaliza- Apicultura,prod_perdido,472.5,null,-472.5,0.75,null,630,null
499,"MELS CARLET, S.L.",2021→2022,2021,2022,44015,Fructor 10/77,vol_precio,10952.76,49638.96,38686.2,26.078,63.996,420,775.66
5468,"SAIZ PRIETO, JOSE ELIAS",2021→2022,2021,2022,44313,Apipasta Vitaminas 90% - Pienso para Apicultura,prod_perdido,13.5,null,-13.5,0.015,null,900,null
4115,"SANCHEZ BARRADO, JOSE MANUEL",2021→2022,2021,2022,44313,Apipasta Vitaminas 90% - Pienso para Apicultura,prod_perdido,40.5,null,-40.5,0.045,null,900,null
6989,"CADIERNO VALLE, RAFAEL",2021→2022,2021,2022,44314,Apipasta 90% - BIO - Pienso completo - Apicultura,prod_perdido,25.2,null,-25.2,0.015,null,1680,null
2156,"LOPEZ MARTINEZ, JUAN IGNACIO",2021→2022,2021,2022,62001,Apimix - Pienso completo - Apicultura,prod_perdido,936,null,-936,1.2,null,780,null
3534,"ITURRATE VEA, INES",2021→2022,2021,2022,62020,Mix Fructor Apicultor - Pienso completo - Apicult.,vol_precio,1100,1632,532,2,2.2,550,741.82
1607,"APICOLA CERDA MARTINEZ, S.L.U.",2021→2022,2021,2022,40000,Azúcar Blanco EEC Nº 2,prod_perdido,8910,null,-8910,18,null,495,null
3294,"PUNTO GOFRE, S.L.",2021→2022,2021,2022,43100,Sorbitol Liquido 70% No cristalizable,precio,24289.2,30600,6310.799999999999,27.62,27.6,879.41,1108.7
2737,"ALFONSO MARTINEZ TORRANO, S.L.",2021→2022,2021,2022,44120,Glucor 45/80,prod_perdido,54737.86,null,-54737.86,100.232,null,546.11,null
1771,"EL CASERIO, S.A",2021→2022,2021,2022,40000,Azúcar Blanco EEC Nº 2,vol_precio,68779.92,118973.88,50193.96000000001,128.1,150.02,536.92,793.05
203,"MOLINA CARRILLO, ANTONIO",2021→2022,2021,2022,44010,Fructor 10/81,prod_perdido,517.5,null,-517.5,0.75,null,690,null
1933,"YEPES CANDEL, ANTONIO",2021→2022,2021,2022,62000,Mix Idoneo - Pienso Completo - Apicultura,prod_perdido,295,null,-295,0.5,null,590,null
8264,SAS AUX ABEILLES ALPINES,2021→2022,2021,2022,44314,Apipasta 90% - BIO - Pienso completo - Apicultura,prod_perdido,3360,null,-3360,2.1,null,1600,null
1247,"TURRONES Y ESPECIALIDADES VIAR, S.A.",2021→2022,2021,2022,40201,Azúcar Blanco BIO ES-ECO-024-MU Ag No UE,precio,1550,1590,40,1,1,1550,1590
6399,"NOVA NOVA, GREGORIO",2021→2022,2021,2022,44315,Apipasta PLUS - Pienso para Apicultura,prod_perdido,1285.2,null,-1285.2,0.84,null,1530,null
1134,"CANDY SPAIN, S.L.",2021→2022,2021,2022,40000,Azúcar Blanco EEC Nº 2,prod_perdido,69861,null,-69861,160.6,null,435,null
7872,"GRANALIA ICE CREAM, S.L.",2021→2022,2021,2022,61170,Mix Maltitol Sorbitol MS 74-8020,prod_perdido,22538.75,null,-22538.75,17.935,null,1256.69,null
566,"ALMACENES MIGUEZ 2005,S.L.",2021→2022,2021,2022,44310,Apipasta 90% - Pienso completo - Apicultura,vol_precio,15510,3024,-12486,18.6,3.15,833.87,960
1683,"JIMENEZ JIMENEZ, SEBASTIAN",2021→2022,2021,2022,44315,Apipasta PLUS - Pienso para Apicultura,prod_perdido,627.2,null,-627.2,0.49,null,1280,null
2112,"LACASA, S.A.U.",2021→2022,2021,2022,40201,Azúcar Blanco BIO ES-ECO-024-MU Ag No UE,precio,142350,160500,18150,153,150,930.39,1070
5816,"SEVA ALCARAZ, JOSE VALENTIN",2021→2022,2021,2022,44315,Apipasta PLUS - Pienso para Apicultura,prod_perdido,250.88,null,-250.88,0.196,null,1280,null
535,"FRIMAR PANADEROS, S.L.",2021→2022,2021,2022,61183,Maltitol aromatizado,sin_actividad,0,null,0,0.002,null,0,null
7973,SC CALIPSO SRL,2021→2022,2021,2022,61177,Mixco Sweet 81-00.0932 A-MI,sin_actividad,0,null,0,0.001,null,0,null
3854,"ESBERGHEL DISTRIBUCIONES, S.L.",2021→2022,2021,2022,60114,"Azúcar PI 73,5-67-C",volumen,31.5,5.25,-26.25,0.042,0.007,750,750
7615,"LOPEZ CANTERO, MANUEL",2021→2022,2021,2022,44315,Apipasta PLUS - Pienso para Apicultura,vol_precio,35.84,85.68,49.84,0.028,0.056,1280,1530
6586,"DORADO TOMAS, VICENTE",2021→2022,2021,2022,44313,Apipasta Vitaminas 90% - Pienso para Apicultura,vol_precio,16.2,55.65,39.45,0.015,0.045,1080,1236.67
3111,"GOMEZ MARTIN, HUGO",2021→2022,2021,2022,44313,Apipasta Vitaminas 90% - Pienso para Apicultura,vol_precio,43974,99949.5,55975.5,48.6,77.85,904.81,1283.87
582,"HIJOS DE SALVADOR COSTA, S.L.",2021→2022,2021,2022,40000,Azúcar Blanco EEC Nº 2,vol_precio,63646.13,11020.5,-52625.63,125.675,14.1,506.43,781.6
4566,"CONFETICAKES, S.L.",2021→2022,2021,2022,65006,Azúcar en polvo LS Pallet Plast. ZK,prod_perdido,8365.5,null,-8365.5,11.7,null,715,null
8179,"PALOMERO LOPEZ, ROMAN",2021→2022,2021,2022,44313,Apipasta Vitaminas 90% - Pienso para Apicultura,vol_precio,94.5,226.8,132.3,0.105,0.21,900,1080
4587,"CARMAX GLASS, S.L.",2021→2022,2021,2022,62000,Mix Idoneo - Pienso Completo - Apicultura,vol_precio,3645.6,3712.8,67.20000000000027,5.04,4.2,723.33,884
3685,"GARCIA MADRAMANY, FRANCISCO",2021→2022,2021,2022,40001,Azúcar Blanco 150 ICUMSA,prod_perdido,775,null,-775,1.55,null,500,null
4115,"SANCHEZ BARRADO, JOSE MANUEL",2021→2022,2021,2022,62026,Apimix - Pienso Completo No Cristaliza- Apicultura,prod_perdido,20.72,null,-20.72,0.028,null,740,null
6164,"FERNANDEZ VILLA, GALO",2021→2022,2021,2022,62001,Apimix - Pienso completo - Apicultura,prod_perdido,31.08,null,-31.08,0.042,null,740,null
1446,"SANCHEZ GIRONES, ANTONIO",2021→2022,2021,2022,62001,Apimix - Pienso completo - Apicultura,prod_perdido,62.16,null,-62.16,0.084,null,740,null
2283,"ROENCAR, S.L.U.",2021→2022,2021,2022,60105,"Azúcar PI 73,5-67",vol_precio,154.84,144.2,-10.640000000000015,0.197,0.14,785.99,1030
1252,"APIGALOES, S.C.",2021→2022,2021,2022,44315,Apipasta PLUS - Pienso para Apicultura,vol_precio,12994.8,6602.4,-6392.4,10.584,4.2,1227.78,1572
1149,"UNION GENIL, S.C.A",2021→2022,2021,2022,43000,Maltitol Liquido 75-5308,volumen,8169.58,25356.03,17186.449999999997,7.135,22.145,1145,1145
5429,"NAVARRO VELLISCA, TOMAS",2021→2022,2021,2022,44313,Apipasta Vitaminas 90% - Pienso para Apicultura,vol_precio,121.5,121.5,0,0.135,0.09,900,1350
3987,"GUADANATUR, S.L.",2021→2022,2021,2022,62001,Apimix - Pienso completo - Apicultura,vol_precio,4262.4,3204,-1058.3999999999996,5.76,3.6,740,890
876,"DULPESAN, S.L.",2021→2022,2021,2022,41000,Fructosa MAIZ Cristal,prod_perdido,270,null,-270,0.2,null,1350,null
6748,"QUIMIND GREEN, LDA.",2021→2022,2021,2022,61200,Fosvitae 85%,vol_precio,352.24,12897.67,12545.43,0.148,3.316,2380,3889.53
6196,"APITIENDA SOLTAN, S.L.",2021→2022,2021,2022,44310,Apipasta 90% - Pienso completo - Apicultura,prod_perdido,2337,null,-2337,2.85,null,820,null
6208,"QUILES MOLINES, JOSE ANTONIO",2021→2022,2021,2022,44313,Apipasta Vitaminas 90% - Pienso para Apicultura,prod_perdido,264.6,null,-264.6,0.27,null,980,null
5943,"VALLES DE CORDOBA, S.L.",2021→2022,2021,2022,43100,Sorbitol Liquido 70% No cristalizable,prod_perdido,1176,null,-1176,1.2,null,980,null
7535,"DULCES LA RONDEÑA, S.L.",2021→2022,2021,2022,40000,Azúcar Blanco EEC Nº 2,prod_perdido,14742,null,-14742,23.4,null,630,null
506,"ACEITES LA CANAL, S.A.",2021→2022,2021,2022,60114,"Azúcar PI 73,5-67-C",vol_precio,666.54,1673.84,1007.3,0.966,1.477,690,1133.27
1430,"BYC CHEMICAL, S.L.",2021→2022,2021,2022,42000,Dextrosa Cristal Monohidrato Maiz,vol_precio,31620,28600,-3020,46.5,27.5,680,1040
2057,"BACK EUROP ESPAÑA, S.L",2021→2022,2021,2022,65005,Azúcar en polvo LS,vol_precio,16302,13674.37,-2627.629999999999,19.5,11.7,836,1168.75
448,"ESGIR, S.L.",2021→2022,2021,2022,40000,Azúcar Blanco EEC Nº 2,vol_precio,47212.5,29437.5,-17775,92.1,47.1,512.62,625
1456,"ALIMENTOS AMORODO, S.L.",2021→2022,2021,2022,40200,Azúcar Golden - BIO - ES-ECO-024-MU (Agric No UE),prod_perdido,3820,null,-3820,3,null,1273.33,null
501,"ADM WILD VALENCIA, S.A.U.",2021→2022,2021,2022,60124,"Azúcar PI 73,5-67 WILD VAL.",prod_perdido,12493.52,null,-12493.52,24.026,null,520,null
1135,"ABRIL ABRIL, ALFONSO",2021→2022,2021,2022,62001,Apimix - Pienso completo - Apicultura,volumen,3744,936,-2808,4.8,1.2,780,780
5819,"CASTELLON AGUILAR, FRANCISCO JAVIER",2021→2022,2021,2022,42000,Dextrosa Cristal Monohidrato Maiz,vol_precio,1930,2392.5,462.5,3.325,2.75,580.45,870
1119,"APILORE, S.L.",2021→2022,2021,2022,44315,Apipasta PLUS - Pienso para Apicultura,volumen,1218,7392,6174,0.84,5.04,1450,1466.67
614,"MANUFACTURAS TABERNER,S.A.",2021→2022,2021,2022,40110,Azúcar Moreno Brown (Azucarera),prod_perdido,445,null,-445,0.5,null,890,null
2347,"DESTILERIAS WIFREDO RIZO, S.L.",2021→2022,2021,2022,44010,Fructor 10/81,vol_precio,732,1587.5,855.5,1.2,1.25,610,1270
7884,"SONTRAVENTO, LLC",2021→2022,2021,2022,44315,Apipasta PLUS - Pienso para Apicultura,precio,999.6,1197,197.39999999999998,0.84,0.84,1190,1425
3724,"CEBELLAN PEÑALVER, DAMASO",2021→2022,2021,2022,62001,Apimix - Pienso completo - Apicultura,prod_perdido,31.08,null,-31.08,0.042,null,740,null
2037,"INDUSTRIAS ESPADAFOR, S.A",2021→2022,2021,2022,60105,"Azúcar PI 73,5-67",vol_precio,4050,352.8,-3697.2,6.001,0.336,674.89,1050
7218,"NUVI FRUITS, S.A.",2021→2022,2021,2022,60105,"Azúcar PI 73,5-67",prod_perdido,13338,null,-13338,18,null,741,null
2337,"METAROM IBERICA, S.A.U.",2021→2022,2021,2022,60207,Azúcar TIEN 67.100,prod_perdido,879.75,null,-879.75,1.173,null,750,null
4253,"CANETE SANTA MONICA, JOSE MANUEL",2021→2022,2021,2022,44313,Apipasta Vitaminas 90% - Pienso para Apicultura,sin_actividad,0,null,0,0,null,null,null
4329,"ZAFRA SANTILLANA, ELOY",2021→2022,2021,2022,62001,Apimix - Pienso completo - Apicultura,vol_precio,4090.06,1869,-2221.06,5.724,2.1,714.55,890
1545,"VICENTE FRIAS, PEDRO ",2021→2022,2021,2022,44315,Apipasta PLUS - Pienso para Apicultura,volumen,449.82,621.18,171.35999999999996,0.294,0.406,1530,1530
471,"FADICAMO, S.A.",2021→2022,2021,2022,43050,Maltitol en Polvo,vol_precio,2500,22895,20395,1,11,2500,2081.36
418,"MANUFACTURAS CEYLAN, S.L.",2021→2022,2021,2022,40000,Azúcar Blanco EEC Nº 2,vol_precio,176350.08,168591.62,-7758.459999999992,337.44,282.84,522.61,596.07
4885,"NAVARRE PEREZ, JOSE ANTONIO",2021→2022,2021,2022,40000,Azúcar Blanco EEC Nº 2,prod_perdido,55,null,-55,0.1,null,550,null
6208,"QUILES MOLINES, JOSE ANTONIO",2021→2022,2021,2022,40200,Azúcar Golden - BIO - ES-ECO-024-MU (Agric No UE),prod_perdido,236.25,null,-236.25,0.175,null,1350,null
551,"ICE CREAM FACTORY COMAKER, S.A.",2021→2022,2021,2022,99950,Producto de Pruebas Líquido - 1,prod_perdido,5089.28,null,-5089.28,10.24,null,497,null
6446,"ARROYO PURROY, JAIME",2021→2022,2021,2022,44313,Apipasta Vitaminas 90% - Pienso para Apicultura,vol_precio,472.5,567,94.5,0.539,0.525,876.62,1080
5049,"SERVICIOS INTEGRALES VETERINARIOS, S.L.",2021→2022,2021,2022,62026,Apimix - Pienso Completo No Cristaliza- Apicultura,prod_perdido,302.4,null,-302.4,0.42,null,720,null
1989,"CORTES RAMADA, CESAR",2021→2022,2021,2022,41000,Fructosa MAIZ Cristal,prod_perdido,27,null,-27,0.025,null,1080,null
7052,"VERGARA ROBERTO, ALBERTO",2021→2022,2021,2022,44313,Apipasta Vitaminas 90% - Pienso para Apicultura,prod_perdido,40.5,null,-40.5,0.045,null,900,null
1607,"APICOLA CERDA MARTINEZ, S.L.U.",2021→2022,2021,2022,44315,Apipasta PLUS - Pienso para Apicultura,prod_perdido,1016.4,null,-1016.4,0.84,null,1210,null
432,"CHOCOLATES ALGARRA, S.L.",2021→2022,2021,2022,40000,Azúcar Blanco EEC Nº 2,vol_precio,168749.98,175715.04,6965.059999999998,340.76,248.88,495.22,706.02
4767,"CAMAÑAS QUEROL, JOSE EVELIO",2021→2022,2021,2022,44313,Apipasta Vitaminas 90% - Pienso para Apicultura,prod_perdido,108,null,-108,0.12,null,900,null
448,"ESGIR, S.L.",2021→2022,2021,2022,44120,Glucor 45/80,vol_precio,19644.96,128348.3,108703.34,43.232,153.968,454.41,833.6
904,"DAMEL GROUP, S.L. ",2021→2022,2021,2022,44111,Glucor 60/82,prod_perdido,132340.6,null,-132340.6,183.492,null,721.23,null
436,"TURRONES JOSE GARRIGOS, S.A.",2021→2022,2021,2022,43100,Sorbitol Liquido 70% No cristalizable,vol_precio,9197,9660,463,10.82,8.4,850,1150
7169,"MASTRIGO BIO GOURMET, S.L.",2021→2022,2021,2022,42000,Dextrosa Cristal Monohidrato Maiz,vol_precio,940,2100,1160,1,2,940,1050
455,"EMILIO PEÑA, S.A.",2021→2022,2021,2022,44127,Glucor 45/80 Sin Serigrafiar,prod_perdido,475.2,null,-475.2,0.72,null,660,null
6631,"MAISON THIERCELIN, S.L.U.",2021→2022,2021,2022,40000,Azúcar Blanco EEC Nº 2,prod_perdido,676,null,-676,0.9,null,751.11,null
4369,"LA TIENDA DEL APICULTOR, S.L.U.",2021→2022,2021,2022,44015,Fructor 10/77,prod_perdido,2124,null,-2124,3.6,null,590,null
7379,"EARTH-MIND BUSINESS GROUP, S.L.",2021→2022,2021,2022,61237,Base Neutra MOP5050,sin_actividad,0,null,0,0.003,null,0,null
5489,"TECNOLOGIAS APICOLA CASTILBLANCO, S.L.",2021→2022,2021,2022,65005,Azúcar en polvo LS,prod_perdido,7239.38,null,-7239.38,9.75,null,742.5,null
574,"AZUCAR LUTOR, S.C.A.",2021→2022,2021,2022,42000,Dextrosa Cristal Monohidrato Maiz,prod_perdido,1280,null,-1280,2,null,640,null
266,"IBER COCKTAIL, S.L.",2021→2022,2021,2022,40000,Azúcar Blanco EEC Nº 2,vol_precio,725,472.5,-252.5,1,0.5,725,945
7185,"ILE AGROCENTRO LEON, S.L.",2021→2022,2021,2022,44314,Apipasta 90% - BIO - Pienso completo - Apicultura,vol_precio,1459.8,301.5,-1158.3,0.81,0.15,1802.22,2010
4965,"PEREZ BURGOS, JOSE VICENTE",2021→2022,2021,2022,44313,Apipasta Vitaminas 90% - Pienso para Apicultura,vol_precio,270,1275,1005,0.3,1.05,900,1214.29
4505,"FIESTA COLOMBINA, S.L.U.",2021→2022,2021,2022,41005,Fructosa MAIZ Cristal Granulada,vol_precio,2225,13297.8,11072.8,2.5,9.975,890,1333.11
2011,"BIOSUR PRODUCTOS AGRICOLAS, S.L.U.",2021→2022,2021,2022,62020,Mix Fructor Apicultor - Pienso completo - Apicult.,precio,684,816,132,1.2,1.2,570,680
481,"EL CATETO, S.L.",2021→2022,2021,2022,60105,"Azúcar PI 73,5-67",vol_precio,7494,8055.7,561.6999999999998,12,7.37,624.5,1093.04
3144,"DALLANT, S.A.",2021→2022,2021,2022,41000,Fructosa MAIZ Cristal,prod_perdido,2510,null,-2510,3,null,836.67,null
283,"BOLLERIA BJV, S.L.",2021→2022,2021,2022,44014,Fructor 10/71,vol_precio,5067.9,7998,2930.1000000000004,7.26,8.4,698.06,952.14
5002,"CERVEZAS FERNANDEZ PONS, S.L.",2021→2022,2021,2022,40200,Azúcar Golden - BIO - ES-ECO-024-MU (Agric No UE),prod_perdido,1160,null,-1160,0.8,null,1450,null
614,"MANUFACTURAS TABERNER,S.A.",2021→2022,2021,2022,40111,Azúcar Moreno Brown (Alvean),sin_actividad,0,null,0,0,null,null,null
314,"PASDULCE, S.L.",2021→2022,2021,2022,43100,Sorbitol Liquido 70% No cristalizable,vol_precio,3810,5688,1878,3.6,4.8,1058.33,1185
7732,"MATEOS MUÑOZ, JUAN LUIS",2021→2022,2021,2022,40204,Azúcar BIO 600-1200 -ES-ECO-024-MU (Agric No EU),prod_perdido,139,null,-139,0.1,null,1390,null
8014,FOOD & JUICE INGREDIENTS KFT,2021→2022,2021,2022,99950,Producto de Pruebas Líquido - 1,sin_actividad,0,null,0,0.3,null,0,null
1919,"MACIAS DE LA CORTE, MIRIAN",2021→2022,2021,2022,40203,Azúcar BIO 300-500 -ES-ECO-024-MU (Agric No EU),prod_perdido,1113.75,null,-1113.75,0.825,null,1350,null
4167,"HUELAMO JURADO, MARCOS",2021→2022,2021,2022,62001,Apimix - Pienso completo - Apicultura,vol_precio,31.08,87.22,56.14,0.042,0.098,740,890
3187,"AZELIS ESPAÑA, S.A.",2021→2022,2021,2022,44093,Fructor 100/80,sin_actividad,0,null,0,0.001,null,0,null
7872,"GRANALIA ICE CREAM, S.L.",2021→2022,2021,2022,60000,Azúcar Líquida Neutra 67º,prod_perdido,7583.4,null,-7583.4,8.795,null,862.24,null
1864,MELAZAHAR COOP. V.,2021→2022,2021,2022,41000,Fructosa MAIZ Cristal,prod_perdido,130,null,-130,0.125,null,1040,null
1117,COMERCIAL RUIZ ARRIBAS S. XXI. S.L.,2021→2022,2021,2022,44015,Fructor 10/77,prod_perdido,3770.85,null,-3770.85,5.465,null,690,null
349,"MAGDALENAS CORDOVILLA, S.L.",2021→2022,2021,2022,60114,"Azúcar PI 73,5-67-C",vol_precio,355.32,262.08,-93.24000000000001,0.378,0.224,940,1170
7185,"ILE AGROCENTRO LEON, S.L.",2021→2022,2021,2022,44313,Apipasta Vitaminas 90% - Pienso para Apicultura,vol_precio,86099.4,86917.5,818.1000000000058,98.385,84.45,875.13,1029.22
290,"IGH FLAVOURS TECHNOLOGY, S.A.U.",2021→2022,2021,2022,40000,Azúcar Blanco EEC Nº 2,vol_precio,12432,214768.32,202336.32,24,344.101,518,624.14
5292,"RAMON CUSINE HILL, S.A.U.",2021→2022,2021,2022,42000,Dextrosa Cristal Monohidrato Maiz,prod_perdido,37890,null,-37890,66,null,574.09,null
4619,"EUROPEA DE APICULTURA, S.L.",2021→2022,2021,2022,44314,Apipasta 90% - BIO - Pienso completo - Apicultura,prod_perdido,153,null,-153,0.09,null,1700,null
4154,"HEALTHY RAW MATERIALS, S.L.",2021→2022,2021,2022,61228,Fosvitae 95% Plus,sin_actividad,0,null,0,0.003,null,0,null
4701,"BROCAL OBRADOR Y RESTAURACION, S.L.",2021→2022,2021,2022,42000,Dextrosa Cristal Monohidrato Maiz,prod_perdido,17,null,-17,0.025,null,680,null
5512,"ORTA VAZ, ISABEL",2021→2022,2021,2022,44313,Apipasta Vitaminas 90% - Pienso para Apicultura,prod_perdido,4567.5,null,-4567.5,5.25,null,870,null
6849,"GARCIA HERRADA, PEDRO PABLO",2021→2022,2021,2022,44313,Apipasta Vitaminas 90% - Pienso para Apicultura,sin_cambio,1134,1134,0,1.05,1.05,1080,1080
5498,"GARCIA GARCIA, TAMARA",2021→2022,2021,2022,44315,Apipasta PLUS - Pienso para Apicultura,prod_perdido,143.36,null,-143.36,0.112,null,1280,null
1314,"MANUFACTURAS PIBERNAT, S.L.",2021→2022,2021,2022,42000,Dextrosa Cristal Monohidrato Maiz,vol_precio,4725,15002.5,10277.5,7.5,13.5,630,1111.3
225,"FRUTAS Y CONSERVAS DE MURCIA, S.L.",2021→2022,2021,2022,61220,Mixco Sweet 65-00.5050,vol_precio,71628.96,68413.16,-3215.800000000003,121.76,72.315,588.28,946.04
3478,"APICOLA LA PARRA, S.L.U.",2021→2022,2021,2022,44301,Azucar Blanco – Materia Prima para Piensos,prod_perdido,12720,null,-12720,24,null,530,null
609,"ALBORCHATA,S.L.",2021→2022,2021,2022,40000,Azúcar Blanco EEC Nº 2,vol_precio,50817.53,53675.6,2858.0699999999997,106.095,90.08,478.98,595.87
459,"VIGARTO, S.L.U.",2021→2022,2021,2022,60010,Azúcar Liquida Neutra S.A.,vol_precio,17668.83,9436.93,-8231.900000000001,25.607,11.707,690,806.09
2909,"MANIPULADOS DE CEBOLLAS Y DERIVADOS, S.L.",2021→2022,2021,2022,40113,Azúcar Moreno Brown C,vol_precio,36995,38400,1405,49,48,755,800
2289,"RODRIGUEZ HERRERO, ANTONIO",2021→2022,2021,2022,44015,Fructor 10/77,prod_perdido,6927.18,null,-6927.18,12.948,null,535,null
347,"LOPEZ SANCHEZ, MARIA ISABEL",2021→2022,2021,2022,62026,Apimix - Pienso Completo No Cristaliza- Apicultura,prod_perdido,630,null,-630,1,null,630,null
3683,"MADRID JULVE, LUIS",2021→2022,2021,2022,62026,Apimix - Pienso Completo No Cristaliza- Apicultura,prod_perdido,152.5,null,-152.5,0.25,null,610,null
293,"TORRENTE OCHOA, ANTONIO",2021→2022,2021,2022,44315,Apipasta PLUS - Pienso para Apicultura,vol_precio,1075.2,2142,1066.8,0.84,1.4,1280,1530
8348,"BURGODIST, S.L.U.",2021→2022,2021,2022,44313,Apipasta Vitaminas 90% - Pienso para Apicultura,prod_perdido,2268,null,-2268,2.1,null,1080,null
6549,"GARRIDO BAÑOS, MANUEL",2021→2022,2021,2022,62001,Apimix - Pienso completo - Apicultura,prod_perdido,300.44,null,-300.44,0.406,null,740,null
3813,"SOLDADO LLACER, EDUARDO LUIS",2021→2022,2021,2022,44315,Apipasta PLUS - Pienso para Apicultura,prod_perdido,179.2,null,-179.2,0.14,null,1280,null
3211,"PEREZ BARRERA, FRANCISCO",2021→2022,2021,2022,42000,Dextrosa Cristal Monohidrato Maiz,prod_perdido,17,null,-17,0.025,null,680,null
6404,"VILANOVA TORT, DAVID",2021→2022,2021,2022,40000,Azúcar Blanco EEC Nº 2,prod_perdido,1100,null,-1100,2,null,550,null
6146,"JUAN JIMENEZ GARCIA, S.A.U.",2021→2022,2021,2022,41000,Fructosa MAIZ Cristal,prod_perdido,3836,null,-3836,4,null,959,null
1661,"DELAVIUDA ALIMENTACION, S.A",2021→2022,2021,2022,61228,Fosvitae 95% Plus,sin_actividad,0,null,0,0.005,null,0,null
3387,"GONZALEZ VILLALBA, MARIA JOSE",2021→2022,2021,2022,44310,Apipasta 90% - Pienso completo - Apicultura,prod_perdido,198,null,-198,0.225,null,880,null
3089,"CANTIN CEBRIAN, JESUS MIGUEL",2021→2022,2021,2022,40000,Azúcar Blanco EEC Nº 2,vol_precio,1980,810,-1170,3.6,0.9,550,900
2057,"BACK EUROP ESPAÑA, S.L",2021→2022,2021,2022,62400,Fondant ES-R01,vol_precio,1228.8,1200,-28.799999999999955,1.92,0.96,640,1250
4002,"ABB MJ FERNANDEZ ARANDA, S.L.",2021→2022,2021,2022,65005,Azúcar en polvo LS,vol_precio,25496.25,21586.5,-3909.75,32.175,17.55,792.42,1230
1631,"SALMERON SAN JUAN, SALVADOR",2021→2022,2021,2022,62026,Apimix - Pienso Completo No Cristaliza- Apicultura,prod_perdido,780,null,-780,1.2,null,650,null
1202,"APIGLASS ENVAS. Y MAT. APICOLA, S.L.",2021→2022,2021,2022,40000,Azúcar Blanco EEC Nº 2,prod_perdido,7965,null,-7965,13.5,null,590,null
3872,"EL DUO HARINERO, S.A.",2021→2022,2021,2022,62400,Fondant ES-R01,sin_actividad,0,null,0,0.016,null,0,null
5661,"MONFORT CEBRIAN, WILMAR",2021→2022,2021,2022,44315,Apipasta PLUS - Pienso para Apicultura,prod_perdido,1145.2,null,-1145.2,0.84,null,1363.33,null
2211,"GIL MARTINEZ, FRANCISCO GABRIEL",2021→2022,2021,2022,44313,Apipasta Vitaminas 90% - Pienso para Apicultura,vol_precio,189,324,135,0.21,0.3,900,1080
3156,"FINI GOLOSINAS ESPAÑA, S.L.U.",2021→2022,2021,2022,62152,Jarabe de Melaza- Extra Soft (Rojo),vol_precio,22807.38,32412.01,9604.629999999997,32.136,36.948,709.71,877.23
2129,"CORTES BUSSINESS CORPORATION, S.L.",2021→2022,2021,2022,44093,Fructor 100/80,prod_perdido,3384,null,-3384,4.8,null,705,null
7826,"TOSTASOL FRUTOS SECOS, S.L.",2021→2022,2021,2022,62150,Jarabe de Melaza de Caña,prod_perdido,1177.6,null,-1177.6,1.28,null,920,null
6834,"MENDES GONÇALVES, S.A.",2021→2022,2021,2022,62150,Jarabe de Melaza de Caña,sin_actividad,0,null,0,0.001,null,0,null
4406,"BELMAR GRAU, JONATAN",2021→2022,2021,2022,44313,Apipasta Vitaminas 90% - Pienso para Apicultura,vol_precio,572.4,182.25,-390.15,0.555,0.15,1031.35,1215
5468,"SAIZ PRIETO, JOSE ELIAS",2021→2022,2021,2022,44315,Apipasta PLUS - Pienso para Apicultura,vol_precio,53.76,177.52,123.76000000000002,0.042,0.168,1280,1056.67
1241,"ACEITES DEL SUR-COOSUR, S.A.",2021→2022,2021,2022,40000,Azúcar Blanco EEC Nº 2,vol_precio,176557,221214,44657,331,238.4,533.4,927.91
793,"PASTISSERIA TORRENT, S.L.",2021→2022,2021,2022,65005,Azúcar en polvo LS,prod_perdido,191.25,null,-191.25,0.225,null,850,null
444,"LICORES SINC, S.A.",2021→2022,2021,2022,60012,Azúcar Liquida Neutra S.A. – pH 3,vol_precio,5216.86,2056.8,-3160.0599999999995,8.354,2.4,624.47,857
3294,"PUNTO GOFRE, S.L.",2021→2022,2021,2022,60210,Azúcar Invertido 80º,vol_precio,48405.91,28392.3,-20013.610000000004,63.479,29.54,762.55,961.15
5998,"FRANCISCO ARAGON, S.L.U.",2021→2022,2021,2022,61104,Mixco Sweet 81-05.5041 A-MI,prod_perdido,1493.95,null,-1493.95,1.213,null,1231.62,null
7755,SAS LA CHENERAIE,2021→2022,2021,2022,62001,Apimix - Pienso completo - Apicultura,sin_cambio,695.52,695.52,0,0.84,0.84,828,828
3924,"GRAS LOPEZ, MIGUEL",2021→2022,2021,2022,44313,Apipasta Vitaminas 90% - Pienso para Apicultura,vol_precio,40.5,32.4,-8.100000000000001,0.045,0.03,900,1080
7871,"DOMINIO DE LA VEGA, S.L.",2021→2022,2021,2022,40200,Azúcar Golden - BIO - ES-ECO-024-MU (Agric No UE),prod_perdido,742.5,null,-742.5,0.55,null,1350,null
3050,"APICOLA  ALONSAN, S.COOP",2021→2022,2021,2022,44313,Apipasta Vitaminas 90% - Pienso para Apicultura,precio,4620,5512.5,892.5,5.25,5.25,880,1050
455,"EMILIO PEÑA, S.A.",2021→2022,2021,2022,60202,Azúcar TIEN 71.100,sin_actividad,0,null,0,0.001,null,0,null
5341,"HUMICOS Y DERIVADOS, S.L.",2021→2022,2021,2022,60001,Azúcar Líquida Neutra 67º - C,vol_precio,4230,15784.1,11554.1,6,16.981,705,929.52
1339,COOP. VINICOLA LA VIÑA,2021→2022,2021,2022,60000,Azúcar Líquida Neutra 67º,vol_precio,4954.2,4008,-946.1999999999998,7.18,4.8,690,835
7969,"MANIPULADOS NICOLA, S.L.U.",2021→2022,2021,2022,40000,Azúcar Blanco EEC Nº 2,prod_perdido,88.5,null,-88.5,0.15,null,590,null
7750,"A.HAUPOLD, S.L.",2021→2022,2021,2022,60000,Azúcar Líquida Neutra 67º,sin_actividad,0,null,0,0.006,null,0,null
1854,"ROYPAS BY NUTRIS, S.A.",2021→2022,2021,2022,44111,Glucor 60/82,prod_perdido,27982.5,null,-27982.5,53.3,null,525,null
192,"AZUCREN, S.L.",2021→2022,2021,2022,60122,"Azúcar PI 73,5-67-C Sin Serigrafiar",vol_precio,2060.45,1816.5,-243.94999999999982,2.52,1.75,817.64,1038
2057,"BACK EUROP ESPAÑA, S.L",2021→2022,2021,2022,44131,Glucor 37/79,prod_perdido,1350.72,null,-1350.72,2.016,null,670,null
6036,SARL API-BOURGOGNE,2021→2022,2021,2022,44314,Apipasta 90% - BIO - Pienso completo - Apicultura,vol_precio,9408,19336.8,9928.8,5.25,9.45,1792,2046.22
4587,"CARMAX GLASS, S.L.",2021→2022,2021,2022,62001,Apimix - Pienso completo - Apicultura,vol_precio,425.18,1782.9,1357.72,0.532,1.876,799.21,950.37
3090,"JOSE LUIS SUPERVIA, S.L.",2021→2022,2021,2022,42000,Dextrosa Cristal Monohidrato Maiz,prod_perdido,450,null,-450,0.6,null,750,null
7864,"COMERCIAL GUIRALSA, S.L.",2021→2022,2021,2022,44313,Apipasta Vitaminas 90% - Pienso para Apicultura,prod_perdido,2709,null,-2709,3.15,null,860,null
7110,"ENVASADOS ECOLOGICOS LOLA, S.L.",2021→2022,2021,2022,40201,Azúcar Blanco BIO ES-ECO-024-MU Ag No UE,prod_perdido,540,null,-540,0.4,null,1350,null
2925,"BIGMAN NUTRITION, S.L.",2021→2022,2021,2022,43000,Maltitol Liquido 75-5308,sin_actividad,0,null,0,0.001,null,0,null
618,"BAYOGAR, S.L.",2021→2022,2021,2022,62411,Fondant ES-R01-Bayogar (Etiq. Plastica Anonima),vol_precio,9643.44,18418.24,8774.800000000001,10.128,13.824,952.16,1332.34
889,"ESPECIALIDADES DEL OBRADOR, S.L.",2021→2022,2021,2022,60105,"Azúcar PI 73,5-67",vol_precio,837.41,392,-445.40999999999997,0.98,0.35,854.5,1120
4329,"ZAFRA SANTILLANA, ELOY",2021→2022,2021,2022,61177,Mixco Sweet 81-00.0932 A-MI,prod_perdido,1163.5,null,-1163.5,1.3,null,895,null
3719,"CARCEL EJARTE, EMILIO",2021→2022,2021,2022,44315,Apipasta PLUS - Pienso para Apicultura,prod_perdido,85.68,null,-85.68,0.056,null,1530,null
5818,"PITARCH ALBERT, JOSE LUIS",2021→2022,2021,2022,62001,Apimix - Pienso completo - Apicultura,prod_perdido,5478,null,-5478,6.6,null,830,null
5366,"ROGER VERDEGUER, MIGUEL ANGEL",2021→2022,2021,2022,62026,Apimix - Pienso Completo No Cristaliza- Apicultura,prod_perdido,31.08,null,-31.08,0.042,null,740,null
7848,AISAKOS. S.A.,2021→2022,2021,2022,61200,Fosvitae 85%,prod_perdido,56.42,null,-56.42,0.029,null,1945.52,null
3771,"ZULUETA MARTINEZ, PEDRO",2021→2022,2021,2022,44313,Apipasta Vitaminas 90% - Pienso para Apicultura,prod_perdido,41.4,null,-41.4,0.045,null,920,null
5822,"CIVAN ARICILIK TEKSTIL, SALIP SAN TIC LTD STI",2021→2022,2021,2022,99950,Producto de Pruebas Líquido - 1,sin_actividad,0,null,0,1.344,null,0,null
2312,"TOMCOEX, S.A.",2021→2022,2021,2022,40201,Azúcar Blanco BIO ES-ECO-024-MU Ag No UE,prod_perdido,44100,null,-44100,35,null,1260,null
6267,"JUMEL ALIMENTARIA, S.A.",2021→2022,2021,2022,40000,Azúcar Blanco EEC Nº 2,vol_precio,240423.98,210335,-30088.98000000001,463.32,325.1,518.92,646.99
7867,"SINBLAT ALIMENTACION SALUDABLE, S.L.",2021→2022,2021,2022,60105,"Azúcar PI 73,5-67",precio,5046,8136,3090,7.2,7.2,700.83,1130
1649,"BLASCO APARICIO, SANDRA",2021→2022,2021,2022,40000,Azúcar Blanco EEC Nº 2,prod_perdido,206.25,null,-206.25,0.375,null,550,null
7801,"BAKHOUCH MARGHADI, HASSAN ",2021→2022,2021,2022,44313,Apipasta Vitaminas 90% - Pienso para Apicultura,prod_perdido,270,null,-270,0.3,null,900,null
192,"AZUCREN, S.L.",2021→2022,2021,2022,62413,Fondant ES-R04 - Jacobo Lozano (Etiq. Cliente),vol_precio,11494.58,17187.38,5692.800000000001,13.155,15.075,873.78,1140.12
3250,"OSBORNE DISTRIBUIDORA, S.A.",2021→2022,2021,2022,60010,Azúcar Liquida Neutra S.A.,prod_perdido,163746.62,null,-163746.62,412.46,null,397,null
537,"COGALAR, S.L.",2021→2022,2021,2022,44015,Fructor 10/77,prod_perdido,8582,null,-8582,11.62,null,738.55,null
394,"VIÑA COSTEIRA, S.C.G.",2021→2022,2021,2022,60217,TIEN 71.100 Vitivinícola del Ribeiro,vol_precio,13962,9445.35,-4516.65,15.6,8.936,895,1057
7925,"TIERRAS DEL PALANCIA, S.L.",2021→2022,2021,2022,62020,Mix Fructor Apicultor - Pienso completo - Apicult.,prod_perdido,103.6,null,-103.6,0.14,null,740,null
457,"AMAHER, S.L.",2021→2022,2021,2022,43100,Sorbitol Liquido 70% No cristalizable,vol_precio,63684.39,22572,-41112.39,82.707,22.8,770,990
4372,"DEL RIO TORRELLAS, PABLO",2021→2022,2021,2022,44315,Apipasta PLUS - Pienso para Apicultura,prod_perdido,546,null,-546,0.42,null,1300,null
6877,"BERGUA BRUN, ANGEL",2021→2022,2021,2022,44315,Apipasta PLUS - Pienso para Apicultura,prod_perdido,179.2,null,-179.2,0.14,null,1280,null
3152,"GIL ALFARO, JESUS",2021→2022,2021,2022,44313,Apipasta Vitaminas 90% - Pienso para Apicultura,prod_perdido,234.9,null,-234.9,0.225,null,1044,null
2916,"SUC. DE MUÑOZ Y PUJANTE, S.L.",2021→2022,2021,2022,42000,Dextrosa Cristal Monohidrato Maiz,vol_precio,38770,31386.25,-7383.75,56,32.75,692.32,958.36
6427,"PRODUCTOS OLE Y OLE, S.L.",2021→2022,2021,2022,60114,"Azúcar PI 73,5-67-C",vol_precio,17261.4,8220,-9041.400000000001,22.215,8.4,777.02,978.57
200,MARIN GIMENEZ HNOS. S.A.,2021→2022,2021,2022,44010,Fructor 10/81,prod_perdido,3379.8,null,-3379.8,5,null,675.96,null
2129,"CORTES BUSSINESS CORPORATION, S.L.",2021→2022,2021,2022,64040,Nectar Base 8 74º,prod_perdido,22896,null,-22896,21.612,null,1059.41,null
458,"CASTY, S.A.",2021→2022,2021,2022,41005,Fructosa MAIZ Cristal Granulada,vol_precio,20425,11160,-9265,25,10,817,1116
481,"EL CATETO, S.L.",2021→2022,2021,2022,43050,Maltitol en Polvo,prod_perdido,7075.13,null,-7075.13,4.275,null,1655,null
356,"TRIGUEROS ROBLES, MARIANO",2021→2022,2021,2022,62026,Apimix - Pienso Completo No Cristaliza- Apicultura,prod_perdido,486.92,null,-486.92,0.658,null,740,null
7829,"ORANGE VALENCIA WORLD, S.L. ",2021→2022,2021,2022,99950,Producto de Pruebas Líquido - 1,sin_actividad,0,null,0,0.003,null,0,null
457,"AMAHER, S.L.",2021→2022,2021,2022,44080,Fructor 85/75,vol_precio,6399.84,5184,-1215.8400000000001,6.867,4.8,931.97,1080
8441,"SANTA MARÍA CASTELLANO, FRANCISCO",2021→2022,2021,2022,44313,Apipasta Vitaminas 90% - Pienso para Apicultura,prod_perdido,48.6,null,-48.6,0.045,null,1080,null
5373,"VERTICE DE INNOVACION Y DESAR.DE ALIMENTOS, S.A.U.",2021→2022,2021,2022,99950,Producto de Pruebas Líquido - 1,sin_actividad,0,null,0,0.002,null,0,null
7600,"RODRIGUEZ LOZANO, FRANCISCO JAVIER",2021→2022,2021,2022,44315,Apipasta PLUS - Pienso para Apicultura,vol_precio,42.84,106.68,63.84,0.028,0.056,1530,1905
4002,"ABB MJ FERNANDEZ ARANDA, S.L.",2021→2022,2021,2022,44313,Apipasta Vitaminas 90% - Pienso para Apicultura,precio,1848,3087,1239,2.1,2.1,880,1470
7921,"GRANIZADOS MARESME, S.L.",2021→2022,2021,2022,99950,Producto de Pruebas Líquido - 1,sin_actividad,0,null,0,0.003,null,0,null
7864,"COMERCIAL GUIRALSA, S.L.",2021→2022,2021,2022,62001,Apimix - Pienso completo - Apicultura,prod_perdido,1209.6,null,-1209.6,1.68,null,720,null
5989,"T500 PURATOS, S.A.",2021→2022,2021,2022,65027,Azúcar en Polvo-LS Micronizada,prod_perdido,2691,null,-2691,2.925,null,920,null
4045,HEINEKEN GLOBAL PROCUREMENT B.V.,2021→2022,2021,2022,60005,Azúcar Liquida Neutra en M.Seca,vol_precio,1128090.34,882585.12,-245505.2200000001,1927.947,1268.443,585.13,695.8
197,"J. GARCIA CARRION, S.A.",2021→2022,2021,2022,61121,Mixco Sweet 68-00.5050,prod_perdido,709267.12,null,-709267.12,892.88,null,794.36,null
1987,"GOMEZ MURRIA, RAFAEL",2021→2022,2021,2022,44313,Apipasta Vitaminas 90% - Pienso para Apicultura,vol_precio,634.5,1944,1309.5,0.705,1.8,900,1080
6557,"MAR FERTILIZANTES, S.L.",2021→2022,2021,2022,44015,Fructor 10/77,vol_precio,7392,1488,-5904,13.2,1.2,560,1240
1041,"HERRERO ABARCA, JOSE MARIA",2021→2022,2021,2022,44313,Apipasta Vitaminas 90% - Pienso para Apicultura,vol_precio,1606.5,3402,1795.5,1.575,3.15,1020,1080
484,"PRODUCTOS LA PILARICA, S.A.",2021→2022,2021,2022,42001,Dextrosa C.Monohidrato Maiz Pallet Plast.  CHEP,vol_precio,75744.5,5950,-69794.5,117.25,7,646.01,850
3023,DIST. Y REPR. JOSE MIGUEL S.L.U.,2021→2022,2021,2022,43000,Maltitol Liquido 75-5308,sin_actividad,0,null,0,0.004,null,0,null
8325,"RUIZ DIAZ, ANTONIO",2021→2022,2021,2022,44315,Apipasta PLUS - Pienso para Apicultura,prod_perdido,21.42,null,-21.42,0.014,null,1530,null
5661,"MONFORT CEBRIAN, WILMAR",2021→2022,2021,2022,44313,Apipasta Vitaminas 90% - Pienso para Apicultura,prod_perdido,1404,null,-1404,1.35,null,1040,null
7981,"PAVLIK, PETR",2021→2022,2021,2022,44315,Apipasta PLUS - Pienso para Apicultura,sin_actividad,0,null,0,0.006,null,0,null
7042,"MINAYA CORRAL, GREGORIO",2021→2022,2021,2022,44313,Apipasta Vitaminas 90% - Pienso para Apicultura,prod_perdido,170.1,null,-170.1,0.165,null,1030.91,null
3691,"RUBIO GIMENO, MIGUEL",2021→2022,2021,2022,44313,Apipasta Vitaminas 90% - Pienso para Apicultura,vol_precio,54,69.75,15.75,0.06,0.045,900,1550
3600,"CEBELLAN PEÑALVER, JOAQUIN",2021→2022,2021,2022,44313,Apipasta Vitaminas 90% - Pienso para Apicultura,prod_perdido,81,null,-81,0.09,null,900,null
6332,"NAVALES MONTERUBIO, TOMAS",2021→2022,2021,2022,44313,Apipasta Vitaminas 90% - Pienso para Apicultura,prod_perdido,1134,null,-1134,1.05,null,1080,null
1787,"DULCES DEL TURIA, S.L.",2021→2022,2021,2022,60114,"Azúcar PI 73,5-67-C",vol_precio,4250.61,3450.45,-800.1599999999999,5.292,2.467,803.21,1398.64
389,"OLIVER ALVAREZ, VIRGINIA",2021→2022,2021,2022,44313,Apipasta Vitaminas 90% - Pienso para Apicultura,prod_perdido,945,null,-945,1.05,null,900,null
6048,"BLENDAMA, S.L.",2021→2022,2021,2022,40000,Azúcar Blanco EEC Nº 2,vol_precio,2352.6,2457,104.40000000000009,3.6,2.7,653.5,910
7126,"BENGOTXEA ANDIKOETXEA, HAIZEA",2021→2022,2021,2022,40200,Azúcar Golden - BIO - ES-ECO-024-MU (Agric No UE),prod_perdido,725,null,-725,0.5,null,1450,null
7584,"LEIVA MESANZA, ROSARIO",2021→2022,2021,2022,44301,Azucar Blanco – Materia Prima para Piensos,prod_perdido,6075,null,-6075,11,null,552.27,null
1117,COMERCIAL RUIZ ARRIBAS S. XXI. S.L.,2021→2022,2021,2022,40113,Azúcar Moreno Brown C,volumen,9555,7595,-1960,9.75,7.75,980,980
5187,"DISTRIBUCIONES VARPEN, S.L.",2021→2022,2021,2022,65015,Azúcar en polvo LM,vol_precio,890.18,4134,3243.82,0.975,3.9,913.01,1060
5900,"CASILLAS FLORES, JOSE LUIS",2021→2022,2021,2022,62026,Apimix - Pienso Completo No Cristaliza- Apicultura,prod_perdido,315,null,-315,0.5,null,630,null
1202,"APIGLASS ENVAS. Y MAT. APICOLA, S.L.",2021→2022,2021,2022,44310,Apipasta 90% - Pienso completo - Apicultura,vol_precio,9849,10290,441,11.55,10.5,852.73,980
3681,"ZABALLOS GARZON, SALVADOR",2021→2022,2021,2022,62001,Apimix - Pienso completo - Apicultura,prod_perdido,207.2,null,-207.2,0.28,null,740,null
190,"ALCURNIA ALIMENTACION, S.L.U",2021→2022,2021,2022,40003,Azúcar Blanco EEC Nº 2 REMOLACHA,volumen,24000,232200,208200,48,464.4,500,500
3111,"GOMEZ MARTIN, HUGO",2021→2022,2021,2022,44315,Apipasta PLUS - Pienso para Apicultura,vol_precio,4200,11844,7644,3.36,7.56,1250,1566.67
4938,"LUJAN GARCIA, JOSE",2021→2022,2021,2022,44313,Apipasta Vitaminas 90% - Pienso para Apicultura,prod_perdido,162,null,-162,0.18,null,900,null
2442,"EKOLO PRODUCTOS ECOLOGICOS, S.A.",2021→2022,2021,2022,40200,Azúcar Golden - BIO - ES-ECO-024-MU (Agric No UE),sin_actividad,0,null,0,0.001,null,0,null
498,"REPOSTERIA VALVERDE, S.L.",2021→2022,2021,2022,44015,Fructor 10/77,prod_perdido,3036,null,-3036,4.8,null,632.5,null
4370,"BERMUDEZ GARCIA, MERCEDES",2021→2022,2021,2022,44315,Apipasta PLUS - Pienso para Apicultura,vol_precio,698.88,771.12,72.24000000000001,0.546,0.504,1280,1530
4242,"FITOPAL, S.L.",2021→2022,2021,2022,44310,Apipasta 90% - Pienso completo - Apicultura,precio,396,472.5,76.5,0.45,0.45,880,1050
3872,"EL DUO HARINERO, S.A.",2021→2022,2021,2022,40000,Azúcar Blanco EEC Nº 2,prod_perdido,12880,null,-12880,25.76,null,500,null
2506,"MEJIAS GIMENEZ, JUAN GREGORIO",2021→2022,2021,2022,44315,Apipasta PLUS - Pienso para Apicultura,prod_perdido,1541.12,null,-1541.12,1.204,null,1280,null
8308,"CONSERVAS TORO LÓPEZ, S.L.",2021→2022,2021,2022,43000,Maltitol Liquido 75-5308,prod_perdido,3240,null,-3240,2.4,null,1350,null
265,"BLENDHUB, S.L",2021→2022,2021,2022,65005,Azúcar en polvo LS,prod_perdido,1215,null,-1215,1.5,null,810,null
3156,"FINI GOLOSINAS ESPAÑA, S.L.U.",2021→2022,2021,2022,40000,Azúcar Blanco EEC Nº 2,vol_precio,1405920,13500,-1392420,2929,18,480,750
542,"SDAD.ESPAÑOLA COLOR. NATURALES Y AFINES, S.A.U.",2021→2022,2021,2022,40000,Azúcar Blanco EEC Nº 2,vol_precio,116658,295426,178768,238.8,430.4,488.52,686.4
3936,"MARTINEZ DEL RIO, ISMAEL",2021→2022,2021,2022,62001,Apimix - Pienso completo - Apicultura,prod_perdido,20.72,null,-20.72,0.028,null,740,null
7772,"DULCES ARTESANOS ROMO, S.L.",2021→2022,2021,2022,40110,Azúcar Moreno Brown (Azucarera),prod_perdido,1353.75,null,-1353.75,1.5,null,902.5,null
580,"INDUSTRIAS VIDECA, S.A.",2021→2022,2021,2022,40003,Azúcar Blanco EEC Nº 2 REMOLACHA,volumen,327853.8,383071.8,55218,645.88,753.3,507.61,508.52
1143,"AZUCARES ANTOÑIN, S.L.",2021→2022,2021,2022,40113,Azúcar Moreno Brown C,prod_perdido,17871.88,null,-17871.88,20.425,null,875,null
4010,"CAMPOS MARTINEZ, JOSE ANGEL",2021→2022,2021,2022,44313,Apipasta Vitaminas 90% - Pienso para Apicultura,prod_perdido,270,null,-270,0.3,null,900,null
252,"CONSERVAS ALGUAZAS, S.L.",2021→2022,2021,2022,40000,Azúcar Blanco EEC Nº 2,prod_perdido,109.5,null,-109.5,0.15,null,730,null
1023,"TORRONS VICENS, S.L.",2021→2022,2021,2022,44131,Glucor 37/79,prod_perdido,9491.6,null,-9491.6,24.4,null,389,null
450,"LA FLOR BURGALESA, S.L.",2021→2022,2021,2022,62070,Mix Golden Jarabe,sin_actividad,0,null,0,0.001,null,0,null
5489,"TECNOLOGIAS APICOLA CASTILBLANCO, S.L.",2021→2022,2021,2022,41000,Fructosa MAIZ Cristal,prod_perdido,1800,null,-1800,2,null,900,null
3482,"GALVEZ MARTINEZ, ANGEL",2021→2022,2021,2022,44313,Apipasta Vitaminas 90% - Pienso para Apicultura,vol_precio,162,529.05,367.04999999999995,0.18,0.405,900,1306.3
7289,"CHOCODROP, S.L.",2021→2022,2021,2022,40000,Azúcar Blanco EEC Nº 2,vol_precio,92604,136913.4,44309.399999999994,189,240.7,489.97,568.81
1660,"BEAM SUNTORY SPAIN, S.L.",2021→2022,2021,2022,60010,Azúcar Liquida Neutra S.A.,vol_precio,375974.36,145409,-230565.36,928.16,338.76,405.07,429.24
1545,"VICENTE FRIAS, PEDRO ",2021→2022,2021,2022,40000,Azúcar Blanco EEC Nº 2,prod_perdido,34,null,-34,0.05,null,680,null
8042,API FACTORY,2021→2022,2021,2022,44313,Apipasta Vitaminas 90% - Pienso para Apicultura,vol_precio,8352,17792.4,9440.400000000001,9.3,17.25,898.06,1031.44
3477,"NICOPAN ESPAÑA, S.L.",2021→2022,2021,2022,40000,Azúcar Blanco EEC Nº 2,prod_perdido,104770.8,null,-104770.8,192.24,null,545,null
3210,"LEMON ICE M.A. GALLEGO, S.L.",2021→2022,2021,2022,61173,Mix Maltitol Stevia 75%,sin_actividad,0,null,0,0.001,null,0,null
2367,"IMASDEA INNOVACIONES Y DESARROLLOS ALIMENTARIO, SL",2021→2022,2021,2022,61243,Fosvitae R,sin_actividad,0,null,0,0.001,null,0,null
1205,"MERCADONA, S.A.",2021→2022,2021,2022,40103,Azúcar Moreno >2500i - Brown (Dry Dem BLZ),sin_actividad,0,null,0,0.002,null,0,null
6403,"SERGIO TULEDA Y JESUS MATEOS DEL VAS, O.E. E.A.R.",2021→2022,2021,2022,62026,Apimix - Pienso Completo No Cristaliza- Apicultura,prod_perdido,315,null,-315,0.5,null,630,null
1774,"BODEGAS VINIVAL, S.L.",2021→2022,2021,2022,61109,Mixco Sweet 68-55.0045,vol_precio,54297.42,67935,13637.580000000002,120.76,72.2,449.63,940.93
2129,"CORTES BUSSINESS CORPORATION, S.L.",2021→2022,2021,2022,64064,Nectar Base 4.1 ULTRA – 65º,prod_perdido,5624806,null,-5624806,7937.162,null,708.67,null
8173,"FEELWORK SOLUTIONS, S.L.",2021→2022,2021,2022,64085,Nectar Base 4.1 ULTRA – 70º,prod_perdido,1435923.2,null,-1435923.2,1916.28,null,749.33,null
8150,"BODEGAS MONASTRELL, S.L",2021→2022,2021,2022,40200,Azúcar Golden - BIO - ES-ECO-024-MU (Agric No UE),prod_perdido,33.75,null,-33.75,0.025,null,1350,null
2484,"CONSERVAS DO TAMEGA, S.L.",2021→2022,2021,2022,40200,Azúcar Golden - BIO - ES-ECO-024-MU (Agric No UE),prod_perdido,3720,null,-3720,3,null,1240,null
4706,"HERMINIO MENDAÑA, S.L.",2021→2022,2021,2022,40000,Azúcar Blanco EEC Nº 2,vol_precio,38058,46995,8937,78,71.4,487.92,658.19
2112,"LACASA, S.A.U.",2021→2022,2021,2022,65016,Azúcar en polvo LM Pallet PLT,vol_precio,2925,2279.55,-645.4499999999998,3.9,1.95,750,1169
6468,"DULCES LA CARTUJA, S.L.",2021→2022,2021,2022,40201,Azúcar Blanco BIO ES-ECO-024-MU Ag No UE,prod_perdido,130,null,-130,0.1,null,1300,null
7600,"RODRIGUEZ LOZANO, FRANCISCO JAVIER",2021→2022,2021,2022,44313,Apipasta Vitaminas 90% - Pienso para Apicultura,vol_precio,248.4,399.45,151.04999999999998,0.255,0.285,974.12,1401.58
4542,"COMERCIAL FONT, C.B.",2021→2022,2021,2022,60114,"Azúcar PI 73,5-67-C",vol_precio,453.78,301.35,-152.42999999999995,0.532,0.273,852.97,1103.85
5428,"CLEMENTE SANZ, AURORA",2021→2022,2021,2022,44315,Apipasta PLUS - Pienso para Apicultura,vol_precio,218.12,215.32,-2.8000000000000114,0.154,0.126,1416.36,1708.89
522,"MACROSNACKS, S.L.U.",2021→2022,2021,2022,40000,Azúcar Blanco EEC Nº 2,vol_precio,50058,74450.03,24392.03,89.1,98.895,561.82,752.82
440,"MAZAPANES Y DULCES DE TOLEDO, S.A.",2021→2022,2021,2022,43100,Sorbitol Liquido 70% No cristalizable,vol_precio,1020,3582,2562,1.2,3.6,850,995
348,"PRODUCTOS SUR, S.A.U.",2021→2022,2021,2022,42000,Dextrosa Cristal Monohidrato Maiz,vol_precio,232062.5,373110.4,141047.90000000002,375.75,448.45,617.6,832
6303,"SILVA GORDON, DIEGO",2021→2022,2021,2022,40000,Azúcar Blanco EEC Nº 2,precio,27.5,54.9,27.4,0.05,0.05,550,1098
8457,"COLERA MARTIN, JOSE MANUEL",2021→2022,2021,2022,44313,Apipasta Vitaminas 90% - Pienso para Apicultura,prod_perdido,324,null,-324,0.3,null,1080,null
7115,"RIVERBEND ESPAÑA, S.A",2021→2022,2021,2022,61121,Mixco Sweet 68-00.5050,prod_perdido,1461.24,null,-1461.24,1.188,null,1230,null
5176,"MORAN ROMERO, DAVID",2021→2022,2021,2022,62001,Apimix - Pienso completo - Apicultura,vol_precio,306.36,311.5,5.139999999999986,0.414,0.35,740,890
6878,"PRODUCTOS QUIMICOS CONTINENTAL, S.L.",2021→2022,2021,2022,42000,Dextrosa Cristal Monohidrato Maiz,prod_perdido,670,null,-670,1,null,670,null
1202,"APIGLASS ENVAS. Y MAT. APICOLA, S.L.",2021→2022,2021,2022,44314,Apipasta 90% - BIO - Pienso completo - Apicultura,vol_precio,1732.5,9765,8032.5,1.05,5.25,1650,1860
1661,"DELAVIUDA ALIMENTACION, S.A",2021→2022,2021,2022,44093,Fructor 100/80,prod_ganado,0,5894.4,5894.4,0.01,4.8,0,1228
2283,"ROENCAR, S.L.U.",2021→2022,2021,2022,44111,Glucor 60/82,vol_precio,2607,1224,-1383,3.9,1.2,668.46,1020
5819,"CASTELLON AGUILAR, FRANCISCO JAVIER",2021→2022,2021,2022,44131,Glucor 37/79,vol_precio,9952,12372.8,2420.7999999999993,17.62,16.28,564.81,760
303,"J.R. SABATER, S.A.",2021→2022,2021,2022,60202,Azúcar TIEN 71.100,sin_actividad,0,null,0,0.001,null,0,null
418,"MANUFACTURAS CEYLAN, S.L.",2021→2022,2021,2022,40110,Azúcar Moreno Brown (Azucarera),prod_perdido,9075,null,-9075,7.5,null,1210,null
8349,"AGOTZAINA, S.L.",2021→2022,2021,2022,44131,Glucor 37/79,prod_ganado,0,3402,3402,0.004,3.6,0,945
577,"FARTONS POLO, S.L.",2021→2022,2021,2022,40330,Azúcar Perlado 2,prod_perdido,945,null,-945,0.7,null,1350,null
4913,"DE LA HOZ TRAPERO, JESUS",2021→2022,2021,2022,44313,Apipasta Vitaminas 90% - Pienso para Apicultura,prod_perdido,364.5,null,-364.5,0.405,null,900,null
4487,"SANCHO ZOMEÑO, RAUL",2021→2022,2021,2022,44015,Fructor 10/77,prod_perdido,60,null,-60,0.08,null,750,null
2327,"TUKAN CHOCOLATES, S.L.",2021→2022,2021,2022,44111,Glucor 60/82,prod_perdido,342,null,-342,0.36,null,950,null
4961,"VIDAL VIDAL, JULIAN",2021→2022,2021,2022,40000,Azúcar Blanco EEC Nº 2,prod_perdido,8442,null,-8442,12.6,null,670,null
1538,"GOMEZ SILLERO, JOSE ANTONIO",2021→2022,2021,2022,44301,Azucar Blanco – Materia Prima para Piensos,vol_precio,6490,10310,3820,11,12.5,590,824.8
462,"ROMEDUL, S.L.",2021→2022,2021,2022,40340,Azúcar Perlado 1,vol_precio,1428,815,-613,1.2,0.5,1190,1630
4561,"AGRICOM, S.R.L.",2021→2022,2021,2022,44314,Apipasta 90% - BIO - Pienso completo - Apicultura,vol_precio,31063.2,21222.6,-9840.600000000002,18.9,10.5,1643.56,2021.2
7699,"TEJERA MARTINEZ, DAVID ANGEL",2021→2022,2021,2022,40000,Azúcar Blanco EEC Nº 2,prod_perdido,65.5,null,-65.5,0.1,null,655,null
5187,"DISTRIBUCIONES VARPEN, S.L.",2021→2022,2021,2022,40000,Azúcar Blanco EEC Nº 2,prod_perdido,8640,null,-8640,16,null,540,null
1241,"ACEITES DEL SUR-COOSUR, S.A.",2021→2022,2021,2022,61200,Fosvitae 85%,volumen,3329.86,2593.29,-736.5700000000002,1.456,1.113,2286.99,2330
1854,"ROYPAS BY NUTRIS, S.A.",2021→2022,2021,2022,40200,Azúcar Golden - BIO - ES-ECO-024-MU (Agric No UE),sin_actividad,0,null,0,0.002,null,0,null
4424,"NAVAJAS PARRA, JOSE MIGUEL",2021→2022,2021,2022,44313,Apipasta Vitaminas 90% - Pienso para Apicultura,vol_precio,270,356.4,86.39999999999998,0.3,0.33,900,1080
6233,"DRASICH, ITALO SIROTICH",2021→2022,2021,2022,62001,Apimix - Pienso completo - Apicultura,prod_perdido,31.08,null,-31.08,0.042,null,740,null
8130,"MCA ALGAS Y DERIVADOS,S.L.",2021→2022,2021,2022,44015,Fructor 10/77,prod_perdido,756,null,-756,1.2,null,630,null
12,"AGRICOMEX, S.L.",2021→2022,2021,2022,40000,Azúcar Blanco EEC Nº 2,prod_perdido,1177124.3,null,-1177124.3,2810.9,null,418.77,null
1094,"MIEL ISABEL, S.L.",2021→2022,2021,2022,62001,Apimix - Pienso completo - Apicultura,prod_perdido,375,null,-375,0.5,null,750,null
194,"COFRUTOS, S.A.",2021→2022,2021,2022,60015,Azúcar Líquida Neutra - Cofrutos,vol_precio,317319.82,688045.66,370725.84,817.7,1146.901,388.06,599.92
5445,COMPTOIR APICOLE LANGUEDOCIEN,2021→2022,2021,2022,44315,Apipasta PLUS - Pienso para Apicultura,prod_perdido,1999.2,null,-1999.2,1.68,null,1190,null
7719,"SANCHEZ MARTINEZ, ANTONIA",2021→2022,2021,2022,44314,Apipasta 90% - BIO - Pienso completo - Apicultura,prod_perdido,1206,null,-1206,0.6,null,2010,null
7801,"BAKHOUCH MARGHADI, HASSAN ",2021→2022,2021,2022,40000,Azúcar Blanco EEC Nº 2,prod_perdido,385,null,-385,0.7,null,550,null
4516,"DAUD, VEDAT",2021→2022,2021,2022,44315,Apipasta PLUS - Pienso para Apicultura,volumen,107.1,64.26,-42.83999999999999,0.07,0.042,1530,1530
2425,"MONDEJAR AGROQUIMICOS, S.L.",2021→2022,2021,2022,62150,Jarabe de Melaza de Caña,prod_perdido,110.4,null,-110.4,0.12,null,920,null
7980,"AQUAPOOL CHEMICAL, S.L.",2021→2022,2021,2022,60105,"Azúcar PI 73,5-67",prod_ganado,0,13437.7,13437.7,0.001,12.066,0,1113.68
6621,"SILVESTRE ZAMORA, ANTONIO",2021→2022,2021,2022,44313,Apipasta Vitaminas 90% - Pienso para Apicultura,vol_precio,81,48.6,-32.4,0.09,0.045,900,1080
878,"MARCH DELHOM, S.L.",2021→2022,2021,2022,40000,Azúcar Blanco EEC Nº 2,vol_precio,1674,855,-819,2.7,0.9,620,950
573,GARCIA MUÑOZ MARIA VICTORIA,2021→2022,2021,2022,40000,Azúcar Blanco EEC Nº 2,prod_perdido,11834.1,null,-11834.1,24.3,null,487,null
3200,"PEINADO HERNANDEZ, EDUARDO",2021→2022,2021,2022,40000,Azúcar Blanco EEC Nº 2,vol_precio,1510.5,2145,634.5,2.85,3.3,530,650
400,"ASOCIACION IND. ALICANTINA DEL HELADO, S.A.",2021→2022,2021,2022,41007,Fructosa MAIZ Cristal Granul. Pallet EUR Plast. Zk,prod_perdido,7000,null,-7000,8,null,875,null
2689,"LOPEZ SERRANO, ISAIAS",2021→2022,2021,2022,62026,Apimix - Pienso Completo No Cristaliza- Apicultura,prod_perdido,157.5,null,-157.5,0.25,null,630,null
4852,"ABELLAIRES EMPORDANESOS, S.A.T.",2021→2022,2021,2022,62001,Apimix - Pienso completo - Apicultura,vol_precio,414.4,690,275.6,0.56,0.75,740,920
1314,"MANUFACTURAS PIBERNAT, S.L.",2021→2022,2021,2022,42001,Dextrosa C.Monohidrato Maiz Pallet Plast.  CHEP,prod_perdido,6030,null,-6030,9,null,670,null
8099,"HORNO SANT HONORET, SL",2021→2022,2021,2022,61200,Fosvitae 85%,sin_actividad,0,null,0,0.001,null,0,null
3478,"APICOLA LA PARRA, S.L.U.",2021→2022,2021,2022,44315,Apipasta PLUS - Pienso para Apicultura,vol_precio,59950.8,68214.72,8263.919999999998,47.88,39.942,1252.11,1707.84
441,"LICORES DROL`S, S.L.",2021→2022,2021,2022,60010,Azúcar Liquida Neutra S.A.,vol_precio,104167,189531.24,85364.23999999999,248.3,296.02,419.52,640.26
4286,"FERNANDEZ MOYA, ANGEL",2021→2022,2021,2022,62026,Apimix - Pienso Completo No Cristaliza- Apicultura,prod_perdido,945,null,-945,1.5,null,630,null
2518,"GRANALBE, S.L.",2021→2022,2021,2022,44315,Apipasta PLUS - Pienso para Apicultura,vol_precio,8887.2,13582.8,4695.5999999999985,6.72,9.24,1322.5,1470
457,"AMAHER, S.L.",2021→2022,2021,2022,40000,Azúcar Blanco EEC Nº 2,prod_perdido,42187.5,null,-42187.5,84.6,null,498.67,null
4486,"RUIZ POVEDA, ANTONIO",2021→2022,2021,2022,44313,Apipasta Vitaminas 90% - Pienso para Apicultura,prod_perdido,26.7,null,-26.7,0.03,null,890,null
3538,"BACHILLER MORIANO, JUANA",2021→2022,2021,2022,44313,Apipasta Vitaminas 90% - Pienso para Apicultura,prod_perdido,1674,null,-1674,1.65,null,1014.55,null
2867,"COMERCIAL OJEDAMAR, S.L.",2021→2022,2021,2022,40000,Azúcar Blanco EEC Nº 2,prod_perdido,12028.5,null,-12028.5,24.3,null,495,null
7918,"REFRESCO IBERIA, S.A.U. ",2021→2022,2021,2022,40000,Azúcar Blanco EEC Nº 2,vol_precio,813374.08,519854.66,-293519.42,1561.601,872.22,520.86,596.01
3360,"GUILLAMON SANCHEZ, TOMAS",2021→2022,2021,2022,41000,Fructosa MAIZ Cristal,vol_precio,648,445.6,-202.39999999999998,0.6,0.4,1080,1114
5293,"AGROKAZAN FERTILIZANTES, S.L.",2021→2022,2021,2022,44015,Fructor 10/77,prod_perdido,1344,null,-1344,2.4,null,560,null
455,"EMILIO PEÑA, S.A.",2021→2022,2021,2022,60210,Azúcar Invertido 80º,prod_perdido,18.48,null,-18.48,0.028,null,660,null
4383,"MANUFRI, S.L.",2021→2022,2021,2022,60003,Azúcar Líq. Neutra 67º- BIO - ES-ECO-024-MU(No UE),prod_perdido,114899.9,null,-114899.9,108.62,null,1057.82,null
244,"PAPISA, S.L.",2021→2022,2021,2022,43002,Maltitol Estandar Liq 75-5008,prod_perdido,132,null,-132,0.1,null,1320,null
8405,"MUÑOZ HERRUZO, JUANA",2021→2022,2021,2022,44314,Apipasta 90% - BIO - Pienso completo - Apicultura,prod_perdido,1575,null,-1575,0.75,null,2100,null
4619,"EUROPEA DE APICULTURA, S.L.",2021→2022,2021,2022,44313,null,prod_ganado,null,8316,8316,null,6.3,null,1320
4307,"PERLES GARCIA, SALVADOR",2021→2022,2021,2022,44313,null,prod_ganado,null,162,162,null,0.15,null,1080
8247,"ALLJUICEMED, S.L.",2021→2022,2021,2022,64094,null,sin_actividad,null,null,0,null,0.01,null,null
535,"FRIMAR PANADEROS, S.L.",2021→2022,2021,2022,40024,null,prod_ganado,null,59942.88,59942.88,null,73.44,null,816.22
3709,"PIÑERO ALARCON, TOMAS",2021→2022,2021,2022,62001,null,prod_ganado,null,3744,3744,null,4.8,null,780
3144,"DALLANT, S.A.",2021→2022,2021,2022,61165,null,sin_actividad,null,0,0,null,0.001,null,0
6235,"ATRILE 21, S.L.",2021→2022,2021,2022,43050,null,prod_ganado,null,5190,5190,null,2,null,2595
1832,"SIERRAS ANDALUZAS, S.C.A.",2021→2022,2021,2022,62001,null,prod_ganado,null,10782,10782,null,13.2,null,816.82
4542,"COMERCIAL FONT, C.B.",2021→2022,2021,2022,40103,null,prod_ganado,null,251.13,251.13,null,0.175,null,1435.03
8449,UAB CELEGO LT,2021→2022,2021,2022,61200,null,sin_actividad,null,0,0,null,0.001,null,0
5369,"BREVA ARRUFAT, FERNANDO",2021→2022,2021,2022,44315,null,prod_ganado,null,1542.24,1542.24,null,1.008,null,1530
3200,"PEINADO HERNANDEZ, EDUARDO",2021→2022,2021,2022,44313,null,prod_ganado,null,2614.5,2614.5,null,2.1,null,1245
5787,"FALCON, S.A.",2021→2022,2021,2022,62150,null,sin_actividad,null,0,0,null,0.001,null,0
8229,"BIMEKAMI,SL",2021→2022,2021,2022,60105,null,sin_actividad,null,0,0,null,0.001,null,0
3855,"APIFERSA APICOLA, S.L.",2021→2022,2021,2022,44301,null,prod_ganado,null,5040,5040,null,6.3,null,800
8510,"MARTINEZ SANCHEZ, PEDRO JOSÉ ",2021→2022,2021,2022,44315,null,prod_ganado,null,42.84,42.84,null,0.028,null,1530
9092,"JOLCA, S.A.",2021→2022,2021,2022,61142,null,sin_actividad,null,0,0,null,0.006,null,0
6146,"JUAN JIMENEZ GARCIA, S.A.U.",2021→2022,2021,2022,61229,null,sin_actividad,null,0,0,null,0.14,null,0
8749,"ENVASATS BISAURA, S.L.",2021→2022,2021,2022,40204,null,sin_actividad,null,0,0,null,0.001,null,0
257,"DESTILERIAS GULF STREAM, S.L.",2021→2022,2021,2022,40010,null,prod_ganado,null,1712.7,1712.7,null,1.65,null,1038
3294,"PUNTO GOFRE, S.L.",2021→2022,2021,2022,61228,null,sin_actividad,null,0,0,null,0.003,null,0
7379,"EARTH-MIND BUSINESS GROUP, S.L.",2021→2022,2021,2022,64090,null,sin_actividad,null,0,0,null,0.002,null,0
5369,"BREVA ARRUFAT, FERNANDO",2021→2022,2021,2022,44313,null,prod_ganado,null,1085.4,1085.4,null,1.005,null,1080
8974,"LOPEZ VILLEGAS, AROA",2021→2022,2021,2022,44313,null,prod_ganado,null,81,81,null,0.06,null,1350
5179,"CUSTOM DRINKS, S.L.U.",2021→2022,2021,2022,40207,null,sin_actividad,null,0,0,null,0.001,null,0
1567,SDAD.COOP.AND. GANADERA DE VALLE DE LOS PEDROCHES,2021→2022,2021,2022,61200,null,sin_actividad,null,0,0,null,0.001,null,0
8708,SASU AURIQUE,2021→2022,2021,2022,44315,null,prod_ganado,null,1284.36,1284.36,null,0.84,null,1529
2427,"SENCHERNES SOLDADO, ISAAC RAMON",2021→2022,2021,2022,44313,null,prod_ganado,null,1701,1701,null,1.575,null,1080
8248,"CRA BODEGAS, S.L.",2021→2022,2021,2022,61270,null,prod_ganado,null,57577.68,57577.68,null,50.64,null,1137
8749,"ENVASATS BISAURA, S.L.",2021→2022,2021,2022,40203,null,sin_actividad,null,0,0,null,0.001,null,0
1305,"A. CENTAZZI, LDA",2021→2022,2021,2022,40110,null,prod_ganado,null,19104,19104,null,24,null,796
8859,"BALLESTIN HERNANDEZ, MIGUEL",2021→2022,2021,2022,62000,null,prod_ganado,null,1752,1752,null,2.4,null,730
2103,"JOSEFA ESTELLES MAYOR, S.L.",2021→2022,2021,2022,40016,null,prod_ganado,null,248.25,248.25,null,0.331,null,750
8349,"AGOTZAINA, S.L.",2021→2022,2021,2022,43052,null,prod_ganado,null,9601.5,9601.5,null,3.7,null,2595
8699,"MULET MONTANE, VIRTUTS",2021→2022,2021,2022,44313,null,prod_ganado,null,1050,1050,null,1.05,null,1000
8727,"INTERCROS ALIMENTACION, S.L.",2021→2022,2021,2022,61111,null,sin_actividad,null,0,0,null,0.002,null,0
7251,"HELARTEAVILA, S.L.",2021→2022,2021,2022,61222,null,sin_actividad,null,0,0,null,0.001,null,0
2482,"PEREZ CAMPO, JUAN",2021→2022,2021,2022,62001,null,prod_ganado,null,3744,3744,null,4.8,null,780
8403,"TENZO SPORT LAB, S.L.",2021→2022,2021,2022,41000,null,prod_ganado,null,327.5,327.5,null,0.225,null,1455.56
3225,"SURIVAN FEEL THE TASTE, S.L.",2021→2022,2021,2022,61200,null,sin_actividad,null,0,0,null,0.001,null,0
7534,"A FACTORIA ECOLOXICA, S.L.",2021→2022,2021,2022,40203,null,prod_ganado,null,5900,5900,null,4,null,1475
9112,"BIOVIC CONSULTING, S.L.",2021→2022,2021,2022,65015,null,sin_actividad,null,0,0,null,0.001,null,0
9112,"BIOVIC CONSULTING, S.L.",2021→2022,2021,2022,65005,null,sin_actividad,null,0,0,null,0.001,null,0
8247,"ALLJUICEMED, S.L.",2021→2022,2021,2022,64092,null,sin_actividad,null,null,0,null,125.497,null,null
6857,"GARCIA LOPEZ, DANIEL",2021→2022,2021,2022,44313,null,prod_ganado,null,1304.7,1304.7,null,1.005,null,1298.21
8403,"TENZO SPORT LAB, S.L.",2021→2022,2021,2022,60105,null,sin_actividad,null,0,0,null,0.001,null,0
8479,FA. BLIESGAUBEUTE,2021→2022,2021,2022,44313,null,prod_ganado,null,864,864,null,0.9,null,960
577,"FARTONS POLO, S.L.",2021→2022,2021,2022,40340,null,prod_ganado,null,1830,1830,null,1,null,1830
297,"TARBAL FOOD, S.L.",2021→2022,2021,2022,40016,null,prod_ganado,null,820,820,null,1,null,820
8321,"CHRISTODOULOU BROS, S.A.",2021→2022,2021,2022,61233,null,sin_actividad,null,0,0,null,0.001,null,0
4203,SARL API-CULTURE,2021→2022,2021,2022,62001,null,prod_ganado,null,1357.44,1357.44,null,1.68,null,808
523,"CORALIM INGREDIENTS, S.L.",2021→2022,2021,2022,41005,null,prod_ganado,null,182.25,182.25,null,0.15,null,1215
433,"SANCHIS MIRA, S.A.",2021→2022,2021,2022,40024,null,prod_ganado,null,17346.22,17346.22,null,23.86,null,727
432,"CHOCOLATES ALGARRA, S.L.",2021→2022,2021,2022,40113,null,prod_ganado,null,29735,29735,null,37,null,803.65
5528,"FERNANDEZ LOPEZ, ANTONIO",2021→2022,2021,2022,62000,null,prod_ganado,null,1092,1092,null,1.2,null,910
3443,"SANCHEZ TORRELLA, JUAN CARLOS",2021→2022,2021,2022,44313,null,prod_ganado,null,2373,2373,null,2.1,null,1130
3568,"ROS ALCARAZ, VALENTIN",2021→2022,2021,2022,62001,null,prod_ganado,null,96.6,96.6,null,0.084,null,1150
1945,"MARCOS GONZALEZ, GINES",2021→2022,2021,2022,62000,null,prod_ganado,null,177.5,177.5,null,0.25,null,710
8559,"DE MINGO CEBRIÁN, JOSÉ JULIO",2021→2022,2021,2022,62001,null,prod_ganado,null,62.3,62.3,null,0.07,null,890
1528,"JUAN Y JUAN INDUSTRIAL, S.L.U.",2021→2022,2021,2022,61222,null,sin_actividad,null,0,0,null,0.001,null,0
7623,"GARCIA MEDRANO, DANIEL",2021→2022,2021,2022,44313,null,prod_ganado,null,372.6,372.6,null,0.345,null,1080
8904,"ROMERO TORNE, MARIA",2021→2022,2021,2022,44314,null,prod_ganado,null,283.5,283.5,null,0.135,null,2100
8349,"AGOTZAINA, S.L.",2021→2022,2021,2022,43100,null,prod_ganado,null,6073.2,6073.2,null,4.8,null,1265.25
8523,"CRUZ ZAMBRANO, MARÍA",2021→2022,2021,2022,44314,null,prod_ganado,null,1507.5,1507.5,null,0.75,null,2010
5897,"ESTEBAN HERRERO, TRINIDAD GALA",2021→2022,2021,2022,44313,null,prod_ganado,null,1596,1596,null,1.05,null,1520
1023,"TORRONS VICENS, S.L.",2021→2022,2021,2022,40330,null,sin_actividad,null,0,0,null,0.001,null,0
7169,"MASTRIGO BIO GOURMET, S.L.",2021→2022,2021,2022,61222,null,sin_actividad,null,0,0,null,0.001,null,0
1,"ZUKAN, S.L.U.",2021→2022,2021,2022,44315,null,sin_actividad,null,0,0,null,0.283,null,0
3022,"LACTEOS DE NAVARRA, S.L.",2021→2022,2021,2022,42000,null,sin_actividad,null,0,0,null,0.001,null,0
2009,"GARCIA SANTA CATALINA, RAUL",2021→2022,2021,2022,44310,null,prod_ganado,null,1102.5,1102.5,null,1.05,null,1050
3900,"NAVARRO MARTINEZ, SALVADOR",2021→2022,2021,2022,44313,null,prod_ganado,null,67.95,67.95,null,0.045,null,1510
1854,"ROYPAS BY NUTRIS, S.A.",2021→2022,2021,2022,61260,null,prod_ganado,null,143816.04,143816.04,null,71.98,null,1998
6966,"SANCHO RUMBAU, ESTEBAN",2021→2022,2021,2022,62001,null,prod_ganado,null,187.5,187.5,null,0.25,null,750
428,"PASTELERIA INDUSTRIAL MONTE TURIA, S.A.",2021→2022,2021,2022,60105,null,sin_actividad,null,0,0,null,0.014,null,0
6220,UNTSAIN SOPHIE MIKELA,2021→2022,2021,2022,44314,null,prod_ganado,null,2110.5,2110.5,null,1.05,null,2010
8727,"INTERCROS ALIMENTACION, S.L.",2021→2022,2021,2022,99950,null,sin_actividad,null,0,0,null,0.002,null,0
7674,"ZAYADNE, MAHMOUD",2021→2022,2021,2022,62403,null,sin_actividad,null,0,0,null,0.001,null,0
21,BRITISH SUGAR PLC,2021→2022,2021,2022,44315,null,sin_actividad,null,0,0,null,0.004,null,0
997,"GARCIA ORTEGA, JUAN",2021→2022,2021,2022,44313,null,prod_ganado,null,648,648,null,0.6,null,1080
4709,"TURRONES PICO, S.A.",2021→2022,2021,2022,65005,null,prod_ganado,null,1413.75,1413.75,null,0.975,null,1450
4383,"MANUFRI, S.L.",2021→2022,2021,2022,60022,null,prod_ganado,null,197167.39,197167.39,null,274.401,null,718.54
9022,"SYMRISE IBÉRICA, S.L.",2021→2022,2021,2022,40000,null,sin_actividad,null,0,0,null,0.001,null,0
7169,"MASTRIGO BIO GOURMET, S.L.",2021→2022,2021,2022,60011,null,sin_actividad,null,0,0,null,0.001,null,0
400,"ASOCIACION IND. ALICANTINA DEL HELADO, S.A.",2021→2022,2021,2022,61253,null,sin_actividad,null,0,0,null,0.001,null,0
1747,"FRUIT TECH NATURAL, S.A.",2021→2022,2021,2022,60105,null,sin_actividad,null,0,0,null,0.001,null,0
6268,"ROBLES NAVARRO, JUAN PEDRO",2021→2022,2021,2022,44315,null,prod_ganado,null,471.24,471.24,null,0.308,null,1530
426,"CONSERVAS CYDONIA, S.A.",2021→2022,2021,2022,44015,null,sin_actividad,null,0,0,null,0.001,null,0
8799,"ELABORATS MILA, S.L.",2021→2022,2021,2022,61222,null,sin_actividad,null,0,0,null,0.001,null,0
5819,"CASTELLON AGUILAR, FRANCISCO JAVIER",2021→2022,2021,2022,40025,null,prod_ganado,null,1152,1152,null,0.9,null,1280
8248,"CRA BODEGAS, S.L.",2021→2022,2021,2022,61264,null,prod_ganado,null,21539,21539,null,25.34,null,850
8787,"NOARA MEDITERRANEAN DISTILLERY, S.L.",2021→2022,2021,2022,60010,null,prod_ganado,null,27042.84,27042.84,null,28.52,null,948.21
8385,"PICO GONZALEZ, JOSE",2021→2022,2021,2022,44313,null,prod_ganado,null,243,243,null,0.225,null,1080
282,"PRODUCTOS LOZANO, S.L.",2021→2022,2021,2022,61200,null,sin_actividad,null,0,0,null,0.001,null,0
2684,"INDUSTRIAS JIJONENCAS, S.A.",2021→2022,2021,2022,41005,null,prod_ganado,null,10805,10805,null,10,null,1080.5
7800,"GASCON GASCON, BENITO",2021→2022,2021,2022,44315,null,prod_ganado,null,1369.2,1369.2,null,0.84,null,1630
2722,"BUDENHEIM IBERICA, S.L.U.",2021→2022,2021,2022,40025,null,prod_ganado,null,1267.2,1267.2,null,0.9,null,1408
8922,"HURTADO GARCIA, ANDRES",2021→2022,2021,2022,62020,null,prod_ganado,null,88.48,88.48,null,0.112,null,790
8724,"BEING FOODS, S.A.",2021→2022,2021,2022,61228,null,sin_actividad,null,0,0,null,0.001,null,0
8344,"PA DE MEL, S.L.",2021→2022,2021,2022,61222,null,sin_actividad,null,0,0,null,0.001,null,0
8304,"GALLEGO MOLERO,FERMIN ",2021→2022,2021,2022,44315,null,prod_ganado,null,214.2,214.2,null,0.14,null,1530
6869,"ALLTECH SPAIN, S.L.",2021→2022,2021,2022,44304,null,prod_ganado,null,9179.63,9179.63,null,6.825,null,1345
9111,"GLOBAL QUIMIA, S.A.U.",2021→2022,2021,2022,43150,null,sin_actividad,null,0,0,null,0.001,null,0
3721,"GANDIA JORQUES, OSCAR",2021→2022,2021,2022,62000,null,prod_ganado,null,750,750,null,1,null,750
3425,"VERGARA ROBERTO, VICTOR",2021→2022,2021,2022,62001,null,prod_ganado,null,161.98,161.98,null,0.182,null,890
5369,"BREVA ARRUFAT, FERNANDO",2021→2022,2021,2022,62001,null,prod_ganado,null,1783.56,1783.56,null,2.004,null,890
6162,BE ORGANIC KUWAIT FOR HEALTHY FOOD AND PLANTS COMPANY,2021→2022,2021,2022,44330,null,prod_ganado,null,4167.4,4167.4,null,4.201,null,992
8708,SASU AURIQUE,2021→2022,2021,2022,62012,null,prod_ganado,null,708.12,708.12,null,0.84,null,843
3797,"ROBLES FUENTES, LUCIO",2021→2022,2021,2022,62001,null,prod_ganado,null,750,750,null,1,null,750
1119,"APILORE, S.L.",2021→2022,2021,2022,62001,null,sin_actividad,null,0,0,null,0,null,null
8838,"CASTILLO ORTIZ, JESUS",2021→2022,2021,2022,44315,null,prod_ganado,null,342.72,342.72,null,0.224,null,1530
4976,"NOGUERA CANTO, GUSTAVO",2021→2022,2021,2022,44313,null,prod_ganado,null,405,405,null,0.3,null,1350
7634,"MARTINEZ MIRANDA, JOSE JAVIER",2021→2022,2021,2022,44310,null,prod_ganado,null,535.5,535.5,null,0.51,null,1050
1747,"FRUIT TECH NATURAL, S.A.",2021→2022,2021,2022,61200,null,sin_actividad,null,0,0,null,0.005,null,0
8408,"LA FANTASTICA SODA COOMPAÑIA DE REFRESCOS Y SODAS, S.L.",2021→2022,2021,2022,40000,null,prod_ganado,null,73,73,null,0.1,null,730
3728,"SANHUJA MONLEON, VICTOR",2021→2022,2021,2022,44313,null,prod_ganado,null,93,93,null,0.06,null,1550
1143,"AZUCARES ANTOÑIN, S.L.",2021→2022,2021,2022,40000,null,prod_ganado,null,79714.8,79714.8,null,72.6,null,1098
407,"PRODUCTOS KELMY, S.A.U.",2021→2022,2021,2022,40016,null,prod_ganado,null,137834.34,137834.34,null,207.9,null,662.98
7874,"SUGAR GLOBAL TRADING, S.L.",2021→2022,2021,2022,40000,null,prod_ganado,null,170346.29,170346.29,null,286.601,null,594.37
1864,MELAZAHAR COOP. V.,2021→2022,2021,2022,44304,null,prod_ganado,null,61.5,61.5,null,0.075,null,820
9016,TOMISA TCEA,2021→2022,2021,2022,44313,null,prod_ganado,null,1627.5,1627.5,null,1.05,null,1550
8074,GAEC L’ABEILLE DU LECTOUROIS,2021→2022,2021,2022,44314,null,prod_ganado,null,4250.4,4250.4,null,2.1,null,2024
478,"MORENO RUIZ HERMANOS, S.L.",2021→2022,2021,2022,61228,null,sin_actividad,null,0,0,null,0.001,null,0
356,"TRIGUEROS ROBLES, MARIANO",2021→2022,2021,2022,62001,null,prod_ganado,null,966,966,null,0.7,null,1380
9069,"GOMEZ LOPEZ, JUAN LUIS",2021→2022,2021,2022,44313,null,prod_ganado,null,116.25,116.25,null,0.075,null,1550
7980,"AQUAPOOL CHEMICAL, S.L.",2021→2022,2021,2022,61228,null,sin_actividad,null,0,0,null,0.001,null,0
1205,"MERCADONA, S.A.",2021→2022,2021,2022,45003,null,prod_ganado,null,2992243.02,2992243.02,null,3008.46,null,994.61
8205,"SALSA RICA, S.L.",2021→2022,2021,2022,44040,null,prod_ganado,null,53772.18,53772.18,null,75.54,null,711.84
8308,"CONSERVAS TORO LÓPEZ, S.L.",2021→2022,2021,2022,61170,null,sin_actividad,null,0,0,null,0.001,null,0
2850,"AMC NATURAL DRINKS, S.L.",2021→2022,2021,2022,40016,null,prod_ganado,null,493775.52,493775.52,null,684.681,null,721.18
7133,VERSTEGEN SPICES & SAUCES,2021→2022,2021,2022,61229,null,sin_actividad,null,0,0,null,0.002,null,0
4357,"NAVODRES, S.A.",2021→2022,2021,2022,62001,null,prod_ganado,null,19.32,19.32,null,0.014,null,1380
3413,S.C.A. SANTA CRUZ DE ALPERA,2021→2022,2021,2022,40203,null,prod_ganado,null,1608,1608,null,1,null,1608
7830,"KANKEL BEAN TO BAR, S.L.",2021→2022,2021,2022,40204,null,prod_ganado,null,1563,1563,null,1,null,1563
488,SDAD. COOP. APICOLA DE ESPAÑA,2021→2022,2021,2022,62001,null,prod_ganado,null,1236,1236,null,1.2,null,1030
6162,BE ORGANIC KUWAIT FOR HEALTHY FOOD AND PLANTS COMPANY,2021→2022,2021,2022,44331,null,prod_ganado,null,2534.44,2534.44,null,1.681,null,1507.7
1247,"TURRONES Y ESPECIALIDADES VIAR, S.A.",2021→2022,2021,2022,43100,null,prod_ganado,null,3480,3480,null,2.4,null,1450
385,"BIOMIP BIOLOGICAL QUALITY, S.L.",2021→2022,2021,2022,62029,null,prod_ganado,null,1986,1986,null,3,null,662
5142,"GARCIA FERNANDEZ, MIGUEL",2021→2022,2021,2022,44314,null,prod_ganado,null,3851.55,3851.55,null,1.83,null,2104.67
7115,"RIVERBEND ESPAÑA, S.A",2021→2022,2021,2022,60019,null,prod_ganado,null,2796,2796,null,2.401,null,1164.51
418,"MANUFACTURAS CEYLAN, S.L.",2021→2022,2021,2022,40203,null,prod_ganado,null,1700,1700,null,1,null,1700
8682,KIND INDUSTRY,2021→2022,2021,2022,61200,null,sin_actividad,null,0,0,null,0.001,null,0
716,"PENALVA ALIMENTACION, S.A.",2021→2022,2021,2022,40204,null,prod_ganado,null,14400,14400,null,10,null,1440
5454,"ALIMENTACION Y NUTRICION FAMILIAR, S.L.",2021→2022,2021,2022,40016,null,prod_ganado,null,6510,6510,null,6,null,1085
6365,S.C.A. CAMPO MUSEO DE LA MIEL RANCHO CORTESANO,2021→2022,2021,2022,44313,null,prod_ganado,null,2423.1,2423.1,null,1.92,null,1262.03
2462,"GARCIA GARCIA, FELICIANO",2021→2022,2021,2022,44313,null,prod_ganado,null,259.2,259.2,null,0.24,null,1080
535,"FRIMAR PANADEROS, S.L.",2021→2022,2021,2022,40113,null,prod_ganado,null,3450,3450,null,3,null,1150
3225,"SURIVAN FEEL THE TASTE, S.L.",2021→2022,2021,2022,40103,null,sin_actividad,null,0,0,null,0.001,null,0
2518,"GRANALBE, S.L.",2021→2022,2021,2022,40030,null,prod_ganado,null,2660,2660,null,2,null,1330
8486,BIENENLAND,2021→2022,2021,2022,44315,null,prod_ganado,null,1197,1197,null,0.84,null,1425
7556,"DESTILACIONES BORDAS CHINCHURRETA, S.A.",2021→2022,2021,2022,44090,null,sin_actividad,null,0,0,null,0.001,null,0
8247,"ALLJUICEMED, S.L.",2021→2022,2021,2022,64093,null,prod_ganado,null,150301.08,150301.08,null,203.66,null,738
347,"LOPEZ SANCHEZ, MARIA ISABEL",2021→2022,2021,2022,44313,null,prod_ganado,null,1417.5,1417.5,null,1.05,null,1350
8518,"MIGUEL TORRES, S.A.",2021→2022,2021,2022,60105,null,sin_actividad,null,0,0,null,0.001,null,0
3855,"APIFERSA APICOLA, S.L.",2021→2022,2021,2022,62021,null,prod_ganado,null,3871.8,3871.8,null,4.78,null,810
2903,"MEDITERRANEA MELLIS, S.L.",2021→2022,2021,2022,61164,null,prod_ganado,null,185462.12,185462.12,null,136.861,null,1355.11
426,"CONSERVAS CYDONIA, S.A.",2021→2022,2021,2022,44120,null,sin_actividad,null,0,0,null,0.001,null,0
1977,"ZURRIAGA MORENO, EMILIANO",2021→2022,2021,2022,62020,null,prod_ganado,null,972,972,null,1.2,null,810
7616,"CON LE API DISTRIBUZIONE, S.R.L.S.",2021→2022,2021,2022,44313,null,prod_ganado,null,23400,23400,null,22.5,null,1040
9022,"SYMRISE IBÉRICA, S.L.",2021→2022,2021,2022,40103,null,sin_actividad,null,0,0,null,0.001,null,0
8942,"STERN, ALEXIS IVÁN",2021→2022,2021,2022,44313,null,prod_ganado,null,81,81,null,0.06,null,1350
2982,"LOPEZ SOLER, EMILIO JOSE",2021→2022,2021,2022,62001,null,prod_ganado,null,187.5,187.5,null,0.25,null,750
8835,"NAKOV TODOSVA, VLADO",2021→2022,2021,2022,62001,null,prod_ganado,null,936,936,null,1.2,null,780
7422,"HERRANZ FERREROS, JULIO RICARDO",2021→2022,2021,2022,62000,null,prod_ganado,null,355,355,null,0.5,null,710
8796,"PARTAL MARTINEZ, CARLOS",2021→2022,2021,2022,62001,null,prod_ganado,null,373.8,373.8,null,0.42,null,890
3384,"PEREZ GARCIA, MARIA DOLORES",2021→2022,2021,2022,40204,null,prod_ganado,null,40.2,40.2,null,0.025,null,1608
582,"HIJOS DE SALVADOR COSTA, S.L.",2021→2022,2021,2022,40003,null,prod_ganado,null,56232,56232,null,85.2,null,660
1646,"NAVARRO SALA, JOSE",2021→2022,2021,2022,62000,null,prod_ganado,null,232.5,232.5,null,0.25,null,930
9097,"CAFES MIÑANA, S.A.",2021→2022,2021,2022,40025,null,prod_ganado,null,1242,1242,null,0.9,null,1380
1149,"UNION GENIL, S.C.A",2021→2022,2021,2022,42001,null,prod_ganado,null,1774,1774,null,2,null,887
4383,"MANUFRI, S.L.",2021→2022,2021,2022,60000,null,prod_ganado,null,155579.2,155579.2,null,277.82,null,560
523,"CORALIM INGREDIENTS, S.L.",2021→2022,2021,2022,43000,null,prod_ganado,null,7852,7852,null,5.2,null,1510
259,"EUROGRANIZADOS, S.L.U.",2021→2022,2021,2022,43000,null,prod_ganado,null,75075,75075,null,45.5,null,1650
2195,"GARCIA GOMEZ, LAZARO",2021→2022,2021,2022,44313,null,prod_ganado,null,930,930,null,0.6,null,1550
455,"EMILIO PEÑA, S.A.",2021→2022,2021,2022,40103,null,prod_ganado,null,1751,1751,null,1.7,null,1030
6636,"TECNICAS MECANICAS ILERDENSES, S.L.",2021→2022,2021,2022,40000,null,sin_actividad,null,0,0,null,0.25,null,0
5819,"CASTELLON AGUILAR, FRANCISCO JAVIER",2021→2022,2021,2022,40016,null,prod_ganado,null,5320,5320,null,8,null,665
257,"DESTILERIAS GULF STREAM, S.L.",2021→2022,2021,2022,60105,null,prod_ganado,null,1056,1056,null,1.2,null,880
3187,"AZELIS ESPAÑA, S.A.",2021→2022,2021,2022,41000,null,prod_ganado,null,88000,88000,null,100.004,null,879.96
1624,S.A.T. Nº8192 PEREGRI,2021→2022,2021,2022,41005,null,prod_ganado,null,55.7,55.7,null,0.05,null,1114
531,"DESARROLLOS PANADEROS LEVANTINOS, S.L.L.",2021→2022,2021,2022,65020,null,prod_ganado,null,24.31,24.31,null,0.026,null,935
261,"EZTIKIDETZA, S.A.T.",2021→2022,2021,2022,62000,null,prod_ganado,null,876,876,null,1.2,null,730
8846,"GIL PERIS, JULIO",2021→2022,2021,2022,44313,null,prod_ganado,null,60.75,60.75,null,0.045,null,1350
6389,"VALLS VALLS, JUAN ANTONIO",2021→2022,2021,2022,44313,null,prod_ganado,null,60.75,60.75,null,0.045,null,1350
4664,"DEL MORAL DIAZ, MIGUEL",2021→2022,2021,2022,62001,null,prod_ganado,null,38.64,38.64,null,0.028,null,1380
8947,"MARVANALI, S.L.",2021→2022,2021,2022,44111,null,prod_ganado,null,1482,1482,null,1.2,null,1235
290,"IGH FLAVOURS TECHNOLOGY, S.A.U.",2021→2022,2021,2022,40103,null,sin_actividad,null,0,0,null,0.001,null,0
1536,"SALVADOR MORENO, CARLOS",2021→2022,2021,2022,62001,null,prod_ganado,null,1872,1872,null,2.4,null,780
2195,"GARCIA GOMEZ, LAZARO",2021→2022,2021,2022,62001,null,prod_ganado,null,6156,6156,null,5.6,null,1099.29
465,"INVESTIGACION Y DESARROLLO PANADERO, S.L.",2021→2022,2021,2022,40025,null,prod_ganado,null,3496.5,3496.5,null,2.7,null,1295
1117,COMERCIAL RUIZ ARRIBAS S. XXI. S.L.,2021→2022,2021,2022,40103,null,prod_ganado,null,8437.5,8437.5,null,6.75,null,1250
6376,"ANAYA CILLEROS, LIDIA",2021→2022,2021,2022,44310,null,prod_ganado,null,110.25,110.25,null,0.105,null,1050
8795,"ADISTAFARMA, S.L.",2021→2022,2021,2022,61228,null,sin_actividad,null,0,0,null,0.001,null,0
8724,"BEING FOODS, S.A.",2021→2022,2021,2022,61222,null,sin_actividad,null,0,0,null,0.001,null,0
8495,"PEÑA GOMEZ, ARTURO JAVIER",2021→2022,2021,2022,44315,null,prod_ganado,null,21.42,21.42,null,0.014,null,1530
3610,"PINAZO MARTINEZ, JULIAN",2021→2022,2021,2022,62001,null,prod_ganado,null,562.5,562.5,null,0.75,null,750
8854,JOHANNES LÜHDERS KG,2021→2022,2021,2022,61200,null,sin_actividad,null,0,0,null,0.003,null,0
7171,"QUIRANTE FRUITS, S.L.",2021→2022,2021,2022,49022,null,prod_ganado,null,49000,49000,null,2.8,null,17500
8795,"ADISTAFARMA, S.L.",2021→2022,2021,2022,61222,null,sin_actividad,null,0,0,null,0.001,null,0
4383,"MANUFRI, S.L.",2021→2022,2021,2022,61267,null,prod_ganado,null,32322.24,32322.24,null,24.94,null,1296
9093,"CARNES FÉLIX, S.A.",2021→2022,2021,2022,65005,null,prod_ganado,null,365.16,365.16,null,0.255,null,1432
8889,COOP. AGRICOLA DE VILLAR DEL ARZOBISPO,2021→2022,2021,2022,60105,null,sin_actividad,null,0,0,null,0.001,null,0
9080,"MATERNE-CONFILUX, S.A.",2021→2022,2021,2022,43000,null,sin_actividad,null,0,0,null,0.001,null,0
2850,"AMC NATURAL DRINKS, S.L.",2021→2022,2021,2022,40003,null,sin_actividad,null,0,0,null,0.001,null,0
5407,"HIJOS DE ISIDORO CALZADO, S.L.",2021→2022,2021,2022,61142,null,prod_ganado,null,1172.4,1172.4,null,1.2,null,977
716,"PENALVA ALIMENTACION, S.A.",2021→2022,2021,2022,42000,null,prod_ganado,null,12487.5,12487.5,null,11.25,null,1110
5989,"T500 PURATOS, S.A.",2021→2022,2021,2022,65021,null,sin_actividad,null,0,0,null,0.001,null,0
8785,INGREDIENTS & DESSERTS,2021→2022,2021,2022,61229,null,sin_actividad,null,0,0,null,0.001,null,0
3969,"HERAIZ CABANES, CRISTIAN",2021→2022,2021,2022,62000,null,prod_ganado,null,532.5,532.5,null,0.75,null,710
6636,"TECNICAS MECANICAS ILERDENSES, S.L.",2021→2022,2021,2022,40103,null,sin_actividad,null,0,0,null,0.25,null,0
7171,"QUIRANTE FRUITS, S.L.",2021→2022,2021,2022,61244,null,prod_ganado,null,10516576.27,10516576.27,null,8800.129,null,1195.05
8247,"ALLJUICEMED, S.L.",2021→2022,2021,2022,61250,null,prod_ganado,null,106287.6,106287.6,null,154.04,null,690
3372,"GUFRESCO, S.L.",2021→2022,2021,2022,41005,null,prod_ganado,null,1250,1250,null,1,null,1250
4033,"DULCES DELICIAS, S.L.",2021→2022,2021,2022,62405,null,sin_actividad,null,0,0,null,0.002,null,0
5192,"WORLD WIDE IMPORT EXPORT CO, LTD.",2021→2022,2021,2022,62153,null,prod_ganado,null,1668,1668,null,1.2,null,1390
8724,"BEING FOODS, S.A.",2021→2022,2021,2022,61200,null,sin_actividad,null,0,0,null,0.001,null,0
8344,"PA DE MEL, S.L.",2021→2022,2021,2022,61228,null,sin_actividad,null,0,0,null,0.001,null,0
7251,"HELARTEAVILA, S.L.",2021→2022,2021,2022,61200,null,sin_actividad,null,0,0,null,0.001,null,0
2682,"CARO CARO, CANDELARIA",2021→2022,2021,2022,40000,null,prod_ganado,null,2420,2420,null,2,null,1210
772,"SEIS H, S.A.",2021→2022,2021,2022,62401,null,sin_actividad,null,0,0,null,0.001,null,0
3552,"VERDU RUIZ, ANTONIO",2021→2022,2021,2022,62020,null,prod_ganado,null,1087.5,1087.5,null,1.5,null,725
1938,"NAVARRO GARCIA, ANTONIO",2021→2022,2021,2022,44313,null,prod_ganado,null,129.6,129.6,null,0.12,null,1080
3427,"DOÑATE GALINDO, FRANCISCO JOSE",2021→2022,2021,2022,44315,null,prod_ganado,null,321.3,321.3,null,0.21,null,1530
2611,"NAVARRO SANCHEZ, RAFAEL",2021→2022,2021,2022,44313,null,prod_ganado,null,1134,1134,null,1.05,null,1080
2975,"ARTUKOLUKE, S.L.",2021→2022,2021,2022,40103,null,prod_ganado,null,18120,18120,null,24,null,755
7123,"ESPIN SANCHEZ, MARIA ISABEL",2021→2022,2021,2022,44314,null,prod_ganado,null,1335.38,1335.38,null,0.615,null,2171.35
1,"ZUKAN, S.L.U.",2021→2022,2021,2022,44314,null,sin_actividad,null,0,0,null,0.001,null,0
1786,"ANITIN PANES ESPECIALES, S.L.",2021→2022,2021,2022,40030,null,prod_ganado,null,15813,15813,null,12.6,null,1255
1415,"MEMBRILLO EMILY, S.L.",2021→2022,2021,2022,61229,null,sin_actividad,null,0,0,null,0.002,null,0
1747,"FRUIT TECH NATURAL, S.A.",2021→2022,2021,2022,40207,null,prod_ganado,null,54468.7,54468.7,null,46.475,null,1172
8027,"CALAF NUANCES, S.L.",2021→2022,2021,2022,61229,null,prod_ganado,null,166.08,166.08,null,0.027,null,6151.11
6250,"GRAS REQUENA, FRANCISCO",2021→2022,2021,2022,44313,null,prod_ganado,null,324,324,null,0.3,null,1080
3266,"BODEGAS Y VIÑEDOS ILLANA, S.L.",2021→2022,2021,2022,40204,null,prod_ganado,null,35,35,null,0.025,null,1400
4319,"HERREROS CASTAÑOS, FRANCISCO",2021→2022,2021,2022,62001,null,prod_ganado,null,62.3,62.3,null,0.07,null,890
566,"ALMACENES MIGUEZ 2005,S.L.",2021→2022,2021,2022,65005,null,prod_ganado,null,20.43,20.43,null,0.015,null,1362
1528,"JUAN Y JUAN INDUSTRIAL, S.L.U.",2021→2022,2021,2022,61200,null,sin_actividad,null,0,0,null,0.001,null,0
6080,"MARGALEF MARGALEF, ROSSENDO",2021→2022,2021,2022,44313,null,prod_ganado,null,2100,2100,null,2.1,null,1000
769,"ANGEL CAMACHO ALIMENTACION, S.L.",2021→2022,2021,2022,40201,null,prod_ganado,null,138.5,138.5,null,0.1,null,1385
4383,"MANUFRI, S.L.",2021→2022,2021,2022,44131,null,prod_ganado,null,3630.99,3630.99,null,4.556,null,796.97
4642,"TORRALBA GUILLAMON, YOLANDA",2021→2022,2021,2022,40204,null,prod_ganado,null,40.2,40.2,null,0.025,null,1608
2271,"ABELLAN BIOFOODS, S.L.",2021→2022,2021,2022,40204,null,prod_ganado,null,13992.2,13992.2,null,9.4,null,1488.53
516,"PAIARROP, S.L.",2021→2022,2021,2022,40204,null,prod_ganado,null,1325,1325,null,1,null,1325
5656,API WAYS SAS,2021→2022,2021,2022,44313,null,prod_ganado,null,3351.6,3351.6,null,3.15,null,1064
1241,"ACEITES DEL SUR-COOSUR, S.A.",2021→2022,2021,2022,40030,null,prod_ganado,null,28320,28320,null,24,null,1180
8749,"ENVASATS BISAURA, S.L.",2021→2022,2021,2022,40103,null,sin_actividad,null,0,0,null,0.001,null,0
8344,"PA DE MEL, S.L.",2021→2022,2021,2022,62071,null,sin_actividad,null,0,0,null,0.001,null,0
3225,"SURIVAN FEEL THE TASTE, S.L.",2021→2022,2021,2022,49054,null,sin_actividad,null,0,0,null,0,null,null
884,"INTERNAC. DE COMERCIO Y DESTILERIAS J BORRAJO, S.A",2021→2022,2021,2022,40016,null,prod_ganado,null,61296,61296,null,96,null,638.5
7176,"COLOMINA LOPEZ, SOFIA",2021→2022,2021,2022,44015,null,prod_ganado,null,1968,1968,null,1.2,null,1640
2616,"SOLDADO GUILLEN, JOSE",2021→2022,2021,2022,62000,null,prod_ganado,null,912,912,null,1.2,null,760
4085,"ANDREU ZAMORA, VICENTE",2021→2022,2021,2022,62001,null,prod_ganado,null,936,936,null,1.2,null,780
5314,"PROFESSIONAL DAIRY PRODUCTS, S.L.",2021→2022,2021,2022,40016,null,prod_ganado,null,39967.8,39967.8,null,45.94,null,870
7115,"RIVERBEND ESPAÑA, S.A",2021→2022,2021,2022,61211,null,sin_actividad,null,0,0,null,0.002,null,0
8971,"MASTER BUILDERS SOLUTIONS ESPAÑA, S.L.U.",2021→2022,2021,2022,40002,null,sin_actividad,null,0,0,null,0.001,null,0
8553,"NATURAL BEE SPAIN, S.L",2021→2022,2021,2022,62000,null,prod_ganado,null,750,750,null,1,null,750
1098,"SANCHEZ TORMO, ENRIQUE",2021→2022,2021,2022,44313,null,prod_ganado,null,1186.5,1186.5,null,1.05,null,1130
2427,"SENCHERNES SOLDADO, ISAAC RAMON",2021→2022,2021,2022,62001,null,prod_ganado,null,2112,2112,null,2.4,null,880
1854,"ROYPAS BY NUTRIS, S.A.",2021→2022,2021,2022,40103,null,sin_actividad,null,0,0,null,0.005,null,0
3225,"SURIVAN FEEL THE TASTE, S.L.",2021→2022,2021,2022,44015,null,prod_ganado,null,1938,1938,null,1.2,null,1615
8983,ABDELOUAHED JRNAIJ,2021→2022,2021,2022,44313,null,prod_ganado,null,121.5,121.5,null,0.09,null,1350
8837,"AMARITTA FOOD, S.L.",2021→2022,2021,2022,61200,null,sin_actividad,null,0,0,null,0.001,null,0
2975,"ARTUKOLUKE, S.L.",2021→2022,2021,2022,42005,null,prod_ganado,null,4700,4700,null,5,null,940
618,"BAYOGAR, S.L.",2021→2022,2021,2022,40330,null,sin_actividad,null,0,0,null,0.001,null,0
4212,"VALLEJO LOPEZ, JUAN LUIS",2021→2022,2021,2022,44313,null,sin_actividad,null,0,0,null,0.225,null,0
4704,"MIGUELA MIGUELA, FRANCISCO",2021→2022,2021,2022,62001,null,prod_ganado,null,154.56,154.56,null,0.112,null,1380
8308,"CONSERVAS TORO LÓPEZ, S.L.",2021→2022,2021,2022,61222,null,sin_actividad,null,0,0,null,0.001,null,0
8961,"LABORATORIOS VIÑAS, S.A.",2021→2022,2021,2022,61200,null,sin_actividad,null,0,0,null,0.001,null,0
3653,"BULEO MIEL, S.L.",2021→2022,2021,2022,44313,null,prod_ganado,null,1081.5,1081.5,null,1.05,null,1030
8795,"ADISTAFARMA, S.L.",2021→2022,2021,2022,61229,null,sin_actividad,null,0,0,null,0.001,null,0
459,"VIGARTO, S.L.U.",2021→2022,2021,2022,60000,null,prod_ganado,null,3144,3144,null,3.6,null,873.33
517,"DUPAN, S.L.",2021→2022,2021,2022,40025,null,prod_ganado,null,2430,2430,null,1.8,null,1350
1854,"ROYPAS BY NUTRIS, S.A.",2021→2022,2021,2022,43100,null,prod_ganado,null,4303.2,4303.2,null,2.4,null,1793
7733,"SISU, C.B.",2021→2022,2021,2022,40203,null,prod_ganado,null,160.8,160.8,null,0.1,null,1608
6468,"DULCES LA CARTUJA, S.L.",2021→2022,2021,2022,43052,null,prod_ganado,null,2400,2400,null,1,null,2400
9047,"CUÉTARA, S.L.U.",2021→2022,2021,2022,61222,null,sin_actividad,null,0,0,null,0.001,null,0
8836,"AGROCENTROS LEON, S.L.",2021→2022,2021,2022,44313,null,prod_ganado,null,18217.5,18217.5,null,15.75,null,1156.67
282,"PRODUCTOS LOZANO, S.L.",2021→2022,2021,2022,61228,null,sin_actividad,null,0,0,null,0.001,null,0
8924,"LOPEZ CARRILLO, FRANCISCO MANUEL",2021→2022,2021,2022,44313,null,prod_ganado,null,16.2,16.2,null,0.015,null,1080
7980,"AQUAPOOL CHEMICAL, S.L.",2021→2022,2021,2022,62150,null,sin_actividad,null,0,0,null,0.001,null,0
615,"PRODUCTOS DE VITICULTURA, S.A.",2021→2022,2021,2022,60105,null,prod_ganado,null,30986.24,30986.24,null,60.521,null,511.99
2081,"ZUMOS Y FRUTAS CONCENTRADOS, S.L.",2021→2022,2021,2022,64090,null,prod_ganado,null,294972.98,294972.98,null,405.74,null,727
2525,"COMERCIAL APICOLA ROSSEND MARGALEF, S.L.",2021→2022,2021,2022,44304,null,prod_ganado,null,31.5,31.5,null,0.03,null,1050
6453,"PRODUCTOS MEDITERRANEO BELCHI SALAS, S.L.",2021→2022,2021,2022,40203,null,prod_ganado,null,241.2,241.2,null,0.15,null,1608
8247,"ALLJUICEMED, S.L.",2021→2022,2021,2022,40003,null,sin_actividad,null,0,0,null,0.01,null,0
542,"SDAD.ESPAÑOLA COLOR. NATURALES Y AFINES, S.A.U.",2021→2022,2021,2022,43000,null,prod_ganado,null,74805,74805,null,47.64,null,1570.21
3194,"DESTILERIAS RONIWESK, S.L.",2021→2022,2021,2022,60105,null,sin_actividad,null,0,0,null,0.001,null,0
8461,"ENVASADOS ESPECIALES VALDEMORO, S.L.",2021→2022,2021,2022,42005,null,sin_actividad,null,0,0,null,0.875,null,0
4344,"GOMEZ TURPIN, EVA MARIA",2021→2022,2021,2022,40201,null,prod_ganado,null,75.8,75.8,null,0.05,null,1516
502,"GRANOVITA, S.A.",2021→2022,2021,2022,40103,null,sin_actividad,null,0,0,null,0.001,null,0
6314,"LOPEZ AGUDO, PILAR",2021→2022,2021,2022,40201,null,prod_ganado,null,303.2,303.2,null,0.2,null,1516
2917,"CARAMEL FOOD, S.L.",2021→2022,2021,2022,60105,null,prod_ganado,null,28.56,28.56,null,0.028,null,1020
3225,"SURIVAN FEEL THE TASTE, S.L.",2021→2022,2021,2022,41000,null,prod_ganado,null,1438,1438,null,1,null,1438
7133,VERSTEGEN SPICES & SAUCES,2021→2022,2021,2022,61228,null,sin_actividad,null,0,0,null,0.002,null,0
1771,"EL CASERIO, S.A",2021→2022,2021,2022,43100,null,prod_ganado,null,2556,2556,null,2.4,null,1065
2027,"DESTILERIAS AGUILAR, S.A.",2021→2022,2021,2022,60000,null,prod_ganado,null,12749.31,12749.31,null,14.057,null,906.97
1083,"COLLADO COLADO, ASUNCION",2021→2022,2021,2022,62001,null,prod_ganado,null,562.5,562.5,null,0.75,null,750
172,"TRANSGALLEGO LOGISTIC, S.L.",2021→2022,2021,2022,40004,null,prod_ganado,null,64,64,null,0.1,null,640
3966,"BODEGAS FERNANDO CASTRO, S.L.",2021→2022,2021,2022,40000,null,prod_ganado,null,15165,15165,null,15.3,null,991.18
1631,"SALMERON SAN JUAN, SALVADOR",2021→2022,2021,2022,62001,null,prod_ganado,null,936,936,null,1.2,null,780
1661,"DELAVIUDA ALIMENTACION, S.A",2021→2022,2021,2022,43052,null,prod_ganado,null,10728,10728,null,4.5,null,2384
7937,"ANTONIO Y PURI TORRES, S.L.",2021→2022,2021,2022,40030,null,prod_ganado,null,14355.9,14355.9,null,11.7,null,1227
4383,"MANUFRI, S.L.",2021→2022,2021,2022,61212,null,sin_actividad,null,0,0,null,0.002,null,0
3225,"SURIVAN FEEL THE TASTE, S.L.",2021→2022,2021,2022,61222,null,sin_actividad,null,0,0,null,0.001,null,0
4501,"DE DIEGO ARRIBAS, JUAN JOSE",2021→2022,2021,2022,44313,null,prod_ganado,null,97.2,97.2,null,0.09,null,1080
6249,"ANIA BOTANICALS, S.L.",2021→2022,2021,2022,41000,null,prod_ganado,null,3537.5,3537.5,null,2.5,null,1415
4463,"ACEDOS CAMPOS, PABLO",2021→2022,2021,2022,62001,null,prod_ganado,null,950,950,null,1,null,950
8934,"BEHONEY, SDAD COOP",2021→2022,2021,2022,44315,null,prod_ganado,null,590.8,590.8,null,0.322,null,1834.78
7233,"GARCIA PALAZON, TEODORO",2021→2022,2021,2022,62001,null,prod_ganado,null,187.5,187.5,null,0.25,null,750
21,BRITISH SUGAR PLC,2021→2022,2021,2022,44310,null,sin_actividad,null,0,0,null,0.004,null,0
1633,"NAVARRO SALA, JUSTO JAVIER",2021→2022,2021,2022,62000,null,prod_ganado,null,1188,1188,null,1.2,null,990
7558,HARINAS CASTILLA LA MANCHA S.L,2021→2022,2021,2022,40000,null,prod_ganado,null,133056,133056,null,118.8,null,1120
3294,"PUNTO GOFRE, S.L.",2021→2022,2021,2022,60105,null,prod_ganado,null,29439.72,29439.72,null,27.629,null,1065.54
484,"PRODUCTOS LA PILARICA, S.A.",2021→2022,2021,2022,42000,null,prod_ganado,null,96602.5,96602.5,null,113.65,null,850
3868,"EMPURIA GEL, S.L.",2021→2022,2021,2022,60105,null,prod_ganado,null,7436.4,7436.4,null,8.4,null,885.29
1,"ZUKAN, S.L.U.",2021→2022,2021,2022,44327,null,sin_actividad,null,0,0,null,0.182,null,0
3375,"EUROCHOC, S.L.",2021→2022,2021,2022,43052,null,prod_ganado,null,9945,9945,null,3.9,null,2550
8507,PSIQUIS INNOVA S.L.N.E.,2021→2022,2021,2022,61229,null,sin_actividad,null,0,0,null,0.001,null,0
1528,"JUAN Y JUAN INDUSTRIAL, S.L.U.",2021→2022,2021,2022,61228,null,sin_actividad,null,0,0,null,0.001,null,0
8999,"VIRAVELO, S.L.",2021→2022,2021,2022,61197,null,prod_ganado,null,38549.28,38549.28,null,23.84,null,1617
3156,"FINI GOLOSINAS ESPAÑA, S.L.U.",2021→2022,2021,2022,62400,null,sin_actividad,null,0,0,null,0.001,null,0
3805,"MONTEJANO NAVARRO, MARIA DEL CARMEN",2021→2022,2021,2022,44313,null,prod_ganado,null,437.4,437.4,null,0.405,null,1080
430,"MONZO LUIS, S.L.",2021→2022,2021,2022,40001,null,prod_ganado,null,6120,6120,null,7.2,null,850
478,"MORENO RUIZ HERMANOS, S.L.",2021→2022,2021,2022,61229,null,sin_actividad,null,0,0,null,0.001,null,0
8639,ADS APICOLA UPA GUADALAJARA,2021→2022,2021,2022,62000,null,prod_ganado,null,7584,7584,null,9.6,null,790
3225,"SURIVAN FEEL THE TASTE, S.L.",2021→2022,2021,2022,61228,null,sin_actividad,null,0,0,null,0.001,null,0
430,"MONZO LUIS, S.L.",2021→2022,2021,2022,43100,null,prod_ganado,null,9691.5,9691.5,null,9.231,null,1049.89
7556,"DESTILACIONES BORDAS CHINCHURRETA, S.A.",2021→2022,2021,2022,61229,null,sin_actividad,null,0,0,null,0.001,null,0
8720,"NUTRAPROCES 2000, S.L.",2021→2022,2021,2022,61228,null,sin_actividad,null,0,0,null,0.001,null,0
5501,"CALIDAD PASCUAL, S.A.",2021→2022,2021,2022,61229,null,sin_actividad,null,0,0,null,0.001,null,0
197,"J. GARCIA CARRION, S.A.",2021→2022,2021,2022,61200,null,sin_actividad,null,0,0,null,0.001,null,0
7506,"MONTALBAN CORONADO, FRANCISCO",2021→2022,2021,2022,44313,null,prod_ganado,null,279,279,null,0.18,null,1550
8837,"AMARITTA FOOD, S.L.",2021→2022,2021,2022,61228,null,sin_actividad,null,0,0,null,0.001,null,0
303,"J.R. SABATER, S.A.",2021→2022,2021,2022,42005,null,prod_ganado,null,1105,1105,null,1.25,null,884
5376,"SILVESTRE GOMEZ, JOSE",2021→2022,2021,2022,44315,null,prod_ganado,null,1499.4,1499.4,null,0.98,null,1530
9048,KALLAS CYPRUS LTD,2021→2022,2021,2022,44310,null,sin_actividad,null,0,0,null,0.003,null,0
6048,"BLENDAMA, S.L.",2021→2022,2021,2022,40025,null,prod_ganado,null,1204.2,1204.2,null,0.9,null,1338
8320,"AGAMA MANACOR 249, S.L.",2021→2022,2021,2022,40016,null,prod_ganado,null,38340,38340,null,60,null,639
2287,"RODRIGUEZ BLANCO, ASUNCION",2021→2022,2021,2022,44301,null,prod_ganado,null,109.5,109.5,null,0.15,null,730
2469,"MUNDO BARQUILLO, S.L.",2021→2022,2021,2022,40024,null,prod_ganado,null,15980,15980,null,23.5,null,680
502,"GRANOVITA, S.A.",2021→2022,2021,2022,40204,null,sin_actividad,null,0,0,null,0.001,null,0
2958,"RODRIGUEZ BERJAGA, ANGEL",2021→2022,2021,2022,62001,null,prod_ganado,null,6650,6650,null,7,null,950
8734,"VMPS AGUAS E TURISMO, S.A",2021→2022,2021,2022,44092,null,prod_ganado,null,275216.99,275216.99,null,281.696,null,977
3461,"GONZALEZ PARDO, JOSE MIGUEL",2021→2022,2021,2022,44315,null,prod_ganado,null,95.76,95.76,null,0.042,null,2280
9115,"GAMONOSO CABALLERO, MANUELA",2021→2022,2021,2022,44335,null,prod_ganado,null,118.5,118.5,null,0.075,null,1580
574,"AZUCAR LUTOR, S.C.A.",2021→2022,2021,2022,40000,null,prod_ganado,null,35100,35100,null,46.8,null,750
458,"CASTY, S.A.",2021→2022,2021,2022,41006,null,prod_ganado,null,15551.25,15551.25,null,16.25,null,957
609,"ALBORCHATA,S.L.",2021→2022,2021,2022,40016,null,prod_ganado,null,6890,6890,null,13,null,530
2081,"ZUMOS Y FRUTAS CONCENTRADOS, S.L.",2021→2022,2021,2022,61272,null,prod_ganado,null,188030.08,188030.08,null,176.72,null,1064
8344,"PA DE MEL, S.L.",2021→2022,2021,2022,40260,null,sin_actividad,null,0,0,null,0.001,null,0
4406,"BELMAR GRAU, JONATAN",2021→2022,2021,2022,44310,null,prod_ganado,null,99,99,null,0.075,null,1320
1,"ZUKAN, S.L.U.",2021→2022,2021,2022,44310,null,sin_actividad,null,0,0,null,0.202,null,0
1,"ZUKAN, S.L.U.",2021→2022,2021,2022,44313,null,sin_actividad,null,0,0,null,0.392,null,0
8852,ALMAYYA GROUP LLC,2021→2022,2021,2022,62001,null,sin_actividad,null,0,0,null,0,null,null
3144,"DALLANT, S.A.",2021→2022,2021,2022,60131,null,sin_actividad,null,0,0,null,0.01,null,0
2655,"GOMEZ MOYA, JESUS",2021→2022,2021,2022,65005,null,prod_ganado,null,165.15,165.15,null,0.15,null,1101
2057,"BACK EUROP ESPAÑA, S.L",2021→2022,2021,2022,40110,null,prod_ganado,null,667.5,667.5,null,0.75,null,890
200,MARIN GIMENEZ HNOS. S.A.,2021→2022,2021,2022,44090,null,sin_actividad,null,0,0,null,0.001,null,0
3002,"BENITO SANCHEZ, JOSE",2021→2022,2021,2022,44313,null,prod_ganado,null,324,324,null,0.3,null,1080
455,"EMILIO PEÑA, S.A.",2021→2022,2021,2022,40000,null,prod_ganado,null,1540,1540,null,2,null,770
481,"EL CATETO, S.L.",2021→2022,2021,2022,40024,null,prod_ganado,null,15984,15984,null,21.6,null,740
8982,"HURTADO VALERO, ANTONIO",2021→2022,2021,2022,44313,null,prod_ganado,null,810,810,null,0.6,null,1350
1545,"VICENTE FRIAS, PEDRO ",2021→2022,2021,2022,40025,null,prod_ganado,null,33.45,33.45,null,0.025,null,1338
2570,"NATRA OÑATI, S.A.",2021→2022,2021,2022,44111,null,prod_ganado,null,167282.94,167282.94,null,296.076,null,565
8247,"ALLJUICEMED, S.L.",2021→2022,2021,2022,61275,null,prod_ganado,null,149808.35,149808.35,null,167.17,null,896.14
9120,"REAL JUAN, JUAN MIGUEL",2021→2022,2021,2022,44315,null,prod_ganado,null,63.84,63.84,null,0.028,null,2280
5881,"FRUTAS COLOMINA, S.L.",2021→2022,2021,2022,44015,null,prod_ganado,null,1968,1968,null,1.2,null,1640
7592,"CASTILLO CATALÁN, EUGENIO",2021→2022,2021,2022,62001,null,prod_ganado,null,502.32,502.32,null,0.364,null,1380
4852,"ABELLAIRES EMPORDANESOS, S.A.T.",2021→2022,2021,2022,44335,null,prod_ganado,null,420,420,null,0.3,null,1400
1646,"NAVARRO SALA, JOSE",2021→2022,2021,2022,40025,null,prod_ganado,null,669,669,null,0.5,null,1338
8484,LA CASA DE LA MIEL ALBACETE S.L.,2021→2022,2021,2022,44313,null,prod_ganado,null,1134,1134,null,1.05,null,1080
4761,"AYORA PORCAR, NESTOR",2021→2022,2021,2022,44301,null,prod_ganado,null,3942,3942,null,5.4,null,730
2473,"TORRE ORIA, S.L.U.",2021→2022,2021,2022,40016,null,prod_ganado,null,123433.92,123433.92,null,136.04,null,907.34
1649,"BLASCO APARICIO, SANDRA",2021→2022,2021,2022,62000,null,prod_ganado,null,912,912,null,1.2,null,760
450,"LA FLOR BURGALESA, S.L.",2021→2022,2021,2022,41000,null,sin_actividad,null,0,0,null,0.001,null,0
8900,"GAMIR PLANELLS, JOSE MARIA",2021→2022,2021,2022,44310,null,prod_ganado,null,63,63,null,0.06,null,1050
8509,"BIO CONTROL DEL MEDITERRÁNEO, S.L",2021→2022,2021,2022,62001,null,prod_ganado,null,36.54,36.54,null,0.042,null,870
576,"VIUDA PIFARRE Y COMPAÑIA, S.L.",2021→2022,2021,2022,44111,null,sin_actividad,null,0,0,null,0.002,null,0
8247,"ALLJUICEMED, S.L.",2021→2022,2021,2022,61264,null,prod_ganado,null,558739,558739,null,657.34,null,850
8890,"AGROTAN NATURA, S.L.",2021→2022,2021,2022,40260,null,prod_ganado,null,78.4,78.4,null,0.08,null,980
8479,FA. BLIESGAUBEUTE,2021→2022,2021,2022,44315,null,prod_ganado,null,1197,1197,null,0.84,null,1425
2767,"DULCEPLUS GOLOSINAS, S.A.",2021→2022,2021,2022,62400,null,prod_ganado,null,5673.6,5673.6,null,4.801,null,1181.75
7115,"RIVERBEND ESPAÑA, S.A",2021→2022,2021,2022,61248,null,prod_ganado,null,1535.16,1535.16,null,1.163,null,1320
8247,"ALLJUICEMED, S.L.",2021→2022,2021,2022,61274,null,prod_ganado,null,206238.22,206238.22,null,209.14,null,986.13
3791,"FORTEA CERAS Y MIELES, S.L.",2021→2022,2021,2022,44313,null,sin_actividad,null,0,0,null,0.015,null,0
9068,GEENG GINGERS INTERNATIONAL,2021→2022,2021,2022,60011,null,prod_ganado,null,1980,1980,null,1.2,null,1650
7556,"DESTILACIONES BORDAS CHINCHURRETA, S.A.",2021→2022,2021,2022,61228,null,sin_actividad,null,0,0,null,0.001,null,0
3673,"LATORRE GARCIA, RAUL",2021→2022,2021,2022,44301,null,prod_ganado,null,255.5,255.5,null,0.35,null,730
1747,"FRUIT TECH NATURAL, S.A.",2021→2022,2021,2022,40016,null,prod_ganado,null,38814.16,38814.16,null,59.78,null,649.28
478,"MORENO RUIZ HERMANOS, S.L.",2021→2022,2021,2022,61200,null,sin_actividad,null,0,0,null,0.001,null,0
8641,"GALLETAS GULLÓN, S.A.",2021→2022,2021,2022,42005,null,prod_ganado,null,78354,78354,null,90.5,null,865.79
205,"ROBERTO REQUENA, S.L.",2021→2022,2021,2022,60105,null,prod_ganado,null,15.26,15.26,null,0.014,null,1090
1962,"NAVARRO MORA, JOSEFA",2021→2022,2021,2022,44313,null,prod_ganado,null,303.75,303.75,null,0.225,null,1350
7052,"VERGARA ROBERTO, ALBERTO",2021→2022,2021,2022,62001,null,prod_ganado,null,224.28,224.28,null,0.252,null,890
8344,"PA DE MEL, S.L.",2021→2022,2021,2022,62070,null,sin_actividad,null,0,0,null,0.001,null,0
458,"CASTY, S.A.",2021→2022,2021,2022,44131,null,prod_ganado,null,84,84,null,0.06,null,1400
1528,"JUAN Y JUAN INDUSTRIAL, S.L.U.",2021→2022,2021,2022,40204,null,prod_ganado,null,14896,14896,null,11.2,null,1330
8837,"AMARITTA FOOD, S.L.",2021→2022,2021,2022,61222,null,sin_actividad,null,0,0,null,0.001,null,0
8509,"BIO CONTROL DEL MEDITERRÁNEO, S.L",2021→2022,2021,2022,44313,null,prod_ganado,null,15.9,15.9,null,0.015,null,1060
551,"ICE CREAM FACTORY COMAKER, S.A.",2021→2022,2021,2022,61229,null,sin_actividad,null,0,0,null,0.001,null,0
311,"PROBELTE, S.A.U.",2021→2022,2021,2022,43150,null,prod_ganado,null,6390,6390,null,3,null,2130
8248,"CRA BODEGAS, S.L.",2021→2022,2021,2022,61248,null,prod_ganado,null,8778188.04,8778188.04,null,8565.88,null,1024.79
618,"BAYOGAR, S.L.",2021→2022,2021,2022,44015,null,prod_ganado,null,39092.3,39092.3,null,60.142,null,650
248,"CONSERVAS EL VALLE, S.L.",2021→2022,2021,2022,40110,null,prod_ganado,null,400.5,400.5,null,0.375,null,1068
8778,"IDILIA FOODS, S.L.",2021→2022,2021,2022,61222,null,sin_actividad,null,0,0,null,0.001,null,0
2850,"AMC NATURAL DRINKS, S.L.",2021→2022,2021,2022,99950,null,sin_actividad,null,0,0,null,0.001,null,0
200,MARIN GIMENEZ HNOS. S.A.,2021→2022,2021,2022,61121,null,sin_actividad,null,0,0,null,0.001,null,0
8621,"JUAN FERRI, JUAN JOSE",2021→2022,2021,2022,40000,null,prod_ganado,null,1870,1870,null,1.9,null,984.21
4276,"PORCAR VIDAL, JUANA",2021→2022,2021,2022,44313,null,prod_ganado,null,32.4,32.4,null,0.03,null,1080
2347,"DESTILERIAS WIFREDO RIZO, S.L.",2021→2022,2021,2022,44015,null,prod_ganado,null,2208,2208,null,2.4,null,920
9067,"SCHREIBER FOODS ESPAÑA, S.L.",2021→2022,2021,2022,40000,null,prod_ganado,null,164934,164934,null,149.94,null,1100
3089,"CANTIN CEBRIAN, JESUS MIGUEL",2021→2022,2021,2022,44315,null,prod_ganado,null,428.4,428.4,null,0.28,null,1530
354,"DESTILERIAS LA HUERTANA, S.L.",2021→2022,2021,2022,60131,null,sin_actividad,null,0,0,null,0.001,null,0
535,"FRIMAR PANADEROS, S.L.",2021→2022,2021,2022,40016,null,prod_ganado,null,2181,2181,null,3,null,727
9039,"DEL VALLE PARDO, DIEGO",2021→2022,2021,2022,40025,null,prod_ganado,null,7875,7875,null,6.3,null,1250
1728,"CEREALTO INDUSTRIAL SPAIN, S.A.",2021→2022,2021,2022,65015,null,prod_ganado,null,12087.08,12087.08,null,10.725,null,1127
5501,"CALIDAD PASCUAL, S.A.",2021→2022,2021,2022,61228,null,sin_actividad,null,0,0,null,0.001,null,0
2501,"LOPEZ SANCHEZ, JOSE ANTONIO",2021→2022,2021,2022,44314,null,prod_ganado,null,507.38,507.38,null,0.225,null,2255.02
8496,"MARTINEZ RUIZ, ISRAEL",2021→2022,2021,2022,44313,null,prod_ganado,null,69.75,69.75,null,0.045,null,1550
4913,"DE LA HOZ TRAPERO, JESUS",2021→2022,2021,2022,44310,null,prod_ganado,null,1102.5,1102.5,null,1.05,null,1050
7234,"PALAZON MARTINEZ, DAVID",2021→2022,2021,2022,62001,null,prod_ganado,null,562.5,562.5,null,0.75,null,750
3441,"CASTILLO DIAZ, FERNANDO",2021→2022,2021,2022,44310,null,prod_ganado,null,123.3,123.3,null,0.09,null,1370
9107,"MARTIN PAVON, MARIA JOSE",2021→2022,2021,2022,44314,null,prod_ganado,null,581.85,581.85,null,0.27,null,2155
7463,"ESTEBAN REMON, ELENA MARIA",2021→2022,2021,2022,65005,null,prod_ganado,null,68.1,68.1,null,0.06,null,1135
5556,ASOCIACION MONTAÑESA DE APICULTORES,2021→2022,2021,2022,44310,null,prod_ganado,null,904.05,904.05,null,0.615,null,1470
4089,"COLAS CAÑETE, PEDRO",2021→2022,2021,2022,44315,null,prod_ganado,null,1285.2,1285.2,null,0.84,null,1530
8996,"RAMYMAR FRUITS, S.L.",2021→2022,2021,2022,44313,null,prod_ganado,null,93,93,null,0.06,null,1550
8261,"ITALPACK,SRL",2021→2022,2021,2022,40000,null,sin_actividad,null,0,0,null,1,null,0
8799,"ELABORATS MILA, S.L.",2021→2022,2021,2022,61200,null,sin_actividad,null,0,0,null,0.001,null,0
4470,"SALABERRIA TELLECHEA, XIKER",2021→2022,2021,2022,62020,null,prod_ganado,null,154.56,154.56,null,0.168,null,920
3641,"LUCAS MATEO, ENRIQUE",2021→2022,2021,2022,62001,null,prod_ganado,null,436.1,436.1,null,0.49,null,890
561,"JOSE MIGUEL POVEDA, S.A.",2021→2022,2021,2022,40016,null,prod_ganado,null,9240,9240,null,11,null,840
8320,"AGAMA MANACOR 249, S.L.",2021→2022,2021,2022,40000,null,prod_ganado,null,13320,13320,null,24,null,555
1000,CLIENTES VARIOS (CONTADO),2021→2022,2021,2022,44301,null,prod_ganado,null,182.5,182.5,null,0.25,null,730
7251,"HELARTEAVILA, S.L.",2021→2022,2021,2022,60105,null,sin_actividad,null,0,0,null,0.001,null,0
1854,"ROYPAS BY NUTRIS, S.A.",2021→2022,2021,2022,61258,null,prod_ganado,null,46593.36,46593.36,null,23.32,null,1998
8961,"LABORATORIOS VIÑAS, S.A.",2021→2022,2021,2022,61228,null,sin_actividad,null,0,0,null,0.001,null,0
297,"TARBAL FOOD, S.L.",2021→2022,2021,2022,40025,null,prod_ganado,null,8316,8316,null,6,null,1386
1832,"SIERRAS ANDALUZAS, S.C.A.",2021→2022,2021,2022,44336,null,prod_ganado,null,4512.5,4512.5,null,4.75,null,950
8629,"CASCALES GALVEZ, ANTONIO JESUS",2021→2022,2021,2022,44314,null,prod_ganado,null,1614.53,1614.53,null,0.795,null,2030.86
465,"INVESTIGACION Y DESARROLLO PANADERO, S.L.",2021→2022,2021,2022,65007,null,prod_ganado,null,15228,15228,null,14.4,null,1057.5
7936,"FABRICA JAEN, S.L.U.",2021→2022,2021,2022,60105,null,sin_actividad,null,0,0,null,0.001,null,0
3479,"LA TAHONA DE UTIEL, S.L.",2021→2022,2021,2022,62400,null,sin_actividad,null,0,0,null,0.015,null,0
4450,"MIELES LLADRO, C.B.",2021→2022,2021,2022,62001,null,prod_ganado,null,6022.8,6022.8,null,9.56,null,630
8694,MEDALAB,2021→2022,2021,2022,62000,null,sin_actividad,null,0,0,null,0.004,null,0
6858,"JUGOS ECOLOGICOS DE MURCIA, S.L.",2021→2022,2021,2022,40204,null,prod_ganado,null,1400,1400,null,1,null,1400
2548,"MEETINGCOOK, S.L.",2021→2022,2021,2022,40103,null,prod_ganado,null,96,96,null,0.075,null,1280
2916,"SUC. DE MUÑOZ Y PUJANTE, S.L.",2021→2022,2021,2022,40013,null,sin_actividad,null,0,0,null,0.001,null,0
5906,SAT APICOLA EL PERELLO,2021→2022,2021,2022,44314,null,prod_ganado,null,2110.5,2110.5,null,1.05,null,2010
8496,"MARTINEZ RUIZ, ISRAEL",2021→2022,2021,2022,62001,null,prod_ganado,null,137.06,137.06,null,0.154,null,890
265,"BLENDHUB, S.L",2021→2022,2021,2022,41000,null,sin_actividad,null,0,0,null,0.001,null,0
6403,"SERGIO TULEDA Y JESUS MATEOS DEL VAS, O.E. E.A.R.",2021→2022,2021,2022,44315,null,prod_ganado,null,642.6,642.6,null,0.42,null,1530
7395,VECO PHARMA SHPK,2021→2022,2021,2022,62001,null,prod_ganado,null,2637.6,2637.6,null,3.36,null,785
2081,"ZUMOS Y FRUTAS CONCENTRADOS, S.L.",2021→2022,2021,2022,61261,null,prod_ganado,null,117231.94,117231.94,null,127.06,null,922.65
762,"VIOKOX, S.A",2021→2022,2021,2022,42000,null,prod_ganado,null,105,105,null,0.1,null,1050
5556,ASOCIACION MONTAÑESA DE APICULTORES,2021→2022,2021,2022,62001,null,prod_ganado,null,1388.4,1388.4,null,1.56,null,890
3464,"GIJON TORRES, JOAQUIN",2021→2022,2021,2022,44313,null,prod_ganado,null,437.4,437.4,null,0.405,null,1080
8507,PSIQUIS INNOVA S.L.N.E.,2021→2022,2021,2022,61228,null,sin_actividad,null,0,0,null,0.001,null,0
7169,"MASTRIGO BIO GOURMET, S.L.",2021→2022,2021,2022,61228,null,sin_actividad,null,0,0,null,0.021,null,0
6052,DICHEM FOODS  S.A.,2021→2022,2021,2022,61222,null,sin_actividad,null,0,0,null,0.001,null,0
775,"NATRA CACAO,S.L.",2021→2022,2021,2022,40026,null,prod_ganado,null,10288,10288,null,25.72,null,400
1,"ZUKAN, S.L.U.",2021→2022,2021,2022,99950,null,sin_actividad,null,0,0,null,0.07,null,0
4957,"TORRES OLIVARES, MARIO",2021→2022,2021,2022,44315,null,prod_ganado,null,171.36,171.36,null,0.112,null,1530
9085,"VIGIL MARTÍNEZ, MERCEDES",2021→2022,2021,2022,40203,null,prod_ganado,null,76.9,76.9,null,0.05,null,1538
2628,"EROLES BOIX, JUAN JOSE",2021→2022,2021,2022,44313,null,prod_ganado,null,1903.5,1903.5,null,1.905,null,999.21
3211,"PEREZ BARRERA, FRANCISCO",2021→2022,2021,2022,62020,null,prod_ganado,null,165,165,null,0.25,null,660
9088,BANCO DE ALIMENTOS DEL SEGURA MURCIA,2021→2022,2021,2022,45003,null,prod_ganado,null,1053,1053,null,0.78,null,1350
1196,"ESTUCHADOS JUCAR, S.L.U.",2021→2022,2021,2022,40103,null,prod_ganado,null,1230,1230,null,1,null,1230
2650,"GASCON MORTE, CARMELO",2021→2022,2021,2022,62001,null,prod_ganado,null,2255.04,2255.04,null,2.308,null,977.05
8972,"NIETO CAPARROS,DANIEL ",2021→2022,2021,2022,62000,null,prod_ganado,null,930,930,null,1,null,930
9047,"CUÉTARA, S.L.U.",2021→2022,2021,2022,99950,null,sin_actividad,null,0,0,null,0.003,null,0
2112,"LACASA, S.A.U.",2021→2022,2021,2022,40207,null,prod_ganado,null,58496.25,58496.25,null,42.975,null,1361.17
3658,"NAVALON FERRER, CRISTIAN",2021→2022,2021,2022,44313,null,prod_ganado,null,1627.5,1627.5,null,1.05,null,1550
8558,ASOCIACIÓN DE PEQUEÑOS APICULTORES ALBACETE ,2021→2022,2021,2022,44315,null,prod_ganado,null,12432,12432,null,8.288,null,1500
455,"EMILIO PEÑA, S.A.",2021→2022,2021,2022,65020,null,prod_ganado,null,11.77,11.77,null,0.013,null,905.38
1503,"PASTOR LEGAZ, LEANDRO",2021→2022,2021,2022,44313,null,sin_actividad,null,0,0,null,0,null,null
8474,"ANDREU BLANCO, PATRICIA",2021→2022,2021,2022,49006,null,prod_ganado,null,537.6,537.6,null,0.7,null,768
1136,"GARCIA GOMEZ, PEDRO",2021→2022,2021,2022,44313,null,prod_ganado,null,1134,1134,null,1.05,null,1080
4945,"NOGUERA CANTO, BARTOLOME",2021→2022,2021,2022,44313,null,prod_ganado,null,437.4,437.4,null,0.405,null,1080
5376,"SILVESTRE GOMEZ, JOSE",2021→2022,2021,2022,44313,null,prod_ganado,null,1134,1134,null,1.05,null,1080
3574,"TORREGROSA GOZALBO, JUAN CARLOS",2021→2022,2021,2022,44315,null,prod_ganado,null,700.8,700.8,null,0.584,null,1200
7326,"ACTIVA FOOD TECH, S.A.",2021→2022,2021,2022,40103,null,sin_actividad,null,0,0,null,0.002,null,0
3921,"IBERFRUTA MUERZA, S.A.",2021→2022,2021,2022,44093,null,prod_ganado,null,16950.5,16950.5,null,23.381,null,724.97
8308,"CONSERVAS TORO LÓPEZ, S.L.",2021→2022,2021,2022,60105,null,prod_ganado,null,6.3,6.3,null,0.007,null,900
8507,PSIQUIS INNOVA S.L.N.E.,2021→2022,2021,2022,61173,null,sin_actividad,null,0,0,null,0.001,null,0
2528,"MORATALLA FERNANDEZ, RAFAEL",2021→2022,2021,2022,62001,null,prod_ganado,null,897.12,897.12,null,1.008,null,890
3287,"DELAFRUIT, S.L.U",2021→2022,2021,2022,40030,null,prod_ganado,null,16758,16758,null,12.6,null,1330
1202,"APIGLASS ENVAS. Y MAT. APICOLA, S.L.",2021→2022,2021,2022,44301,null,prod_ganado,null,1431,1431,null,1.8,null,795
3701,"CANO ABARCA, FRANCISCO JUAN",2021→2022,2021,2022,62001,null,prod_ganado,null,562.5,562.5,null,0.75,null,750
471,"FADICAMO, S.A.",2021→2022,2021,2022,40016,null,prod_ganado,null,35346.52,35346.52,null,47.96,null,737
1304,"EMPRESA DE TRANSFORMACIÓN AGRARIA, S.A., S.M.E., M.P (TRAGSA)",2021→2022,2021,2022,40016,null,prod_ganado,null,10360,10360,null,14,null,740
3464,"GIJON TORRES, JOAQUIN",2021→2022,2021,2022,62001,null,prod_ganado,null,224.28,224.28,null,0.252,null,890
516,"PAIARROP, S.L.",2021→2022,2021,2022,40203,null,prod_ganado,null,470.4,470.4,null,0.3,null,1568
8524,"DEL RIO BARA, SANTIAGO",2021→2022,2021,2022,44313,null,prod_ganado,null,972,972,null,0.9,null,1080
8247,"ALLJUICEMED, S.L.",2021→2022,2021,2022,61248,null,prod_ganado,null,466193.74,466193.74,null,456.635,null,1020.93
3284,"CUBISOL ALMERIA, S.L.",2021→2022,2021,2022,40201,null,prod_ganado,null,70.3,70.3,null,0.05,null,1406
7169,"MASTRIGO BIO GOURMET, S.L.",2021→2022,2021,2022,62071,null,sin_actividad,null,0,0,null,0.003,null,0
8438,"SANGÜESA PITARCH, ENRIQUE",2021→2022,2021,2022,44313,null,prod_ganado,null,1134,1134,null,1.05,null,1080
1661,"DELAVIUDA ALIMENTACION, S.A",2021→2022,2021,2022,44131,null,prod_ganado,null,16128,16128,null,25.2,null,640
1410,"RAMON SABATER, S.A.U.",2021→2022,2021,2022,60105,null,prod_ganado,null,174.02,174.02,null,0.154,null,1130
8371,CERGOLD INDUSTRIAS LDA,2021→2022,2021,2022,42000,null,prod_ganado,null,4850,4850,null,5,null,970
9091,"STOLLER EUROPE, S.L.U.",2021→2022,2021,2022,40000,null,prod_ganado,null,17920,17920,null,16,null,1120
8956,"GARCIA MORENO, MARIA MAGDALENA",2021→2022,2021,2022,40203,null,prod_ganado,null,195.75,195.75,null,0.125,null,1566
6459,"GARCIA FERNANDEZ, JOSE MANUEL",2021→2022,2021,2022,44313,null,prod_ganado,null,2742.9,2742.9,null,2.28,null,1203.03
9108,"NUÑEZ MARTIN, MANUEL",2021→2022,2021,2022,44314,null,prod_ganado,null,614.18,614.18,null,0.285,null,2155.02
551,"ICE CREAM FACTORY COMAKER, S.A.",2021→2022,2021,2022,61200,null,sin_actividad,null,0,0,null,0.001,null,0
505,"MORENO SORNI, ELIAS",2021→2022,2021,2022,44335,null,prod_ganado,null,805,805,null,0.5,null,1610
2909,"MANIPULADOS DE CEBOLLAS Y DERIVADOS, S.L.",2021→2022,2021,2022,40103,null,prod_ganado,null,13500,13500,null,12,null,1125
8668,FERDINAND KREUTZER SABAMÜHLE GMBH,2021→2022,2021,2022,61228,null,sin_actividad,null,0,0,null,0.001,null,0
2511,CIRTEAS CRISTINEL AMUZA,2021→2022,2021,2022,44315,null,prod_ganado,null,1377.6,1377.6,null,0.84,null,1640
8308,"CONSERVAS TORO LÓPEZ, S.L.",2021→2022,2021,2022,61200,null,sin_actividad,null,0,0,null,0.002,null,0
6560,MIEL Y CAMPO S.L.U,2021→2022,2021,2022,44010,null,prod_ganado,null,1152,1152,null,1.201,null,959.2
7169,"MASTRIGO BIO GOURMET, S.L.",2021→2022,2021,2022,60003,null,sin_actividad,null,0,0,null,0.001,null,0
5994,"SIGMA BIOTECH, S.L.",2021→2022,2021,2022,61228,null,sin_actividad,null,0,0,null,0.001,null,0
3225,"SURIVAN FEEL THE TASTE, S.L.",2021→2022,2021,2022,60114,null,prod_ganado,null,6300,6300,null,4.8,null,1312.5
8177,"LESAFFRE IBERIA, S.A.",2021→2022,2021,2022,40003,null,prod_ganado,null,27913.6,27913.6,null,26.84,null,1040
290,"IGH FLAVOURS TECHNOLOGY, S.A.U.",2021→2022,2021,2022,60105,null,prod_ganado,null,28,28,null,0.014,null,2000
478,"MORENO RUIZ HERMANOS, S.L.",2021→2022,2021,2022,61222,null,sin_actividad,null,0,0,null,0.001,null,0
7229,"LILLO CARRASCO, ANTONIO",2021→2022,2021,2022,62001,null,prod_ganado,null,249.2,249.2,null,0.28,null,890
4033,"DULCES DELICIAS, S.L.",2021→2022,2021,2022,62403,null,sin_actividad,null,0,0,null,0.001,null,0
4010,"CAMPOS MARTINEZ, JOSE ANGEL",2021→2022,2021,2022,44301,null,prod_ganado,null,365,365,null,0.5,null,730
4600,"JALANCINA NATURE, S.L.",2021→2022,2021,2022,41005,null,prod_ganado,null,506.25,506.25,null,0.375,null,1350
8177,"LESAFFRE IBERIA, S.A.",2021→2022,2021,2022,40103,null,prod_ganado,null,253032,253032,null,243.3,null,1040
2271,"ABELLAN BIOFOODS, S.L.",2021→2022,2021,2022,40203,null,prod_ganado,null,12178.8,12178.8,null,7.6,null,1602.47
4089,"COLAS CAÑETE, PEDRO",2021→2022,2021,2022,62001,null,prod_ganado,null,936,936,null,1.2,null,780
2591,"ROSELL CARBONELL, GUILLERMO",2021→2022,2021,2022,44315,null,prod_ganado,null,698.4,698.4,null,0.582,null,1200
1567,SDAD.COOP.AND. GANADERA DE VALLE DE LOS PEDROCHES,2021→2022,2021,2022,61228,null,sin_actividad,null,0,0,null,0.001,null,0
271,"LABORATORIOS ALMOND, S.L.",2021→2022,2021,2022,65015,null,prod_ganado,null,576,576,null,0.453,null,1271.52
5410,"CAÑAS MARTINEZ, FRANCISCO",2021→2022,2021,2022,44315,null,prod_ganado,null,385.56,385.56,null,0.252,null,1530
8308,"CONSERVAS TORO LÓPEZ, S.L.",2021→2022,2021,2022,61228,null,sin_actividad,null,0,0,null,0.001,null,0
8527,"MARTINEZ REINO, AMPARO",2021→2022,2021,2022,44313,null,prod_ganado,null,2320.5,2320.5,null,2.1,null,1105
8461,"ENVASADOS ESPECIALES VALDEMORO, S.L.",2021→2022,2021,2022,40001,null,sin_actividad,null,0,0,null,0.6,null,0
1619,"MIRALLES CLEMENTE, EDUARDO",2021→2022,2021,2022,40000,null,prod_ganado,null,584,584,null,0.8,null,730
7556,"DESTILACIONES BORDAS CHINCHURRETA, S.A.",2021→2022,2021,2022,61200,null,sin_actividad,null,0,0,null,0.001,null,0
582,"HIJOS DE SALVADOR COSTA, S.L.",2021→2022,2021,2022,40203,null,prod_ganado,null,8238.8,8238.8,null,5.45,null,1511.71
6366,"GARCIA FERNANDEZ, ANGELES",2021→2022,2021,2022,44314,null,prod_ganado,null,542.7,542.7,null,0.27,null,2010
8480,"FLORGALA, S.L.",2021→2022,2021,2022,62403,null,sin_actividad,null,0,0,null,0.003,null,0
2684,"INDUSTRIAS JIJONENCAS, S.A.",2021→2022,2021,2022,41006,null,prod_ganado,null,1950,1950,null,2,null,975
7612,DPTO. COMERCIAL,2021→2022,2021,2022,65024,null,sin_actividad,null,0,0,null,0.275,null,0
6891,"ENCINAS MARQUEZ, FERNANDO",2021→2022,2021,2022,62001,null,prod_ganado,null,475,475,null,0.5,null,950
1387,"CHERUBINO VALSANGIACOMO, S.A.",2021→2022,2021,2022,60131,null,sin_actividad,null,0,0,null,0.012,null,0
7268,"RUIZ MARISCAL, CRISTINA",2021→2022,2021,2022,44315,null,prod_ganado,null,31.92,31.92,null,0.014,null,2280
1241,"ACEITES DEL SUR-COOSUR, S.A.",2021→2022,2021,2022,40103,null,sin_actividad,null,0,0,null,0.003,null,0
2081,"ZUMOS Y FRUTAS CONCENTRADOS, S.L.",2021→2022,2021,2022,61249,null,prod_ganado,null,579704.7,579704.7,null,738.84,null,784.61
8041,"TORRENTE MARTINEZ, GINES",2021→2022,2021,2022,40203,null,prod_ganado,null,37.9,37.9,null,0.025,null,1516
8718,"KHUTORIAN FROLENKOVA, ALEVTYNA",2021→2022,2021,2022,44314,null,prod_ganado,null,2110.5,2110.5,null,1.05,null,2010
7456,"GUTIERREZ RIETRA, CARMEN",2021→2022,2021,2022,62001,null,prod_ganado,null,12.46,12.46,null,0.014,null,890
7481,"COMERCIAL AGROALIMENTARIA, S.L.",2021→2022,2021,2022,40206,null,prod_ganado,null,40250,40250,null,32.2,null,1250
7126,"BENGOTXEA ANDIKOETXEA, HAIZEA",2021→2022,2021,2022,40203,null,prod_ganado,null,804,804,null,0.5,null,1608
3685,"GARCIA MADRAMANY, FRANCISCO",2021→2022,2021,2022,44301,null,prod_ganado,null,328.5,328.5,null,0.45,null,730
2982,"LOPEZ SOLER, EMILIO JOSE",2021→2022,2021,2022,44315,null,prod_ganado,null,321.3,321.3,null,0.21,null,1530
1661,"DELAVIUDA ALIMENTACION, S.A",2021→2022,2021,2022,40330,null,sin_actividad,null,0,0,null,0.001,null,0
8486,BIENENLAND,2021→2022,2021,2022,44313,null,prod_ganado,null,1008,1008,null,1.05,null,960
3150,"NAVARRO CRISTOFOL, VICENTE",2021→2022,2021,2022,44301,null,prod_ganado,null,1095,1095,null,1.5,null,730
7733,"SISU, C.B.",2021→2022,2021,2022,40207,null,prod_ganado,null,402,402,null,0.25,null,1608
5992,"CHOZAS CARRASCAL GR, S.L.",2021→2022,2021,2022,40203,null,prod_ganado,null,3035,3035,null,2,null,1517.5
21,BRITISH SUGAR PLC,2021→2022,2021,2022,44313,null,sin_actividad,null,0,0,null,0.004,null,0
2009,"GARCIA SANTA CATALINA, RAUL",2021→2022,2021,2022,62000,null,prod_ganado,null,70.56,70.56,null,0.084,null,840
7326,"ACTIVA FOOD TECH, S.A.",2021→2022,2021,2022,40110,null,prod_ganado,null,9345,9345,null,10.5,null,890
3023,DIST. Y REPR. JOSE MIGUEL S.L.U.,2021→2022,2021,2022,40030,null,prod_ganado,null,29816.1,29816.1,null,24.3,null,1227
458,"CASTY, S.A.",2021→2022,2021,2022,40016,null,prod_ganado,null,260638.76,260638.76,null,466.28,null,558.97
8247,"ALLJUICEMED, S.L.",2021→2022,2021,2022,64091,null,prod_ganado,null,706338.08,706338.08,null,1069.2,null,660.62
8247,"ALLJUICEMED, S.L.",2021→2022,2021,2022,61256,null,prod_ganado,null,60205.2,60205.2,null,76.2,null,790.09
9022,"SYMRISE IBÉRICA, S.L.",2021→2022,2021,2022,40350,null,sin_actividad,null,0,0,null,0.001,null,0
517,"DUPAN, S.L.",2021→2022,2021,2022,40000,null,prod_ganado,null,12122,12122,null,17.2,null,704.77
5144,"CORTES GOMEZ, JUAN FRANCISCO",2021→2022,2021,2022,62001,null,prod_ganado,null,1738.5,1738.5,null,1.95,null,891.54
8536,SNC BRICO L'UTILE,2021→2022,2021,2022,44310,null,prod_ganado,null,3366,3366,null,3.6,null,935
1304,"EMPRESA DE TRANSFORMACIÓN AGRARIA, S.A., S.M.E., M.P (TRAGSA)",2021→2022,2021,2022,40000,null,prod_ganado,null,107530.5,107530.5,null,161.7,null,665
3630,"FERNANDEZ LOPEZ, FERNANDO",2021→2022,2021,2022,44313,null,prod_ganado,null,93,93,null,0.06,null,1550
6828,AGRUP.DEFENSA SANIT.APIC.REG.DE MURCIA,2021→2022,2021,2022,62020,null,prod_ganado,null,1155,1155,null,1.75,null,660
4664,"DEL MORAL DIAZ, MIGUEL",2021→2022,2021,2022,44313,null,prod_ganado,null,46.5,46.5,null,0.03,null,1550
422,"HERMANOS LOPEZ LLORET, S.A.",2021→2022,2021,2022,40024,null,prod_ganado,null,17448,17448,null,24,null,727
7169,"MASTRIGO BIO GOURMET, S.L.",2021→2022,2021,2022,60123,null,sin_actividad,null,0,0,null,0.001,null,0
407,"PRODUCTOS KELMY, S.A.U.",2021→2022,2021,2022,44125,null,prod_ganado,null,14372.18,14372.18,null,24.074,null,597
8251,APILINE DI FASSARI DOMINIQUE,2021→2022,2021,2022,44315,null,sin_actividad,null,0,0,null,0.014,null,0
3781,"SOLDADO LLACER, VICENTE",2021→2022,2021,2022,62001,null,prod_ganado,null,270,270,null,0.25,null,1080
1956,"MARSHMALLOWS INTERNATIONAL, S.L.U.",2021→2022,2021,2022,42000,null,sin_actividad,null,0,0,null,0.026,null,0
4080,"MENDEZ MUELAS, JOSE FERNANDO",2021→2022,2021,2022,40203,null,prod_ganado,null,40.2,40.2,null,0.025,null,1608
8471,"RUIZ MARTINEZ, JOSE ANTONIO",2021→2022,2021,2022,44314,null,prod_ganado,null,2197.8,2197.8,null,1.02,null,2154.71
3155,"HORTAMED, S.L.",2021→2022,2021,2022,40000,null,prod_ganado,null,1020,1020,null,1.36,null,750
5561,"SAIZ JIMENEZ, CLEMENTE",2021→2022,2021,2022,44315,null,prod_ganado,null,160.72,160.72,null,0.098,null,1640
548,"LA GONDOLA CONSERVAS VEGETALES, S.L.",2021→2022,2021,2022,40024,null,prod_ganado,null,24840,24840,null,21.6,null,1150
4002,"ABB MJ FERNANDEZ ARANDA, S.L.",2021→2022,2021,2022,40024,null,prod_ganado,null,33151.2,33151.2,null,45.6,null,727
3987,"GUADANATUR, S.L.",2021→2022,2021,2022,44313,null,prod_ganado,null,5460,5460,null,4.2,null,1300
266,"IBER COCKTAIL, S.L.",2021→2022,2021,2022,40025,null,prod_ganado,null,704,704,null,0.5,null,1408
5002,"CERVEZAS FERNANDEZ PONS, S.L.",2021→2022,2021,2022,40207,null,prod_ganado,null,1230.4,1230.4,null,0.8,null,1538
1117,COMERCIAL RUIZ ARRIBAS S. XXI. S.L.,2021→2022,2021,2022,40025,null,prod_ganado,null,1170,1170,null,0.9,null,1300
4288,GARCIA IGLESIAS. LARA,2021→2022,2021,2022,40204,null,prod_ganado,null,35.15,35.15,null,0.025,null,1406
8888,"N. KRALLIS, S.A.",2021→2022,2021,2022,61200,null,sin_actividad,null,0,0,null,0.001,null,0
8247,"ALLJUICEMED, S.L.",2021→2022,2021,2022,61272,null,prod_ganado,null,53838.4,53838.4,null,50.6,null,1064
5063,"MOTOS TRIGUEROS, FCO. JAVIER",2021→2022,2021,2022,62001,null,prod_ganado,null,186.9,186.9,null,0.21,null,890
8951,"PANADERIAS NUEVAS DE SANTANDER, S.L.",2021→2022,2021,2022,40000,null,prod_ganado,null,8724,8724,null,12,null,727
6251,"MIX PAK SYSTEM, S.L.",2021→2022,2021,2022,44120,null,prod_ganado,null,1320,1320,null,1.2,null,1100
3156,"FINI GOLOSINAS ESPAÑA, S.L.U.",2021→2022,2021,2022,62401,null,sin_actividad,null,0,0,null,0.001,null,0
1741,"APICULTORES DE GUADALAJARA, S.A",2021→2022,2021,2022,62000,null,prod_ganado,null,1475,1475,null,2.5,null,590
8486,BIENENLAND,2021→2022,2021,2022,62001,null,prod_ganado,null,695.52,695.52,null,0.84,null,828
3144,"DALLANT, S.A.",2021→2022,2021,2022,41005,null,prod_ganado,null,4675,4675,null,5,null,935
6162,BE ORGANIC KUWAIT FOR HEALTHY FOOD AND PLANTS COMPANY,2021→2022,2021,2022,44337,null,prod_ganado,null,2134.6,2134.6,null,2.101,null,1015.99
3987,"GUADANATUR, S.L.",2021→2022,2021,2022,62000,null,prod_ganado,null,2208,2208,null,2.4,null,920
4369,"LA TIENDA DEL APICULTOR, S.L.U.",2021→2022,2021,2022,44304,null,prod_ganado,null,2398.5,2398.5,null,2.925,null,820
6877,"BERGUA BRUN, ANGEL",2021→2022,2021,2022,44310,null,prod_ganado,null,1102.5,1102.5,null,1.05,null,1050
430,"MONZO LUIS, S.L.",2021→2022,2021,2022,40003,null,prod_ganado,null,965,965,null,1,null,965
347,"LOPEZ SANCHEZ, MARIA ISABEL",2021→2022,2021,2022,62001,null,prod_ganado,null,750,750,null,1,null,750
4369,"LA TIENDA DEL APICULTOR, S.L.U.",2021→2022,2021,2022,44336,null,prod_ganado,null,3430,3430,null,3.5,null,980
5346,"BODEGAS ELOSEGI, S.L.",2021→2022,2021,2022,40203,null,prod_ganado,null,775,775,null,0.5,null,1550
6374,ASOCIACION DE APICULTORES ALAVESES (APIAL),2021→2022,2021,2022,44315,null,prod_ganado,null,61.6,61.6,null,0.028,null,2200
5787,"FALCON, S.A.",2021→2022,2021,2022,62070,null,prod_ganado,null,33.6,33.6,null,0.021,null,1600
1747,"FRUIT TECH NATURAL, S.A.",2021→2022,2021,2022,61228,null,sin_actividad,null,0,0,null,0.005,null,0
9044,YAMA PRODUCTS B.V.,2021→2022,2021,2022,40000,null,prod_ganado,null,34020,34020,null,25.8,null,1318.6
565,"JUVER ALIMENTACION, S.L.U.",2021→2022,2021,2022,60000,null,prod_ganado,null,36815.62,36815.62,null,99.18,null,371.2
2484,"CONSERVAS DO TAMEGA, S.L.",2021→2022,2021,2022,40204,null,prod_ganado,null,1520,1520,null,1,null,1520
419,"DISTRIBUCIONES JAIME SARRION, S.L.",2021→2022,2021,2022,40103,null,prod_ganado,null,675,675,null,0.5,null,1350
9123,S.A.T. Nº9779 CARREÑO PEÑALVER HNOS,2021→2022,2021,2022,41000,null,prod_ganado,null,719,719,null,0.5,null,1438
7611,DPTO. CALIDAD,2021→2022,2021,2022,44327,null,sin_actividad,null,0,0,null,0.165,null,0
211,"MARTINEZ NIETO, S.A.",2021→2022,2021,2022,43052,null,prod_ganado,null,200,200,null,0.05,null,4000
5949,"JURADO TORRES, RAFAEL",2021→2022,2021,2022,62001,null,prod_ganado,null,15.26,15.26,null,0.014,null,1090
5897,"ESTEBAN HERRERO, TRINIDAD GALA",2021→2022,2021,2022,62001,null,prod_ganado,null,1080,1080,null,1.2,null,900
1760,"GONZALEZ BYASS, S.A",2021→2022,2021,2022,60019,null,prod_ganado,null,22412,22412,null,26,null,862
4362,"RUBIO FUERTES, MARIA ISABEL",2021→2022,2021,2022,44313,null,prod_ganado,null,46.5,46.5,null,0.03,null,1550
8921,AGRIFOOD SERVICE AGRICOLA  S.R.L.S,2021→2022,2021,2022,44313,null,prod_ganado,null,19188,19188,null,18.45,null,1040
920,"FONT SALEM, S.L.",2021→2022,2021,2022,40025,null,prod_ganado,null,1215,1215,null,0.9,null,1350
3687,"PARDO GIMENEZ, CLAUDIO",2021→2022,2021,2022,62001,null,prod_ganado,null,161.98,161.98,null,0.182,null,890
8480,"FLORGALA, S.L.",2021→2022,2021,2022,62401,null,prod_ganado,null,27350.4,27350.4,null,21.123,null,1294.82
8462,"CAPEL VINOS, S.A.",2021→2022,2021,2022,60105,null,sin_actividad,null,0,0,null,0.002,null,0
7518,"VALERO FERNANDEZ, ANDRES",2021→2022,2021,2022,44315,null,prod_ganado,null,1377.6,1377.6,null,0.84,null,1640
5430,"ARTESANAS CASTILLO, C.B.",2021→2022,2021,2022,40000,null,sin_actividad,null,0,0,null,0,null,null
4167,"HUELAMO JURADO, MARCOS",2021→2022,2021,2022,44315,null,prod_ganado,null,107.1,107.1,null,0.07,null,1530
200,MARIN GIMENEZ HNOS. S.A.,2021→2022,2021,2022,44093,null,sin_actividad,null,0,0,null,0.002,null,0
4803,"LIAL DRINKS, S.L.",2021→2022,2021,2022,60105,null,prod_ganado,null,5640,5640,null,4.8,null,1175
3363,"BERNABEU CERDA, SILVESTRE",2021→2022,2021,2022,44313,null,prod_ganado,null,668.25,668.25,null,0.495,null,1350
582,"HIJOS DE SALVADOR COSTA, S.L.",2021→2022,2021,2022,41005,null,prod_ganado,null,1444.5,1444.5,null,1.35,null,1070
4960,"MANUEL MATEO CANDEL, S.L.",2021→2022,2021,2022,61170,null,prod_ganado,null,5688,5688,null,3.6,null,1580
4203,SARL API-CULTURE,2021→2022,2021,2022,44351,null,prod_ganado,null,19489.5,19489.5,null,21.3,null,915
883,"JUAN MICO, JUAN",2021→2022,2021,2022,40000,null,sin_actividad,null,0,0,null,0,null,null
3023,DIST. Y REPR. JOSE MIGUEL S.L.U.,2021→2022,2021,2022,43052,null,prod_ganado,null,2490,2490,null,1,null,2490
8520,"MOLA GOFRE, S.L.",2021→2022,2021,2022,40330,null,prod_ganado,null,115.5,115.5,null,0.075,null,1540
6992,"RUIZ DE OZAETA, ANA INMACULADA",2021→2022,2021,2022,44313,null,prod_ganado,null,64.8,64.8,null,0.06,null,1080
8524,"DEL RIO BARA, SANTIAGO",2021→2022,2021,2022,44310,null,prod_ganado,null,1890,1890,null,1.8,null,1050
8912,MAISON VERGNON,2021→2022,2021,2022,44313,null,prod_ganado,null,4468.8,4468.8,null,4.2,null,1064
9112,"BIOVIC CONSULTING, S.L.",2021→2022,2021,2022,99150,null,sin_actividad,null,0,0,null,0.001,null,0
889,"ESPECIALIDADES DEL OBRADOR, S.L.",2021→2022,2021,2022,40103,null,prod_ganado,null,283.5,283.5,null,0.225,null,1260
2884,"JOAQUIN AYORA, S.A.",2021→2022,2021,2022,40113,null,prod_ganado,null,25.5,25.5,null,0.025,null,1020
8247,"ALLJUICEMED, S.L.",2021→2022,2021,2022,61245,null,prod_ganado,null,134908.1,134908.1,null,127.56,null,1057.61
1918,"OLIVA SANTOS, CASTOR",2021→2022,2021,2022,44335,null,prod_ganado,null,1595,1595,null,1,null,1595
3477,"NICOPAN ESPAÑA, S.L.",2021→2022,2021,2022,40330,null,prod_ganado,null,8382,8382,null,6,null,1397
7115,"RIVERBEND ESPAÑA, S.A",2021→2022,2021,2022,61257,null,sin_actividad,null,0,0,null,0.002,null,0
8947,"MARVANALI, S.L.",2021→2022,2021,2022,60105,null,prod_ganado,null,1728,1728,null,1.2,null,1440
3752,"SON MORAGUES 1921, S.L.U.",2021→2022,2021,2022,40203,null,prod_ganado,null,294.4,294.4,null,0.2,null,1472
1218,"RAMIRO LARRIO, JAVIER",2021→2022,2021,2022,44310,null,prod_ganado,null,3213,3213,null,2.13,null,1508.45
8003,"OBLEAS QUINTIN, S.L.",2021→2022,2021,2022,40350,null,prod_ganado,null,5245.5,5245.5,null,4.525,null,1159.23
418,"MANUFACTURAS CEYLAN, S.L.",2021→2022,2021,2022,40025,null,prod_ganado,null,29816.1,29816.1,null,24.3,null,1227
8248,"CRA BODEGAS, S.L.",2021→2022,2021,2022,61249,null,prod_ganado,null,72156.14,72156.14,null,95.09,null,758.82
2511,CIRTEAS CRISTINEL AMUZA,2021→2022,2021,2022,62001,null,prod_ganado,null,1176,1176,null,1.2,null,980
7897,"MANDIC OUTMILL MS4, S.L.",2021→2022,2021,2022,41005,null,prod_ganado,null,1562.5,1562.5,null,1.25,null,1250
3705,"APICOLA JUNEDENCA, S.L.",2021→2022,2021,2022,44310,null,prod_ganado,null,3045,3045,null,2.1,null,1450
8519,"PAULINO SOLANELLAS, S.L.",2021→2022,2021,2022,61228,null,sin_actividad,null,0,0,null,0.001,null,0
8519,"PAULINO SOLANELLAS, S.L.",2021→2022,2021,2022,60000,null,sin_actividad,null,0,0,null,0.001,null,0
3186,"BODEGAS SANVIVER, S.L.",2021→2022,2021,2022,40204,null,prod_ganado,null,1650,1650,null,1,null,1650
5429,"NAVARRO VELLISCA, TOMAS",2021→2022,2021,2022,62001,null,prod_ganado,null,137.34,137.34,null,0.126,null,1090
9112,"BIOVIC CONSULTING, S.L.",2021→2022,2021,2022,99950,null,sin_actividad,null,0,0,null,0.002,null,0
2577,"IMPORTACO CASA PONS, S.A.U.",2021→2022,2021,2022,40016,null,prod_ganado,null,10200,10200,null,12,null,850
1894,"IBAÑEZ FEREZ, MARI CARMEN",2021→2022,2021,2022,44313,null,prod_ganado,null,437.4,437.4,null,0.405,null,1080
1787,"DULCES DEL TURIA, S.L.",2021→2022,2021,2022,40025,null,prod_ganado,null,3645,3645,null,2.7,null,1350
876,"DULPESAN, S.L.",2021→2022,2021,2022,40025,null,prod_ganado,null,30253.5,30253.5,null,24.3,null,1245
7908,"DIMITROV NIKOLOV, ZHIVKO",2021→2022,2021,2022,44313,null,prod_ganado,null,46.5,46.5,null,0.03,null,1550
429,"CROP IBERICA, S.A.U.",2021→2022,2021,2022,41005,null,prod_ganado,null,3367,3367,null,3.5,null,962
582,"HIJOS DE SALVADOR COSTA, S.L.",2021→2022,2021,2022,40030,null,prod_ganado,null,1215,1215,null,0.9,null,1350
1247,"TURRONES Y ESPECIALIDADES VIAR, S.A.",2021→2022,2021,2022,40203,null,prod_ganado,null,1590,1590,null,1,null,1590
190,"ALCURNIA ALIMENTACION, S.L.U",2021→2022,2021,2022,40000,null,prod_ganado,null,35400,35400,null,70.8,null,500
7339,"BIONUTRICION VEGETAL, S.A.",2021→2022,2021,2022,60105,null,prod_ganado,null,2112,2112,null,2.4,null,880
7481,"COMERCIAL AGROALIMENTARIA, S.L.",2021→2022,2021,2022,40207,null,sin_actividad,null,0,0,null,0,null,null
9015,"FIERRO CALVO, ANDREA",2021→2022,2021,2022,44315,null,prod_ganado,null,1915.2,1915.2,null,0.84,null,2280
6867,"SANCHEZ GONZALEZ, MANUELA",2021→2022,2021,2022,44304,null,prod_ganado,null,867.75,867.75,null,0.975,null,890
5625,"AGUDO TORRIJOS, ALVARO",2021→2022,2021,2022,44301,null,prod_ganado,null,75,75,null,0.1,null,750
7618,"NORTE VIZCAINO, AITOR",2021→2022,2021,2022,62001,null,prod_ganado,null,375,375,null,0.49,null,765.31
4748,"DIEZ OLIVARES, EMILIO",2021→2022,2021,2022,44313,null,prod_ganado,null,507.9,507.9,null,0.375,null,1354.4
9014,"LEROY PROCESSING SPAIN, S.L.U.",2021→2022,2021,2022,40025,null,prod_ganado,null,4633.2,4633.2,null,3.6,null,1287
8265,"GRANJA DE ELABORACIÓN ECOLÓGICA Y NATURAL, S.L.",2021→2022,2021,2022,61229,null,sin_actividad,null,0,0,null,0.001,null,0
8519,"PAULINO SOLANELLAS, S.L.",2021→2022,2021,2022,60105,null,sin_actividad,null,0,0,null,0.001,null,0
8472,"BELMONTE RODRIGUEZ, CRISTIAN",2021→2022,2021,2022,62001,null,prod_ganado,null,24.92,24.92,null,0.028,null,890
7980,"AQUAPOOL CHEMICAL, S.L.",2021→2022,2021,2022,60000,null,sin_actividad,null,0,0,null,0.001,null,0
1430,"BYC CHEMICAL, S.L.",2021→2022,2021,2022,42005,null,prod_ganado,null,4160,4160,null,4,null,1040
8248,"CRA BODEGAS, S.L.",2021→2022,2021,2022,61247,null,prod_ganado,null,3178256.84,3178256.84,null,2917.02,null,1089.56
1513,"AGROBIO, S.L.",2021→2022,2021,2022,44313,null,prod_ganado,null,3016.5,3016.5,null,2.4,null,1256.88
8519,"PAULINO SOLANELLAS, S.L.",2021→2022,2021,2022,61229,null,sin_actividad,null,0,0,null,0.001,null,0
8720,"NUTRAPROCES 2000, S.L.",2021→2022,2021,2022,61222,null,sin_actividad,null,0,0,null,0.001,null,0
5002,"CERVEZAS FERNANDEZ PONS, S.L.",2021→2022,2021,2022,40204,null,prod_ganado,null,968.9,968.9,null,0.65,null,1490.62
215,"MARTIN BRAUN, S.A.",2021→2022,2021,2022,40000,null,prod_ganado,null,82384,82384,null,118,null,698.17
1854,"ROYPAS BY NUTRIS, S.A.",2021→2022,2021,2022,40013,null,sin_actividad,null,0,0,null,0.15,null,0
8344,"PA DE MEL, S.L.",2021→2022,2021,2022,62150,null,sin_actividad,null,0,0,null,0.001,null,0
3089,"CANTIN CEBRIAN, JESUS MIGUEL",2021→2022,2021,2022,62001,null,prod_ganado,null,4680,4680,null,6,null,780
5454,"ALIMENTACION Y NUTRICION FAMILIAR, S.L.",2021→2022,2021,2022,40201,null,sin_actividad,null,0,0,null,0.005,null,0
203,"MOLINA CARRILLO, ANTONIO",2021→2022,2021,2022,44313,null,prod_ganado,null,581.25,581.25,null,0.375,null,1550
7831,"MOJICA DOMINGUEZ, ANDRES",2021→2022,2021,2022,44313,null,prod_ganado,null,226.8,226.8,null,0.21,null,1080
8720,"NUTRAPROCES 2000, S.L.",2021→2022,2021,2022,61229,null,sin_actividad,null,0,0,null,0.001,null,0
6468,"DULCES LA CARTUJA, S.L.",2021→2022,2021,2022,40200,null,prod_ganado,null,280,280,null,0.2,null,1400
1149,"UNION GENIL, S.C.A",2021→2022,2021,2022,44015,null,prod_ganado,null,7104,7104,null,9.6,null,740
502,"GRANOVITA, S.A.",2021→2022,2021,2022,40110,null,prod_ganado,null,1405.5,1405.5,null,1.5,null,937
3378,"CORCOLES REOLID, VICENTE",2021→2022,2021,2022,62001,null,prod_ganado,null,950,950,null,1,null,950
6449,"PRODEL AGRICOLA, S.L.",2021→2022,2021,2022,62001,null,prod_ganado,null,2237.76,2237.76,null,2.016,null,1110
3794,"CIFRE SANZ, DIEGO",2021→2022,2021,2022,44313,null,prod_ganado,null,1134,1134,null,1.05,null,1080
8247,"ALLJUICEMED, S.L.",2021→2022,2021,2022,61271,null,prod_ganado,null,197071.42,197071.42,null,202.54,null,973
492,"ENRIQUE GARRIGOS MONERRIS, S.A.",2021→2022,2021,2022,40203,null,prod_ganado,null,2310,2310,null,1.4,null,1650
8247,"ALLJUICEMED, S.L.",2021→2022,2021,2022,61273,null,prod_ganado,null,45461.33,45461.33,null,44.3,null,1026.22
517,"DUPAN, S.L.",2021→2022,2021,2022,40030,null,prod_ganado,null,2700,2700,null,2,null,1350
1023,"TORRONS VICENS, S.L.",2021→2022,2021,2022,40340,null,prod_ganado,null,285,285,null,0.15,null,1900
3693,"GRAU SEVILLA, RAMON",2021→2022,2021,2022,40025,null,prod_ganado,null,401.4,401.4,null,0.3,null,1338
3777,"NATURVAL APICOLA, S.L.U.",2021→2022,2021,2022,62071,null,sin_actividad,null,0,0,null,0.001,null,0
2025,"VALLE BALLINA Y FERNANDEZ, S.A.",2021→2022,2021,2022,61142,null,prod_ganado,null,9993.6,9993.6,null,9.602,null,1040.78
8247,"ALLJUICEMED, S.L.",2021→2022,2021,2022,61259,null,prod_ganado,null,212451.48,212451.48,null,177.27,null,1198.46
1854,"ROYPAS BY NUTRIS, S.A.",2021→2022,2021,2022,40016,null,prod_ganado,null,19571.3,19571.3,null,35,null,559.18
4710,"VICENTE PONCE, GERMAN",2021→2022,2021,2022,44315,null,prod_ganado,null,478.8,478.8,null,0.21,null,2280
1205,"MERCADONA, S.A.",2021→2022,2021,2022,45001,null,prod_ganado,null,2518843.42,2518843.42,null,4291.716,null,586.91
7612,DPTO. COMERCIAL,2021→2022,2021,2022,40007,null,sin_actividad,null,0,0,null,0.325,null,0
3464,"GIJON TORRES, JOAQUIN",2021→2022,2021,2022,44301,null,prod_ganado,null,2628,2628,null,3.6,null,730
8479,FA. BLIESGAUBEUTE,2021→2022,2021,2022,44314,null,prod_ganado,null,4032,4032,null,2.1,null,1920
8641,"GALLETAS GULLÓN, S.A.",2021→2022,2021,2022,40000,null,sin_actividad,null,0,0,null,0.002,null,0
8251,APILINE DI FASSARI DOMINIQUE,2021→2022,2021,2022,62001,null,sin_actividad,null,0,0,null,0.014,null,0
8639,ADS APICOLA UPA GUADALAJARA,2021→2022,2021,2022,44313,null,prod_ganado,null,316.35,316.35,null,0.285,null,1110
3409,"MAGNOLIA PREMIUM, S.L.",2021→2022,2021,2022,40000,null,prod_ganado,null,434.2,434.2,null,0.325,null,1336
7355,"CABALLERO CALVO, ANTONIO",2021→2022,2021,2022,44313,null,prod_ganado,null,1134,1134,null,1.05,null,1080
353,"QUALITY SPICES, S.L.",2021→2022,2021,2022,40025,null,prod_ganado,null,5895,5895,null,4.5,null,1310
1354,"VICENTE ABELLAN, FERNANDO GINES",2021→2022,2021,2022,62001,null,prod_ganado,null,124.6,124.6,null,0.14,null,890
6636,"TECNICAS MECANICAS ILERDENSES, S.L.",2021→2022,2021,2022,65015,null,sin_actividad,null,0,0,null,0.36,null,0
7908,"DIMITROV NIKOLOV, ZHIVKO",2021→2022,2021,2022,44301,null,prod_ganado,null,36.5,36.5,null,0.05,null,730
7851,"MARTINEZ CERVANTES, CAROLINA",2021→2022,2021,2022,44313,null,prod_ganado,null,226.8,226.8,null,0.21,null,1080
8720,"NUTRAPROCES 2000, S.L.",2021→2022,2021,2022,61200,null,sin_actividad,null,0,0,null,0.001,null,0
8477,"DE MIGUEL BES, MARIA TERESA",2021→2022,2021,2022,44310,null,prod_ganado,null,425.25,425.25,null,0.405,null,1050
6683,"SUMINISTROS MAESTRE, S.L.",2021→2022,2021,2022,60114,null,prod_ganado,null,1855.52,1855.52,null,1.638,null,1132.8
6253,"FUENTES GARCIA, PABLO",2021→2022,2021,2022,62001,null,prod_ganado,null,99.96,99.96,null,0.084,null,1190
3793,"PERALES GALVEZ, CELESTINO",2021→2022,2021,2022,62001,null,prod_ganado,null,24.92,24.92,null,0.028,null,890
7832,"GISBERT HURTADO, ANTONIO",2021→2022,2021,2022,44310,null,prod_ganado,null,551.25,551.25,null,0.525,null,1050
8247,"ALLJUICEMED, S.L.",2021→2022,2021,2022,61249,null,prod_ganado,null,2452534.98,2452534.98,null,3211.35,null,763.71
3705,"APICOLA JUNEDENCA, S.L.",2021→2022,2021,2022,44314,null,prod_ganado,null,979.2,979.2,null,0.51,null,1920
8932,"MARCO RUIZ, MANUEL ANDRES",2021→2022,2021,2022,62001,null,prod_ganado,null,76.3,76.3,null,0.07,null,1090
1746,"PRIMITIVO PICO, S.A",2021→2022,2021,2022,40030,null,prod_ganado,null,30302.1,30302.1,null,24.3,null,1247
3187,"AZELIS ESPAÑA, S.A.",2021→2022,2021,2022,43100,null,prod_ganado,null,18876,18876,null,24.201,null,779.97
8258,"BRIOIXPAN, S.L.",2021→2022,2021,2022,40110,null,prod_ganado,null,8265,8265,null,7.5,null,1102
3673,"LATORRE GARCIA, RAUL",2021→2022,2021,2022,44313,null,prod_ganado,null,64.8,64.8,null,0.06,null,1080
7022,"FRUTOS SECOS EMPERADOR, S.L.",2021→2022,2021,2022,61222,null,prod_ganado,null,23.2,23.2,null,0.008,null,2900
6045,"BODEGAS WILLIAMS & HUMBERT, S.A.",2021→2022,2021,2022,60000,null,sin_actividad,null,0,0,null,0.001,null,0
9112,"BIOVIC CONSULTING, S.L.",2021→2022,2021,2022,62070,null,sin_actividad,null,0,0,null,0.001,null,0
2577,"IMPORTACO CASA PONS, S.A.U.",2021→2022,2021,2022,40030,null,prod_ganado,null,14777.1,14777.1,null,11.7,null,1263
7169,"MASTRIGO BIO GOURMET, S.L.",2021→2022,2021,2022,62070,null,sin_actividad,null,0,0,null,0.003,null,0
74,"EL MOSCA, S.A.",2021→2022,2021,2022,44315,null,prod_ganado,null,85.68,85.68,null,0.056,null,1530
3306,"INBIOLEV, S.L.",2021→2022,2021,2022,41000,null,prod_ganado,null,1675,1675,null,1.25,null,1340
455,"EMILIO PEÑA, S.A.",2021→2022,2021,2022,43100,null,prod_ganado,null,14496,14496,null,12,null,1208
528,"MANUFACTURAS COVISAL, S.L.",2021→2022,2021,2022,40025,null,prod_ganado,null,2484,2484,null,1.8,null,1380
2526,"LOPEZ PEREZ, JUAN",2021→2022,2021,2022,44313,null,prod_ganado,null,232.5,232.5,null,0.15,null,1550
6557,"MAR FERTILIZANTES, S.L.",2021→2022,2021,2022,60105,null,prod_ganado,null,6372,6372,null,6,null,1062
4854,"FERRANDIS RIBES, JOSE ENRIQUE",2021→2022,2021,2022,62001,null,prod_ganado,null,375,375,null,0.5,null,750
2925,"BIGMAN NUTRITION, S.L.",2021→2022,2021,2022,61170,null,sin_actividad,null,0,0,null,0.001,null,0
197,"J. GARCIA CARRION, S.A.",2021→2022,2021,2022,61228,null,sin_actividad,null,0,0,null,0.001,null,0
517,"DUPAN, S.L.",2021→2022,2021,2022,65007,null,prod_ganado,null,1653.9,1653.9,null,1.11,null,1490
1854,"ROYPAS BY NUTRIS, S.A.",2021→2022,2021,2022,40026,null,prod_ganado,null,15749.54,15749.54,null,25.68,null,613.3
8523,"CRUZ ZAMBRANO, MARÍA",2021→2022,2021,2022,44313,null,prod_ganado,null,2106,2106,null,1.95,null,1080
7757,"ESCRICHE ARCUSA, ANTONIO",2021→2022,2021,2022,62001,null,prod_ganado,null,1329,1329,null,1.38,null,963.04
8854,JOHANNES LÜHDERS KG,2021→2022,2021,2022,61228,null,prod_ganado,null,5830.8,5830.8,null,1.217,null,4791.13
8559,"DE MINGO CEBRIÁN, JOSÉ JULIO",2021→2022,2021,2022,44313,null,prod_ganado,null,81,81,null,0.075,null,1080
3225,"SURIVAN FEEL THE TASTE, S.L.",2021→2022,2021,2022,62154,null,prod_ganado,null,4429.98,4429.98,null,5.173,null,856.37
8510,"MARTINEZ SANCHEZ, PEDRO JOSÉ ",2021→2022,2021,2022,62001,null,prod_ganado,null,74.76,74.76,null,0.084,null,890
3225,"SURIVAN FEEL THE TASTE, S.L.",2021→2022,2021,2022,99950,null,sin_actividad,null,0,0,null,0.001,null,0
773,"IBERCACAO, S.A.U.",2021→2022,2021,2022,65020,null,prod_ganado,null,962.18,962.18,null,0.598,null,1609
2009,"GARCIA SANTA CATALINA, RAUL",2021→2022,2021,2022,44313,null,prod_ganado,null,3402,3402,null,3.15,null,1080
8304,"GALLEGO MOLERO,FERMIN ",2021→2022,2021,2022,62001,null,prod_ganado,null,149.52,149.52,null,0.168,null,890
551,"ICE CREAM FACTORY COMAKER, S.A.",2021→2022,2021,2022,61228,null,sin_actividad,null,0,0,null,0.001,null,0
2577,"IMPORTACO CASA PONS, S.A.U.",2021→2022,2021,2022,44015,null,prod_ganado,null,6912,6912,null,7.2,null,960
8996,"RAMYMAR FRUITS, S.L.",2021→2022,2021,2022,62001,null,prod_ganado,null,617.28,617.28,null,0.556,null,1110.22
2975,"ARTUKOLUKE, S.L.",2021→2022,2021,2022,41005,null,prod_ganado,null,4475,4475,null,5,null,895
297,"TARBAL FOOD, S.L.",2021→2022,2021,2022,40030,null,prod_ganado,null,2772,2772,null,2,null,1386
7765,SURINVER EL GRUPO S.COOP,2021→2022,2021,2022,40025,null,prod_ganado,null,1267.2,1267.2,null,0.9,null,1408
8635,"MIEL EROLES, S.L.",2021→2022,2021,2022,44313,null,prod_ganado,null,2058,2058,null,2.1,null,980
1854,"ROYPAS BY NUTRIS, S.A.",2021→2022,2021,2022,65005,null,prod_ganado,null,1396.2,1396.2,null,0.975,null,1432
6271,"ALVAREZ ROVIRA, DAVID",2021→2022,2021,2022,44335,null,prod_ganado,null,620,620,null,0.4,null,1550
6195,"SERRANO MEDINA, GERARDO",2021→2022,2021,2022,62001,null,prod_ganado,null,915.6,915.6,null,0.84,null,1090
7573,"SANCHEZ LOPEZ, CARLOS",2021→2022,2021,2022,44301,null,prod_ganado,null,675.25,675.25,null,0.925,null,730
8247,"ALLJUICEMED, S.L.",2021→2022,2021,2022,99950,null,sin_actividad,null,0,0,null,0.031,null,0
8210,SUCRE DISTRIBUTION SUCRE PLUS,2021→2022,2021,2022,40208,null,prod_ganado,null,224640,224640,null,192,null,1170
1145,"MUÑOZ CARRION, MANUEL",2021→2022,2021,2022,62001,null,prod_ganado,null,249.2,249.2,null,0.28,null,890
1136,"GARCIA GOMEZ, PEDRO",2021→2022,2021,2022,62000,null,prod_ganado,null,2790,2790,null,3,null,930
2616,"SOLDADO GUILLEN, JOSE",2021→2022,2021,2022,44313,null,prod_ganado,null,435,435,null,0.435,null,1000
8177,"LESAFFRE IBERIA, S.A.",2021→2022,2021,2022,40002,null,sin_actividad,null,0,0,null,0.001,null,0
716,"PENALVA ALIMENTACION, S.A.",2021→2022,2021,2022,40003,null,sin_actividad,null,0,0,null,0.001,null,0
1986,"MATERIAS PRIMAS ACTIVAS, S.L.",2021→2022,2021,2022,60019,null,sin_actividad,null,0,0,null,0.001,null,0
8889,COOP. AGRICOLA DE VILLAR DEL ARZOBISPO,2021→2022,2021,2022,60000,null,sin_actividad,null,0,0,null,0.001,null,0
8507,PSIQUIS INNOVA S.L.N.E.,2021→2022,2021,2022,61200,null,sin_actividad,null,0,0,null,0.001,null,0
1631,"SALMERON SAN JUAN, SALVADOR",2021→2022,2021,2022,44313,null,prod_ganado,null,421.2,421.2,null,0.39,null,1080
7585,"SALAR PAGAN, CARMEN",2021→2022,2021,2022,44315,null,prod_ganado,null,408.24,408.24,null,0.238,null,1715.29
246,"CAMPO BETICA, S.L.",2021→2022,2021,2022,41005,null,prod_ganado,null,9545,9545,null,7.5,null,1272.67
2982,"LOPEZ SOLER, EMILIO JOSE",2021→2022,2021,2022,44301,null,prod_ganado,null,219,219,null,0.3,null,730
7699,"TEJERA MARTINEZ, DAVID ANGEL",2021→2022,2021,2022,62001,null,prod_ganado,null,237.5,237.5,null,0.25,null,950
4587,"CARMAX GLASS, S.L.",2021→2022,2021,2022,44314,null,prod_ganado,null,268.72,268.72,null,0.134,null,2005.37
8248,"CRA BODEGAS, S.L.",2021→2022,2021,2022,61245,null,prod_ganado,null,413769.9,413769.9,null,380.48,null,1087.49
8495,"PEÑA GOMEZ, ARTURO JAVIER",2021→2022,2021,2022,62001,null,prod_ganado,null,24.92,24.92,null,0.028,null,890
1087,"TORRELLA SANCHEZ, RAFAELA",2021→2022,2021,2022,44313,null,prod_ganado,null,1186.5,1186.5,null,1.05,null,1130
3225,"SURIVAN FEEL THE TASTE, S.L.",2021→2022,2021,2022,46259,null,sin_actividad,null,0,0,null,0,null,null
2525,"COMERCIAL APICOLA ROSSEND MARGALEF, S.L.",2021→2022,2021,2022,44315,null,prod_ganado,null,218.4,218.4,null,0.14,null,1560
1233,"VALENCIANA PASTELERA, S.L.",2021→2022,2021,2022,40016,null,prod_ganado,null,23616,23616,null,19.68,null,1200
6457,"DOLÇA ABELLA, S.C.",2021→2022,2021,2022,44301,null,prod_ganado,null,711,711,null,0.9,null,790
3538,"BACHILLER MORIANO, JUANA",2021→2022,2021,2022,62001,null,prod_ganado,null,936,936,null,1.2,null,780
6869,"ALLTECH SPAIN, S.L.",2021→2022,2021,2022,41005,null,prod_ganado,null,1250,1250,null,1,null,1250
2591,"ROSELL CARBONELL, GUILLERMO",2021→2022,2021,2022,44313,null,prod_ganado,null,1134,1134,null,1.05,null,1080
4664,"DEL MORAL DIAZ, MIGUEL",2021→2022,2021,2022,44315,null,prod_ganado,null,31.92,31.92,null,0.014,null,2280
2367,"IMASDEA INNOVACIONES Y DESARROLLOS ALIMENTARIO, SL",2021→2022,2021,2022,65020,null,sin_actividad,null,0,0,null,0.013,null,0
8403,"TENZO SPORT LAB, S.L.",2021→2022,2021,2022,99950,null,prod_ganado,null,160,160,null,0.081,null,1975.31
8247,"ALLJUICEMED, S.L.",2021→2022,2021,2022,61247,null,prod_ganado,null,1111107.12,1111107.12,null,1038.34,null,1070.08
283,"BOLLERIA BJV, S.L.",2021→2022,2021,2022,44015,null,prod_ganado,null,1800,1800,null,1.2,null,1500
432,"CHOCOLATES ALGARRA, S.L.",2021→2022,2021,2022,40016,null,prod_ganado,null,4256,4256,null,8,null,532
502,"GRANOVITA, S.A.",2021→2022,2021,2022,40203,null,sin_actividad,null,0,0,null,0.001,null,0
8929,"RONCERO GONZALEZ, PEDRO",2021→2022,2021,2022,62001,null,prod_ganado,null,137.34,137.34,null,0.126,null,1090
3106,"LOPEZ LAPARRA, MIGUEL",2021→2022,2021,2022,44313,null,prod_ganado,null,1627.5,1627.5,null,1.05,null,1550
1,"ZUKAN, S.L.U.",2021→2022,2021,2022,62001,null,sin_actividad,null,0,0,null,0.002,null,0
3685,"GARCIA MADRAMANY, FRANCISCO",2021→2022,2021,2022,44313,null,prod_ganado,null,510.75,510.75,null,0.375,null,1362
3225,"SURIVAN FEEL THE TASTE, S.L.",2021→2022,2021,2022,46248,null,prod_ganado,null,422.97,422.97,null,0.0715,null,5915.66
7289,"CHOCODROP, S.L.",2021→2022,2021,2022,40104,null,prod_ganado,null,66528,66528,null,92.4,null,720
8253,"ALVAREZ PONCE, ROCIO",2021→2022,2021,2022,44335,null,prod_ganado,null,960,960,null,0.6,null,1600
321,"PRODUCTOS PEPITO, S.L.U.",2021→2022,2021,2022,40000,null,prod_ganado,null,29868.5,29868.5,null,25.42,null,1175
8349,"AGOTZAINA, S.L.",2021→2022,2021,2022,40000,null,prod_ganado,null,145226.26,145226.26,null,198.58,null,731.32
3225,"SURIVAN FEEL THE TASTE, S.L.",2021→2022,2021,2022,60105,null,prod_ganado,null,1584,1584,null,1.2,null,1320
2081,"ZUMOS Y FRUTAS CONCENTRADOS, S.L.",2021→2022,2021,2022,61247,null,prod_ganado,null,241562.52,241562.52,null,236.84,null,1019.94
1746,"PRIMITIVO PICO, S.A",2021→2022,2021,2022,40016,null,prod_ganado,null,26250,26250,null,35,null,750
6869,"ALLTECH SPAIN, S.L.",2021→2022,2021,2022,44301,null,prod_ganado,null,6187.5,6187.5,null,5.5,null,1125
8536,SNC BRICO L'UTILE,2021→2022,2021,2022,44314,null,prod_ganado,null,6048,6048,null,3.15,null,1920
8785,INGREDIENTS & DESSERTS,2021→2022,2021,2022,61200,null,sin_actividad,null,0,0,null,0.001,null,0
452,"TEICHENNE, S.A.",2021→2022,2021,2022,60000,null,sin_actividad,null,0,0,null,0.001,null,0
3634,"ALEPUZ LOPEZ, JAVIER",2021→2022,2021,2022,62001,null,prod_ganado,null,498.4,498.4,null,0.56,null,890
6052,DICHEM FOODS  S.A.,2021→2022,2021,2022,99950,null,sin_actividad,null,0,0,null,0.001,null,0
8021,"LOPEZ MARTINEZ, GABRIEL",2021→2022,2021,2022,44335,null,prod_ganado,null,375,375,null,0.25,null,1500
8308,"CONSERVAS TORO LÓPEZ, S.L.",2021→2022,2021,2022,60123,null,sin_actividad,null,0,0,null,0.001,null,0
772,"SEIS H, S.A.",2021→2022,2021,2022,62403,null,sin_actividad,null,0,0,null,0.001,null,0
5989,"T500 PURATOS, S.A.",2021→2022,2021,2022,61200,null,prod_ganado,null,5322.24,5322.24,null,1.269,null,4194.04
4871,"SAHUQUILLO AMORAGA, JAIME",2021→2022,2021,2022,44315,null,prod_ganado,null,95.76,95.76,null,0.042,null,2280
7891,"CARO MARTINEZ, MANUEL",2021→2022,2021,2022,62001,null,prod_ganado,null,49.84,49.84,null,0.056,null,890
9034,"PEREZ MARTINEZ, MARGARITA",2021→2022,2021,2022,40203,null,prod_ganado,null,75.8,75.8,null,0.05,null,1516
7980,"AQUAPOOL CHEMICAL, S.L.",2021→2022,2021,2022,61200,null,sin_actividad,null,0,0,null,0.001,null,0
8478,SAS MARKAITER,2021→2022,2021,2022,60011,null,sin_actividad,null,0,0,null,0.001,null,0
2057,"BACK EUROP ESPAÑA, S.L",2021→2022,2021,2022,65008,null,prod_ganado,null,7097.55,7097.55,null,5.475,null,1296.36
4937,"YESLOSA, S.L.",2021→2022,2021,2022,62001,null,prod_ganado,null,1080,1080,null,1,null,1080
9112,"BIOVIC CONSULTING, S.L.",2021→2022,2021,2022,40260,null,sin_actividad,null,0,0,null,0.002,null,0
481,"EL CATETO, S.L.",2021→2022,2021,2022,40016,null,prod_ganado,null,8988,8988,null,12,null,749
2287,"RODRIGUEZ BLANCO, ASUNCION",2021→2022,2021,2022,44302,null,prod_ganado,null,258.75,258.75,null,0.25,null,1035
6162,BE ORGANIC KUWAIT FOR HEALTHY FOOD AND PLANTS COMPANY,2021→2022,2021,2022,62024,null,prod_ganado,null,2155.6,2155.6,null,2.521,null,855.06
4344,"GOMEZ TURPIN, EVA MARIA",2021→2022,2021,2022,44335,null,prod_ganado,null,135,135,null,0.1,null,1350
293,"TORRENTE OCHOA, ANTONIO",2021→2022,2021,2022,44313,null,prod_ganado,null,930,930,null,0.6,null,1550
770,"CASTER ALIMENTACION, S.L.",2021→2022,2021,2022,44010,null,prod_ganado,null,1225,1225,null,1.25,null,980
211,"MARTINEZ NIETO, S.A.",2021→2022,2021,2022,61255,null,prod_ganado,null,49022.23,49022.23,null,43.773,null,1119.92
8682,KIND INDUSTRY,2021→2022,2021,2022,61228,null,prod_ganado,null,3046.63,3046.63,null,1.243,null,2451.03
6267,"JUMEL ALIMENTARIA, S.A.",2021→2022,2021,2022,40016,null,prod_ganado,null,31642,31642,null,47,null,673.23
4897,"LLOBET MARCO, MANUEL",2021→2022,2021,2022,44313,null,prod_ganado,null,1223.1,1223.1,null,0.81,null,1510
4321,"GONZALEZ MARTINEZ, MANUEL",2021→2022,2021,2022,62001,null,prod_ganado,null,2628,2628,null,3.6,null,730
4276,"PORCAR VIDAL, JUANA",2021→2022,2021,2022,44315,null,prod_ganado,null,42.84,42.84,null,0.028,null,1530
8664,"OSCA BARRIOS, JOAQUIN ",2021→2022,2021,2022,44313,null,prod_ganado,null,465,465,null,0.3,null,1550
8365,"MORCILLO ARENA, DAVID",2021→2022,2021,2022,44313,null,prod_ganado,null,97.2,97.2,null,0.09,null,1080
7936,"FABRICA JAEN, S.L.U.",2021→2022,2021,2022,60000,null,sin_actividad,null,0,0,null,0.001,null,0
8308,"CONSERVAS TORO LÓPEZ, S.L.",2021→2022,2021,2022,61218,null,sin_actividad,null,0,0,null,0.001,null,0
499,"MELS CARLET, S.L.",2021→2022,2021,2022,44010,null,prod_ganado,null,11259.4,11259.4,null,11.852,null,950
5021,"MARTIN GUILLEN, JAVIER",2021→2022,2021,2022,40000,null,prod_ganado,null,73,73,null,0.1,null,730
9004,MULTIMERCADOS S. COOP,2021→2022,2021,2022,40203,null,prod_ganado,null,38.45,38.45,null,0.025,null,1538
4154,"HEALTHY RAW MATERIALS, S.L.",2021→2022,2021,2022,43150,null,prod_ganado,null,28362.8,28362.8,null,17.2,null,1649
1304,"EMPRESA DE TRANSFORMACIÓN AGRARIA, S.A., S.M.E., M.P (TRAGSA)",2021→2022,2021,2022,40024,null,prod_ganado,null,15162,15162,null,22.8,null,665
6636,"TECNICAS MECANICAS ILERDENSES, S.L.",2021→2022,2021,2022,65005,null,sin_actividad,null,0,0,null,0.255,null,0
2364,"M&C BAKERY, S.L",2021→2022,2021,2022,43100,null,prod_ganado,null,19536,19536,null,13.2,null,1480
8852,ALMAYYA GROUP LLC,2021→2022,2021,2022,44315,null,sin_actividad,null,0,0,null,0.14,null,0
1428,"PRODUCTOS MENGUAL, S.L.",2021→2022,2021,2022,40103,null,prod_ganado,null,32,32,null,0.025,null,1280
3187,"AZELIS ESPAÑA, S.A.",2021→2022,2021,2022,41005,null,sin_actividad,null,0,0,null,0.001,null,0
3855,"APIFERSA APICOLA, S.L.",2021→2022,2021,2022,62000,null,prod_ganado,null,1824,1824,null,2.4,null,760
1143,"AZUCARES ANTOÑIN, S.L.",2021→2022,2021,2022,40103,null,prod_ganado,null,20915,20915,null,24.001,null,871.42
6468,"DULCES LA CARTUJA, S.L.",2021→2022,2021,2022,40207,null,prod_ganado,null,79,79,null,0.05,null,1580
8990,"HERREIZ MASEGOSA, GERMAN",2021→2022,2021,2022,44310,null,prod_ganado,null,44.7,44.7,null,0.03,null,1490
2216,"APIHURDES, S.COOP.",2021→2022,2021,2022,44301,null,prod_ganado,null,16146,16146,null,23.4,null,690
8247,"ALLJUICEMED, S.L.",2021→2022,2021,2022,64090,null,prod_ganado,null,396685.92,396685.92,null,572.6,null,692.78
192,"AZUCREN, S.L.",2021→2022,2021,2022,62400,null,prod_ganado,null,219.75,219.75,null,0.15,null,1465
1165,"ANIORTE MARTINEZ, FRANCISCO",2021→2022,2021,2022,44315,null,prod_ganado,null,2662.8,2662.8,null,1.68,null,1585
5625,"AGUDO TORRIJOS, ALVARO",2021→2022,2021,2022,44313,null,prod_ganado,null,362.1,362.1,null,0.27,null,1341.11
4002,"ABB MJ FERNANDEZ ARANDA, S.L.",2021→2022,2021,2022,40030,null,prod_ganado,null,26349.75,26349.75,null,22.05,null,1195
541,"PANYPAST GRANADA, S.L.",2021→2022,2021,2022,40340,null,prod_ganado,null,1397,1397,null,1,null,1397
6636,"TECNICAS MECANICAS ILERDENSES, S.L.",2021→2022,2021,2022,65024,null,sin_actividad,null,0,0,null,0,null,null
8921,AGRIFOOD SERVICE AGRICOLA  S.R.L.S,2021→2022,2021,2022,44310,null,prod_ganado,null,4267.2,4267.2,null,4.2,null,1016
7189,"PASTISART IBERIA, S.L.U",2021→2022,2021,2022,40103,null,sin_actividad,null,0,0,null,0.001,null,0
2887,"BIOSEARCH, S.A.U.",2021→2022,2021,2022,40016,null,prod_ganado,null,1566,1566,null,2,null,783
5192,"WORLD WIDE IMPORT EXPORT CO, LTD.",2021→2022,2021,2022,40311,null,prod_ganado,null,1333.8,1333.8,null,0.975,null,1368
546,"E.MORENO, S.L.",2021→2022,2021,2022,40203,null,prod_ganado,null,5550,5550,null,3,null,1850
3777,"NATURVAL APICOLA, S.L.U.",2021→2022,2021,2022,44010,null,sin_actividad,null,0,0,null,0,null,null
9105,"MORENO LOPEZ, FERNANDO",2021→2022,2021,2022,44310,null,prod_ganado,null,68.85,68.85,null,0.045,null,1530
5149,"GARCIA FERNANDEZ, INMACULADA",2021→2022,2021,2022,44314,null,prod_ganado,null,1140.3,1140.3,null,0.555,null,2054.59
6445,"PRIETO FABRA, JAVIER",2021→2022,2021,2022,62001,null,prod_ganado,null,1872,1872,null,2.4,null,780
614,"MANUFACTURAS TABERNER,S.A.",2021→2022,2021,2022,40350,null,sin_actividad,null,0,0,null,0.001,null,0
8785,INGREDIENTS & DESSERTS,2021→2022,2021,2022,61228,null,sin_actividad,null,0,0,null,0.001,null,0
3186,"BODEGAS SANVIVER, S.L.",2021→2022,2021,2022,40203,null,prod_ganado,null,4950,4950,null,3,null,1650
8778,"IDILIA FOODS, S.L.",2021→2022,2021,2022,61228,null,sin_actividad,null,0,0,null,0.001,null,0
8778,"IDILIA FOODS, S.L.",2021→2022,2021,2022,61229,null,sin_actividad,null,0,0,null,0.001,null,0
1293,"PAPRIMUR, S.L.",2021→2022,2021,2022,40025,null,prod_ganado,null,1204.2,1204.2,null,0.9,null,1338
429,"CROP IBERICA, S.A.U.",2021→2022,2021,2022,44015,null,prod_ganado,null,2280,2280,null,2.4,null,950
1375,"JACOBO LOZANO, S.L.",2021→2022,2021,2022,62400,null,prod_ganado,null,486.45,486.45,null,0.33,null,1474.09
3225,"SURIVAN FEEL THE TASTE, S.L.",2021→2022,2021,2022,46276,null,prod_ganado,null,5595.63,5595.63,null,0.875,null,6395.01
8251,APILINE DI FASSARI DOMINIQUE,2021→2022,2021,2022,44314,null,sin_actividad,null,0,0,null,0.015,null,0
1624,S.A.T. Nº8192 PEREGRI,2021→2022,2021,2022,62154,null,prod_ganado,null,1524,1524,null,1.201,null,1268.94
2427,"SENCHERNES SOLDADO, ISAAC RAMON",2021→2022,2021,2022,40000,null,prod_ganado,null,1606,1606,null,2.2,null,730
3277,"PRODUCTOS UNICOS SEISMARIN, S.L.",2021→2022,2021,2022,40000,null,sin_actividad,null,0,0,null,0,null,null
5468,"SAIZ PRIETO, JOSE ELIAS",2021→2022,2021,2022,62001,null,prod_ganado,null,12.46,12.46,null,0.014,null,890
6196,"APITIENDA SOLTAN, S.L.",2021→2022,2021,2022,44314,null,prod_ganado,null,4032,4032,null,2.1,null,1920
271,"LABORATORIOS ALMOND, S.L.",2021→2022,2021,2022,40203,null,prod_ganado,null,2275.5,2275.5,null,1.5,null,1517
5501,"CALIDAD PASCUAL, S.A.",2021→2022,2021,2022,61200,null,sin_actividad,null,0,0,null,0.001,null,0
7169,"MASTRIGO BIO GOURMET, S.L.",2021→2022,2021,2022,60000,null,sin_actividad,null,0,0,null,0.003,null,0
8733,"SUPER BOCK BEBIDAS, S.A.",2021→2022,2021,2022,44092,null,sin_actividad,null,0,0,null,0.005,null,0
8836,"AGROCENTROS LEON, S.L.",2021→2022,2021,2022,62020,null,prod_ganado,null,674.24,674.24,null,0.784,null,860
7924,"J.NORKEN,S.L.",2021→2022,2021,2022,65015,null,sin_actividad,null,0,0,null,0.001,null,0
8999,"VIRAVELO, S.L.",2021→2022,2021,2022,61164,null,prod_ganado,null,78122.72,78122.72,null,47.84,null,1633
353,"QUALITY SPICES, S.L.",2021→2022,2021,2022,40103,null,prod_ganado,null,1256.77,1256.77,null,0.975,null,1288.99
2925,"BIGMAN NUTRITION, S.L.",2021→2022,2021,2022,41000,null,prod_ganado,null,3376.75,3376.75,null,3.25,null,1039
9075,"VINOS Y LICORES ORDOKI, S.L.",2021→2022,2021,2022,60105,null,sin_actividad,null,0,0,null,0.001,null,0
6636,"TECNICAS MECANICAS ILERDENSES, S.L.",2021→2022,2021,2022,40016,null,sin_actividad,null,0,0,null,0.3,null,0
1977,"ZURRIAGA MORENO, EMILIANO",2021→2022,2021,2022,44313,null,prod_ganado,null,162.75,162.75,null,0.105,null,1550
418,"MANUFACTURAS CEYLAN, S.L.",2021→2022,2021,2022,40030,null,prod_ganado,null,29816.1,29816.1,null,24.3,null,1227
8523,"CRUZ ZAMBRANO, MARÍA",2021→2022,2021,2022,62001,null,prod_ganado,null,747.6,747.6,null,0.84,null,890
1149,"UNION GENIL, S.C.A",2021→2022,2021,2022,41000,null,prod_ganado,null,1102.5,1102.5,null,1.25,null,882
5006,"CARPIO DE MARCO, PATRICIA",2021→2022,2021,2022,44310,null,prod_ganado,null,63,63,null,0.06,null,1050
8495,"PEÑA GOMEZ, ARTURO JAVIER",2021→2022,2021,2022,44313,null,prod_ganado,null,236.7,236.7,null,0.18,null,1315
2044,"MAGDALENAS DE LAS HERAS, S.A",2021→2022,2021,2022,43100,null,prod_ganado,null,27104,27104,null,24.64,null,1100
5656,API WAYS SAS,2021→2022,2021,2022,44315,null,prod_ganado,null,1284.36,1284.36,null,0.84,null,1529
8961,"LABORATORIOS VIÑAS, S.A.",2021→2022,2021,2022,61229,null,sin_actividad,null,0,0,null,0.001,null,0
5556,ASOCIACION MONTAÑESA DE APICULTORES,2021→2022,2021,2022,44313,null,prod_ganado,null,14081.25,14081.25,null,12.54,null,1122.91
2850,"AMC NATURAL DRINKS, S.L.",2021→2022,2021,2022,60000,null,prod_ganado,null,418413.2,418413.2,null,792.52,null,527.95
2684,"INDUSTRIAS JIJONENCAS, S.A.",2021→2022,2021,2022,40016,null,prod_ganado,null,18750,18750,null,25,null,750
346,"PANARRO FOODS, S.L.",2021→2022,2021,2022,40204,null,sin_actividad,null,0,0,null,0,null,null
8476,"ANITIN JEREZ, S.L.U.",2021→2022,2021,2022,40000,null,prod_ganado,null,84555,84555,null,108.1,null,782.19
531,"DESARROLLOS PANADEROS LEVANTINOS, S.L.L.",2021→2022,2021,2022,40025,null,prod_ganado,null,6435,6435,null,4.5,null,1430
9120,"REAL JUAN, JUAN MIGUEL",2021→2022,2021,2022,44313,null,prod_ganado,null,93,93,null,0.06,null,1550
1832,"SIERRAS ANDALUZAS, S.C.A.",2021→2022,2021,2022,44304,null,prod_ganado,null,1969.5,1969.5,null,1.95,null,1010
6955,"VILAR GARCIA, PASCUAL",2021→2022,2021,2022,62020,null,prod_ganado,null,395,395,null,0.5,null,790
3192,"MATEU CARRION, JESUS",2021→2022,2021,2022,44301,null,prod_ganado,null,365,365,null,0.5,null,730
7171,"QUIRANTE FRUITS, S.L.",2021→2022,2021,2022,43150,null,prod_ganado,null,10250,10250,null,5,null,2050
1747,"FRUIT TECH NATURAL, S.A.",2021→2022,2021,2022,61257,null,prod_ganado,null,393240.58,393240.58,null,624.96,null,629.23
3610,"PINAZO MARTINEZ, JULIAN",2021→2022,2021,2022,62000,null,prod_ganado,null,410,410,null,0.5,null,820
2577,"IMPORTACO CASA PONS, S.A.U.",2021→2022,2021,2022,60131,null,sin_actividad,null,0,0,null,0.001,null,0
8344,"PA DE MEL, S.L.",2021→2022,2021,2022,60105,null,sin_actividad,null,0,0,null,0.001,null,0
2689,"LOPEZ SERRANO, ISAIAS",2021→2022,2021,2022,62020,null,prod_ganado,null,193.2,193.2,null,0.21,null,920
8248,"CRA BODEGAS, S.L.",2021→2022,2021,2022,61259,null,prod_ganado,null,29921.2,29921.2,null,25.4,null,1178
3855,"APIFERSA APICOLA, S.L.",2021→2022,2021,2022,62001,null,prod_ganado,null,6048,6048,null,7.2,null,840
7611,DPTO. CALIDAD,2021→2022,2021,2022,44313,null,sin_actividad,null,0,0,null,0.165,null,0
8519,"PAULINO SOLANELLAS, S.L.",2021→2022,2021,2022,42001,null,prod_ganado,null,31960.25,31960.25,null,23.9,null,1337.25
4212,"VALLEJO LOPEZ, JUAN LUIS",2021→2022,2021,2022,44315,null,sin_actividad,null,0,0,null,0.07,null,0
6636,"TECNICAS MECANICAS ILERDENSES, S.L.",2021→2022,2021,2022,65020,null,sin_actividad,null,0,0,null,0.247,null,0
450,"LA FLOR BURGALESA, S.L.",2021→2022,2021,2022,41005,null,prod_ganado,null,56321.25,56321.25,null,51.251,null,1098.93
8247,"ALLJUICEMED, S.L.",2021→2022,2021,2022,61212,null,prod_ganado,null,9369.94,9369.94,null,8.644,null,1083.98
2975,"ARTUKOLUKE, S.L.",2021→2022,2021,2022,40207,null,prod_ganado,null,123840,123840,null,96,null,1290
3793,"PERALES GALVEZ, CELESTINO",2021→2022,2021,2022,44313,null,prod_ganado,null,162,162,null,0.15,null,1080
8021,"LOPEZ MARTINEZ, GABRIEL",2021→2022,2021,2022,44314,null,prod_ganado,null,2234.7,2234.7,null,1.065,null,2098.31
5943,"VALLES DE CORDOBA, S.L.",2021→2022,2021,2022,44111,null,sin_actividad,null,0,0,null,0,null,null
445,"PASTELERIA ARROYO SANCHEZ, S.L.U.",2021→2022,2021,2022,40030,null,prod_ganado,null,56640,56640,null,48,null,1180
8795,"ADISTAFARMA, S.L.",2021→2022,2021,2022,61200,null,sin_actividad,null,0,0,null,0.001,null,0
239,"ASOCIACION DE APICULTORES DE VIZCAYA, B.E.",2021→2022,2021,2022,44314,null,prod_ganado,null,2110.5,2110.5,null,1.05,null,2010
8720,"NUTRAPROCES 2000, S.L.",2021→2022,2021,2022,41000,null,prod_ganado,null,14932.5,14932.5,null,11.251,null,1327.22
455,"EMILIO PEÑA, S.A.",2021→2022,2021,2022,40025,null,prod_ganado,null,2430,2430,null,1.8,null,1350
6603,"INDUSTRIAS ALIMENTICIAS SUFLI, S.L.",2021→2022,2021,2022,40203,null,prod_ganado,null,76.9,76.9,null,0.05,null,1538
8924,"LOPEZ CARRILLO, FRANCISCO MANUEL",2021→2022,2021,2022,44315,null,prod_ganado,null,21.42,21.42,null,0.014,null,1530
8993,BLANCATO GERMANO,2021→2022,2021,2022,44310,null,prod_ganado,null,18270,18270,null,12.6,null,1450
5989,"T500 PURATOS, S.A.",2021→2022,2021,2022,61228,null,sin_actividad,null,0,0,null,0.001,null,0
8462,"CAPEL VINOS, S.A.",2021→2022,2021,2022,60200,null,sin_actividad,null,0,0,null,0.002,null,0
6724,"MURCIA MARTINEZ, JOAQUIN",2021→2022,2021,2022,44313,null,prod_ganado,null,20.25,20.25,null,0.015,null,1350
3591,"REINA TARIN, RAFAEL",2021→2022,2021,2022,44313,null,prod_ganado,null,1134,1134,null,1.05,null,1080
8498,"ZALVE RUIZ, JOSE FRANCISCO",2021→2022,2021,2022,44315,null,prod_ganado,null,85.68,85.68,null,0.056,null,1530
2548,"MEETINGCOOK, S.L.",2021→2022,2021,2022,40025,null,prod_ganado,null,506.25,506.25,null,0.375,null,1350
1853,"GÓMEZ ROBLES, MIGUEL",2021→2022,2021,2022,44315,null,prod_ganado,null,3296.8,3296.8,null,2.536,null,1300
3013,"GARCIA FERNANDEZ, ANTONIIO",2021→2022,2021,2022,44313,null,prod_ganado,null,93,93,null,0.06,null,1550
7554,MEL CAN TONI,2021→2022,2021,2022,44313,null,prod_ganado,null,2268,2268,null,2.1,null,1080
4103,ASOCIACION CANTABRA DE APICULTORES,2021→2022,2021,2022,44313,null,prod_ganado,null,1102.5,1102.5,null,1.05,null,1050
7171,"QUIRANTE FRUITS, S.L.",2021→2022,2021,2022,61212,null,prod_ganado,null,3235199.56,3235199.56,null,2950,null,1096.68
618,"BAYOGAR, S.L.",2021→2022,2021,2022,40016,null,prod_ganado,null,155607.9,155607.9,null,201.3,null,773.01
1631,"SALMERON SAN JUAN, SALVADOR",2021→2022,2021,2022,44310,null,prod_ganado,null,6126.75,6126.75,null,5.835,null,1050
8532,"LINARES NAVARRO, SERGIO",2021→2022,2021,2022,40000,null,prod_ganado,null,182.5,182.5,null,0.25,null,730
4914,"SVETOSLAV STEFANOV, VASILEV",2021→2022,2021,2022,44313,null,prod_ganado,null,97.2,97.2,null,0.09,null,1080
4002,"ABB MJ FERNANDEZ ARANDA, S.L.",2021→2022,2021,2022,40330,null,prod_ganado,null,593.95,593.95,null,0.35,null,1697
7611,DPTO. CALIDAD,2021→2022,2021,2022,60510,null,sin_actividad,null,0,0,null,1.169,null,0
8247,"ALLJUICEMED, S.L.",2021→2022,2021,2022,61261,null,prod_ganado,null,4589794.86,4589794.86,null,5090.945,null,901.56
2593,"GARCIA GARCIA, JUAN",2021→2022,2021,2022,44313,null,prod_ganado,null,81,81,null,0.06,null,1350
9022,"SYMRISE IBÉRICA, S.L.",2021→2022,2021,2022,65005,null,sin_actividad,null,0,0,null,0.001,null,0
9053,"TOT CAMP PALLARS, S.L.U.",2021→2022,2021,2022,44313,null,prod_ganado,null,3087,3087,null,2.1,null,1470
4074,"GIMENEZ BARRERAS, ALFONSO",2021→2022,2021,2022,44313,null,prod_ganado,null,675.6,675.6,null,0.495,null,1364.85
8994,"NATURECO, S.L.",2021→2022,2021,2022,40203,null,prod_ganado,null,4545,4545,null,3,null,1515
4921,"MARTINEZ CARRASCO, JOSE ANDRES",2021→2022,2021,2022,62001,null,prod_ganado,null,124.6,124.6,null,0.14,null,890
3805,"MONTEJANO NAVARRO, MARIA DEL CARMEN",2021→2022,2021,2022,62001,null,prod_ganado,null,211.82,211.82,null,0.238,null,890
3791,"FORTEA CERAS Y MIELES, S.L.",2021→2022,2021,2022,44310,null,prod_ganado,null,21609,21609,null,22.05,null,980
4198,"CANO ABARCA, RAMON",2021→2022,2021,2022,62001,null,prod_ganado,null,1123.5,1123.5,null,1.45,null,774.83
9022,"SYMRISE IBÉRICA, S.L.",2021→2022,2021,2022,40110,null,sin_actividad,null,0,0,null,0.001,null,0
576,"VIUDA PIFARRE Y COMPAÑIA, S.L.",2021→2022,2021,2022,44120,null,prod_ganado,null,75327.89,75327.89,null,77.735,null,969.03
1459,"MIRALLES ESPADAS, S.L.",2021→2022,2021,2022,60010,null,prod_ganado,null,1896,1896,null,2.4,null,790
8686,"MARGALEF MULET, ROSSEND",2021→2022,2021,2022,44313,null,prod_ganado,null,1050,1050,null,1.05,null,1000
5187,"DISTRIBUCIONES VARPEN, S.L.",2021→2022,2021,2022,62400,null,prod_ganado,null,3029.76,3029.76,null,2.306,null,1313.86
3793,"PERALES GALVEZ, CELESTINO",2021→2022,2021,2022,62000,null,prod_ganado,null,177.5,177.5,null,0.25,null,710
2832,DULCES LA ABUELA COOP VNA,2021→2022,2021,2022,40103,null,prod_ganado,null,768,768,null,0.6,null,1280
6992,"RUIZ DE OZAETA, ANA INMACULADA",2021→2022,2021,2022,62001,null,prod_ganado,null,224.28,224.28,null,0.252,null,890
7251,"HELARTEAVILA, S.L.",2021→2022,2021,2022,61228,null,sin_actividad,null,0,0,null,0.001,null,0
8248,"CRA BODEGAS, S.L.",2021→2022,2021,2022,61261,null,prod_ganado,null,182614.74,182614.74,null,202.98,null,899.67
1643,"DULCES ARTESANALES LINARES, S.L",2021→2022,2021,2022,41005,null,prod_ganado,null,4312.5,4312.5,null,3.75,null,1150
2577,"IMPORTACO CASA PONS, S.A.U.",2021→2022,2021,2022,65007,null,prod_ganado,null,14751,14751,null,9.9,null,1490
5292,"RAMON CUSINE HILL, S.A.U.",2021→2022,2021,2022,41005,null,prod_ganado,null,12691.2,12691.2,null,10.85,null,1169.7
8846,"GIL PERIS, JULIO",2021→2022,2021,2022,62001,null,prod_ganado,null,24.92,24.92,null,0.028,null,890
3791,"FORTEA CERAS Y MIELES, S.L.",2021→2022,2021,2022,44315,null,sin_actividad,null,0,0,null,0.028,null,0
1072,"GALVAN FERNANDEZ HERMANOS, S.L.",2021→2022,2021,2022,40030,null,prod_ganado,null,57360,57360,null,48,null,1195
4709,"TURRONES PICO, S.A.",2021→2022,2021,2022,43052,null,prod_ganado,null,12943.8,12943.8,null,5.4,null,2397
7867,"SINBLAT ALIMENTACION SALUDABLE, S.L.",2021→2022,2021,2022,40030,null,prod_ganado,null,7956.9,7956.9,null,6.3,null,1263
505,"MORENO SORNI, ELIAS",2021→2022,2021,2022,44301,null,prod_ganado,null,3900,3900,null,5,null,780
2103,"JOSEFA ESTELLES MAYOR, S.L.",2021→2022,2021,2022,42000,null,prod_ganado,null,64213.5,64213.5,null,72.15,null,890
8799,"ELABORATS MILA, S.L.",2021→2022,2021,2022,61228,null,sin_actividad,null,0,0,null,0.001,null,0
1728,"CEREALTO INDUSTRIAL SPAIN, S.A.",2021→2022,2021,2022,65020,null,sin_actividad,null,0,0,null,0,null,null
6258,"OBREGON DIAZ, JULIA",2021→2022,2021,2022,44310,null,prod_ganado,null,535.5,535.5,null,0.51,null,1050
330,"PASTELERIA LOS MELLIZOS, S.L.",2021→2022,2021,2022,44015,null,prod_ganado,null,1543.2,1543.2,null,1.36,null,1134.71
5373,"VERTICE DE INNOVACION Y DESAR.DE ALIMENTOS, S.A.U.",2021→2022,2021,2022,42005,null,sin_actividad,null,0,0,null,0,null,null
2553,"ESTEVE TORTOSA, TIMOTEO",2021→2022,2021,2022,44315,null,prod_ganado,null,385.56,385.56,null,0.252,null,1530
7260,"ROMERO GUIJO, JOSE MARIA",2021→2022,2021,2022,44314,null,prod_ganado,null,2177.7,2177.7,null,1.05,null,2074
772,"SEIS H, S.A.",2021→2022,2021,2022,62400,null,sin_actividad,null,0,0,null,0.001,null,0
7556,"DESTILACIONES BORDAS CHINCHURRETA, S.A.",2021→2022,2021,2022,44092,null,sin_actividad,null,0,0,null,0.012,null,0
4997,"PRODUCTOS LA MULATA, S.L.",2021→2022,2021,2022,42000,null,prod_ganado,null,2825,2825,null,2.5,null,1130
1459,"MIRALLES ESPADAS, S.L.",2021→2022,2021,2022,60000,null,prod_ganado,null,1068,1068,null,1.2,null,890
6585,"GONZALEZ REVIRIEGO, OLMO",2021→2022,2021,2022,44335,null,prod_ganado,null,1015.4,1015.4,null,0.65,null,1562.15
3715,"BSI BODEGAS SAN ISIDRO, S.COOP.",2021→2022,2021,2022,40203,null,prod_ganado,null,4263.25,4263.25,null,2.75,null,1550.27
1437,"CEREALTO AGUILAR, S.L.",2021→2022,2021,2022,65016,null,prod_ganado,null,2433.6,2433.6,null,2.925,null,832
769,"ANGEL CAMACHO ALIMENTACION, S.L.",2021→2022,2021,2022,40207,null,prod_ganado,null,2493,2493,null,1.8,null,1385
7592,"CASTILLO CATALÁN, EUGENIO",2021→2022,2021,2022,44313,null,prod_ganado,null,46.5,46.5,null,0.03,null,1550
1649,"BLASCO APARICIO, SANDRA",2021→2022,2021,2022,44313,null,prod_ganado,null,435,435,null,0.435,null,1000
541,"PANYPAST GRANADA, S.L.",2021→2022,2021,2022,41000,null,prod_ganado,null,62.5,62.5,null,0.05,null,1250
1567,SDAD.COOP.AND. GANADERA DE VALLE DE LOS PEDROCHES,2021→2022,2021,2022,61229,null,sin_actividad,null,0,0,null,0.001,null,0
7422,"HERRANZ FERREROS, JULIO RICARDO",2021→2022,2021,2022,62001,null,prod_ganado,null,950,950,null,1,null,950
2037,"INDUSTRIAS ESPADAFOR, S.A",2021→2022,2021,2022,44040,null,prod_ganado,null,15104.1,15104.1,null,25.3,null,597
8523,"CRUZ ZAMBRANO, MARÍA",2021→2022,2021,2022,44310,null,prod_ganado,null,6300,6300,null,6,null,1050
450,"LA FLOR BURGALESA, S.L.",2021→2022,2021,2022,40203,null,prod_ganado,null,8700,8700,null,6,null,1450
4642,"TORRALBA GUILLAMON, YOLANDA",2021→2022,2021,2022,40203,null,prod_ganado,null,40.2,40.2,null,0.025,null,1608
3795,"ZAPATA ALEMAN, SALVADOR",2021→2022,2021,2022,62001,null,prod_ganado,null,149.52,149.52,null,0.168,null,890
1854,"ROYPAS BY NUTRIS, S.A.",2021→2022,2021,2022,40206,null,prod_ganado,null,196365,196365,null,159,null,1235
8247,"ALLJUICEMED, S.L.",2021→2022,2021,2022,61263,null,prod_ganado,null,2670987.6,2670987.6,null,3984.52,null,670.34
8247,"ALLJUICEMED, S.L.",2021→2022,2021,2022,61251,null,prod_ganado,null,1995557.3,1995557.3,null,3051.58,null,653.94
7233,"GARCIA PALAZON, TEODORO",2021→2022,2021,2022,44313,null,prod_ganado,null,162,162,null,0.15,null,1080
465,"INVESTIGACION Y DESARROLLO PANADERO, S.L.",2021→2022,2021,2022,42000,null,prod_ganado,null,1268.75,1268.75,null,1.25,null,1015
3023,DIST. Y REPR. JOSE MIGUEL S.L.U.,2021→2022,2021,2022,41000,null,prod_ganado,null,47.5,47.5,null,0.05,null,950
8835,"NAKOV TODOSVA, VLADO",2021→2022,2021,2022,44313,null,prod_ganado,null,64.8,64.8,null,0.06,null,1080
3225,"SURIVAN FEEL THE TASTE, S.L.",2021→2022,2021,2022,46249,null,prod_ganado,null,17474,17474,null,5.4,null,3235.93
8248,"CRA BODEGAS, S.L.",2021→2022,2021,2022,64091,null,prod_ganado,null,31152.66,31152.66,null,50.82,null,613
8150,"BODEGAS MONASTRELL, S.L",2021→2022,2021,2022,40204,null,prod_ganado,null,80.4,80.4,null,0.05,null,1608
8962,"QUEROL ADELL, RAUL",2021→2022,2021,2022,44313,null,prod_ganado,null,141.75,141.75,null,0.105,null,1350
1791,"AROMAS CITRICS VALENCIANS, S.L.",2021→2022,2021,2022,40110,null,prod_ganado,null,31.25,31.25,null,0.025,null,1250
1415,"MEMBRILLO EMILY, S.L.",2021→2022,2021,2022,61228,null,sin_actividad,null,0,0,null,0.002,null,0
1619,"MIRALLES CLEMENTE, EDUARDO",2021→2022,2021,2022,44313,null,prod_ganado,null,550.8,550.8,null,0.51,null,1080
482,"PRODUCTOS VIRGEN DEL BREZO, S.A.U",2021→2022,2021,2022,40013,null,prod_ganado,null,97.5,97.5,null,0.15,null,650
450,"LA FLOR BURGALESA, S.L.",2021→2022,2021,2022,40016,null,prod_ganado,null,35350,35350,null,70,null,505
8778,"IDILIA FOODS, S.L.",2021→2022,2021,2022,61200,null,sin_actividad,null,0,0,null,0.001,null,0
8843,"SAIZ MARTINEZ, RUBEN",2021→2022,2021,2022,44310,null,prod_ganado,null,318.15,318.15,null,0.255,null,1247.65
8667,"HERRERO BUENO, ANTONIO ",2021→2022,2021,2022,44313,null,prod_ganado,null,534.6,534.6,null,0.495,null,1080
