cod_cliente,nombre_comercial,año_transicion,año_ant,año,cod_producto,descripcion_producto,efecto,facturacion_ant,facturacion_act,delta_fac,toneladas_ant,toneladas_act,pvp_eur_tn_ant,pvp_eur_tn_act
3699,"GONZALEZ CARBALLAL, S.L.",2023→2024,2023,2024,44314,Apipasta 90% - BIO - Pienso completo - Apicultura,vol_precio,21827.4,23609.25,1781.8499999999985,10.5,12.6,2078.8,1873.75
1854,"ROYPAS BY NUTRIS, S.A.",2023→2024,2023,2024,43100,Sorbitol Liquido 70% No cristalizable,prod_perdido,18952.01,null,-18952.01,10.57,null,1793,null
396,"AGROTRANSFORMADOS, S.A.",2023→2024,2023,2024,61220,Mixco Sweet 65-00.5050,vol_precio,388962.28,284505.78,-104456.5,362.12,336.44,1074.13,845.64
7706,"RUIPAN, S.L.",2023→2024,2023,2024,7300039291,Azúcar Blanco EEC Nº2 Caña - Kampong Speu Camboya,vol_precio,24000,76378.28,52378.28,25,121.18,960,630.29
7440,"LOPEZ FOOD GROUP, S.L.",2023→2024,2023,2024,43101,Sorbitol Liquido 70% No cristalizable - EPSA,precio,7312.5,5343,-1969.5,3.9,3.9,1875,1370
321,"PRODUCTOS PEPITO, S.L.U.",2023→2024,2023,2024,7300007131,Azúcar Blanco EEC Nº2 Caña - Cassa  El Salvador,prod_perdido,27867,null,-27867,26.2,null,1063.63,null
1396,"BARCELONESA DE DROG. Y PRODUCT. QUIMICOS, S.A.",2023→2024,2023,2024,43100,Sorbitol Liquido 70% No cristalizable,prod_perdido,4032,null,-4032,2.4,null,1680,null
762,"VIOKOX, S.A",2023→2024,2023,2024,44111,Glucor 60/82,volumen,1176,3528,2352,1.2,3.6,980,980
2103,"JOSEFA ESTELLES MAYOR, S.L.",2023→2024,2023,2024,7300037021,Azúcar Blanco EEC Nº2 Caña - Sidul  Portugal,sin_actividad,0,null,0,0.001,null,0,null
1000,CLIENTES VARIOS (CONTADO),2023→2024,2023,2024,40030,Azucar azucarera trimestral,volumen,10.92,20.02,9.1,0.012,0.022,910,910
314,"PASDULCE, S.L.",2023→2024,2023,2024,42000,Dextrosa Cristal Monohidrato Maiz,prod_perdido,4725,null,-4725,2.5,null,1890,null
340,"ARTESANOS MENDEZ, S.A.",2023→2024,2023,2024,61127,"Mixco Sweet 71,5-50.1522-C",prod_perdido,6868.68,0,-6868.68,4.81,0.007,1428,0
1747,"FRUIT TECH NATURAL, S.A.",2023→2024,2023,2024,7400004011,Azúcar Bl. EEC nº2 REMOL - AZUCARERA ESPAÑA,prod_perdido,771273.6,null,-771273.6,661.3,null,1166.3,null
212,"JARCA TURRONES Y DULCES, S.L.",2023→2024,2023,2024,44120,Glucor 45/80,vol_precio,7497.75,434,-7063.75,4.875,0.35,1538,1240
9194,"HELADOS JOP, S.L.",2023→2024,2023,2024,43101,Sorbitol Liquido 70% No cristalizable - EPSA,vol_precio,4810,5889,1079,2.6,3.9,1850,1510
8247,"ALLJUICEMED, S.L.",2023→2024,2023,2024,61248,Mixco Sweet 65-00.5050 I,prod_perdido,83699.84,null,-83699.84,76.174,null,1098.8,null
2674,"MUÑOZ GUILLEN, JUAN",2023→2024,2023,2024,62020,Mix Fructor Apicultor - Pienso completo - Apicult.,prod_perdido,297.5,null,-297.5,0.25,null,1190,null
9136,PRE GEL S.P.A. ,2023→2024,2023,2024,61228,Fosvitae 95% Plus,sin_actividad,0,null,0,0.001,null,0,null
1661,"DELAVIUDA ALIMENTACION, S.A",2023→2024,2023,2024,61229,Fosvitae Plus Polvo,sin_actividad,0,null,0,0.001,null,0,null
198,"JOSE SANDOVAL, S.L.U.",2023→2024,2023,2024,7300007131,Azúcar Blanco EEC Nº2 Caña - Cassa  El Salvador,prod_perdido,3120,null,-3120,3,null,1040,null
2909,"MANIPULADOS DE CEBOLLAS Y DERIVADOS, S.L.",2023→2024,2023,2024,60000,Azúcar Líquida Neutra 67º,sin_actividad,0,null,0,0.001,null,0,null
5314,"PROFESSIONAL DAIRY PRODUCTS, S.L.",2023→2024,2023,2024,43101,Sorbitol Liquido 70% No cristalizable - EPSA,vol_precio,8905,13468,4563,6.5,10.4,1370,1295
9397,NATUR FOOD VENTURES GMBH,2023→2024,2023,2024,61228,Fosvitae 95% Plus,sin_actividad,0,null,0,0.001,null,0,null
522,"MACROSNACKS, S.L.U.",2023→2024,2023,2024,40000,Azúcar Blanco EEC Nº 2,prod_perdido,40226.4,null,-40226.4,33.3,null,1208,null
9437,"EL CORTÍN DEL ABEYÓN, S.L.",2023→2024,2023,2024,44315,Apipasta PLUS - Pienso para Apicultura,vol_precio,1895.04,1428,-467.03999999999996,1.008,0.84,1880,1700
3855,"APIFERSA APICOLA, S.L.",2023→2024,2023,2024,44010,Fructor 10/81,prod_perdido,1740,null,-1740,1.2,null,1450,null
9091,"STOLLER EUROPE, S.L.U.",2023→2024,2023,2024,40000,Azúcar Blanco EEC Nº 2,prod_perdido,24035,null,-24035,23,null,1045,null
534,"MC CONSTRUCTION CHEMICAL SPAIN, S.L.",2023→2024,2023,2024,7300005081,Azúcar Blanco EEC Nº2 Caña - Cosumar  Marruecos,prod_perdido,7866,null,-7866,7.2,null,1092.5,null
1202,"APIGLASS ENVAS. Y MAT. APICOLA, S.L.",2023→2024,2023,2024,44304,Azucar Polvo LS – Pienso completo – Apicultura,prod_perdido,111.75,null,-111.75,0.075,null,1490,null
198,"JOSE SANDOVAL, S.L.U.",2023→2024,2023,2024,7200017111,>45 ICUMSA - Palo Gordo Guatemala,prod_perdido,289240,null,-289240,293.8,null,984.48,null
1339,COOP. VINICOLA LA VIÑA,2023→2024,2023,2024,60000,Azúcar Líquida Neutra 67º,vol_precio,4237.2,5365.2,1128,3.6,4.8,1177,1117.75
1747,"FRUIT TECH NATURAL, S.A.",2023→2024,2023,2024,61257,Mixco Sweet 74-00.3244,prod_perdido,845834.3,null,-845834.3,859.28,null,984.35,null
2074,"ALFREDO IÑESTA, S.L",2023→2024,2023,2024,44015,Fructor 10/77,prod_perdido,13420.65,null,-13420.65,8.31,null,1615,null
535,"FRIMAR PANADEROS, S.L.",2023→2024,2023,2024,43100,Sorbitol Liquido 70% No cristalizable,prod_perdido,10740,null,-10740,6,null,1790,null
2518,"GRANALBE, S.L.",2023→2024,2023,2024,44313,Apipasta Vitaminas 90% - Pienso para Apicultura,vol_precio,21609,14679,-6930,14.7,11.55,1470,1270.91
9142,"SKAKO DARTEK, S.L.",2023→2024,2023,2024,40024,Azúcar blanco EEC nº3 - 70 ICUMSA,sin_actividad,0,null,0,0.049,null,0,null
769,"ANGEL CAMACHO ALIMENTACION, S.L.",2023→2024,2023,2024,7400002031,Az Bl. EEC Nº2 Remolacha PTE DEST-Tereos Franci,vol_precio,80230,149472,69242,71,144,1130,1038
6399,"NOVA NOVA, GREGORIO",2023→2024,2023,2024,44313,Apipasta Vitaminas 90% - Pienso para Apicultura,prod_perdido,2092.5,null,-2092.5,1.35,null,1550,null
2850,"AMC NATURAL DRINKS, S.L.",2023→2024,2023,2024,7300039291,Azúcar Blanco EEC Nº2 Caña - Kampong Speu Camboya,volumen,22800,86640,63840,24.001,91.2,949.96,950
3067,"ALGODON DE AZUCAR SERRANO CALAVIA, S.L.",2023→2024,2023,2024,7500004011,Correfino EEC Nº2 Caña/Rem - Azucarera España,prod_perdido,2430,null,-2430,1.8,null,1350,null
4505,"FIESTA COLOMBINA, S.L.U.",2023→2024,2023,2024,7400048311,Az. Bl. EEC nº2 Remol PTE DEST-Agrana Leop Austria,prod_perdido,49455,null,-49455,45,null,1099,null
1000,CLIENTES VARIOS (CONTADO),2023→2024,2023,2024,7110004161,Azúcar Moreno >2500i - Azucarera Malawi,vol_precio,12.66,15.86,3.1999999999999993,0.012,0.016,1055,991.25
7651,SARL API DISTRIBUTION,2023→2024,2023,2024,44310,Apipasta 90% - Pienso completo - Apicultura,vol_precio,16616.25,12180,-4436.25,11.55,9.45,1438.64,1288.89
7171,"QUIRANTE FRUITS, S.L.",2023→2024,2023,2024,61212,Mixco Sweet 72-09.6427 B2 SB20,vol_precio,2594835.4,4649719.2,2054883.8000000003,2160.6,3752.8,1200.98,1239
546,"E.MORENO, S.L.",2023→2024,2023,2024,7800013151,Azúcar BIO Caña - Elite NOP  India,prod_perdido,918.75,null,-918.75,0.525,null,1750,null
340,"ARTESANOS MENDEZ, S.A.",2023→2024,2023,2024,43100,Sorbitol Liquido 70% No cristalizable,prod_perdido,6408,null,-6408,3.6,null,1780,null
3022,"LACTEOS DE NAVARRA, S.L.",2023→2024,2023,2024,61200,Fosvitae 85%,sin_actividad,0,null,0,0.001,null,0,null
5528,"FERNANDEZ LOPEZ, ANTONIO",2023→2024,2023,2024,44314,Apipasta 90% - BIO - Pienso completo - Apicultura,vol_precio,1305,582.12,-722.88,0.6,0.3,2175,1940.4
9187,SA LACTALIS NESTLE ULTRA-FRAIS MARQUES,2023→2024,2023,2024,61200,Fosvitae 85%,sin_actividad,0,null,0,0.005,null,0,null
1787,"DULCES DEL TURIA, S.L.",2023→2024,2023,2024,40000,Azúcar Blanco EEC Nº 2,prod_perdido,12000,null,-12000,10,null,1200,null
407,"PRODUCTOS KELMY, S.A.U.",2023→2024,2023,2024,7400048311,Az. Bl. EEC nº2 Remol PTE DEST-Agrana Leop Austria,volumen,144807,47242,-97565,141,46,1027,1027
6366,"GARCIA FERNANDEZ, ANGELES",2023→2024,2023,2024,44314,Apipasta 90% - BIO - Pienso completo - Apicultura,prod_perdido,788.55,null,-788.55,0.375,null,2102.8,null
8251,APILINE DI FASSARI DOMINIQUE,2023→2024,2023,2024,44313,Apipasta Vitaminas 90% - Pienso para Apicultura,prod_perdido,55566,null,-55566,37.8,null,1470,null
838,"HIJOS DE PABLO GIL GUILLEN, S.L.",2023→2024,2023,2024,7300039291,Azúcar Blanco EEC Nº2 Caña - Kampong Speu Camboya,prod_perdido,22800,null,-22800,24,null,950,null
8090,G.I.E. GROUPE LOMBARD,2023→2024,2023,2024,44310,Apipasta 90% - Pienso completo - Apicultura,prod_perdido,10216.5,null,-10216.5,7.35,null,1390,null
1853,"GÓMEZ ROBLES, MIGUEL",2023→2024,2023,2024,62021,Apimix 75 Pienso completo – Apicultura,prod_perdido,1392,null,-1392,1.2,null,1160,null
7535,"DULCES LA RONDEÑA, S.L.",2023→2024,2023,2024,7300005081,Azúcar Blanco EEC Nº2 Caña - Cosumar  Marruecos,prod_perdido,24960,null,-24960,24,null,1040,null
4505,"FIESTA COLOMBINA, S.L.U.",2023→2024,2023,2024,7300037021,Azúcar Blanco EEC Nº2 Caña - Sidul  Portugal,prod_perdido,154739.2,null,-154739.2,140.8,null,1099,null
2850,"AMC NATURAL DRINKS, S.L.",2023→2024,2023,2024,40000,Azúcar Blanco EEC Nº 2,sin_actividad,0,null,0,0.001,null,0,null
9463,"ADIEGO HERMANOS, S.A.",2023→2024,2023,2024,43150,Sorbitol en Polvo,prod_perdido,1467,null,-1467,0.901,null,1628.19,null
246,"CAMPO BETICA, S.L.",2023→2024,2023,2024,61200,Fosvitae 85%,sin_actividad,0,null,0,0.001,null,0,null
3375,"EUROCHOC, S.L.",2023→2024,2023,2024,61185,Mixco Sweet 70-93.0000,vol_precio,17317.92,10741.1,-6576.819999999998,13.24,9.34,1308,1150.01
3552,"VERDU RUIZ, ANTONIO",2023→2024,2023,2024,65005,Azúcar en polvo LS,prod_perdido,20.43,null,-20.43,0.015,null,1362,null
2684,"INDUSTRIAS JIJONENCAS, S.A.",2023→2024,2023,2024,43000,Maltitol Liquido 75-5308,prod_perdido,1495,null,-1495,1.3,null,1150,null
7787,"ONES MAY SABORES, S.L",2023→2024,2023,2024,61201,Fos y Stevia (72º),sin_actividad,0,null,0,0.001,null,0,null
3793,"PERALES GALVEZ, CELESTINO",2023→2024,2023,2024,62001,Apimix - Pienso completo - Apicultura,prod_perdido,270,null,-270,0.25,null,1080,null
8350,"MIGA FOODS COMMERCE, S.L.",2023→2024,2023,2024,99950,Producto de Pruebas Líquido - 1,sin_actividad,0,null,0,0.004,null,0,null
1643,"DULCES ARTESANALES LINARES, S.L",2023→2024,2023,2024,40016,Azúcar Blanco EEC Nº 2,prod_perdido,18460,null,-18460,16,null,1153.75,null
6603,"INDUSTRIAS ALIMENTICIAS SUFLI, S.L.",2023→2024,2023,2024,40103,Azúcar Moreno >2500i - Brown (Dry Dem BLZ),precio,575.2,557.6,-17.600000000000023,0.4,0.4,1438,1394
2728,"BUENDIA ALMAGRO, JUAN FRANCISCO",2023→2024,2023,2024,40201,Azúcar Blanco BIO ES-ECO-024-MU Ag No UE,prod_perdido,68.9,null,-68.9,0.05,null,1378,null
1771,"EL CASERIO, S.A",2023→2024,2023,2024,7300039291,Azúcar Blanco EEC Nº2 Caña - Kampong Speu Camboya,vol_precio,75608.6,95467.3,19858.699999999997,74.86,103.36,1010,923.64
3144,"DALLANT, S.A.",2023→2024,2023,2024,7400002031,Az Bl. EEC Nº2 Remolacha PTE DEST-Tereos Franci,prod_perdido,23688,null,-23688,24,null,987,null
2057,"BACK EUROP ESPAÑA, S.L",2023→2024,2023,2024,40030,Azucar azucarera trimestral,prod_perdido,11043,null,-11043,9,null,1227,null
531,"DESARROLLOS PANADEROS LEVANTINOS, S.L.L.",2023→2024,2023,2024,65005,Azúcar en polvo LS,volumen,6212.03,1694.93,-4517.099999999999,4.365,1.215,1423.15,1395
2664,"HUDISA DESARROLLO INDUSTRIAL, S.A.",2023→2024,2023,2024,60105,"Azúcar PI 73,5-67",sin_actividad,0,null,0,0.001,null,0,null
6575,"YEPES MARTINEZ, HIPOLITO",2023→2024,2023,2024,62001,Apimix - Pienso completo - Apicultura,prod_perdido,270,null,-270,0.25,null,1080,null
4187,"AMILCAR & MORGADO, LDA",2023→2024,2023,2024,44313,Apipasta Vitaminas 90% - Pienso para Apicultura,vol_precio,225999.9,278935.65,52935.75000000003,158.1,239.4,1429.47,1165.14
9620,"BRAVA DRINKS, S.L.",2023→2024,2023,2024,7820022041,Azúcar BIO Remolacha - Italia Zuccheri  Italia,prod_perdido,135.8,null,-135.8,0.1,null,1358,null
716,"PENALVA ALIMENTACION, S.A.",2023→2024,2023,2024,40016,Azúcar Blanco EEC Nº 2,prod_perdido,141000,null,-141000,120,null,1175,null
1513,"AGROBIO, S.L.",2023→2024,2023,2024,42001,Dextrosa C.Monohidrato Maiz Pallet Plast.  CHEP,prod_perdido,4518,null,-4518,3,null,1506,null
517,"DUPAN, S.L.",2023→2024,2023,2024,7500004011,Correfino EEC Nº2 Caña/Rem - Azucarera España,prod_perdido,13963.5,null,-13963.5,11.7,null,1193.46,null
302,"BODEGAS Y DESTILERIAS DEL SUR, S.A.",2023→2024,2023,2024,7400004011,Azúcar Bl. EEC nº2 REMOL - AZUCARERA ESPAÑA,prod_perdido,230520,null,-230520,216,null,1067.22,null
3111,"GOMEZ MARTIN, HUGO",2023→2024,2023,2024,44315,Apipasta PLUS - Pienso para Apicultura,vol_precio,12432,6552,-5880,6.72,5.04,1850,1300
9034,"PEREZ MARTINEZ, MARGARITA",2023→2024,2023,2024,40203,Azúcar BIO 300-500 -ES-ECO-024-MU (Agric No EU),prod_perdido,103.35,null,-103.35,0.075,null,1378,null
7102,"MIEL LLARIA, TCEA",2023→2024,2023,2024,44314,Apipasta 90% - BIO - Pienso completo - Apicultura,prod_perdido,2184,null,-2184,1.05,null,2080,null
6130,HAPPY VALLEY HONEY LIMITED,2023→2024,2023,2024,62025,Apimix 75 PyV - (ENG) Pienso completo – Apicultura,prod_perdido,2330.82,null,-2330.82,2.252,null,1035,null
8476,"ANITIN JEREZ, S.L.U.",2023→2024,2023,2024,40000,Azúcar Blanco EEC Nº 2,prod_perdido,72900,null,-72900,60,null,1215,null
4383,"MANUFRI, S.L.",2023→2024,2023,2024,61212,Mixco Sweet 72-09.6427 B2 SB20,sin_actividad,0,null,0,0.014,null,0,null
459,"VIGARTO, S.L.U.",2023→2024,2023,2024,60010,Azúcar Liquida Neutra S.A.,vol_precio,4333.14,2744.43,-1588.7100000000005,3.62,2.39,1197,1148.3
6235,"ATRILE 21, S.L.",2023→2024,2023,2024,65005,Azúcar en polvo LS,vol_precio,4188.6,1064.7,-3123.9000000000005,2.925,0.975,1432,1092
4892,"COMEX BAKERY, S.L.U.",2023→2024,2023,2024,40000,Azúcar Blanco EEC Nº 2,prod_perdido,1129.5,null,-1129.5,0.9,null,1255,null
874,"COMERCIAL MAPROHELCO, S.L.",2023→2024,2023,2024,7500004011,Correfino EEC Nº2 Caña/Rem - Azucarera España,vol_precio,1071,768,-303,0.9,0.8,1190,960
7612,DPTO. COMERCIAL,2023→2024,2023,2024,44314,Apipasta 90% - BIO - Pienso completo - Apicultura,sin_actividad,0,null,0,0.012,null,0,null
204,"PERNOD RICARD ESPAÑA, S.A.",2023→2024,2023,2024,60010,Azúcar Liquida Neutra S.A.,precio,1297449.12,1205720.2,-91728.92000000016,1613.401,1586.82,804.17,759.83
6645,"TURRONES EL ROMERO, S.A.",2023→2024,2023,2024,61235,Mixco Sweet 74-50.0516,volumen,73846.4,18160.8,-55685.59999999999,78.56,19.32,940,940
9309,"GUTSY CAPTAIN SPAIN, S.L.",2023→2024,2023,2024,40030,Azucar azucarera trimestral,prod_perdido,401.4,null,-401.4,0.3,null,1338,null
419,"DISTRIBUCIONES JAIME SARRION, S.L.",2023→2024,2023,2024,62401,Fondant ES-R02,prod_perdido,385.5,null,-385.5,0.3,null,1285,null
6285,"GALAN DIAZ, JUAN DOMINGO",2023→2024,2023,2024,62001,Apimix - Pienso completo - Apicultura,prod_perdido,1080,null,-1080,1,null,1080,null
3244,"HURTADO VERDU, MIGUEL",2023→2024,2023,2024,40030,Azucar azucarera trimestral,prod_perdido,1204.2,null,-1204.2,0.9,null,1338,null
418,"MANUFACTURAS CEYLAN, S.L.",2023→2024,2023,2024,40103,Azúcar Moreno >2500i - Brown (Dry Dem BLZ),vol_precio,2212.5,5355,3142.5,1.5,4.5,1475,1190
1294,"SOREAL-ILOU, S.A.U.",2023→2024,2023,2024,62150,Jarabe de Melaza de Caña,vol_precio,13334.4,31280,17945.6,9.6,27.2,1389,1150
8641,"GALLETAS GULLÓN, S.A.",2023→2024,2023,2024,7400004011,Azúcar Bl. EEC nº2 REMOL - AZUCARERA ESPAÑA,volumen,2363871.06,468603.2,-1895267.86,2251.14,450.58,1050.08,1040
405,"CHOVI, S.L.",2023→2024,2023,2024,7300039291,Azúcar Blanco EEC Nº2 Caña - Kampong Speu Camboya,vol_precio,51789,226380,174591,49.8,259.2,1039.94,873.38
433,"SANCHIS MIRA, S.A.",2023→2024,2023,2024,7400002031,Az Bl. EEC Nº2 Remolacha PTE DEST-Tereos Franci,vol_precio,12840,43607.52,30767.519999999997,12,52.6,1070,829.04
770,"CASTER ALIMENTACION, S.L.",2023→2024,2023,2024,43100,Sorbitol Liquido 70% No cristalizable,prod_perdido,19287.8,null,-19287.8,11.98,null,1610,null
8532,"LINARES NAVARRO, SERGIO",2023→2024,2023,2024,44301,Azucar Blanco – Materia Prima para Piensos,prod_perdido,133.8,null,-133.8,0.1,null,1338,null
3863,"LA TRADICION M&T, S.L.",2023→2024,2023,2024,41000,Fructosa MAIZ Cristal,prod_perdido,9300,null,-9300,5,null,1860,null
7171,"QUIRANTE FRUITS, S.L.",2023→2024,2023,2024,64506,COMPO LE,precio,29668.19,36455.75,6787.560000000001,25.709,25.782,1154,1414
517,"DUPAN, S.L.",2023→2024,2023,2024,65007,Azúcar en polvo LS Pallet Plast. CHEP,prod_perdido,351.9,null,-351.9,0.255,null,1380,null
2659,"BASCUÑANA GEA, JOSE ANTONIO",2023→2024,2023,2024,44313,Apipasta Vitaminas 90% - Pienso para Apicultura,prod_perdido,418.5,null,-418.5,0.27,null,1550,null
1072,"GALVAN FERNANDEZ HERMANOS, S.L.",2023→2024,2023,2024,7300005081,Azúcar Blanco EEC Nº2 Caña - Cosumar  Marruecos,prod_perdido,51084,null,-51084,47.3,null,1080,null
3961,"JORGE DE JULIAN, JOSE ANTONIO",2023→2024,2023,2024,44315,Apipasta PLUS - Pienso para Apicultura,prod_perdido,277.2,null,-277.2,0.14,null,1980,null
1771,"EL CASERIO, S.A",2023→2024,2023,2024,7300005081,Azúcar Blanco EEC Nº2 Caña - Cosumar  Marruecos,prod_perdido,29484,null,-29484,25.2,null,1170,null
534,"MC CONSTRUCTION CHEMICAL SPAIN, S.L.",2023→2024,2023,2024,7300039291,Azúcar Blanco EEC Nº2 Caña - Kampong Speu Camboya,vol_precio,32220,40022,7802,30,58.8,1074,680.65
9157,"MAK FOOD COMPANY, S.L.",2023→2024,2023,2024,61212,Mixco Sweet 72-09.6427 B2 SB20,prod_perdido,52976,null,-52976,47.31,null,1119.76,null
4187,"AMILCAR & MORGADO, LDA",2023→2024,2023,2024,62001,Apimix - Pienso completo - Apicultura,prod_ganado,-2403.8,20185.68,22589.48,-2.38,18.84,1010,1071.43
6094,"ECOVINAL, S.L.U.",2023→2024,2023,2024,60123,"Azúcar PI 73,5-67 - BIO",volumen,29476.7,2532,-26944.7,27.94,2.4,1055,1055
555,"FORTADUL, S.L.",2023→2024,2023,2024,7300039291,Azúcar Blanco EEC Nº2 Caña - Kampong Speu Camboya,vol_precio,87300,71044.8,-16255.199999999997,90,117.6,970,604.12
432,"CHOCOLATES ALGARRA, S.L.",2023→2024,2023,2024,40113,Azúcar Moreno Brown C,prod_perdido,24070,null,-24070,29,null,830,null
3144,"DALLANT, S.A.",2023→2024,2023,2024,61222,Fosfruit,sin_actividad,0,null,0,0.001,null,0,null
433,"SANCHIS MIRA, S.A.",2023→2024,2023,2024,7300039291,Azúcar Blanco EEC Nº2 Caña - Kampong Speu Camboya,vol_precio,200719.2,261147,60427.79999999999,214.26,365.26,936.8,714.96
297,"TARBAL FOOD, S.L.",2023→2024,2023,2024,7400004011,Azúcar Bl. EEC nº2 REMOL - AZUCARERA ESPAÑA,vol_precio,2772,1030,-1742,2,1,1386,1030
9091,"STOLLER EUROPE, S.L.U.",2023→2024,2023,2024,7300005081,Azúcar Blanco EEC Nº2 Caña - Cosumar  Marruecos,prod_perdido,25080,null,-25080,24,null,1045,null
8350,"MIGA FOODS COMMERCE, S.L.",2023→2024,2023,2024,60105,"Azúcar PI 73,5-67",vol_precio,5220,1500,-3720,3.6,1.2,1450,1250
1173,"FRANMOSAN, S.L.",2023→2024,2023,2024,43050,Maltitol en Polvo,sin_actividad,0,null,0,0.001,null,0,null
6734,"COLONIALES EL SOL, S.L.",2023→2024,2023,2024,7400002031,Az Bl. EEC Nº2 Remolacha PTE DEST-Tereos Franci,sin_cambio,2628,2616,-12,2.4,2.4,1095,1090
933,"DULCESTEPA, S.A.",2023→2024,2023,2024,7500004011,Correfino EEC Nº2 Caña/Rem - Azucarera España,prod_perdido,23650,null,-23650,22,null,1075,null
1529,"DULCESA, S.L. UNIPERSONAL",2023→2024,2023,2024,40355,"Azúcar Granulado 0,6mm a 1mm",sin_actividad,0,null,0,0.001,null,0,null
6467,"CATALINA FOOD SOLUTIONS, S.L.",2023→2024,2023,2024,7300037021,Azúcar Blanco EEC Nº2 Caña - Sidul  Portugal,sin_actividad,0,null,0,0.005,null,0,null
1854,"ROYPAS BY NUTRIS, S.A.",2023→2024,2023,2024,40016,Azúcar Blanco EEC Nº 2,prod_perdido,245745,null,-245745,215,null,1143,null
9157,"MAK FOOD COMPANY, S.L.",2023→2024,2023,2024,64096,Mixco Sweet 70-01.5050 Caña,sin_actividad,null,null,0,125.02,277.04,null,null
7440,"LOPEZ FOOD GROUP, S.L.",2023→2024,2023,2024,40000,Azúcar Blanco EEC Nº 2,prod_perdido,644346,null,-644346,554,null,1163.08,null
566,"ALMACENES MIGUEZ 2005,S.L.",2023→2024,2023,2024,44315,Apipasta PLUS - Pienso para Apicultura,vol_precio,48700.51,28312.2,-20388.31,25.536,24.653,1907.13,1148.43
225,"FRUTAS Y CONSERVAS DE MURCIA, S.L.",2023→2024,2023,2024,61220,Mixco Sweet 65-00.5050,vol_precio,51051,18002.04,-33048.96,48.62,24.36,1050,739
8795,"ADISTAFARMA, S.L.",2023→2024,2023,2024,43003,Maltitol 55/75,prod_perdido,11622,null,-11622,7.8,null,1490,null
9097,"CAFES MIÑANA, S.A.",2023→2024,2023,2024,73001,Azúcar Blanco EEC Nº2 Caña- PAPEL SERIGRAFIADO ZK,prod_perdido,1210,null,-1210,1,null,1210,null
9390,FINN SPRING OY,2023→2024,2023,2024,41000,Fructosa MAIZ Cristal,prod_perdido,40.38,null,-40.38,0.025,null,1615.2,null
614,"MANUFACTURAS TABERNER,S.A.",2023→2024,2023,2024,42000,Dextrosa Cristal Monohidrato Maiz,prod_perdido,21442.5,null,-21442.5,22.5,null,953,null
7600,"RODRIGUEZ LOZANO, FRANCISCO JAVIER",2023→2024,2023,2024,44315,Apipasta PLUS - Pienso para Apicultura,prod_perdido,63.84,null,-63.84,0.028,null,2280,null
8304,"GALLEGO MOLERO,FERMIN ",2023→2024,2023,2024,44310,Apipasta 90% - Pienso completo - Apicultura,prod_perdido,1459.5,null,-1459.5,1.05,null,1390,null
9446,"ALIMENTARIA ADIN, S.L.",2023→2024,2023,2024,40000,Azúcar Blanco EEC Nº 2,sin_actividad,0,null,0,0.001,null,0,null
3595,"CALATAYUD MIRO, SALVADOR",2023→2024,2023,2024,44313,Apipasta Vitaminas 90% - Pienso para Apicultura,prod_perdido,46.5,null,-46.5,0.03,null,1550,null
7379,"EARTH-MIND BUSINESS GROUP, S.L.",2023→2024,2023,2024,61209,Mixco Sweet 74-53.2323 M,sin_actividad,0,null,0,0.001,null,0,null
7059,"NUFRI, S.A.T. Nº 1596",2023→2024,2023,2024,44099,Fructor 100/78,vol_precio,167526.36,270307.64,102781.28000000003,97.74,243.42,1714,1110.46
9250,"GUERRERO BERMEJO, JUAN",2023→2024,2023,2024,44315,Apipasta PLUS - Pienso para Apicultura,prod_perdido,95.76,null,-95.76,0.042,null,2280,null
471,"FADICAMO, S.A.",2023→2024,2023,2024,7300007131,Azúcar Blanco EEC Nº2 Caña - Cassa  El Salvador,prod_perdido,80860,null,-80860,70,null,1155.14,null
9157,"MAK FOOD COMPANY, S.L.",2023→2024,2023,2024,64095,Mixco Sweet 70-50.2525 100 Icu,prod_ganado,null,95823.16,95823.16,225.58,208.38,null,459.85
614,"MANUFACTURAS TABERNER,S.A.",2023→2024,2023,2024,7400002031,Az Bl. EEC Nº2 Remolacha PTE DEST-Tereos Franci,prod_perdido,11032,null,-11032,11.2,null,985,null
9227,"APICOLA LIEBANA DULCE, S. C.",2023→2024,2023,2024,62001,Apimix - Pienso completo - Apicultura,prod_perdido,2160,null,-2160,2,null,1080,null
8641,"GALLETAS GULLÓN, S.A.",2023→2024,2023,2024,61222,Fosfruit,sin_actividad,0,null,0,0.001,null,0,null
517,"DUPAN, S.L.",2023→2024,2023,2024,7300016111,Azúcar Blanco EEC Nº2 Caña - Santa Ana Guatemala,prod_perdido,3570,null,-3570,3,null,1190,null
9454,"GARCIA TORTOSA, JULIAN",2023→2024,2023,2024,44314,Apipasta 90% - BIO - Pienso completo - Apicultura,prod_perdido,436.8,null,-436.8,0.21,null,2080,null
433,"SANCHIS MIRA, S.A.",2023→2024,2023,2024,62400,Fondant ES-R01,prod_perdido,1544.64,null,-1544.64,0.96,null,1609,null
448,"ESGIR, S.L.",2023→2024,2023,2024,40000,Azúcar Blanco EEC Nº 2,prod_perdido,26334,null,-26334,23.1,null,1140,null
6376,"ANAYA CILLEROS, LIDIA",2023→2024,2023,2024,44313,Apipasta Vitaminas 90% - Pienso para Apicultura,prod_perdido,627.75,null,-627.75,0.405,null,1550,null
1202,"APIGLASS ENVAS. Y MAT. APICOLA, S.L.",2023→2024,2023,2024,44315,Apipasta PLUS - Pienso para Apicultura,precio,3427.2,2184,-1243.1999999999998,1.68,1.68,2040,1300
775,"NATRA CACAO,S.L.",2023→2024,2023,2024,40000,Azúcar Blanco EEC Nº 2,prod_perdido,1238372.77,null,-1238372.77,1318.54,null,939.2,null
827,"TOMAS JIMENEZ, IGNACIO GERMAN",2023→2024,2023,2024,42000,Dextrosa Cristal Monohidrato Maiz,vol_precio,1234.3,314,-920.3,0.7,0.2,1763.29,1570
3793,"PERALES GALVEZ, CELESTINO",2023→2024,2023,2024,44313,Apipasta Vitaminas 90% - Pienso para Apicultura,prod_perdido,69.75,null,-69.75,0.045,null,1550,null
436,"TURRONES JOSE GARRIGOS, S.A.",2023→2024,2023,2024,7300005081,Azúcar Blanco EEC Nº2 Caña - Cosumar  Marruecos,prod_perdido,48900,null,-48900,46,null,1063.04,null
261,"EZTIKIDETZA, S.A.T.",2023→2024,2023,2024,44310,Apipasta 90% - Pienso completo - Apicultura,vol_precio,1522.5,2499,976.5,1.05,2.1,1450,1190
609,"ALBORCHATA,S.L.",2023→2024,2023,2024,7300007131,Azúcar Blanco EEC Nº2 Caña - Cassa  El Salvador,prod_perdido,19854,null,-19854,18,null,1103,null
8924,"LOPEZ CARRILLO, FRANCISCO MANUEL",2023→2024,2023,2024,7300039291,Azúcar Blanco EEC Nº2 Caña - Kampong Speu Camboya,prod_perdido,23.8,null,-23.8,0.02,null,1190,null
471,"FADICAMO, S.A.",2023→2024,2023,2024,62150,Jarabe de Melaza de Caña,sin_actividad,0,null,0,0.001,null,0,null
6323,SARL BABE APICULTURE ET EMBALLAGES,2023→2024,2023,2024,44314,Apipasta 90% - BIO - Pienso completo - Apicultura,vol_precio,6504.75,3465,-3039.75,3.15,2.1,2065,1650
9183,"VIVER KOMBUCHA, S.L.",2023→2024,2023,2024,60011,Azúcar Líquida Integral de Caña,sin_actividad,0,null,0,0.001,null,0,null
9151,SARL L'ABEILLE DU MIDI,2023→2024,2023,2024,44310,Apipasta 90% - Pienso completo - Apicultura,precio,1522.5,1092,-430.5,1.05,1.05,1450,1040
432,"CHOCOLATES ALGARRA, S.L.",2023→2024,2023,2024,73001,Azúcar Blanco EEC Nº2 Caña- PAPEL SERIGRAFIADO ZK,prod_perdido,4552,null,-4552,4,null,1138,null
1241,"ACEITES DEL SUR-COOSUR, S.A.",2023→2024,2023,2024,61200,Fosvitae 85%,prod_perdido,4251.7,null,-4251.7,1.22,null,3485,null
6196,"APITIENDA SOLTAN, S.L.",2023→2024,2023,2024,44313,Apipasta Vitaminas 90% - Pienso para Apicultura,vol_precio,29326.5,13471.5,-15855,19.95,9.45,1470,1425.56
8432,"NAVARRO GIMENO, VICENTE ",2023→2024,2023,2024,44313,Apipasta Vitaminas 90% - Pienso para Apicultura,prod_perdido,209.25,null,-209.25,0.135,null,1550,null
535,"FRIMAR PANADEROS, S.L.",2023→2024,2023,2024,7300005081,Azúcar Blanco EEC Nº2 Caña - Cosumar  Marruecos,vol_precio,256700.8,16816,-239884.8,220.98,16,1161.65,1051
5523,"ADDKEM SPECIALTIES, S.L.U.",2023→2024,2023,2024,44015,Fructor 10/77,sin_actividad,0,null,0,0.002,null,0,null
3071,"NAVARRO OLIVA, BERNABE",2023→2024,2023,2024,44301,Azucar Blanco – Materia Prima para Piensos,vol_precio,2880,1536,-1344,3,2.4,960,640
484,"PRODUCTOS LA PILARICA, S.A.",2023→2024,2023,2024,7110009141,Azúcar Moreno >2500i - ASR  Belice,prod_perdido,250,null,-250,0.2,null,1250,null
9097,"CAFES MIÑANA, S.A.",2023→2024,2023,2024,7400002031,Az Bl. EEC Nº2 Remolacha PTE DEST-Tereos Franci,prod_perdido,2380,null,-2380,2,null,1190,null
3225,"SURIVAN FEEL THE TASTE, S.L.",2023→2024,2023,2024,65015,Azúcar en polvo LM,vol_precio,17752.8,102866.4,85113.59999999999,15.6,99.45,1138,1034.35
2392,"COATO, S.C.L.",2023→2024,2023,2024,40207,Azúcar BIO <45 ES-ECO-024-MU Ag UE REMOLACHA,precio,135.8,125,-10.800000000000011,0.1,0.1,1358,1250
1252,"APIGALOES, S.C.",2023→2024,2023,2024,44315,Apipasta PLUS - Pienso para Apicultura,prod_perdido,4737.6,null,-4737.6,2.52,null,1880,null
3154,"FRIAS NUTRICION, S.A.",2023→2024,2023,2024,7800013151,Azúcar BIO Caña - Elite NOP  India,prod_perdido,17244,null,-17244,12,null,1437,null
4561,"AGRICOM, S.R.L.",2023→2024,2023,2024,44314,Apipasta 90% - BIO - Pienso completo - Apicultura,vol_precio,17355.45,35303.1,17947.649999999998,8.4,22.05,2066.12,1601.05
2007,"PAREDES CEREZO, MIGUEL ANGEL",2023→2024,2023,2024,44120,Glucor 45/80,prod_perdido,45513.17,null,-45513.17,35.922,null,1267,null
1853,"GÓMEZ ROBLES, MIGUEL",2023→2024,2023,2024,44315,Apipasta PLUS - Pienso para Apicultura,vol_precio,2845.92,9973.55,7127.629999999999,1.414,6.803,2012.67,1466.05
6151,"FRULACT, S.A.",2023→2024,2023,2024,7300039291,Azúcar Blanco EEC Nº2 Caña - Kampong Speu Camboya,sin_actividad,0,null,0,0.001,null,0,null
4406,"BELMAR GRAU, JONATAN",2023→2024,2023,2024,44313,Apipasta Vitaminas 90% - Pienso para Apicultura,prod_perdido,488.25,null,-488.25,0.315,null,1550,null
1386,"SCENTIUM FLAVOURS, S.L",2023→2024,2023,2024,43000,Maltitol Liquido 75-5308,sin_actividad,0,null,0,0.001,null,0,null
528,"MANUFACTURAS COVISAL, S.L.",2023→2024,2023,2024,40025,Azucar Azucarera Spot,prod_perdido,3726,null,-3726,2.7,null,1380,null
2577,"IMPORTACO CASA PONS, S.A.U.",2023→2024,2023,2024,40030,Azucar azucarera trimestral,prod_perdido,9093.6,null,-9093.6,7.2,null,1263,null
542,"SDAD.ESPAÑOLA COLOR. NATURALES Y AFINES, S.A.U.",2023→2024,2023,2024,7500004011,Correfino EEC Nº2 Caña/Rem - Azucarera España,volumen,24984,71829,46845,24,69,1041,1041
2577,"IMPORTACO CASA PONS, S.A.U.",2023→2024,2023,2024,7110009141,Azúcar Moreno >2500i - ASR  Belice,sin_actividad,0,null,0,0.025,null,0,null
535,"FRIMAR PANADEROS, S.L.",2023→2024,2023,2024,40000,Azúcar Blanco EEC Nº 2,prod_perdido,533828.85,null,-533828.85,463.719,null,1151.19,null
3154,"FRIAS NUTRICION, S.A.",2023→2024,2023,2024,44093,Fructor 100/80,vol_precio,508668.6,23784.4,-484884.19999999995,335.76,24.52,1514.98,970
8247,"ALLJUICEMED, S.L.",2023→2024,2023,2024,61269,Mixco Sweet 68-20.4040,sin_actividad,0,null,0,0.008,null,0,null
9157,"MAK FOOD COMPANY, S.L.",2023→2024,2023,2024,61274,Mixco Sweet 72-53.2323,prod_perdido,66836.56,null,-66836.56,67.24,null,994,null
481,"EL CATETO, S.L.",2023→2024,2023,2024,40000,Azúcar Blanco EEC Nº 2,prod_perdido,146768,null,-146768,141.2,null,1039.43,null
5981,"MAHOU, S.A.",2023→2024,2023,2024,60000,Azúcar Líquida Neutra 67º,prod_perdido,4410,null,-4410,3.6,null,1225,null
1854,"ROYPAS BY NUTRIS, S.A.",2023→2024,2023,2024,44002,Glucor 45/80 Bio ES-ECO-024-MU,prod_perdido,134653.28,null,-134653.28,73.76,null,1825.56,null
7611,DPTO. CALIDAD,2023→2024,2023,2024,99950,Producto de Pruebas Líquido - 1,sin_actividad,0,null,0,0.008,null,0,null
9429,TARTAS ANCANO S.L.,2023→2024,2023,2024,60105,"Azúcar PI 73,5-67",vol_precio,1668,3228,1560,1.2,2.4,1390,1345
8507,PSIQUIS INNOVA S.L.N.E.,2023→2024,2023,2024,61173,Mix Maltitol Stevia 75%,sin_actividad,0,null,0,0.004,null,0,null
769,"ANGEL CAMACHO ALIMENTACION, S.L.",2023→2024,2023,2024,7300037021,Azúcar Blanco EEC Nº2 Caña - Sidul  Portugal,vol_precio,9040,85958.4,76918.4,8,88.8,1130,968
7615,"LOPEZ CANTERO, MANUEL",2023→2024,2023,2024,62001,Apimix - Pienso completo - Apicultura,prod_perdido,540,null,-540,0.5,null,1080,null
3699,"GONZALEZ CARBALLAL, S.L.",2023→2024,2023,2024,62020,Mix Fructor Apicultor - Pienso completo - Apicult.,vol_precio,59881.74,109057.19,49175.450000000004,65.33,124.09,916.6,878.86
592,"FRAMAJOVA, S.L",2023→2024,2023,2024,65015,Azúcar en polvo LM,vol_precio,104352.97,163233.6,58880.630000000005,74.805,131.64,1395,1240
3382,"GARCIA ESPADA, JOSE JULIAN",2023→2024,2023,2024,44310,Apipasta 90% - Pienso completo - Apicultura,prod_perdido,688.5,null,-688.5,0.45,null,1530,null
422,"HERMANOS LOPEZ LLORET, S.A.",2023→2024,2023,2024,7300008021,Azúcar Blanco EEC Nº2 Caña - RAR  Portugal,prod_perdido,24000,null,-24000,24,null,1000,null
506,"ACEITES LA CANAL, S.A.",2023→2024,2023,2024,7500004011,Correfino EEC Nº2 Caña/Rem - Azucarera España,prod_perdido,25272,null,-25272,24.3,null,1040,null
3855,"APIFERSA APICOLA, S.L.",2023→2024,2023,2024,44313,Apipasta Vitaminas 90% - Pienso para Apicultura,prod_perdido,9450,null,-9450,6.3,null,1500,null
1041,"HERRERO ABARCA, JOSE MARIA",2023→2024,2023,2024,62001,Apimix - Pienso completo - Apicultura,prod_perdido,1320,null,-1320,1.2,null,1100,null
7558,HARINAS CASTILLA LA MANCHA S.L,2023→2024,2023,2024,43000,Maltitol Liquido 75-5308,prod_perdido,42528.2,null,-42528.2,28.6,null,1487,null
271,"LABORATORIOS ALMOND, S.L.",2023→2024,2023,2024,65020,Azúcar en polvo SG - LM Micronizada,prod_perdido,83.2,null,-83.2,0.065,null,1280,null
1304,"EMPRESA DE TRANSFORMACIÓN AGRARIA, S.A., S.M.E., M.P (TRAGSA)",2023→2024,2023,2024,7300007131,Azúcar Blanco EEC Nº2 Caña - Cassa  El Salvador,prod_perdido,2700,null,-2700,2,null,1350,null
481,"EL CATETO, S.L.",2023→2024,2023,2024,40016,Azúcar Blanco EEC Nº 2,prod_perdido,7020,null,-7020,6,null,1170,null
2195,"GARCIA GOMEZ, LAZARO",2023→2024,2023,2024,62000,Mix Idoneo - Pienso Completo - Apicultura,prod_perdido,2760,null,-2760,2.4,null,1150,null
2832,DULCES LA ABUELA COOP VNA,2023→2024,2023,2024,7300007131,Azúcar Blanco EEC Nº2 Caña - Cassa  El Salvador,prod_perdido,23690,null,-23690,23,null,1030,null
7541,"SANCHEZ LORBADA, S.L.",2023→2024,2023,2024,7300039291,Azúcar Blanco EEC Nº2 Caña - Kampong Speu Camboya,prod_perdido,26400,null,-26400,24,null,1100,null
3921,"IBERFRUTA MUERZA, S.A.",2023→2024,2023,2024,7300008021,Azúcar Blanco EEC Nº2 Caña - RAR  Portugal,prod_perdido,49920,null,-49920,48,null,1040,null
1513,"AGROBIO, S.L.",2023→2024,2023,2024,62007,Mix Abejorros 60-30.4028 Pienso Completo - Apicult,vol_precio,698355.12,295241.9,-403113.22,826.48,362.26,844.98,815
9168,"BIO ALIMENTOS DE MURCIA, S.L.",2023→2024,2023,2024,40203,Azúcar BIO 300-500 -ES-ECO-024-MU (Agric No EU),prod_perdido,7506,null,-7506,4.8,null,1563.75,null
1252,"APIGALOES, S.C.",2023→2024,2023,2024,44301,Azucar Blanco – Materia Prima para Piensos,vol_precio,26120,3222,-22898,28.4,3.6,919.72,895
9164,"GARCIA GOMEZ, JUAN MIGUEL",2023→2024,2023,2024,44313,Apipasta Vitaminas 90% - Pienso para Apicultura,prod_perdido,232.5,null,-232.5,0.15,null,1550,null
412,"MARIN MONTEJANO, S.A.",2023→2024,2023,2024,60000,Azúcar Líquida Neutra 67º,prod_perdido,73408.8,null,-73408.8,95.64,null,767.55,null
876,"DULPESAN, S.L.",2023→2024,2023,2024,41000,Fructosa MAIZ Cristal,prod_perdido,378,null,-378,0.2,null,1890,null
1592,"APICOLA TARRAGONINA, S.C.C.L",2023→2024,2023,2024,44301,Azucar Blanco – Materia Prima para Piensos,prod_perdido,5950,null,-5950,5,null,1190,null
5787,"FALCON, S.A.",2023→2024,2023,2024,61218,Fosvitae 85 % BIO,prod_perdido,45529.32,null,-45529.32,7.22,null,6306,null
6399,"NOVA NOVA, GREGORIO",2023→2024,2023,2024,42000,Dextrosa Cristal Monohidrato Maiz,prod_perdido,460,null,-460,0.25,null,1840,null
2473,"TORRE ORIA, S.L.U.",2023→2024,2023,2024,7300016111,Azúcar Blanco EEC Nº2 Caña - Santa Ana Guatemala,prod_perdido,25784,null,-25784,22,null,1172,null
9446,"ALIMENTARIA ADIN, S.L.",2023→2024,2023,2024,7400048311,Az. Bl. EEC nº2 Remol PTE DEST-Agrana Leop Austria,volumen,9044,2142,-6902,7.6,1.8,1190,1190
401,"SOLER GIMENO, S.L.",2023→2024,2023,2024,7400014061,Azúcar Bl. EEC nº2 REMOL - PODYLLA FOOD C. UCRANIA,prod_perdido,27216,null,-27216,25.2,null,1080,null
1787,"DULCES DEL TURIA, S.L.",2023→2024,2023,2024,7400002031,Az Bl. EEC Nº2 Remolacha PTE DEST-Tereos Franci,vol_precio,1808,5280,3472,1.6,6.4,1130,825
6338,CENTRO NAC. TECNOLOGIA Y SEGURIDAD ALIMENTARIA,2023→2024,2023,2024,40000,Azúcar Blanco EEC Nº 2,sin_actividad,0,null,0,0.012,null,0,null
1551,"MENSAJERO ALIMENTACION, S.L",2023→2024,2023,2024,7300039291,Azúcar Blanco EEC Nº2 Caña - Kampong Speu Camboya,prod_perdido,46296,null,-46296,48,null,964.5,null
762,"VIOKOX, S.A",2023→2024,2023,2024,7110009141,Azúcar Moreno >2500i - ASR  Belice,sin_actividad,0,null,0,0.001,null,0,null
430,"MONZO LUIS, S.L.",2023→2024,2023,2024,7300039291,Azúcar Blanco EEC Nº2 Caña - Kampong Speu Camboya,vol_precio,12210,119433.8,107223.8,11,142.24,1110,839.66
4561,"AGRICOM, S.R.L.",2023→2024,2023,2024,62001,Apimix - Pienso completo - Apicultura,vol_precio,4200.64,4908.96,708.3199999999997,3.338,5.04,1258.43,974
5292,"RAMON CUSINE HILL, S.A.U.",2023→2024,2023,2024,42000,Dextrosa Cristal Monohidrato Maiz,vol_precio,17291.25,27543.75,10252.5,11.25,28.75,1537,958.04
450,"LA FLOR BURGALESA, S.L.",2023→2024,2023,2024,44015,Fructor 10/77,prod_perdido,23244,null,-23244,15.6,null,1490,null
8350,"MIGA FOODS COMMERCE, S.L.",2023→2024,2023,2024,44131,Glucor 37/79,prod_perdido,34026,null,-34026,21.4,null,1590,null
1075,AGRUPACION MURCIANA APICULTORES PROFESIONALES,2023→2024,2023,2024,44313,Apipasta Vitaminas 90% - Pienso para Apicultura,prod_perdido,132.3,null,-132.3,0.09,null,1470,null
8843,"SAIZ MARTINEZ, RUBEN",2023→2024,2023,2024,44310,Apipasta 90% - Pienso completo - Apicultura,prod_perdido,68.85,null,-68.85,0.045,null,1530,null
8247,"ALLJUICEMED, S.L.",2023→2024,2023,2024,61271,Mixco Sweet 68-00.5050 RC,prod_perdido,91231.92,null,-91231.92,92.34,null,988,null
1592,"APICOLA TARRAGONINA, S.C.C.L",2023→2024,2023,2024,44015,Fructor 10/77,prod_perdido,3480,null,-3480,2.4,null,1450,null
4542,"COMERCIAL FONT, C.B.",2023→2024,2023,2024,7110009141,Azúcar Moreno >2500i - ASR  Belice,prod_perdido,287,null,-287,0.2,null,1435,null
9286,"LAQTIA, S.L.",2023→2024,2023,2024,7400048311,Az. Bl. EEC nº2 Remol PTE DEST-Agrana Leop Austria,prod_perdido,30288,null,-30288,28.8,null,1051.67,null
5428,"CLEMENTE SANZ, AURORA",2023→2024,2023,2024,44313,Apipasta Vitaminas 90% - Pienso para Apicultura,vol_precio,279,65.25,-213.75,0.18,0.045,1550,1450
9286,"LAQTIA, S.L.",2023→2024,2023,2024,7300005081,Azúcar Blanco EEC Nº2 Caña - Cosumar  Marruecos,vol_precio,50880,13728,-37152,48,14.3,1060,960
396,"AGROTRANSFORMADOS, S.A.",2023→2024,2023,2024,60000,Azúcar Líquida Neutra 67º,vol_precio,474018.1,281520.42,-192497.68,596.08,461.38,795.23,610.17
1241,"ACEITES DEL SUR-COOSUR, S.A.",2023→2024,2023,2024,7300005081,Azúcar Blanco EEC Nº2 Caña - Cosumar  Marruecos,vol_precio,55920,21528,-34392,48,24,1165,897
618,"BAYOGAR, S.L.",2023→2024,2023,2024,40016,Azúcar Blanco EEC Nº 2,prod_perdido,87935.12,null,-87935.12,71.96,null,1222,null
8553,"NATURAL BEE SPAIN, S.L",2023→2024,2023,2024,7200017111,>45 ICUMSA - Palo Gordo Guatemala,prod_perdido,1900,null,-1900,2,null,950,null
7115,"RIVERBEND ESPAÑA, S.A",2023→2024,2023,2024,61208,Mixco Sweet 74-00.5050 I,prod_perdido,23677.92,null,-23677.92,15.66,null,1512,null
920,"FONT SALEM, S.L.",2023→2024,2023,2024,7500004011,Correfino EEC Nº2 Caña/Rem - Azucarera España,prod_perdido,1215,null,-1215,0.9,null,1350,null
1747,"FRUIT TECH NATURAL, S.A.",2023→2024,2023,2024,61208,Mixco Sweet 74-00.5050 I,vol_precio,334830.34,242789.96,-92040.38000000003,250.06,198.52,1339,1223
2057,"BACK EUROP ESPAÑA, S.L",2023→2024,2023,2024,65005,Azúcar en polvo LS,vol_precio,21715.2,9950.85,-11764.35,14.625,7.725,1484.8,1288.14
1304,"EMPRESA DE TRANSFORMACIÓN AGRARIA, S.A., S.M.E., M.P (TRAGSA)",2023→2024,2023,2024,7300016111,Azúcar Blanco EEC Nº2 Caña - Santa Ana Guatemala,prod_perdido,2700,null,-2700,2,null,1350,null
3225,"SURIVAN FEEL THE TASTE, S.L.",2023→2024,2023,2024,62154,Mixco Sweet 80-31.3233 JM,vol_precio,36475.01,36527.21,52.19999999999709,26.508,27.829,1376,1312.56
2832,DULCES LA ABUELA COOP VNA,2023→2024,2023,2024,44015,Fructor 10/77,prod_perdido,20880,null,-20880,14.4,null,1450,null
279,"DULCES Y GOLOSINAS GLORIA, S.L.",2023→2024,2023,2024,44120,Glucor 45/80,prod_perdido,89563.55,null,-89563.55,74.04,null,1209.66,null
1538,"GOMEZ SILLERO, JOSE ANTONIO",2023→2024,2023,2024,44310,Apipasta 90% - Pienso completo - Apicultura,prod_perdido,3150,null,-3150,2.1,null,1500,null
2525,"COMERCIAL APICOLA ROSSEND MARGALEF, S.L.",2023→2024,2023,2024,44313,Apipasta Vitaminas 90% - Pienso para Apicultura,prod_perdido,4630.5,null,-4630.5,3.15,null,1470,null
418,"MANUFACTURAS CEYLAN, S.L.",2023→2024,2023,2024,65013,Azúcar en polvo LS Pallet Plast. CHEP 100x120,vol_precio,65076,88838.25,23762.25,44.88,86.175,1450,1030.91
3225,"SURIVAN FEEL THE TASTE, S.L.",2023→2024,2023,2024,60105,"Azúcar PI 73,5-67",sin_cambio,3168,3168,0,2.4,2.4,1320,1320
8349,"AGOTZAINA, S.L.",2023→2024,2023,2024,43050,Maltitol en Polvo,prod_perdido,7006.5,null,-7006.5,2.7,null,2595,null
9157,"MAK FOOD COMPANY, S.L.",2023→2024,2023,2024,61207,Mixco Sweet 74-00.5050 M1,volumen,349707.96,849142.06,499434.10000000003,228.125,556.357,1532.97,1526.25
6286,COOPERATIVE APICOP,2023→2024,2023,2024,62001,Apimix - Pienso completo - Apicultura,prod_perdido,4368,null,-4368,3.36,null,1300,null
6365,S.C.A. CAMPO MUSEO DE LA MIEL RANCHO CORTESANO,2023→2024,2023,2024,44314,Apipasta 90% - BIO - Pienso completo - Apicultura,vol_precio,4147.2,2152.5,-1994.6999999999998,1.95,1.05,2126.77,2050
397,"DISTRIBUCIONES ACEMAN, S.L.",2023→2024,2023,2024,7500004011,Correfino EEC Nº2 Caña/Rem - Azucarera España,prod_perdido,54772.2,null,-54772.2,48.6,null,1127,null
5679,"AB MAURI FOOD, S.A.",2023→2024,2023,2024,7220032231,Raw Sugar <2500ICUMSA - Eswatini Ubombo Sugar,sin_actividad,0,null,0,0.001,null,0,null
6891,"ENCINAS MARQUEZ, FERNANDO",2023→2024,2023,2024,62001,Apimix - Pienso completo - Apicultura,prod_perdido,270,null,-270,0.25,null,1080,null
1592,"APICOLA TARRAGONINA, S.C.C.L",2023→2024,2023,2024,44306,Fructor 10/77 - Pienso completo – Apicultura,prod_perdido,1776,null,-1776,1.2,null,1480,null
7617,"SANCHO MUNIESA, EMILIO",2023→2024,2023,2024,44313,Apipasta Vitaminas 90% - Pienso para Apicultura,prod_perdido,1627.5,null,-1627.5,1.05,null,1550,null
8258,"BRIOIXPAN, S.L.",2023→2024,2023,2024,40000,Azúcar Blanco EEC Nº 2,prod_perdido,20341.5,null,-20341.5,19.1,null,1065,null
9315,"BALLESTEROS MARTINEZ-ALCOCER, LUIS ",2023→2024,2023,2024,62001,Apimix - Pienso completo - Apicultura,prod_perdido,425.04,null,-425.04,0.308,null,1380,null
317,"ESTUCHADOS FANNY, S.L.",2023→2024,2023,2024,7300005081,Azúcar Blanco EEC Nº2 Caña - Cosumar  Marruecos,vol_precio,1226.5,6750,5523.5,1.1,9,1115,750
6244,"RJMV - PROJECTOS, PRODUCTOS E COMERCIO, LDA",2023→2024,2023,2024,40207,Azúcar BIO <45 ES-ECO-024-MU Ag UE REMOLACHA,prod_perdido,2610,null,-2610,2,null,1305,null
5787,"FALCON, S.A.",2023→2024,2023,2024,62153,Jarabe de Melaza de caña (ENG),vol_precio,3307.2,5520,2212.8,3.6,4.8,918.67,1150
8836,"AGROCENTROS LEON, S.L.",2023→2024,2023,2024,62020,Mix Fructor Apicultor - Pienso completo - Apicult.,vol_precio,2164,8553,6389,2,10.65,1082,803.1
4383,"MANUFRI, S.L.",2023→2024,2023,2024,61283,Mixco Sweet 67-00.5050 M2,vol_precio,145908.84,83670,-62238.84,82.16,48.62,1775.91,1720.9
8093,"FERTILIZANTES ORGÁNICOS DEL MEDITERRÁNEO, S.L.",2023→2024,2023,2024,44015,Fructor 10/77,prod_perdido,3612,null,-3612,2.4,null,1505,null
283,"BOLLERIA BJV, S.L.",2023→2024,2023,2024,7110009141,Azúcar Moreno >2500i - ASR  Belice,sin_actividad,0,null,0,0.001,null,0,null
5998,"FRANCISCO ARAGON, S.L.U.",2023→2024,2023,2024,44120,Glucor 45/80,prod_perdido,1758,null,-1758,1.202,null,1462.56,null
7342,"CAMPOMAR NATURE, S.L.",2023→2024,2023,2024,7810033151,Azúcar BIO 300-500 ICUMSA Elite India,prod_perdido,1305,null,-1305,0.9,null,1450,null
7252,"MORENO ORTEGA, ENRIQUE",2023→2024,2023,2024,41000,Fructosa MAIZ Cristal,prod_perdido,94.6,null,-94.6,0.05,null,1892,null
8247,"ALLJUICEMED, S.L.",2023→2024,2023,2024,64094,Mixco Sweet 72-53.2323 100 Icu,prod_ganado,null,404706.3,404706.3,1103.89,1796.734,null,225.25
2577,"IMPORTACO CASA PONS, S.A.U.",2023→2024,2023,2024,40000,Azúcar Blanco EEC Nº 2,prod_perdido,296145.18,null,-296145.18,241.685,null,1225.34,null
385,"BIOMIP BIOLOGICAL QUALITY, S.L.",2023→2024,2023,2024,62004,Mix Abejorros 65-30.4028 Pienso Completo - Apicult,vol_precio,213080.7,231577.68,18496.97999999998,223.76,292.96,952.27,790.48
9290,SWEET INGREDIENTS GMBH,2023→2024,2023,2024,61200,Fosvitae 85%,sin_actividad,0,null,0,0.001,null,0,null
609,"ALBORCHATA,S.L.",2023→2024,2023,2024,7300005081,Azúcar Blanco EEC Nº2 Caña - Cosumar  Marruecos,vol_precio,54072,27976,-26096,48,29.6,1126.5,945.14
1289,"FRITOPER, S.L.",2023→2024,2023,2024,40000,Azúcar Blanco EEC Nº 2,sin_actividad,0,null,0,0.001,null,0,null
2908,"PRODUCTOS JOSMAN, S.L.",2023→2024,2023,2024,7300005081,Azúcar Blanco EEC Nº2 Caña - Cosumar  Marruecos,prod_perdido,53533.7,null,-53533.7,45.1,null,1187,null
8836,"AGROCENTROS LEON, S.L.",2023→2024,2023,2024,62001,Apimix - Pienso completo - Apicultura,prod_ganado,0,789.6,789.6,0.01,0.85,0,928.94
5827,"ORGANICOS SANGONERA, S.L.",2023→2024,2023,2024,41000,Fructosa MAIZ Cristal,prod_perdido,273.3,null,-273.3,0.15,null,1822,null
7755,SAS LA CHENERAIE,2023→2024,2023,2024,44310,Apipasta 90% - Pienso completo - Apicultura,vol_precio,42664.5,49350,6685.5,29.7,42.6,1436.52,1158.45
6869,"ALLTECH SPAIN, S.L.",2023→2024,2023,2024,44335,Azúcar Blanco BIO MP para piensos,prod_perdido,1192,null,-1192,0.8,null,1490,null
933,"DULCESTEPA, S.A.",2023→2024,2023,2024,7300005081,Azúcar Blanco EEC Nº2 Caña - Cosumar  Marruecos,vol_precio,27950,8376,-19574,26,12,1075,698
215,"MARTIN BRAUN, S.A.",2023→2024,2023,2024,7300005081,Azúcar Blanco EEC Nº2 Caña - Cosumar  Marruecos,vol_precio,135078,176196.8,41118.79999999999,141,180,958,978.87
5710,"BEACHOGA DHUN NA NGALL; DONEGAL BEES, LTD.",2023→2024,2023,2024,44310,Apipasta 90% - Pienso completo - Apicultura,vol_precio,14763,15771,1008,10.5,12.6,1406,1251.67
6869,"ALLTECH SPAIN, S.L.",2023→2024,2023,2024,44304,Azucar Polvo LS – Pienso completo – Apicultura,vol_precio,11802.38,11308.5,-493.8799999999992,8.775,9.45,1345,1196.67
542,"SDAD.ESPAÑOLA COLOR. NATURALES Y AFINES, S.A.U.",2023→2024,2023,2024,40203,Azúcar BIO 300-500 -ES-ECO-024-MU (Agric No EU),prod_perdido,82.5,null,-82.5,0.05,null,1650,null
9286,"LAQTIA, S.L.",2023→2024,2023,2024,7300039291,Azúcar Blanco EEC Nº2 Caña - Kampong Speu Camboya,vol_precio,23280,99132,75852,24,140.4,970,706.07
1304,"EMPRESA DE TRANSFORMACIÓN AGRARIA, S.A., S.M.E., M.P (TRAGSA)",2023→2024,2023,2024,7400048311,Az. Bl. EEC nº2 Remol PTE DEST-Agrana Leop Austria,prod_perdido,1888,null,-1888,1.6,null,1180,null
8352,ASOCIACION PROVINCIAL DE APICULTORES BURGALESES,2023→2024,2023,2024,44313,Apipasta Vitaminas 90% - Pienso para Apicultura,volumen,13671,4630.5,-9040.5,9.3,3.15,1470,1470
1825,"LOPEZ MORENAS, S.L",2023→2024,2023,2024,99950,Producto de Pruebas Líquido - 1,sin_actividad,0,null,0,0.001,null,0,null
457,"AMAHER, S.L.",2023→2024,2023,2024,41000,Fructosa MAIZ Cristal,prod_perdido,42631.25,null,-42631.25,23.75,null,1795,null
1987,"GOMEZ MURRIA, RAFAEL",2023→2024,2023,2024,62001,Apimix - Pienso completo - Apicultura,vol_precio,3924,3475.2,-448.8000000000002,3.6,3.34,1090,1040.48
5341,"HUMICOS Y DERIVADOS, S.L.",2023→2024,2023,2024,60001,Azúcar Líquida Neutra 67º - C,prod_perdido,6570,null,-6570,6,null,1095,null
574,"AZUCAR LUTOR, S.C.A.",2023→2024,2023,2024,7500004011,Correfino EEC Nº2 Caña/Rem - Azucarera España,prod_perdido,23760,null,-23760,24,null,990,null
1592,"APICOLA TARRAGONINA, S.C.C.L",2023→2024,2023,2024,44313,Apipasta Vitaminas 90% - Pienso para Apicultura,prod_perdido,29326.5,null,-29326.5,19.95,null,1470,null
430,"MONZO LUIS, S.L.",2023→2024,2023,2024,73001,Azúcar Blanco EEC Nº2 Caña- PAPEL SERIGRAFIADO ZK,prod_perdido,2220,null,-2220,2,null,1110,null
7765,SURINVER EL GRUPO S.COOP,2023→2024,2023,2024,40030,Azucar azucarera trimestral,prod_perdido,2534.4,null,-2534.4,1.8,null,1408,null
2081,"ZUMOS Y FRUTAS CONCENTRADOS, S.L.",2023→2024,2023,2024,61282,Mixco Sweet 72-00.5050 RC V2,prod_perdido,1326141.72,null,-1326141.72,1243.98,null,1066.05,null
3705,"APICOLA JUNEDENCA, S.L.",2023→2024,2023,2024,44313,Apipasta Vitaminas 90% - Pienso para Apicultura,prod_perdido,7717.5,null,-7717.5,5.25,null,1470,null
3156,"FINI GOLOSINAS ESPAÑA, S.L.U.",2023→2024,2023,2024,62152,Jarabe de Melaza- Extra Soft (Rojo),vol_precio,41150.34,61607.2,20456.86,32.863,42.4,1252.18,1453
8971,"MASTER BUILDERS SOLUTIONS ESPAÑA, S.L.U.",2023→2024,2023,2024,65005,Azúcar en polvo LS,sin_actividad,0,null,0,0.001,null,0,null
2850,"AMC NATURAL DRINKS, S.L.",2023→2024,2023,2024,61257,Mixco Sweet 74-00.3244,prod_perdido,51162.4,null,-51162.4,51.02,null,1002.79,null
259,"EUROGRANIZADOS, S.L.U.",2023→2024,2023,2024,7300005081,Azúcar Blanco EEC Nº2 Caña - Cosumar  Marruecos,prod_perdido,45900,null,-45900,45,null,1020,null
9369,"BORI ORERO, AURELIO",2023→2024,2023,2024,44313,Apipasta Vitaminas 90% - Pienso para Apicultura,prod_perdido,348.75,null,-348.75,0.225,null,1550,null
7022,"FRUTOS SECOS EMPERADOR, S.L.",2023→2024,2023,2024,40016,Azúcar Blanco EEC Nº 2,prod_perdido,4880,null,-4880,4,null,1220,null
5428,"CLEMENTE SANZ, AURORA",2023→2024,2023,2024,44315,Apipasta PLUS - Pienso para Apicultura,vol_precio,298.2,77.49,-220.70999999999998,0.14,0.042,2130,1845
4881,"MESEGUER RODES, ANTONIO",2023→2024,2023,2024,44315,Apipasta PLUS - Pienso para Apicultura,prod_perdido,127.68,null,-127.68,0.056,null,2280,null
5822,"CIVAN ARICILIK TEKSTIL, SALIP SAN TIC LTD STI",2023→2024,2023,2024,44332,Apipasta Vitaminas 90% - Pienso Apicultura -CIVAN,vol_precio,31972.5,19635,-12337.5,22.05,17.85,1450,1100
3863,"LA TRADICION M&T, S.L.",2023→2024,2023,2024,62400,Fondant ES-R01,vol_precio,446.78,2371.2,1924.4199999999998,0.345,1.92,1295.01,1235
7742,"GARCIA GOMEZ, JUAN",2023→2024,2023,2024,62001,Apimix - Pienso completo - Apicultura,prod_perdido,4030.92,null,-4030.92,3.699,null,1089.73,null
1202,"APIGLASS ENVAS. Y MAT. APICOLA, S.L.",2023→2024,2023,2024,62001,Apimix - Pienso completo - Apicultura,vol_precio,34006.2,42344.4,8338.200000000004,33.39,46.08,1018.45,918.93
2473,"TORRE ORIA, S.L.U.",2023→2024,2023,2024,40030,Azucar azucarera trimestral,prod_perdido,13712.4,null,-13712.4,11.7,null,1172,null
1253,"HORCHATA EL COSECHERO, S.L.",2023→2024,2023,2024,7300039291,Azúcar Blanco EEC Nº2 Caña - Kampong Speu Camboya,vol_precio,46690,220850,174160,46,280,1015,788.75
542,"SDAD.ESPAÑOLA COLOR. NATURALES Y AFINES, S.A.U.",2023→2024,2023,2024,43000,Maltitol Liquido 75-5308,prod_perdido,65063.2,null,-65063.2,49.12,null,1324.58,null
1143,"AZUCARES ANTOÑIN, S.L.",2023→2024,2023,2024,7500004011,Correfino EEC Nº2 Caña/Rem - Azucarera España,prod_perdido,23520,null,-23520,24,null,980,null
215,"MARTIN BRAUN, S.A.",2023→2024,2023,2024,7300007131,Azúcar Blanco EEC Nº2 Caña - Cassa  El Salvador,prod_perdido,88136,null,-88136,92,null,958,null
2256,"DULCES Y CONSERVAS HELIOS, S.A.",2023→2024,2023,2024,7300039291,Azúcar Blanco EEC Nº2 Caña - Kampong Speu Camboya,prod_perdido,67912,null,-67912,65.3,null,1040,null
4369,"LA TIENDA DEL APICULTOR, S.L.U.",2023→2024,2023,2024,44303,Fructosa Cristal – Materia Prima para Piensos,vol_precio,2312.5,4125,1812.5,1.25,2.5,1850,1650
6449,"PRODEL AGRICOLA, S.L.",2023→2024,2023,2024,44314,Apipasta 90% - BIO - Pienso completo - Apicultura,vol_precio,4095.75,4900.5,804.75,1.905,2.475,2150,1980
8639,ADS APICOLA UPA GUADALAJARA,2023→2024,2023,2024,62001,Apimix - Pienso completo - Apicultura,vol_precio,15580,5700,-9880,15.58,6,1000,950
9283,NUTRITIVE SOLUTIONS LLC,2023→2024,2023,2024,61222,Fosfruit,sin_actividad,0,null,0,0.001,null,0,null
2909,"MANIPULADOS DE CEBOLLAS Y DERIVADOS, S.L.",2023→2024,2023,2024,40114,Azúcar Morena Brown >3700IC,sin_actividad,0,null,0,0.001,null,0,null
5998,"FRANCISCO ARAGON, S.L.U.",2023→2024,2023,2024,61104,Mixco Sweet 81-05.5041 A-MI,volumen,4746.96,6279.12,1532.1599999999999,3.47,4.59,1368,1368
3504,"CIFRE ALMONACIL, RAFAEL",2023→2024,2023,2024,7300037021,Azúcar Blanco EEC Nº2 Caña - Sidul  Portugal,prod_perdido,178.5,null,-178.5,0.15,null,1190,null
2772,"ROSCOS CASAS, S.L",2023→2024,2023,2024,61170,Mix Maltitol Sorbitol MS 74-8020,prod_perdido,4068,null,-4068,2.4,null,1695,null
4505,"FIESTA COLOMBINA, S.L.U.",2023→2024,2023,2024,7300039291,Azúcar Blanco EEC Nº2 Caña - Kampong Speu Camboya,vol_precio,337612.8,1028026,690413.2,307.2,1156.6,1099,888.83
4561,"AGRICOM, S.R.L.",2023→2024,2023,2024,44313,Apipasta Vitaminas 90% - Pienso para Apicultura,vol_precio,148520.85,150157.5,1636.6499999999942,103.95,123.15,1428.77,1219.31
7714,"MASIA EL CARMEN, S.L.",2023→2024,2023,2024,44313,Apipasta Vitaminas 90% - Pienso para Apicultura,prod_perdido,976.5,null,-976.5,0.63,null,1550,null
7585,"SALAR PAGAN, CARMEN",2023→2024,2023,2024,44315,Apipasta PLUS - Pienso para Apicultura,prod_perdido,95.76,null,-95.76,0.042,null,2280,null
9155,"CRESTAS LA GALETA, S.A.",2023→2024,2023,2024,7300005081,Azúcar Blanco EEC Nº2 Caña - Cosumar  Marruecos,prod_perdido,201096,null,-201096,168,null,1197,null
1864,MELAZAHAR COOP. V.,2023→2024,2023,2024,62001,Apimix - Pienso completo - Apicultura,vol_precio,13431.68,8472,-4959.68,12.56,8.36,1069.4,1013.4
7481,"COMERCIAL AGROALIMENTARIA, S.L.",2023→2024,2023,2024,7800013151,Azúcar BIO Caña - Elite NOP  India,prod_perdido,7500,null,-7500,6,null,1250,null
4115,"SANCHEZ BARRADO, JOSE MANUEL",2023→2024,2023,2024,44315,Apipasta PLUS - Pienso para Apicultura,prod_perdido,55.44,null,-55.44,0.028,null,1980,null
2763,"HERMANOS ROMAN ALAMINOS, S.L.",2023→2024,2023,2024,7300005081,Azúcar Blanco EEC Nº2 Caña - Cosumar  Marruecos,prod_perdido,22241.3,null,-22241.3,19.7,null,1129,null
8996,"RAMYMAR FRUITS, S.L.",2023→2024,2023,2024,44313,Apipasta Vitaminas 90% - Pienso para Apicultura,vol_precio,883.5,217.5,-666,0.57,0.15,1550,1450
5992,"CHOZAS CARRASCAL GR, S.L.",2023→2024,2023,2024,40203,Azúcar BIO 300-500 -ES-ECO-024-MU (Agric No EU),prod_perdido,1585,null,-1585,1,null,1585,null
8912,MAISON VERGNON,2023→2024,2023,2024,44315,Apipasta PLUS - Pienso para Apicultura,vol_precio,1848,3326.4,1478.4,0.84,1.68,2200,1980
4945,"NOGUERA CANTO, BARTOLOME",2023→2024,2023,2024,44313,Apipasta Vitaminas 90% - Pienso para Apicultura,prod_perdido,627.75,null,-627.75,0.405,null,1550,null
5743,"JESUS NAVARRO, S.A.",2023→2024,2023,2024,40013,Azucar Blanco EEC Nº2 Extrafino,sin_actividad,0,null,0,0.001,null,0,null
582,"HIJOS DE SALVADOR COSTA, S.L.",2023→2024,2023,2024,7820022041,Azúcar BIO Remolacha - Italia Zuccheri  Italia,prod_perdido,1813,null,-1813,1.225,null,1480,null
462,"ROMEDUL, S.L.",2023→2024,2023,2024,40340,Azúcar Perlado 1,prod_perdido,1187.9,null,-1187.9,0.7,null,1697,null
4852,"ABELLAIRES EMPORDANESOS, S.A.T.",2023→2024,2023,2024,44335,Azúcar Blanco BIO MP para piensos,vol_precio,300,695,395,0.2,0.5,1500,1390
1023,"TORRONS VICENS, S.L.",2023→2024,2023,2024,60105,"Azúcar PI 73,5-67",vol_precio,5004,6468.85,1464.8500000000004,3.6,6.05,1390,1069.23
3478,"APICOLA LA PARRA, S.L.U.",2023→2024,2023,2024,44310,Apipasta 90% - Pienso completo - Apicultura,precio,29490.3,20727,-8763.3,21,21,1404.3,987
428,"PASTELERIA INDUSTRIAL MONTE TURIA, S.A.",2023→2024,2023,2024,7300005081,Azúcar Blanco EEC Nº2 Caña - Cosumar  Marruecos,vol_precio,120615,34965,-85650,112.2,47,1075,743.94
1284,"FRUTAS Y TURRONES, S.A.",2023→2024,2023,2024,7500004011,Correfino EEC Nº2 Caña/Rem - Azucarera España,precio,8343,7800,-543,8.1,8,1030,975
5083,"ESPECIAS EL RELOJ, S.L.",2023→2024,2023,2024,65005,Azúcar en polvo LS,vol_precio,12299.03,9160.8,-3138.2300000000014,8.625,7.725,1425.97,1185.86
7972,MOCHI LUXURY S.L,2023→2024,2023,2024,44010,Fructor 10/81,prod_perdido,1620,null,-1620,1.2,null,1350,null
4710,"VICENTE PONCE, GERMAN",2023→2024,2023,2024,44313,Apipasta Vitaminas 90% - Pienso para Apicultura,prod_perdido,232.5,null,-232.5,0.15,null,1550,null
4561,"AGRICOM, S.R.L.",2023→2024,2023,2024,44310,Apipasta 90% - Pienso completo - Apicultura,vol_precio,156396.9,211990.41,55593.51000000001,112.8,199.98,1386.5,1060.06
3409,"MAGNOLIA PREMIUM, S.L.",2023→2024,2023,2024,63101,PEP58 - LM,vol_precio,196656.65,871814.85,675158.2,175.485,806.085,1120.65,1081.54
534,"MC CONSTRUCTION CHEMICAL SPAIN, S.L.",2023→2024,2023,2024,7220015111,>150 ICUMSA - Pantaleon  Guatemala,prod_perdido,5555,null,-5555,5.5,null,1010,null
8258,"BRIOIXPAN, S.L.",2023→2024,2023,2024,7400004011,Azúcar Bl. EEC nº2 REMOL - AZUCARERA ESPAÑA,prod_perdido,16425,null,-16425,15,null,1095,null
225,"FRUTAS Y CONSERVAS DE MURCIA, S.L.",2023→2024,2023,2024,60000,Azúcar Líquida Neutra 67º,vol_precio,1559648.6,637045.86,-922602.7400000001,2036.84,1245.4,765.72,511.52
8641,"GALLETAS GULLÓN, S.A.",2023→2024,2023,2024,7400002031,Az Bl. EEC Nº2 Remolacha PTE DEST-Tereos Franci,prod_perdido,53040,0,-53040,51,0,1040,null
1746,"PRIMITIVO PICO, S.A",2023→2024,2023,2024,40000,Azúcar Blanco EEC Nº 2,prod_perdido,59146.2,null,-59146.2,48.6,null,1217,null
1747,"FRUIT TECH NATURAL, S.A.",2023→2024,2023,2024,7400048311,Az. Bl. EEC nº2 Remol PTE DEST-Agrana Leop Austria,prod_perdido,27888,null,-27888,24,null,1162,null
6147,"ANDALUZA DE MIELES, S.L.",2023→2024,2023,2024,62154,Mixco Sweet 80-31.3233 JM,vol_precio,46908.34,55824.75,8916.410000000003,33.82,43.275,1387,1290
215,"MARTIN BRAUN, S.A.",2023→2024,2023,2024,43101,Sorbitol Liquido 70% No cristalizable - EPSA,vol_precio,3627,6656,3029,2.6,5.2,1395,1280
2887,"BIOSEARCH, S.A.U.",2023→2024,2023,2024,40000,Azúcar Blanco EEC Nº 2,prod_perdido,1310,null,-1310,1,null,1310,null
1528,"JUAN Y JUAN INDUSTRIAL, S.L.U.",2023→2024,2023,2024,7810033151,Azúcar BIO 300-500 ICUMSA Elite India,prod_perdido,5500,null,-5500,4,null,1375,null
2103,"JOSEFA ESTELLES MAYOR, S.L.",2023→2024,2023,2024,40000,Azúcar Blanco EEC Nº 2,prod_perdido,15750,null,-15750,12.6,null,1250,null
2025,"VALLE BALLINA Y FERNANDEZ, S.A.",2023→2024,2023,2024,61142,Mixco Sweet 70-00.4252,vol_precio,13842.78,9837.6,-4005.1800000000003,9.66,7.2,1433,1366.33
1304,"EMPRESA DE TRANSFORMACIÓN AGRARIA, S.A., S.M.E., M.P (TRAGSA)",2023→2024,2023,2024,7300037021,Azúcar Blanco EEC Nº2 Caña - Sidul  Portugal,prod_perdido,1888,null,-1888,1.6,null,1180,null
3200,"PEINADO HERNANDEZ, EDUARDO",2023→2024,2023,2024,44301,Azucar Blanco – Materia Prima para Piensos,vol_precio,1200,2112,912,1,2.4,1200,880
762,"VIOKOX, S.A",2023→2024,2023,2024,7400002031,Az Bl. EEC Nº2 Remolacha PTE DEST-Tereos Franci,volumen,13080,18312,5232,12,16.8,1090,1090
396,"AGROTRANSFORMADOS, S.A.",2023→2024,2023,2024,61076,Mixco Sweet 75-00.3838,sin_actividad,0,null,0,0.001,null,0,null
9157,"MAK FOOD COMPANY, S.L.",2023→2024,2023,2024,64094,Mixco Sweet 72-53.2323 100 Icu,prod_ganado,null,871651.8,871651.8,88.148,1005.745,null,866.67
265,"BLENDHUB, S.L",2023→2024,2023,2024,62032,APIMIX INSTANT,sin_actividad,0,null,0,0.964,null,0,null
534,"MC CONSTRUCTION CHEMICAL SPAIN, S.L.",2023→2024,2023,2024,7300016111,Azúcar Blanco EEC Nº2 Caña - Santa Ana Guatemala,prod_perdido,5600,null,-5600,5,null,1120,null
9284,"MARTIN GARCIA, FERNANDO",2023→2024,2023,2024,62001,Apimix - Pienso completo - Apicultura,prod_perdido,552.1,null,-552.1,0.495,null,1115.35,null
3464,"GIJON TORRES, JOAQUIN",2023→2024,2023,2024,44313,Apipasta Vitaminas 90% - Pienso para Apicultura,prod_perdido,930,null,-930,0.6,null,1550,null
6338,CENTRO NAC. TECNOLOGIA Y SEGURIDAD ALIMENTARIA,2023→2024,2023,2024,43000,Maltitol Liquido 75-5308,sin_actividad,0,null,0,0.012,null,0,null
4085,"ANDREU ZAMORA, VICENTE",2023→2024,2023,2024,62001,Apimix - Pienso completo - Apicultura,vol_precio,1332,2592,1260,1.2,2.4,1110,1080
3854,"ESBERGHEL DISTRIBUCIONES, S.L.",2023→2024,2023,2024,65005,Azúcar en polvo LS,vol_precio,1394.25,1668,273.75,0.975,1.2,1430,1390
492,"ENRIQUE GARRIGOS MONERRIS, S.A.",2023→2024,2023,2024,60119,Azúcar PI 74-50,vol_precio,99080.96,111088.72,12007.759999999995,99.88,181.76,992,611.18
566,"ALMACENES MIGUEZ 2005,S.L.",2023→2024,2023,2024,62001,Apimix - Pienso completo - Apicultura,vol_precio,63298.22,44780.6,-18517.620000000003,61.354,50.9,1031.69,879.78
7867,"SINBLAT ALIMENTACION SALUDABLE, S.L.",2023→2024,2023,2024,40000,Azúcar Blanco EEC Nº 2,prod_perdido,21597.3,null,-21597.3,17.1,null,1263,null
7787,"ONES MAY SABORES, S.L",2023→2024,2023,2024,43100,Sorbitol Liquido 70% No cristalizable,sin_actividad,0,null,0,0.001,null,0,null
1075,AGRUPACION MURCIANA APICULTORES PROFESIONALES,2023→2024,2023,2024,62001,Apimix - Pienso completo - Apicultura,prod_perdido,1500,null,-1500,1.5,null,1000,null
827,"TOMAS JIMENEZ, IGNACIO GERMAN",2023→2024,2023,2024,7400002031,Az Bl. EEC Nº2 Remolacha PTE DEST-Tereos Franci,prod_perdido,297.5,null,-297.5,0.25,null,1190,null
614,"MANUFACTURAS TABERNER,S.A.",2023→2024,2023,2024,40030,Azucar azucarera trimestral,prod_perdido,15220.8,null,-15220.8,12.6,null,1208,null
4369,"LA TIENDA DEL APICULTOR, S.L.U.",2023→2024,2023,2024,62000,Mix Idoneo - Pienso Completo - Apicultura,volumen,1200,2400,1200,1.2,2.4,1000,1000
4198,"CANO ABARCA, RAMON",2023→2024,2023,2024,62001,Apimix - Pienso completo - Apicultura,prod_perdido,540,null,-540,0.5,null,1080,null
1551,"MENSAJERO ALIMENTACION, S.L",2023→2024,2023,2024,40016,Azúcar Blanco EEC Nº 2,prod_perdido,25560,null,-25560,24,null,1065,null
3089,"CANTIN CEBRIAN, JESUS MIGUEL",2023→2024,2023,2024,44301,Azucar Blanco – Materia Prima para Piensos,vol_precio,1250,2910,1660,1,3,1250,970
3478,"APICOLA LA PARRA, S.L.U.",2023→2024,2023,2024,7200017111,>45 ICUMSA - Palo Gordo Guatemala,prod_perdido,58740,null,-58740,66,null,890,null
4002,"ABB MJ FERNANDEZ ARANDA, S.L.",2023→2024,2023,2024,7300039291,Azúcar Blanco EEC Nº2 Caña - Kampong Speu Camboya,vol_precio,219357.25,120516,-98841.25,228.755,190,958.92,634.29
5429,"NAVARRO VELLISCA, TOMAS",2023→2024,2023,2024,62001,Apimix - Pienso completo - Apicultura,prod_perdido,390.96,null,-390.96,0.362,null,1080,null
542,"SDAD.ESPAÑOLA COLOR. NATURALES Y AFINES, S.A.U.",2023→2024,2023,2024,40206,Azúcar Blanco BIO ES-ECO-024-MU Ag No UE NOP,sin_actividad,0,null,0,0,null,null,null
1673,"RIQUELME ALACID, DOLORES ",2023→2024,2023,2024,62020,Mix Fructor Apicultor - Pienso completo - Apicult.,prod_perdido,297.5,null,-297.5,0.25,null,1190,null
6636,"TECNICAS MECANICAS ILERDENSES, S.L.",2023→2024,2023,2024,65015,Azúcar en polvo LM,sin_actividad,0,null,0,-0.3,null,0,null
7233,"GARCIA PALAZON, TEODORO",2023→2024,2023,2024,62001,Apimix - Pienso completo - Apicultura,prod_perdido,540,null,-540,0.5,null,1080,null
3302,"VINARCHY SPAIN, S.A.U.",2023→2024,2023,2024,61181,Mixco Sweet 67-75.0025,vol_precio,54830.28,38314.8,-16515.479999999996,45.96,35.52,1193,1078.68
7115,"RIVERBEND ESPAÑA, S.A",2023→2024,2023,2024,61207,Mixco Sweet 74-00.5050 M1,volumen,58549.22,242631.72,184082.5,36.421,149.22,1607.57,1626
456,"HELADOS ESTIU, S.A.",2023→2024,2023,2024,40013,Azucar Blanco EEC Nº2 Extrafino,sin_actividad,0,null,0,0.001,null,0,null
9437,"EL CORTÍN DEL ABEYÓN, S.L.",2023→2024,2023,2024,44313,Apipasta Vitaminas 90% - Pienso para Apicultura,vol_precio,15007.5,8459.25,-6548.25,10.35,6.165,1450,1372.14
5149,"GARCIA FERNANDEZ, INMACULADA",2023→2024,2023,2024,44314,Apipasta 90% - BIO - Pienso completo - Apicultura,prod_perdido,717.6,null,-717.6,0.345,null,2080,null
1529,"DULCESA, S.L. UNIPERSONAL",2023→2024,2023,2024,7300039291,Azúcar Blanco EEC Nº2 Caña - Kampong Speu Camboya,vol_precio,189954,444030.66,254076.65999999997,183,465.2,1038,954.49
4369,"LA TIENDA DEL APICULTOR, S.L.U.",2023→2024,2023,2024,62001,Apimix - Pienso completo - Apicultura,vol_precio,11695.88,63050.8,51354.920000000006,9.506,68.98,1230.37,914.04
9157,"MAK FOOD COMPANY, S.L.",2023→2024,2023,2024,61284,Mixco Sweet 72-09.6427 B2 SB2,volumen,777561.4,1918535.4,1140974,730.39,1804.641,1064.58,1063.11
9226,"LOPEZ LAMADRID, MERCEDES",2023→2024,2023,2024,62001,Apimix - Pienso completo - Apicultura,vol_precio,3960,1224,-2736,3.6,1.2,1100,1020
2303,"ANTONIO VILLORIA, S.A.",2023→2024,2023,2024,7300039291,Azúcar Blanco EEC Nº2 Caña - Kampong Speu Camboya,sin_actividad,0,null,0,0.001,null,0,null
9283,NUTRITIVE SOLUTIONS LLC,2023→2024,2023,2024,61200,Fosvitae 85%,sin_actividad,0,0,0,0.001,0.011,0,0
436,"TURRONES JOSE GARRIGOS, S.A.",2023→2024,2023,2024,7500004011,Correfino EEC Nº2 Caña/Rem - Azucarera España,vol_precio,23166,5905.25,-17260.75,23.4,7.475,990,790
1661,"DELAVIUDA ALIMENTACION, S.A",2023→2024,2023,2024,44093,Fructor 100/80,vol_precio,17796.75,9972,-7824.75,9.725,6,1830,1662
9221,ZYGOUROPOULOS,2023→2024,2023,2024,61228,Fosvitae 95% Plus,sin_actividad,0,null,0,0.002,null,0,null
716,"PENALVA ALIMENTACION, S.A.",2023→2024,2023,2024,7300016111,Azúcar Blanco EEC Nº2 Caña - Santa Ana Guatemala,prod_perdido,28200,null,-28200,24,null,1175,null
6267,"JUMEL ALIMENTARIA, S.A.",2023→2024,2023,2024,43101,Sorbitol Liquido 70% No cristalizable - EPSA,vol_precio,11921,14703,2782,9.1,11.7,1310,1256.67
440,"MAZAPANES Y DULCES DE TOLEDO, S.A.",2023→2024,2023,2024,61126,Mixco Sweet 76-46.1421,prod_perdido,1476,null,-1476,1.2,null,1230,null
8641,"GALLETAS GULLÓN, S.A.",2023→2024,2023,2024,42006,Dextrosa Cristal Monoh Trigo Venta TER,prod_perdido,164700,null,-164700,135,null,1220,null
8247,"ALLJUICEMED, S.L.",2023→2024,2023,2024,61282,Mixco Sweet 72-00.5050 RC V2,volumen,3518976.22,7293263.52,3774287.2999999993,3293.356,6932.774,1068.51,1052
3111,"GOMEZ MARTIN, HUGO",2023→2024,2023,2024,44313,Apipasta Vitaminas 90% - Pienso para Apicultura,vol_precio,93249,69058.5,-24190.5,64.2,50.25,1452.48,1374.3
6323,SARL BABE APICULTURE ET EMBALLAGES,2023→2024,2023,2024,44328,Apipasta 90% - Pienso completo –  BABE APICULTURE,vol_precio,21642,16204.5,-5437.5,15,13.8,1442.8,1174.24
4329,"ZAFRA SANTILLANA, ELOY",2023→2024,2023,2024,62001,Apimix - Pienso completo - Apicultura,vol_precio,12743.36,8173.2,-4570.160000000001,11.48,9.24,1110.05,884.55
1000,CLIENTES VARIOS (CONTADO),2023→2024,2023,2024,44313,Apipasta Vitaminas 90% - Pienso para Apicultura,prod_perdido,93,null,-93,0.06,null,1550,null
9330,"AMUZA, SILVIU DANIEL",2023→2024,2023,2024,44315,Apipasta PLUS - Pienso para Apicultura,precio,1663.2,1549.8,-113.40000000000009,0.84,0.84,1980,1845
418,"MANUFACTURAS CEYLAN, S.L.",2023→2024,2023,2024,7300005081,Azúcar Blanco EEC Nº2 Caña - Cosumar  Marruecos,vol_precio,57456,45704,-11752,48,46.4,1197,985
5661,"MONFORT CEBRIAN, WILMAR",2023→2024,2023,2024,44301,Azucar Blanco – Materia Prima para Piensos,prod_perdido,2440,null,-2440,1.9,null,1284.21,null
418,"MANUFACTURAS CEYLAN, S.L.",2023→2024,2023,2024,40000,Azúcar Blanco EEC Nº 2,prod_perdido,55732.32,null,-55732.32,46.56,null,1197,null
9091,"STOLLER EUROPE, S.L.U.",2023→2024,2023,2024,7220032231,Raw Sugar <2500ICUMSA - Eswatini Ubombo Sugar,sin_actividad,0,null,0,0.001,null,0,null
5727,"BOGNER, JOSEPH",2023→2024,2023,2024,44315,Apipasta PLUS - Pienso para Apicultura,prod_perdido,3696,null,-3696,1.68,null,2200,null
1643,"DULCES ARTESANALES LINARES, S.L",2023→2024,2023,2024,7300005081,Azúcar Blanco EEC Nº2 Caña - Cosumar  Marruecos,precio,4320,3140,-1180,4,4,1080,785
5702,"ROSSELLO MANRESA, LORENZO",2023→2024,2023,2024,62001,Apimix - Pienso completo - Apicultura,prod_perdido,1296,null,-1296,1.2,null,1080,null
482,"PRODUCTOS VIRGEN DEL BREZO, S.A.U",2023→2024,2023,2024,7300005081,Azúcar Blanco EEC Nº2 Caña - Cosumar  Marruecos,prod_perdido,65880,null,-65880,61,null,1080,null
259,"EUROGRANIZADOS, S.L.U.",2023→2024,2023,2024,60102,Azúcar PI 67-15,volumen,771075.94,591606.66,-179469.2799999999,879.22,674.58,877,877
7189,"PASTISART IBERIA, S.L.U",2023→2024,2023,2024,60105,"Azúcar PI 73,5-67",precio,92005.4,73269.6,-18735.79999999999,63.452,62.27,1450,1176.64
237,"DULCES SANTA CRUZ, S.L.",2023→2024,2023,2024,43000,Maltitol Liquido 75-5308,prod_perdido,13680.9,null,-13680.9,8.445,null,1620,null
455,"EMILIO PEÑA, S.A.",2023→2024,2023,2024,60105,"Azúcar PI 73,5-67",vol_precio,29342.34,1093.75,-28248.59,20.07,1.251,1462,874.3
1747,"FRUIT TECH NATURAL, S.A.",2023→2024,2023,2024,40016,Azúcar Blanco EEC Nº 2,prod_perdido,99738,null,-99738,95,null,1049.87,null
7612,DPTO. COMERCIAL,2023→2024,2023,2024,44313,Apipasta Vitaminas 90% - Pienso para Apicultura,sin_actividad,0,0,0,0.168,0.165,0,0
2975,"ARTUKOLUKE, S.L.",2023→2024,2023,2024,41000,Fructosa MAIZ Cristal,prod_perdido,9385,null,-9385,5,null,1877,null
252,"CONSERVAS ALGUAZAS, S.L.",2023→2024,2023,2024,7300007131,Azúcar Blanco EEC Nº2 Caña - Cassa  El Salvador,prod_perdido,1165,null,-1165,1,null,1165,null
3049,"LA GRANJA FOODS 1959, S.L.",2023→2024,2023,2024,7220015111,>150 ICUMSA - Pantaleon  Guatemala,prod_perdido,20790,null,-20790,23.101,null,899.96,null
1241,"ACEITES DEL SUR-COOSUR, S.A.",2023→2024,2023,2024,40207,Azúcar BIO <45 ES-ECO-024-MU Ag UE REMOLACHA,sin_actividad,0,null,0,0.001,null,0,null
6621,"SILVESTRE ZAMORA, ANTONIO",2023→2024,2023,2024,62001,Apimix - Pienso completo - Apicultura,prod_perdido,17.92,null,-17.92,0.014,null,1280,null
8496,"MARTINEZ RUIZ, ISRAEL",2023→2024,2023,2024,62001,Apimix - Pienso completo - Apicultura,prod_perdido,270,null,-270,0.25,null,1080,null
6196,"APITIENDA SOLTAN, S.L.",2023→2024,2023,2024,44314,Apipasta 90% - BIO - Pienso completo - Apicultura,prod_perdido,2100,null,-2100,1.05,null,2000,null
8912,MAISON VERGNON,2023→2024,2023,2024,44313,Apipasta Vitaminas 90% - Pienso para Apicultura,sin_cambio,6174,6174,0,4.2,4.2,1470,1470
6457,"DOLÇA ABELLA, S.C.",2023→2024,2023,2024,44315,Apipasta PLUS - Pienso para Apicultura,prod_perdido,574.56,null,-574.56,0.252,null,2280,null
9385,SMART ORGANIC AD,2023→2024,2023,2024,61287,Fosvitae 95% Plus BIO ES-ECO-024-MU Agric. UE,prod_perdido,34434.5,null,-34434.5,11.29,null,3050,null
6877,"BERGUA BRUN, ANGEL",2023→2024,2023,2024,44313,Apipasta Vitaminas 90% - Pienso para Apicultura,prod_perdido,1395,null,-1395,0.9,null,1550,null
5981,"MAHOU, S.A.",2023→2024,2023,2024,60011,Azúcar Líquida Integral de Caña,vol_precio,434382.49,318239.86,-116142.63,303.799,262.168,1429.84,1213.88
1314,"MANUFACTURAS PIBERNAT, S.L.",2023→2024,2023,2024,7300039291,Azúcar Blanco EEC Nº2 Caña - Kampong Speu Camboya,vol_precio,63840,20496,-43344,57,30.4,1120,674.21
3699,"GONZALEZ CARBALLAL, S.L.",2023→2024,2023,2024,44313,Apipasta Vitaminas 90% - Pienso para Apicultura,vol_precio,375367.8,377412.72,2044.9199999999837,266.7,301.05,1407.45,1253.65
985,GIPUZKOAKO ERLEZAIN ELKARTEA,2023→2024,2023,2024,44314,Apipasta 90% - BIO - Pienso completo - Apicultura,volumen,2010,2100,90,1.005,1.05,2000,2000
6080,"MARGALEF MARGALEF, ROSSENDO",2023→2024,2023,2024,44313,Apipasta Vitaminas 90% - Pienso para Apicultura,prod_perdido,3066,null,-3066,2.1,null,1460,null
6195,"SERRANO MEDINA, GERARDO",2023→2024,2023,2024,62001,Apimix - Pienso completo - Apicultura,prod_perdido,1150,null,-1150,1,null,1150,null
6818,"DULCES LA FAVORITA FINCA OLIVAR EL RECREO, S.L.",2023→2024,2023,2024,60114,"Azúcar PI 73,5-67-C",prod_perdido,3451.36,null,-3451.36,2.332,null,1480,null
8247,"ALLJUICEMED, S.L.",2023→2024,2023,2024,7400004011,Azúcar Bl. EEC nº2 REMOL - AZUCARERA ESPAÑA,prod_perdido,1380,null,-1380,1,null,1380,null
2103,"JOSEFA ESTELLES MAYOR, S.L.",2023→2024,2023,2024,42000,Dextrosa Cristal Monohidrato Maiz,vol_precio,68718.38,21150,-47568.380000000005,46.275,22.5,1485,940
5231,"CRISTOBAL E HIJO, S.L.",2023→2024,2023,2024,44315,Apipasta PLUS - Pienso para Apicultura,vol_precio,4796,2494.8,-2301.2,2.328,1.26,2060.14,1980
1253,"HORCHATA EL COSECHERO, S.L.",2023→2024,2023,2024,73001,Azúcar Blanco EEC Nº2 Caña- PAPEL SERIGRAFIADO ZK,prod_perdido,4160,null,-4160,4,null,1040,null
9206,"TRIAS GALLETES-BISCUITS, S.A.",2023→2024,2023,2024,40000,Azúcar Blanco EEC Nº 2,prod_perdido,29140.1,null,-29140.1,27.001,null,1079.22,null
9091,"STOLLER EUROPE, S.L.U.",2023→2024,2023,2024,7300039291,Azúcar Blanco EEC Nº2 Caña - Kampong Speu Camboya,vol_precio,65451,32309,-33142,68,53.8,962.51,600.54
5120,"CAMPILLO PEREZ, MANUEL",2023→2024,2023,2024,7110009141,Azúcar Moreno >2500i - ASR  Belice,prod_perdido,34.5,null,-34.5,0.025,null,1380,null
1023,"TORRONS VICENS, S.L.",2023→2024,2023,2024,41000,Fructosa MAIZ Cristal,prod_perdido,6615,null,-6615,3.5,null,1890,null
1218,"RAMIRO LARRIO, JAVIER",2023→2024,2023,2024,62001,Apimix - Pienso completo - Apicultura,vol_precio,1236,8037.59,6801.59,1.2,9.051,1030,888.03
7787,"ONES MAY SABORES, S.L",2023→2024,2023,2024,73001,Azúcar Blanco EEC Nº2 Caña- PAPEL SERIGRAFIADO ZK,prod_perdido,8365,null,-8365,7,null,1195,null
2256,"DULCES Y CONSERVAS HELIOS, S.A.",2023→2024,2023,2024,43000,Maltitol Liquido 75-5308,prod_perdido,185547,null,-185547,146.1,null,1270,null
4002,"ABB MJ FERNANDEZ ARANDA, S.L.",2023→2024,2023,2024,40000,Azúcar Blanco EEC Nº 2,prod_perdido,178869.7,null,-178869.7,164,null,1090.67,null
7714,"MASIA EL CARMEN, S.L.",2023→2024,2023,2024,44314,Apipasta 90% - BIO - Pienso completo - Apicultura,prod_perdido,5950.8,null,-5950.8,2.76,null,2156.09,null
546,"E.MORENO, S.L.",2023→2024,2023,2024,7300008021,Azúcar Blanco EEC Nº2 Caña - RAR  Portugal,prod_perdido,17200,null,-17200,16,null,1075,null
7164,"FELIX SOLIS, S.L.",2023→2024,2023,2024,99950,Producto de Pruebas Líquido - 1,sin_actividad,0,0,0,0.001,0.003,0,0
2850,"AMC NATURAL DRINKS, S.L.",2023→2024,2023,2024,7300016111,Azúcar Blanco EEC Nº2 Caña - Santa Ana Guatemala,prod_perdido,49910,null,-49910,46,null,1085,null
2483,"CLEMENTE GRAU, RAFAEL",2023→2024,2023,2024,62001,Apimix - Pienso completo - Apicultura,prod_perdido,1296,null,-1296,1.2,null,1080,null
9283,NUTRITIVE SOLUTIONS LLC,2023→2024,2023,2024,62070,Mix Golden Jarabe,sin_actividad,0,null,0,0.002,null,0,null
2287,"RODRIGUEZ BLANCO, ASUNCION",2023→2024,2023,2024,7400048311,Az. Bl. EEC nº2 Remol PTE DEST-Agrana Leop Austria,prod_perdido,476,null,-476,0.4,null,1190,null
876,"DULPESAN, S.L.",2023→2024,2023,2024,40030,Azucar azucarera trimestral,prod_perdido,29330.1,null,-29330.1,24.3,null,1207,null
5128,"FERTILIZANTES Y NUTRIENTES ECOLOGICOS, S.L.",2023→2024,2023,2024,42000,Dextrosa Cristal Monohidrato Maiz,vol_precio,2300,6150,3850,1.25,3.75,1840,1640
7189,"PASTISART IBERIA, S.L.U",2023→2024,2023,2024,7300039291,Azúcar Blanco EEC Nº2 Caña - Kampong Speu Camboya,sin_actividad,0,null,0,0,null,null,null
457,"AMAHER, S.L.",2023→2024,2023,2024,7300037021,Azúcar Blanco EEC Nº2 Caña - Sidul  Portugal,prod_perdido,18032,null,-18032,18.4,null,980,null
6094,"ECOVINAL, S.L.U.",2023→2024,2023,2024,60105,"Azúcar PI 73,5-67",prod_perdido,158867.8,null,-158867.8,174.58,null,910,null
5429,"NAVARRO VELLISCA, TOMAS",2023→2024,2023,2024,44313,Apipasta Vitaminas 90% - Pienso para Apicultura,prod_perdido,162.75,null,-162.75,0.105,null,1550,null
9473,"TÉCNICAS DEL CAMPO, S.L.",2023→2024,2023,2024,44313,Apipasta Vitaminas 90% - Pienso para Apicultura,sin_cambio,813.75,813.75,0,0.525,0.525,1550,1550
2577,"IMPORTACO CASA PONS, S.A.U.",2023→2024,2023,2024,44015,Fructor 10/77,prod_perdido,3686.4,null,-3686.4,2.4,null,1536,null
8480,"FLORGALA, S.L.",2023→2024,2023,2024,62401,Fondant ES-R02,vol_precio,36586.56,35626.95,-959.6100000000006,22.08,28.965,1657,1230
8404,"IZQUIERDO GARCIA, MANUEL",2023→2024,2023,2024,44314,Apipasta 90% - BIO - Pienso completo - Apicultura,prod_perdido,873.6,null,-873.6,0.42,null,2080,null
9423,"BODEGA ARANLEON, S.L.",2023→2024,2023,2024,40206,Azúcar Blanco BIO ES-ECO-024-MU Ag No UE NOP,prod_perdido,67.9,null,-67.9,0.05,null,1358,null
2007,"PAREDES CEREZO, MIGUEL ANGEL",2023→2024,2023,2024,43000,Maltitol Liquido 75-5308,prod_perdido,5947,null,-5947,3.8,null,1565,null
488,SDAD. COOP. APICOLA DE ESPAÑA,2023→2024,2023,2024,44313,Apipasta Vitaminas 90% - Pienso para Apicultura,prod_perdido,9177,null,-9177,6.3,null,1456.67,null
4561,"AGRICOM, S.R.L.",2023→2024,2023,2024,44315,Apipasta PLUS - Pienso para Apicultura,vol_precio,8743.56,3869.04,-4874.5199999999995,4.2,2.1,2081.8,1842.4
1072,"GALVAN FERNANDEZ HERMANOS, S.L.",2023→2024,2023,2024,40000,Azúcar Blanco EEC Nº 2,prod_perdido,26136,null,-26136,24.2,null,1080,null
6569,SOCIEDAD ANONIMA DAMM,2023→2024,2023,2024,60011,Azúcar Líquida Integral de Caña,sin_actividad,0,null,0,0.001,null,0,null
7252,"MORENO ORTEGA, ENRIQUE",2023→2024,2023,2024,42000,Dextrosa Cristal Monohidrato Maiz,prod_perdido,92,null,-92,0.05,null,1840,null
1854,"ROYPAS BY NUTRIS, S.A.",2023→2024,2023,2024,44131,Glucor 37/79,sin_actividad,0,null,0,0.005,null,0,null
582,"HIJOS DE SALVADOR COSTA, S.L.",2023→2024,2023,2024,40016,Azúcar Blanco EEC Nº 2,prod_perdido,1620,null,-1620,1.5,null,1080,null
283,"BOLLERIA BJV, S.L.",2023→2024,2023,2024,7300005081,Azúcar Blanco EEC Nº2 Caña - Cosumar  Marruecos,prod_perdido,58657.58,null,-58657.58,51.14,null,1147,null
7395,VECO PHARMA SHPK,2023→2024,2023,2024,62001,Apimix - Pienso completo - Apicultura,precio,1075.2,672,-403.20000000000005,0.84,0.84,1280,800
1117,COMERCIAL RUIZ ARRIBAS S. XXI. S.L.,2023→2024,2023,2024,40103,Azúcar Moreno >2500i - Brown (Dry Dem BLZ),prod_perdido,24375,null,-24375,19.5,null,1250,null
9283,NUTRITIVE SOLUTIONS LLC,2023→2024,2023,2024,99950,Producto de Pruebas Líquido - 1,sin_actividad,0,0,0,0.004,0.003,0,0
8476,"ANITIN JEREZ, S.L.U.",2023→2024,2023,2024,7500004011,Correfino EEC Nº2 Caña/Rem - Azucarera España,prod_perdido,57105,null,-57105,47,null,1215,null
577,"FARTONS POLO, S.L.",2023→2024,2023,2024,40000,Azúcar Blanco EEC Nº 2,prod_perdido,86144.3,null,-86144.3,78.1,null,1103,null
302,"BODEGAS Y DESTILERIAS DEL SUR, S.A.",2023→2024,2023,2024,7200017111,>45 ICUMSA - Palo Gordo Guatemala,prod_perdido,24480,null,-24480,24,null,1020,null
457,"AMAHER, S.L.",2023→2024,2023,2024,43101,Sorbitol Liquido 70% No cristalizable - EPSA,vol_precio,32175,16620.5,-15554.5,23.4,13,1375,1278.5
3022,"LACTEOS DE NAVARRA, S.L.",2023→2024,2023,2024,7400004011,Azúcar Bl. EEC nº2 REMOL - AZUCARERA ESPAÑA,prod_perdido,207242,null,-207242,191,null,1085.04,null
6323,SARL BABE APICULTURE ET EMBALLAGES,2023→2024,2023,2024,44329,Apipasta 90% BIO - Pienso completo BABE APICULTURE,precio,9135,8400,-735,4.2,4.2,2175,2000
9160,"AGRICOLA HABA, C.B.",2023→2024,2023,2024,62001,Apimix - Pienso completo - Apicultura,prod_perdido,38.64,null,-38.64,0.028,null,1380,null
407,"PRODUCTOS KELMY, S.A.U.",2023→2024,2023,2024,7300016111,Azúcar Blanco EEC Nº2 Caña - Santa Ana Guatemala,prod_perdido,23520,null,-23520,24,null,980,null
2925,"BIGMAN NUTRITION, S.L.",2023→2024,2023,2024,41000,Fructosa MAIZ Cristal,prod_perdido,6806.25,null,-6806.25,3.75,null,1815,null
7022,"FRUTOS SECOS EMPERADOR, S.L.",2023→2024,2023,2024,7300008021,Azúcar Blanco EEC Nº2 Caña - RAR  Portugal,prod_perdido,2380,null,-2380,2,null,1190,null
194,"COFRUTOS, S.A.",2023→2024,2023,2024,60015,Azúcar Líquida Neutra - Cofrutos,vol_precio,1028579.88,753435.58,-275144.30000000005,1269.72,1236.3,810.08,609.43
433,"SANCHIS MIRA, S.A.",2023→2024,2023,2024,61119,Mixco Sweet 76-45.2127,vol_precio,47725.2,65395.62,17670.420000000006,49.1,62.46,972,1047
3479,"LA TAHONA DE UTIEL, S.L.",2023→2024,2023,2024,7400004011,Azúcar Bl. EEC nº2 REMOL - AZUCARERA ESPAÑA,prod_perdido,217210,null,-217210,214,null,1015,null
4329,"ZAFRA SANTILLANA, ELOY",2023→2024,2023,2024,44313,Apipasta Vitaminas 90% - Pienso para Apicultura,vol_precio,108340.05,18532.5,-89807.55,74.55,14.7,1453.25,1260.71
4469,"SEÑORIO DE BARAHONDA, S.L.",2023→2024,2023,2024,7300039291,Azúcar Blanco EEC Nº2 Caña - Kampong Speu Camboya,vol_precio,47959,152826,104867,48.2,195.8,995,780.52
7726,"ANKER FOOD, S.L.",2023→2024,2023,2024,7500004011,Correfino EEC Nº2 Caña/Rem - Azucarera España,prod_perdido,12024,null,-12024,9.9,null,1214.55,null
9565,NORDIK BUCKFAST,2023→2024,2023,2024,44310,Apipasta 90% - Pienso completo - Apicultura,prod_ganado,0,6476.25,6476.25,0.001,4.95,0,1308.33
6147,"ANDALUZA DE MIELES, S.L.",2023→2024,2023,2024,44010,Fructor 10/81,prod_perdido,58750.11,null,-58750.11,48.354,null,1215,null
7115,"RIVERBEND ESPAÑA, S.A",2023→2024,2023,2024,61272,Mixco Sweet 72-00.5050 RC,prod_perdido,41881.44,null,-41881.44,37.562,null,1114.99,null
321,"PRODUCTOS PEPITO, S.L.U.",2023→2024,2023,2024,40016,Azúcar Blanco EEC Nº 2,prod_perdido,1285,null,-1285,1,null,1285,null
1535,"OLIVA SANTOS, MARCELINA",2023→2024,2023,2024,44301,Azucar Blanco – Materia Prima para Piensos,prod_perdido,1080,null,-1080,1,null,1080,null
8389,"CASCALES SANCHEZ, JESUS MANUEL",2023→2024,2023,2024,44314,Apipasta 90% - BIO - Pienso completo - Apicultura,vol_precio,1020,999.75,-20.25,0.51,0.645,2000,1550
5505,"LOPEZ JIMENEZ, JULIO",2023→2024,2023,2024,44313,Apipasta Vitaminas 90% - Pienso para Apicultura,prod_perdido,232.5,null,-232.5,0.15,null,1550,null
2256,"DULCES Y CONSERVAS HELIOS, S.A.",2023→2024,2023,2024,7300016111,Azúcar Blanco EEC Nº2 Caña - Santa Ana Guatemala,prod_perdido,99840,null,-99840,96,null,1040,null
8248,"CRA BODEGAS, S.L.",2023→2024,2023,2024,61247,Mixco Sweet 65-00.5050 U,prod_perdido,6921904.84,null,-6921904.84,6147.34,null,1126,null
302,"BODEGAS Y DESTILERIAS DEL SUR, S.A.",2023→2024,2023,2024,7400048311,Az. Bl. EEC nº2 Remol PTE DEST-Agrana Leop Austria,prod_perdido,148320,null,-148320,144,null,1030,null
762,"VIOKOX, S.A",2023→2024,2023,2024,40000,Azúcar Blanco EEC Nº 2,prod_perdido,49032,null,-49032,40.5,null,1210.67,null
5656,API WAYS SAS,2023→2024,2023,2024,44313,Apipasta Vitaminas 90% - Pienso para Apicultura,volumen,2982,1491,-1491,2.1,1.05,1420,1420
4369,"LA TIENDA DEL APICULTOR, S.L.U.",2023→2024,2023,2024,44315,Apipasta PLUS - Pienso para Apicultura,vol_precio,10483.2,23415,12931.8,5.04,16.59,2080,1411.39
1661,"DELAVIUDA ALIMENTACION, S.A",2023→2024,2023,2024,61228,Fosvitae 95% Plus,sin_actividad,0,null,0,0.008,null,0,null
893,"FERRE LLABERIA, ROSA",2023→2024,2023,2024,60207,Azúcar TIEN 67.100,sin_actividad,0,null,0,0.001,null,0,null
9113,"VILLAR MARTINEZ, CLAUDIO",2023→2024,2023,2024,44313,Apipasta Vitaminas 90% - Pienso para Apicultura,prod_perdido,139.5,null,-139.5,0.09,null,1550,null
827,"TOMAS JIMENEZ, IGNACIO GERMAN",2023→2024,2023,2024,40025,Azucar Azucarera Spot,prod_perdido,1170.75,null,-1170.75,0.875,null,1338,null
1987,"GOMEZ MURRIA, RAFAEL",2023→2024,2023,2024,44315,Apipasta PLUS - Pienso para Apicultura,precio,1663.2,1549.8,-113.40000000000009,0.84,0.84,1980,1845
3067,"ALGODON DE AZUCAR SERRANO CALAVIA, S.L.",2023→2024,2023,2024,40030,Azucar azucarera trimestral,prod_perdido,2396.25,null,-2396.25,1.775,null,1350,null
431,"DICARCONO, S.L.",2023→2024,2023,2024,7400002031,Az Bl. EEC Nº2 Remolacha PTE DEST-Tereos Franci,vol_precio,49638.6,168698.04,119059.44,47.96,170.92,1035,987
1854,"ROYPAS BY NUTRIS, S.A.",2023→2024,2023,2024,7500004011,Correfino EEC Nº2 Caña/Rem - Azucarera España,prod_perdido,28158,null,-28158,26,null,1083,null
4600,"JALANCINA NATURE, S.L.",2023→2024,2023,2024,41000,Fructosa MAIZ Cristal,prod_perdido,708.75,null,-708.75,0.375,null,1890,null
2570,"NATRA OÑATI, S.A.",2023→2024,2023,2024,7400002031,Az Bl. EEC Nº2 Remolacha PTE DEST-Tereos Franci,prod_perdido,28138,null,-28138,25.58,null,1100,null
3022,"LACTEOS DE NAVARRA, S.L.",2023→2024,2023,2024,7400014061,Azúcar Bl. EEC nº2 REMOL - PODYLLA FOOD C. UCRANIA,prod_perdido,1130,null,-1130,1.001,null,1128.87,null
1527,"REOLID CORBALAN, JOSE",2023→2024,2023,2024,44313,Apipasta Vitaminas 90% - Pienso para Apicultura,prod_perdido,3087,null,-3087,2.1,null,1470,null
422,"HERMANOS LOPEZ LLORET, S.A.",2023→2024,2023,2024,7300016111,Azúcar Blanco EEC Nº2 Caña - Santa Ana Guatemala,prod_perdido,23000,null,-23000,23,null,1000,null
5892,"DISTRIBUCIONES BOLLFROST, S.L.",2023→2024,2023,2024,60114,"Azúcar PI 73,5-67-C",prod_perdido,3367.4,null,-3367.4,2.26,null,1490,null
2887,"BIOSEARCH, S.A.U.",2023→2024,2023,2024,42000,Dextrosa Cristal Monohidrato Maiz,prod_perdido,15900,null,-15900,10,null,1590,null
5061,"ELABORADOS DEL ASON, S.L.",2023→2024,2023,2024,41005,Fructosa MAIZ Cristal Granulada,prod_perdido,1787.5,null,-1787.5,1.25,null,1430,null
769,"ANGEL CAMACHO ALIMENTACION, S.L.",2023→2024,2023,2024,7300007131,Azúcar Blanco EEC Nº2 Caña - Cassa  El Salvador,prod_perdido,21085.8,null,-21085.8,18.66,null,1130,null
6130,HAPPY VALLEY HONEY LIMITED,2023→2024,2023,2024,44315,Apipasta PLUS - Pienso para Apicultura,vol_precio,6770.4,2184,-4586.4,3.36,1.68,2015,1300
7936,"FABRICA JAEN, S.L.U.",2023→2024,2023,2024,62070,Mix Golden Jarabe,vol_precio,34268.4,10500,-23768.4,19.038,8.4,1800,1250
422,"HERMANOS LOPEZ LLORET, S.A.",2023→2024,2023,2024,40000,Azúcar Blanco EEC Nº 2,prod_perdido,209100,null,-209100,209.1,null,1000,null
3084,ARTENAY BARS SAS,2023→2024,2023,2024,44093,Fructor 100/80,volumen,32043.79,2316,-29727.79,16.603,1.2,1930,1930
2548,"MEETINGCOOK, S.L.",2023→2024,2023,2024,40103,Azúcar Moreno >2500i - Brown (Dry Dem BLZ),prod_perdido,128,null,-128,0.1,null,1280,null
3752,"SON MORAGUES 1921, S.L.U.",2023→2024,2023,2024,40206,Azúcar Blanco BIO ES-ECO-024-MU Ag No UE NOP,volumen,108.6,144.8,36.20000000000002,0.075,0.1,1448,1448
6468,"DULCES LA CARTUJA, S.L.",2023→2024,2023,2024,43050,Maltitol en Polvo,volumen,1530,765,-765,0.6,0.3,2550,2550
3144,"DALLANT, S.A.",2023→2024,2023,2024,44093,Fructor 100/80,volumen,11986.8,44579.48,32592.680000000004,8.4,31.24,1427,1427
599,"KARSAN, C.B.",2023→2024,2023,2024,7500004011,Correfino EEC Nº2 Caña/Rem - Azucarera España,prod_perdido,24240,null,-24240,24,null,1010,null
283,"BOLLERIA BJV, S.L.",2023→2024,2023,2024,65020,Azúcar en polvo SG - LM Micronizada,prod_perdido,46.41,null,-46.41,0.039,null,1190,null
405,"CHOVI, S.L.",2023→2024,2023,2024,40260,Melaza de Caña,prod_ganado,0,95.2,95.2,0.001,0.08,0,1190
7787,"ONES MAY SABORES, S.L",2023→2024,2023,2024,40030,Azucar azucarera trimestral,prod_perdido,13981.5,null,-13981.5,11.7,null,1195,null
4895,"BARJA BARJA, ANDRES",2023→2024,2023,2024,44315,Apipasta PLUS - Pienso para Apicultura,prod_perdido,31.92,null,-31.92,0.014,null,2280,null
2679,"REINA KILAMA, SDAD. COOP.",2023→2024,2023,2024,44403,Apipasta 90% - Con P y V - Pienso para Apic. (RK),vol_precio,33957,3218.4,-30738.6,23.1,2.235,1470,1440
7481,"COMERCIAL AGROALIMENTARIA, S.L.",2023→2024,2023,2024,40206,Azúcar Blanco BIO ES-ECO-024-MU Ag No UE NOP,prod_perdido,54810,null,-54810,43.8,null,1251.37,null
1083,"COLLADO COLADO, ASUNCION",2023→2024,2023,2024,62001,Apimix - Pienso completo - Apicultura,prod_perdido,1332,null,-1332,1.2,null,1110,null
1075,AGRUPACION MURCIANA APICULTORES PROFESIONALES,2023→2024,2023,2024,44314,Apipasta 90% - BIO - Pienso completo - Apicultura,prod_perdido,90,null,-90,0.045,null,2000,null
302,"BODEGAS Y DESTILERIAS DEL SUR, S.A.",2023→2024,2023,2024,7220015111,>150 ICUMSA - Pantaleon  Guatemala,prod_perdido,24321,null,-24321,24.2,null,1005,null
775,"NATRA CACAO,S.L.",2023→2024,2023,2024,7300005081,Azúcar Blanco EEC Nº2 Caña - Cosumar  Marruecos,vol_precio,1714028.46,571703.7,-1142324.76,1692.62,624.9,1012.65,914.87
7289,"CHOCODROP, S.L.",2023→2024,2023,2024,7220032231,Raw Sugar <2500ICUMSA - Eswatini Ubombo Sugar,volumen,167200,21850,-145350,176,23,950,950
432,"CHOCOLATES ALGARRA, S.L.",2023→2024,2023,2024,7300039291,Azúcar Blanco EEC Nº2 Caña - Kampong Speu Camboya,vol_precio,32134,83940,51806,30,100,1071.13,839.4
4895,"BARJA BARJA, ANDRES",2023→2024,2023,2024,44310,Apipasta 90% - Pienso completo - Apicultura,prod_perdido,45.9,null,-45.9,0.03,null,1530,null
933,"DULCESTEPA, S.A.",2023→2024,2023,2024,7300008021,Azúcar Blanco EEC Nº2 Caña - RAR  Portugal,prod_perdido,20425,null,-20425,19,null,1075,null
3750,"MARTIN RUBIANO, REYES",2023→2024,2023,2024,44314,Apipasta 90% - BIO - Pienso completo - Apicultura,prod_perdido,2184,null,-2184,1.05,null,2080,null
618,"BAYOGAR, S.L.",2023→2024,2023,2024,44015,Fructor 10/77,prod_perdido,48687.45,null,-48687.45,36.47,null,1335,null
271,"LABORATORIOS ALMOND, S.L.",2023→2024,2023,2024,40203,Azúcar BIO 300-500 -ES-ECO-024-MU (Agric No EU),sin_actividad,-1517,null,1517,-1,null,1517,null
516,"PAIARROP, S.L.",2023→2024,2023,2024,40000,Azúcar Blanco EEC Nº 2,prod_perdido,46443,null,-46443,41.1,null,1130,null
1284,"FRUTAS Y TURRONES, S.A.",2023→2024,2023,2024,40016,Azúcar Blanco EEC Nº 2,prod_perdido,17400,null,-17400,15,null,1160,null
6636,"TECNICAS MECANICAS ILERDENSES, S.L.",2023→2024,2023,2024,40013,Azucar Blanco EEC Nº2 Extrafino,sin_actividad,0,null,0,2,null,0,null
9295,"LIVE HEALTHY BUSINESS DEVELOPMENT, S.L.U.",2023→2024,2023,2024,40103,Azúcar Moreno >2500i - Brown (Dry Dem BLZ),sin_actividad,0,null,0,0.001,null,0,null
8308,"CONSERVAS TORO LÓPEZ, S.L.",2023→2024,2023,2024,61200,Fosvitae 85%,prod_perdido,840,null,-840,0.301,null,2790.7,null
4516,"DAUD, VEDAT",2023→2024,2023,2024,44313,Apipasta Vitaminas 90% - Pienso para Apicultura,prod_perdido,116.25,null,-116.25,0.075,null,1550,null
248,"CONSERVAS EL VALLE, S.L.",2023→2024,2023,2024,61170,Mix Maltitol Sorbitol MS 74-8020,vol_precio,1968,3396,1428,1.2,2.4,1640,1415
7972,MOCHI LUXURY S.L,2023→2024,2023,2024,44015,Fructor 10/77,prod_perdido,10224,null,-10224,7.2,null,1420,null
8278,"GRUPO OSBORNE, S.A.",2023→2024,2023,2024,60016,Azúcar Líquida Neutra S.A. - OSBORNE,vol_precio,967576.04,858516.1,-109059.94000000006,1061.63,1147.12,911.41,748.41
7558,HARINAS CASTILLA LA MANCHA S.L,2023→2024,2023,2024,44015,Fructor 10/77,prod_perdido,42415.68,null,-42415.68,30.736,null,1380,null
8536,SNC BRICO L'UTILE,2023→2024,2023,2024,44314,Apipasta 90% - BIO - Pienso completo - Apicultura,prod_perdido,2100,null,-2100,1.05,null,2000,null
1854,"ROYPAS BY NUTRIS, S.A.",2023→2024,2023,2024,7300007131,Azúcar Blanco EEC Nº2 Caña - Cassa  El Salvador,prod_perdido,41742.36,null,-41742.36,36.52,null,1143,null
3144,"DALLANT, S.A.",2023→2024,2023,2024,40000,Azúcar Blanco EEC Nº 2,prod_perdido,52656,null,-52656,48,null,1097,null
198,"JOSE SANDOVAL, S.L.U.",2023→2024,2023,2024,43000,Maltitol Liquido 75-5308,prod_perdido,12868,null,-12868,9,null,1429.78,null
577,"FARTONS POLO, S.L.",2023→2024,2023,2024,7300005081,Azúcar Blanco EEC Nº2 Caña - Cosumar  Marruecos,prod_perdido,50738,null,-50738,46,null,1103,null
436,"TURRONES JOSE GARRIGOS, S.A.",2023→2024,2023,2024,61189,Mixco Sweet 77-50.1825,vol_precio,4068,18686.1,14618.099999999999,3.6,24.54,1130,761.45
7115,"RIVERBEND ESPAÑA, S.A",2023→2024,2023,2024,61266,Mixco Sweet 37-00.5050A,prod_perdido,3417.72,null,-3417.72,2.283,null,1497.03,null
6336,"AGRICOLA RODENAS DALMAU, S.L.",2023→2024,2023,2024,62001,Apimix - Pienso completo - Apicultura,prod_perdido,559.8,null,-559.8,0.46,null,1216.96,null
9463,"ADIEGO HERMANOS, S.A.",2023→2024,2023,2024,43101,Sorbitol Liquido 70% No cristalizable - EPSA,vol_precio,15990,3328,-12662,13,2.6,1230,1280
4383,"MANUFRI, S.L.",2023→2024,2023,2024,60022,Azúcar Líquida Neutra 67º - ACB,volumen,585880.26,622534.01,36653.75,504.66,529.83,1160.94,1174.97
7022,"FRUTOS SECOS EMPERADOR, S.L.",2023→2024,2023,2024,40000,Azúcar Blanco EEC Nº 2,prod_perdido,9760,null,-9760,8,null,1220,null
1132,"INDUSTRIAS HERMANOS JUAN LOPEZ, S.A.",2023→2024,2023,2024,7300005081,Azúcar Blanco EEC Nº2 Caña - Cosumar  Marruecos,prod_perdido,73920,null,-73920,72,null,1026.67,null
7573,"SANCHEZ LOPEZ, CARLOS",2023→2024,2023,2024,62001,Apimix - Pienso completo - Apicultura,prod_perdido,540,null,-540,0.5,null,1080,null
4505,"FIESTA COLOMBINA, S.L.U.",2023→2024,2023,2024,40350,Azúcar Granulado Extrafino,prod_perdido,6264,null,-6264,4.5,null,1392,null
8100,"FERNANDEZ GIMENEZ, MARI PAZ ",2023→2024,2023,2024,40016,Azúcar Blanco EEC Nº 2,prod_perdido,6325,null,-6325,5,null,1265,null
546,"E.MORENO, S.L.",2023→2024,2023,2024,7820022041,Azúcar BIO Remolacha - Italia Zuccheri  Italia,sin_actividad,0,null,0,0,null,null,null
7395,VECO PHARMA SHPK,2023→2024,2023,2024,44315,Apipasta PLUS - Pienso para Apicultura,vol_precio,11810.4,6552,-5258.4,5.88,5.04,2008.57,1300
3855,"APIFERSA APICOLA, S.L.",2023→2024,2023,2024,44306,Fructor 10/77 - Pienso completo – Apicultura,prod_perdido,3408,null,-3408,2.4,null,1420,null
1293,"PAPRIMUR, S.L.",2023→2024,2023,2024,40030,Azucar azucarera trimestral,prod_perdido,2408.4,null,-2408.4,1.8,null,1338,null
9250,"GUERRERO BERMEJO, JUAN",2023→2024,2023,2024,44310,Apipasta 90% - Pienso completo - Apicultura,prod_perdido,68.85,null,-68.85,0.045,null,1530,null
5245,"ELGORRIAGA BRANDS, S.A.",2023→2024,2023,2024,44015,Fructor 10/77,prod_perdido,6001.96,null,-6001.96,4.206,null,1427,null
3715,"BSI BODEGAS SAN ISIDRO, S.COOP.",2023→2024,2023,2024,40030,Azucar azucarera trimestral,prod_perdido,2534.4,null,-2534.4,1.8,null,1408,null
3833,"ASTURIAS APICOLA, S.L.",2023→2024,2023,2024,44301,Azucar Blanco – Materia Prima para Piensos,prod_perdido,1164,null,-1164,1.2,null,970,null
5989,"T500 PURATOS, S.A.",2023→2024,2023,2024,60105,"Azúcar PI 73,5-67",sin_actividad,0,null,0,0.001,null,0,null
5445,COMPTOIR APICOLE LANGUEDOCIEN,2023→2024,2023,2024,44310,Apipasta 90% - Pienso completo - Apicultura,vol_precio,5364,1231.65,-4132.35,3.6,1.05,1490,1173
4002,"ABB MJ FERNANDEZ ARANDA, S.L.",2023→2024,2023,2024,44111,Glucor 60/82,vol_precio,3456,3332.4,-123.59999999999991,2.4,3.6,1440,925.67
566,"ALMACENES MIGUEZ 2005,S.L.",2023→2024,2023,2024,62000,Mix Idoneo - Pienso Completo - Apicultura,vol_precio,17056.4,7215,-9841.400000000001,16.136,7.95,1057.04,907.55
9121,"PEGAMENTOS ORO, S.L.",2023→2024,2023,2024,60105,"Azúcar PI 73,5-67",sin_actividad,0,null,0,0.001,null,0,null
211,"MARTINEZ NIETO, S.A.",2023→2024,2023,2024,43101,Sorbitol Liquido 70% No cristalizable - EPSA,vol_precio,13559,7550.4,-6008.6,9.1,5.2,1490,1452
9157,"MAK FOOD COMPANY, S.L.",2023→2024,2023,2024,7400048311,Az. Bl. EEC nº2 Remol PTE DEST-Agrana Leop Austria,prod_perdido,20300,null,-20300,20,null,1015,null
770,"CASTER ALIMENTACION, S.L.",2023→2024,2023,2024,7300016111,Azúcar Blanco EEC Nº2 Caña - Santa Ana Guatemala,prod_perdido,24696,null,-24696,24,null,1029,null
9015,"FIERRO CALVO, ANDREA",2023→2024,2023,2024,44315,Apipasta PLUS - Pienso para Apicultura,prod_perdido,1663.2,null,-1663.2,0.84,null,1980,null
7164,"FELIX SOLIS, S.L.",2023→2024,2023,2024,61255,Mixco Sweet 71-00.2446,sin_actividad,0,null,0,0.001,null,0,null
2767,"DULCEPLUS GOLOSINAS, S.A.",2023→2024,2023,2024,60105,"Azúcar PI 73,5-67",prod_perdido,3504,null,-3504,2.4,null,1460,null
6734,"COLONIALES EL SOL, S.L.",2023→2024,2023,2024,7400048311,Az. Bl. EEC nº2 Remol PTE DEST-Agrana Leop Austria,vol_precio,2628,4176,1548,2.4,4,1095,1044
5046,"CEREALTO SINTRA FOODS, S.A.",2023→2024,2023,2024,62070,Mix Golden Jarabe,prod_perdido,2160,null,-2160,1.2,null,1800,null
3719,"CARCEL EJARTE, EMILIO",2023→2024,2023,2024,62001,Apimix - Pienso completo - Apicultura,prod_perdido,193.2,null,-193.2,0.14,null,1380,null
5445,COMPTOIR APICOLE LANGUEDOCIEN,2023→2024,2023,2024,44313,Apipasta Vitaminas 90% - Pienso para Apicultura,vol_precio,6795,13196.7,6401.700000000001,4.5,9.9,1510,1333
499,"MELS CARLET, S.L.",2023→2024,2023,2024,44309,Mixco Sweet 75-10.4545 - Pienso completo – Apicult,vol_precio,165312.72,138712.7,-26600.01999999999,175.88,186.62,939.92,743.29
9274,SUSTAINABLE APIARIES,2023→2024,2023,2024,62001,Apimix - Pienso completo - Apicultura,vol_precio,1092,3240,2148,0.84,3.6,1300,900
8349,"AGOTZAINA, S.L.",2023→2024,2023,2024,44131,Glucor 37/79,vol_precio,7457.5,1428,-6029.5,4.75,1.2,1570,1190
430,"MONZO LUIS, S.L.",2023→2024,2023,2024,7300016111,Azúcar Blanco EEC Nº2 Caña - Santa Ana Guatemala,prod_perdido,2300,null,-2300,2,null,1150,null
595,"ROSCRIS BENIOPA, S.L",2023→2024,2023,2024,40103,Azúcar Moreno >2500i - Brown (Dry Dem BLZ),vol_precio,4920,9113.75,4193.75,4,7.925,1230,1150
3111,"GOMEZ MARTIN, HUGO",2023→2024,2023,2024,44310,Apipasta 90% - Pienso completo - Apicultura,vol_precio,22716.75,47376,24659.25,16.8,36.6,1352.19,1294.43
8247,"ALLJUICEMED, S.L.",2023→2024,2023,2024,61272,Mixco Sweet 72-00.5050 RC,prod_perdido,268808.96,null,-268808.96,252.64,null,1064,null
8553,"NATURAL BEE SPAIN, S.L",2023→2024,2023,2024,44301,Azucar Blanco – Materia Prima para Piensos,vol_precio,2500,3330,830,2,4.6,1250,723.91
346,"PANARRO FOODS, S.L.",2023→2024,2023,2024,7300005081,Azúcar Blanco EEC Nº2 Caña - Cosumar  Marruecos,prod_perdido,26114,null,-26114,22,null,1187,null
433,"SANCHIS MIRA, S.A.",2023→2024,2023,2024,62406,Fondant ES-R01 Palet Chep Plástico 80x120,vol_precio,26258.88,203747.22,177488.34,16.32,151.26,1609,1347
197,"J. GARCIA CARRION, S.A.",2023→2024,2023,2024,7400002031,Az Bl. EEC Nº2 Remolacha PTE DEST-Tereos Franci,prod_perdido,22655,null,-22655,23,null,985,null
4469,"SEÑORIO DE BARAHONDA, S.L.",2023→2024,2023,2024,7300005081,Azúcar Blanco EEC Nº2 Caña - Cosumar  Marruecos,prod_perdido,57450.8,null,-57450.8,48.4,null,1187,null
9022,"SYMRISE IBÉRICA, S.L.",2023→2024,2023,2024,7300005081,Azúcar Blanco EEC Nº2 Caña - Cosumar  Marruecos,sin_actividad,0,null,0,0.001,null,0,null
197,"J. GARCIA CARRION, S.A.",2023→2024,2023,2024,60207,Azúcar TIEN 67.100,sin_actividad,0,null,0,0.001,null,0,null
422,"HERMANOS LOPEZ LLORET, S.A.",2023→2024,2023,2024,7300005081,Azúcar Blanco EEC Nº2 Caña - Cosumar  Marruecos,prod_perdido,46000,null,-46000,46,null,1000,null
430,"MONZO LUIS, S.L.",2023→2024,2023,2024,40016,Azúcar Blanco EEC Nº 2,prod_perdido,8050,null,-8050,7,null,1150,null
450,"LA FLOR BURGALESA, S.L.",2023→2024,2023,2024,7300005081,Azúcar Blanco EEC Nº2 Caña - Cosumar  Marruecos,prod_perdido,131640,null,-131640,120,null,1097,null
9221,ZYGOUROPOULOS,2023→2024,2023,2024,43100,Sorbitol Liquido 70% No cristalizable,sin_actividad,0,null,0,0.001,null,0,null
4002,"ABB MJ FERNANDEZ ARANDA, S.L.",2023→2024,2023,2024,42006,Dextrosa Cristal Monoh Trigo Venta TER,prod_perdido,23047.5,null,-23047.5,17.5,null,1317,null
6129,"VIDAL REVERTE, JOSE ANTONIO",2023→2024,2023,2024,44315,Apipasta PLUS - Pienso para Apicultura,prod_perdido,31.92,null,-31.92,0.014,null,2280,null
3154,"FRIAS NUTRICION, S.A.",2023→2024,2023,2024,60207,Azúcar TIEN 67.100,sin_actividad,0,null,0,0.001,null,0,null
3187,"AZELIS ESPAÑA, S.A.",2023→2024,2023,2024,44131,Glucor 37/79,prod_perdido,37296,null,-37296,25.2,null,1480,null
8320,"AGAMA MANACOR 249, S.L.",2023→2024,2023,2024,40016,Azúcar Blanco EEC Nº 2,prod_perdido,19213.1,null,-19213.1,22.9,null,839,null
1592,"APICOLA TARRAGONINA, S.C.C.L",2023→2024,2023,2024,62001,Apimix - Pienso completo - Apicultura,prod_perdido,8018.4,null,-8018.4,7.68,null,1044.06,null
1786,"ANITIN PANES ESPECIALES, S.L.",2023→2024,2023,2024,65005,Azúcar en polvo LS,prod_perdido,739.5,null,-739.5,0.51,null,1450,null
4960,"MANUEL MATEO CANDEL, S.L.",2023→2024,2023,2024,61170,Mix Maltitol Sorbitol MS 74-8020,precio,2088,1908,-180,1.2,1.2,1740,1590
517,"DUPAN, S.L.",2023→2024,2023,2024,43101,Sorbitol Liquido 70% No cristalizable - EPSA,vol_precio,1833,3432,1599,1.3,2.6,1410,1320
9151,SARL L'ABEILLE DU MIDI,2023→2024,2023,2024,44313,Apipasta Vitaminas 90% - Pienso para Apicultura,precio,4630.5,3780,-850.5,3.15,3.15,1470,1200
762,"VIOKOX, S.A",2023→2024,2023,2024,40030,Azucar azucarera trimestral,prod_perdido,5490,null,-5490,4.5,null,1220,null
5505,"LOPEZ JIMENEZ, JULIO",2023→2024,2023,2024,44310,Apipasta 90% - Pienso completo - Apicultura,prod_perdido,68.85,null,-68.85,0.045,null,1530,null
6323,SARL BABE APICULTURE ET EMBALLAGES,2023→2024,2023,2024,44310,Apipasta 90% - Pienso completo - Apicultura,vol_precio,2547,2613,66,1.8,1.95,1415,1340
2850,"AMC NATURAL DRINKS, S.L.",2023→2024,2023,2024,40207,Azúcar BIO <45 ES-ECO-024-MU Ag UE REMOLACHA,volumen,9296,22708.8,13412.8,7,17.1,1328,1328
1919,"MACIAS DE LA CORTE, MIRIAN",2023→2024,2023,2024,44335,Azúcar Blanco BIO MP para piensos,prod_perdido,1450,null,-1450,1,null,1450,null
462,"ROMEDUL, S.L.",2023→2024,2023,2024,43050,Maltitol en Polvo,prod_perdido,4700,null,-4700,2,null,2350,null
9443,ANTONIO NADAL DESTIL.LERIES S.L.,2023→2024,2023,2024,60019,Azúcar Líquida Neutra 67º- Remolacha,prod_ganado,0,177274.52,177274.52,0.003,270.08,0,656.38
6457,"DOLÇA ABELLA, S.C.",2023→2024,2023,2024,44313,Apipasta Vitaminas 90% - Pienso para Apicultura,prod_perdido,837,null,-837,0.54,null,1550,null
7171,"QUIRANTE FRUITS, S.L.",2023→2024,2023,2024,60221,Azúcar invertido 71º R,sin_actividad,0,null,0,0.001,null,0,null
2821,"CIA. EUROPEA EXPORTADORA DE VINOS, S.L.",2023→2024,2023,2024,60207,Azúcar TIEN 67.100,prod_perdido,4788,null,-4788,3.6,null,1330,null
8629,"CASCALES GALVEZ, ANTONIO JESUS",2023→2024,2023,2024,44314,Apipasta 90% - BIO - Pienso completo - Apicultura,vol_precio,510,511.5,1.5,0.255,0.33,2000,1550
204,"PERNOD RICARD ESPAÑA, S.A.",2023→2024,2023,2024,60131,Azucar PI 77-50,vol_precio,1865918.76,2209532.46,343613.69999999995,1538.2,2126.22,1213.05,1039.18
2073,"PLATOS TRADICIONALES, S.A",2023→2024,2023,2024,40000,Azúcar Blanco EEC Nº 2,prod_perdido,76858.25,null,-76858.25,59.35,null,1295,null
9159,"APISALCER, SLU",2023→2024,2023,2024,40025,Azucar Azucarera Spot,prod_perdido,133.8,null,-133.8,0.1,null,1338,null
2691,"CAMPILLO MONDEJAR, C.B.",2023→2024,2023,2024,65005,Azúcar en polvo LS,vol_precio,408.6,792,383.4,0.3,0.6,1362,1320
430,"MONZO LUIS, S.L.",2023→2024,2023,2024,44010,Fructor 10/81,prod_perdido,1740,null,-1740,1.2,null,1450,null
6153,"RUBIO CERCOS, JOSE",2023→2024,2023,2024,44313,Apipasta Vitaminas 90% - Pienso para Apicultura,prod_perdido,93,null,-93,0.06,null,1550,null
1746,"PRIMITIVO PICO, S.A",2023→2024,2023,2024,61170,Mix Maltitol Sorbitol MS 74-8020,prod_perdido,59354.88,null,-59354.88,24.96,null,2378,null
9437,"EL CORTÍN DEL ABEYÓN, S.L.",2023→2024,2023,2024,44314,Apipasta 90% - BIO - Pienso completo - Apicultura,prod_perdido,178.2,null,-178.2,0.09,null,1980,null
9377,"CHAIX BORIS, JEAN-BAPTISTE SEBASTIEN",2023→2024,2023,2024,62001,Apimix - Pienso completo - Apicultura,sin_cambio,3636,3585.6,-50.40000000000009,3.6,3.6,1010,996
1241,"ACEITES DEL SUR-COOSUR, S.A.",2023→2024,2023,2024,43000,Maltitol Liquido 75-5308,prod_perdido,1896,null,-1896,1.2,null,1580,null
7171,"QUIRANTE FRUITS, S.L.",2023→2024,2023,2024,61225,CA1956,volumen,550011.17,51815.68,-498195.49000000005,425.376,40.074,1293,1293
6884,"ENVASADOS SEGOVIA, S.L.",2023→2024,2023,2024,7300007131,Azúcar Blanco EEC Nº2 Caña - Cassa  El Salvador,prod_perdido,123244.8,null,-123244.8,117.6,null,1048,null
244,"PAPISA, S.L.",2023→2024,2023,2024,7200017111,>45 ICUMSA - Palo Gordo Guatemala,vol_precio,15292.8,1032,-14260.8,14.4,1.2,1062,860
1557,"APICOLA PERPIÑAN GRAU, SAT",2023→2024,2023,2024,44301,Azucar Blanco – Materia Prima para Piensos,vol_precio,19960,33665,13705,19,44.75,1050.53,752.29
353,"QUALITY SPICES, S.L.",2023→2024,2023,2024,40110,Azúcar Moreno Brown (Azucarera),prod_perdido,3926.88,null,-3926.88,2.575,null,1525,null
2577,"IMPORTACO CASA PONS, S.A.U.",2023→2024,2023,2024,40350,Azúcar Granulado Extrafino,prod_perdido,50718.6,null,-50718.6,34.2,null,1483,null
4002,"ABB MJ FERNANDEZ ARANDA, S.L.",2023→2024,2023,2024,7300008021,Azúcar Blanco EEC Nº2 Caña - RAR  Portugal,prod_perdido,33535,null,-33535,33,null,1016.21,null
450,"LA FLOR BURGALESA, S.L.",2023→2024,2023,2024,43003,Maltitol 55/75,prod_perdido,4095,null,-4095,2.6,null,1575,null
9142,"SKAKO DARTEK, S.L.",2023→2024,2023,2024,40027,Azúcar Blanco 180I,sin_actividad,0,null,0,0,null,null,null
1470,"CROP SALSA, S.A.",2023→2024,2023,2024,7110009141,Azúcar Moreno >2500i - ASR  Belice,sin_actividad,0,null,0,0.001,null,0,null
5528,"FERNANDEZ LOPEZ, ANTONIO",2023→2024,2023,2024,62000,Mix Idoneo - Pienso Completo - Apicultura,prod_perdido,1100,null,-1100,1.1,null,1000,null
618,"BAYOGAR, S.L.",2023→2024,2023,2024,7400004011,Azúcar Bl. EEC nº2 REMOL - AZUCARERA ESPAÑA,prod_perdido,30620,null,-30620,25,null,1224.8,null
585,"COLOMA GARCIA, S.L.",2023→2024,2023,2024,7300039291,Azúcar Blanco EEC Nº2 Caña - Kampong Speu Camboya,vol_precio,51120,73608,22488,48,72,1065,1022.33
6621,"SILVESTRE ZAMORA, ANTONIO",2023→2024,2023,2024,44310,Apipasta 90% - Pienso completo - Apicultura,vol_precio,114.75,85.2,-29.549999999999997,0.075,0.06,1530,1420
8519,"PAULINO SOLANELLAS, S.L.",2023→2024,2023,2024,42001,Dextrosa C.Monohidrato Maiz Pallet Plast.  CHEP,prod_perdido,7700,null,-7700,5,null,1540,null
9159,"APISALCER, SLU",2023→2024,2023,2024,40030,Azucar azucarera trimestral,prod_perdido,133.8,null,-133.8,0.1,null,1338,null
1832,"SIERRAS ANDALUZAS, S.C.A.",2023→2024,2023,2024,44310,Apipasta 90% - Pienso completo - Apicultura,prod_perdido,4504.5,null,-4504.5,3.15,null,1430,null
8003,"OBLEAS QUINTIN, S.L.",2023→2024,2023,2024,60105,"Azúcar PI 73,5-67",prod_perdido,1704,null,-1704,1.2,null,1420,null
6751,"PEREZ GARCIA, ANDRES",2023→2024,2023,2024,62001,Apimix - Pienso completo - Apicultura,prod_perdido,575,null,-575,0.5,null,1150,null
4957,"TORRES OLIVARES, MARIO",2023→2024,2023,2024,44313,Apipasta Vitaminas 90% - Pienso para Apicultura,prod_perdido,302.25,null,-302.25,0.195,null,1550,null
9576,TRINOVA AG,2023→2024,2023,2024,61228,Fosvitae 95% Plus,sin_actividad,0,null,0,0.004,null,0,null
2860,"ACEITUNAS KARINA, S.L.",2023→2024,2023,2024,41005,Fructosa MAIZ Cristal Granulada,vol_precio,48925,10700,-38225,27.5,7.5,1779.09,1426.67
317,"ESTUCHADOS FANNY, S.L.",2023→2024,2023,2024,7200017111,>45 ICUMSA - Palo Gordo Guatemala,vol_precio,105420,60989.25,-44430.75,108.001,71.6,976.1,851.81
891,"MONTEALBOR ALIMENTACION, S.A.U",2023→2024,2023,2024,7300039291,Azúcar Blanco EEC Nº2 Caña - Kampong Speu Camboya,precio,1060,720,-340,1,1,1060,720
9224,JUS DE FRUITS D´ALSACE (JFA),2023→2024,2023,2024,60000,Azúcar Líquida Neutra 67º,sin_actividad,0,null,0,0.002,null,0,null
471,"FADICAMO, S.A.",2023→2024,2023,2024,7300039291,Azúcar Blanco EEC Nº2 Caña - Kampong Speu Camboya,volumen,48912,24240,-24672,48,24,1019,1010
2655,"GOMEZ MOYA, JESUS",2023→2024,2023,2024,65005,Azúcar en polvo LS,prod_perdido,122.58,null,-122.58,0.09,null,1362,null
4505,"FIESTA COLOMBINA, S.L.U.",2023→2024,2023,2024,7110009141,Azúcar Moreno >2500i - ASR  Belice,prod_perdido,67.5,null,-67.5,0.05,null,1350,null
3671,"LORENTE TORRALBA, JOSE MANUEL",2023→2024,2023,2024,44313,Apipasta Vitaminas 90% - Pienso para Apicultura,prod_perdido,465,null,-465,0.3,null,1550,null
244,"PAPISA, S.L.",2023→2024,2023,2024,7110009141,Azúcar Moreno >2500i - ASR  Belice,prod_perdido,320,null,-320,0.25,null,1280,null
9363,"TBMA EUROPE, B.V.",2023→2024,2023,2024,7200017111,>45 ICUMSA - Palo Gordo Guatemala,sin_actividad,0,null,0,0.1,null,0,null
2903,"MEDITERRANEA MELLIS, S.L.",2023→2024,2023,2024,61164,Mixco Sweet Plus-M 82-05.5141,prod_perdido,248642.54,0,-248642.54,158.061,0.001,1573.08,0
450,"LA FLOR BURGALESA, S.L.",2023→2024,2023,2024,40203,Azúcar BIO 300-500 -ES-ECO-024-MU (Agric No EU),prod_perdido,4770,null,-4770,3,null,1590,null
559,"DULCES OLMEDO GARCIA, S.L.",2023→2024,2023,2024,40207,Azúcar BIO <45 ES-ECO-024-MU Ag UE REMOLACHA,sin_actividad,0,null,0,0.001,null,0,null
4852,"ABELLAIRES EMPORDANESOS, S.A.T.",2023→2024,2023,2024,44314,Apipasta 90% - BIO - Pienso completo - Apicultura,prod_perdido,312,null,-312,0.15,null,2080,null
3791,"FORTEA CERAS Y MIELES, S.L.",2023→2024,2023,2024,44313,Apipasta Vitaminas 90% - Pienso para Apicultura,volumen,35017.5,16632,-18385.5,24.15,11.55,1450,1440
1023,"TORRONS VICENS, S.L.",2023→2024,2023,2024,44120,Glucor 45/80,prod_perdido,27108.1,null,-27108.1,17.66,null,1535,null
3478,"APICOLA LA PARRA, S.L.U.",2023→2024,2023,2024,44313,Apipasta Vitaminas 90% - Pienso para Apicultura,vol_precio,333914.7,241375.5,-92539.20000000001,231,203.16,1445.52,1188.11
8090,G.I.E. GROUPE LOMBARD,2023→2024,2023,2024,44313,Apipasta Vitaminas 90% - Pienso para Apicultura,prod_perdido,16978.5,null,-16978.5,11.55,null,1470,null
7171,"QUIRANTE FRUITS, S.L.",2023→2024,2023,2024,60222,Azúcar invertido 71º Caña,sin_actividad,0,null,0,0.001,null,0,null
3022,"LACTEOS DE NAVARRA, S.L.",2023→2024,2023,2024,61228,Fosvitae 95% Plus,sin_actividad,0,null,0,0.001,null,0,null
426,"CONSERVAS CYDONIA, S.A.",2023→2024,2023,2024,7300039291,Azúcar Blanco EEC Nº2 Caña - Kampong Speu Camboya,prod_perdido,21945,null,-21945,23.1,null,950,null
1746,"PRIMITIVO PICO, S.A",2023→2024,2023,2024,7400002031,Az Bl. EEC Nº2 Remolacha PTE DEST-Tereos Franci,prod_perdido,11880,null,-11880,12,null,990,null
9203,"SERVICIOS AGRICOLAS FITOBIG, S.L.",2023→2024,2023,2024,44015,Fructor 10/77,prod_perdido,9360,null,-9360,6.001,null,1559.74,null
1854,"ROYPAS BY NUTRIS, S.A.",2023→2024,2023,2024,7300037021,Azúcar Blanco EEC Nº2 Caña - Sidul  Portugal,vol_precio,13104.3,18480,5375.700000000001,12.1,24,1083,770
542,"SDAD.ESPAÑOLA COLOR. NATURALES Y AFINES, S.A.U.",2023→2024,2023,2024,7300016111,Azúcar Blanco EEC Nº2 Caña - Santa Ana Guatemala,prod_perdido,47886,null,-47886,46,null,1041,null
3482,"GALVEZ MARTINEZ, ANGEL",2023→2024,2023,2024,44313,Apipasta Vitaminas 90% - Pienso para Apicultura,volumen,418.5,186,-232.5,0.27,0.12,1550,1550
5622,"VISUS CASTRO, DAVID",2023→2024,2023,2024,44313,Apipasta Vitaminas 90% - Pienso para Apicultura,prod_perdido,3255,null,-3255,2.1,null,1550,null
7558,HARINAS CASTILLA LA MANCHA S.L,2023→2024,2023,2024,40024,Azúcar blanco EEC nº3 - 70 ICUMSA,prod_perdido,208320,null,-208320,186,null,1120,null
8718,"KHUTORIAN FROLENKOVA, ALEVTYNA",2023→2024,2023,2024,44314,Apipasta 90% - BIO - Pienso completo - Apicultura,prod_perdido,1116.23,null,-1116.23,0.495,null,2255.01,null
838,"HIJOS DE PABLO GIL GUILLEN, S.L.",2023→2024,2023,2024,7200017111,>45 ICUMSA - Palo Gordo Guatemala,sin_actividad,0,null,0,0,null,null,null
6884,"ENVASADOS SEGOVIA, S.L.",2023→2024,2023,2024,7300037021,Azúcar Blanco EEC Nº2 Caña - Sidul  Portugal,prod_perdido,23958,null,-23958,24.2,null,990,null
9157,"MAK FOOD COMPANY, S.L.",2023→2024,2023,2024,61278,Mixco Sweet 72-00.5050,vol_precio,486864.42,1131785.4,644920.98,418.643,1001.605,1162.96,1129.97
2763,"HERMANOS ROMAN ALAMINOS, S.L.",2023→2024,2023,2024,7300039291,Azúcar Blanco EEC Nº2 Caña - Kampong Speu Camboya,vol_precio,41173,114115.7,72942.7,39.4,118.56,1045,962.51
297,"TARBAL FOOD, S.L.",2023→2024,2023,2024,40000,Azúcar Blanco EEC Nº 2,prod_perdido,10117.8,null,-10117.8,7.3,null,1386,null
8349,"AGOTZAINA, S.L.",2023→2024,2023,2024,7600010012,Azúcar Perlado 2-Sudzucker España,prod_perdido,28815,null,-28815,17,null,1695,null
4383,"MANUFRI, S.L.",2023→2024,2023,2024,60006,A. Líq. Neutra 67 BL BIO- ACB ES-ECO-024-MU(No UE),prod_perdido,83231.5,null,-83231.5,50.875,null,1636,null
4369,"LA TIENDA DEL APICULTOR, S.L.U.",2023→2024,2023,2024,44302,Dextrosa Cristal –  Materia Prima para Piensos,vol_precio,1362.5,6868,5505.5,1.25,5.05,1090,1360
5002,"CERVEZAS FERNANDEZ PONS, S.L.",2023→2024,2023,2024,7810033151,Azúcar BIO 300-500 ICUMSA Elite India,prod_perdido,922.8,null,-922.8,0.6,null,1538,null
9434," ÁGUA SÃO SILVESTRE INDÚSTRIA DE BEBIDAS E PRODUTOS ALIMENTARES, S.A.",2023→2024,2023,2024,60000,Azúcar Líquida Neutra 67º,vol_precio,8259.57,3816,-4443.57,7.29,3.6,1133,1060
7867,"SINBLAT ALIMENTACION SALUDABLE, S.L.",2023→2024,2023,2024,7300037021,Azúcar Blanco EEC Nº2 Caña - Sidul  Portugal,prod_perdido,6272,null,-6272,5.6,null,1120,null
239,"ASOCIACION DE APICULTORES DE VIZCAYA, B.E.",2023→2024,2023,2024,44314,Apipasta 90% - BIO - Pienso completo - Apicultura,volumen,900,2100,1200,0.45,1.05,2000,2000
433,"SANCHIS MIRA, S.A.",2023→2024,2023,2024,7300005081,Azúcar Blanco EEC Nº2 Caña - Cosumar  Marruecos,prod_perdido,47760,null,-47760,48,null,995,null
6129,"VIDAL REVERTE, JOSE ANTONIO",2023→2024,2023,2024,44313,Apipasta Vitaminas 90% - Pienso para Apicultura,prod_perdido,69.75,null,-69.75,0.045,null,1550,null
9182,"CABALLERO TORRIJOS, JESUS",2023→2024,2023,2024,62001,Apimix - Pienso completo - Apicultura,prod_perdido,270,null,-270,0.25,null,1080,null
5934,"ZEBERIO BEGIRISTAIN, AGUEDA",2023→2024,2023,2024,44313,Apipasta Vitaminas 90% - Pienso para Apicultura,vol_precio,1627.5,2887.5,1260,1.05,2.1,1550,1375
2832,DULCES LA ABUELA COOP VNA,2023→2024,2023,2024,7110009141,Azúcar Moreno >2500i - ASR  Belice,vol_precio,768,1150,382,0.6,1,1280,1150
1987,"GOMEZ MURRIA, RAFAEL",2023→2024,2023,2024,44313,Apipasta Vitaminas 90% - Pienso para Apicultura,vol_precio,1976.25,1522.5,-453.75,1.275,1.05,1550,1450
401,"SOLER GIMENO, S.L.",2023→2024,2023,2024,7400004011,Azúcar Bl. EEC nº2 REMOL - AZUCARERA ESPAÑA,prod_perdido,160972.64,null,-160972.64,152.88,null,1052.93,null
4892,"COMEX BAKERY, S.L.U.",2023→2024,2023,2024,7500004011,Correfino EEC Nº2 Caña/Rem - Azucarera España,vol_precio,2313,3419,1106,1.8,2.6,1285,1315
5192,"WORLD WIDE IMPORT EXPORT CO, LTD.",2023→2024,2023,2024,44141,Glucor 37/79 (ENG),prod_perdido,4296,null,-4296,2.4,null,1790,null
6573,"GRAU SANCHEZ, MANUEL",2023→2024,2023,2024,44315,Apipasta PLUS - Pienso para Apicultura,vol_precio,147,214.48,67.47999999999999,0.07,0.112,2100,1915
6151,"FRULACT, S.A.",2023→2024,2023,2024,7110009141,Azúcar Moreno >2500i - ASR  Belice,vol_precio,135756,6857.81,-128898.19,115,6.896,1180.49,994.46
1293,"PAPRIMUR, S.L.",2023→2024,2023,2024,7400048311,Az. Bl. EEC nº2 Remol PTE DEST-Agrana Leop Austria,prod_perdido,952,null,-952,0.8,null,1190,null
9562,"BIO DARMA, S.L.",2023→2024,2023,2024,7800013151,Azúcar BIO Caña - Elite NOP  India,sin_actividad,0,null,0,0.001,null,0,null
5892,"DISTRIBUCIONES BOLLFROST, S.L.",2023→2024,2023,2024,61104,Mixco Sweet 81-05.5041 A-MI,prod_perdido,1610.4,null,-1610.4,1.2,null,1342,null
2081,"ZUMOS Y FRUTAS CONCENTRADOS, S.L.",2023→2024,2023,2024,60008,Azúcar líquida Neutra 65º,prod_perdido,368416,null,-368416,460.52,null,800,null
1728,"CEREALTO INDUSTRIAL SPAIN, S.A.",2023→2024,2023,2024,65016,Azúcar en polvo LM Pallet PLT,prod_perdido,30498,null,-30498,22.425,null,1360,null
261,"EZTIKIDETZA, S.A.T.",2023→2024,2023,2024,62000,Mix Idoneo - Pienso Completo - Apicultura,precio,1380,900,-480,1.2,1.2,1150,750
531,"DESARROLLOS PANADEROS LEVANTINOS, S.L.L.",2023→2024,2023,2024,7300039291,Azúcar Blanco EEC Nº2 Caña - Kampong Speu Camboya,prod_perdido,3960,null,-3960,4,null,990,null
8248,"CRA BODEGAS, S.L.",2023→2024,2023,2024,61245,Mixco Sweet 68-00.5050 I,prod_perdido,171706.56,null,-171706.56,149.44,null,1149,null
9443,ANTONIO NADAL DESTIL.LERIES S.L.,2023→2024,2023,2024,61142,Mixco Sweet 70-00.4252,sin_actividad,0,null,0,0.002,null,0,null
4002,"ABB MJ FERNANDEZ ARANDA, S.L.",2023→2024,2023,2024,7200029121,>45 ICUMSA - Mayaguez Colombia,prod_perdido,5250,null,-5250,5,null,1050,null
8352,ASOCIACION PROVINCIAL DE APICULTORES BURGALESES,2023→2024,2023,2024,44315,Apipasta PLUS - Pienso para Apicultura,prod_perdido,1596,null,-1596,0.84,null,1900,null
463,"REY ALIMENTACION, S.L.",2023→2024,2023,2024,44015,Fructor 10/77,prod_perdido,1704,null,-1704,1.2,null,1420,null
609,"ALBORCHATA,S.L.",2023→2024,2023,2024,40016,Azúcar Blanco EEC Nº 2,prod_perdido,9576,null,-9576,8,null,1197,null
542,"SDAD.ESPAÑOLA COLOR. NATURALES Y AFINES, S.A.U.",2023→2024,2023,2024,40000,Azúcar Blanco EEC Nº 2,prod_perdido,569682,null,-569682,577.2,null,986.98,null
2112,"LACASA, S.A.U.",2023→2024,2023,2024,40206,Azúcar Blanco BIO ES-ECO-024-MU Ag No UE NOP,vol_precio,326549,26136,-300413,239.975,19.8,1360.76,1320
3409,"MAGNOLIA PREMIUM, S.L.",2023→2024,2023,2024,63100,PEP58,prod_perdido,834668.96,null,-834668.96,665.76,null,1253.71,null
5528,"FERNANDEZ LOPEZ, ANTONIO",2023→2024,2023,2024,62001,Apimix - Pienso completo - Apicultura,vol_precio,4406.4,12193.39,7786.99,4.08,14.16,1080,861.12
1143,"AZUCARES ANTOÑIN, S.L.",2023→2024,2023,2024,40000,Azúcar Blanco EEC Nº 2,prod_perdido,183199,null,-183199,167,null,1097,null
4406,"BELMAR GRAU, JONATAN",2023→2024,2023,2024,62001,Apimix - Pienso completo - Apicultura,prod_perdido,347.28,null,-347.28,0.306,null,1134.9,null
566,"ALMACENES MIGUEZ 2005,S.L.",2023→2024,2023,2024,62020,Mix Fructor Apicultor - Pienso completo - Apicult.,vol_precio,36499.17,17171.4,-19327.769999999997,34.281,21.653,1064.71,793.03
5528,"FERNANDEZ LOPEZ, ANTONIO",2023→2024,2023,2024,44310,Apipasta 90% - Pienso completo - Apicultura,prod_perdido,17205.3,null,-17205.3,12.6,null,1365.5,null
482,"PRODUCTOS VIRGEN DEL BREZO, S.A.U",2023→2024,2023,2024,7300008021,Azúcar Blanco EEC Nº2 Caña - RAR  Portugal,prod_perdido,21600,null,-21600,20,null,1080,null
7671,"PETROV VALKOV, PLAMEN",2023→2024,2023,2024,44313,Apipasta Vitaminas 90% - Pienso para Apicultura,prod_perdido,69.75,null,-69.75,0.045,null,1550,null
1661,"DELAVIUDA ALIMENTACION, S.A",2023→2024,2023,2024,61287,Fosvitae 95% Plus BIO ES-ECO-024-MU Agric. UE,sin_actividad,0,0,0,0.001,0.01,0,0
8962,"QUEROL ADELL, RAUL",2023→2024,2023,2024,44313,Apipasta Vitaminas 90% - Pienso para Apicultura,prod_perdido,1395,null,-1395,0.9,null,1550,null
397,"DISTRIBUCIONES ACEMAN, S.L.",2023→2024,2023,2024,7300039291,Azúcar Blanco EEC Nº2 Caña - Kampong Speu Camboya,prod_perdido,23928,null,-23928,24,null,997,null
463,"REY ALIMENTACION, S.L.",2023→2024,2023,2024,7300016111,Azúcar Blanco EEC Nº2 Caña - Santa Ana Guatemala,prod_perdido,8560,null,-8560,8,null,1070,null
4203,SARL API-CULTURE,2023→2024,2023,2024,44351,Apipasta 90% - Pienso completo – APICANDI,prod_perdido,25771.5,null,-25771.5,17.55,null,1468.46,null
527,"CARNICAS SERRANO, S.L.",2023→2024,2023,2024,40030,Azucar azucarera trimestral,prod_perdido,2484,null,-2484,1.8,null,1380,null
570,"INDALVA, S.L.",2023→2024,2023,2024,7300039291,Azúcar Blanco EEC Nº2 Caña - Kampong Speu Camboya,vol_precio,2380,3150,770,2,3,1190,1050
4329,"ZAFRA SANTILLANA, ELOY",2023→2024,2023,2024,62000,Mix Idoneo - Pienso Completo - Apicultura,vol_precio,2180,4081,1901,2,5.83,1090,700
4013,"JIJOVAL HELADOS, S.L.",2023→2024,2023,2024,7500004011,Correfino EEC Nº2 Caña/Rem - Azucarera España,prod_perdido,13797,null,-13797,12.6,null,1095,null
4997,"PRODUCTOS LA MULATA, S.L.",2023→2024,2023,2024,44131,Glucor 37/79,vol_precio,14522.2,5256,-9266.2,9.43,3.6,1540,1460
4566,"CONFETICAKES, S.L.",2023→2024,2023,2024,7200017111,>45 ICUMSA - Palo Gordo Guatemala,prod_perdido,24552,null,-24552,24,null,1023,null
9194,"HELADOS JOP, S.L.",2023→2024,2023,2024,44131,Glucor 37/79,vol_precio,29079,2856,-26223,17.95,2.4,1620,1190
846,"PRODUCTOS ORGANICOS NAT.,S.L.",2023→2024,2023,2024,42000,Dextrosa Cristal Monohidrato Maiz,prod_perdido,740,null,-740,0.4,null,1850,null
2570,"NATRA OÑATI, S.A.",2023→2024,2023,2024,7300037021,Azúcar Blanco EEC Nº2 Caña - Sidul  Portugal,prod_perdido,277948,null,-277948,252.68,null,1100,null
3195,"HEINEKEN ESPAÑA, S.A",2023→2024,2023,2024,60005,Azúcar Liquida Neutra en M.Seca,prod_perdido,19799.96,null,-19799.96,14.296,null,1385,null
7977,"AGRO SEVILLA ACEITUNAS, S.C.A.",2023→2024,2023,2024,61142,Mixco Sweet 70-00.4252,sin_actividad,0,null,0,0.006,null,0,null
1569,"ALHAMA FERRER, JUAN ANTONIO",2023→2024,2023,2024,44313,Apipasta Vitaminas 90% - Pienso para Apicultura,prod_perdido,46.5,null,-46.5,0.03,null,1550,null
8253,"ALVAREZ PONCE, ROCIO",2023→2024,2023,2024,44314,Apipasta 90% - BIO - Pienso completo - Apicultura,vol_precio,1020,999.75,-20.25,0.51,0.645,2000,1550
6332,"NAVALES MONTERUBIO, TOMAS",2023→2024,2023,2024,44313,Apipasta Vitaminas 90% - Pienso para Apicultura,prod_perdido,930,null,-930,0.6,null,1550,null
5192,"WORLD WIDE IMPORT EXPORT CO, LTD.",2023→2024,2023,2024,62074,Mix Golden Jarabe (ENG),prod_perdido,3475.2,null,-3475.2,2.4,null,1448,null
9194,"HELADOS JOP, S.L.",2023→2024,2023,2024,43100,Sorbitol Liquido 70% No cristalizable,prod_perdido,2220,null,-2220,1.2,null,1850,null
1314,"MANUFACTURAS PIBERNAT, S.L.",2023→2024,2023,2024,40000,Azúcar Blanco EEC Nº 2,prod_perdido,8400,null,-8400,7,null,1200,null
1063,"LAB. DE SINTESIS ORGANICA J.A.F., S.L.",2023→2024,2023,2024,41000,Fructosa MAIZ Cristal,prod_perdido,370,null,-370,0.2,null,1850,null
431,"DICARCONO, S.L.",2023→2024,2023,2024,40000,Azúcar Blanco EEC Nº 2,prod_perdido,560320,null,-560320,560.32,null,1000,null
4383,"MANUFRI, S.L.",2023→2024,2023,2024,61207,Mixco Sweet 74-00.5050 M1,volumen,345099.98,568228.44,223128.45999999996,224.76,365.16,1535.42,1556.11
431,"DICARCONO, S.L.",2023→2024,2023,2024,7300037021,Azúcar Blanco EEC Nº2 Caña - Sidul  Portugal,vol_precio,1035,47277.3,46242.3,1,47.9,1035,987
9157,"MAK FOOD COMPANY, S.L.",2023→2024,2023,2024,99950,Producto de Pruebas Líquido - 1,prod_ganado,0,42.33,42.33,0.044,0.085,0,498
4587,"CARMAX GLASS, S.L.",2023→2024,2023,2024,44315,Apipasta PLUS - Pienso para Apicultura,precio,9900.8,7862.4,-2038.3999999999996,4.788,4.858,2067.84,1618.44
7233,"GARCIA PALAZON, TEODORO",2023→2024,2023,2024,44313,Apipasta Vitaminas 90% - Pienso para Apicultura,prod_perdido,372,null,-372,0.24,null,1550,null
297,"TARBAL FOOD, S.L.",2023→2024,2023,2024,44120,Glucor 45/80,prod_perdido,59097.5,null,-59097.5,38.5,null,1535,null
9157,"MAK FOOD COMPANY, S.L.",2023→2024,2023,2024,61177,Mixco Sweet 81-00.0932 A-MI,sin_actividad,0,0,0,0.002,0.005,0,0
471,"FADICAMO, S.A.",2023→2024,2023,2024,40000,Azúcar Blanco EEC Nº 2,prod_perdido,12650,null,-12650,11,null,1150,null
7452,"CONSERVAS EL RAAL, S.L.U.",2023→2024,2023,2024,7300005081,Azúcar Blanco EEC Nº2 Caña - Cosumar  Marruecos,prod_perdido,10700,null,-10700,10,null,1070,null
1787,"DULCES DEL TURIA, S.L.",2023→2024,2023,2024,40016,Azúcar Blanco EEC Nº 2,prod_perdido,2580,null,-2580,2,null,1290,null
9443,ANTONIO NADAL DESTIL.LERIES S.L.,2023→2024,2023,2024,60010,Azúcar Liquida Neutra S.A.,sin_actividad,0,null,0,0.003,null,0,null
516,"PAIARROP, S.L.",2023→2024,2023,2024,40201,Azúcar Blanco BIO ES-ECO-024-MU Ag No UE,prod_perdido,588,null,-588,0.375,null,1568,null
9361,"IBERLIQUIDOS, S.L.",2023→2024,2023,2024,43100,Sorbitol Liquido 70% No cristalizable,prod_perdido,7361.7,null,-7361.7,24.539,null,300,null
499,"MELS CARLET, S.L.",2023→2024,2023,2024,44302,Dextrosa Cristal –  Materia Prima para Piensos,precio,51205.13,45112.5,-6092.629999999997,47.849,48.25,1070.14,934.97
3372,"GUFRESCO, S.L.",2023→2024,2023,2024,41005,Fructosa MAIZ Cristal Granulada,volumen,1785,892.5,-892.5,1,0.5,1785,1785
4154,"HEALTHY RAW MATERIALS, S.L.",2023→2024,2023,2024,43150,Sorbitol en Polvo,prod_perdido,22454,null,-22454,10.9,null,2060,null
8090,G.I.E. GROUPE LOMBARD,2023→2024,2023,2024,44315,Apipasta PLUS - Pienso para Apicultura,prod_perdido,6384,null,-6384,3.36,null,1900,null
2570,"NATRA OÑATI, S.A.",2023→2024,2023,2024,7300005081,Azúcar Blanco EEC Nº2 Caña - Cosumar  Marruecos,prod_perdido,280148,null,-280148,254.68,null,1100,null
1253,"HORCHATA EL COSECHERO, S.L.",2023→2024,2023,2024,7300008021,Azúcar Blanco EEC Nº2 Caña - RAR  Portugal,prod_perdido,9360,null,-9360,9,null,1040,null
1374,"GALLETAS REYGA, S.L.U",2023→2024,2023,2024,7300005081,Azúcar Blanco EEC Nº2 Caña - Cosumar  Marruecos,prod_perdido,51717.8,null,-51717.8,50.26,null,1029.01,null
6449,"PRODEL AGRICOLA, S.L.",2023→2024,2023,2024,44313,Apipasta Vitaminas 90% - Pienso para Apicultura,vol_precio,23487.75,27300,3812.25,16.425,21,1430,1300
401,"SOLER GIMENO, S.L.",2023→2024,2023,2024,65005,Azúcar en polvo LS,precio,2983.5,2418,-565.5,1.95,1.95,1530,1240
5936,"MORANTE SIERRA, JOSE IGNACIO",2023→2024,2023,2024,44315,Apipasta PLUS - Pienso para Apicultura,prod_perdido,957.6,null,-957.6,0.42,null,2280,null
3595,"CALATAYUD MIRO, SALVADOR",2023→2024,2023,2024,62001,Apimix - Pienso completo - Apicultura,prod_perdido,1332,null,-1332,1.2,null,1110,null
4619,"EUROPEA DE APICULTURA, S.L.",2023→2024,2023,2024,62001,Apimix - Pienso completo - Apicultura,volumen,1008,2016,1008,0.84,1.68,1200,1200
5934,"ZEBERIO BEGIRISTAIN, AGUEDA",2023→2024,2023,2024,44315,Apipasta PLUS - Pienso para Apicultura,prod_perdido,27.72,null,-27.72,0.014,null,1980,null
321,"PRODUCTOS PEPITO, S.L.U.",2023→2024,2023,2024,7300039291,Azúcar Blanco EEC Nº2 Caña - Kampong Speu Camboya,vol_precio,48376.4,3511.2,-44865.200000000004,48.6,4.8,995.4,731.5
3921,"IBERFRUTA MUERZA, S.A.",2023→2024,2023,2024,40000,Azúcar Blanco EEC Nº 2,prod_perdido,172640,null,-172640,166,null,1040,null
3699,"GONZALEZ CARBALLAL, S.L.",2023→2024,2023,2024,62001,Apimix - Pienso completo - Apicultura,vol_precio,174767.88,71830.27,-102937.61,178.285,77.93,980.27,921.73
3144,"DALLANT, S.A.",2023→2024,2023,2024,61200,Fosvitae 85%,sin_actividad,0,null,0,0.001,null,0,null
577,"FARTONS POLO, S.L.",2023→2024,2023,2024,62401,Fondant ES-R02,vol_precio,18793.58,2682.24,-16111.340000000002,12.405,1.92,1515,1397
367,"CASA ROJA MONTEGON, S.L.",2023→2024,2023,2024,44015,Fructor 10/77,prod_perdido,13591.32,null,-13591.32,9.546,null,1423.77,null
9274,SUSTAINABLE APIARIES,2023→2024,2023,2024,44313,Apipasta Vitaminas 90% - Pienso para Apicultura,vol_precio,3087,3045,-42,2.1,2.205,1470,1380.95
2074,"ALFREDO IÑESTA, S.L",2023→2024,2023,2024,40203,Azúcar BIO 300-500 -ES-ECO-024-MU (Agric No EU),prod_perdido,729,null,-729,0.5,null,1458,null
4002,"ABB MJ FERNANDEZ ARANDA, S.L.",2023→2024,2023,2024,7200017111,>45 ICUMSA - Palo Gordo Guatemala,prod_perdido,32855.16,-8100,-40955.16,35.973,-9,913.33,900
3833,"ASTURIAS APICOLA, S.L.",2023→2024,2023,2024,44310,Apipasta 90% - Pienso completo - Apicultura,prod_perdido,5701.5,null,-5701.5,4.2,null,1357.5,null
9319,"TRATAMIENTOS BIO-ECOLOGICOS, S.A.",2023→2024,2023,2024,60114,"Azúcar PI 73,5-67-C",sin_actividad,0,null,0,0.001,null,0,null
594,"CERVERO AUSINA, JULIO",2023→2024,2023,2024,60010,Azúcar Liquida Neutra S.A.,vol_precio,18709.11,21175.09,2465.9799999999996,15.63,19.236,1197,1100.81
595,"ROSCRIS BENIOPA, S.L",2023→2024,2023,2024,7300037021,Azúcar Blanco EEC Nº2 Caña - Sidul  Portugal,prod_perdido,2380,null,-2380,2,null,1190,null
9389,"ARÉVALO FERNÁNDEZ, FRANCISCO",2023→2024,2023,2024,44313,Apipasta Vitaminas 90% - Pienso para Apicultura,prod_perdido,23.25,null,-23.25,0.015,null,1550,null
827,"TOMAS JIMENEZ, IGNACIO GERMAN",2023→2024,2023,2024,7500004011,Correfino EEC Nº2 Caña/Rem - Azucarera España,prod_perdido,334.5,null,-334.5,0.25,null,1338,null
4286,"FERNANDEZ MOYA, ANGEL",2023→2024,2023,2024,44315,Apipasta PLUS - Pienso para Apicultura,prod_perdido,385.56,null,-385.56,0.196,null,1967.14,null
559,"DULCES OLMEDO GARCIA, S.L.",2023→2024,2023,2024,7300039291,Azúcar Blanco EEC Nº2 Caña - Kampong Speu Camboya,prod_perdido,140140,null,-140140,143,null,980,null
1252,"APIGALOES, S.C.",2023→2024,2023,2024,44313,Apipasta Vitaminas 90% - Pienso para Apicultura,prod_perdido,18270,null,-18270,12.6,null,1450,null
9097,"CAFES MIÑANA, S.A.",2023→2024,2023,2024,40000,Azúcar Blanco EEC Nº 2,prod_perdido,1089,null,-1089,0.9,null,1210,null
428,"PASTELERIA INDUSTRIAL MONTE TURIA, S.A.",2023→2024,2023,2024,40000,Azúcar Blanco EEC Nº 2,prod_perdido,174047.5,null,-174047.5,161.7,null,1076.36,null
3552,"VERDU RUIZ, ANTONIO",2023→2024,2023,2024,62001,Apimix - Pienso completo - Apicultura,prod_perdido,1854.36,null,-1854.36,1.717,null,1080,null
6270,"PANADERIA NTRA.SRA.DE LA CABEZA, S.L.",2023→2024,2023,2024,7300037021,Azúcar Blanco EEC Nº2 Caña - Sidul  Portugal,prod_perdido,571.2,null,-571.2,0.48,null,1190,null
5142,"GARCIA FERNANDEZ, MIGUEL",2023→2024,2023,2024,44314,Apipasta 90% - BIO - Pienso completo - Apicultura,prod_perdido,1591.2,null,-1591.2,0.765,null,2080,null
933,"DULCESTEPA, S.A.",2023→2024,2023,2024,7300037021,Azúcar Blanco EEC Nº2 Caña - Sidul  Portugal,prod_perdido,11858,null,-11858,12.1,null,980,null
440,"MAZAPANES Y DULCES DE TOLEDO, S.A.",2023→2024,2023,2024,7500004011,Correfino EEC Nº2 Caña/Rem - Azucarera España,vol_precio,25272,6560,-18712,24.3,8,1040,820
400,"ASOCIACION IND. ALICANTINA DEL HELADO, S.A.",2023→2024,2023,2024,7300005081,Azúcar Blanco EEC Nº2 Caña - Cosumar  Marruecos,vol_precio,398301.9,25958.1,-372343.80000000005,384.06,26.3,1037.08,987
1135,"ABRIL ABRIL, ALFONSO",2023→2024,2023,2024,62001,Apimix - Pienso completo - Apicultura,prod_perdido,7992,null,-7992,7.2,null,1110,null
2364,"M&C BAKERY, S.L",2023→2024,2023,2024,60105,"Azúcar PI 73,5-67",vol_precio,81474,109875.6,28401.600000000006,55.05,82.8,1480,1327
400,"ASOCIACION IND. ALICANTINA DEL HELADO, S.A.",2023→2024,2023,2024,7300039291,Azúcar Blanco EEC Nº2 Caña - Kampong Speu Camboya,vol_precio,369073.2,536878.58,167805.37999999995,354.32,607.06,1041.64,884.39
7440,"LOPEZ FOOD GROUP, S.L.",2023→2024,2023,2024,7400048311,Az. Bl. EEC nº2 Remol PTE DEST-Agrana Leop Austria,prod_perdido,118618.5,null,-118618.5,115.5,null,1027,null
452,"TEICHENNE, S.A.",2023→2024,2023,2024,60010,Azúcar Liquida Neutra S.A.,vol_precio,339431.7,208291.38,-131140.32,374.9,296.7,905.39,702.03
2642,"BONDIA SALVO, S.L.",2023→2024,2023,2024,49006,Almidón nativo de Maiz,prod_perdido,1840,null,-1840,1.6,null,1150,null
8304,"GALLEGO MOLERO,FERMIN ",2023→2024,2023,2024,44313,Apipasta Vitaminas 90% - Pienso para Apicultura,volumen,9261,1522.5,-7738.5,6.3,1.05,1470,1450
400,"ASOCIACION IND. ALICANTINA DEL HELADO, S.A.",2023→2024,2023,2024,40016,Azúcar Blanco EEC Nº 2,prod_perdido,78177,null,-78177,69,null,1133,null
7709,"SEDIA INNOVACION AGROALIMENTARIA, S.L.",2023→2024,2023,2024,65005,Azúcar en polvo LS,prod_perdido,2792.4,null,-2792.4,1.95,null,1432,null
7115,"RIVERBEND ESPAÑA, S.A",2023→2024,2023,2024,60019,Azúcar Líquida Neutra 67º- Remolacha,prod_perdido,8569,null,-8569,8.2,null,1045,null
9469,FLOURMILLS THRAKIS I OUZOUNOPOULOS SA,2023→2024,2023,2024,61287,Fosvitae 95% Plus BIO ES-ECO-024-MU Agric. UE,vol_precio,82698.8,352021.36,269322.56,23.23,112.724,3560,3122.86
550,"REPOSTERIA PORTA, S.L.",2023→2024,2023,2024,7110009141,Azúcar Moreno >2500i - ASR  Belice,prod_perdido,1320,null,-1320,1,null,1320,null
9364,"SWECO EUROPE, S.A.",2023→2024,2023,2024,7200017111,>45 ICUMSA - Palo Gordo Guatemala,sin_actividad,0,null,0,0.2,null,0,null
3833,"ASTURIAS APICOLA, S.L.",2023→2024,2023,2024,44313,Apipasta Vitaminas 90% - Pienso para Apicultura,vol_precio,37029,39945,2916,25.5,32.4,1452.12,1232.87
517,"DUPAN, S.L.",2023→2024,2023,2024,44015,Fructor 10/77,sin_actividad,0,null,0,0.001,null,0,null
7171,"QUIRANTE FRUITS, S.L.",2023→2024,2023,2024,64510,CATI  70,vol_precio,200331.6,237909,37577.399999999994,204.42,226.58,980,1050
6041,"AGROLLAVOR SUPERVERT, S.L.",2023→2024,2023,2024,44314,Apipasta 90% - BIO - Pienso completo - Apicultura,prod_perdido,304.42,null,-304.42,0.135,null,2254.96,null
2751,"INIESTA GARCIA, MARIA DOLORES",2023→2024,2023,2024,7200017111,>45 ICUMSA - Palo Gordo Guatemala,volumen,6392,3384,-3008,6.8,3.6,940,940
9565,NORDIK BUCKFAST,2023→2024,2023,2024,44315,Apipasta PLUS - Pienso para Apicultura,prod_ganado,0,3040.8,3040.8,0.001,1.68,0,1810
297,"TARBAL FOOD, S.L.",2023→2024,2023,2024,7400048311,Az. Bl. EEC nº2 Remol PTE DEST-Agrana Leop Austria,prod_perdido,5544,null,-5544,4,null,1386,null
5513,"RICAU MARZAR, ROBERTO MANUEL",2023→2024,2023,2024,44301,Azucar Blanco – Materia Prima para Piensos,prod_perdido,3420,null,-3420,3.6,null,950,null
1080,"VIDAL GOLOSINAS, S.A.",2023→2024,2023,2024,62150,Jarabe de Melaza de Caña,vol_precio,1059.6,31452.5,30392.9,1.2,27.35,883,1150
3367,"MAMERTO DE LA VARA, S.L.",2023→2024,2023,2024,7300039291,Azúcar Blanco EEC Nº2 Caña - Kampong Speu Camboya,precio,11880,7524,-4356,12,12,990,627
7463,"ESTEBAN REMON, ELENA MARIA",2023→2024,2023,2024,65005,Azúcar en polvo LS,prod_perdido,81.72,null,-81.72,0.06,null,1362,null
5409,"TORTAJADA CAURIN, MARIO",2023→2024,2023,2024,44015,Fructor 10/77,prod_perdido,1788,null,-1788,1.2,null,1490,null
1787,"DULCES DEL TURIA, S.L.",2023→2024,2023,2024,40030,Azucar azucarera trimestral,prod_perdido,1161,null,-1161,0.9,null,1290,null
2347,"DESTILERIAS WIFREDO RIZO, S.L.",2023→2024,2023,2024,44015,Fructor 10/77,prod_perdido,1788,null,-1788,1.2,null,1490,null
4369,"LA TIENDA DEL APICULTOR, S.L.U.",2023→2024,2023,2024,44313,Apipasta Vitaminas 90% - Pienso para Apicultura,vol_precio,189146.25,217570.5,28424.25,130.875,178.5,1445.24,1218.88
9183,"VIVER KOMBUCHA, S.L.",2023→2024,2023,2024,40201,Azúcar Blanco BIO ES-ECO-024-MU Ag No UE,prod_perdido,24846,null,-24846,18.001,null,1380.26,null
7614,"HIJOS DE FRANCISCO SERRANO, S.A.",2023→2024,2023,2024,60010,Azúcar Liquida Neutra S.A.,vol_precio,135928.3,66103.46,-69824.83999999998,147.7,120.62,920.3,548.03
9301,"BLANCH DOLCET, RAMON",2023→2024,2023,2024,62001,Apimix - Pienso completo - Apicultura,prod_perdido,11229,null,-11229,11.82,null,950,null
2832,DULCES LA ABUELA COOP VNA,2023→2024,2023,2024,62401,Fondant ES-R02,vol_precio,22896,14089.63,-8806.37,14.4,11.85,1590,1189
1747,"FRUIT TECH NATURAL, S.A.",2023→2024,2023,2024,7300005081,Azúcar Blanco EEC Nº2 Caña - Cosumar  Marruecos,vol_precio,73897,21280,-52617,69,22.4,1070.97,950
482,"PRODUCTOS VIRGEN DEL BREZO, S.A.U",2023→2024,2023,2024,7400004011,Azúcar Bl. EEC nº2 REMOL - AZUCARERA ESPAÑA,prod_perdido,25920,null,-25920,24,null,1080,null
3144,"DALLANT, S.A.",2023→2024,2023,2024,41005,Fructosa MAIZ Cristal Granulada,sin_actividad,0,null,0,0,null,null,null
1752,"ROYMY 21, S.L",2023→2024,2023,2024,62150,Jarabe de Melaza de Caña,vol_precio,243060.55,102727.5,-140333.05,211.357,92.38,1150,1112.01
6636,"TECNICAS MECANICAS ILERDENSES, S.L.",2023→2024,2023,2024,65020,Azúcar en polvo SG - LM Micronizada,sin_actividad,0,null,0,0,null,null,null
1196,"ESTUCHADOS JUCAR, S.L.U.",2023→2024,2023,2024,40000,Azúcar Blanco EEC Nº 2,prod_perdido,79200,null,-79200,72,null,1100,null
1284,"FRUTAS Y TURRONES, S.A.",2023→2024,2023,2024,43000,Maltitol Liquido 75-5308,prod_perdido,9685,null,-9685,6.5,null,1490,null
441,"LICORES DROL`S, S.L.",2023→2024,2023,2024,60010,Azúcar Liquida Neutra S.A.,vol_precio,16152.53,26703.66,10551.13,16.842,42.053,959.06,635
2548,"MEETINGCOOK, S.L.",2023→2024,2023,2024,40025,Azucar Azucarera Spot,prod_perdido,1215,null,-1215,0.9,null,1350,null
3693,"GRAU SEVILLA, RAMON",2023→2024,2023,2024,7300007131,Azúcar Blanco EEC Nº2 Caña - Cassa  El Salvador,prod_perdido,357,null,-357,0.3,null,1190,null
9365,MIELLERIE VAUDOISE,2023→2024,2023,2024,62001,Apimix - Pienso completo - Apicultura,volumen,4848,5976,1128,4.8,6,1010,996
7612,DPTO. COMERCIAL,2023→2024,2023,2024,61200,Fosvitae 85%,sin_actividad,0,null,0,0.001,null,0,null
4767,"CAMAÑAS QUEROL, JOSE EVELIO",2023→2024,2023,2024,44313,Apipasta Vitaminas 90% - Pienso para Apicultura,prod_perdido,162.75,null,-162.75,0.105,null,1550,null
889,"ESPECIALIDADES DEL OBRADOR, S.L.",2023→2024,2023,2024,7110009141,Azúcar Moreno >2500i - ASR  Belice,prod_perdido,453.75,null,-453.75,0.375,null,1210,null
1908,"JAKE, S.A.",2023→2024,2023,2024,40013,Azucar Blanco EEC Nº2 Extrafino,sin_actividad,0,null,0,0.001,null,0,null
1774,"BODEGAS VINIVAL, S.L.",2023→2024,2023,2024,61293,Mixco Sweet 70-55.0045,vol_precio,46643.86,85106.3,38462.44,49.78,109.9,937,774.4
1233,"VALENCIANA PASTELERA, S.L.",2023→2024,2023,2024,60105,"Azúcar PI 73,5-67",vol_precio,5364,7709.5,2345.5,3.6,5.87,1490,1313.37
6569,SOCIEDAD ANONIMA DAMM,2023→2024,2023,2024,99950,Producto de Pruebas Líquido - 1,sin_actividad,0,null,0,0.002,null,0,null
1314,"MANUFACTURAS PIBERNAT, S.L.",2023→2024,2023,2024,42000,Dextrosa Cristal Monohidrato Maiz,prod_perdido,30587.5,null,-30587.5,17.5,null,1747.86,null
2767,"DULCEPLUS GOLOSINAS, S.A.",2023→2024,2023,2024,62150,Jarabe de Melaza de Caña,vol_precio,16153.5,13675.66,-2477.84,13.35,11.62,1210,1176.91
4854,"FERRANDIS RIBES, JOSE ENRIQUE",2023→2024,2023,2024,62001,Apimix - Pienso completo - Apicultura,prod_perdido,540,null,-540,0.5,null,1080,null
1771,"EL CASERIO, S.A",2023→2024,2023,2024,40000,Azúcar Blanco EEC Nº 2,prod_perdido,89411.4,null,-89411.4,76.42,null,1170,null
3022,"LACTEOS DE NAVARRA, S.L.",2023→2024,2023,2024,60000,Azúcar Líquida Neutra 67º,sin_actividad,0,null,0,0.001,null,0,null
5661,"MONFORT CEBRIAN, WILMAR",2023→2024,2023,2024,44315,Apipasta PLUS - Pienso para Apicultura,prod_perdido,1062.6,null,-1062.6,0.63,null,1686.67,null
3653,"BULEO MIEL, S.L.",2023→2024,2023,2024,44313,Apipasta Vitaminas 90% - Pienso para Apicultura,prod_perdido,1543.5,null,-1543.5,1.05,null,1470,null
846,"PRODUCTOS ORGANICOS NAT.,S.L.",2023→2024,2023,2024,7400048311,Az. Bl. EEC nº2 Remol PTE DEST-Agrana Leop Austria,prod_perdido,360,null,-360,0.3,null,1200,null
9022,"SYMRISE IBÉRICA, S.L.",2023→2024,2023,2024,65020,Azúcar en polvo SG - LM Micronizada,sin_actividad,0,null,0,0.001,null,0,null
484,"PRODUCTOS LA PILARICA, S.A.",2023→2024,2023,2024,7300008021,Azúcar Blanco EEC Nº2 Caña - RAR  Portugal,prod_perdido,15000,null,-15000,12,null,1250,null
3287,"DELAFRUIT, S.L.U",2023→2024,2023,2024,40025,Azucar Azucarera Spot,prod_perdido,5220,null,-5220,3.6,null,1450,null
450,"LA FLOR BURGALESA, S.L.",2023→2024,2023,2024,40000,Azúcar Blanco EEC Nº 2,prod_perdido,88637.6,null,-88637.6,80.8,null,1097,null
3294,"PUNTO GOFRE, S.L.",2023→2024,2023,2024,43101,Sorbitol Liquido 70% No cristalizable - EPSA,vol_precio,13026,13767,741,7.8,9.1,1670,1512.86
1854,"ROYPAS BY NUTRIS, S.A.",2023→2024,2023,2024,7300039291,Azúcar Blanco EEC Nº2 Caña - Kampong Speu Camboya,vol_precio,79297.6,367302.4,288004.80000000005,73.12,374.88,1084.49,979.79
1760,"GONZALEZ BYASS, S.A",2023→2024,2023,2024,60010,Azúcar Liquida Neutra S.A.,vol_precio,254888.82,37808,-217080.82,272.38,49.8,935.78,759.2
8486,BIENENLAND,2023→2024,2023,2024,44313,Apipasta Vitaminas 90% - Pienso para Apicultura,prod_perdido,3087,null,-3087,2.1,null,1470,null
6453,"PRODUCTOS MEDITERRANEO BELCHI SALAS, S.L.",2023→2024,2023,2024,40030,Azucar azucarera trimestral,prod_perdido,936.6,null,-936.6,0.7,null,1338,null
5661,"MONFORT CEBRIAN, WILMAR",2023→2024,2023,2024,44313,Apipasta Vitaminas 90% - Pienso para Apicultura,prod_perdido,2269.5,null,-2269.5,1.44,null,1576.04,null
5000,"PROCAMP CA'N LLANERAS, S.A.",2023→2024,2023,2024,44314,Apipasta 90% - BIO - Pienso completo - Apicultura,prod_perdido,60,null,-60,0.03,null,2000,null
405,"CHOVI, S.L.",2023→2024,2023,2024,60000,Azúcar Líquida Neutra 67º,vol_precio,591039.14,112776.89,-478262.25,588.776,127.746,1003.84,882.82
271,"LABORATORIOS ALMOND, S.L.",2023→2024,2023,2024,63101,PEP58 - LM,volumen,97977.6,21312,-76665.6,76.545,16.65,1280,1280
9567,SIKA S.A.U.,2023→2024,2023,2024,7400002031,Az Bl. EEC Nº2 Remolacha PTE DEST-Tereos Franci,volumen,3161.6,6718.4,3556.7999999999997,3.2,6.8,988,988
2577,"IMPORTACO CASA PONS, S.A.U.",2023→2024,2023,2024,7600004011,Azúcar Granulado Extrafino-Azucarera España,prod_perdido,40041,null,-40041,27,null,1483,null
432,"CHOCOLATES ALGARRA, S.L.",2023→2024,2023,2024,7300005081,Azúcar Blanco EEC Nº2 Caña - Cosumar  Marruecos,vol_precio,26551,6336,-20215,24.1,6.4,1101.7,990
3478,"APICOLA LA PARRA, S.L.U.",2023→2024,2023,2024,62001,Apimix - Pienso completo - Apicultura,vol_precio,4855.2,10930.08,6074.88,4.21,10.92,1153.25,1000.92
303,"J.R. SABATER, S.A.",2023→2024,2023,2024,7200017111,>45 ICUMSA - Palo Gordo Guatemala,sin_actividad,0,null,0,0.001,null,0,null
1072,"GALVAN FERNANDEZ HERMANOS, S.L.",2023→2024,2023,2024,7300039291,Azúcar Blanco EEC Nº2 Caña - Kampong Speu Camboya,vol_precio,24840,33048,8208,23,48,1080,688.5
8479,FA. BLIESGAUBEUTE,2023→2024,2023,2024,44313,Apipasta Vitaminas 90% - Pienso para Apicultura,precio,2902.5,2827.5,-75,1.95,1.95,1488.46,1450
430,"MONZO LUIS, S.L.",2023→2024,2023,2024,43000,Maltitol Liquido 75-5308,prod_perdido,3991,null,-3991,2.6,null,1535,null
4542,"COMERCIAL FONT, C.B.",2023→2024,2023,2024,40103,Azúcar Moreno >2500i - Brown (Dry Dem BLZ),prod_perdido,71.75,null,-71.75,0.05,null,1435,null
9446,"ALIMENTARIA ADIN, S.L.",2023→2024,2023,2024,65005,Azúcar en polvo LS,sin_actividad,0,null,0,0.001,null,0,null
7379,"EARTH-MIND BUSINESS GROUP, S.L.",2023→2024,2023,2024,61266,Mixco Sweet 37-00.5050A,sin_actividad,0,null,0,0.001,null,0,null
5454,"ALIMENTACION Y NUTRICION FAMILIAR, S.L.",2023→2024,2023,2024,7800013151,Azúcar BIO Caña - Elite NOP  India,prod_perdido,2208,null,-2208,1.6,null,1380,null
1562,"CERDA MARTINEZ, RAFAEL",2023→2024,2023,2024,44301,Azucar Blanco – Materia Prima para Piensos,prod_perdido,2400,null,-2400,2,null,1200,null
3070,"NAVARRO OLIVA, JOSE",2023→2024,2023,2024,44313,Apipasta Vitaminas 90% - Pienso para Apicultura,vol_precio,7717.5,7560,-157.5,5.25,6.3,1470,1200
246,"CAMPO BETICA, S.L.",2023→2024,2023,2024,7500004011,Correfino EEC Nº2 Caña/Rem - Azucarera España,sin_actividad,0,null,0,0.001,null,0,null
9466,"SOLUCIONES TÉCNICAS EN ALIMENTACIÓN, S.L.",2023→2024,2023,2024,42000,Dextrosa Cristal Monohidrato Maiz,sin_actividad,0,null,0,0.001,null,0,null
6465,"ANSUATEGUI GONZALEZ, JAVIER",2023→2024,2023,2024,44301,Azucar Blanco – Materia Prima para Piensos,prod_perdido,3696,null,-3696,2.625,null,1408,null
8474,"ANDREU BLANCO, PATRICIA",2023→2024,2023,2024,49006,Almidón nativo de Maiz,prod_perdido,756,null,-756,0.7,null,1080,null
6877,"BERGUA BRUN, ANGEL",2023→2024,2023,2024,44315,Apipasta PLUS - Pienso para Apicultura,prod_perdido,277.2,null,-277.2,0.14,null,1980,null
215,"MARTIN BRAUN, S.A.",2023→2024,2023,2024,65006,Azúcar en polvo LS Pallet Plast. ZK,prod_perdido,47533.2,null,-47533.2,42.9,null,1108,null
8003,"OBLEAS QUINTIN, S.L.",2023→2024,2023,2024,7600004011,Azúcar Granulado Extrafino-Azucarera España,vol_precio,46287,101562.5,55275.5,33.3,89.975,1390,1128.79
1832,"SIERRAS ANDALUZAS, S.C.A.",2023→2024,2023,2024,44313,Apipasta Vitaminas 90% - Pienso para Apicultura,vol_precio,111132,99950.55,-11181.449999999997,75.6,78.165,1470,1278.71
8149,IBERFRASA S.L,2023→2024,2023,2024,43101,Sorbitol Liquido 70% No cristalizable - EPSA,prod_perdido,52910,null,-52910,28.6,null,1850,null
8621,"JUAN FERRI, JUAN JOSE",2023→2024,2023,2024,7300037021,Azúcar Blanco EEC Nº2 Caña - Sidul  Portugal,prod_perdido,1190,null,-1190,1,null,1190,null
3225,"SURIVAN FEEL THE TASTE, S.L.",2023→2024,2023,2024,41000,Fructosa MAIZ Cristal,vol_precio,4625,1390,-3235,2.5,1,1850,1390
1854,"ROYPAS BY NUTRIS, S.A.",2023→2024,2023,2024,65005,Azúcar en polvo LS,prod_perdido,1396.2,null,-1396.2,0.975,null,1432,null
8726,"ARESTE BAS, ANTONI",2023→2024,2023,2024,44313,Apipasta Vitaminas 90% - Pienso para Apicultura,prod_perdido,1627.5,null,-1627.5,1.05,null,1550,null
4642,"TORRALBA GUILLAMON, YOLANDA",2023→2024,2023,2024,7810033151,Azúcar BIO 300-500 ICUMSA Elite India,prod_perdido,36.2,null,-36.2,0.025,null,1448,null
546,"E.MORENO, S.L.",2023→2024,2023,2024,7500004011,Correfino EEC Nº2 Caña/Rem - Azucarera España,prod_perdido,43000,null,-43000,40,null,1075,null
9273,"AGROQUIMICA CODIAGRO, S.L.",2023→2024,2023,2024,7300005081,Azúcar Blanco EEC Nº2 Caña - Cosumar  Marruecos,vol_precio,2508,3680,1172,2.2,4,1140,920
9504,POWER NATURAL LIFE S.L.,2023→2024,2023,2024,61200,Fosvitae 85%,sin_actividad,0,null,0,0.001,null,0,null
585,"COLOMA GARCIA, S.L.",2023→2024,2023,2024,61170,Mix Maltitol Sorbitol MS 74-8020,vol_precio,13896,9706.32,-4189.68,7.2,5.304,1930,1830
1854,"ROYPAS BY NUTRIS, S.A.",2023→2024,2023,2024,44120,Glucor 45/80,prod_perdido,1241201.52,null,-1241201.52,1060.856,null,1170,null
1202,"APIGLASS ENVAS. Y MAT. APICOLA, S.L.",2023→2024,2023,2024,44313,Apipasta Vitaminas 90% - Pienso para Apicultura,vol_precio,168435,182564.25,14129.25,115.8,147.045,1454.53,1241.55
551,"ICE CREAM FACTORY COMAKER, S.A.",2023→2024,2023,2024,41006,Fructosa MAIZ Cristal Granulada Pallet Plast. CHEP,vol_precio,166507.5,33575,-132932.5,89.25,21.25,1865.63,1580
7558,HARINAS CASTILLA LA MANCHA S.L,2023→2024,2023,2024,62150,Jarabe de Melaza de Caña,vol_precio,19573,11928,-7645,17.02,12,1150,994
1386,"SCENTIUM FLAVOURS, S.L",2023→2024,2023,2024,63500,Jarabe de Azucar Invertido BIO,volumen,6109.2,7734.93,1625.7300000000005,3.6,4.558,1697,1697
9159,"APISALCER, SLU",2023→2024,2023,2024,44313,Apipasta Vitaminas 90% - Pienso para Apicultura,prod_perdido,209.25,null,-209.25,0.135,null,1550,null
455,"EMILIO PEÑA, S.A.",2023→2024,2023,2024,43100,Sorbitol Liquido 70% No cristalizable,prod_perdido,5982,null,-5982,3.6,null,1661.67,null
7787,"ONES MAY SABORES, S.L",2023→2024,2023,2024,7400002031,Az Bl. EEC Nº2 Remolacha PTE DEST-Tereos Franci,prod_perdido,3824,null,-3824,3.2,null,1195,null
473,"MAZALMENDRA, S.L.",2023→2024,2023,2024,7300039291,Azúcar Blanco EEC Nº2 Caña - Kampong Speu Camboya,vol_precio,52315.38,167396.14,115080.76000000001,50.94,214.42,1027,780.69
2256,"DULCES Y CONSERVAS HELIOS, S.A.",2023→2024,2023,2024,7300037021,Azúcar Blanco EEC Nº2 Caña - Sidul  Portugal,prod_perdido,175032,null,-175032,168.3,null,1040,null
535,"FRIMAR PANADEROS, S.L.",2023→2024,2023,2024,7300039291,Azúcar Blanco EEC Nº2 Caña - Kampong Speu Camboya,vol_precio,491216.9,96530.5,-394686.4,460.82,96.56,1065.96,999.69
1854,"ROYPAS BY NUTRIS, S.A.",2023→2024,2023,2024,44111,Glucor 60/82,prod_perdido,198510.66,null,-198510.66,169.298,null,1172.55,null
3071,"NAVARRO OLIVA, BERNABE",2023→2024,2023,2024,44313,Apipasta Vitaminas 90% - Pienso para Apicultura,vol_precio,4184.25,5040,855.75,2.835,4.2,1475.93,1200
9067,"SCHREIBER FOODS ESPAÑA, S.L.",2023→2024,2023,2024,7300037021,Azúcar Blanco EEC Nº2 Caña - Sidul  Portugal,vol_precio,57495.5,134869.65,77374.15,52.8,131.26,1088.93,1027.5
4589,"MORALES LOPEZ, JUAN ANTONIO",2023→2024,2023,2024,44314,Apipasta 90% - BIO - Pienso completo - Apicultura,sin_cambio,1092,1092,0,0.525,0.525,2080,2080
9221,ZYGOUROPOULOS,2023→2024,2023,2024,61200,Fosvitae 85%,sin_actividad,0,null,0,0.002,null,0,null
9272,FIRMENICH BELGIUM S.A,2023→2024,2023,2024,61142,Mixco Sweet 70-00.4252,sin_actividad,0,null,0,0.001,null,0,null
5369,"BREVA ARRUFAT, FERNANDO",2023→2024,2023,2024,62001,Apimix - Pienso completo - Apicultura,prod_perdido,3225.6,null,-3225.6,2.52,null,1280,null
5369,"BREVA ARRUFAT, FERNANDO",2023→2024,2023,2024,44313,Apipasta Vitaminas 90% - Pienso para Apicultura,prod_perdido,1627.5,null,-1627.5,1.05,null,1550,null
2367,"IMASDEA INNOVACIONES Y DESARROLLOS ALIMENTARIO, SL",2023→2024,2023,2024,60105,"Azúcar PI 73,5-67",sin_actividad,0,null,0,0.005,null,0,null
3203,ASOCIACION DE APICULTORES DE GORBEA,2023→2024,2023,2024,44313,Apipasta Vitaminas 90% - Pienso para Apicultura,vol_precio,1543.5,4431,2887.5,1.05,3.15,1470,1406.67
7742,"GARCIA GOMEZ, JUAN",2023→2024,2023,2024,44313,Apipasta Vitaminas 90% - Pienso para Apicultura,prod_perdido,1627.5,null,-1627.5,1.05,null,1550,null
2850,"AMC NATURAL DRINKS, S.L.",2023→2024,2023,2024,7300005081,Azúcar Blanco EEC Nº2 Caña - Cosumar  Marruecos,vol_precio,315301,223083.75,-92217.25,290.6,234.825,1085,950
1513,"AGROBIO, S.L.",2023→2024,2023,2024,62004,Mix Abejorros 65-30.4028 Pienso Completo - Apicult,vol_precio,761166.34,510171.72,-250994.62,832.44,605.28,914.38,842.87
7171,"QUIRANTE FRUITS, S.L.",2023→2024,2023,2024,64504,COMPO HCA,volumen,107334.7,67272.92,-40061.78,93.943,58.805,1142.55,1144
592,"FRAMAJOVA, S.L",2023→2024,2023,2024,60200,Azúcar Invertido 67º,vol_precio,20762.85,39672,18909.15,14.27,32.4,1455,1224.44
904,"DAMEL GROUP, S.L. ",2023→2024,2023,2024,40013,Azucar Blanco EEC Nº2 Extrafino,sin_actividad,0,null,0,0.002,null,0,null
4002,"ABB MJ FERNANDEZ ARANDA, S.L.",2023→2024,2023,2024,7220015111,>150 ICUMSA - Pantaleon  Guatemala,prod_perdido,101772,null,-101772,106.7,null,953.81,null
432,"CHOCOLATES ALGARRA, S.L.",2023→2024,2023,2024,40104,Azúcar 250 ICUMSA – Pantaleón,prod_perdido,19261,null,-19261,18.7,null,1030,null
7969,"MANIPULADOS NICOLA, S.L.U.",2023→2024,2023,2024,40030,Azucar azucarera trimestral,prod_perdido,572.15,null,-572.15,0.425,null,1346.24,null
775,"NATRA CACAO,S.L.",2023→2024,2023,2024,7300008021,Azúcar Blanco EEC Nº2 Caña - RAR  Portugal,prod_perdido,106176,null,-106176,101.12,null,1050,null
3284,"CUBISOL ALMERIA, S.L.",2023→2024,2023,2024,40201,Azúcar Blanco BIO ES-ECO-024-MU Ag No UE,prod_perdido,724,null,-724,0.5,null,1448,null
1747,"FRUIT TECH NATURAL, S.A.",2023→2024,2023,2024,7300016111,Azúcar Blanco EEC Nº2 Caña - Santa Ana Guatemala,prod_perdido,47025,null,-47025,45,null,1045,null
4319,"HERREROS CASTAÑOS, FRANCISCO",2023→2024,2023,2024,44315,Apipasta PLUS - Pienso para Apicultura,prod_perdido,159.6,null,-159.6,0.07,null,2280,null
3225,"SURIVAN FEEL THE TASTE, S.L.",2023→2024,2023,2024,43000,Maltitol Liquido 75-5308,prod_perdido,1677,null,-1677,1.3,null,1290,null
1747,"FRUIT TECH NATURAL, S.A.",2023→2024,2023,2024,40003,Azúcar Blanco EEC Nº 2 REMOLACHA,prod_perdido,27870.16,null,-27870.16,23.78,null,1172,null
9295,"LIVE HEALTHY BUSINESS DEVELOPMENT, S.L.U.",2023→2024,2023,2024,62070,Mix Golden Jarabe,sin_actividad,0,null,0,0.001,null,0,null
6191,"LIZASOAIN BALEZTENA, MIREN",2023→2024,2023,2024,44314,Apipasta 90% - BIO - Pienso completo - Apicultura,prod_perdido,541.2,null,-541.2,0.24,null,2255,null
7908,"DIMITROV NIKOLOV, ZHIVKO",2023→2024,2023,2024,44313,Apipasta Vitaminas 90% - Pienso para Apicultura,prod_perdido,46.5,null,-46.5,0.03,null,1550,null
9157,"MAK FOOD COMPANY, S.L.",2023→2024,2023,2024,61247,Mixco Sweet 65-00.5050 U,prod_ganado,0,28944.3,28944.3,0.007,25.076,0,1154.26
3080,"PRODUCTOS KLAM, S.A.",2023→2024,2023,2024,44131,Glucor 37/79,prod_perdido,25840.93,null,-25840.93,23.556,null,1097,null
9067,"SCHREIBER FOODS ESPAÑA, S.L.",2023→2024,2023,2024,7300005081,Azúcar Blanco EEC Nº2 Caña - Cosumar  Marruecos,vol_precio,668820.81,252888.3,-415932.51000000007,614.2,246.12,1088.93,1027.5
9134,"VOLTEC ELECTRO SISTEMES, S.L.",2023→2024,2023,2024,7220030211,>150 ICUMSA - Wilmar  Myanmar,sin_actividad,0,0,0,0.05,0,0,null
421,"JOSE GARCIA E HIJOS, S.L.",2023→2024,2023,2024,7400048311,Az. Bl. EEC nº2 Remol PTE DEST-Agrana Leop Austria,volumen,72312,24104,-48208,69,23,1048,1048
2832,DULCES LA ABUELA COOP VNA,2023→2024,2023,2024,7200029121,>45 ICUMSA - Mayaguez Colombia,prod_perdido,48410,null,-48410,47,null,1030,null
9155,"CRESTAS LA GALETA, S.A.",2023→2024,2023,2024,73001,Azúcar Blanco EEC Nº2 Caña- PAPEL SERIGRAFIADO ZK,prod_perdido,81396,null,-81396,68,null,1197,null
1786,"ANITIN PANES ESPECIALES, S.L.",2023→2024,2023,2024,65007,Azúcar en polvo LS Pallet Plast. CHEP,volumen,1044,2088,1044,0.72,1.44,1450,1450
431,"DICARCONO, S.L.",2023→2024,2023,2024,7300039291,Azúcar Blanco EEC Nº2 Caña - Kampong Speu Camboya,vol_precio,48238.2,422676.44,374438.24,47.72,497.64,1010.86,849.36
2287,"RODRIGUEZ BLANCO, ASUNCION",2023→2024,2023,2024,40025,Azucar Azucarera Spot,prod_perdido,836.25,null,-836.25,0.625,null,1338,null
4505,"FIESTA COLOMBINA, S.L.U.",2023→2024,2023,2024,40000,Azúcar Blanco EEC Nº 2,prod_perdido,1110319.7,null,-1110319.7,1010.3,null,1099,null
314,"PASDULCE, S.L.",2023→2024,2023,2024,43101,Sorbitol Liquido 70% No cristalizable - EPSA,vol_precio,8788,10842,2054,5.2,7.8,1690,1390
6604,"OXEFRUIT, S.L.U.",2023→2024,2023,2024,60105,"Azúcar PI 73,5-67",sin_actividad,0,null,0,0.001,null,0,null
2832,DULCES LA ABUELA COOP VNA,2023→2024,2023,2024,7200017111,>45 ICUMSA - Palo Gordo Guatemala,vol_precio,21600,67008,45408,24,96,900,698
9290,SWEET INGREDIENTS GMBH,2023→2024,2023,2024,44092,Fructor 100/69,sin_actividad,0,null,0,0.001,null,0,null
7022,"FRUTOS SECOS EMPERADOR, S.L.",2023→2024,2023,2024,61200,Fosvitae 85%,prod_perdido,77.04,null,-77.04,0.019,null,4054.74,null
8971,"MASTER BUILDERS SOLUTIONS ESPAÑA, S.L.U.",2023→2024,2023,2024,7300039291,Azúcar Blanco EEC Nº2 Caña - Kampong Speu Camboya,volumen,70656,278206,207550,72,284.5,981.33,977.88
2180,"AURUM PROCESS TECHNOLOGY, S.L.",2023→2024,2023,2024,44111,Glucor 60/82,sin_actividad,0,null,0,0.001,null,0,null
8523,"CRUZ ZAMBRANO, MARÍA",2023→2024,2023,2024,44315,Apipasta PLUS - Pienso para Apicultura,prod_perdido,1864.8,null,-1864.8,0.84,null,2220,null
8778,"IDILIA FOODS, S.L.",2023→2024,2023,2024,7400028061,Azúcar Blanco EEC Nº2 Remolacha - Zdanivskyi Sugar,sin_actividad,0,null,0,0.001,null,0,null
2271,"ABELLAN BIOFOODS, S.L.",2023→2024,2023,2024,40203,Azúcar BIO 300-500 -ES-ECO-024-MU (Agric No EU),prod_perdido,3216,null,-3216,2,null,1608,null
5512,"ORTA VAZ, ISABEL",2023→2024,2023,2024,44301,Azucar Blanco – Materia Prima para Piensos,precio,7980,5040,-2940,8.4,8.4,950,600
716,"PENALVA ALIMENTACION, S.A.",2023→2024,2023,2024,60105,"Azúcar PI 73,5-67",prod_perdido,1620,null,-1620,1.2,null,1350,null
8787,"NOARA MEDITERRANEAN DISTILLERY, S.L.",2023→2024,2023,2024,60010,Azúcar Liquida Neutra S.A.,vol_precio,120072.42,104650.1,-15422.319999999992,133.86,145.1,897,721.23
2256,"DULCES Y CONSERVAS HELIOS, S.A.",2023→2024,2023,2024,7400048311,Az. Bl. EEC nº2 Remol PTE DEST-Agrana Leop Austria,prod_perdido,424320,null,-424320,408,null,1040,null
3375,"EUROCHOC, S.L.",2023→2024,2023,2024,43050,Maltitol en Polvo,prod_perdido,2500,null,-2500,1,null,2500,null
7440,"LOPEZ FOOD GROUP, S.L.",2023→2024,2023,2024,7300039291,Azúcar Blanco EEC Nº2 Caña - Kampong Speu Camboya,vol_precio,151123.05,111688,-39435.04999999999,147.15,184,1027,607
484,"PRODUCTOS LA PILARICA, S.A.",2023→2024,2023,2024,7500004011,Correfino EEC Nº2 Caña/Rem - Azucarera España,vol_precio,15435,11940,-3495,12.6,12,1225,995
5045,"DADELOS AGRICOLA, S.L.",2023→2024,2023,2024,44303,Fructosa Cristal – Materia Prima para Piensos,vol_precio,81473.7,73524.5,-7949.199999999997,46.2,63.9,1763.5,1150.62
1786,"ANITIN PANES ESPECIALES, S.L.",2023→2024,2023,2024,7300039291,Azúcar Blanco EEC Nº2 Caña - Kampong Speu Camboya,vol_precio,14760,59641.2,44881.2,15,64,984,931.89
3479,"LA TAHONA DE UTIEL, S.L.",2023→2024,2023,2024,60105,"Azúcar PI 73,5-67",volumen,3576,10728,7152,2.4,7.2,1490,1490
5679,"AB MAURI FOOD, S.A.",2023→2024,2023,2024,7300039291,Azúcar Blanco EEC Nº2 Caña - Kampong Speu Camboya,sin_actividad,0,null,0,0.001,null,0,null
762,"VIOKOX, S.A",2023→2024,2023,2024,7500004011,Correfino EEC Nº2 Caña/Rem - Azucarera España,prod_perdido,85680,null,-85680,72,null,1190,null
614,"MANUFACTURAS TABERNER,S.A.",2023→2024,2023,2024,7300037021,Azúcar Blanco EEC Nº2 Caña - Sidul  Portugal,sin_actividad,0,null,0,0.001,null,0,null
1787,"DULCES DEL TURIA, S.L.",2023→2024,2023,2024,7300008021,Azúcar Blanco EEC Nº2 Caña - RAR  Portugal,prod_perdido,2360,null,-2360,2,null,1180,null
559,"DULCES OLMEDO GARCIA, S.L.",2023→2024,2023,2024,7400002031,Az Bl. EEC Nº2 Remolacha PTE DEST-Tereos Franci,prod_perdido,23520,null,-23520,24,null,980,null
5002,"CERVEZAS FERNANDEZ PONS, S.L.",2023→2024,2023,2024,40207,Azúcar BIO <45 ES-ECO-024-MU Ag UE REMOLACHA,volumen,3229.8,3076,-153.80000000000018,2.1,2,1538,1538
9363,"TBMA EUROPE, B.V.",2023→2024,2023,2024,73001,Azúcar Blanco EEC Nº2 Caña- PAPEL SERIGRAFIADO ZK,sin_actividad,0,null,0,0,null,null,null
523,"CORALIM INGREDIENTS, S.L.",2023→2024,2023,2024,41000,Fructosa MAIZ Cristal,volumen,370,277.5,-92.5,0.2,0.15,1850,1850
396,"AGROTRANSFORMADOS, S.A.",2023→2024,2023,2024,7300005081,Azúcar Blanco EEC Nº2 Caña - Cosumar  Marruecos,prod_perdido,24840,null,-24840,24,null,1035,null
2366,"TEGAN BIPAL, S.L.",2023→2024,2023,2024,41000,Fructosa MAIZ Cristal,prod_perdido,4730,null,-4730,2.5,null,1892,null
8795,"ADISTAFARMA, S.L.",2023→2024,2023,2024,61200,Fosvitae 85%,prod_perdido,3412.34,null,-3412.34,1.22,null,2797,null
7868,GENBA TASTE,2023→2024,2023,2024,61222,Fosfruit,sin_actividad,0,null,0,0.001,null,0,null
3225,"SURIVAN FEEL THE TASTE, S.L.",2023→2024,2023,2024,65016,Azúcar en polvo LM Pallet PLT,prod_perdido,11095.5,null,-11095.5,9.75,null,1138,null
9283,NUTRITIVE SOLUTIONS LLC,2023→2024,2023,2024,61228,Fosvitae 95% Plus,sin_actividad,0,null,0,0.001,null,0,null
1031,"AUREA FOODS DISTRIBUIDORA ALIMENTACION, S.L.U.",2023→2024,2023,2024,40000,Azúcar Blanco EEC Nº 2,prod_perdido,23694,null,-23694,22,null,1077,null
9446,"ALIMENTARIA ADIN, S.L.",2023→2024,2023,2024,73001,Azúcar Blanco EEC Nº2 Caña- PAPEL SERIGRAFIADO ZK,prod_perdido,148.75,null,-148.75,0.125,null,1190,null
5046,"CEREALTO SINTRA FOODS, S.A.",2023→2024,2023,2024,65015,Azúcar en polvo LM,prod_perdido,8669.7,null,-8669.7,5.85,null,1482,null
1854,"ROYPAS BY NUTRIS, S.A.",2023→2024,2023,2024,40013,Azucar Blanco EEC Nº2 Extrafino,prod_perdido,93,null,-93,0.075,null,1240,null
7558,HARINAS CASTILLA LA MANCHA S.L,2023→2024,2023,2024,42000,Dextrosa Cristal Monohidrato Maiz,vol_precio,1800,4875,3075,1.25,5,1440,975
9272,FIRMENICH BELGIUM S.A,2023→2024,2023,2024,99950,Producto de Pruebas Líquido - 1,sin_actividad,0,null,0,0.001,null,0,null
8042,API FACTORY,2023→2024,2023,2024,44313,Apipasta Vitaminas 90% - Pienso para Apicultura,prod_perdido,10872,null,-10872,7.2,null,1510,null
582,"HIJOS DE SALVADOR COSTA, S.L.",2023→2024,2023,2024,41000,Fructosa MAIZ Cristal,prod_perdido,2312.5,null,-2312.5,1.25,null,1850,null
773,"IBERCACAO, S.A.U.",2023→2024,2023,2024,65016,Azúcar en polvo LM Pallet PLT,precio,1441.05,1218.75,-222.29999999999995,0.975,0.975,1478,1250
7612,DPTO. COMERCIAL,2023→2024,2023,2024,44310,Apipasta 90% - Pienso completo - Apicultura,sin_actividad,0,null,0,0.012,null,0,null
4927,"MESEGUER FRANCO, ANA BELEN",2023→2024,2023,2024,44313,Apipasta Vitaminas 90% - Pienso para Apicultura,prod_perdido,465,null,-465,0.3,null,1550,null
223,"PRODUCTOS CUATRO JOTAS, S.L.",2023→2024,2023,2024,60105,"Azúcar PI 73,5-67",volumen,7104,5328,-1776,4.8,3.6,1480,1480
566,"ALMACENES MIGUEZ 2005,S.L.",2023→2024,2023,2024,44313,Apipasta Vitaminas 90% - Pienso para Apicultura,vol_precio,314754.3,385922.4,71168.10000000003,217.11,325.515,1449.75,1185.57
9468,"VALLE AGUIRRE, S.L.",2023→2024,2023,2024,62400,Fondant ES-R01,vol_precio,1526.4,3907.2,2380.7999999999997,0.96,2.88,1590,1356.67
563,"PROD.BIONATUR.DE CALASPARRA,SA",2023→2024,2023,2024,60123,"Azúcar PI 73,5-67 - BIO",prod_perdido,1266,null,-1266,1.2,null,1055,null
5323,"CIERCOLES ARIÑO, IGNACIO",2023→2024,2023,2024,44313,Apipasta Vitaminas 90% - Pienso para Apicultura,prod_perdido,1627.5,null,-1627.5,1.05,null,1550,null
1832,"SIERRAS ANDALUZAS, S.C.A.",2023→2024,2023,2024,44304,Azucar Polvo LS – Pienso completo – Apicultura,prod_perdido,1316.25,null,-1316.25,0.975,null,1350,null
497,"LICORERA ALBELDENSE, S.L.",2023→2024,2023,2024,60010,Azúcar Liquida Neutra S.A.,vol_precio,17902.5,1587.52,-16314.98,21.7,2.42,825,656
535,"FRIMAR PANADEROS, S.L.",2023→2024,2023,2024,60216,Azúcar invertido 67% - COBOPA,vol_precio,199342.46,31764.33,-167578.13,141.166,33.59,1412.11,945.65
8251,APILINE DI FASSARI DOMINIQUE,2023→2024,2023,2024,44310,Apipasta 90% - Pienso completo - Apicultura,prod_perdido,80934,null,-80934,57.75,null,1401.45,null
5614,"ESCRIBANO MARTINEZ, MARTA",2023→2024,2023,2024,44314,Apipasta 90% - BIO - Pienso completo - Apicultura,sin_cambio,1092,1092,0,0.525,0.525,2080,2080
2975,"ARTUKOLUKE, S.L.",2023→2024,2023,2024,44015,Fructor 10/77,prod_perdido,5220,null,-5220,3.6,null,1450,null
6196,"APITIENDA SOLTAN, S.L.",2023→2024,2023,2024,44315,Apipasta PLUS - Pienso para Apicultura,vol_precio,5292,1596,-3696,2.52,0.84,2100,1900
3144,"DALLANT, S.A.",2023→2024,2023,2024,41000,Fructosa MAIZ Cristal,vol_precio,10092.5,4050,-6042.5,6.25,3,1614.8,1350
5314,"PROFESSIONAL DAIRY PRODUCTS, S.L.",2023→2024,2023,2024,7300016111,Azúcar Blanco EEC Nº2 Caña - Santa Ana Guatemala,prod_perdido,2420,null,-2420,2,null,1210,null
618,"BAYOGAR, S.L.",2023→2024,2023,2024,62411,Fondant ES-R01-Bayogar (Etiq. Plastica Anonima),prod_perdido,10736.64,null,-10736.64,6.912,null,1553.33,null
546,"E.MORENO, S.L.",2023→2024,2023,2024,7300005081,Azúcar Blanco EEC Nº2 Caña - Cosumar  Marruecos,vol_precio,34400,25752,-8648,32,36,1075,715.33
3812,SIERRA MIEL SDAD. COOP.,2023→2024,2023,2024,44313,Apipasta Vitaminas 90% - Pienso para Apicultura,vol_precio,25987.5,29715,3727.5,17.85,23.1,1455.88,1286.36
884,"INTERNAC. DE COMERCIO Y DESTILERIAS J BORRAJO, S.A",2023→2024,2023,2024,7300007131,Azúcar Blanco EEC Nº2 Caña - Cassa  El Salvador,prod_perdido,27120,null,-27120,24,null,1130,null
1196,"ESTUCHADOS JUCAR, S.L.U.",2023→2024,2023,2024,40103,Azúcar Moreno >2500i - Brown (Dry Dem BLZ),prod_perdido,2460,null,-2460,2,null,1230,null
770,"CASTER ALIMENTACION, S.L.",2023→2024,2023,2024,7500004011,Correfino EEC Nº2 Caña/Rem - Azucarera España,prod_perdido,25272,null,-25272,24.3,null,1040,null
1854,"ROYPAS BY NUTRIS, S.A.",2023→2024,2023,2024,49006,Almidón nativo de Maiz,prod_perdido,98929.58,null,-98929.58,73.075,null,1353.81,null
9134,"VOLTEC ELECTRO SISTEMES, S.L.",2023→2024,2023,2024,42005,Dextrosa Cristal Monoh Trigo Cons Liquida (TER),sin_actividad,0,null,0,0.025,null,0,null
3413,S.C.A. SANTA CRUZ DE ALPERA,2023→2024,2023,2024,7810033151,Azúcar BIO 300-500 ICUMSA Elite India,prod_perdido,1538,null,-1538,1,null,1538,null
496,"BODEGAS Y DESTILERIAS VIDAL, S.L.",2023→2024,2023,2024,60019,Azúcar Líquida Neutra 67º- Remolacha,vol_precio,24660.72,15046.68,-9614.04,27.96,23.72,882,634.35
282,"PRODUCTOS LOZANO, S.L.",2023→2024,2023,2024,61200,Fosvitae 85%,prod_perdido,39.06,null,-39.06,0.014,null,2790,null
6766,"ABEL MULLERAS, JORDI",2023→2024,2023,2024,44313,Apipasta Vitaminas 90% - Pienso para Apicultura,prod_perdido,22032,null,-22032,14.4,null,1530,null
3144,"DALLANT, S.A.",2023→2024,2023,2024,7300016111,Azúcar Blanco EEC Nº2 Caña - Santa Ana Guatemala,prod_perdido,26328,null,-26328,24,null,1097,null
595,"ROSCRIS BENIOPA, S.L",2023→2024,2023,2024,40025,Azucar Azucarera Spot,prod_perdido,4662,null,-4662,3.6,null,1295,null
4369,"LA TIENDA DEL APICULTOR, S.L.U.",2023→2024,2023,2024,44314,Apipasta 90% - BIO - Pienso completo - Apicultura,vol_precio,10762.5,45066,34303.5,5.25,27.3,2050,1650.77
428,"PASTELERIA INDUSTRIAL MONTE TURIA, S.A.",2023→2024,2023,2024,7300037021,Azúcar Blanco EEC Nº2 Caña - Sidul  Portugal,vol_precio,26015,17765,-8250,24.2,20.9,1075,850
1752,"ROYMY 21, S.L",2023→2024,2023,2024,60114,"Azúcar PI 73,5-67-C",prod_perdido,1500,null,-1500,1.2,null,1250,null
8308,"CONSERVAS TORO LÓPEZ, S.L.",2023→2024,2023,2024,61228,Fosvitae 95% Plus,sin_actividad,0,null,0,0.015,null,0,null
4002,"ABB MJ FERNANDEZ ARANDA, S.L.",2023→2024,2023,2024,44120,Glucor 45/80,prod_perdido,1424.4,null,-1424.4,1.2,null,1187,null
9214,"CANDELA BELTRA, IVAN",2023→2024,2023,2024,44313,Apipasta Vitaminas 90% - Pienso para Apicultura,vol_precio,1543.5,965.85,-577.65,1.05,0.705,1470,1370
418,"MANUFACTURAS CEYLAN, S.L.",2023→2024,2023,2024,40350,Azúcar Granulado Extrafino,prod_perdido,16406.1,null,-16406.1,10.8,null,1519.08,null
3987,"GUADANATUR, S.L.",2023→2024,2023,2024,44315,Apipasta PLUS - Pienso para Apicultura,sin_actividad,0,null,0,0.014,null,0,null
4450,"MIELES LLADRO, C.B.",2023→2024,2023,2024,44315,Apipasta PLUS - Pienso para Apicultura,prod_perdido,498.96,null,-498.96,0.252,null,1980,null
493,"MAZAPANES RUIZ, S.L.",2023→2024,2023,2024,61126,Mixco Sweet 76-46.1421,prod_perdido,17035.5,null,-17035.5,13.85,null,1230,null
259,"EUROGRANIZADOS, S.L.U.",2023→2024,2023,2024,40000,Azúcar Blanco EEC Nº 2,prod_perdido,172584,null,-172584,169.2,null,1020,null
6251,"MIX PAK SYSTEM, S.L.",2023→2024,2023,2024,41000,Fructosa MAIZ Cristal,vol_precio,17237.5,8387.5,-8850,10,6.25,1723.75,1342
716,"PENALVA ALIMENTACION, S.A.",2023→2024,2023,2024,7300005081,Azúcar Blanco EEC Nº2 Caña - Cosumar  Marruecos,prod_perdido,28200,null,-28200,24,null,1175,null
488,SDAD. COOP. APICOLA DE ESPAÑA,2023→2024,2023,2024,62001,Apimix - Pienso completo - Apicultura,prod_perdido,1132.8,null,-1132.8,1.18,null,960,null
4369,"LA TIENDA DEL APICULTOR, S.L.U.",2023→2024,2023,2024,44304,Azucar Polvo LS – Pienso completo – Apicultura,volumen,1476,3240,1764,1.23,2.7,1200,1200
450,"LA FLOR BURGALESA, S.L.",2023→2024,2023,2024,7300039291,Azúcar Blanco EEC Nº2 Caña - Kampong Speu Camboya,prod_perdido,26328,null,-26328,24,null,1097,null
356,"TRIGUEROS ROBLES, MARIANO",2023→2024,2023,2024,62001,Apimix - Pienso completo - Apicultura,prod_perdido,830.76,null,-830.76,0.602,null,1380,null
6884,"ENVASADOS SEGOVIA, S.L.",2023→2024,2023,2024,7400004011,Azúcar Bl. EEC nº2 REMOL - AZUCARERA ESPAÑA,prod_perdido,23760,null,-23760,24,null,990,null
7800,"GASCON GASCON, BENITO",2023→2024,2023,2024,44315,Apipasta PLUS - Pienso para Apicultura,precio,1730.4,1554,-176.4000000000001,0.84,0.84,2060,1850
3022,"LACTEOS DE NAVARRA, S.L.",2023→2024,2023,2024,60105,"Azúcar PI 73,5-67",sin_actividad,0,null,0,0.001,null,0,null
5365,"COMORALI, S.L.",2023→2024,2023,2024,44200,Maltor 70/80,prod_perdido,42009.9,null,-42009.9,30.05,null,1398,null
418,"MANUFACTURAS CEYLAN, S.L.",2023→2024,2023,2024,7600004011,Azúcar Granulado Extrafino-Azucarera España,vol_precio,5029.2,16784.1,11754.899999999998,3.6,15.3,1397,1097
211,"MARTINEZ NIETO, S.A.",2023→2024,2023,2024,41002,Fructosa MAIZ Cristal solo Fabricación,prod_perdido,206451.3,-1741.3,-208192.59999999998,133.1,-1.1,1551.1,1583
2646,"PERALES RODRIGUEZ, JOSE LUIS",2023→2024,2023,2024,44120,Glucor 45/80,prod_perdido,3716.4,null,-3716.4,2.4,null,1548.5,null
4566,"CONFETICAKES, S.L.",2023→2024,2023,2024,60114,"Azúcar PI 73,5-67-C",vol_precio,3228,7847.75,4619.75,2.4,7.835,1345,1001.63
6251,"MIX PAK SYSTEM, S.L.",2023→2024,2023,2024,61142,Mixco Sweet 70-00.4252,sin_actividad,0,null,0,0.001,null,0,null
3833,"ASTURIAS APICOLA, S.L.",2023→2024,2023,2024,44315,Apipasta PLUS - Pienso para Apicultura,prod_perdido,1831.2,null,-1831.2,0.84,null,2180,null
1481,"BARDINET, S.A.",2023→2024,2023,2024,60019,Azúcar Líquida Neutra 67º- Remolacha,prod_perdido,65678.34,null,-65678.34,73.22,null,897,null
575,HORCHATAS Y GRANIZADOS EL MAESTRAZGO SL,2023→2024,2023,2024,7300005081,Azúcar Blanco EEC Nº2 Caña - Cosumar  Marruecos,prod_perdido,25800,null,-25800,24,null,1075,null
4002,"ABB MJ FERNANDEZ ARANDA, S.L.",2023→2024,2023,2024,41000,Fructosa MAIZ Cristal,sin_actividad,0,null,0,0.001,null,0,null
401,"SOLER GIMENO, S.L.",2023→2024,2023,2024,40345,Azúcar Perlado 4,sin_actividad,0,null,0,0.001,null,0,null
2903,"MEDITERRANEA MELLIS, S.L.",2023→2024,2023,2024,61198,Mixco Sweet Plus 82-05.5536,vol_precio,974425.48,105153.76,-869271.72,571.62,72.621,1704.67,1447.98
9604,"PASTISART, S.A.",2023→2024,2023,2024,7300039291,Azúcar Blanco EEC Nº2 Caña - Kampong Speu Camboya,volumen,55209,171274,116065,52.58,161.92,1050,1057.77
2850,"AMC NATURAL DRINKS, S.L.",2023→2024,2023,2024,40016,Azúcar Blanco EEC Nº 2,prod_perdido,721796.12,null,-721796.12,676.38,null,1067.15,null
1233,"VALENCIANA PASTELERA, S.L.",2023→2024,2023,2024,7200017111,>45 ICUMSA - Palo Gordo Guatemala,vol_precio,45984,28248,-17736,46.8,40.8,982.56,692.35
6549,"GARRIDO BAÑOS, MANUEL",2023→2024,2023,2024,44315,Apipasta PLUS - Pienso para Apicultura,prod_perdido,803.88,null,-803.88,0.406,null,1980,null
7541,"SANCHEZ LORBADA, S.L.",2023→2024,2023,2024,44015,Fructor 10/77,prod_perdido,9138,null,-9138,6,null,1523,null
884,"INTERNAC. DE COMERCIO Y DESTILERIAS J BORRAJO, S.A",2023→2024,2023,2024,40000,Azúcar Blanco EEC Nº 2,prod_perdido,29889,null,-29889,24.3,null,1230,null
297,"TARBAL FOOD, S.L.",2023→2024,2023,2024,7500004011,Correfino EEC Nº2 Caña/Rem - Azucarera España,vol_precio,1386,3460,2074,1,4,1386,865
7452,"CONSERVAS EL RAAL, S.L.U.",2023→2024,2023,2024,7300039291,Azúcar Blanco EEC Nº2 Caña - Kampong Speu Camboya,prod_perdido,10200,null,-10200,10,null,1020,null
7733,"SISU, C.B.",2023→2024,2023,2024,40201,Azúcar Blanco BIO ES-ECO-024-MU Ag No UE,prod_perdido,339.5,null,-339.5,0.25,null,1358,null
482,"PRODUCTOS VIRGEN DEL BREZO, S.A.U",2023→2024,2023,2024,40013,Azucar Blanco EEC Nº2 Extrafino,prod_perdido,33480,null,-33480,27,null,1240,null
9157,"MAK FOOD COMPANY, S.L.",2023→2024,2023,2024,61248,Mixco Sweet 65-00.5050 I,vol_precio,139777.58,84124.94,-55652.639999999985,114.044,76.238,1225.65,1103.45
2916,"SUC. DE MUÑOZ Y PUJANTE, S.L.",2023→2024,2023,2024,42000,Dextrosa Cristal Monohidrato Maiz,prod_perdido,44402.5,null,-44402.5,25,null,1776.1,null
7558,HARINAS CASTILLA LA MANCHA S.L,2023→2024,2023,2024,40000,Azúcar Blanco EEC Nº 2,prod_perdido,213136,null,-213136,190.3,null,1120,null
902,"MEMBRILLO EL QUIJOTE, S.A.",2023→2024,2023,2024,7200017111,>45 ICUMSA - Palo Gordo Guatemala,vol_precio,181590,162882,-18708,186,210,976.29,775.63
455,"EMILIO PEÑA, S.A.",2023→2024,2023,2024,40030,Azucar azucarera trimestral,prod_perdido,1215,null,-1215,0.9,null,1350,null
1041,"HERRERO ABARCA, JOSE MARIA",2023→2024,2023,2024,44313,Apipasta Vitaminas 90% - Pienso para Apicultura,prod_perdido,1627.5,null,-1627.5,1.05,null,1550,null
2887,"BIOSEARCH, S.A.U.",2023→2024,2023,2024,7300007131,Azúcar Blanco EEC Nº2 Caña - Cassa  El Salvador,prod_perdido,1295,null,-1295,1,null,1295,null
7171,"QUIRANTE FRUITS, S.L.",2023→2024,2023,2024,61276,Mixco Sweet 72-20.4040 SC80,prod_perdido,498722.4,null,-498722.4,503.76,null,990,null
454,"SCKUESTRANCE, S.L.",2023→2024,2023,2024,44120,Glucor 45/80,prod_perdido,28299.05,null,-28299.05,20.53,null,1378.42,null
430,"MONZO LUIS, S.L.",2023→2024,2023,2024,40000,Azúcar Blanco EEC Nº 2,prod_perdido,74750,null,-74750,65,null,1150,null
9437,"EL CORTÍN DEL ABEYÓN, S.L.",2023→2024,2023,2024,62001,Apimix - Pienso completo - Apicultura,vol_precio,4236,14120.6,9884.6,4.2,15.65,1008.57,902.27
4587,"CARMAX GLASS, S.L.",2023→2024,2023,2024,44313,Apipasta Vitaminas 90% - Pienso para Apicultura,vol_precio,13296.15,13441.65,145.5,9.045,10.17,1470,1321.7
2518,"GRANALBE, S.L.",2023→2024,2023,2024,62001,Apimix - Pienso completo - Apicultura,vol_precio,8220,5787.6,-2432.3999999999996,7.32,5.88,1122.95,984.29
4470,"SALABERRIA TELLECHEA, XIKER",2023→2024,2023,2024,44314,Apipasta 90% - BIO - Pienso completo - Apicultura,vol_precio,5435.25,2683.2,-2752.05,2.55,1.29,2131.47,2080
587,"DESTILERIAS RIOS, S.A.",2023→2024,2023,2024,60010,Azúcar Liquida Neutra S.A.,volumen,5733.63,1436.4,-4297.23,4.79,1.2,1197,1197
8720,"NUTRAPROCES 2000, S.L.",2023→2024,2023,2024,41000,Fructosa MAIZ Cristal,prod_perdido,87032.5,null,-87032.5,51.25,null,1698.2,null
6468,"DULCES LA CARTUJA, S.L.",2023→2024,2023,2024,41000,Fructosa MAIZ Cristal,prod_perdido,277.5,null,-277.5,0.15,null,1850,null
297,"TARBAL FOOD, S.L.",2023→2024,2023,2024,7110004161,Azúcar Moreno >2500i - Azucarera Malawi,prod_perdido,252,null,-252,0.175,null,1440,null
531,"DESARROLLOS PANADEROS LEVANTINOS, S.L.L.",2023→2024,2023,2024,65013,Azúcar en polvo LS Pallet Plast. CHEP 100x120,prod_perdido,2720.25,null,-2720.25,1.95,null,1395,null
4567,"CARBONELL ANTICH, MARIA GRACIA",2023→2024,2023,2024,7800013151,Azúcar BIO Caña - Elite NOP  India,volumen,276,138,-138,0.2,0.1,1380,1380
282,"PRODUCTOS LOZANO, S.L.",2023→2024,2023,2024,60105,"Azúcar PI 73,5-67",sin_actividad,0,null,0,0.001,null,0,null
3934,"PARDO CARRASCO, VICENTE",2023→2024,2023,2024,44315,Apipasta PLUS - Pienso para Apicultura,prod_perdido,138.6,null,-138.6,0.07,null,1980,null
1132,"INDUSTRIAS HERMANOS JUAN LOPEZ, S.A.",2023→2024,2023,2024,43000,Maltitol Liquido 75-5308,prod_perdido,1651,null,-1651,1.3,null,1270,null
421,"JOSE GARCIA E HIJOS, S.L.",2023→2024,2023,2024,7300007131,Azúcar Blanco EEC Nº2 Caña - Cassa  El Salvador,prod_perdido,24104,null,-24104,23,null,1048,null
3730,"IGLESIAS MARCO, JUAN CARLOS",2023→2024,2023,2024,44301,Azucar Blanco – Materia Prima para Piensos,prod_perdido,11040,null,-11040,12,null,920,null
5045,"DADELOS AGRICOLA, S.L.",2023→2024,2023,2024,7300005081,Azúcar Blanco EEC Nº2 Caña - Cosumar  Marruecos,prod_perdido,24948,null,-24948,23.1,null,1080,null
9319,"TRATAMIENTOS BIO-ECOLOGICOS, S.A.",2023→2024,2023,2024,62020,Mix Fructor Apicultor - Pienso completo - Apicult.,sin_actividad,0,null,0,0.001,null,0,null
5785,"PENADES BALDOVI, RAFAEL",2023→2024,2023,2024,44315,Apipasta PLUS - Pienso para Apicultura,prod_perdido,319.2,null,-319.2,0.14,null,2280,null
9244,"AGROSERVICIOS LOS MARINES, S.L.",2023→2024,2023,2024,62001,Apimix - Pienso completo - Apicultura,prod_perdido,96.6,null,-96.6,0.07,null,1380,null
418,"MANUFACTURAS CEYLAN, S.L.",2023→2024,2023,2024,62150,Jarabe de Melaza de Caña,sin_actividad,0,0,0,0.001,0.001,0,0
2577,"IMPORTACO CASA PONS, S.A.U.",2023→2024,2023,2024,65013,Azúcar en polvo LS Pallet Plast. CHEP 100x120,prod_perdido,7254,null,-7254,5.85,null,1240,null
346,"PANARRO FOODS, S.L.",2023→2024,2023,2024,44010,Fructor 10/81,prod_perdido,158974.44,null,-158974.44,127.112,null,1250.66,null
5892,"DISTRIBUCIONES BOLLFROST, S.L.",2023→2024,2023,2024,7300005081,Azúcar Blanco EEC Nº2 Caña - Cosumar  Marruecos,vol_precio,2360,1520,-840,2,1.6,1180,950
4587,"CARMAX GLASS, S.L.",2023→2024,2023,2024,62001,Apimix - Pienso completo - Apicultura,vol_precio,6511,2169,-4342,5.62,2.11,1158.54,1027.96
3714,"APARICIO TODOLI, DAVID",2023→2024,2023,2024,44310,Apipasta 90% - Pienso completo - Apicultura,prod_perdido,918,null,-918,0.6,null,1530,null
2708,"PROVIAGRICOLA, S.L.",2023→2024,2023,2024,62000,Mix Idoneo - Pienso Completo - Apicultura,vol_precio,6828,4800,-2028,6,4.8,1138,1000
8971,"MASTER BUILDERS SOLUTIONS ESPAÑA, S.L.U.",2023→2024,2023,2024,44301,Azucar Blanco – Materia Prima para Piensos,prod_perdido,93761.2,null,-93761.2,94.9,null,988,null
8349,"AGOTZAINA, S.L.",2023→2024,2023,2024,43052,Maltitol en Polvo Luijan 40 Mesh,sin_actividad,-5514.38,null,5514.38,-2.125,null,2595,null
3160,"GARCIA JAEN, JOSE MANUEL",2023→2024,2023,2024,62001,Apimix - Pienso completo - Apicultura,prod_perdido,135.24,null,-135.24,0.098,null,1380,null
6251,"MIX PAK SYSTEM, S.L.",2023→2024,2023,2024,61228,Fosvitae 95% Plus,prod_ganado,0,60,60,0.001,0.02,0,3000
7980,"AQUAPOOL CHEMICAL, S.L.",2023→2024,2023,2024,60000,Azúcar Líquida Neutra 67º,sin_actividad,0,0,0,0.002,0.001,0,0
566,"ALMACENES MIGUEZ 2005,S.L.",2023→2024,2023,2024,44310,Apipasta 90% - Pienso completo - Apicultura,vol_precio,10599,19251,8652,7.5,19.815,1413.2,971.54
8956,"GARCIA MORENO, MARIA MAGDALENA",2023→2024,2023,2024,40203,Azúcar BIO 300-500 -ES-ECO-024-MU (Agric No EU),prod_perdido,108.6,null,-108.6,0.075,null,1448,null
5245,"ELGORRIAGA BRANDS, S.A.",2023→2024,2023,2024,62070,Mix Golden Jarabe,sin_actividad,0,null,0,0.001,null,0,null
499,"MELS CARLET, S.L.",2023→2024,2023,2024,44305,Fructor 10/81 – Pienso completo – Apicultura,vol_precio,14847.87,35819.96,20972.089999999997,11.926,46.654,1245,767.78
7379,"EARTH-MIND BUSINESS GROUP, S.L.",2023→2024,2023,2024,61239,Mixco Sweet 74-00.5050 EM,prod_perdido,156243,null,-156243,101.321,null,1542.06,null
5989,"T500 PURATOS, S.A.",2023→2024,2023,2024,65005,Azúcar en polvo LS,vol_precio,38223.83,157338.75,119114.92,31.875,142.65,1199.18,1102.97
610,"TURRONES DOS HERMANOS,S.L.",2023→2024,2023,2024,44010,Fructor 10/81,prod_perdido,12138,null,-12138,10.2,null,1190,null
8247,"ALLJUICEMED, S.L.",2023→2024,2023,2024,61247,Mixco Sweet 65-00.5050 U,sin_actividad,0,0,0,0.024,0,0,null
482,"PRODUCTOS VIRGEN DEL BREZO, S.A.U",2023→2024,2023,2024,40000,Azúcar Blanco EEC Nº 2,prod_perdido,63329,null,-63329,59,null,1073.37,null
2112,"LACASA, S.A.U.",2023→2024,2023,2024,7800013151,Azúcar BIO Caña - Elite NOP  India,volumen,59400,26136,-33264,45,19.8,1320,1320
1023,"TORRONS VICENS, S.L.",2023→2024,2023,2024,61170,Mix Maltitol Sorbitol MS 74-8020,vol_precio,4296,11448,7152,2.4,7.2,1790,1590
8385,"PICO GONZALEZ, JOSE",2023→2024,2023,2024,44313,Apipasta Vitaminas 90% - Pienso para Apicultura,prod_perdido,372,null,-372,0.24,null,1550,null
6957,"MATEOS MUÑOZ, ANTONIO",2023→2024,2023,2024,44335,Azúcar Blanco BIO MP para piensos,prod_perdido,1018.5,null,-1018.5,0.75,null,1358,null
8977,"NAVARRO GONZALEZ, JUAN ANTONIO",2023→2024,2023,2024,44313,Apipasta Vitaminas 90% - Pienso para Apicultura,prod_perdido,23.25,null,-23.25,0.015,null,1550,null
1635,"IMPEX EUROPA, S.L",2023→2024,2023,2024,65005,Azúcar en polvo LS,precio,601.44,581.7,-19.74000000000001,0.42,0.42,1432,1385
2682,"CARO CARO, CANDELARIA",2023→2024,2023,2024,44310,Apipasta 90% - Pienso completo - Apicultura,prod_perdido,1575,null,-1575,1.05,null,1500,null
7461,EYGUEBELLE SAS,2023→2024,2023,2024,60000,Azúcar Líquida Neutra 67º,prod_perdido,45322.74,null,-45322.74,49.86,null,909,null
448,"ESGIR, S.L.",2023→2024,2023,2024,7300005081,Azúcar Blanco EEC Nº2 Caña - Cosumar  Marruecos,prod_perdido,26334,null,-26334,23.1,null,1140,null
1117,COMERCIAL RUIZ ARRIBAS S. XXI. S.L.,2023→2024,2023,2024,7110009141,Azúcar Moreno >2500i - ASR  Belice,prod_perdido,937.5,null,-937.5,0.75,null,1250,null
458,"CASTY, S.A.",2023→2024,2023,2024,44200,Maltor 70/80,prod_perdido,342605.5,null,-342605.5,272.606,null,1256.78,null
1202,"APIGLASS ENVAS. Y MAT. APICOLA, S.L.",2023→2024,2023,2024,44310,Apipasta 90% - Pienso completo - Apicultura,vol_precio,12852,26800.5,13948.5,9.45,26.7,1360,1003.76
535,"FRIMAR PANADEROS, S.L.",2023→2024,2023,2024,7400002031,Az Bl. EEC Nº2 Remolacha PTE DEST-Tereos Franci,volumen,8920,19428.88,10508.880000000001,8,17.425,1115,1115
1470,"CROP SALSA, S.A.",2023→2024,2023,2024,62070,Mix Golden Jarabe,sin_actividad,0,null,0,0.001,null,0,null
7651,SARL API DISTRIBUTION,2023→2024,2023,2024,44313,Apipasta Vitaminas 90% - Pienso para Apicultura,vol_precio,27651.75,30645,2993.25,18.9,21.9,1463.06,1399.32
297,"TARBAL FOOD, S.L.",2023→2024,2023,2024,7300005081,Azúcar Blanco EEC Nº2 Caña - Cosumar  Marruecos,prod_perdido,4435.2,null,-4435.2,3.2,null,1386,null
3607,"SERRANO SANCHEZ, RUBEN",2023→2024,2023,2024,44313,Apipasta Vitaminas 90% - Pienso para Apicultura,prod_perdido,465,null,-465,0.3,null,1550,null
2850,"AMC NATURAL DRINKS, S.L.",2023→2024,2023,2024,60000,Azúcar Líquida Neutra 67º,vol_precio,273727.52,501529.3,227801.77999999997,298.12,637.46,918.18,786.76
734,"HORCHATAS MERCADER,S.L.",2023→2024,2023,2024,7300007131,Azúcar Blanco EEC Nº2 Caña - Cassa  El Salvador,prod_perdido,28267.2,null,-28267.2,24.16,null,1170,null
473,"MAZALMENDRA, S.L.",2023→2024,2023,2024,40000,Azúcar Blanco EEC Nº 2,prod_perdido,142204.86,null,-142204.86,126.18,null,1127,null
2053,"MANUEL BUSTO AMANDI, S.A.",2023→2024,2023,2024,7300007131,Azúcar Blanco EEC Nº2 Caña - Cassa  El Salvador,prod_perdido,53479.8,null,-53479.8,48.18,null,1110,null
457,"AMAHER, S.L.",2023→2024,2023,2024,7500004011,Correfino EEC Nº2 Caña/Rem - Azucarera España,prod_perdido,25272,null,-25272,24.3,null,1040,null
1832,"SIERRAS ANDALUZAS, S.C.A.",2023→2024,2023,2024,44301,Azucar Blanco – Materia Prima para Piensos,vol_precio,39690,38508,-1182,37,44.4,1072.7,867.3
481,"EL CATETO, S.L.",2023→2024,2023,2024,60105,"Azúcar PI 73,5-67",vol_precio,10708.63,11168.5,459.8700000000008,7.187,8.45,1490,1321.72
8260,OBRADOR HERMANOS HIGON S.L.U.,2023→2024,2023,2024,40203,Azúcar BIO 300-500 -ES-ECO-024-MU (Agric No EU),prod_perdido,1320,null,-1320,1,null,1320,null
1218,"RAMIRO LARRIO, JAVIER",2023→2024,2023,2024,44313,Apipasta Vitaminas 90% - Pienso para Apicultura,precio,3255,3045,-210,2.1,2.1,1550,1450
9455,"BORRAS CACAO, S.A.",2023→2024,2023,2024,65020,Azúcar en polvo SG - LM Micronizada,sin_actividad,0,null,0,0.005,null,0,null
737,"COMERCIAL IBENSE, S.L.",2023→2024,2023,2024,42000,Dextrosa Cristal Monohidrato Maiz,precio,2281.25,1243.75,-1037.5,1.25,1.25,1825,995
6267,"JUMEL ALIMENTARIA, S.A.",2023→2024,2023,2024,7300007131,Azúcar Blanco EEC Nº2 Caña - Cassa  El Salvador,prod_perdido,23920,null,-23920,23,null,1040,null
3658,"NAVALON FERRER, CRISTIAN",2023→2024,2023,2024,62001,Apimix - Pienso completo - Apicultura,prod_perdido,1296,null,-1296,1.2,null,1080,null
215,"MARTIN BRAUN, S.A.",2023→2024,2023,2024,7300039291,Azúcar Blanco EEC Nº2 Caña - Kampong Speu Camboya,vol_precio,70368,261285.6,190917.6,71,276.4,991.1,945.32
8251,APILINE DI FASSARI DOMINIQUE,2023→2024,2023,2024,62028,Apimix Pienso Completo (ESP-ITA),prod_perdido,12360,null,-12360,12,null,1030,null
400,"ASOCIACION IND. ALICANTINA DEL HELADO, S.A.",2023→2024,2023,2024,40000,Azúcar Blanco EEC Nº 2,prod_perdido,193449.46,null,-193449.46,206.34,null,937.53,null
7496,"LA CENTRAL 3.0 - NOVA DISTRIBUTION, S.L.",2023→2024,2023,2024,65005,Azúcar en polvo LS,prod_perdido,3744,null,-3744,2.925,null,1280,null
433,"SANCHIS MIRA, S.A.",2023→2024,2023,2024,7300037021,Azúcar Blanco EEC Nº2 Caña - Sidul  Portugal,prod_perdido,25680,null,-25680,24,null,1070,null
7185,"ILE AGROCENTRO LEON, S.L.",2023→2024,2023,2024,62020,Mix Fructor Apicultor - Pienso completo - Apicult.,prod_perdido,3574.5,null,-3574.5,3.25,null,1099.85,null
1328,"3A BIOTECH, S.L.",2023→2024,2023,2024,42000,Dextrosa Cristal Monohidrato Maiz,prod_perdido,39.75,null,-39.75,0.025,null,1590,null
5428,"CLEMENTE SANZ, AURORA",2023→2024,2023,2024,62001,Apimix - Pienso completo - Apicultura,vol_precio,154.32,31.5,-122.82,0.114,0.03,1353.68,1050
2767,"DULCEPLUS GOLOSINAS, S.A.",2023→2024,2023,2024,62400,Fondant ES-R01,vol_precio,19689.6,11789.7,-7899.899999999998,13.44,8.37,1465,1408.57
265,"BLENDHUB, S.L",2023→2024,2023,2024,3010050341,Fructosa Maiz Cristal Polvo - ADM  Turquía,prod_perdido,54.75,null,-54.75,0.025,null,2190,null
1437,"CEREALTO AGUILAR, S.L.",2023→2024,2023,2024,62150,Jarabe de Melaza de Caña,vol_precio,58704.59,81012.26,22307.67,57.61,82.58,1019,981.02
2211,"GIL MARTINEZ, FRANCISCO GABRIEL",2023→2024,2023,2024,62001,Apimix - Pienso completo - Apicultura,prod_perdido,270,null,-270,0.25,null,1080,null
1661,"DELAVIUDA ALIMENTACION, S.A",2023→2024,2023,2024,43000,Maltitol Liquido 75-5308,prod_perdido,98020,null,-98020,67.6,null,1450,null
769,"ANGEL CAMACHO ALIMENTACION, S.L.",2023→2024,2023,2024,40000,Azúcar Blanco EEC Nº 2,prod_perdido,406210,null,-406210,359.4,null,1130.24,null
8247,"ALLJUICEMED, S.L.",2023→2024,2023,2024,61256,Mixco Sweet 65-00.5050 RC,prod_perdido,24168,null,-24168,25.44,null,950,null
7755,SAS LA CHENERAIE,2023→2024,2023,2024,44315,Apipasta PLUS - Pienso para Apicultura,vol_precio,1806,8454.6,6648.6,0.84,5.04,2150,1677.5
3813,"SOLDADO LLACER, EDUARDO LUIS",2023→2024,2023,2024,62001,Apimix - Pienso completo - Apicultura,prod_perdido,1332,null,-1332,1.2,null,1110,null
5046,"CEREALTO SINTRA FOODS, S.A.",2023→2024,2023,2024,65016,Azúcar en polvo LM Pallet PLT,vol_precio,21450,7371,-14079,15.6,5.85,1375,1260
9283,NUTRITIVE SOLUTIONS LLC,2023→2024,2023,2024,61210,Fosvitae Polvo,sin_actividad,0,null,0,0.001,null,0,null
490,"FRUCOPASA, S.A.",2023→2024,2023,2024,60000,Azúcar Líquida Neutra 67º,vol_precio,408928.2,202344.76,-206583.44,511.8,360.12,799,561.88
517,"DUPAN, S.L.",2023→2024,2023,2024,7300005081,Azúcar Blanco EEC Nº2 Caña - Cosumar  Marruecos,prod_perdido,9520,null,-9520,8,null,1190,null
1000,CLIENTES VARIOS (CONTADO),2023→2024,2023,2024,62001,Apimix - Pienso completo - Apicultura,prod_perdido,712.68,null,-712.68,0.586,null,1216.18,null
450,"LA FLOR BURGALESA, S.L.",2023→2024,2023,2024,43000,Maltitol Liquido 75-5308,prod_perdido,10237.5,null,-10237.5,6.5,null,1575,null
9363,"TBMA EUROPE, B.V.",2023→2024,2023,2024,42000,Dextrosa Cristal Monohidrato Maiz,sin_actividad,0,null,0,0.15,null,0,null
1247,"TURRONES Y ESPECIALIDADES VIAR, S.A.",2023→2024,2023,2024,61170,Mix Maltitol Sorbitol MS 74-8020,vol_precio,66588,49608,-16980,37.2,31.2,1790,1590
2337,"METAROM IBERICA, S.A.U.",2023→2024,2023,2024,60000,Azúcar Líquida Neutra 67º,vol_precio,5287.98,948,-4339.98,4.26,1.2,1241.31,790
1643,"DULCES ARTESANALES LINARES, S.L",2023→2024,2023,2024,7300039291,Azúcar Blanco EEC Nº2 Caña - Kampong Speu Camboya,vol_precio,11980,7640,-4340,12,8,998.33,955
7612,DPTO. COMERCIAL,2023→2024,2023,2024,61222,Fosfruit,sin_actividad,0,null,0,0.001,null,0,null
8247,"ALLJUICEMED, S.L.",2023→2024,2023,2024,61249,Mixco Sweet 68-00.5050 RC,prod_perdido,49155.96,null,-49155.96,50.52,null,973,null
523,"CORALIM INGREDIENTS, S.L.",2023→2024,2023,2024,7400002031,Az Bl. EEC Nº2 Remolacha PTE DEST-Tereos Franci,volumen,2300,1150,-1150,2,1,1150,1150
4329,"ZAFRA SANTILLANA, ELOY",2023→2024,2023,2024,62020,Mix Fructor Apicultor - Pienso completo - Apicult.,vol_precio,1192.8,1208,15.200000000000045,1.2,1.25,994,966.4
9453,"COMERCIAL ALPAMATIAN, S.L.",2023→2024,2023,2024,42000,Dextrosa Cristal Monohidrato Maiz,prod_perdido,312,null,-312,0.2,null,1560,null
9429,TARTAS ANCANO S.L.,2023→2024,2023,2024,43101,Sorbitol Liquido 70% No cristalizable - EPSA,vol_precio,22386,32035.9,9649.900000000001,15.6,24.7,1435,1297
7171,"QUIRANTE FRUITS, S.L.",2023→2024,2023,2024,43150,Sorbitol en Polvo,prod_perdido,36900,null,-36900,18,null,2050,null
5691,"IDAI NATURE, S.L.",2023→2024,2023,2024,44015,Fructor 10/77,prod_perdido,7104,null,-7104,4.8,null,1480,null
4002,"ABB MJ FERNANDEZ ARANDA, S.L.",2023→2024,2023,2024,7500004011,Correfino EEC Nº2 Caña/Rem - Azucarera España,vol_precio,188524.5,3444,-185080.5,178.6,5.6,1055.57,615
4505,"FIESTA COLOMBINA, S.L.U.",2023→2024,2023,2024,44131,Glucor 37/79,prod_perdido,172898.61,null,-172898.61,145.906,null,1185,null
1314,"MANUFACTURAS PIBERNAT, S.L.",2023→2024,2023,2024,7300016111,Azúcar Blanco EEC Nº2 Caña - Santa Ana Guatemala,prod_perdido,1250,null,-1250,1,null,1250,null
6467,"CATALINA FOOD SOLUTIONS, S.L.",2023→2024,2023,2024,7300039291,Azúcar Blanco EEC Nº2 Caña - Kampong Speu Camboya,vol_precio,15600,29186,13586,16,39.6,975,737.02
7008,"REDEFINE FOOD SOLUTIONS, S.L.",2023→2024,2023,2024,40103,Azúcar Moreno >2500i - Brown (Dry Dem BLZ),sin_actividad,0,null,0,0,null,null,null
9615,BACKALDRIN INTERNATIONAL THE KORNSPITZ COMPANY GMBH,2023→2024,2023,2024,43050,Maltitol en Polvo,sin_actividad,0,null,0,0.001,null,0,null
422,"HERMANOS LOPEZ LLORET, S.A.",2023→2024,2023,2024,7400048311,Az. Bl. EEC nº2 Remol PTE DEST-Agrana Leop Austria,prod_perdido,47840,null,-47840,46,null,1040,null
576,"VIUDA PIFARRE Y COMPAÑIA, S.L.",2023→2024,2023,2024,44120,Glucor 45/80,prod_perdido,31906.2,null,-31906.2,24.6,null,1297,null
353,"QUALITY SPICES, S.L.",2023→2024,2023,2024,7110004161,Azúcar Moreno >2500i - Azucarera Malawi,sin_actividad,0,null,0,0.001,null,0,null
3070,"NAVARRO OLIVA, JOSE",2023→2024,2023,2024,62001,Apimix - Pienso completo - Apicultura,prod_perdido,1200,null,-1200,1.2,null,1000,null
9563,INVESTMENT CROSS TRADING S.L.U.,2023→2024,2023,2024,40203,Azúcar BIO 300-500 -ES-ECO-024-MU (Agric No EU),sin_actividad,0,null,0,0.001,null,0,null
9136,PRE GEL S.P.A. ,2023→2024,2023,2024,61200,Fosvitae 85%,sin_actividad,0,null,0,0.001,null,0,null
3479,"LA TAHONA DE UTIEL, S.L.",2023→2024,2023,2024,43100,Sorbitol Liquido 70% No cristalizable,prod_perdido,2954.8,null,-2954.8,1.78,null,1660,null
6395,SEITENBACHER KG NATURKOST,2023→2024,2023,2024,44120,Glucor 45/80,sin_actividad,0,null,0,0.001,null,0,null
261,"EZTIKIDETZA, S.A.T.",2023→2024,2023,2024,44313,Apipasta Vitaminas 90% - Pienso para Apicultura,vol_precio,4630.5,5575.5,945,3.15,4.2,1470,1327.5
5316,"CASH-ZAPATA, S.L.",2023→2024,2023,2024,42000,Dextrosa Cristal Monohidrato Maiz,prod_perdido,3912.5,null,-3912.5,2.5,null,1565,null
6603,"INDUSTRIAS ALIMENTICIAS SUFLI, S.L.",2023→2024,2023,2024,7110009141,Azúcar Moreno >2500i - ASR  Belice,prod_perdido,287.6,null,-287.6,0.2,null,1438,null
1854,"ROYPAS BY NUTRIS, S.A.",2023→2024,2023,2024,1210049321,Sorbitol Liquido - Shandong Tianli Pharm - China,prod_perdido,2330.9,null,-2330.9,1.3,null,1793,null
3070,"NAVARRO OLIVA, JOSE",2023→2024,2023,2024,44301,Azucar Blanco – Materia Prima para Piensos,vol_precio,2880,1536,-1344,3,2.4,960,640
7164,"FELIX SOLIS, S.L.",2023→2024,2023,2024,61142,Mixco Sweet 70-00.4252,sin_actividad,0,null,0,0.001,null,0,null
7440,"LOPEZ FOOD GROUP, S.L.",2023→2024,2023,2024,60105,"Azúcar PI 73,5-67",vol_precio,259800.96,215194.05,-44606.91,179.652,174.05,1446.13,1236.39
8734,"VMPS AGUAS E TURISMO, S.A",2023→2024,2023,2024,44092,Fructor 100/69,vol_precio,541821.61,202082.38,-339739.23,319.094,168.26,1698,1201.01
9168,"BIO ALIMENTOS DE MURCIA, S.L.",2023→2024,2023,2024,7810033151,Azúcar BIO 300-500 ICUMSA Elite India,prod_perdido,6258,null,-6258,4.2,null,1490,null
542,"SDAD.ESPAÑOLA COLOR. NATURALES Y AFINES, S.A.U.",2023→2024,2023,2024,7300005081,Azúcar Blanco EEC Nº2 Caña - Cosumar  Marruecos,volumen,192376.8,23734.8,-168642,184.8,22.8,1041,1041
9272,FIRMENICH BELGIUM S.A,2023→2024,2023,2024,44111,Glucor 60/82,sin_actividad,0,null,0,0.001,null,0,null
790,"ARLUY, S.L.",2023→2024,2023,2024,61200,Fosvitae 85%,vol_precio,61471.18,59067.5,-2403.6800000000003,15.81,19.49,3888.12,3030.66
7496,"LA CENTRAL 3.0 - NOVA DISTRIBUTION, S.L.",2023→2024,2023,2024,7500004011,Correfino EEC Nº2 Caña/Rem - Azucarera España,prod_perdido,126967.5,null,-126967.5,121.5,null,1045,null
440,"MAZAPANES Y DULCES DE TOLEDO, S.A.",2023→2024,2023,2024,44015,Fructor 10/77,prod_perdido,6960,null,-6960,4.8,null,1450,null
346,"PANARRO FOODS, S.L.",2023→2024,2023,2024,40000,Azúcar Blanco EEC Nº 2,prod_perdido,53533.7,null,-53533.7,45.1,null,1187,null
7410,"DEL OLMO CUEVAS, HECTOR",2023→2024,2023,2024,44313,Apipasta Vitaminas 90% - Pienso para Apicultura,vol_precio,3929.25,4620,690.75,2.535,3.15,1550,1466.67
9221,ZYGOUROPOULOS,2023→2024,2023,2024,44310,Apipasta 90% - Pienso completo - Apicultura,sin_actividad,0,null,0,0.002,null,0,null
535,"FRIMAR PANADEROS, S.L.",2023→2024,2023,2024,7300007131,Azúcar Blanco EEC Nº2 Caña - Cassa  El Salvador,prod_perdido,79611,null,-79611,71.4,null,1115,null
8003,"OBLEAS QUINTIN, S.L.",2023→2024,2023,2024,40350,Azúcar Granulado Extrafino,prod_perdido,8757,null,-8757,6.3,null,1390,null
1365,"CARAMELOS ARTESANOS EL TETE, S.L.I",2023→2024,2023,2024,44120,Glucor 45/80,prod_perdido,15558.76,null,-15558.76,12.28,null,1267,null
3812,SIERRA MIEL SDAD. COOP.,2023→2024,2023,2024,44301,Azucar Blanco – Materia Prima para Piensos,prod_perdido,10044,null,-10044,10.8,null,930,null
2331,"ASELA, S.L.",2023→2024,2023,2024,62001,Apimix - Pienso completo - Apicultura,prod_perdido,77.28,null,-77.28,0.056,null,1380,null
5454,"ALIMENTACION Y NUTRICION FAMILIAR, S.L.",2023→2024,2023,2024,7300037021,Azúcar Blanco EEC Nº2 Caña - Sidul  Portugal,volumen,12040,12846.25,806.25,11.2,11.95,1075,1075
6734,"COLONIALES EL SOL, S.L.",2023→2024,2023,2024,45006,AZÚCAR BLANCO EEC Nº2 C - PQ01 RETAIL – JUST SUGAR,vol_precio,1104,10685.79,9581.79,0.96,10.561,1150,1011.82
6048,"BLENDAMA, S.L.",2023→2024,2023,2024,7200017111,>45 ICUMSA - Palo Gordo Guatemala,sin_actividad,0,null,0,0,null,null,null
528,"MANUFACTURAS COVISAL, S.L.",2023→2024,2023,2024,7300037021,Azúcar Blanco EEC Nº2 Caña - Sidul  Portugal,prod_perdido,1270,null,-1270,1,null,1270,null
9360,"GOMEZ CASTELL, RAFAEL",2023→2024,2023,2024,62001,Apimix - Pienso completo - Apicultura,precio,1296,1230,-66,1.2,1.2,1080,1025
9282,"IZUM LAB, S.L.",2023→2024,2023,2024,61278,Mixco Sweet 72-00.5050,sin_actividad,0,null,0,0.004,null,0,null
1241,"ACEITES DEL SUR-COOSUR, S.A.",2023→2024,2023,2024,7300037021,Azúcar Blanco EEC Nº2 Caña - Sidul  Portugal,prod_perdido,28193,null,-28193,24.2,null,1165,null
1746,"PRIMITIVO PICO, S.A",2023→2024,2023,2024,7300039291,Azúcar Blanco EEC Nº2 Caña - Kampong Speu Camboya,vol_precio,35640,38268,2628,36,60,990,637.8
6196,"APITIENDA SOLTAN, S.L.",2023→2024,2023,2024,62001,Apimix - Pienso completo - Apicultura,vol_precio,3276,2016,-1260,2.52,1.68,1300,1200
246,"CAMPO BETICA, S.L.",2023→2024,2023,2024,7300005081,Azúcar Blanco EEC Nº2 Caña - Cosumar  Marruecos,sin_actividad,0,null,0,0.001,null,0,null
9309,"GUTSY CAPTAIN SPAIN, S.L.",2023→2024,2023,2024,7500004011,Correfino EEC Nº2 Caña/Rem - Azucarera España,prod_perdido,1267.2,null,-1267.2,0.9,null,1408,null
1304,"EMPRESA DE TRANSFORMACIÓN AGRARIA, S.A., S.M.E., M.P (TRAGSA)",2023→2024,2023,2024,7400002031,Az Bl. EEC Nº2 Remolacha PTE DEST-Tereos Franci,prod_perdido,1888,null,-1888,1.6,null,1180,null
3144,"DALLANT, S.A.",2023→2024,2023,2024,7300005081,Azúcar Blanco EEC Nº2 Caña - Cosumar  Marruecos,precio,26328,23688,-2640,24,24,1097,987
7123,"ESPIN SANCHEZ, MARIA ISABEL",2023→2024,2023,2024,60004,Az.Líq.Neutra 67º BIO PIENSO COMPLETO - APICULTURA,prod_perdido,1773.6,null,-1773.6,1.2,null,1478,null
3504,"CIFRE ALMONACIL, RAFAEL",2023→2024,2023,2024,44313,Apipasta Vitaminas 90% - Pienso para Apicultura,prod_perdido,325.5,null,-325.5,0.21,null,1550,null
9386,"GONZALEZ CERVERA, SERGIO",2023→2024,2023,2024,44313,Apipasta Vitaminas 90% - Pienso para Apicultura,prod_perdido,3115.5,null,-3115.5,2.01,null,1550,null
9286,"LAQTIA, S.L.",2023→2024,2023,2024,7400002031,Az Bl. EEC Nº2 Remolacha PTE DEST-Tereos Franci,sin_cambio,24240,24240,0,24,24,1010,1010
516,"PAIARROP, S.L.",2023→2024,2023,2024,7800013151,Azúcar BIO Caña - Elite NOP  India,prod_perdido,862.4,null,-862.4,0.55,null,1568,null
8205,"SALSA RICA, S.L.",2023→2024,2023,2024,44040,Fructor 42/71,prod_perdido,13860,null,-13860,25.2,null,550,null
1072,"GALVAN FERNANDEZ HERMANOS, S.L.",2023→2024,2023,2024,7400048311,Az. Bl. EEC nº2 Remol PTE DEST-Agrana Leop Austria,prod_perdido,25920,null,-25920,24,null,1080,null
8462,"CAPEL VINOS, S.A.",2023→2024,2023,2024,61255,Mixco Sweet 71-00.2446,vol_precio,224582.16,63447.06,-161135.1,172.58,73.18,1301.32,867
9562,"BIO DARMA, S.L.",2023→2024,2023,2024,40207,Azúcar BIO <45 ES-ECO-024-MU Ag UE REMOLACHA,sin_actividad,0,null,0,0.001,null,0,null
4587,"CARMAX GLASS, S.L.",2023→2024,2023,2024,44314,Apipasta 90% - BIO - Pienso completo - Apicultura,vol_precio,484.43,481.5,-2.930000000000007,0.225,0.255,2153.02,1888.24
2256,"DULCES Y CONSERVAS HELIOS, S.A.",2023→2024,2023,2024,40000,Azúcar Blanco EEC Nº 2,prod_perdido,392080,null,-392080,377,null,1040,null
577,"FARTONS POLO, S.L.",2023→2024,2023,2024,44015,Fructor 10/77,prod_perdido,8700,null,-8700,6,null,1450,null
1000,CLIENTES VARIOS (CONTADO),2023→2024,2023,2024,40203,Azúcar BIO 300-500 -ES-ECO-024-MU (Agric No EU),prod_perdido,36.2,null,-36.2,0.025,null,1448,null
9157,"MAK FOOD COMPANY, S.L.",2023→2024,2023,2024,7400004011,Azúcar Bl. EEC nº2 REMOL - AZUCARERA ESPAÑA,prod_perdido,24020,null,-24020,18,null,1334.44,null
436,"TURRONES JOSE GARRIGOS, S.A.",2023→2024,2023,2024,7600004011,Azúcar Granulado Extrafino-Azucarera España,prod_perdido,3915,null,-3915,2.7,null,1450,null
7022,"FRUTOS SECOS EMPERADOR, S.L.",2023→2024,2023,2024,7300007131,Azúcar Blanco EEC Nº2 Caña - Cassa  El Salvador,prod_perdido,2380,null,-2380,2,null,1190,null
1922,"PSITTACUS CATALONIA, S.L.",2023→2024,2023,2024,41000,Fructosa MAIZ Cristal,vol_precio,59537.5,6950,-52587.5,33.75,5,1764.07,1390
9158,"PEREZ RIVERA, ALVARO",2023→2024,2023,2024,44313,Apipasta Vitaminas 90% - Pienso para Apicultura,prod_perdido,348.75,null,-348.75,0.225,null,1550,null
499,"MELS CARLET, S.L.",2023→2024,2023,2024,61106,Mixco Sweet 75-10.4545,vol_precio,22709.1,15562.5,-7146.5999999999985,25.66,24.9,885,625
6264,"VERT CARBO, ISABEL",2023→2024,2023,2024,44314,Apipasta 90% - BIO - Pienso completo - Apicultura,prod_perdido,2184,null,-2184,1.05,null,2080,null
935,"MANZANO GAMITO HNOS, S.L.",2023→2024,2023,2024,7300007131,Azúcar Blanco EEC Nº2 Caña - Cassa  El Salvador,prod_perdido,25680,null,-25680,24,null,1070,null
6338,CENTRO NAC. TECNOLOGIA Y SEGURIDAD ALIMENTARIA,2023→2024,2023,2024,99950,Producto de Pruebas Líquido - 1,sin_actividad,0,0,0,0.008,0.002,0,0
1661,"DELAVIUDA ALIMENTACION, S.A",2023→2024,2023,2024,43050,Maltitol en Polvo,prod_perdido,41720,null,-41720,17.5,null,2384,null
1752,"ROYMY 21, S.L",2023→2024,2023,2024,43101,Sorbitol Liquido 70% No cristalizable - EPSA,vol_precio,11466,34710,23244,7.8,29.9,1470,1160.87
445,"PASTELERIA ARROYO SANCHEZ, S.L.U.",2023→2024,2023,2024,7300039291,Azúcar Blanco EEC Nº2 Caña - Kampong Speu Camboya,vol_precio,245619,260175.6,14556.600000000006,248.1,404.8,990,642.73
5528,"FERNANDEZ LOPEZ, ANTONIO",2023→2024,2023,2024,44313,Apipasta Vitaminas 90% - Pienso para Apicultura,vol_precio,93182.85,129666.15,36483.29999999999,64.35,111.3,1448.06,1165.01
431,"DICARCONO, S.L.",2023→2024,2023,2024,7300005081,Azúcar Blanco EEC Nº2 Caña - Cosumar  Marruecos,vol_precio,97923.52,70136.22,-27787.300000000003,95.58,71.06,1024.52,987
4685,ABEILLE D'AUVERGNE (NATURAPI),2023→2024,2023,2024,44310,Apipasta 90% - Pienso completo - Apicultura,sin_actividad,0,0,0,0.001,0,0,null
4726,CONSORZIO CON LE API,2023→2024,2023,2024,44310,Apipasta 90% - Pienso completo - Apicultura,vol_precio,9135,5460,-3675,6.3,5.25,1450,1040
9221,ZYGOUROPOULOS,2023→2024,2023,2024,44315,Apipasta PLUS - Pienso para Apicultura,sin_actividad,0,null,0,0.002,null,0,null
7980,"AQUAPOOL CHEMICAL, S.L.",2023→2024,2023,2024,61142,Mixco Sweet 70-00.4252,sin_actividad,0,null,0,0.001,null,0,null
2256,"DULCES Y CONSERVAS HELIOS, S.A.",2023→2024,2023,2024,7300008021,Azúcar Blanco EEC Nº2 Caña - RAR  Portugal,prod_perdido,74880,null,-74880,72,null,1040,null
354,"DESTILERIAS LA HUERTANA, S.L.",2023→2024,2023,2024,60010,Azúcar Liquida Neutra S.A.,vol_precio,5616,52640.2,47024.2,4.8,90.4,1170,582.3
8956,"GARCIA MORENO, MARIA MAGDALENA",2023→2024,2023,2024,7810033151,Azúcar BIO 300-500 ICUMSA Elite India,prod_perdido,36.2,null,-36.2,0.025,null,1448,null
2850,"AMC NATURAL DRINKS, S.L.",2023→2024,2023,2024,7810033151,Azúcar BIO 300-500 ICUMSA Elite India,prod_perdido,1328,null,-1328,1,null,1328,null
6573,"GRAU SANCHEZ, MANUEL",2023→2024,2023,2024,44313,Apipasta Vitaminas 90% - Pienso para Apicultura,precio,93,90,-3,0.06,0.06,1550,1500
1241,"ACEITES DEL SUR-COOSUR, S.A.",2023→2024,2023,2024,40000,Azúcar Blanco EEC Nº 2,prod_perdido,120714,null,-120714,102.3,null,1180,null
282,"PRODUCTOS LOZANO, S.L.",2023→2024,2023,2024,44010,Fructor 10/81,volumen,7547.4,1800,-5747.4,4.98,1.2,1515.54,1500
192,"AZUCREN, S.L.",2023→2024,2023,2024,62413,Fondant ES-R04 - Jacobo Lozano (Etiq. Cliente),vol_precio,5625.6,7524,1898.3999999999996,3.84,7.5,1465,1003.2
458,"CASTY, S.A.",2023→2024,2023,2024,41005,Fructosa MAIZ Cristal Granulada,vol_precio,35787.5,6785,-29002.5,19.5,5,1835.26,1357
1956,"MARSHMALLOWS INTERNATIONAL, S.L.U.",2023→2024,2023,2024,40000,Azúcar Blanco EEC Nº 2,prod_perdido,310961.24,null,-310961.24,330.5,null,940.88,null
252,"CONSERVAS ALGUAZAS, S.L.",2023→2024,2023,2024,40203,Azúcar BIO 300-500 -ES-ECO-024-MU (Agric No EU),prod_perdido,275.6,null,-275.6,0.2,null,1378,null
2337,"METAROM IBERICA, S.A.U.",2023→2024,2023,2024,44010,Fructor 10/81,prod_perdido,3975,null,-3975,2.5,null,1590,null
531,"DESARROLLOS PANADEROS LEVANTINOS, S.L.L.",2023→2024,2023,2024,42000,Dextrosa Cristal Monohidrato Maiz,prod_perdido,2625,null,-2625,2.5,null,1050,null
6636,"TECNICAS MECANICAS ILERDENSES, S.L.",2023→2024,2023,2024,40103,Azúcar Moreno >2500i - Brown (Dry Dem BLZ),sin_actividad,0,null,0,0,null,null,null
6818,"DULCES LA FAVORITA FINCA OLIVAR EL RECREO, S.L.",2023→2024,2023,2024,60105,"Azúcar PI 73,5-67",vol_precio,7104,13223.5,6119.5,4.8,9.65,1480,1370.31
9473,"TÉCNICAS DEL CAMPO, S.L.",2023→2024,2023,2024,44310,Apipasta 90% - Pienso completo - Apicultura,precio,803.25,745.5,-57.75,0.525,0.525,1530,1420
8010,"GUARDIOLA LOZANO, JOSE MARIA",2023→2024,2023,2024,44313,Apipasta Vitaminas 90% - Pienso para Apicultura,prod_perdido,23.25,null,-23.25,0.015,null,1550,null
3961,"JORGE DE JULIAN, JOSE ANTONIO",2023→2024,2023,2024,44310,Apipasta 90% - Pienso completo - Apicultura,prod_perdido,321.3,null,-321.3,0.21,null,1530,null
9319,"TRATAMIENTOS BIO-ECOLOGICOS, S.A.",2023→2024,2023,2024,49006,Almidón nativo de Maiz,sin_actividad,0,null,0,0.001,null,0,null
9221,ZYGOUROPOULOS,2023→2024,2023,2024,61210,Fosvitae Polvo,sin_actividad,0,null,0,0.001,null,0,null
2473,"TORRE ORIA, S.L.U.",2023→2024,2023,2024,60010,Azúcar Liquida Neutra S.A.,sin_actividad,0,0,0,0.001,0.001,0,0
6365,S.C.A. CAMPO MUSEO DE LA MIEL RANCHO CORTESANO,2023→2024,2023,2024,44313,Apipasta Vitaminas 90% - Pienso para Apicultura,sin_cambio,1606.5,1627.5,21,1.05,1.05,1530,1550
2850,"AMC NATURAL DRINKS, S.L.",2023→2024,2023,2024,7400048311,Az. Bl. EEC nº2 Remol PTE DEST-Agrana Leop Austria,sin_actividad,0,null,0,0.001,null,0,null
1864,MELAZAHAR COOP. V.,2023→2024,2023,2024,44304,Azucar Polvo LS – Pienso completo – Apicultura,prod_perdido,111.75,null,-111.75,0.075,null,1490,null
418,"MANUFACTURAS CEYLAN, S.L.",2023→2024,2023,2024,7110009141,Azúcar Moreno >2500i - ASR  Belice,prod_perdido,3600,null,-3600,3,null,1200,null
7612,DPTO. COMERCIAL,2023→2024,2023,2024,62001,Apimix - Pienso completo - Apicultura,sin_actividad,0,0,0,0.114,0.01,0,0
3748,"MAYORAL BARBA, DIEGO",2023→2024,2023,2024,44335,Azúcar Blanco BIO MP para piensos,prod_perdido,362.5,null,-362.5,0.25,null,1450,null
7987,"MATOS INDUSTRIA E COMERCIO ALIMENTAR, LDA",2023→2024,2023,2024,40260,Melaza de Caña,prod_perdido,9100.95,null,-9100.95,7.31,null,1245,null
6955,"VILAR GARCIA, PASCUAL",2023→2024,2023,2024,62001,Apimix - Pienso completo - Apicultura,prod_perdido,2628,null,-2628,2.4,null,1095,null
4685,ABEILLE D'AUVERGNE (NATURAPI),2023→2024,2023,2024,44314,Apipasta 90% - BIO - Pienso completo - Apicultura,sin_actividad,0,null,0,0.001,null,0,null
9565,NORDIK BUCKFAST,2023→2024,2023,2024,44313,Apipasta Vitaminas 90% - Pienso para Apicultura,prod_ganado,0,1522.5,1522.5,0.001,1.05,0,1450
418,"MANUFACTURAS CEYLAN, S.L.",2023→2024,2023,2024,40203,Azúcar BIO 300-500 -ES-ECO-024-MU (Agric No EU),prod_perdido,847.5,null,-847.5,0.5,null,1695,null
494,"KING REGAL, S.A.",2023→2024,2023,2024,40013,Azucar Blanco EEC Nº2 Extrafino,sin_actividad,0,null,0,0.001,null,0,null
330,"PASTELERIA LOS MELLIZOS, S.L.",2023→2024,2023,2024,44015,Fructor 10/77,prod_perdido,1740,null,-1740,1.2,null,1450,null
246,"CAMPO BETICA, S.L.",2023→2024,2023,2024,42000,Dextrosa Cristal Monohidrato Maiz,prod_perdido,7300,null,-7300,5,null,1460,null
237,"DULCES SANTA CRUZ, S.L.",2023→2024,2023,2024,43003,Maltitol 55/75,volumen,2106,4212,2106,1.3,2.6,1620,1620
295,"EUROCAVIAR, S.A.",2023→2024,2023,2024,40030,Azucar azucarera trimestral,prod_perdido,66.9,null,-66.9,0.05,null,1338,null
5000,"PROCAMP CA'N LLANERAS, S.A.",2023→2024,2023,2024,44313,Apipasta Vitaminas 90% - Pienso para Apicultura,vol_precio,3010.65,1346.4,-1664.25,1.995,1.02,1509.1,1320
6036,SARL API-BOURGOGNE,2023→2024,2023,2024,44313,Apipasta Vitaminas 90% - Pienso para Apicultura,vol_precio,14512.5,55713,41200.5,9.75,44.1,1488.46,1263.33
7765,SURINVER EL GRUPO S.COOP,2023→2024,2023,2024,7500004011,Correfino EEC Nº2 Caña/Rem - Azucarera España,vol_precio,5068.8,1904,-3164.8,3.6,1.6,1408,1190
2256,"DULCES Y CONSERVAS HELIOS, S.A.",2023→2024,2023,2024,7300007131,Azúcar Blanco EEC Nº2 Caña - Cassa  El Salvador,prod_perdido,74880,null,-74880,72,null,1040,null
428,"PASTELERIA INDUSTRIAL MONTE TURIA, S.A.",2023→2024,2023,2024,7400002031,Az Bl. EEC Nº2 Remolacha PTE DEST-Tereos Franci,volumen,45007.2,61588.8,16581.600000000006,45.6,62.4,987,987
889,"ESPECIALIDADES DEL OBRADOR, S.L.",2023→2024,2023,2024,41000,Fructosa MAIZ Cristal,volumen,273.3,227.75,-45.55000000000001,0.15,0.125,1822,1822
5143,"GARCIA FERNANDEZ, VICENTE",2023→2024,2023,2024,44314,Apipasta 90% - BIO - Pienso completo - Apicultura,prod_perdido,1591.2,null,-1591.2,0.765,null,2080,null
5393,ICKOWICZ APICULTURE SAS,2023→2024,2023,2024,44313,Apipasta Vitaminas 90% - Pienso para Apicultura,vol_precio,38710.5,65562.75,26852.25,26.25,56.55,1474.69,1159.38
3187,"AZELIS ESPAÑA, S.A.",2023→2024,2023,2024,41000,Fructosa MAIZ Cristal,prod_perdido,78028.75,0,-78028.75,46.25,0.001,1687.11,0
577,"FARTONS POLO, S.L.",2023→2024,2023,2024,62400,Fondant ES-R01,prod_perdido,1454.4,null,-1454.4,0.96,null,1515,null
7022,"FRUTOS SECOS EMPERADOR, S.L.",2023→2024,2023,2024,61222,Fosfruit,prod_perdido,33.6,null,-33.6,0.008,null,4200,null
9272,FIRMENICH BELGIUM S.A,2023→2024,2023,2024,61144,Mixco Sweet 70-00.4252 T,prod_perdido,11076.3,null,-11076.3,7.111,null,1557.63,null
3111,"GOMEZ MARTIN, HUGO",2023→2024,2023,2024,62020,Mix Fructor Apicultor - Pienso completo - Apicult.,prod_perdido,29764.9,null,-29764.9,27.059,null,1100,null
237,"DULCES SANTA CRUZ, S.L.",2023→2024,2023,2024,43101,Sorbitol Liquido 70% No cristalizable - EPSA,vol_precio,4407,8775,4368,2.6,6.5,1695,1350
8248,"CRA BODEGAS, S.L.",2023→2024,2023,2024,61248,Mixco Sweet 65-00.5050 I,prod_perdido,6147740.06,null,-6147740.06,5593.94,null,1099,null
348,"PRODUCTOS SUR, S.A.U.",2023→2024,2023,2024,42000,Dextrosa Cristal Monohidrato Maiz,vol_precio,544681.25,259875,-284806.25,338.75,202.5,1607.92,1283.33
6130,HAPPY VALLEY HONEY LIMITED,2023→2024,2023,2024,62001,Apimix - Pienso completo - Apicultura,prod_perdido,2041.2,null,-2041.2,1.68,null,1215,null
2111,"ENVASADOS EVA, S.A.",2023→2024,2023,2024,60101,Azúcar PI 67-40,prod_perdido,72135.98,null,-72135.98,75.22,null,959,null
1661,"DELAVIUDA ALIMENTACION, S.A",2023→2024,2023,2024,44131,Glucor 37/79,prod_perdido,15984,null,-15984,11.84,null,1350,null
5192,"WORLD WIDE IMPORT EXPORT CO, LTD.",2023→2024,2023,2024,60125,"Azúcar PI 73,5-67 (ENG)",prod_perdido,1938,null,-1938,1.2,null,1615,null
2011,"BIOSUR PRODUCTOS AGRICOLAS, S.L.U.",2023→2024,2023,2024,62020,Mix Fructor Apicultor - Pienso completo - Apicult.,volumen,1385.46,1288.8,-96.66000000000008,1.29,1.2,1074,1074
4965,"PEREZ BURGOS, JOSE VICENTE",2023→2024,2023,2024,44313,Apipasta Vitaminas 90% - Pienso para Apicultura,vol_precio,1395,870,-525,0.9,0.6,1550,1450
6449,"PRODEL AGRICOLA, S.L.",2023→2024,2023,2024,44315,Apipasta PLUS - Pienso para Apicultura,vol_precio,1602.72,1951.6,348.8799999999999,0.742,1.148,2160,1700
248,"CONSERVAS EL VALLE, S.L.",2023→2024,2023,2024,40104,Azúcar 250 ICUMSA – Pantaleón,prod_perdido,24139.5,null,-24139.5,23.1,null,1045,null
7671,"PETROV VALKOV, PLAMEN",2023→2024,2023,2024,44315,Apipasta PLUS - Pienso para Apicultura,prod_perdido,159.6,null,-159.6,0.07,null,2280,null
3409,"MAGNOLIA PREMIUM, S.L.",2023→2024,2023,2024,65015,Azúcar en polvo LM,sin_actividad,0,null,0,0.003,null,0,null
6656,"BAOR PRODUCTS, S.L.",2023→2024,2023,2024,61272,Mixco Sweet 72-00.5050 RC,sin_actividad,0,null,0,0.005,null,0,null
440,"MAZAPANES Y DULCES DE TOLEDO, S.A.",2023→2024,2023,2024,7300039291,Azúcar Blanco EEC Nº2 Caña - Kampong Speu Camboya,vol_precio,22560,87304,64744,24,136,940,641.94
8778,"IDILIA FOODS, S.L.",2023→2024,2023,2024,7300005081,Azúcar Blanco EEC Nº2 Caña - Cosumar  Marruecos,prod_ganado,0,69269.2,69269.2,0.005,76.12,0,910
8247,"ALLJUICEMED, S.L.",2023→2024,2023,2024,61279,Mixco Sweet 65-00.5050 RCP V2,precio,6229492.5,6073567.5,-155925,6940.71,6941.22,897.53,875
9157,"MAK FOOD COMPANY, S.L.",2023→2024,2023,2024,61256,Mixco Sweet 65-00.5050 RC,prod_perdido,22736,null,-22736,20.3,null,1120,null
3144,"DALLANT, S.A.",2023→2024,2023,2024,99950,Producto de Pruebas Líquido - 1,sin_actividad,0,null,0,0.001,null,0,null
400,"ASOCIACION IND. ALICANTINA DEL HELADO, S.A.",2023→2024,2023,2024,7300016111,Azúcar Blanco EEC Nº2 Caña - Santa Ana Guatemala,prod_perdido,26059,null,-26059,23,null,1133,null
3683,"MADRID JULVE, LUIS",2023→2024,2023,2024,44313,Apipasta Vitaminas 90% - Pienso para Apicultura,prod_perdido,232.5,null,-232.5,0.15,null,1550,null
7699,"TEJERA MARTINEZ, DAVID ANGEL",2023→2024,2023,2024,62001,Apimix - Pienso completo - Apicultura,vol_precio,287.5,76.8,-210.7,0.25,0.06,1150,1280
5680,"SALSA WOK, S.L.",2023→2024,2023,2024,62070,Mix Golden Jarabe,vol_precio,8850,13392.43,4542.43,6,10.515,1475,1273.65
4685,ABEILLE D'AUVERGNE (NATURAPI),2023→2024,2023,2024,44313,Apipasta Vitaminas 90% - Pienso para Apicultura,sin_actividad,0,null,0,0.004,null,0,null
542,"SDAD.ESPAÑOLA COLOR. NATURALES Y AFINES, S.A.U.",2023→2024,2023,2024,40201,Azúcar Blanco BIO ES-ECO-024-MU Ag No UE,prod_perdido,3300,null,-3300,2,null,1650,null
463,"REY ALIMENTACION, S.L.",2023→2024,2023,2024,43050,Maltitol en Polvo,prod_perdido,119.7,null,-119.7,0.05,null,2394,null
6235,"ATRILE 21, S.L.",2023→2024,2023,2024,43050,Maltitol en Polvo,prod_perdido,4660,null,-4660,2,null,2330,null
1000,CLIENTES VARIOS (CONTADO),2023→2024,2023,2024,40206,Azúcar Blanco BIO ES-ECO-024-MU Ag No UE NOP,prod_perdido,98,null,-98,0.1,null,980,null
400,"ASOCIACION IND. ALICANTINA DEL HELADO, S.A.",2023→2024,2023,2024,41006,Fructosa MAIZ Cristal Granulada Pallet Plast. CHEP,vol_precio,199908,82880,-117028,109.6,56,1823.98,1480
5727,"BOGNER, JOSEPH",2023→2024,2023,2024,44313,Apipasta Vitaminas 90% - Pienso para Apicultura,vol_precio,28899,5334,-23565,19.8,4.2,1459.55,1270
9155,"CRESTAS LA GALETA, S.A.",2023→2024,2023,2024,40000,Azúcar Blanco EEC Nº 2,prod_perdido,26334,null,-26334,22,null,1197,null
421,"JOSE GARCIA E HIJOS, S.L.",2023→2024,2023,2024,7300005081,Azúcar Blanco EEC Nº2 Caña - Cosumar  Marruecos,prod_perdido,48208,0,-48208,46,0.001,1048,0
4315,"SANCHEZ PEREZ, ANIBAL",2023→2024,2023,2024,44315,Apipasta PLUS - Pienso para Apicultura,prod_perdido,3578.4,null,-3578.4,1.68,null,2130,null
595,"ROSCRIS BENIOPA, S.L",2023→2024,2023,2024,7500004011,Correfino EEC Nº2 Caña/Rem - Azucarera España,vol_precio,1071,7056,5985,0.9,6.3,1190,1120
461,"PRODUCTOS JESUS, S.L.",2023→2024,2023,2024,7300039291,Azúcar Blanco EEC Nº2 Caña - Kampong Speu Camboya,vol_precio,75054.6,16456,-58598.600000000006,73.8,24.2,1017,680
4244,"GYG ENVASADOS Y ESTUCHADOS, S.L.",2023→2024,2023,2024,7500004011,Correfino EEC Nº2 Caña/Rem - Azucarera España,prod_perdido,36504,null,-36504,35.1,null,1040,null
311,"PROBELTE, S.A.U.",2023→2024,2023,2024,42000,Dextrosa Cristal Monohidrato Maiz,prod_perdido,3987.5,null,-3987.5,2.5,null,1595,null
1253,"HORCHATA EL COSECHERO, S.L.",2023→2024,2023,2024,40000,Azúcar Blanco EEC Nº 2,prod_perdido,48972,null,-48972,46.2,null,1060,null
463,"REY ALIMENTACION, S.L.",2023→2024,2023,2024,40000,Azúcar Blanco EEC Nº 2,prod_perdido,17017,null,-17017,15.4,null,1105,null
340,"ARTESANOS MENDEZ, S.A.",2023→2024,2023,2024,43101,Sorbitol Liquido 70% No cristalizable - EPSA,prod_perdido,2314,null,-2314,1.3,null,1780,null
1080,"VIDAL GOLOSINAS, S.A.",2023→2024,2023,2024,42000,Dextrosa Cristal Monohidrato Maiz,prod_perdido,6337.5,null,-6337.5,3.75,null,1690,null
9217,"LLANO YARRITU, GOIKO",2023→2024,2023,2024,44313,Apipasta Vitaminas 90% - Pienso para Apicultura,vol_precio,771.75,472.65,-299.1,0.525,0.345,1470,1370
401,"SOLER GIMENO, S.L.",2023→2024,2023,2024,44131,Glucor 37/79,prod_perdido,209690.25,null,-209690.25,177.414,null,1181.93,null
6603,"INDUSTRIAS ALIMENTICIAS SUFLI, S.L.",2023→2024,2023,2024,40203,Azúcar BIO 300-500 -ES-ECO-024-MU (Agric No EU),prod_perdido,307.6,null,-307.6,0.2,null,1538,null
535,"FRIMAR PANADEROS, S.L.",2023→2024,2023,2024,42001,Dextrosa C.Monohidrato Maiz Pallet Plast.  CHEP,volumen,8712,2178,-6534,4.8,1.2,1815,1815
436,"TURRONES JOSE GARRIGOS, S.A.",2023→2024,2023,2024,60119,Azúcar PI 74-50,vol_precio,477269.12,292427.44,-184841.68,493.48,461.68,967.15,633.4
2850,"AMC NATURAL DRINKS, S.L.",2023→2024,2023,2024,7300007131,Azúcar Blanco EEC Nº2 Caña - Cassa  El Salvador,prod_perdido,151900,null,-151900,140,null,1085,null
1832,"SIERRAS ANDALUZAS, S.C.A.",2023→2024,2023,2024,62001,Apimix - Pienso completo - Apicultura,prod_perdido,8748,null,-8748,8.4,null,1041.43,null
1832,"SIERRAS ANDALUZAS, S.C.A.",2023→2024,2023,2024,44302,Dextrosa Cristal –  Materia Prima para Piensos,vol_precio,1570,420,-1150,1,0.4,1570,1050
1747,"FRUIT TECH NATURAL, S.A.",2023→2024,2023,2024,40000,Azúcar Blanco EEC Nº 2,prod_perdido,120572.1,null,-120572.1,118.8,null,1014.92,null
7867,"SINBLAT ALIMENTACION SALUDABLE, S.L.",2023→2024,2023,2024,44015,Fructor 10/77,vol_precio,23694,3180,-20514,16.8,2.4,1410.36,1325
1854,"ROYPAS BY NUTRIS, S.A.",2023→2024,2023,2024,7800013151,Azúcar BIO Caña - Elite NOP  India,volumen,56810,25935,-30875,46,21,1235,1235
8523,"CRUZ ZAMBRANO, MARÍA",2023→2024,2023,2024,62001,Apimix - Pienso completo - Apicultura,precio,1108.8,1008,-100.79999999999995,0.84,0.84,1320,1200
4187,"AMILCAR & MORGADO, LDA",2023→2024,2023,2024,44310,Apipasta 90% - Pienso completo - Apicultura,volumen,8152.2,10869.6,2717.4000000000005,6.3,8.4,1294,1294
9329,"TORRALBA CARRION, CESAR",2023→2024,2023,2024,62001,Apimix - Pienso completo - Apicultura,prod_perdido,19.32,null,-19.32,0.014,null,1380,null
496,"BODEGAS Y DESTILERIAS VIDAL, S.L.",2023→2024,2023,2024,60010,Azúcar Liquida Neutra S.A.,sin_actividad,0,null,0,0.001,null,0,null
6048,"BLENDAMA, S.L.",2023→2024,2023,2024,7300039291,Azúcar Blanco EEC Nº2 Caña - Kampong Speu Camboya,sin_actividad,0,null,0,0.001,null,0,null
2513,"LINARES COTO, DAVID",2023→2024,2023,2024,44315,Apipasta PLUS - Pienso para Apicultura,prod_perdido,997.92,null,-997.92,0.504,null,1980,null
4383,"MANUFRI, S.L.",2023→2024,2023,2024,7300039291,Azúcar Blanco EEC Nº2 Caña - Kampong Speu Camboya,prod_perdido,25800,null,-25800,24,null,1075,null
9282,"IZUM LAB, S.L.",2023→2024,2023,2024,61207,Mixco Sweet 74-00.5050 M1,sin_actividad,0,null,0,0.002,null,0,null
5454,"ALIMENTACION Y NUTRICION FAMILIAR, S.L.",2023→2024,2023,2024,40016,Azúcar Blanco EEC Nº 2,prod_perdido,16520,null,-16520,14,null,1180,null
9151,SARL L'ABEILLE DU MIDI,2023→2024,2023,2024,44314,Apipasta 90% - BIO - Pienso completo - Apicultura,precio,2283.75,1732.5,-551.25,1.05,1.05,2175,1650
2256,"DULCES Y CONSERVAS HELIOS, S.A.",2023→2024,2023,2024,7300005081,Azúcar Blanco EEC Nº2 Caña - Cosumar  Marruecos,prod_perdido,473200,null,-473200,455,null,1040,null
1252,"APIGALOES, S.C.",2023→2024,2023,2024,62001,Apimix - Pienso completo - Apicultura,prod_perdido,2450,null,-2450,2.5,null,980,null
9134,"VOLTEC ELECTRO SISTEMES, S.L.",2023→2024,2023,2024,42000,Dextrosa Cristal Monohidrato Maiz,sin_actividad,0,null,0,0.025,null,0,null
1786,"ANITIN PANES ESPECIALES, S.L.",2023→2024,2023,2024,7500004011,Correfino EEC Nº2 Caña/Rem - Azucarera España,vol_precio,106506,11476,-95030,86.8,11.6,1227.03,989.31
239,"ASOCIACION DE APICULTORES DE VIZCAYA, B.E.",2023→2024,2023,2024,44313,Apipasta Vitaminas 90% - Pienso para Apicultura,vol_precio,38619,56934,18315,26.1,44.4,1479.66,1282.3
1374,"GALLETAS REYGA, S.L.U",2023→2024,2023,2024,40000,Azúcar Blanco EEC Nº 2,prod_perdido,106317.8,null,-106317.8,101.4,null,1048.5,null
6041,"AGROLLAVOR SUPERVERT, S.L.",2023→2024,2023,2024,62001,Apimix - Pienso completo - Apicultura,prod_perdido,835.6,null,-835.6,0.62,null,1347.74,null
1864,MELAZAHAR COOP. V.,2023→2024,2023,2024,44301,Azucar Blanco – Materia Prima para Piensos,vol_precio,7742.8,6500.8,-1242,8.3,8,932.87,812.6
8003,"OBLEAS QUINTIN, S.L.",2023→2024,2023,2024,60114,"Azúcar PI 73,5-67-C",sin_cambio,1732.4,1704,-28.40000000000009,1.22,1.2,1420,1420
5445,COMPTOIR APICOLE LANGUEDOCIEN,2023→2024,2023,2024,44315,Apipasta PLUS - Pienso para Apicultura,prod_perdido,1848,null,-1848,0.84,null,2200,null
5045,"DADELOS AGRICOLA, S.L.",2023→2024,2023,2024,40000,Azúcar Blanco EEC Nº 2,prod_perdido,24840,null,-24840,23,null,1080,null
1786,"ANITIN PANES ESPECIALES, S.L.",2023→2024,2023,2024,40000,Azúcar Blanco EEC Nº 2,prod_perdido,90238.5,null,-90238.5,72.7,null,1241.24,null
7185,"ILE AGROCENTRO LEON, S.L.",2023→2024,2023,2024,44313,Apipasta Vitaminas 90% - Pienso para Apicultura,vol_precio,29158.5,19477.5,-9681,19.95,13.65,1461.58,1426.92
432,"CHOCOLATES ALGARRA, S.L.",2023→2024,2023,2024,7220032231,Raw Sugar <2500ICUMSA - Eswatini Ubombo Sugar,vol_precio,23750,59870,36120,25,72,950,831.53
4600,"JALANCINA NATURE, S.L.",2023→2024,2023,2024,41005,Fructosa MAIZ Cristal Granulada,volumen,236.25,189,-47.25,0.125,0.1,1890,1890
4619,"EUROPEA DE APICULTURA, S.L.",2023→2024,2023,2024,44313,Apipasta Vitaminas 90% - Pienso para Apicultura,vol_precio,9261,2982,-6279,6.3,2.1,1470,1420
1765,"CHOST, S.L",2023→2024,2023,2024,7300039291,Azúcar Blanco EEC Nº2 Caña - Kampong Speu Camboya,precio,5650,4950,-700,5,5,1130,990
584,"TROLLI IBERICA, S.A.",2023→2024,2023,2024,62150,Jarabe de Melaza de Caña,prod_perdido,1500,null,-1500,1.2,null,1250,null
8778,"IDILIA FOODS, S.L.",2023→2024,2023,2024,40000,Azúcar Blanco EEC Nº 2,sin_actividad,0,null,0,0.003,null,0,null
566,"ALMACENES MIGUEZ 2005,S.L.",2023→2024,2023,2024,7200017111,>45 ICUMSA - Palo Gordo Guatemala,vol_precio,32220,71804,39584,36,102.2,895,702.58
516,"PAIARROP, S.L.",2023→2024,2023,2024,7300005081,Azúcar Blanco EEC Nº2 Caña - Cosumar  Marruecos,prod_perdido,39825,null,-39825,36,null,1106.25,null
534,"MC CONSTRUCTION CHEMICAL SPAIN, S.L.",2023→2024,2023,2024,40104,Azúcar 250 ICUMSA – Pantaleón,prod_perdido,2266,null,-2266,2.2,null,1030,null
6582,"ADITIVOS DEL SURESTE, S.L.",2023→2024,2023,2024,4000050331,Dextrosa Maiz Cristal Monohidrato - ADM  Bulgaria,prod_perdido,1406.25,null,-1406.25,1.25,null,1125,null
9091,"STOLLER EUROPE, S.L.U.",2023→2024,2023,2024,7300007131,Azúcar Blanco EEC Nº2 Caña - Cassa  El Salvador,prod_perdido,24035,null,-24035,23,null,1045,null
4167,"HUELAMO JURADO, MARCOS",2023→2024,2023,2024,44315,Apipasta PLUS - Pienso para Apicultura,prod_perdido,110.88,null,-110.88,0.056,null,1980,null
1752,"ROYMY 21, S.L",2023→2024,2023,2024,43100,Sorbitol Liquido 70% No cristalizable,prod_perdido,3528,null,-3528,2.4,null,1470,null
6374,ASOCIACION DE APICULTORES ALAVESES (APIAL),2023→2024,2023,2024,44313,Apipasta Vitaminas 90% - Pienso para Apicultura,vol_precio,13119.75,13314,194.25,8.925,10.5,1470,1268
472,"CEREALTO VB6, S.L.",2023→2024,2023,2024,65016,Azúcar en polvo LM Pallet PLT,vol_precio,22460.4,30744.68,8284.279999999999,16.515,29.25,1360,1051.1
4002,"ABB MJ FERNANDEZ ARANDA, S.L.",2023→2024,2023,2024,44015,Fructor 10/77,prod_perdido,39089.2,null,-39089.2,29.84,null,1309.96,null
9363,"TBMA EUROPE, B.V.",2023→2024,2023,2024,42005,Dextrosa Cristal Monoh Trigo Cons Liquida (TER),sin_actividad,0,null,0,0.15,null,0,null
9157,"MAK FOOD COMPANY, S.L.",2023→2024,2023,2024,61164,Mixco Sweet Plus-M 82-05.5141,sin_actividad,0,null,0,0.002,null,0,null
6557,"MAR FERTILIZANTES, S.L.",2023→2024,2023,2024,60105,"Azúcar PI 73,5-67",vol_precio,8449,1482,-6967,6.1,1.2,1385.08,1235
6560,MIEL Y CAMPO S.L.U,2023→2024,2023,2024,62071,Mix Golden Jarabe Alto Color,prod_perdido,5745.85,null,-5745.85,3.37,null,1705,null
7558,HARINAS CASTILLA LA MANCHA S.L,2023→2024,2023,2024,49006,Almidón nativo de Maiz,prod_perdido,115710,null,-115710,114,null,1015,null
531,"DESARROLLOS PANADEROS LEVANTINOS, S.L.L.",2023→2024,2023,2024,60105,"Azúcar PI 73,5-67",sin_actividad,0,null,0,0.01,null,0,null
484,"PRODUCTOS LA PILARICA, S.A.",2023→2024,2023,2024,40103,Azúcar Moreno >2500i - Brown (Dry Dem BLZ),vol_precio,32,500,468,0.025,0.4,1280,1250
1864,MELAZAHAR COOP. V.,2023→2024,2023,2024,40000,Azúcar Blanco EEC Nº 2,prod_perdido,1170,null,-1170,1,null,1170,null
9360,"GOMEZ CASTELL, RAFAEL",2023→2024,2023,2024,44313,Apipasta Vitaminas 90% - Pienso para Apicultura,precio,1627.5,1522.5,-105,1.05,1.05,1550,1450
418,"MANUFACTURAS CEYLAN, S.L.",2023→2024,2023,2024,7300016111,Azúcar Blanco EEC Nº2 Caña - Santa Ana Guatemala,prod_perdido,28728,null,-28728,24,null,1197,null
7615,"LOPEZ CANTERO, MANUEL",2023→2024,2023,2024,44313,Apipasta Vitaminas 90% - Pienso para Apicultura,prod_perdido,465,null,-465,0.3,null,1550,null
1673,"RIQUELME ALACID, DOLORES ",2023→2024,2023,2024,44313,Apipasta Vitaminas 90% - Pienso para Apicultura,prod_perdido,767.25,null,-767.25,0.495,null,1550,null
1747,"FRUIT TECH NATURAL, S.A.",2023→2024,2023,2024,61211,Mixco Sweet 74-01.5050 REMOLACHA,vol_precio,4332333.48,2567790.96,-1764542.5200000005,3628.42,2422.28,1194,1060.07
2392,"COATO, S.C.L.",2023→2024,2023,2024,65005,Azúcar en polvo LS,prod_perdido,429.03,null,-429.03,0.315,null,1362,null
4587,"CARMAX GLASS, S.L.",2023→2024,2023,2024,62020,Mix Fructor Apicultor - Pienso completo - Apicult.,prod_perdido,1041.6,null,-1041.6,0.84,null,1240,null
3610,"PINAZO MARTINEZ, JULIAN",2023→2024,2023,2024,62001,Apimix - Pienso completo - Apicultura,vol_precio,1080,575,-505,1,0.5,1080,1150
2103,"JOSEFA ESTELLES MAYOR, S.L.",2023→2024,2023,2024,40030,Azucar azucarera trimestral,prod_perdido,14625,null,-14625,11.7,null,1250,null
9221,ZYGOUROPOULOS,2023→2024,2023,2024,62001,Apimix - Pienso completo - Apicultura,sin_actividad,0,null,0,0.002,null,0,null
2737,"ALFONSO MARTINEZ TORRANO, S.L.",2023→2024,2023,2024,44120,Glucor 45/80,prod_perdido,7623.85,null,-7623.85,4.81,null,1585,null
4686,OMNIUM AGRICOLE DU SOUSS,2023→2024,2023,2024,62031,Mix Abejorros 65-30.4028 Pienso Completo Apic(FRA),prod_perdido,24133.2,null,-24133.2,20.4,null,1183,null
2677,"PREELABORADOS ALIMENTARIOS, S.L.",2023→2024,2023,2024,7300039291,Azúcar Blanco EEC Nº2 Caña - Kampong Speu Camboya,vol_precio,22880,12068.88,-10811.12,22,19.497,1040,619.01
2525,"COMERCIAL APICOLA ROSSEND MARGALEF, S.L.",2023→2024,2023,2024,65005,Azúcar en polvo LS,prod_perdido,44.7,null,-44.7,0.03,null,1490,null
3754,"MARTINEZ SANCHIS, JOSE VICENTE",2023→2024,2023,2024,62001,Apimix - Pienso completo - Apicultura,prod_perdido,289.8,null,-289.8,0.21,null,1380,null
3409,"MAGNOLIA PREMIUM, S.L.",2023→2024,2023,2024,40016,Azúcar Blanco EEC Nº 2,prod_perdido,259.6,null,-259.6,0.22,null,1180,null
5162,L'ABEILLE SAS,2023→2024,2023,2024,40000,Azúcar Blanco EEC Nº 2,sin_actividad,0,null,0,0.001,null,0,null
7171,"QUIRANTE FRUITS, S.L.",2023→2024,2023,2024,64502,COMPO AL,volumen,115719.12,29608.08,-86111.04,76.131,19.479,1520,1520
534,"MC CONSTRUCTION CHEMICAL SPAIN, S.L.",2023→2024,2023,2024,7300008021,Azúcar Blanco EEC Nº2 Caña - RAR  Portugal,prod_perdido,5600,null,-5600,5,null,1120,null
9335,THE GUMMY FACTORY B.V.,2023→2024,2023,2024,61201,Fos y Stevia (72º),sin_actividad,0,null,0,0.002,null,0,null
550,"REPOSTERIA PORTA, S.L.",2023→2024,2023,2024,41000,Fructosa MAIZ Cristal,vol_precio,5850,3450,-2400,3.75,2.5,1560,1380
9370,"CLEMENT ARNAL, FREDERIC",2023→2024,2023,2024,62001,Apimix - Pienso completo - Apicultura,prod_perdido,7272,null,-7272,7.2,null,1010,null
7651,SARL API DISTRIBUTION,2023→2024,2023,2024,44314,Apipasta 90% - BIO - Pienso completo - Apicultura,vol_precio,9082.5,5932.5,-3150,4.2,3.15,2162.5,1883.33
2916,"SUC. DE MUÑOZ Y PUJANTE, S.L.",2023→2024,2023,2024,7200017111,>45 ICUMSA - Palo Gordo Guatemala,volumen,162,216,54,0.15,0.2,1080,1080
9034,"PEREZ MARTINEZ, MARGARITA",2023→2024,2023,2024,40103,Azúcar Moreno >2500i - Brown (Dry Dem BLZ),prod_perdido,30.25,null,-30.25,0.025,null,1210,null
9371,"GOMEZ MOLTO, MIGUEL",2023→2024,2023,2024,62021,Apimix 75 Pienso completo – Apicultura,prod_perdido,1310.8,null,-1310.8,1.13,null,1160,null
4383,"MANUFRI, S.L.",2023→2024,2023,2024,99950,Producto de Pruebas Líquido - 1,sin_actividad,0,0,0,0.005,0.001,0,0
846,"PRODUCTOS ORGANICOS NAT.,S.L.",2023→2024,2023,2024,41000,Fructosa MAIZ Cristal,vol_precio,870,444.38,-425.62,0.45,0.225,1933.33,1975.02
484,"PRODUCTOS LA PILARICA, S.A.",2023→2024,2023,2024,42000,Dextrosa Cristal Monohidrato Maiz,vol_precio,128936.63,47037.5,-81899.13,83.725,50,1540,940.75
1289,"FRITOPER, S.L.",2023→2024,2023,2024,65015,Azúcar en polvo LM,sin_actividad,0,null,0,0.001,null,0,null
9520,"GOLOSINAS MININOLAS, S.L.U.",2023→2024,2023,2024,61228,Fosvitae 95% Plus,sin_actividad,0,null,0,0.001,null,0,null
1661,"DELAVIUDA ALIMENTACION, S.A",2023→2024,2023,2024,40203,Azúcar BIO 300-500 -ES-ECO-024-MU (Agric No EU),prod_perdido,4281.2,null,-4281.2,2.8,null,1529,null
465,"INVESTIGACION Y DESARROLLO PANADERO, S.L.",2023→2024,2023,2024,61210,Fosvitae Polvo,sin_actividad,0,null,0,0.001,null,0,null
9539,"ARTIPA FLECA, S.L",2023→2024,2023,2024,61291,Fosfruit Plus Bio,volumen,4875.5,4776,-99.5,1.225,1.2,3980,3980
1607,"APICOLA CERDA MARTINEZ, S.L.U.",2023→2024,2023,2024,65005,Azúcar en polvo LS,prod_perdido,201.15,null,-201.15,0.135,null,1490,null
436,"TURRONES JOSE GARRIGOS, S.A.",2023→2024,2023,2024,44120,Glucor 45/80,vol_precio,3336,1236,-2100,2.4,1.2,1390,1030
9067,"SCHREIBER FOODS ESPAÑA, S.L.",2023→2024,2023,2024,40000,Azúcar Blanco EEC Nº 2,prod_perdido,1265541.24,null,-1265541.24,1158.9,null,1092.02,null
8251,APILINE DI FASSARI DOMINIQUE,2023→2024,2023,2024,62001,Apimix - Pienso completo - Apicultura,prod_perdido,9620.2,null,-9620.2,9.34,null,1030,null
1513,"AGROBIO, S.L.",2023→2024,2023,2024,44313,Apipasta Vitaminas 90% - Pienso para Apicultura,precio,1627.5,1365,-262.5,1.05,1.05,1550,1300
2861,"DISTRIBUCIONES JOAQUIN MARIN 2, S.L.U.",2023→2024,2023,2024,7500004011,Correfino EEC Nº2 Caña/Rem - Azucarera España,prod_perdido,25272,null,-25272,24.3,null,1040,null
555,"FORTADUL, S.L.",2023→2024,2023,2024,7300005081,Azúcar Blanco EEC Nº2 Caña - Cosumar  Marruecos,prod_perdido,26378,null,-26378,24.2,null,1090,null
4319,"HERREROS CASTAÑOS, FRANCISCO",2023→2024,2023,2024,44313,Apipasta Vitaminas 90% - Pienso para Apicultura,prod_perdido,162.75,null,-162.75,0.105,null,1550,null
7189,"PASTISART IBERIA, S.L.U",2023→2024,2023,2024,7300005081,Azúcar Blanco EEC Nº2 Caña - Cosumar  Marruecos,prod_perdido,26457.6,null,-26457.6,24.96,null,1060,null
3048,"BORI ORERO, LUIS",2023→2024,2023,2024,44313,Apipasta Vitaminas 90% - Pienso para Apicultura,prod_perdido,325.5,null,-325.5,0.21,null,1550,null
2518,"GRANALBE, S.L.",2023→2024,2023,2024,44315,Apipasta PLUS - Pienso para Apicultura,vol_precio,3696,1596,-2100,1.68,0.84,2200,1900
428,"PASTELERIA INDUSTRIAL MONTE TURIA, S.A.",2023→2024,2023,2024,60105,"Azúcar PI 73,5-67",volumen,27972,33744,5772,18.9,22.8,1480,1480
7558,HARINAS CASTILLA LA MANCHA S.L,2023→2024,2023,2024,7300039291,Azúcar Blanco EEC Nº2 Caña - Kampong Speu Camboya,vol_precio,265184,689755.2,424571.19999999995,240.2,859.6,1104.01,802.41
7868,GENBA TASTE,2023→2024,2023,2024,61210,Fosvitae Polvo,sin_actividad,0,null,0,0.002,null,0,null
9113,"VILLAR MARTINEZ, CLAUDIO",2023→2024,2023,2024,62001,Apimix - Pienso completo - Apicultura,precio,77.28,71.68,-5.599999999999994,0.056,0.056,1380,1280
450,"LA FLOR BURGALESA, S.L.",2023→2024,2023,2024,7300007131,Azúcar Blanco EEC Nº2 Caña - Cassa  El Salvador,prod_perdido,25231,null,-25231,23,null,1097,null
5231,"CRISTOBAL E HIJO, S.L.",2023→2024,2023,2024,44313,Apipasta Vitaminas 90% - Pienso para Apicultura,volumen,4185,1627.5,-2557.5,2.7,1.05,1550,1550
6162,BE ORGANIC KUWAIT FOR HEALTHY FOOD AND PLANTS COMPANY,2023→2024,2023,2024,62024,Apimix - Pienso completo - Apicultura - BE ORG KW,prod_perdido,991.2,null,-991.2,0.84,null,1180,null
405,"CHOVI, S.L.",2023→2024,2023,2024,42001,Dextrosa C.Monohidrato Maiz Pallet Plast.  CHEP,vol_precio,19818,5617.5,-14200.5,10.8,5.35,1835,1050
1661,"DELAVIUDA ALIMENTACION, S.A",2023→2024,2023,2024,65005,Azúcar en polvo LS,sin_actividad,0,null,0,0.001,null,0,null
465,"INVESTIGACION Y DESARROLLO PANADERO, S.L.",2023→2024,2023,2024,41000,Fructosa MAIZ Cristal,prod_perdido,92.5,null,-92.5,0.05,null,1850,null
7611,DPTO. CALIDAD,2023→2024,2023,2024,60510,CLARIFICADO-003INV.65,sin_actividad,0,null,0,2.524,null,0,null
6876,"VALOR ECOLOGICO, S.L.",2023→2024,2023,2024,7820022041,Azúcar BIO Remolacha - Italia Zuccheri  Italia,prod_perdido,3625,null,-3625,2.5,null,1450,null
3534,"ITURRATE VEA, INES",2023→2024,2023,2024,62020,Mix Fructor Apicultor - Pienso completo - Apicult.,volumen,1288.8,1060,-228.79999999999995,1.2,1,1074,1060
5000,"PROCAMP CA'N LLANERAS, S.A.",2023→2024,2023,2024,44315,Apipasta PLUS - Pienso para Apicultura,prod_perdido,191.52,null,-191.52,0.084,null,2280,null
1752,"ROYMY 21, S.L",2023→2024,2023,2024,60105,"Azúcar PI 73,5-67",vol_precio,4932,2808,-2124,3.6,2.4,1370,1170
517,"DUPAN, S.L.",2023→2024,2023,2024,73001,Azúcar Blanco EEC Nº2 Caña- PAPEL SERIGRAFIADO ZK,prod_perdido,4760,null,-4760,4,null,1190,null
548,"LA GONDOLA CONSERVAS VEGETALES, S.L.",2023→2024,2023,2024,40000,Azúcar Blanco EEC Nº 2,prod_perdido,25872,null,-25872,23.1,null,1120,null
1631,"SALMERON SAN JUAN, SALVADOR",2023→2024,2023,2024,44313,Apipasta Vitaminas 90% - Pienso para Apicultura,vol_precio,7579.5,5524.5,-2055,4.89,3.81,1550,1450
247,"PEDRO GUILLEN GOMARIZ, S.L.",2023→2024,2023,2024,60000,Azúcar Líquida Neutra 67º,vol_precio,337828.3,221180.2,-116648.09999999998,436.84,384.14,773.35,575.78
9335,THE GUMMY FACTORY B.V.,2023→2024,2023,2024,61229,Fosvitae Plus Polvo,sin_actividad,0,null,0,0.002,null,0,null
4469,"SEÑORIO DE BARAHONDA, S.L.",2023→2024,2023,2024,40000,Azúcar Blanco EEC Nº 2,prod_perdido,172352.4,null,-172352.4,145.2,null,1187,null
9455,"BORRAS CACAO, S.A.",2023→2024,2023,2024,65030,AZÚCAR EN POLVO LM 48m,prod_perdido,16544.26,null,-16544.26,14.167,null,1167.8,null
1253,"HORCHATA EL COSECHERO, S.L.",2023→2024,2023,2024,7300005081,Azúcar Blanco EEC Nº2 Caña - Cosumar  Marruecos,vol_precio,111936,72000,-39936,105.6,99.2,1060,725.81
3478,"APICOLA LA PARRA, S.L.U.",2023→2024,2023,2024,44301,Azucar Blanco – Materia Prima para Piensos,vol_precio,91575,6720,-84855,101,11.2,906.68,600
6251,"MIX PAK SYSTEM, S.L.",2023→2024,2023,2024,61200,Fosvitae 85%,sin_actividad,0,null,0,0.001,null,0,null
8996,"RAMYMAR FRUITS, S.L.",2023→2024,2023,2024,62001,Apimix - Pienso completo - Apicultura,vol_precio,1414.6,1767.5,352.9000000000001,1.245,1.85,1136.22,955.41
1918,"OLIVA SANTOS, CASTOR",2023→2024,2023,2024,44314,Apipasta 90% - BIO - Pienso completo - Apicultura,prod_perdido,2304.75,null,-2304.75,1.05,null,2195,null
445,"PASTELERIA ARROYO SANCHEZ, S.L.U.",2023→2024,2023,2024,40000,Azúcar Blanco EEC Nº 2,prod_perdido,26136,null,-26136,24.2,null,1080,null
8846,"GIL PERIS, JULIO",2023→2024,2023,2024,44313,Apipasta Vitaminas 90% - Pienso para Apicultura,prod_perdido,93,null,-93,0.06,null,1550,null
9202,"NAVARRO PALLARES, ROBERTO",2023→2024,2023,2024,44315,Apipasta PLUS - Pienso para Apicultura,prod_perdido,702.24,null,-702.24,0.308,null,2280,null
517,"DUPAN, S.L.",2023→2024,2023,2024,40030,Azucar azucarera trimestral,prod_perdido,4554,null,-4554,3.6,null,1265,null
3543,"J.J. ROBLES BORREGO, S.L.",2023→2024,2023,2024,7300039291,Azúcar Blanco EEC Nº2 Caña - Kampong Speu Camboya,prod_perdido,82658,null,-82658,84.1,null,982.85,null
1832,"SIERRAS ANDALUZAS, S.C.A.",2023→2024,2023,2024,7200017111,>45 ICUMSA - Palo Gordo Guatemala,prod_perdido,22080,null,-22080,24,null,920,null
1661,"DELAVIUDA ALIMENTACION, S.A",2023→2024,2023,2024,7400004011,Azúcar Bl. EEC nº2 REMOL - AZUCARERA ESPAÑA,prod_perdido,13726.86,null,-13726.86,12.18,null,1127,null
7918,"REFRESCO IBERIA, S.A.U. ",2023→2024,2023,2024,40000,Azúcar Blanco EEC Nº 2,prod_perdido,166263.4,null,-166263.4,199.4,null,833.82,null
2009,"GARCIA SANTA CATALINA, RAUL",2023→2024,2023,2024,44313,Apipasta Vitaminas 90% - Pienso para Apicultura,prod_perdido,4882.5,null,-4882.5,3.15,null,1550,null
9221,ZYGOUROPOULOS,2023→2024,2023,2024,43000,Maltitol Liquido 75-5308,sin_actividad,0,null,0,0.001,null,0,null
2763,"HERMANOS ROMAN ALAMINOS, S.L.",2023→2024,2023,2024,40000,Azúcar Blanco EEC Nº 2,prod_perdido,89823.24,null,-89823.24,79.56,null,1129,null
7379,"EARTH-MIND BUSINESS GROUP, S.L.",2023→2024,2023,2024,61207,Mixco Sweet 74-00.5050 M1,prod_perdido,115557.54,null,-115557.54,75.38,null,1533,null
9563,INVESTMENT CROSS TRADING S.L.U.,2023→2024,2023,2024,7300039291,Azúcar Blanco EEC Nº2 Caña - Kampong Speu Camboya,sin_actividad,0,null,0,0.001,null,0,null
4244,"GYG ENVASADOS Y ESTUCHADOS, S.L.",2023→2024,2023,2024,7600004011,Azúcar Granulado Extrafino-Azucarera España,prod_perdido,16947,null,-16947,12.6,null,1345,null
4881,"MESEGUER RODES, ANTONIO",2023→2024,2023,2024,62001,Apimix - Pienso completo - Apicultura,prod_perdido,270,null,-270,0.25,null,1080,null
471,"FADICAMO, S.A.",2023→2024,2023,2024,7300005081,Azúcar Blanco EEC Nº2 Caña - Cosumar  Marruecos,vol_precio,65685,13569.6,-52115.4,57,13.2,1152.37,1028
5045,"DADELOS AGRICOLA, S.L.",2023→2024,2023,2024,7300039291,Azúcar Blanco EEC Nº2 Caña - Kampong Speu Camboya,sin_cambio,24840,24840,0,23,23,1080,1080
6395,SEITENBACHER KG NATURKOST,2023→2024,2023,2024,61200,Fosvitae 85%,precio,24713.04,19747.2,-4965.84,7.26,7.26,3404,2720
5523,"ADDKEM SPECIALTIES, S.L.U.",2023→2024,2023,2024,40030,Azucar azucarera trimestral,prod_perdido,32.5,null,-32.5,0.025,null,1300,null
261,"EZTIKIDETZA, S.A.T.",2023→2024,2023,2024,62001,Apimix - Pienso completo - Apicultura,vol_precio,3922,3402,-520,3.85,3.6,1018.7,945
303,"J.R. SABATER, S.A.",2023→2024,2023,2024,42000,Dextrosa Cristal Monohidrato Maiz,vol_precio,101570,26270,-75300,67.5,27.5,1504.74,955.27
876,"DULPESAN, S.L.",2023→2024,2023,2024,44015,Fructor 10/77,prod_perdido,1740,null,-1740,1.2,null,1450,null
9565,NORDIK BUCKFAST,2023→2024,2023,2024,62001,Apimix - Pienso completo - Apicultura,prod_ganado,0,991.2,991.2,0.001,0.84,0,1180
827,"TOMAS JIMENEZ, IGNACIO GERMAN",2023→2024,2023,2024,7300037021,Azúcar Blanco EEC Nº2 Caña - Sidul  Portugal,volumen,297.5,238,-59.5,0.25,0.2,1190,1190
6267,"JUMEL ALIMENTARIA, S.A.",2023→2024,2023,2024,7300039291,Azúcar Blanco EEC Nº2 Caña - Kampong Speu Camboya,vol_precio,35525,96670.2,61145.2,35,137.6,1015,702.55
1956,"MARSHMALLOWS INTERNATIONAL, S.L.U.",2023→2024,2023,2024,7300007131,Azúcar Blanco EEC Nº2 Caña - Cassa  El Salvador,prod_perdido,24190.6,null,-24190.6,25.9,null,934,null
1908,"JAKE, S.A.",2023→2024,2023,2024,60214,Azúcar Invertido 67º - JAKE,vol_precio,3432,944.4,-2487.6,2.4,1.2,1430,787
7189,"PASTISART IBERIA, S.L.U",2023→2024,2023,2024,40000,Azúcar Blanco EEC Nº 2,sin_actividad,0,null,0,0.001,null,0,null
2112,"LACASA, S.A.U.",2023→2024,2023,2024,65016,Azúcar en polvo LM Pallet PLT,vol_precio,2882.1,3399.83,517.73,1.95,2.925,1478,1162.34
4383,"MANUFRI, S.L.",2023→2024,2023,2024,61228,Fosvitae 95% Plus,sin_actividad,0,0,0,0.001,0.001,0,0
4726,CONSORZIO CON LE API,2023→2024,2023,2024,44313,Apipasta Vitaminas 90% - Pienso para Apicultura,vol_precio,24696,22680,-2016,16.8,18.9,1470,1200
433,"SANCHIS MIRA, S.A.",2023→2024,2023,2024,62444,Fondant ES-R01 Pallet Plástico 80x120 ZK,vol_precio,214029.18,68535.36,-145493.82,133.02,50.88,1609,1347
4507,"ALMACEN DE CONFITERIA Y PASTELERIA, S.L.",2023→2024,2023,2024,62400,Fondant ES-R01,vol_precio,5380.72,9744,4363.28,4.155,7.68,1295,1268.75
8432,"NAVARRO GIMENO, VICENTE ",2023→2024,2023,2024,62001,Apimix - Pienso completo - Apicultura,prod_perdido,38.64,null,-38.64,0.028,null,1380,null
769,"ANGEL CAMACHO ALIMENTACION, S.L.",2023→2024,2023,2024,7300005081,Azúcar Blanco EEC Nº2 Caña - Cosumar  Marruecos,vol_precio,135600,209088,73488,120,216,1130,968
6286,COOPERATIVE APICOP,2023→2024,2023,2024,44313,Apipasta Vitaminas 90% - Pienso para Apicultura,vol_precio,52629,21240,-31389,36.3,18,1449.83,1180
599,"KARSAN, C.B.",2023→2024,2023,2024,73001,Azúcar Blanco EEC Nº2 Caña- PAPEL SERIGRAFIADO ZK,prod_perdido,1020,null,-1020,1,null,1020,null
356,"TRIGUEROS ROBLES, MARIANO",2023→2024,2023,2024,44313,Apipasta Vitaminas 90% - Pienso para Apicultura,prod_perdido,465,null,-465,0.3,null,1550,null
2855,"AGRO CONTROL 2007, S,L.",2023→2024,2023,2024,42000,Dextrosa Cristal Monohidrato Maiz,volumen,28237.5,11295,-16942.5,18.75,7.5,1506,1506
6151,"FRULACT, S.A.",2023→2024,2023,2024,40103,Azúcar Moreno >2500i - Brown (Dry Dem BLZ),prod_perdido,112800,null,-112800,94,null,1200,null
3752,"SON MORAGUES 1921, S.L.U.",2023→2024,2023,2024,40203,Azúcar BIO 300-500 -ES-ECO-024-MU (Agric No EU),prod_perdido,144.8,null,-144.8,0.1,null,1448,null
8247,"ALLJUICEMED, S.L.",2023→2024,2023,2024,61259,Mixco Sweet 68-00.5050 U,vol_precio,23009.6,30679.3,7669.700000000001,19.734,25.489,1165.99,1203.63
535,"FRIMAR PANADEROS, S.L.",2023→2024,2023,2024,7300037021,Azúcar Blanco EEC Nº2 Caña - Sidul  Portugal,vol_precio,32437,107870.4,75433.4,29.2,108.96,1110.86,990
9265,"CUCCOVILLO, GUIDO ",2023→2024,2023,2024,44314,Apipasta 90% - BIO - Pienso completo - Apicultura,prod_perdido,96.23,null,-96.23,0.045,null,2138.44,null
7868,GENBA TASTE,2023→2024,2023,2024,61229,Fosvitae Plus Polvo,sin_actividad,0,0,0,0.001,0.001,0,0
1747,"FRUIT TECH NATURAL, S.A.",2023→2024,2023,2024,7300039291,Azúcar Blanco EEC Nº2 Caña - Kampong Speu Camboya,volumen,21945,152000,130055,23.1,160,950,950
499,"MELS CARLET, S.L.",2023→2024,2023,2024,44301,Azucar Blanco – Materia Prima para Piensos,vol_precio,11040,28323,17283,12,41.1,920,689.12
435,"R. MARSILLA, S.A.",2023→2024,2023,2024,7300005081,Azúcar Blanco EEC Nº2 Caña - Cosumar  Marruecos,prod_perdido,10800,null,-10800,10,null,1080,null
8247,"ALLJUICEMED, S.L.",2023→2024,2023,2024,61212,Mixco Sweet 72-09.6427 B2 SB20,prod_perdido,221452,null,-221452,224.928,null,984.55,null
9067,"SCHREIBER FOODS ESPAÑA, S.L.",2023→2024,2023,2024,7300039291,Azúcar Blanco EEC Nº2 Caña - Kampong Speu Camboya,volumen,1136252.84,2171847.3,1035594.4599999997,1099.86,2113.72,1033.09,1027.5
8523,"CRUZ ZAMBRANO, MARÍA",2023→2024,2023,2024,44313,Apipasta Vitaminas 90% - Pienso para Apicultura,vol_precio,5695.5,8599.5,2904,3.75,5.85,1518.8,1470
8795,"ADISTAFARMA, S.L.",2023→2024,2023,2024,43000,Maltitol Liquido 75-5308,prod_perdido,5962.98,null,-5962.98,4.004,null,1489.26,null
330,"PASTELERIA LOS MELLIZOS, S.L.",2023→2024,2023,2024,7200017111,>45 ICUMSA - Palo Gordo Guatemala,prod_perdido,9600,null,-9600,9.6,null,1000,null
595,"ROSCRIS BENIOPA, S.L",2023→2024,2023,2024,7400002031,Az Bl. EEC Nº2 Remolacha PTE DEST-Tereos Franci,prod_perdido,7616,null,-7616,6.4,null,1190,null
1023,"TORRONS VICENS, S.L.",2023→2024,2023,2024,61184,Mixco Sweet 74-44.1225,vol_precio,101953.06,63307.2,-38645.86,72.98,95.92,1397,660
4031,"ESPECIALITATS M. MASDEU, S.L.",2023→2024,2023,2024,44015,Fructor 10/77,prod_perdido,1782,null,-1782,1.2,null,1485,null
535,"FRIMAR PANADEROS, S.L.",2023→2024,2023,2024,43101,Sorbitol Liquido 70% No cristalizable - EPSA,prod_perdido,2327,null,-2327,1.3,null,1790,null
6043,COOPERATIVE APICOLE DU JURA,2023→2024,2023,2024,44313,Apipasta Vitaminas 90% - Pienso para Apicultura,vol_precio,12348,5775,-6573,8.4,5.25,1470,1100
1247,"TURRONES Y ESPECIALIDADES VIAR, S.A.",2023→2024,2023,2024,43101,Sorbitol Liquido 70% No cristalizable - EPSA,precio,5838.3,5448.3,-390,3.9,3.9,1497,1397
4002,"ABB MJ FERNANDEZ ARANDA, S.L.",2023→2024,2023,2024,7600010012,Azúcar Perlado 2-Sudzucker España,prod_perdido,1695,null,-1695,1,null,1695,null
494,"KING REGAL, S.A.",2023→2024,2023,2024,62150,Jarabe de Melaza de Caña,sin_actividad,0,null,0,0.001,null,0,null
6449,"PRODEL AGRICOLA, S.L.",2023→2024,2023,2024,62001,Apimix - Pienso completo - Apicultura,vol_precio,123.48,1015.2,891.72,0.098,1.08,1260,940
401,"SOLER GIMENO, S.L.",2023→2024,2023,2024,7600010012,Azúcar Perlado 2-Sudzucker España,vol_precio,17052.5,11515,-5537.5,9.5,7,1795,1645
1661,"DELAVIUDA ALIMENTACION, S.A",2023→2024,2023,2024,61218,Fosvitae 85 % BIO,sin_actividad,0,null,0,0.001,null,0,null
559,"DULCES OLMEDO GARCIA, S.L.",2023→2024,2023,2024,65016,Azúcar en polvo LM Pallet PLT,volumen,159759.75,8102.25,-151657.5,115.35,5.85,1385,1385
405,"CHOVI, S.L.",2023→2024,2023,2024,7300005081,Azúcar Blanco EEC Nº2 Caña - Cosumar  Marruecos,vol_precio,54697.5,8500,-46197.5,49.5,10,1105,850
584,"TROLLI IBERICA, S.A.",2023→2024,2023,2024,40000,Azúcar Blanco EEC Nº 2,prod_perdido,114371.64,null,-114371.64,157.32,null,727,null
499,"MELS CARLET, S.L.",2023→2024,2023,2024,44015,Fructor 10/77,prod_perdido,14543.36,null,-14543.36,11.776,null,1235,null
8641,"GALLETAS GULLÓN, S.A.",2023→2024,2023,2024,42005,Dextrosa Cristal Monoh Trigo Cons Liquida (TER),prod_perdido,109800,null,-109800,90,null,1220,null
1529,"DULCESA, S.L. UNIPERSONAL",2023→2024,2023,2024,60105,"Azúcar PI 73,5-67",vol_precio,169970.88,13366.83,-156604.05000000002,113.541,22.39,1497,597
458,"CASTY, S.A.",2023→2024,2023,2024,41006,Fructosa MAIZ Cristal Granulada Pallet Plast. CHEP,vol_precio,13825,6785,-7040,7,5,1975,1357
9222,"BODEGAS LA VEREDA TIERRA Y VINOS, S.L.",2023→2024,2023,2024,60207,Azúcar TIEN 67.100,prod_perdido,4894.4,null,-4894.4,3.68,null,1330,null
9222,"BODEGAS LA VEREDA TIERRA Y VINOS, S.L.",2023→2024,2023,2024,60105,"Azúcar PI 73,5-67",prod_perdido,1893.6,null,-1893.6,1.2,null,1578,null
7132,"STENGER, S.A.",2023→2024,2023,2024,42001,Dextrosa C.Monohidrato Maiz Pallet Plast.  CHEP,prod_perdido,4562.5,null,-4562.5,2.5,null,1825,null
4542,"COMERCIAL FONT, C.B.",2023→2024,2023,2024,65005,Azúcar en polvo LS,volumen,2883.15,2279.7,-603.4500000000003,1.935,1.53,1490,1490
6636,"TECNICAS MECANICAS ILERDENSES, S.L.",2023→2024,2023,2024,40000,Azúcar Blanco EEC Nº 2,sin_actividad,0,null,0,-2,null,0,null
1241,"ACEITES DEL SUR-COOSUR, S.A.",2023→2024,2023,2024,7300039291,Azúcar Blanco EEC Nº2 Caña - Kampong Speu Camboya,vol_precio,95712,155184,59472,96,192,997,808.25
9155,"CRESTAS LA GALETA, S.A.",2023→2024,2023,2024,40016,Azúcar Blanco EEC Nº 2,prod_perdido,341121.06,null,-341121.06,284.98,null,1197,null
7972,MOCHI LUXURY S.L,2023→2024,2023,2024,60105,"Azúcar PI 73,5-67",vol_precio,3353.4,8845,5491.6,2.484,7.25,1350,1220
1760,"GONZALEZ BYASS, S.A",2023→2024,2023,2024,60019,Azúcar Líquida Neutra 67º- Remolacha,vol_precio,236672.16,99259.16,-137413,274.641,124.7,861.75,795.98
6468,"DULCES LA CARTUJA, S.L.",2023→2024,2023,2024,7800013151,Azúcar BIO Caña - Elite NOP  India,prod_perdido,303.2,null,-303.2,0.2,null,1516,null
321,"PRODUCTOS PEPITO, S.L.U.",2023→2024,2023,2024,7300005081,Azúcar Blanco EEC Nº2 Caña - Cosumar  Marruecos,vol_precio,28478.1,760,-27718.1,26.76,0.8,1064.2,950
3105,"REY CANO, FRANCISCO",2023→2024,2023,2024,44313,Apipasta Vitaminas 90% - Pienso para Apicultura,prod_perdido,348.75,null,-348.75,0.225,null,1550,null
517,"DUPAN, S.L.",2023→2024,2023,2024,61228,Fosvitae 95% Plus,sin_actividad,0,0,0,0.003,0.006,0,0
3156,"FINI GOLOSINAS ESPAÑA, S.L.U.",2023→2024,2023,2024,40013,Azucar Blanco EEC Nº2 Extrafino,sin_actividad,0,null,0,0.001,null,0,null
3478,"APICOLA LA PARRA, S.L.U.",2023→2024,2023,2024,44315,Apipasta PLUS - Pienso para Apicultura,vol_precio,35303.52,10374,-24929.519999999997,18.48,10.848,1910.36,956.31
7715,"BOGATCEAN, IOANA CRISTINA",2023→2024,2023,2024,62001,Apimix - Pienso completo - Apicultura,prod_perdido,2234.4,null,-2234.4,1.68,null,1330,null
3294,"PUNTO GOFRE, S.L.",2023→2024,2023,2024,43100,Sorbitol Liquido 70% No cristalizable,prod_perdido,16032,null,-16032,9.6,null,1670,null
2287,"RODRIGUEZ BLANCO, ASUNCION",2023→2024,2023,2024,40000,Azúcar Blanco EEC Nº 2,prod_perdido,450,null,-450,0.375,null,1200,null
7379,"EARTH-MIND BUSINESS GROUP, S.L.",2023→2024,2023,2024,61278,Mixco Sweet 72-00.5050,prod_perdido,113881.7,null,-113881.7,99.46,null,1145,null
1787,"DULCES DEL TURIA, S.L.",2023→2024,2023,2024,60105,"Azúcar PI 73,5-67",precio,3576,3336,-240,2.4,2.4,1490,1390
401,"SOLER GIMENO, S.L.",2023→2024,2023,2024,40340,Azúcar Perlado 1,vol_precio,361,607.5,246.5,0.2,0.375,1805,1620
3658,"NAVALON FERRER, CRISTIAN",2023→2024,2023,2024,44313,Apipasta Vitaminas 90% - Pienso para Apicultura,precio,3202.5,2940,-262.5,2.1,2.1,1525,1400
2887,"BIOSEARCH, S.A.U.",2023→2024,2023,2024,62150,Jarabe de Melaza de Caña,sin_actividad,0,null,0,0.002,null,0,null
7171,"QUIRANTE FRUITS, S.L.",2023→2024,2023,2024,61244,Mixco Sweet 70-00.5050 U,volumen,9696355.26,7596837.58,-2099517.6799999997,7840.18,6141.34,1236.75,1237
211,"MARTINEZ NIETO, S.A.",2023→2024,2023,2024,61255,Mixco Sweet 71-00.2446,prod_perdido,14420.18,null,-14420.18,10.328,null,1396.22,null
528,"MANUFACTURAS COVISAL, S.L.",2023→2024,2023,2024,40030,Azucar azucarera trimestral,prod_perdido,2484,null,-2484,1.8,null,1380,null
734,"HORCHATAS MERCADER,S.L.",2023→2024,2023,2024,7300005081,Azúcar Blanco EEC Nº2 Caña - Cosumar  Marruecos,vol_precio,28080,18258.4,-9821.599999999999,24,23.2,1170,787
1774,"BODEGAS VINIVAL, S.L.",2023→2024,2023,2024,61109,Mixco Sweet 68-55.0045,prod_perdido,85065.6,null,-85065.6,88.779,null,958.17,null
6041,"AGROLLAVOR SUPERVERT, S.L.",2023→2024,2023,2024,44310,Apipasta 90% - Pienso completo - Apicultura,prod_perdido,459,null,-459,0.3,null,1530,null
9206,"TRIAS GALLETES-BISCUITS, S.A.",2023→2024,2023,2024,7300005081,Azúcar Blanco EEC Nº2 Caña - Cosumar  Marruecos,vol_precio,28248.22,24339.7,-3908.5200000000004,26.18,23.98,1079,1015
7164,"FELIX SOLIS, S.L.",2023→2024,2023,2024,60105,"Azúcar PI 73,5-67",sin_actividad,0,0,0,0.001,0.01,0,0
7189,"PASTISART IBERIA, S.L.U",2023→2024,2023,2024,7230007131,DC Raw Sugar >4000I - Cassa  El Salvador,sin_actividad,0,null,0,0.001,null,0,null
2216,"APIHURDES, S.COOP.",2023→2024,2023,2024,44313,Apipasta Vitaminas 90% - Pienso para Apicultura,vol_precio,48833.4,107530.5,58697.1,33.6,87.15,1453.38,1233.86
2966,"CARRASCO CANDELAS, JULIA",2023→2024,2023,2024,62001,Apimix - Pienso completo - Apicultura,prod_perdido,386.4,null,-386.4,0.28,null,1380,null
9091,"STOLLER EUROPE, S.L.U.",2023→2024,2023,2024,7300016111,Azúcar Blanco EEC Nº2 Caña - Santa Ana Guatemala,prod_perdido,22990,null,-22990,22,null,1045,null
481,"EL CATETO, S.L.",2023→2024,2023,2024,7300016111,Azúcar Blanco EEC Nº2 Caña - Santa Ana Guatemala,prod_perdido,5850,null,-5850,5,null,1170,null
8990,"HERREIZ MASEGOSA, GERMAN",2023→2024,2023,2024,44313,Apipasta Vitaminas 90% - Pienso para Apicultura,prod_perdido,69.75,null,-69.75,0.045,null,1550,null
8921,AGRIFOOD SERVICE AGRICOLA  S.R.L.S,2023→2024,2023,2024,44313,Apipasta Vitaminas 90% - Pienso para Apicultura,prod_perdido,12348,null,-12348,8.4,null,1470,null
5292,"RAMON CUSINE HILL, S.A.U.",2023→2024,2023,2024,41005,Fructosa MAIZ Cristal Granulada,prod_perdido,12375,null,-12375,7.5,null,1650,null
2073,"PLATOS TRADICIONALES, S.A",2023→2024,2023,2024,42001,Dextrosa C.Monohidrato Maiz Pallet Plast.  CHEP,vol_precio,18962.5,9858.75,-9103.75,10.25,8.25,1850,1195
2392,"COATO, S.C.L.",2023→2024,2023,2024,40203,Azúcar BIO 300-500 -ES-ECO-024-MU (Agric No EU),prod_perdido,67.9,null,-67.9,0.05,null,1358,null
7972,MOCHI LUXURY S.L,2023→2024,2023,2024,44200,Maltor 70/80,prod_perdido,29794.5,null,-29794.5,22.07,null,1350,null
9044,YAMA PRODUCTS B.V.,2023→2024,2023,2024,40000,Azúcar Blanco EEC Nº 2,prod_perdido,152460,null,-152460,108.9,null,1400,null
440,"MAZAPANES Y DULCES DE TOLEDO, S.A.",2023→2024,2023,2024,40000,Azúcar Blanco EEC Nº 2,prod_perdido,25200,null,-25200,24,null,1050,null
2722,"BUDENHEIM IBERICA, S.L.U.",2023→2024,2023,2024,73001,Azúcar Blanco EEC Nº2 Caña- PAPEL SERIGRAFIADO ZK,prod_perdido,1190,null,-1190,1,null,1190,null
405,"CHOVI, S.L.",2023→2024,2023,2024,7500004011,Correfino EEC Nº2 Caña/Rem - Azucarera España,precio,11050,9970,-1080,10,10,1105,997
9044,YAMA PRODUCTS B.V.,2023→2024,2023,2024,7500004011,Correfino EEC Nº2 Caña/Rem - Azucarera España,prod_perdido,32060,null,-32060,22.9,null,1400,null
3719,"CARCEL EJARTE, EMILIO",2023→2024,2023,2024,44313,Apipasta Vitaminas 90% - Pienso para Apicultura,prod_perdido,162.75,null,-162.75,0.105,null,1550,null
6981,"VALLE MARTOS, ANTONIO JESUS",2023→2024,2023,2024,62400,Fondant ES-R01,prod_perdido,1555.2,null,-1555.2,0.96,null,1620,null
3023,DIST. Y REPR. JOSE MIGUEL S.L.U.,2023→2024,2023,2024,7500004011,Correfino EEC Nº2 Caña/Rem - Azucarera España,prod_perdido,26001,null,-26001,24.3,null,1070,null
517,"DUPAN, S.L.",2023→2024,2023,2024,40000,Azúcar Blanco EEC Nº 2,prod_perdido,13038.5,null,-13038.5,10.9,null,1196.19,null
775,"NATRA CACAO,S.L.",2023→2024,2023,2024,7300007131,Azúcar Blanco EEC Nº2 Caña - Cassa  El Salvador,prod_perdido,27153,null,-27153,25.86,null,1050,null
1854,"ROYPAS BY NUTRIS, S.A.",2023→2024,2023,2024,7300005081,Azúcar Blanco EEC Nº2 Caña - Cosumar  Marruecos,vol_precio,105510.3,24720,-80790.3,94.1,24,1121.26,1030
4002,"ABB MJ FERNANDEZ ARANDA, S.L.",2023→2024,2023,2024,7300016111,Azúcar Blanco EEC Nº2 Caña - Santa Ana Guatemala,prod_perdido,60619,null,-60619,57,null,1063.49,null
3014,"NAVALON REIG, JOSE",2023→2024,2023,2024,44313,Apipasta Vitaminas 90% - Pienso para Apicultura,vol_precio,3234,4515,1281,2.1,3.15,1540,1433.33
609,"ALBORCHATA,S.L.",2023→2024,2023,2024,40000,Azúcar Blanco EEC Nº 2,prod_perdido,29119.2,null,-29119.2,26.4,null,1103,null
6151,"FRULACT, S.A.",2023→2024,2023,2024,60105,"Azúcar PI 73,5-67",vol_precio,5745.6,15675.9,9930.3,3.6,13.3,1596,1178.64
3855,"APIFERSA APICOLA, S.L.",2023→2024,2023,2024,44302,Dextrosa Cristal –  Materia Prima para Piensos,prod_perdido,1750,null,-1750,1.25,null,1400,null
7874,"SUGAR GLOBAL TRADING, S.L.",2023→2024,2023,2024,49006,Almidón nativo de Maiz,prod_perdido,8500,null,-8500,10,null,850,null
8621,"JUAN FERRI, JUAN JOSE",2023→2024,2023,2024,40025,Azucar Azucarera Spot,prod_perdido,660,null,-660,0.5,null,1320,null
577,"FARTONS POLO, S.L.",2023→2024,2023,2024,7300016111,Azúcar Blanco EEC Nº2 Caña - Santa Ana Guatemala,prod_perdido,25369,null,-25369,23,null,1103,null
2908,"PRODUCTOS JOSMAN, S.L.",2023→2024,2023,2024,40000,Azúcar Blanco EEC Nº 2,prod_perdido,30187.5,null,-30187.5,24.15,null,1250,null
9469,FLOURMILLS THRAKIS I OUZOUNOPOULOS SA,2023→2024,2023,2024,7840046301,Azúcar BIO 200-800 IC - Azucarera El Viejo C.Rica,volumen,23870,52640,28770,22,49,1085,1074.29
5179,"CUSTOM DRINKS, S.L.U.",2023→2024,2023,2024,40206,Azúcar Blanco BIO ES-ECO-024-MU Ag No UE NOP,prod_perdido,18544,null,-18544,15.2,null,1220,null
933,"DULCESTEPA, S.A.",2023→2024,2023,2024,7300039291,Azúcar Blanco EEC Nº2 Caña - Kampong Speu Camboya,vol_precio,44492,59762,15270,45.4,96.8,980,617.38
595,"ROSCRIS BENIOPA, S.L",2023→2024,2023,2024,7110009141,Azúcar Moreno >2500i - ASR  Belice,prod_perdido,4920,null,-4920,4,null,1230,null
1970,"GONZALEZ FERNANDEZ, JOSE",2023→2024,2023,2024,62000,Mix Idoneo - Pienso Completo - Apicultura,prod_perdido,6900,null,-6900,6,null,1150,null
394,"VIÑA COSTEIRA, S.C.G.",2023→2024,2023,2024,60217,TIEN 71.100 Vitivinícola del Ribeiro,prod_perdido,6926.64,null,-6926.64,4.712,null,1470,null
7535,"DULCES LA RONDEÑA, S.L.",2023→2024,2023,2024,7300039291,Azúcar Blanco EEC Nº2 Caña - Kampong Speu Camboya,prod_perdido,21934,null,-21934,22,null,997,null
197,"J. GARCIA CARRION, S.A.",2023→2024,2023,2024,60000,Azúcar Líquida Neutra 67º,sin_actividad,0,null,0,0.001,null,0,null
8074,GAEC L’ABEILLE DU LECTOUROIS,2023→2024,2023,2024,44313,Apipasta Vitaminas 90% - Pienso para Apicultura,prod_perdido,13891.5,null,-13891.5,9.45,null,1470,null
582,"HIJOS DE SALVADOR COSTA, S.L.",2023→2024,2023,2024,40207,Azúcar BIO <45 ES-ECO-024-MU Ag UE REMOLACHA,volumen,1924,7252,5328,1.3,4.9,1480,1480
422,"HERMANOS LOPEZ LLORET, S.A.",2023→2024,2023,2024,7300039291,Azúcar Blanco EEC Nº2 Caña - Kampong Speu Camboya,vol_precio,105553.2,44865,-60688.2,102.53,45,1029.49,997
7867,"SINBLAT ALIMENTACION SALUDABLE, S.L.",2023→2024,2023,2024,60105,"Azúcar PI 73,5-67",vol_precio,13770,17256.2,3486.2000000000007,9.6,14.18,1434.38,1216.94
8350,"MIGA FOODS COMMERCE, S.L.",2023→2024,2023,2024,62070,Mix Golden Jarabe,prod_perdido,7392,null,-7392,4.8,null,1540,null
8247,"ALLJUICEMED, S.L.",2023→2024,2023,2024,61280,Mixco Sweet 68-00.5050 RC V2,volumen,1571472.84,50713.88,-1520758.9600000002,1600.108,51.02,982.1,994
430,"MONZO LUIS, S.L.",2023→2024,2023,2024,61228,Fosvitae 95% Plus,vol_precio,17343.6,8136,-9207.599999999999,3.88,2.4,4470,3390
4701,"BROCAL OBRADOR Y RESTAURACION, S.L.",2023→2024,2023,2024,40030,Azucar azucarera trimestral,prod_perdido,1080,null,-1080,0.9,null,1200,null
1751,"ANTONIO ARRAEZ, S.L",2023→2024,2023,2024,61900,Mix Fru-Dex 67º,vol_precio,35215.94,39062.4,3846.459999999999,29.03,31.2,1213.09,1252
8532,"LINARES NAVARRO, SERGIO",2023→2024,2023,2024,44310,Apipasta 90% - Pienso completo - Apicultura,prod_perdido,252.45,null,-252.45,0.165,null,1530,null
3987,"GUADANATUR, S.L.",2023→2024,2023,2024,62001,Apimix - Pienso completo - Apicultura,vol_precio,8568,1236,-7332,8.04,1.2,1065.67,1030
321,"PRODUCTOS PEPITO, S.L.U.",2023→2024,2023,2024,40000,Azúcar Blanco EEC Nº 2,prod_perdido,51683.5,null,-51683.5,46.1,null,1121.12,null
9157,"MAK FOOD COMPANY, S.L.",2023→2024,2023,2024,61292,Mixco Sweet 72-00.5050 M1A,prod_ganado,0,42.35,42.35,0.01,0.061,0,694.26
3711,"DEL MORAL MARTINEZ, ANTONIO",2023→2024,2023,2024,44310,Apipasta 90% - Pienso completo - Apicultura,prod_perdido,459,null,-459,0.3,null,1530,null
6465,"ANSUATEGUI GONZALEZ, JAVIER",2023→2024,2023,2024,44313,Apipasta Vitaminas 90% - Pienso para Apicultura,prod_perdido,3058.5,null,-3058.5,1.95,null,1568.46,null
8342,"LOPEZ ORTEGA, HORACIO ",2023→2024,2023,2024,44314,Apipasta 90% - BIO - Pienso completo - Apicultura,prod_perdido,374.4,null,-374.4,0.18,null,2080,null
1196,"ESTUCHADOS JUCAR, S.L.U.",2023→2024,2023,2024,7300005081,Azúcar Blanco EEC Nº2 Caña - Cosumar  Marruecos,prod_perdido,24600,null,-24600,24,null,1025,null
7026,"AJA MORCHON SALAMANCA, S.L.",2023→2024,2023,2024,7500004011,Correfino EEC Nº2 Caña/Rem - Azucarera España,prod_perdido,25272,null,-25272,24.3,null,1040,null
3699,"GONZALEZ CARBALLAL, S.L.",2023→2024,2023,2024,44310,Apipasta 90% - Pienso completo - Apicultura,vol_precio,21676.8,42339.2,20662.399999999998,15.9,39.27,1363.32,1078.16
1284,"FRUTAS Y TURRONES, S.A.",2023→2024,2023,2024,61138,Mixco Sweet 75-45.0718,vol_precio,143851.94,145983.64,2131.7000000000116,120.58,144.18,1193,1012.51
1854,"ROYPAS BY NUTRIS, S.A.",2023→2024,2023,2024,60105,"Azúcar PI 73,5-67",volumen,3480,3625,145,2.4,2.5,1450,1450
3921,"IBERFRUTA MUERZA, S.A.",2023→2024,2023,2024,7800013151,Azúcar BIO Caña - Elite NOP  India,prod_perdido,5100,null,-5100,5,null,1020,null
566,"ALMACENES MIGUEZ 2005,S.L.",2023→2024,2023,2024,44301,Azucar Blanco – Materia Prima para Piensos,prod_perdido,11620,null,-11620,11,null,1056.36,null
283,"BOLLERIA BJV, S.L.",2023→2024,2023,2024,7300039291,Azúcar Blanco EEC Nº2 Caña - Kampong Speu Camboya,volumen,103570.8,52183.2,-51387.600000000006,101.54,51.16,1020,1020
4469,"SEÑORIO DE BARAHONDA, S.L.",2023→2024,2023,2024,7300037021,Azúcar Blanco EEC Nº2 Caña - Sidul  Portugal,prod_perdido,28725.4,null,-28725.4,24.2,null,1187,null
7714,"MASIA EL CARMEN, S.L.",2023→2024,2023,2024,42000,Dextrosa Cristal Monohidrato Maiz,precio,90,92.5,2.5,0.05,0.05,1800,1850
734,"HORCHATAS MERCADER,S.L.",2023→2024,2023,2024,40030,Azucar azucarera trimestral,prod_perdido,8424,null,-8424,7.2,null,1170,null
1854,"ROYPAS BY NUTRIS, S.A.",2023→2024,2023,2024,40000,Azúcar Blanco EEC Nº 2,prod_perdido,107195.34,null,-107195.34,98.98,null,1083,null
592,"FRAMAJOVA, S.L",2023→2024,2023,2024,60105,"Azúcar PI 73,5-67",prod_perdido,5256,null,-5256,3.6,null,1460,null
3855,"APIFERSA APICOLA, S.L.",2023→2024,2023,2024,62001,Apimix - Pienso completo - Apicultura,prod_perdido,23724,null,-23724,22.8,null,1040.53,null
7183,"INTERCASA, S.A.",2023→2024,2023,2024,62150,Jarabe de Melaza de Caña,volumen,2092.02,7140,5047.98,1.758,6,1190,1190
9520,"GOLOSINAS MININOLAS, S.L.U.",2023→2024,2023,2024,44120,Glucor 45/80,sin_actividad,0,null,0,0.001,null,0,null
8962,"QUEROL ADELL, RAUL",2023→2024,2023,2024,62001,Apimix - Pienso completo - Apicultura,prod_perdido,193.2,null,-193.2,0.14,null,1380,null
6045,"BODEGAS WILLIAMS & HUMBERT, S.A.",2023→2024,2023,2024,60010,Azúcar Liquida Neutra S.A.,vol_precio,64042,400814.52,336772.52,74.8,602.96,856.18,664.74
481,"EL CATETO, S.L.",2023→2024,2023,2024,40350,Azúcar Granulado Extrafino,prod_perdido,18432,null,-18432,14.4,null,1280,null
9544,"TORRES LÓPEZ, RAUL",2023→2024,2023,2024,62001,Apimix - Pienso completo - Apicultura,prod_perdido,128,null,-128,0.1,null,1280,null
6468,"DULCES LA CARTUJA, S.L.",2023→2024,2023,2024,40206,Azúcar Blanco BIO ES-ECO-024-MU Ag No UE NOP,prod_perdido,303.2,null,-303.2,0.2,null,1516,null
6586,"DORADO TOMAS, VICENTE",2023→2024,2023,2024,44313,Apipasta Vitaminas 90% - Pienso para Apicultura,prod_perdido,23.25,null,-23.25,0.015,null,1550,null
9274,SUSTAINABLE APIARIES,2023→2024,2023,2024,44315,Apipasta PLUS - Pienso para Apicultura,vol_precio,1848,3158.4,1310.4,0.84,1.89,2200,1671.11
3479,"LA TAHONA DE UTIEL, S.L.",2023→2024,2023,2024,43101,Sorbitol Liquido 70% No cristalizable - EPSA,vol_precio,14456,31993,17537,10.4,24.7,1390,1295.26
436,"TURRONES JOSE GARRIGOS, S.A.",2023→2024,2023,2024,7300039291,Azúcar Blanco EEC Nº2 Caña - Kampong Speu Camboya,sin_actividad,0,null,0,0,null,null,null
4002,"ABB MJ FERNANDEZ ARANDA, S.L.",2023→2024,2023,2024,62400,Fondant ES-R01,vol_precio,63363.15,46008.6,-17354.550000000003,45.585,44.34,1390,1037.63
9255,SAS LA CIGALE DOREE,2023→2024,2023,2024,61228,Fosvitae 95% Plus,sin_actividad,0,null,0,0.001,null,0,null
9221,ZYGOUROPOULOS,2023→2024,2023,2024,44313,Apipasta Vitaminas 90% - Pienso para Apicultura,sin_actividad,0,null,0,0.002,null,0,null
7395,VECO PHARMA SHPK,2023→2024,2023,2024,44313,Apipasta Vitaminas 90% - Pienso para Apicultura,vol_precio,21315,4620,-16695,14.7,4.2,1450,1100
546,"E.MORENO, S.L.",2023→2024,2023,2024,7400002031,Az Bl. EEC Nº2 Remolacha PTE DEST-Tereos Franci,prod_perdido,23520,null,-23520,24,null,980,null
920,"FONT SALEM, S.L.",2023→2024,2023,2024,40025,Azucar Azucarera Spot,prod_perdido,1215,null,-1215,0.9,null,1350,null
9267,"HORTICULTURA TECNICA AVANZADA, S.L.",2023→2024,2023,2024,44015,Fructor 10/77,sin_actividad,0,null,0,0.001,null,0,null
9457,"NEULES ARTESANES SANT TIRS, S.L.",2023→2024,2023,2024,7400004011,Azúcar Bl. EEC nº2 REMOL - AZUCARERA ESPAÑA,prod_perdido,2170,null,-2170,2,null,1085,null
353,"QUALITY SPICES, S.L.",2023→2024,2023,2024,62070,Mix Golden Jarabe,sin_actividad,0,null,0,0.001,null,0,null
8247,"ALLJUICEMED, S.L.",2023→2024,2023,2024,61284,Mixco Sweet 72-09.6427 B2 SB2,vol_precio,1171019.16,3535638.6,2364619.4400000004,1143.96,3164.534,1023.65,1117.27
432,"CHOCOLATES ALGARRA, S.L.",2023→2024,2023,2024,40000,Azúcar Blanco EEC Nº 2,prod_perdido,37554,null,-37554,33,null,1138,null
1629,"MANZANERA GARCIA, JERONIMO ",2023→2024,2023,2024,41000,Fructosa MAIZ Cristal,prod_perdido,107.85,null,-107.85,0.075,null,1438,null
2909,"MANIPULADOS DE CEBOLLAS Y DERIVADOS, S.L.",2023→2024,2023,2024,60105,"Azúcar PI 73,5-67",sin_actividad,0,null,0,0.001,null,0,null
6748,"QUIMIND GREEN, LDA.",2023→2024,2023,2024,61200,Fosvitae 85%,vol_precio,15901.82,15787.95,-113.86999999999898,3.63,4.86,4380.67,3248.55
7787,"ONES MAY SABORES, S.L",2023→2024,2023,2024,7500004011,Correfino EEC Nº2 Caña/Rem - Azucarera España,prod_perdido,8604,null,-8604,7.2,null,1195,null
614,"MANUFACTURAS TABERNER,S.A.",2023→2024,2023,2024,7500004011,Correfino EEC Nº2 Caña/Rem - Azucarera España,prod_perdido,15220.8,null,-15220.8,12.6,null,1208,null
7867,"SINBLAT ALIMENTACION SALUDABLE, S.L.",2023→2024,2023,2024,73001,Azúcar Blanco EEC Nº2 Caña- PAPEL SERIGRAFIADO ZK,prod_perdido,11751.25,null,-11751.25,9.876,null,1189.88,null
455,"EMILIO PEÑA, S.A.",2023→2024,2023,2024,40025,Azucar Azucarera Spot,prod_perdido,1215,null,-1215,0.9,null,1350,null
517,"DUPAN, S.L.",2023→2024,2023,2024,7300039291,Azúcar Blanco EEC Nº2 Caña - Kampong Speu Camboya,vol_precio,9520,5940,-3580,8,6,1190,990
8177,"LESAFFRE IBERIA, S.A.",2023→2024,2023,2024,40103,Azúcar Moreno >2500i - Brown (Dry Dem BLZ),prod_perdido,162801.6,null,-162801.6,156.54,null,1040,null
7440,"LOPEZ FOOD GROUP, S.L.",2023→2024,2023,2024,7300016111,Azúcar Blanco EEC Nº2 Caña - Santa Ana Guatemala,prod_perdido,50462,null,-50462,46,null,1097,null
542,"SDAD.ESPAÑOLA COLOR. NATURALES Y AFINES, S.A.U.",2023→2024,2023,2024,7400002031,Az Bl. EEC Nº2 Remolacha PTE DEST-Tereos Franci,volumen,23734.8,94939.2,71204.4,22.8,91.2,1041,1041
2917,"CARAMEL FOOD, S.L.",2023→2024,2023,2024,40103,Azúcar Moreno >2500i - Brown (Dry Dem BLZ),volumen,377,256,-121,0.3,0.2,1256.67,1280
9329,"TORRALBA CARRION, CESAR",2023→2024,2023,2024,44315,Apipasta PLUS - Pienso para Apicultura,prod_perdido,31.92,null,-31.92,0.014,null,2280,null
1433,"SAORIN GUILLAMON, JESUS",2023→2024,2023,2024,44313,Apipasta Vitaminas 90% - Pienso para Apicultura,prod_perdido,116.25,null,-116.25,0.075,null,1550,null
4852,"ABELLAIRES EMPORDANESOS, S.A.T.",2023→2024,2023,2024,44301,Azucar Blanco – Materia Prima para Piensos,prod_perdido,119,null,-119,0.1,null,1190,null
6338,CENTRO NAC. TECNOLOGIA Y SEGURIDAD ALIMENTARIA,2023→2024,2023,2024,44110,Glucor 60/80,sin_actividad,0,null,0,0.015,null,0,null
2903,"MEDITERRANEA MELLIS, S.L.",2023→2024,2023,2024,61197,Mixco Sweet Plus 82-05.5041,vol_precio,376124.4,32912.1,-343212.30000000005,240.92,22.621,1561.2,1454.94
9390,FINN SPRING OY,2023→2024,2023,2024,41002,Fructosa MAIZ Cristal solo Fabricación,prod_perdido,37840,null,-37840,22,null,1720,null
6521,"AGROINDUSTRIAL KIMITEC, S.L.",2023→2024,2023,2024,40206,Azúcar Blanco BIO ES-ECO-024-MU Ag No UE NOP,prod_perdido,1.43,null,-1.43,0.001,null,1430,null
595,"ROSCRIS BENIOPA, S.L",2023→2024,2023,2024,73001,Azúcar Blanco EEC Nº2 Caña- PAPEL SERIGRAFIADO ZK,prod_perdido,2380,null,-2380,2,null,1190,null
4002,"ABB MJ FERNANDEZ ARANDA, S.L.",2023→2024,2023,2024,7110009141,Azúcar Moreno >2500i - ASR  Belice,prod_perdido,135,null,-135,0.1,null,1350,null
1119,"APILORE, S.L.",2023→2024,2023,2024,44315,Apipasta PLUS - Pienso para Apicultura,vol_precio,3158.4,1176,-1982.4,1.68,0.84,1880,1400
378,"FRIDUL, S.A.",2023→2024,2023,2024,62401,Fondant ES-R02,sin_actividad,0,null,0,0.015,null,0,null
3022,"LACTEOS DE NAVARRA, S.L.",2023→2024,2023,2024,40000,Azúcar Blanco EEC Nº 2,sin_actividad,0,null,0,0.001,null,0,null
4852,"ABELLAIRES EMPORDANESOS, S.A.T.",2023→2024,2023,2024,62001,Apimix - Pienso completo - Apicultura,prod_perdido,1091.56,null,-1091.56,0.832,null,1311.97,null
246,"CAMPO BETICA, S.L.",2023→2024,2023,2024,43150,Sorbitol en Polvo,prod_perdido,9909,null,-9909,5.4,null,1835,null
198,"JOSE SANDOVAL, S.L.U.",2023→2024,2023,2024,43003,Maltitol 55/75,prod_perdido,1729,null,-1729,1.3,null,1330,null
8888,"N. KRALLIS, S.A.",2023→2024,2023,2024,61229,Fosvitae Plus Polvo,prod_perdido,2747.4,null,-2747.4,0.3,null,9158,null
208,"LICORES Y DERIVADOS, S.A.",2023→2024,2023,2024,60010,Azúcar Liquida Neutra S.A.,vol_precio,334987.56,208116.76,-126870.79999999999,364.2,276.3,919.79,753.23
2593,"GARCIA GARCIA, JUAN",2023→2024,2023,2024,44313,Apipasta Vitaminas 90% - Pienso para Apicultura,prod_perdido,720.75,null,-720.75,0.465,null,1550,null
7787,"ONES MAY SABORES, S.L",2023→2024,2023,2024,61228,Fosvitae 95% Plus,sin_actividad,0,null,0,0.001,null,0,null
5373,"VERTICE DE INNOVACION Y DESAR.DE ALIMENTOS, S.A.U.",2023→2024,2023,2024,60118,Azúcar PI 71-90,vol_precio,86981.4,72398.84,-14582.559999999998,95.76,85.54,908.33,846.37
461,"PRODUCTOS JESUS, S.L.",2023→2024,2023,2024,7400002031,Az Bl. EEC Nº2 Remolacha PTE DEST-Tereos Franci,prod_perdido,24408,null,-24408,24,null,1017,null
3658,"NAVALON FERRER, CRISTIAN",2023→2024,2023,2024,44301,Azucar Blanco – Materia Prima para Piensos,vol_precio,1250,3612.5,2362.5,1,4.25,1250,850
4567,"CARBONELL ANTICH, MARIA GRACIA",2023→2024,2023,2024,40206,Azúcar Blanco BIO ES-ECO-024-MU Ag No UE NOP,prod_perdido,112.5,null,-112.5,0.075,null,1500,null
6048,"BLENDAMA, S.L.",2023→2024,2023,2024,40025,Azucar Azucarera Spot,prod_perdido,1160.19,null,-1160.19,0.8,null,1450.24,null
1832,"SIERRAS ANDALUZAS, S.C.A.",2023→2024,2023,2024,44303,Fructosa Cristal – Materia Prima para Piensos,vol_precio,4375,500,-3875,2.5,0.4,1750,1250
4329,"ZAFRA SANTILLANA, ELOY",2023→2024,2023,2024,44314,Apipasta 90% - BIO - Pienso completo - Apicultura,vol_precio,1290,787.5,-502.5,0.645,0.525,2000,1500
2975,"ARTUKOLUKE, S.L.",2023→2024,2023,2024,44313,Apipasta Vitaminas 90% - Pienso para Apicultura,prod_perdido,3087,null,-3087,2.1,null,1470,null
237,"DULCES SANTA CRUZ, S.L.",2023→2024,2023,2024,60200,Azúcar Invertido 67º,precio,5194.35,4479,-715.3500000000004,3.57,3.62,1455,1237.29
8854,JOHANNES LÜHDERS KG,2023→2024,2023,2024,61228,Fosvitae 95% Plus,vol_precio,45455.52,4488,-40967.52,9.89,1.2,4596.11,3740
396,"AGROTRANSFORMADOS, S.A.",2023→2024,2023,2024,7300039291,Azúcar Blanco EEC Nº2 Caña - Kampong Speu Camboya,prod_perdido,94848,null,-94848,97.3,null,974.8,null
541,"PANYPAST GRANADA, S.L.",2023→2024,2023,2024,62400,Fondant ES-R01,vol_precio,4752,3806.4,-945.5999999999999,2.88,2.4,1650,1586
2037,"INDUSTRIAS ESPADAFOR, S.A",2023→2024,2023,2024,44040,Fructor 42/71,prod_perdido,29790.3,null,-29790.3,49.9,null,597,null
9273,"AGROQUIMICA CODIAGRO, S.L.",2023→2024,2023,2024,40000,Azúcar Blanco EEC Nº 2,prod_perdido,3828,null,-3828,3.3,null,1160,null
465,"INVESTIGACION Y DESARROLLO PANADERO, S.L.",2023→2024,2023,2024,65007,Azúcar en polvo LS Pallet Plast. CHEP,vol_precio,21915.77,7299,-14616.77,15.795,6.3,1387.51,1158.57
7612,DPTO. COMERCIAL,2023→2024,2023,2024,61228,Fosvitae 95% Plus,sin_actividad,0,null,0,0.001,null,0,null
436,"TURRONES JOSE GARRIGOS, S.A.",2023→2024,2023,2024,43100,Sorbitol Liquido 70% No cristalizable,prod_perdido,6390,null,-6390,3.6,null,1775,null
1247,"TURRONES Y ESPECIALIDADES VIAR, S.A.",2023→2024,2023,2024,40203,Azúcar BIO 300-500 -ES-ECO-024-MU (Agric No EU),prod_perdido,954,null,-954,0.6,null,1590,null
6467,"CATALINA FOOD SOLUTIONS, S.L.",2023→2024,2023,2024,7110009141,Azúcar Moreno >2500i - ASR  Belice,sin_actividad,0,null,0,0.005,null,0,null
2744,"VAÑO BODI, ENRIQUE",2023→2024,2023,2024,44313,Apipasta Vitaminas 90% - Pienso para Apicultura,prod_perdido,69.75,null,-69.75,0.045,null,1550,null
542,"SDAD.ESPAÑOLA COLOR. NATURALES Y AFINES, S.A.U.",2023→2024,2023,2024,7300039291,Azúcar Blanco EEC Nº2 Caña - Kampong Speu Camboya,vol_precio,279404.4,505551.6,226147.19999999995,268.4,549.6,1041,919.85
2081,"ZUMOS Y FRUTAS CONCENTRADOS, S.L.",2023→2024,2023,2024,61280,Mixco Sweet 68-00.5050 RC V2,volumen,504172.28,1706538.96,1202366.68,507.38,1716.84,993.68,994
3921,"IBERFRUTA MUERZA, S.A.",2023→2024,2023,2024,7300037021,Azúcar Blanco EEC Nº2 Caña - Sidul  Portugal,vol_precio,213180,544874,331694,209,584.1,1020,932.84
2081,"ZUMOS Y FRUTAS CONCENTRADOS, S.L.",2023→2024,2023,2024,61248,Mixco Sweet 65-00.5050 I,vol_precio,55741.28,6437127.27,6381385.989999999,50.72,5598.234,1099,1149.85
440,"MAZAPANES Y DULCES DE TOLEDO, S.A.",2023→2024,2023,2024,43101,Sorbitol Liquido 70% No cristalizable - EPSA,volumen,7644,9555,1911,5.2,6.5,1470,1470
3683,"MADRID JULVE, LUIS",2023→2024,2023,2024,62001,Apimix - Pienso completo - Apicultura,precio,270,320,50,0.25,0.25,1080,1280
5644,HEALY VENTURES LTD.,2023→2024,2023,2024,62073,Cane Golden Syrup,prod_perdido,17376,null,-17376,12,null,1448,null
9575,"GREEN BEVERAGES ESPAÑA, SL",2023→2024,2023,2024,40207,Azúcar BIO <45 ES-ECO-024-MU Ag UE REMOLACHA,volumen,810,11002.5,10192.5,0.6,8.15,1350,1350
5746,GIMENO MADRID. JESUS MANUEL,2023→2024,2023,2024,44315,Apipasta PLUS - Pienso para Apicultura,prod_perdido,110.88,null,-110.88,0.056,null,1980,null
9205,"ALEPUZ CAÑIGUERAL, JORGE",2023→2024,2023,2024,62001,Apimix - Pienso completo - Apicultura,prod_perdido,695.52,null,-695.52,0.504,null,1380,null
496,"BODEGAS Y DESTILERIAS VIDAL, S.L.",2023→2024,2023,2024,60000,Azúcar Líquida Neutra 67º,sin_actividad,0,null,0,0.001,null,0,null
3863,"LA TRADICION M&T, S.L.",2023→2024,2023,2024,65005,Azúcar en polvo LS,vol_precio,2614.5,688.5,-1926,1.98,0.51,1320.45,1350
2180,"AURUM PROCESS TECHNOLOGY, S.L.",2023→2024,2023,2024,61272,Mixco Sweet 72-00.5050 RC,prod_perdido,1292.63,null,-1292.63,1.125,null,1149,null
9524,"PRONAT, S.C.",2023→2024,2023,2024,62150,Jarabe de Melaza de Caña,sin_actividad,0,null,0,0.001,null,0,null
893,"FERRE LLABERIA, ROSA",2023→2024,2023,2024,60200,Azúcar Invertido 67º,sin_actividad,0,null,0,0.001,null,0,null
7924,"J.NORKEN,S.L.",2023→2024,2023,2024,41000,Fructosa MAIZ Cristal,prod_perdido,17950,null,-17950,10,null,1795,null
6460,"PARDO TOLOSA, JUAN",2023→2024,2023,2024,44313,Apipasta Vitaminas 90% - Pienso para Apicultura,volumen,906.75,232.5,-674.25,0.585,0.15,1550,1550
4031,"ESPECIALITATS M. MASDEU, S.L.",2023→2024,2023,2024,61228,Fosvitae 95% Plus,vol_precio,48928.5,20088.6,-28839.9,11.41,6.111,4288.21,3287.29
450,"LA FLOR BURGALESA, S.L.",2023→2024,2023,2024,7810033151,Azúcar BIO 300-500 ICUMSA Elite India,prod_perdido,17808,null,-17808,11.2,null,1590,null
9157,"MAK FOOD COMPANY, S.L.",2023→2024,2023,2024,40003,Azúcar Blanco EEC Nº 2 REMOLACHA,prod_perdido,5680,null,-5680,4,null,1420,null
7634,"MARTINEZ MIRANDA, JOSE JAVIER",2023→2024,2023,2024,44313,Apipasta Vitaminas 90% - Pienso para Apicultura,prod_perdido,767.25,null,-767.25,0.495,null,1550,null
259,"EUROGRANIZADOS, S.L.U.",2023→2024,2023,2024,7300016111,Azúcar Blanco EEC Nº2 Caña - Santa Ana Guatemala,prod_perdido,47940,null,-47940,47,null,1020,null
9157,"MAK FOOD COMPANY, S.L.",2023→2024,2023,2024,7400002031,Az Bl. EEC Nº2 Remolacha PTE DEST-Tereos Franci,vol_precio,4140,194372,190232,4,200.2,1035,970.89
3089,"CANTIN CEBRIAN, JESUS MIGUEL",2023→2024,2023,2024,44310,Apipasta 90% - Pienso completo - Apicultura,vol_precio,3213,1491,-1722,2.1,1.05,1530,1420
522,"MACROSNACKS, S.L.U.",2023→2024,2023,2024,7500004011,Correfino EEC Nº2 Caña/Rem - Azucarera España,vol_precio,39139.2,27192,-11947.199999999997,32.4,26.4,1208,1030
6592,"LOPEZ GARCIA, FRANCISCA AURELIA",2023→2024,2023,2024,44313,Apipasta Vitaminas 90% - Pienso para Apicultura,vol_precio,1627.5,3150,1522.5,1.05,2.1,1550,1500
9194,"HELADOS JOP, S.L.",2023→2024,2023,2024,42000,Dextrosa Cristal Monohidrato Maiz,prod_perdido,2300,null,-2300,1.25,null,1840,null
4002,"ABB MJ FERNANDEZ ARANDA, S.L.",2023→2024,2023,2024,65015,Azúcar en polvo LM,vol_precio,4668.3,13141.05,8472.75,3.9,12.675,1197,1036.77
266,"IBER COCKTAIL, S.L.",2023→2024,2023,2024,40030,Azucar azucarera trimestral,prod_perdido,704,null,-704,0.5,null,1408,null
716,"PENALVA ALIMENTACION, S.A.",2023→2024,2023,2024,42000,Dextrosa Cristal Monohidrato Maiz,vol_precio,26400,11531.25,-14868.75,15,11.25,1760,1025
4187,"AMILCAR & MORGADO, LDA",2023→2024,2023,2024,7200017111,>45 ICUMSA - Palo Gordo Guatemala,prod_ganado,0,14280,14280,0.05,16.8,0,850
9134,"VOLTEC ELECTRO SISTEMES, S.L.",2023→2024,2023,2024,7200017111,>45 ICUMSA - Palo Gordo Guatemala,sin_actividad,0,null,0,0.05,null,0,null
457,"AMAHER, S.L.",2023→2024,2023,2024,43100,Sorbitol Liquido 70% No cristalizable,prod_perdido,40728,null,-40728,24,null,1697,null
8924,"LOPEZ CARRILLO, FRANCISCO MANUEL",2023→2024,2023,2024,44313,Apipasta Vitaminas 90% - Pienso para Apicultura,prod_perdido,46.5,null,-46.5,0.03,null,1550,null
7558,HARINAS CASTILLA LA MANCHA S.L,2023→2024,2023,2024,43003,Maltitol 55/75,precio,15464.8,11232,-4232.799999999999,10.4,10.4,1487,1080
4767,"CAMAÑAS QUEROL, JOSE EVELIO",2023→2024,2023,2024,44310,Apipasta 90% - Pienso completo - Apicultura,prod_perdido,596.7,null,-596.7,0.39,null,1530,null
9319,"TRATAMIENTOS BIO-ECOLOGICOS, S.A.",2023→2024,2023,2024,61255,Mixco Sweet 71-00.2446,sin_actividad,0,null,0,0.001,null,0,null
7171,"QUIRANTE FRUITS, S.L.",2023→2024,2023,2024,60250,Compotienz-2106,vol_precio,3410939.72,1879360.4,-1531579.3200000003,3117.4,1771.52,1094.16,1060.87
4505,"FIESTA COLOMBINA, S.L.U.",2023→2024,2023,2024,7600004011,Azúcar Granulado Extrafino-Azucarera España,volumen,13780.8,7516.8,-6263.999999999999,9.9,5.4,1392,1392
5002,"CERVEZAS FERNANDEZ PONS, S.L.",2023→2024,2023,2024,40203,Azúcar BIO 300-500 -ES-ECO-024-MU (Agric No EU),prod_perdido,1845.6,null,-1845.6,1.2,null,1538,null
1072,"GALVAN FERNANDEZ HERMANOS, S.L.",2023→2024,2023,2024,7300037021,Azúcar Blanco EEC Nº2 Caña - Sidul  Portugal,prod_perdido,78408,null,-78408,72.6,null,1080,null
494,"KING REGAL, S.A.",2023→2024,2023,2024,40000,Azúcar Blanco EEC Nº 2,sin_actividad,0,null,0,0.001,null,0,null
9113,"VILLAR MARTINEZ, CLAUDIO",2023→2024,2023,2024,44315,Apipasta PLUS - Pienso para Apicultura,precio,63.84,55.44,-8.400000000000006,0.028,0.028,2280,1980
1854,"ROYPAS BY NUTRIS, S.A.",2023→2024,2023,2024,43101,Sorbitol Liquido 70% No cristalizable - EPSA,volumen,60603.4,46618,-13985.400000000001,33.8,26,1793,1793
7164,"FELIX SOLIS, S.L.",2023→2024,2023,2024,60131,Azucar PI 77-50,sin_actividad,0,null,0,0.001,null,0,null
9520,"GOLOSINAS MININOLAS, S.L.U.",2023→2024,2023,2024,43000,Maltitol Liquido 75-5308,sin_actividad,0,null,0,0.001,null,0,null
2216,"APIHURDES, S.COOP.",2023→2024,2023,2024,44310,Apipasta 90% - Pienso completo - Apicultura,vol_precio,35844.9,20086.5,-15758.400000000001,27.3,16.8,1313,1195.62
2917,"CARAMEL FOOD, S.L.",2023→2024,2023,2024,7110009141,Azúcar Moreno >2500i - ASR  Belice,prod_perdido,128,null,-128,0.1,null,1280,null
8843,"SAIZ MARTINEZ, RUBEN",2023→2024,2023,2024,62001,Apimix - Pienso completo - Apicultura,prod_perdido,38.64,null,-38.64,0.028,null,1380,null
4045,HEINEKEN GLOBAL PROCUREMENT B.V.,2023→2024,2023,2024,60005,Azúcar Liquida Neutra en M.Seca,vol_precio,1711768.33,1114384.04,-597384.29,1377.205,1047.994,1242.93,1063.35
440,"MAZAPANES Y DULCES DE TOLEDO, S.A.",2023→2024,2023,2024,60105,"Azúcar PI 73,5-67",vol_precio,44507.81,37965.6,-6542.209999999999,33.667,36.72,1322,1033.92
1787,"DULCES DEL TURIA, S.L.",2023→2024,2023,2024,60114,"Azúcar PI 73,5-67-C",vol_precio,1788,2760,972,1.2,2.4,1490,1150
1854,"ROYPAS BY NUTRIS, S.A.",2023→2024,2023,2024,7200029121,>45 ICUMSA - Mayaguez Colombia,prod_perdido,507184.06,null,-507184.06,468.314,null,1083,null
9335,THE GUMMY FACTORY B.V.,2023→2024,2023,2024,61200,Fosvitae 85%,sin_actividad,0,null,0,0.01,null,0,null
6162,BE ORGANIC KUWAIT FOR HEALTHY FOOD AND PLANTS COMPANY,2023→2024,2023,2024,44330,Apipasta 90% - Pienso completo - Apicul.-BE ORG KW,prod_perdido,4315.5,null,-4315.5,3.15,null,1370,null
8479,FA. BLIESGAUBEUTE,2023→2024,2023,2024,44315,Apipasta PLUS - Pienso para Apicultura,precio,3696,2730,-966,1.68,1.68,2200,1625
7115,"RIVERBEND ESPAÑA, S.A",2023→2024,2023,2024,99950,Producto de Pruebas Líquido - 1,sin_actividad,0,null,0,0.004,null,0,null
8344,"PA DE MEL, S.L.",2023→2024,2023,2024,40000,Azúcar Blanco EEC Nº 2,prod_perdido,109625.2,null,-109625.2,103.42,null,1060,null
734,"HORCHATAS MERCADER,S.L.",2023→2024,2023,2024,42000,Dextrosa Cristal Monohidrato Maiz,prod_perdido,4500,null,-4500,2.5,null,1800,null
215,"MARTIN BRAUN, S.A.",2023→2024,2023,2024,65007,Azúcar en polvo LS Pallet Plast. CHEP,prod_perdido,1994.4,null,-1994.4,1.8,null,1108,null
3855,"APIFERSA APICOLA, S.L.",2023→2024,2023,2024,40000,Azúcar Blanco EEC Nº 2,prod_perdido,12826,null,-12826,12.1,null,1060,null
1314,"MANUFACTURAS PIBERNAT, S.L.",2023→2024,2023,2024,7300008021,Azúcar Blanco EEC Nº2 Caña - RAR  Portugal,prod_perdido,13440,null,-13440,12,null,1120,null
6153,"RUBIO CERCOS, JOSE",2023→2024,2023,2024,44315,Apipasta PLUS - Pienso para Apicultura,prod_perdido,110.88,null,-110.88,0.056,null,1980,null
516,"PAIARROP, S.L.",2023→2024,2023,2024,7400048311,Az. Bl. EEC nº2 Remol PTE DEST-Agrana Leop Austria,prod_perdido,24955,null,-24955,23,null,1085,null
2901,"CIAL. DOSER REPRESENTACIONES, S.L.",2023→2024,2023,2024,40000,Azúcar Blanco EEC Nº 2,prod_perdido,58384.8,null,-58384.8,47.7,null,1224,null
8532,"LINARES NAVARRO, SERGIO",2023→2024,2023,2024,73001,Azúcar Blanco EEC Nº2 Caña- PAPEL SERIGRAFIADO ZK,prod_perdido,300,null,-300,0.25,null,1200,null
595,"ROSCRIS BENIOPA, S.L",2023→2024,2023,2024,7400048311,Az. Bl. EEC nº2 Remol PTE DEST-Agrana Leop Austria,vol_precio,4284,1792,-2492,3.6,1.6,1190,1120
2027,"DESTILERIAS AGUILAR, S.A.",2023→2024,2023,2024,60010,Azúcar Liquida Neutra S.A.,prod_perdido,46121.4,null,-46121.4,39.42,null,1170,null
430,"MONZO LUIS, S.L.",2023→2024,2023,2024,7300005081,Azúcar Blanco EEC Nº2 Caña - Cosumar  Marruecos,vol_precio,78323.4,10560,-67763.4,68.94,12,1136.11,880
902,"MEMBRILLO EL QUIJOTE, S.A.",2023→2024,2023,2024,41000,Fructosa MAIZ Cristal,vol_precio,18687.5,4863.75,-13823.75,11.25,3.75,1661.11,1297
4406,"BELMAR GRAU, JONATAN",2023→2024,2023,2024,62020,Mix Fructor Apicultor - Pienso completo - Apicult.,prod_perdido,286,null,-286,0.25,null,1144,null
3534,"ITURRATE VEA, INES",2023→2024,2023,2024,44313,Apipasta Vitaminas 90% - Pienso para Apicultura,vol_precio,2844,5635.5,2791.5,1.8,3.87,1580,1456.2
246,"CAMPO BETICA, S.L.",2023→2024,2023,2024,41005,Fructosa MAIZ Cristal Granulada,prod_perdido,6242.5,null,-6242.5,3.75,null,1664.67,null
7115,"RIVERBEND ESPAÑA, S.A",2023→2024,2023,2024,61292,Mixco Sweet 72-00.5050 M1A,volumen,44815.2,352728,307912.8,26.3,207,1704,1704
9453,"COMERCIAL ALPAMATIAN, S.L.",2023→2024,2023,2024,44015,Fructor 10/77,prod_perdido,1956,null,-1956,1.2,null,1630,null
7189,"PASTISART IBERIA, S.L.U",2023→2024,2023,2024,40016,Azúcar Blanco EEC Nº 2,prod_perdido,44.04,null,-44.04,0.08,null,550.5,null
2303,"ANTONIO VILLORIA, S.A.",2023→2024,2023,2024,43150,Sorbitol en Polvo,sin_actividad,0,null,0,0.001,null,0,null
9194,"HELADOS JOP, S.L.",2023→2024,2023,2024,41000,Fructosa MAIZ Cristal,vol_precio,7237.5,2162.5,-5075,3.75,1.25,1930,1730
555,"FORTADUL, S.L.",2023→2024,2023,2024,7300008021,Azúcar Blanco EEC Nº2 Caña - RAR  Portugal,prod_perdido,47640,null,-47640,48,null,992.5,null
4002,"ABB MJ FERNANDEZ ARANDA, S.L.",2023→2024,2023,2024,7300007131,Azúcar Blanco EEC Nº2 Caña - Cassa  El Salvador,prod_perdido,24960,null,-24960,24,null,1040,null
9319,"TRATAMIENTOS BIO-ECOLOGICOS, S.A.",2023→2024,2023,2024,44015,Fructor 10/77,sin_actividad,0,null,0,0.001,null,0,null
5936,"MORANTE SIERRA, JOSE IGNACIO",2023→2024,2023,2024,62001,Apimix - Pienso completo - Apicultura,prod_perdido,1068.12,null,-1068.12,0.989,null,1080,null
1284,"FRUTAS Y TURRONES, S.A.",2023→2024,2023,2024,7300007131,Azúcar Blanco EEC Nº2 Caña - Cassa  El Salvador,prod_perdido,8800,null,-8800,8,null,1100,null
8177,"LESAFFRE IBERIA, S.A.",2023→2024,2023,2024,7220032231,Raw Sugar <2500ICUMSA - Eswatini Ubombo Sugar,sin_actividad,0,null,0,0.002,null,0,null
7022,"FRUTOS SECOS EMPERADOR, S.L.",2023→2024,2023,2024,7300039291,Azúcar Blanco EEC Nº2 Caña - Kampong Speu Camboya,vol_precio,4760,7728,2968,4,11.2,1190,690
7714,"MASIA EL CARMEN, S.L.",2023→2024,2023,2024,60123,"Azúcar PI 73,5-67 - BIO",vol_precio,7398.7,7116.2,-282.5,4.82,5.98,1535,1190
1430,"BYC CHEMICAL, S.L.",2023→2024,2023,2024,42000,Dextrosa Cristal Monohidrato Maiz,vol_precio,44560,22697.5,-21862.5,25.25,18.75,1764.75,1210.53
9589,LARES GLOBAL,2023→2024,2023,2024,60011,Azúcar Líquida Integral de Caña,sin_actividad,0,null,0,0.001,null,0,null
769,"ANGEL CAMACHO ALIMENTACION, S.L.",2023→2024,2023,2024,7300016111,Azúcar Blanco EEC Nº2 Caña - Santa Ana Guatemala,prod_perdido,135600,null,-135600,120,null,1130,null
582,"HIJOS DE SALVADOR COSTA, S.L.",2023→2024,2023,2024,7400014061,Azúcar Bl. EEC nº2 REMOL - PODYLLA FOOD C. UCRANIA,prod_perdido,84960,null,-84960,72,null,1180,null
4757,"COMPAÑIA EXPORTADORA DE AZAFRAN ESPAÑOL, S.A.",2023→2024,2023,2024,40016,Azúcar Blanco EEC Nº 2,prod_perdido,27301,null,-27301,23,null,1187,null
445,"PASTELERIA ARROYO SANCHEZ, S.L.U.",2023→2024,2023,2024,7300005081,Azúcar Blanco EEC Nº2 Caña - Cosumar  Marruecos,vol_precio,101640,16560,-85080,93.5,24,1087.06,690
9238,SAS LA FABRIQUE QUI PIQUE,2023→2024,2023,2024,44310,Apipasta 90% - Pienso completo - Apicultura,prod_perdido,706.5,null,-706.5,0.45,null,1570,null
1534,"GOMEZ SILLERO, CARLOS",2023→2024,2023,2024,44310,Apipasta 90% - Pienso completo - Apicultura,prod_perdido,3150,null,-3150,2.1,null,1500,null
546,"E.MORENO, S.L.",2023→2024,2023,2024,7300037021,Azúcar Blanco EEC Nº2 Caña - Sidul  Portugal,prod_perdido,75680,null,-75680,70.4,null,1075,null
2553,"ESTEVE TORTOSA, TIMOTEO",2023→2024,2023,2024,44315,Apipasta PLUS - Pienso para Apicultura,prod_perdido,504,null,-504,0.252,null,2000,null
2081,"ZUMOS Y FRUTAS CONCENTRADOS, S.L.",2023→2024,2023,2024,61272,Mixco Sweet 72-00.5050 RC,prod_perdido,134638.56,null,-134638.56,126.54,null,1064,null
9272,FIRMENICH BELGIUM S.A,2023→2024,2023,2024,60224,Azúcar invertido 76º,volumen,27633.45,58373.97,30740.52,19.15,40.52,1443,1440.62
577,"FARTONS POLO, S.L.",2023→2024,2023,2024,7300039291,Azúcar Blanco EEC Nº2 Caña - Kampong Speu Camboya,vol_precio,74740,187355,112615,74,248.2,1010,754.85
1305,"A. CENTAZZI, LDA",2023→2024,2023,2024,7110004241,Azúcar Moreno >2500i - Azucarera Mauricio,prod_perdido,15000,null,-15000,12.001,null,1249.9,null
734,"HORCHATAS MERCADER,S.L.",2023→2024,2023,2024,40000,Azúcar Blanco EEC Nº 2,prod_perdido,131508,null,-131508,112.4,null,1170,null
9551,"FRUTOS SECOS SANTA BÁRBARA, S.L.",2023→2024,2023,2024,60105,"Azúcar PI 73,5-67",sin_actividad,0,null,0,0.003,null,0,null
4587,"CARMAX GLASS, S.L.",2023→2024,2023,2024,44310,Apipasta 90% - Pienso completo - Apicultura,vol_precio,4567.5,6084,1516.5,3.15,5.85,1450,1040
9183,"VIVER KOMBUCHA, S.L.",2023→2024,2023,2024,40206,Azúcar Blanco BIO ES-ECO-024-MU Ag No UE NOP,prod_perdido,23526,null,-23526,18,null,1307,null
7022,"FRUTOS SECOS EMPERADOR, S.L.",2023→2024,2023,2024,73001,Azúcar Blanco EEC Nº2 Caña- PAPEL SERIGRAFIADO ZK,prod_perdido,2380,null,-2380,2,null,1190,null
8260,OBRADOR HERMANOS HIGON S.L.U.,2023→2024,2023,2024,7800013151,Azúcar BIO Caña - Elite NOP  India,prod_perdido,1287,null,-1287,0.975,null,1320,null
445,"PASTELERIA ARROYO SANCHEZ, S.L.U.",2023→2024,2023,2024,44015,Fructor 10/77,prod_perdido,25064.58,null,-25064.58,25.14,null,997,null
4908,"PEREZ BARQUERO, S.A.",2023→2024,2023,2024,60209,Azúcar Invertido 63º,volumen,41894.2,61336.9,19442.700000000004,50.481,75.26,829.9,815
9460,"COMERCIAL APIROSSEND, S.L.",2023→2024,2023,2024,44313,Apipasta Vitaminas 90% - Pienso para Apicultura,prod_perdido,9135,null,-9135,6.3,null,1450,null
5061,"ELABORADOS DEL ASON, S.L.",2023→2024,2023,2024,43050,Maltitol en Polvo,prod_perdido,61.6,null,-61.6,0.025,null,2464,null
7267,"GIDA, S.A.",2023→2024,2023,2024,61200,Fosvitae 85%,prod_perdido,13174.48,null,-13174.48,4.84,null,2722,null
3921,"IBERFRUTA MUERZA, S.A.",2023→2024,2023,2024,7300005081,Azúcar Blanco EEC Nº2 Caña - Cosumar  Marruecos,vol_precio,346320,115379,-230941,333,115.5,1040,998.95
2103,"JOSEFA ESTELLES MAYOR, S.L.",2023→2024,2023,2024,7500004011,Correfino EEC Nº2 Caña/Rem - Azucarera España,prod_perdido,86238,null,-86238,74.7,null,1154.46,null
2469,"MUNDO BARQUILLO, S.L.",2023→2024,2023,2024,40000,Azúcar Blanco EEC Nº 2,prod_perdido,75952.6,null,-75952.6,60.52,null,1255,null
595,"ROSCRIS BENIOPA, S.L",2023→2024,2023,2024,40030,Azucar azucarera trimestral,prod_perdido,6993,null,-6993,5.4,null,1295,null
3641,"LUCAS MATEO, ENRIQUE",2023→2024,2023,2024,44313,Apipasta Vitaminas 90% - Pienso para Apicultura,prod_perdido,1255.5,null,-1255.5,0.81,null,1550,null
5192,"WORLD WIDE IMPORT EXPORT CO, LTD.",2023→2024,2023,2024,42000,Dextrosa Cristal Monohidrato Maiz,prod_perdido,1868.75,null,-1868.75,1.25,null,1495,null
8364,"VALVÍE- INDÚSTRIA ALIMENTAR, LDA.",2023→2024,2023,2024,61177,Mixco Sweet 81-00.0932 A-MI,prod_perdido,14868.74,null,-14868.74,7.145,null,2081,null
9157,"MAK FOOD COMPANY, S.L.",2023→2024,2023,2024,61286,Mixco Sweet 72-66.1717,prod_perdido,25440.5,null,-25440.5,24.82,null,1025,null
9363,"TBMA EUROPE, B.V.",2023→2024,2023,2024,7220030211,>150 ICUMSA - Wilmar  Myanmar,sin_actividad,0,null,0,0.1,null,0,null
6130,HAPPY VALLEY HONEY LIMITED,2023→2024,2023,2024,44313,Apipasta Vitaminas 90% - Pienso para Apicultura,vol_precio,9040.5,2310,-6730.5,6.3,2.1,1435,1100
7558,HARINAS CASTILLA LA MANCHA S.L,2023→2024,2023,2024,7300037021,Azúcar Blanco EEC Nº2 Caña - Sidul  Portugal,vol_precio,104720,23232,-81488,93.5,24.2,1120,960
6151,"FRULACT, S.A.",2023→2024,2023,2024,7220032231,Raw Sugar <2500ICUMSA - Eswatini Ubombo Sugar,sin_actividad,0,null,0,0.002,null,0,null
3805,"MONTEJANO NAVARRO, MARIA DEL CARMEN",2023→2024,2023,2024,62001,Apimix - Pienso completo - Apicultura,prod_perdido,287.5,null,-287.5,0.25,null,1150,null
2716,"DOSCADESA 2000,SL.",2023→2024,2023,2024,65005,Azúcar en polvo LS,prod_perdido,4188.6,null,-4188.6,2.925,null,1432,null
6467,"CATALINA FOOD SOLUTIONS, S.L.",2023→2024,2023,2024,62150,Jarabe de Melaza de Caña,sin_actividad,0,null,0,0.001,null,0,null
3111,"GOMEZ MARTIN, HUGO",2023→2024,2023,2024,44301,Azucar Blanco – Materia Prima para Piensos,vol_precio,24744,59040,34296,27.6,72,896.52,820
3409,"MAGNOLIA PREMIUM, S.L.",2023→2024,2023,2024,63105,VMJP,prod_perdido,117603.6,null,-117603.6,71.64,null,1641.59,null
3790,"DULYMAZ, S.L.",2023→2024,2023,2024,44010,Fructor 10/81,prod_perdido,17863.6,null,-17863.6,12.07,null,1480,null
9121,"PEGAMENTOS ORO, S.L.",2023→2024,2023,2024,44120,Glucor 45/80,sin_actividad,0,null,0,0.001,null,0,null
4600,"JALANCINA NATURE, S.L.",2023→2024,2023,2024,40016,Azúcar Blanco EEC Nº 2,prod_perdido,1200,null,-1200,1,null,1200,null
1314,"MANUFACTURAS PIBERNAT, S.L.",2023→2024,2023,2024,40016,Azúcar Blanco EEC Nº 2,prod_perdido,14215,null,-14215,12.62,null,1126.39,null
3409,"MAGNOLIA PREMIUM, S.L.",2023→2024,2023,2024,65005,Azúcar en polvo LS,prod_perdido,15619.5,null,-15619.5,13.5,null,1157,null
4709,"TURRONES PICO, S.A.",2023→2024,2023,2024,65005,Azúcar en polvo LS,vol_precio,14864.85,11658.08,-3206.7700000000004,11.55,10.725,1287,1087
3154,"FRIAS NUTRICION, S.A.",2023→2024,2023,2024,60105,"Azúcar PI 73,5-67",sin_actividad,0,null,0,0.001,null,0,null
2832,DULCES LA ABUELA COOP VNA,2023→2024,2023,2024,40024,Azúcar blanco EEC nº3 - 70 ICUMSA,prod_perdido,23484,null,-23484,22.8,null,1030,null
4748,"DIEZ OLIVARES, EMILIO",2023→2024,2023,2024,44313,Apipasta Vitaminas 90% - Pienso para Apicultura,prod_perdido,232.5,null,-232.5,0.15,null,1550,null
1956,"MARSHMALLOWS INTERNATIONAL, S.L.U.",2023→2024,2023,2024,7300039291,Azúcar Blanco EEC Nº2 Caña - Kampong Speu Camboya,vol_precio,315453.24,78980.4,-236472.84,316.98,76.68,995.18,1030
3921,"IBERFRUTA MUERZA, S.A.",2023→2024,2023,2024,7310004011,Azúcar Blanco EEC Nº2 Caña-FairTrade-Azucarera ESP,prod_perdido,5510.4,null,-5510.4,4.8,null,1148,null
3833,"ASTURIAS APICOLA, S.L.",2023→2024,2023,2024,62001,Apimix - Pienso completo - Apicultura,vol_precio,2640.4,3771.6,1131.1999999999998,2.18,3.36,1211.19,1122.5
8476,"ANITIN JEREZ, S.L.U.",2023→2024,2023,2024,7300039291,Azúcar Blanco EEC Nº2 Caña - Kampong Speu Camboya,vol_precio,24096,61996,37900,24,71,1004,873.18
3150,"NAVARRO CRISTOFOL, VICENTE",2023→2024,2023,2024,62001,Apimix - Pienso completo - Apicultura,prod_perdido,2016.36,null,-2016.36,1.867,null,1080,null
4685,ABEILLE D'AUVERGNE (NATURAPI),2023→2024,2023,2024,44315,Apipasta PLUS - Pienso para Apicultura,sin_actividad,0,null,0,0.002,null,0,null
462,"ROMEDUL, S.L.",2023→2024,2023,2024,44015,Fructor 10/77,prod_perdido,43856.56,null,-43856.56,35.948,null,1220,null
1202,"APIGLASS ENVAS. Y MAT. APICOLA, S.L.",2023→2024,2023,2024,44314,Apipasta 90% - BIO - Pienso completo - Apicultura,vol_precio,17246.25,25011,7764.75,8.4,13.65,2053.12,1832.31
330,"PASTELERIA LOS MELLIZOS, S.L.",2023→2024,2023,2024,40027,Azúcar Blanco 180I,prod_perdido,350,null,-350,0.35,null,1000,null
577,"FARTONS POLO, S.L.",2023→2024,2023,2024,7400048311,Az. Bl. EEC nº2 Remol PTE DEST-Agrana Leop Austria,prod_perdido,23230,null,-23230,23,null,1010,null
2684,"INDUSTRIAS JIJONENCAS, S.A.",2023→2024,2023,2024,44015,Fructor 10/77,prod_perdido,30899.2,null,-30899.2,24.14,null,1280,null
297,"TARBAL FOOD, S.L.",2023→2024,2023,2024,7110009141,Azúcar Moreno >2500i - ASR  Belice,prod_perdido,216,null,-216,0.15,null,1440,null
3987,"GUADANATUR, S.L.",2023→2024,2023,2024,44313,Apipasta Vitaminas 90% - Pienso para Apicultura,prod_perdido,3139.5,null,-3139.5,2.1,null,1495,null
4852,"ABELLAIRES EMPORDANESOS, S.A.T.",2023→2024,2023,2024,44313,Apipasta Vitaminas 90% - Pienso para Apicultura,prod_perdido,727.5,null,-727.5,0.48,null,1515.62,null
9155,"CRESTAS LA GALETA, S.A.",2023→2024,2023,2024,7300007131,Azúcar Blanco EEC Nº2 Caña - Cassa  El Salvador,prod_perdido,57456,null,-57456,48,null,1197,null
1741,"APICULTORES DE GUADALAJARA, S.A",2023→2024,2023,2024,62001,Apimix - Pienso completo - Apicultura,precio,2436,2376,-60,2.4,2.4,1015,990
550,"REPOSTERIA PORTA, S.L.",2023→2024,2023,2024,7300007131,Azúcar Blanco EEC Nº2 Caña - Cassa  El Salvador,prod_perdido,7490,null,-7490,7,null,1070,null
566,"ALMACENES MIGUEZ 2005,S.L.",2023→2024,2023,2024,42000,Dextrosa Cristal Monohidrato Maiz,prod_perdido,138,null,-138,0.075,null,1840,null
5254,B REFRESHING COMPANY S.L. ,2023→2024,2023,2024,60202,Azúcar TIEN 71.100,volumen,14970,7128,-7842,10,4.8,1497,1485
1143,"AZUCARES ANTOÑIN, S.L.",2023→2024,2023,2024,7300039291,Azúcar Blanco EEC Nº2 Caña - Kampong Speu Camboya,prod_perdido,47040,null,-47040,48,null,980,null
6048,"BLENDAMA, S.L.",2023→2024,2023,2024,40030,Azucar azucarera trimestral,prod_perdido,1305.22,null,-1305.22,0.9,null,1450.24,null
407,"PRODUCTOS KELMY, S.A.U.",2023→2024,2023,2024,7300005081,Azúcar Blanco EEC Nº2 Caña - Cosumar  Marruecos,prod_perdido,90160,null,-90160,92,null,980,null
7506,"MONTALBAN CORONADO, FRANCISCO",2023→2024,2023,2024,44313,Apipasta Vitaminas 90% - Pienso para Apicultura,prod_perdido,46.5,null,-46.5,0.03,null,1550,null
9221,ZYGOUROPOULOS,2023→2024,2023,2024,44314,Apipasta 90% - BIO - Pienso completo - Apicultura,sin_actividad,0,null,0,0.002,null,0,null
5523,"ADDKEM SPECIALTIES, S.L.U.",2023→2024,2023,2024,43101,Sorbitol Liquido 70% No cristalizable - EPSA,prod_perdido,8515,null,-8515,6.5,null,1310,null
1119,"APILORE, S.L.",2023→2024,2023,2024,44411,Beesucre Vit. - Pienso completo - Apicultura,prod_perdido,14942.25,null,-14942.25,10.305,null,1450,null
2654,"LORENTE TORRELLA, JOSE",2023→2024,2023,2024,44313,Apipasta Vitaminas 90% - Pienso para Apicultura,precio,3255,3045,-210,2.1,2.1,1550,1450
2343,"TULOGIST, S.L.",2023→2024,2023,2024,40000,Azúcar Blanco EEC Nº 2,prod_perdido,1200,null,-1200,1,null,1200,null
9379,"ASENSIO LOPEZ, MIGUEL",2023→2024,2023,2024,44313,Apipasta Vitaminas 90% - Pienso para Apicultura,prod_perdido,348.75,null,-348.75,0.225,null,1550,null
4895,"BARJA BARJA, ANDRES",2023→2024,2023,2024,62001,Apimix - Pienso completo - Apicultura,prod_perdido,19.32,null,-19.32,0.014,null,1380,null
6467,"CATALINA FOOD SOLUTIONS, S.L.",2023→2024,2023,2024,40260,Melaza de Caña,sin_actividad,0,null,0,0.001,null,0,null
484,"PRODUCTOS LA PILARICA, S.A.",2023→2024,2023,2024,7400002031,Az Bl. EEC Nº2 Remolacha PTE DEST-Tereos Franci,prod_perdido,4000,null,-4000,3.2,null,1250,null
4369,"LA TIENDA DEL APICULTOR, S.L.U.",2023→2024,2023,2024,44310,Apipasta 90% - Pienso completo - Apicultura,vol_precio,8830.5,16155,7324.5,6.3,15.9,1401.67,1016.04
2057,"BACK EUROP ESPAÑA, S.L",2023→2024,2023,2024,44131,Glucor 37/79,prod_perdido,13920,null,-13920,9.6,null,1450,null
4214,"CERVEZA TYRIS, S.L.",2023→2024,2023,2024,42000,Dextrosa Cristal Monohidrato Maiz,prod_perdido,3128,null,-3128,1.7,null,1840,null
3855,"APIFERSA APICOLA, S.L.",2023→2024,2023,2024,44303,Fructosa Cristal – Materia Prima para Piensos,prod_perdido,2312.5,null,-2312.5,1.25,null,1850,null
418,"MANUFACTURAS CEYLAN, S.L.",2023→2024,2023,2024,7300007131,Azúcar Blanco EEC Nº2 Caña - Cassa  El Salvador,prod_perdido,28728,null,-28728,24,null,1197,null
5489,"TECNOLOGIAS APICOLA CASTILBLANCO, S.L.",2023→2024,2023,2024,44336,Fructosa Cristal Granulada – MP para Piensos,precio,2431.25,1937.5,-493.75,1.25,1.25,1945,1550
716,"PENALVA ALIMENTACION, S.A.",2023→2024,2023,2024,7300007131,Azúcar Blanco EEC Nº2 Caña - Cassa  El Salvador,prod_perdido,28200,null,-28200,24,null,1175,null
546,"E.MORENO, S.L.",2023→2024,2023,2024,7810033151,Azúcar BIO 300-500 ICUMSA Elite India,prod_perdido,175,null,-175,0.1,null,1750,null
499,"MELS CARLET, S.L.",2023→2024,2023,2024,44306,Fructor 10/77 - Pienso completo – Apicultura,prod_perdido,14824.94,null,-14824.94,12.004,null,1235,null
775,"NATRA CACAO,S.L.",2023→2024,2023,2024,7400002031,Az Bl. EEC Nº2 Remolacha PTE DEST-Tereos Franci,vol_precio,477939,1195962.1,718023.1000000001,455.18,1237.78,1050,966.22
3699,"GONZALEZ CARBALLAL, S.L.",2023→2024,2023,2024,44315,Apipasta PLUS - Pienso para Apicultura,vol_precio,40353.6,38786.16,-1567.439999999995,19.32,23.52,2088.7,1649.07
775,"NATRA CACAO,S.L.",2023→2024,2023,2024,7300037021,Azúcar Blanco EEC Nº2 Caña - Sidul  Portugal,vol_precio,594825,714914,120089,566.5,772.88,1050,925
9155,"CRESTAS LA GALETA, S.A.",2023→2024,2023,2024,41005,Fructosa MAIZ Cristal Granulada,prod_perdido,2371.25,null,-2371.25,1.25,null,1897,null
8641,"GALLETAS GULLÓN, S.A.",2023→2024,2023,2024,99950,Producto de Pruebas Líquido - 1,sin_actividad,0,null,0,0.003,null,0,null
2528,"MORATALLA FERNANDEZ, RAFAEL",2023→2024,2023,2024,62001,Apimix - Pienso completo - Apicultura,precio,1332,1296,-36,1.2,1.2,1110,1080
1864,MELAZAHAR COOP. V.,2023→2024,2023,2024,44313,Apipasta Vitaminas 90% - Pienso para Apicultura,vol_precio,42903,31027.5,-11875.5,29.4,24.15,1459.29,1284.78
7115,"RIVERBEND ESPAÑA, S.A",2023→2024,2023,2024,40030,Azucar azucarera trimestral,prod_perdido,100.35,null,-100.35,0.075,null,1338,null
581,TURRON.Y CARAMEL. DE HELLIN SL,2023→2024,2023,2024,44120,Glucor 45/80,prod_perdido,64248.53,null,-64248.53,43.265,null,1485,null
1354,"VICENTE ABELLAN, FERNANDO GINES",2023→2024,2023,2024,62001,Apimix - Pienso completo - Apicultura,prod_perdido,289.8,null,-289.8,0.21,null,1380,null
1751,"ANTONIO ARRAEZ, S.L",2023→2024,2023,2024,60105,"Azúcar PI 73,5-67",prod_perdido,6336,null,-6336,4.8,null,1320,null
3375,"EUROCHOC, S.L.",2023→2024,2023,2024,43052,Maltitol en Polvo Luijan 40 Mesh,sin_actividad,-1466.25,null,1466.25,-0.575,null,2550,null
7726,"ANKER FOOD, S.L.",2023→2024,2023,2024,7300005081,Azúcar Blanco EEC Nº2 Caña - Cosumar  Marruecos,vol_precio,6960,10380,3420,6,12,1160,865
1205,"MERCADONA, S.A.",2023→2024,2023,2024,45004,Azucar Blanco EEC nº2 - PQ01 RETAIL HACENDADO,prod_perdido,3038964.11,null,-3038964.11,2941.882,null,1033,null
5489,"TECNOLOGIAS APICOLA CASTILBLANCO, S.L.",2023→2024,2023,2024,44301,Azucar Blanco – Materia Prima para Piensos,vol_precio,39960,16980,-22980,38.4,22.8,1040.62,744.74
6218,"BELARRA ENETERREAGA, HAIZEA",2023→2024,2023,2024,44314,Apipasta 90% - BIO - Pienso completo - Apicultura,vol_precio,1781.63,780,-1001.6300000000001,0.825,0.375,2159.55,2080
512,"SUGAR'S MAGIC, S.L.",2023→2024,2023,2024,44120,Glucor 45/80,prod_perdido,59968.44,null,-59968.44,47.594,null,1260,null
7726,"ANKER FOOD, S.L.",2023→2024,2023,2024,65005,Azúcar en polvo LS,sin_actividad,0,null,0,0.001,null,0,null
7755,SAS LA CHENERAIE,2023→2024,2023,2024,44314,Apipasta 90% - BIO - Pienso completo - Apicultura,precio,18060,15750,-2310,8.4,8.4,2150,1875
1825,"LOPEZ MORENAS, S.L",2023→2024,2023,2024,40000,Azúcar Blanco EEC Nº 2,prod_perdido,26305.4,null,-26305.4,24.2,null,1087,null
248,"CONSERVAS EL VALLE, S.L.",2023→2024,2023,2024,40103,Azúcar Moreno >2500i - Brown (Dry Dem BLZ),volumen,363,242,-121,0.3,0.2,1210,1210
499,"MELS CARLET, S.L.",2023→2024,2023,2024,44010,Fructor 10/81,prod_perdido,34596.87,null,-34596.87,32.538,null,1063.28,null
7379,"EARTH-MIND BUSINESS GROUP, S.L.",2023→2024,2023,2024,99950,Producto de Pruebas Líquido - 1,sin_actividad,0,null,0,0.004,null,0,null
8176,"MIRA SANCHEZ, FRANCISCO JOSE",2023→2024,2023,2024,44313,Apipasta Vitaminas 90% - Pienso para Apicultura,prod_perdido,465,null,-465,0.3,null,1550,null
3479,"LA TAHONA DE UTIEL, S.L.",2023→2024,2023,2024,7500004011,Correfino EEC Nº2 Caña/Rem - Azucarera España,prod_perdido,24360,null,-24360,24,null,1015,null
2073,"PLATOS TRADICIONALES, S.A",2023→2024,2023,2024,7500004011,Correfino EEC Nº2 Caña/Rem - Azucarera España,vol_precio,120582,31976,-88606,98.1,28.55,1229.17,1120
2577,"IMPORTACO CASA PONS, S.A.U.",2023→2024,2023,2024,65007,Azúcar en polvo LS Pallet Plast. CHEP,vol_precio,50949,53305.8,2356.800000000003,35.1,46.545,1451.54,1145.25
3156,"FINI GOLOSINAS ESPAÑA, S.L.U.",2023→2024,2023,2024,62151,Jarabe de Melaza- Soft Treacle (Negro),vol_precio,133276.84,153820.4,20543.559999999998,120.36,123.9,1107.32,1241.49
9206,"TRIAS GALLETES-BISCUITS, S.A.",2023→2024,2023,2024,7300039291,Azúcar Blanco EEC Nº2 Caña - Kampong Speu Camboya,vol_precio,52852.1,88417,35564.9,50.66,97,1043.27,911.52
5316,"CASH-ZAPATA, S.L.",2023→2024,2023,2024,41000,Fructosa MAIZ Cristal,prod_perdido,7862.5,null,-7862.5,4.25,null,1850,null
4244,"GYG ENVASADOS Y ESTUCHADOS, S.L.",2023→2024,2023,2024,40030,Azucar azucarera trimestral,prod_perdido,28844.1,null,-28844.1,24.3,null,1187,null
9238,SAS LA FABRIQUE QUI PIQUE,2023→2024,2023,2024,44314,Apipasta 90% - BIO - Pienso completo - Apicultura,prod_perdido,987.75,null,-987.75,0.45,null,2195,null
7787,"ONES MAY SABORES, S.L",2023→2024,2023,2024,44010,Fructor 10/81,prod_perdido,14661.6,null,-14661.6,9.84,null,1490,null
7611,DPTO. CALIDAD,2023→2024,2023,2024,62001,Apimix - Pienso completo - Apicultura,sin_actividad,0,null,0,0.04,null,0,null
9225,"SOMMEL APICULTURA MEDITERRANIA, S.L.U.",2023→2024,2023,2024,40201,Azúcar Blanco BIO ES-ECO-024-MU Ag No UE,prod_perdido,34.45,null,-34.45,0.025,null,1378,null
317,"ESTUCHADOS FANNY, S.L.",2023→2024,2023,2024,40000,Azúcar Blanco EEC Nº 2,prod_perdido,134612.5,null,-134612.5,126.5,null,1064.13,null
3921,"IBERFRUTA MUERZA, S.A.",2023→2024,2023,2024,7300039291,Azúcar Blanco EEC Nº2 Caña - Kampong Speu Camboya,vol_precio,88740,341760,253020,87,384,1020,890
1854,"ROYPAS BY NUTRIS, S.A.",2023→2024,2023,2024,43000,Maltitol Liquido 75-5308,prod_perdido,467593,null,-467593,385.747,null,1212.18,null
8621,"JUAN FERRI, JUAN JOSE",2023→2024,2023,2024,40030,Azucar azucarera trimestral,prod_perdido,1170,null,-1170,0.9,null,1300,null
9472,"NUTRARESEARCH 2011, S.L.",2023→2024,2023,2024,41000,Fructosa MAIZ Cristal,vol_precio,111625,58050,-53575,71.25,45,1566.67,1290
1289,"FRITOPER, S.L.",2023→2024,2023,2024,40350,Azúcar Granulado Extrafino,sin_actividad,0,null,0,0.001,null,0,null
4997,"PRODUCTOS LA MULATA, S.L.",2023→2024,2023,2024,42000,Dextrosa Cristal Monohidrato Maiz,prod_perdido,2100,null,-2100,1.25,null,1680,null
252,"CONSERVAS ALGUAZAS, S.L.",2023→2024,2023,2024,7300016111,Azúcar Blanco EEC Nº2 Caña - Santa Ana Guatemala,prod_perdido,2330,null,-2330,2,null,1165,null
8639,ADS APICOLA UPA GUADALAJARA,2023→2024,2023,2024,44313,Apipasta Vitaminas 90% - Pienso para Apicultura,vol_precio,15435,30701.7,15266.7,10.5,22.41,1470,1370
1000,CLIENTES VARIOS (CONTADO),2023→2024,2023,2024,40025,Azucar Azucarera Spot,prod_perdido,33.45,null,-33.45,0.025,null,1338,null
3384,"PEREZ GARCIA, MARIA DOLORES",2023→2024,2023,2024,7800013151,Azúcar BIO Caña - Elite NOP  India,sin_cambio,33.95,33.95,0,0.025,0.025,1358,1358
2057,"BACK EUROP ESPAÑA, S.L",2023→2024,2023,2024,7110009141,Azúcar Moreno >2500i - ASR  Belice,prod_perdido,1350,null,-1350,1,null,1350,null
9243,"TOMAS ESPALLARGAS, MARIA MERCEDES",2023→2024,2023,2024,44313,Apipasta Vitaminas 90% - Pienso para Apicultura,prod_perdido,1627.5,null,-1627.5,1.05,null,1550,null
585,"COLOMA GARCIA, S.L.",2023→2024,2023,2024,7300007131,Azúcar Blanco EEC Nº2 Caña - Cassa  El Salvador,prod_perdido,23430,null,-23430,22,null,1065,null
473,"MAZALMENDRA, S.L.",2023→2024,2023,2024,43000,Maltitol Liquido 75-5308,prod_perdido,1885,null,-1885,1.3,null,1450,null
516,"PAIARROP, S.L.",2023→2024,2023,2024,7300039291,Azúcar Blanco EEC Nº2 Caña - Kampong Speu Camboya,vol_precio,22885,91911,69026,23,106.2,995,865.45
559,"DULCES OLMEDO GARCIA, S.L.",2023→2024,2023,2024,7300037021,Azúcar Blanco EEC Nº2 Caña - Sidul  Portugal,prod_perdido,79134,null,-79134,72.6,null,1090,null
9157,"MAK FOOD COMPANY, S.L.",2023→2024,2023,2024,61266,Mixco Sweet 37-00.5050A,sin_actividad,0,null,0,0.016,null,0,null
484,"PRODUCTOS LA PILARICA, S.A.",2023→2024,2023,2024,40000,Azúcar Blanco EEC Nº 2,prod_perdido,30870,null,-30870,25.2,null,1225,null
6558,"SOC CHEF, S.L.",2023→2024,2023,2024,44131,Glucor 37/79,prod_perdido,16610.4,null,-16610.4,10.8,null,1538,null
471,"FADICAMO, S.A.",2023→2024,2023,2024,7300016111,Azúcar Blanco EEC Nº2 Caña - Santa Ana Guatemala,prod_perdido,27600,null,-27600,24,null,1150,null
5314,"PROFESSIONAL DAIRY PRODUCTS, S.L.",2023→2024,2023,2024,7400002031,Az Bl. EEC Nº2 Remolacha PTE DEST-Tereos Franci,prod_perdido,22800,null,-22800,24,null,950,null
716,"PENALVA ALIMENTACION, S.A.",2023→2024,2023,2024,7300039291,Azúcar Blanco EEC Nº2 Caña - Kampong Speu Camboya,vol_precio,28200,47040,18840,24,48,1175,980
239,"ASOCIACION DE APICULTORES DE VIZCAYA, B.E.",2023→2024,2023,2024,62001,Apimix - Pienso completo - Apicultura,vol_precio,2016,2536.8,520.8000000000002,1.68,2.52,1200,1006.67
985,GIPUZKOAKO ERLEZAIN ELKARTEA,2023→2024,2023,2024,44313,Apipasta Vitaminas 90% - Pienso para Apicultura,vol_precio,15435,8893.5,-6541.5,10.5,6.3,1470,1411.67
2392,"COATO, S.C.L.",2023→2024,2023,2024,7800008021,Azúcar BIO Caña - RAR  Portugal.,prod_perdido,67.9,null,-67.9,0.05,null,1358,null
400,"ASOCIACION IND. ALICANTINA DEL HELADO, S.A.",2023→2024,2023,2024,7300007131,Azúcar Blanco EEC Nº2 Caña - Cassa  El Salvador,prod_perdido,179862.6,null,-179862.6,178.2,null,1009.33,null
4561,"AGRICOM, S.R.L.",2023→2024,2023,2024,62028,Apimix Pienso Completo (ESP-ITA),vol_precio,19873.2,9700.8,-10172.400000000001,20.4,10.8,974.18,898.22
582,"HIJOS DE SALVADOR COSTA, S.L.",2023→2024,2023,2024,7400004011,Azúcar Bl. EEC nº2 REMOL - AZUCARERA ESPAÑA,prod_perdido,20060,null,-20060,17,null,1180,null
8888,"N. KRALLIS, S.A.",2023→2024,2023,2024,61200,Fosvitae 85%,sin_actividad,0,null,0,0.003,null,0,null
462,"ROMEDUL, S.L.",2023→2024,2023,2024,43101,Sorbitol Liquido 70% No cristalizable - EPSA,vol_precio,2275,3770,1495,1.3,2.6,1750,1450
6884,"ENVASADOS SEGOVIA, S.L.",2023→2024,2023,2024,7300039291,Azúcar Blanco EEC Nº2 Caña - Kampong Speu Camboya,prod_perdido,5940,null,-5940,6,null,990,null
1624,S.A.T. Nº8192 PEREGRI,2023→2024,2023,2024,41000,Fructosa MAIZ Cristal,prod_perdido,92.5,null,-92.5,0.05,null,1850,null
215,"MARTIN BRAUN, S.A.",2023→2024,2023,2024,40000,Azúcar Blanco EEC Nº 2,prod_perdido,169566,null,-169566,177,null,958,null
8836,"AGROCENTROS LEON, S.L.",2023→2024,2023,2024,44313,Apipasta Vitaminas 90% - Pienso para Apicultura,vol_precio,56836.5,141192,84355.5,38.85,119.145,1462.97,1185.04
3921,"IBERFRUTA MUERZA, S.A.",2023→2024,2023,2024,7400004011,Azúcar Bl. EEC nº2 REMOL - AZUCARERA ESPAÑA,prod_perdido,640640,null,-640640,616,null,1040,null
1205,"MERCADONA, S.A.",2023→2024,2023,2024,45003,Azucar Blanco EEC nº2 - PQ01 RETAIL HACENDADO,prod_perdido,1369758,null,-1369758,1326,null,1033,null
7880,"DULCES EL AVION, S.A.",2023→2024,2023,2024,44120,Glucor 45/80,prod_perdido,105117.42,null,-105117.42,83.15,null,1264.19,null
9446,"ALIMENTARIA ADIN, S.L.",2023→2024,2023,2024,65015,Azúcar en polvo LM,volumen,5330.25,7663.5,2333.25,4.035,5.85,1321,1310
3868,"EMPURIA GEL, S.L.",2023→2024,2023,2024,60105,"Azúcar PI 73,5-67",volumen,11466,6534.5,-4931.5,8.4,4.85,1365,1347.32
1854,"ROYPAS BY NUTRIS, S.A.",2023→2024,2023,2024,40001,Azúcar Blanco 150 ICUMSA,prod_perdido,53738.46,null,-53738.46,49.62,null,1083,null
4505,"FIESTA COLOMBINA, S.L.U.",2023→2024,2023,2024,7300005081,Azúcar Blanco EEC Nº2 Caña - Cosumar  Marruecos,vol_precio,301016.1,219073.6,-81942.49999999997,273.9,211.6,1099,1035.32
6267,"JUMEL ALIMENTARIA, S.A.",2023→2024,2023,2024,43100,Sorbitol Liquido 70% No cristalizable,prod_perdido,16317,null,-16317,9.9,null,1648.18,null
5002,"CERVEZAS FERNANDEZ PONS, S.L.",2023→2024,2023,2024,7820022041,Azúcar BIO Remolacha - Italia Zuccheri  Italia,prod_perdido,1845.6,null,-1845.6,1.2,null,1538,null
9273,"AGROQUIMICA CODIAGRO, S.L.",2023→2024,2023,2024,7400048311,Az. Bl. EEC nº2 Remol PTE DEST-Agrana Leop Austria,prod_perdido,4440,null,-4440,4,null,1110,null
6457,"DOLÇA ABELLA, S.C.",2023→2024,2023,2024,40025,Azucar Azucarera Spot,prod_perdido,1260,null,-1260,0.9,null,1400,null
9385,SMART ORGANIC AD,2023→2024,2023,2024,61228,Fosvitae 95% Plus,sin_actividad,0,null,0,0.001,null,0,null
484,"PRODUCTOS LA PILARICA, S.A.",2023→2024,2023,2024,7300037021,Azúcar Blanco EEC Nº2 Caña - Sidul  Portugal,prod_perdido,2500,null,-2500,2,null,1250,null
2044,"MAGDALENAS DE LAS HERAS, S.A",2023→2024,2023,2024,43100,Sorbitol Liquido 70% No cristalizable,prod_perdido,33535.8,null,-33535.8,24.04,null,1395,null
8248,"CRA BODEGAS, S.L.",2023→2024,2023,2024,61280,Mixco Sweet 68-00.5050 RC V2,prod_perdido,74220.44,null,-74220.44,76.28,null,973,null
283,"BOLLERIA BJV, S.L.",2023→2024,2023,2024,40000,Azúcar Blanco EEC Nº 2,prod_perdido,147366.56,null,-147366.56,128.48,null,1147,null
1854,"ROYPAS BY NUTRIS, S.A.",2023→2024,2023,2024,40024,Azúcar blanco EEC nº3 - 70 ICUMSA,prod_perdido,54020.04,null,-54020.04,49.88,null,1083,null
517,"DUPAN, S.L.",2023→2024,2023,2024,7600010012,Azúcar Perlado 2-Sudzucker España,vol_precio,2705,1620,-1085,1.5,1,1803.33,1620
9257,"VHUMANA, S.A.",2023→2024,2023,2024,60105,"Azúcar PI 73,5-67",vol_precio,60363.1,96387.2,36024.1,43.25,93.44,1395.68,1031.54
5523,"ADDKEM SPECIALTIES, S.L.U.",2023→2024,2023,2024,43100,Sorbitol Liquido 70% No cristalizable,prod_perdido,5796,null,-5796,3.6,null,1610,null
2577,"IMPORTACO CASA PONS, S.A.U.",2023→2024,2023,2024,7400004011,Azúcar Bl. EEC nº2 REMOL - AZUCARERA ESPAÑA,prod_perdido,48840.85,null,-48840.85,40.871,null,1195,null
6564,"MOLINA MOLINA, MAGIN",2023→2024,2023,2024,40203,Azúcar BIO 300-500 -ES-ECO-024-MU (Agric No EU),prod_perdido,34.45,null,-34.45,0.025,null,1378,null
5892,"DISTRIBUCIONES BOLLFROST, S.L.",2023→2024,2023,2024,40030,Azucar azucarera trimestral,prod_perdido,4554,null,-4554,3.6,null,1265,null
455,"EMILIO PEÑA, S.A.",2023→2024,2023,2024,41000,Fructosa MAIZ Cristal,prod_perdido,30115,null,-30115,23.75,null,1268,null
1625,"GARCIA ABENZA, MIGUEL",2023→2024,2023,2024,62001,Apimix - Pienso completo - Apicultura,prod_perdido,19.32,null,-19.32,0.014,null,1380,null
9203,"SERVICIOS AGRICOLAS FITOBIG, S.L.",2023→2024,2023,2024,44010,Fructor 10/81,sin_actividad,0,null,0,0.001,null,0,null
3552,"VERDU RUIZ, ANTONIO",2023→2024,2023,2024,62020,Mix Fructor Apicultor - Pienso completo - Apicult.,prod_perdido,613.04,null,-613.04,0.776,null,790,null
7706,"RUIPAN, S.L.",2023→2024,2023,2024,7300005081,Azúcar Blanco EEC Nº2 Caña - Cosumar  Marruecos,prod_perdido,23124,null,-23124,22.56,null,1025,null
8641,"GALLETAS GULLÓN, S.A.",2023→2024,2023,2024,7300037021,Azúcar Blanco EEC Nº2 Caña - Sidul  Portugal,vol_precio,851433.84,991380,139946.16000000003,792.28,953.25,1074.66,1040
1787,"DULCES DEL TURIA, S.L.",2023→2024,2023,2024,7500004011,Correfino EEC Nº2 Caña/Rem - Azucarera España,vol_precio,2322,3920,1598,1.8,4,1290,980
6636,"TECNICAS MECANICAS ILERDENSES, S.L.",2023→2024,2023,2024,65005,Azúcar en polvo LS,sin_actividad,0,null,0,1.75,null,0,null
542,"SDAD.ESPAÑOLA COLOR. NATURALES Y AFINES, S.A.U.",2023→2024,2023,2024,40260,Melaza de Caña,volumen,63885,2760,-61125,56.46,2.4,1131.51,1150
1661,"DELAVIUDA ALIMENTACION, S.A",2023→2024,2023,2024,40207,Azúcar BIO <45 ES-ECO-024-MU Ag UE REMOLACHA,vol_precio,2675.75,4952.25,2276.5,1.75,3.7,1529,1338.45
769,"ANGEL CAMACHO ALIMENTACION, S.L.",2023→2024,2023,2024,7300039291,Azúcar Blanco EEC Nº2 Caña - Kampong Speu Camboya,vol_precio,657230.6,707561.54,50330.94000000006,581.62,831.79,1130,850.65
1728,"CEREALTO INDUSTRIAL SPAIN, S.A.",2023→2024,2023,2024,62150,Jarabe de Melaza de Caña,vol_precio,7336.8,1196.4,-6140.4,7.2,1.2,1019,997
430,"MONZO LUIS, S.L.",2023→2024,2023,2024,61201,Fos y Stevia (72º),vol_precio,13910,4380,-9530,3.25,1.2,4280,3650
311,"PROBELTE, S.A.U.",2023→2024,2023,2024,43150,Sorbitol en Polvo,prod_perdido,32589,null,-32589,15.3,null,2130,null
2337,"METAROM IBERICA, S.A.U.",2023→2024,2023,2024,60200,Azúcar Invertido 67º,precio,2950.8,3165.6,214.79999999999973,2.4,2.4,1229.5,1319
1787,"DULCES DEL TURIA, S.L.",2023→2024,2023,2024,73001,Azúcar Blanco EEC Nº2 Caña- PAPEL SERIGRAFIADO ZK,prod_perdido,4720,null,-4720,4,null,1180,null
535,"FRIMAR PANADEROS, S.L.",2023→2024,2023,2024,43000,Maltitol Liquido 75-5308,prod_perdido,5457.5,null,-5457.5,3.7,null,1475,null
6278,"URRIETA ROVIRA, JOSE MANUEL",2023→2024,2023,2024,62001,Apimix - Pienso completo - Apicultura,prod_perdido,810,null,-810,0.75,null,1080,null
7022,"FRUTOS SECOS EMPERADOR, S.L.",2023→2024,2023,2024,7300016111,Azúcar Blanco EEC Nº2 Caña - Santa Ana Guatemala,prod_perdido,2440,null,-2440,2,null,1220,null
3464,"GIJON TORRES, JOAQUIN",2023→2024,2023,2024,62001,Apimix - Pienso completo - Apicultura,prod_perdido,2592,null,-2592,2.4,null,1080,null
8921,AGRIFOOD SERVICE AGRICOLA  S.R.L.S,2023→2024,2023,2024,44310,Apipasta 90% - Pienso completo - Apicultura,prod_perdido,2814,null,-2814,2.1,null,1340,null
7394,"ACTIVIDAD APICOLA ECOLOGICA M.F., S.L.",2023→2024,2023,2024,44314,Apipasta 90% - BIO - Pienso completo - Apicultura,vol_precio,960,906.75,-53.25,0.48,0.585,2000,1550
9410,"NORDMANN, RASSMANN POLSKA SP. Z O.O.",2023→2024,2023,2024,61289,Fosvitae 95% Plus 78º,prod_ganado,0,187328.5,187328.5,0.001,70.69,0,2650
542,"SDAD.ESPAÑOLA COLOR. NATURALES Y AFINES, S.A.U.",2023→2024,2023,2024,7300007131,Azúcar Blanco EEC Nº2 Caña - Cassa  El Salvador,prod_perdido,23943,null,-23943,23,null,1041,null
1197,"GIMENO DONAT, JORGE",2023→2024,2023,2024,44313,Apipasta Vitaminas 90% - Pienso para Apicultura,vol_precio,906.75,1522.5,615.75,0.585,1.05,1550,1450
3781,"SOLDADO LLACER, VICENTE",2023→2024,2023,2024,62001,Apimix - Pienso completo - Apicultura,prod_perdido,270,null,-270,0.25,null,1080,null
8641,"GALLETAS GULLÓN, S.A.",2023→2024,2023,2024,7500004011,Correfino EEC Nº2 Caña/Rem - Azucarera España,prod_perdido,754176,null,-754176,720.9,null,1046.16,null
2283,"ROENCAR, S.L.U.",2023→2024,2023,2024,65005,Azúcar en polvo LS,vol_precio,794.81,949.07,154.2600000000001,0.615,0.795,1292.37,1193.8
400,"ASOCIACION IND. ALICANTINA DEL HELADO, S.A.",2023→2024,2023,2024,44015,Fructor 10/77,prod_perdido,246514.6,null,-246514.6,159.35,null,1547,null
1513,"AGROBIO, S.L.",2023→2024,2023,2024,99950,Producto de Pruebas Líquido - 1,sin_actividad,0,0,0,0.001,0.025,0,0
407,"PRODUCTOS KELMY, S.A.U.",2023→2024,2023,2024,40000,Azúcar Blanco EEC Nº 2,prod_perdido,46060,null,-46060,47,null,980,null
405,"CHOVI, S.L.",2023→2024,2023,2024,40000,Azúcar Blanco EEC Nº 2,prod_perdido,107487.5,null,-107487.5,96.5,null,1113.86,null
8558,ASOCIACIÓN DE PEQUEÑOS APICULTORES ALBACETE ,2023→2024,2023,2024,44313,Apipasta Vitaminas 90% - Pienso para Apicultura,prod_perdido,9702,null,-9702,6.99,null,1387.98,null
3477,"NICOPAN ESPAÑA, S.L.",2023→2024,2023,2024,40330,Azúcar Perlado 2,sin_actividad,0,null,0,0.001,null,0,null
7726,"ANKER FOOD, S.L.",2023→2024,2023,2024,40030,Azucar azucarera trimestral,prod_perdido,10755,null,-10755,9,null,1195,null
4203,SARL API-CULTURE,2023→2024,2023,2024,44352,Apipasta 90% vitaminas  Pienso completo – APICANDI,prod_perdido,6174,null,-6174,4.2,null,1470,null
5681,"NTRA. SRA. DE MONTIEL, COOP. VAL.",2023→2024,2023,2024,40030,Azucar azucarera trimestral,prod_perdido,1267.2,null,-1267.2,0.9,null,1408,null
1136,"GARCIA GOMEZ, PEDRO",2023→2024,2023,2024,62001,Apimix - Pienso completo - Apicultura,prod_perdido,1332,null,-1332,1.2,null,1110,null
1342,"ELPOZO ALIMENTACION, S.A.",2023→2024,2023,2024,40000,Azúcar Blanco EEC Nº 2,sin_actividad,0,null,0,0.003,null,0,null
457,"AMAHER, S.L.",2023→2024,2023,2024,73001,Azúcar Blanco EEC Nº2 Caña- PAPEL SERIGRAFIADO ZK,prod_perdido,22440,null,-22440,22,null,1020,null
7787,"ONES MAY SABORES, S.L",2023→2024,2023,2024,43000,Maltitol Liquido 75-5308,sin_actividad,0,null,0,0.001,null,0,null
541,"PANYPAST GRANADA, S.L.",2023→2024,2023,2024,40110,Azúcar Moreno Brown (Azucarera),prod_perdido,590.63,null,-590.63,0.375,null,1575.01,null
4085,"ANDREU ZAMORA, VICENTE",2023→2024,2023,2024,44315,Apipasta PLUS - Pienso para Apicultura,precio,1915.2,1663.2,-252,0.84,0.84,2280,1980
246,"CAMPO BETICA, S.L.",2023→2024,2023,2024,43100,Sorbitol Liquido 70% No cristalizable,prod_perdido,60713,null,-60713,48.9,null,1241.57,null
3050,"APICOLA  ALONSAN, S.COOP",2023→2024,2023,2024,44313,Apipasta Vitaminas 90% - Pienso para Apicultura,prod_perdido,11077.5,null,-11077.5,7.35,null,1507.14,null
471,"FADICAMO, S.A.",2023→2024,2023,2024,42000,Dextrosa Cristal Monohidrato Maiz,prod_perdido,5756.25,null,-5756.25,3.75,null,1535,null
215,"MARTIN BRAUN, S.A.",2023→2024,2023,2024,65013,Azúcar en polvo LS Pallet Plast. CHEP 100x120,vol_precio,146189.52,135135,-11054.51999999999,131.94,115.5,1108,1170
2642,"BONDIA SALVO, S.L.",2023→2024,2023,2024,40025,Azucar Azucarera Spot,prod_perdido,133.8,null,-133.8,0.1,null,1338,null
492,"ENRIQUE GARRIGOS MONERRIS, S.A.",2023→2024,2023,2024,40207,Azúcar BIO <45 ES-ECO-024-MU Ag UE REMOLACHA,vol_precio,1530,2700,1170,1,2,1530,1350
4031,"ESPECIALITATS M. MASDEU, S.L.",2023→2024,2023,2024,44200,Maltor 70/80,prod_perdido,11263.2,null,-11263.2,7.22,null,1560,null
6834,"MENDES GONÇALVES, S.A.",2023→2024,2023,2024,61200,Fosvitae 85%,sin_actividad,0,null,0,0.025,null,0,null
1832,"SIERRAS ANDALUZAS, S.C.A.",2023→2024,2023,2024,44315,Apipasta PLUS - Pienso para Apicultura,vol_precio,42000,19891.2,-22108.8,21.84,13.44,1923.08,1480
9241,"ADALID BOTIA, RAQUEL",2023→2024,2023,2024,62001,Apimix - Pienso completo - Apicultura,prod_perdido,955.8,null,-955.8,0.885,null,1080,null
2677,"PREELABORADOS ALIMENTARIOS, S.L.",2023→2024,2023,2024,40016,Azúcar Blanco EEC Nº 2,prod_perdido,51290,null,-51290,46,null,1115,null
3711,"DEL MORAL MARTINEZ, ANTONIO",2023→2024,2023,2024,62001,Apimix - Pienso completo - Apicultura,prod_perdido,384,null,-384,0.3,null,1280,null
522,"MACROSNACKS, S.L.U.",2023→2024,2023,2024,7300037021,Azúcar Blanco EEC Nº2 Caña - Sidul  Portugal,prod_perdido,10712,null,-10712,10.4,null,1030,null
933,"DULCESTEPA, S.A.",2023→2024,2023,2024,44015,Fructor 10/77,prod_perdido,29901.82,null,-29901.82,24.212,null,1235,null
3855,"APIFERSA APICOLA, S.L.",2023→2024,2023,2024,44301,Azucar Blanco – Materia Prima para Piensos,prod_perdido,17725,null,-17725,17.5,null,1012.86,null
546,"E.MORENO, S.L.",2023→2024,2023,2024,7300039291,Azúcar Blanco EEC Nº2 Caña - Kampong Speu Camboya,vol_precio,78792,95292,16500,80.4,156,980,610.85
4329,"ZAFRA SANTILLANA, ELOY",2023→2024,2023,2024,44310,Apipasta 90% - Pienso completo - Apicultura,prod_ganado,0,5617.5,5617.5,0.015,5.25,0,1070
3022,"LACTEOS DE NAVARRA, S.L.",2023→2024,2023,2024,40103,Azúcar Moreno >2500i - Brown (Dry Dem BLZ),prod_perdido,640,null,-640,0.501,null,1277.45,null
462,"ROMEDUL, S.L.",2023→2024,2023,2024,43100,Sorbitol Liquido 70% No cristalizable,prod_perdido,2100,null,-2100,1.2,null,1750,null
5772,"SANCHEZ RUIZ, BIENVENIDO",2023→2024,2023,2024,42000,Dextrosa Cristal Monohidrato Maiz,prod_perdido,112.5,null,-112.5,0.075,null,1500,null
9123,S.A.T. Nº9779 CARREÑO PEÑALVER HNOS,2023→2024,2023,2024,3010050341,Fructosa Maiz Cristal Polvo - ADM  Turquía,prod_perdido,920,null,-920,0.5,null,1840,null
4002,"ABB MJ FERNANDEZ ARANDA, S.L.",2023→2024,2023,2024,42000,Dextrosa Cristal Monohidrato Maiz,prod_perdido,6585,null,-6585,5,null,1317,null
9273,"AGROQUIMICA CODIAGRO, S.L.",2023→2024,2023,2024,7300039291,Azúcar Blanco EEC Nº2 Caña - Kampong Speu Camboya,precio,4360,2760,-1600,4,4,1090,690
9130,"TARI ALBEROLA, JOSE",2023→2024,2023,2024,44313,Apipasta Vitaminas 90% - Pienso para Apicultura,prod_perdido,465,null,-465,0.3,null,1550,null
1854,"ROYPAS BY NUTRIS, S.A.",2023→2024,2023,2024,7200017111,>45 ICUMSA - Palo Gordo Guatemala,prod_perdido,320004.84,null,-320004.84,295.48,null,1083,null
428,"PASTELERIA INDUSTRIAL MONTE TURIA, S.A.",2023→2024,2023,2024,40013,Azucar Blanco EEC Nº2 Extrafino,volumen,11964,28913,16949,12,29,997,997
846,"PRODUCTOS ORGANICOS NAT.,S.L.",2023→2024,2023,2024,40000,Azúcar Blanco EEC Nº 2,prod_perdido,625,null,-625,0.5,null,1250,null
1786,"ANITIN PANES ESPECIALES, S.L.",2023→2024,2023,2024,7300037021,Azúcar Blanco EEC Nº2 Caña - Sidul  Portugal,volumen,6368,15124,8756,6.4,15.2,995,995
2679,"REINA KILAMA, SDAD. COOP.",2023→2024,2023,2024,44313,Apipasta Vitaminas 90% - Pienso para Apicultura,vol_precio,99634.5,59220,-40414.5,68.25,43.05,1459.85,1375.61
6884,"ENVASADOS SEGOVIA, S.L.",2023→2024,2023,2024,40000,Azúcar Blanco EEC Nº 2,prod_perdido,74888.5,null,-74888.5,70.7,null,1059.24,null
1143,"AZUCARES ANTOÑIN, S.L.",2023→2024,2023,2024,7110009141,Azúcar Moreno >2500i - ASR  Belice,prod_perdido,26880,null,-26880,28,null,960,null
4570,"PURADIS, S.L.",2023→2024,2023,2024,7500004011,Correfino EEC Nº2 Caña/Rem - Azucarera España,prod_perdido,25272,null,-25272,24.3,null,1040,null
1794,"HIDESA Y ROSO, S.L.",2023→2024,2023,2024,40000,Azúcar Blanco EEC Nº 2,prod_perdido,25894,null,-25894,24.2,null,1070,null
1956,"MARSHMALLOWS INTERNATIONAL, S.L.U.",2023→2024,2023,2024,7300005081,Azúcar Blanco EEC Nº2 Caña - Cosumar  Marruecos,prod_perdido,143406.36,null,-143406.36,153.54,null,934,null
4286,"FERNANDEZ MOYA, ANGEL",2023→2024,2023,2024,44313,Apipasta Vitaminas 90% - Pienso para Apicultura,volumen,1278.75,232.5,-1046.25,0.825,0.15,1550,1550
421,"JOSE GARCIA E HIJOS, S.L.",2023→2024,2023,2024,40000,Azúcar Blanco EEC Nº 2,prod_perdido,73085,null,-73085,69.1,null,1057.67,null
8325,"RUIZ DIAZ, ANTONIO",2023→2024,2023,2024,44313,Apipasta Vitaminas 90% - Pienso para Apicultura,prod_perdido,186,null,-186,0.12,null,1550,null
6270,"PANADERIA NTRA.SRA.DE LA CABEZA, S.L.",2023→2024,2023,2024,65005,Azúcar en polvo LS,prod_perdido,2070.39,null,-2070.39,1.47,null,1408.43,null
1196,"ESTUCHADOS JUCAR, S.L.U.",2023→2024,2023,2024,40016,Azúcar Blanco EEC Nº 2,prod_perdido,4580,null,-4580,4,null,1145,null
1000,CLIENTES VARIOS (CONTADO),2023→2024,2023,2024,40000,Azúcar Blanco EEC Nº 2,prod_perdido,156.25,null,-156.25,0.125,null,1250,null
8320,"AGAMA MANACOR 249, S.L.",2023→2024,2023,2024,7300005081,Azúcar Blanco EEC Nº2 Caña - Cosumar  Marruecos,prod_perdido,20119.22,null,-20119.22,23.98,null,839,null
9195,"ASM NATURAL EXPERIENCE FRANCHISES, S.L.",2023→2024,2023,2024,65005,Azúcar en polvo LS,volumen,3963.42,5230.08,1266.6599999999999,2.91,3.84,1362,1362
889,"ESPECIALIDADES DEL OBRADOR, S.L.",2023→2024,2023,2024,40103,Azúcar Moreno >2500i - Brown (Dry Dem BLZ),volumen,484,1058.75,574.75,0.4,0.875,1210,1210
3699,"GONZALEZ CARBALLAL, S.L.",2023→2024,2023,2024,62000,Mix Idoneo - Pienso Completo - Apicultura,vol_precio,19811.2,45106.12,25294.920000000002,18.4,49.23,1076.7,916.23
5892,"DISTRIBUCIONES BOLLFROST, S.L.",2023→2024,2023,2024,7500004011,Correfino EEC Nº2 Caña/Rem - Azucarera España,vol_precio,4637,47.5,-4589.5,3.8,0.05,1220.26,950
9330,"AMUZA, SILVIU DANIEL",2023→2024,2023,2024,62000,Mix Idoneo - Pienso Completo - Apicultura,vol_precio,2640,1242,-1398,2.4,1.2,1100,1035
1241,"ACEITES DEL SUR-COOSUR, S.A.",2023→2024,2023,2024,7300016111,Azúcar Blanco EEC Nº2 Caña - Santa Ana Guatemala,prod_perdido,56280,null,-56280,48,null,1172.5,null
3360,"GUILLAMON SANCHEZ, TOMAS",2023→2024,2023,2024,41000,Fructosa MAIZ Cristal,prod_perdido,567.6,null,-567.6,0.3,null,1892,null
481,"EL CATETO, S.L.",2023→2024,2023,2024,7300007131,Azúcar Blanco EEC Nº2 Caña - Cassa  El Salvador,prod_perdido,42188,null,-42188,39.8,null,1060,null
2722,"BUDENHEIM IBERICA, S.L.U.",2023→2024,2023,2024,7500004011,Correfino EEC Nº2 Caña/Rem - Azucarera España,prod_perdido,1267.2,null,-1267.2,0.9,null,1408,null
7556,"DESTILACIONES BORDAS CHINCHURRETA, S.A.",2023→2024,2023,2024,44092,Fructor 100/69,prod_ganado,0,3103.2,3103.2,0.025,2.4,0,1293
353,"QUALITY SPICES, S.L.",2023→2024,2023,2024,40103,Azúcar Moreno >2500i - Brown (Dry Dem BLZ),sin_actividad,0,null,0,0,null,null,null
827,"TOMAS JIMENEZ, IGNACIO GERMAN",2023→2024,2023,2024,73001,Azúcar Blanco EEC Nº2 Caña- PAPEL SERIGRAFIADO ZK,prod_perdido,340.35,null,-340.35,0.275,null,1237.64,null
9187,SA LACTALIS NESTLE ULTRA-FRAIS MARQUES,2023→2024,2023,2024,61228,Fosvitae 95% Plus,sin_actividad,0,null,0,0.001,null,0,null
7715,"BOGATCEAN, IOANA CRISTINA",2023→2024,2023,2024,44313,Apipasta Vitaminas 90% - Pienso para Apicultura,prod_perdido,1627.5,null,-1627.5,1.05,null,1550,null
5897,"ESTEBAN HERRERO, TRINIDAD GALA",2023→2024,2023,2024,62001,Apimix - Pienso completo - Apicultura,prod_perdido,1296,null,-1296,1.2,null,1080,null
1864,MELAZAHAR COOP. V.,2023→2024,2023,2024,62000,Mix Idoneo - Pienso Completo - Apicultura,vol_precio,3672,2256,-1416,3.6,2.4,1020,940
9504,POWER NATURAL LIFE S.L.,2023→2024,2023,2024,61228,Fosvitae 95% Plus,sin_actividad,0,null,0,0.001,null,0,null
6869,"ALLTECH SPAIN, S.L.",2023→2024,2023,2024,44301,Azucar Blanco – Materia Prima para Piensos,vol_precio,11250,7215,-4035,10,7.5,1125,962
450,"LA FLOR BURGALESA, S.L.",2023→2024,2023,2024,7800013151,Azúcar BIO Caña - Elite NOP  India,prod_perdido,6360,null,-6360,4,null,1590,null
2975,"ARTUKOLUKE, S.L.",2023→2024,2023,2024,44314,Apipasta 90% - BIO - Pienso completo - Apicultura,vol_precio,4567.5,6300,1732.5,2.1,3.15,2175,2000
770,"CASTER ALIMENTACION, S.L.",2023→2024,2023,2024,43101,Sorbitol Liquido 70% No cristalizable - EPSA,vol_precio,62643.1,55965,-6678.0999999999985,40.3,45.5,1554.42,1230
1787,"DULCES DEL TURIA, S.L.",2023→2024,2023,2024,65005,Azúcar en polvo LS,vol_precio,4090.05,2242.65,-1847.4,2.745,1.695,1490,1323.1
5179,"CUSTOM DRINKS, S.L.U.",2023→2024,2023,2024,40203,Azúcar BIO 300-500 -ES-ECO-024-MU (Agric No EU),sin_actividad,0,null,0,0.001,null,0,null
6338,CENTRO NAC. TECNOLOGIA Y SEGURIDAD ALIMENTARIA,2023→2024,2023,2024,61228,Fosvitae 95% Plus,sin_actividad,0,null,0,0.019,null,0,null
5794,"LOPEZ DOMINGUEZ, MARIA ANGELES",2023→2024,2023,2024,44313,Apipasta Vitaminas 90% - Pienso para Apicultura,vol_precio,3533.25,2520,-1013.25,2.415,2.1,1463.04,1200
245,"SAURA BERNAL, CELESTINO",2023→2024,2023,2024,7300016111,Azúcar Blanco EEC Nº2 Caña - Santa Ana Guatemala,prod_perdido,11325,null,-11325,11,null,1029.55,null
528,"MANUFACTURAS COVISAL, S.L.",2023→2024,2023,2024,7400002031,Az Bl. EEC Nº2 Remolacha PTE DEST-Tereos Franci,sin_cambio,1270,1270,0,1,1,1270,1270
6286,COOPERATIVE APICOP,2023→2024,2023,2024,44314,Apipasta 90% - BIO - Pienso completo - Apicultura,prod_perdido,11050,null,-11050,5.2,null,2125,null
7440,"LOPEZ FOOD GROUP, S.L.",2023→2024,2023,2024,7300005081,Azúcar Blanco EEC Nº2 Caña - Cosumar  Marruecos,prod_perdido,251890,null,-251890,230,null,1095.17,null
7787,"ONES MAY SABORES, S.L",2023→2024,2023,2024,61222,Fosfruit,sin_actividad,0,null,0,0.001,null,0,null
4801,"TEYCOMUR MAQUINARIA, S.L.",2023→2024,2023,2024,40030,Azucar azucarera trimestral,prod_perdido,702.45,null,-702.45,0.525,null,1338,null
7440,"LOPEZ FOOD GROUP, S.L.",2023→2024,2023,2024,7500004011,Correfino EEC Nº2 Caña/Rem - Azucarera España,vol_precio,47242,13961,-33281,46,23,1027,607
9364,"SWECO EUROPE, S.A.",2023→2024,2023,2024,42000,Dextrosa Cristal Monohidrato Maiz,sin_actividad,0,null,0,0.2,null,0,null
6656,"BAOR PRODUCTS, S.L.",2023→2024,2023,2024,62070,Mix Golden Jarabe,sin_actividad,0,null,0,0.005,null,0,null
1771,"EL CASERIO, S.A",2023→2024,2023,2024,43000,Maltitol Liquido 75-5308,prod_perdido,229364.56,null,-229364.56,148.36,null,1546,null
528,"MANUFACTURAS COVISAL, S.L.",2023→2024,2023,2024,7500004011,Correfino EEC Nº2 Caña/Rem - Azucarera España,vol_precio,4968,4064,-904,3.6,3.2,1380,1270
2337,"METAROM IBERICA, S.A.U.",2023→2024,2023,2024,44015,Fructor 10/77,sin_actividad,0,null,0,0,null,null,null
6041,"AGROLLAVOR SUPERVERT, S.L.",2023→2024,2023,2024,44313,Apipasta Vitaminas 90% - Pienso para Apicultura,prod_perdido,325.5,null,-325.5,0.21,null,1550,null
6130,HAPPY VALLEY HONEY LIMITED,2023→2024,2023,2024,44310,Apipasta 90% - Pienso completo - Apicultura,vol_precio,8725.5,1995,-6730.5,6.3,2.1,1385,950
9410,"NORDMANN, RASSMANN POLSKA SP. Z O.O.",2023→2024,2023,2024,61228,Fosvitae 95% Plus,vol_precio,81687.2,61745,-19942.199999999997,28.168,23.3,2900,2650
1304,"EMPRESA DE TRANSFORMACIÓN AGRARIA, S.A., S.M.E., M.P (TRAGSA)",2023→2024,2023,2024,40000,Azúcar Blanco EEC Nº 2,prod_perdido,15470,null,-15470,12.6,null,1227.78,null
7558,HARINAS CASTILLA LA MANCHA S.L,2023→2024,2023,2024,7300005081,Azúcar Blanco EEC Nº2 Caña - Cosumar  Marruecos,vol_precio,104720,32665,-72055,93.5,47,1120,695
1786,"ANITIN PANES ESPECIALES, S.L.",2023→2024,2023,2024,42001,Dextrosa C.Monohidrato Maiz Pallet Plast.  CHEP,prod_perdido,5920,null,-5920,4,null,1480,null
481,"EL CATETO, S.L.",2023→2024,2023,2024,7300005081,Azúcar Blanco EEC Nº2 Caña - Cosumar  Marruecos,prod_perdido,43248,null,-43248,40.8,null,1060,null
8486,BIENENLAND,2023→2024,2023,2024,44315,Apipasta PLUS - Pienso para Apicultura,prod_perdido,5544,null,-5544,2.52,null,2200,null
7732,"MATEOS MUÑOZ, JUAN LUIS",2023→2024,2023,2024,44335,Azúcar Blanco BIO MP para piensos,prod_perdido,1018.5,null,-1018.5,0.75,null,1358,null
4369,"LA TIENDA DEL APICULTOR, S.L.U.",2023→2024,2023,2024,44301,Azucar Blanco – Materia Prima para Piensos,vol_precio,2136,3104,968,2.4,3.2,890,970
2367,"IMASDEA INNOVACIONES Y DESARROLLOS ALIMENTARIO, SL",2023→2024,2023,2024,62100,Mix Siro Jarabe de Glucosa 70º,sin_actividad,0,null,0,0.005,null,0,null
2278,"GRUPO YSAROZ, S.L.",2023→2024,2023,2024,65005,Azúcar en polvo LS,volumen,1617.66,1064.25,-553.4100000000001,1.14,0.75,1419,1419
7980,"AQUAPOOL CHEMICAL, S.L.",2023→2024,2023,2024,60105,"Azúcar PI 73,5-67",vol_precio,11348.4,8497.55,-2850.8500000000004,8.4,6.05,1351,1404.55
2283,"ROENCAR, S.L.U.",2023→2024,2023,2024,41000,Fructosa MAIZ Cristal,prod_perdido,182.2,null,-182.2,0.1,null,1822,null
3794,"CIFRE SANZ, DIEGO",2023→2024,2023,2024,44313,Apipasta Vitaminas 90% - Pienso para Apicultura,vol_precio,5510.25,1522.5,-3987.75,3.555,1.05,1550,1450
9290,SWEET INGREDIENTS GMBH,2023→2024,2023,2024,43000,Maltitol Liquido 75-5308,sin_actividad,0,null,0,0.01,null,0,null
9551,"FRUTOS SECOS SANTA BÁRBARA, S.L.",2023→2024,2023,2024,44010,Fructor 10/81,sin_actividad,0,null,0,0.003,null,0,null
3543,"J.J. ROBLES BORREGO, S.L.",2023→2024,2023,2024,7300005081,Azúcar Blanco EEC Nº2 Caña - Cosumar  Marruecos,prod_perdido,52580,null,-52580,48.5,null,1084.12,null
1528,"JUAN Y JUAN INDUSTRIAL, S.L.U.",2023→2024,2023,2024,7300039291,Azúcar Blanco EEC Nº2 Caña - Kampong Speu Camboya,vol_precio,51381,989625.78,938244.78,49.5,1111.29,1038,890.52
1752,"ROYMY 21, S.L",2023→2024,2023,2024,7600010012,Azúcar Perlado 2-Sudzucker España,precio,1800,1695,-105,1,1,1800,1695
9476,BRASS EMPANADAS S.L.,2023→2024,2023,2024,7300039291,Azúcar Blanco EEC Nº2 Caña - Kampong Speu Camboya,vol_precio,12480,10488,-1992,12,15.2,1040,690
7615,"LOPEZ CANTERO, MANUEL",2023→2024,2023,2024,44315,Apipasta PLUS - Pienso para Apicultura,prod_perdido,319.2,null,-319.2,0.14,null,2280,null
4002,"ABB MJ FERNANDEZ ARANDA, S.L.",2023→2024,2023,2024,65005,Azúcar en polvo LS,vol_precio,30716.4,34992.3,4275.9000000000015,25.35,34.935,1211.69,1001.64
7171,"QUIRANTE FRUITS, S.L.",2023→2024,2023,2024,61277,Mixco Sweet 72-20.4040 SR80,prod_perdido,2517673.67,null,-2517673.67,2235.43,null,1126.26,null
1000,CLIENTES VARIOS (CONTADO),2023→2024,2023,2024,40103,Azúcar Moreno >2500i - Brown (Dry Dem BLZ),precio,30.25,22.25,-8,0.025,0.025,1210,890
7245,CHESTE AGRARIA COOP. V,2023→2024,2023,2024,60000,Azúcar Líquida Neutra 67º,vol_precio,19151.3,125244,106092.7,17.57,173.5,1090,721.87
3144,"DALLANT, S.A.",2023→2024,2023,2024,61228,Fosvitae 95% Plus,sin_actividad,0,null,0,0.001,null,0,null
4505,"FIESTA COLOMBINA, S.L.U.",2023→2024,2023,2024,41005,Fructosa MAIZ Cristal Granulada,vol_precio,24505,8765.25,-15739.75,13.75,4.65,1782.18,1885
9335,THE GUMMY FACTORY B.V.,2023→2024,2023,2024,61228,Fosvitae 95% Plus,sin_actividad,0,null,0,0.005,null,0,null
2180,"AURUM PROCESS TECHNOLOGY, S.L.",2023→2024,2023,2024,7300005081,Azúcar Blanco EEC Nº2 Caña - Cosumar  Marruecos,prod_perdido,23,null,-23,0.02,null,1150,null
3714,"APARICIO TODOLI, DAVID",2023→2024,2023,2024,62001,Apimix - Pienso completo - Apicultura,prod_perdido,770.56,null,-770.56,0.602,null,1280,null
4329,"ZAFRA SANTILLANA, ELOY",2023→2024,2023,2024,44315,Apipasta PLUS - Pienso para Apicultura,vol_precio,5538.12,2688,-2850.12,2.94,1.68,1883.71,1600
5162,L'ABEILLE SAS,2023→2024,2023,2024,7300039291,Azúcar Blanco EEC Nº2 Caña - Kampong Speu Camboya,sin_actividad,0,null,0,0.001,null,0,null
6604,"OXEFRUIT, S.L.U.",2023→2024,2023,2024,60000,Azúcar Líquida Neutra 67º,prod_perdido,22024.2,null,-22024.2,23.43,null,940,null
5656,API WAYS SAS,2023→2024,2023,2024,44315,Apipasta PLUS - Pienso para Apicultura,sin_actividad,0,null,0,0.84,null,0,null
1456,"ALIMENTOS AMORODO, S.L.",2023→2024,2023,2024,40201,Azúcar Blanco BIO ES-ECO-024-MU Ag No UE,prod_perdido,1490,null,-1490,1,null,1490,null
9157,"MAK FOOD COMPANY, S.L.",2023→2024,2023,2024,61272,Mixco Sweet 72-00.5050 RC,vol_precio,2027456.84,4411802.8,2384345.96,1921.378,4419.283,1055.21,998.31
9576,TRINOVA AG,2023→2024,2023,2024,61200,Fosvitae 85%,sin_actividad,0,null,0,0.004,null,0,null
400,"ASOCIACION IND. ALICANTINA DEL HELADO, S.A.",2023→2024,2023,2024,7300008021,Azúcar Blanco EEC Nº2 Caña - RAR  Portugal,prod_perdido,27117,null,-27117,26.2,null,1035,null
433,"SANCHIS MIRA, S.A.",2023→2024,2023,2024,61170,Mix Maltitol Sorbitol MS 74-8020,vol_precio,146285.78,102346.27,-43939.509999999995,89.09,78.91,1642,1297
9515,"INDUSTRIAS LACTEAS PASCUAL, S.L.U.",2023→2024,2023,2024,41000,Fructosa MAIZ Cristal,prod_perdido,8950,null,-8950,5,null,1790,null
4383,"MANUFRI, S.L.",2023→2024,2023,2024,44092,Fructor 100/69,vol_precio,10308,8129.01,-2178.99,6,5.653,1718,1438
9290,SWEET INGREDIENTS GMBH,2023→2024,2023,2024,61228,Fosvitae 95% Plus,sin_actividad,0,null,0,0.001,null,0,null
3534,"ITURRATE VEA, INES",2023→2024,2023,2024,62000,Mix Idoneo - Pienso Completo - Apicultura,prod_perdido,1170,null,-1170,1,null,1170,null
593,"APISOL, S.A",2023→2024,2023,2024,44301,Azucar Blanco – Materia Prima para Piensos,prod_perdido,3450,null,-3450,3,null,1150,null
465,"INVESTIGACION Y DESARROLLO PANADERO, S.L.",2023→2024,2023,2024,65013,Azúcar en polvo LS Pallet Plast. CHEP 100x120,precio,6800.63,6045,-755.6300000000001,4.875,4.875,1395,1240
1661,"DELAVIUDA ALIMENTACION, S.A",2023→2024,2023,2024,44010,Fructor 10/81,prod_perdido,24180,null,-24180,15.6,null,1550,null
5787,"FALCON, S.A.",2023→2024,2023,2024,61228,Fosvitae 95% Plus,vol_precio,9347.2,14511.25,5164.049999999999,2.54,6.175,3680,2350
5625,"AGUDO TORRIJOS, ALVARO",2023→2024,2023,2024,44313,Apipasta Vitaminas 90% - Pienso para Apicultura,prod_perdido,232.5,null,-232.5,0.15,null,1550,null
6460,"PARDO TOLOSA, JUAN",2023→2024,2023,2024,44315,Apipasta PLUS - Pienso para Apicultura,prod_perdido,127.68,null,-127.68,0.056,null,2280,null
428,"PASTELERIA INDUSTRIAL MONTE TURIA, S.A.",2023→2024,2023,2024,43100,Sorbitol Liquido 70% No cristalizable,prod_perdido,4296,null,-4296,2.4,null,1790,null
8641,"GALLETAS GULLÓN, S.A.",2023→2024,2023,2024,40000,Azúcar Blanco EEC Nº 2,prod_perdido,650182.08,null,-650182.08,571.842,null,1137,null
7867,"SINBLAT ALIMENTACION SALUDABLE, S.L.",2023→2024,2023,2024,7500004011,Correfino EEC Nº2 Caña/Rem - Azucarera España,vol_precio,19323.9,6387.2,-12936.7,15.3,6.4,1263,998
2577,"IMPORTACO CASA PONS, S.A.U.",2023→2024,2023,2024,7500004011,Correfino EEC Nº2 Caña/Rem - Azucarera España,prod_perdido,363628.6,null,-363628.6,296.2,null,1227.65,null
271,"LABORATORIOS ALMOND, S.L.",2023→2024,2023,2024,65015,Azúcar en polvo LM,vol_precio,178147.84,439711.2,261563.36000000002,139.178,392.1,1280,1121.43
9195,"ASM NATURAL EXPERIENCE FRANCHISES, S.L.",2023→2024,2023,2024,42000,Dextrosa Cristal Monohidrato Maiz,volumen,1222.65,889.2,-333.45000000000005,0.825,0.6,1482,1482
535,"FRIMAR PANADEROS, S.L.",2023→2024,2023,2024,7300016111,Azúcar Blanco EEC Nº2 Caña - Santa Ana Guatemala,prod_perdido,74450.1,null,-74450.1,61.48,null,1210.96,null
465,"INVESTIGACION Y DESARROLLO PANADERO, S.L.",2023→2024,2023,2024,42001,Dextrosa C.Monohidrato Maiz Pallet Plast.  CHEP,prod_perdido,7475,null,-7475,5,null,1495,null
1284,"FRUTAS Y TURRONES, S.A.",2023→2024,2023,2024,43050,Maltitol en Polvo,prod_perdido,4620,null,-4620,2,null,2310,null
431,"DICARCONO, S.L.",2023→2024,2023,2024,7300007131,Azúcar Blanco EEC Nº2 Caña - Cassa  El Salvador,prod_perdido,23660,null,-23660,23.66,null,1000,null
4567,"CARBONELL ANTICH, MARIA GRACIA",2023→2024,2023,2024,41000,Fructosa MAIZ Cristal,vol_precio,208.55,683.25,474.7,0.125,0.375,1668.4,1822
6468,"DULCES LA CARTUJA, S.L.",2023→2024,2023,2024,7300037021,Azúcar Blanco EEC Nº2 Caña - Sidul  Portugal,prod_perdido,9540,null,-9540,9,null,1060,null
9189,G. NOFAR FOOD AGENCIES LTD,2023→2024,2023,2024,61228,Fosvitae 95% Plus,sin_actividad,0,null,0,0.005,null,0,null
1205,"MERCADONA, S.A.",2023→2024,2023,2024,45005,Azucar Blanco EEC nº2 - PQ01 RETAIL HACENDADO,vol_precio,6938572.65,10913259.31,3974686.66,6498.726,11065.136,1067.68,986.27
2081,"ZUMOS Y FRUTAS CONCENTRADOS, S.L.",2023→2024,2023,2024,61247,Mixco Sweet 65-00.5050 U,volumen,1143768.28,12457935.28,11314167,1015.78,10851.86,1126,1148
2473,"TORRE ORIA, S.L.U.",2023→2024,2023,2024,40016,Azúcar Blanco EEC Nº 2,prod_perdido,55084,null,-55084,47,null,1172,null
2211,"GIL MARTINEZ, FRANCISCO GABRIEL",2023→2024,2023,2024,44301,Azucar Blanco – Materia Prima para Piensos,prod_perdido,167.25,null,-167.25,0.125,null,1338,null
428,"PASTELERIA INDUSTRIAL MONTE TURIA, S.A.",2023→2024,2023,2024,7300039291,Azúcar Blanco EEC Nº2 Caña - Kampong Speu Camboya,vol_precio,144003.3,197012.8,53009.5,145.9,296.8,987,663.79
4002,"ABB MJ FERNANDEZ ARANDA, S.L.",2023→2024,2023,2024,7300005081,Azúcar Blanco EEC Nº2 Caña - Cosumar  Marruecos,vol_precio,50160,8030,-42130,48,11,1045,730
1456,"ALIMENTOS AMORODO, S.L.",2023→2024,2023,2024,7810033151,Azúcar BIO 300-500 ICUMSA Elite India,prod_perdido,2980,null,-2980,2,null,1490,null
6468,"DULCES LA CARTUJA, S.L.",2023→2024,2023,2024,7300039291,Azúcar Blanco EEC Nº2 Caña - Kampong Speu Camboya,vol_precio,1060,5280,4220,1,8,1060,660
4244,"GYG ENVASADOS Y ESTUCHADOS, S.L.",2023→2024,2023,2024,40350,Azúcar Granulado Extrafino,prod_perdido,12105,null,-12105,9,null,1345,null
304,"FRANFER, S.A.",2023→2024,2023,2024,44015,Fructor 10/77,prod_perdido,1796.4,null,-1796.4,1.2,null,1497,null
418,"MANUFACTURAS CEYLAN, S.L.",2023→2024,2023,2024,65007,Azúcar en polvo LS Pallet Plast. CHEP,prod_perdido,125373,null,-125373,90.66,null,1382.89,null
5061,"ELABORADOS DEL ASON, S.L.",2023→2024,2023,2024,41000,Fructosa MAIZ Cristal,prod_perdido,2365,null,-2365,1.25,null,1892,null
1854,"ROYPAS BY NUTRIS, S.A.",2023→2024,2023,2024,61289,Fosvitae 95% Plus 78º,vol_precio,790604.5,1243641.28,453036.78,268.3,439.76,2946.72,2828
2570,"NATRA OÑATI, S.A.",2023→2024,2023,2024,7300007131,Azúcar Blanco EEC Nº2 Caña - Cassa  El Salvador,prod_perdido,169100.5,null,-169100.5,152,null,1112.5,null
7600,"RODRIGUEZ LOZANO, FRANCISCO JAVIER",2023→2024,2023,2024,44313,Apipasta Vitaminas 90% - Pienso para Apicultura,prod_perdido,162.75,null,-162.75,0.105,null,1550,null
1746,"PRIMITIVO PICO, S.A",2023→2024,2023,2024,7500004011,Correfino EEC Nº2 Caña/Rem - Azucarera España,vol_precio,115376.4,34984,-80392.4,97.2,39.2,1187,892.45
1551,"MENSAJERO ALIMENTACION, S.L",2023→2024,2023,2024,7300005081,Azúcar Blanco EEC Nº2 Caña - Cosumar  Marruecos,prod_perdido,24840,null,-24840,24,null,1035,null
9472,"NUTRARESEARCH 2011, S.L.",2023→2024,2023,2024,44092,Fructor 100/69,sin_actividad,0,null,0,0.001,null,0,null
9211,"GIL MARTIN, OLIVER",2023→2024,2023,2024,44313,Apipasta Vitaminas 90% - Pienso para Apicultura,prod_perdido,1543.5,null,-1543.5,1.05,null,1470,null
9371,"GOMEZ MOLTO, MIGUEL",2023→2024,2023,2024,44315,Apipasta PLUS - Pienso para Apicultura,prod_perdido,2494.8,null,-2494.8,1.26,null,1980,null
7706,"RUIPAN, S.L.",2023→2024,2023,2024,40000,Azúcar Blanco EEC Nº 2,prod_perdido,139563.2,null,-139563.2,126.22,null,1105.71,null
346,"PANARRO FOODS, S.L.",2023→2024,2023,2024,61170,Mix Maltitol Sorbitol MS 74-8020,vol_precio,44970.6,8203.74,-36766.86,26.448,5.61,1700.34,1462.34
2392,"COATO, S.C.L.",2023→2024,2023,2024,40201,Azúcar Blanco BIO ES-ECO-024-MU Ag No UE,prod_perdido,33.95,null,-33.95,0.025,null,1358,null
353,"QUALITY SPICES, S.L.",2023→2024,2023,2024,7500004011,Correfino EEC Nº2 Caña/Rem - Azucarera España,prod_perdido,625,null,-625,0.5,null,1250,null
6869,"ALLTECH SPAIN, S.L.",2023→2024,2023,2024,44336,Fructosa Cristal Granulada – MP para Piensos,vol_precio,9350,4825,-4525,5,3.5,1870,1378.57
8025,"SANCHEZ BRENES, MARIA ISABEL",2023→2024,2023,2024,44314,Apipasta 90% - BIO - Pienso completo - Apicultura,vol_precio,510,511.5,1.5,0.255,0.33,2000,1550
769,"ANGEL CAMACHO ALIMENTACION, S.L.",2023→2024,2023,2024,41006,Fructosa MAIZ Cristal Granulada Pallet Plast. CHEP,volumen,308055,88682.5,-219372.5,165,47.5,1867,1867
6330,"URIZARNA FAJARDO, VICTOR",2023→2024,2023,2024,44313,Apipasta Vitaminas 90% - Pienso para Apicultura,prod_perdido,581.25,null,-581.25,0.375,null,1550,null
6130,HAPPY VALLEY HONEY LIMITED,2023→2024,2023,2024,62012,Apimix - Pienso completo - Apicultura (IN/FR),prod_perdido,2352,null,-2352,2.4,null,980,null
7612,DPTO. COMERCIAL,2023→2024,2023,2024,44315,Apipasta PLUS - Pienso para Apicultura,sin_actividad,0,0,0,0.154,0.154,0,0
1854,"ROYPAS BY NUTRIS, S.A.",2023→2024,2023,2024,61229,Fosvitae Plus Polvo,prod_perdido,28804,null,-28804,7.6,null,3790,null
4566,"CONFETICAKES, S.L.",2023→2024,2023,2024,7200029121,>45 ICUMSA - Mayaguez Colombia,prod_perdido,48739,null,-48739,47,null,1037,null
5393,ICKOWICZ APICULTURE SAS,2023→2024,2023,2024,44314,Apipasta 90% - BIO - Pienso completo - Apicultura,vol_precio,59462.55,60270,807.4499999999971,28.35,35.7,2097.44,1688.24
618,"BAYOGAR, S.L.",2023→2024,2023,2024,42000,Dextrosa Cristal Monohidrato Maiz,prod_perdido,11125,null,-11125,6.25,null,1780,null
471,"FADICAMO, S.A.",2023→2024,2023,2024,62070,Mix Golden Jarabe,sin_actividad,0,null,0,0.001,null,0,null
985,GIPUZKOAKO ERLEZAIN ELKARTEA,2023→2024,2023,2024,44310,Apipasta 90% - Pienso completo - Apicultura,prod_perdido,2556,null,-2556,1.8,null,1420,null
7755,SAS LA CHENERAIE,2023→2024,2023,2024,44313,Apipasta Vitaminas 90% - Pienso para Apicultura,vol_precio,5805,29932.5,24127.5,3.9,28.8,1488.46,1039.32
6249,"ANIA BOTANICALS, S.L.",2023→2024,2023,2024,41000,Fructosa MAIZ Cristal,vol_precio,2112.5,3625,1512.5,1.25,2.5,1690,1450
8778,"IDILIA FOODS, S.L.",2023→2024,2023,2024,7300039291,Azúcar Blanco EEC Nº2 Caña - Kampong Speu Camboya,sin_actividad,0,null,0,0.005,null,0,null
4801,"TEYCOMUR MAQUINARIA, S.L.",2023→2024,2023,2024,40000,Azúcar Blanco EEC Nº 2,prod_perdido,234.15,null,-234.15,0.175,null,1338,null
3921,"IBERFRUTA MUERZA, S.A.",2023→2024,2023,2024,43000,Maltitol Liquido 75-5308,prod_perdido,73160.1,null,-73160.1,50.7,null,1443,null
237,"DULCES SANTA CRUZ, S.L.",2023→2024,2023,2024,43100,Sorbitol Liquido 70% No cristalizable,prod_perdido,5288.4,null,-5288.4,3.12,null,1695,null
3154,"FRIAS NUTRICION, S.A.",2023→2024,2023,2024,7810033151,Azúcar BIO 300-500 ICUMSA Elite India,prod_perdido,5748,null,-5748,4,null,1437,null
9097,"CAFES MIÑANA, S.A.",2023→2024,2023,2024,45006,AZÚCAR BLANCO EEC Nº2 C - PQ01 RETAIL – JUST SUGAR,volumen,60.5,96.8,36.3,0.05,0.08,1210,1210
5521,"F. MORENO CANDIED FRUITS, S.L.",2023→2024,2023,2024,43000,Maltitol Liquido 75-5308,prod_perdido,23296,null,-23296,18.2,null,1280,null
527,"CARNICAS SERRANO, S.L.",2023→2024,2023,2024,7500004011,Correfino EEC Nº2 Caña/Rem - Azucarera España,vol_precio,5917.5,2139.5,-3778,4.5,1.7,1315,1258.53
3154,"FRIAS NUTRICION, S.A.",2023→2024,2023,2024,40203,Azúcar BIO 300-500 -ES-ECO-024-MU (Agric No EU),prod_perdido,14336,null,-14336,11.2,null,1280,null
4738,"KATIGRES, S.L.",2023→2024,2023,2024,43101,Sorbitol Liquido 70% No cristalizable - EPSA,vol_precio,1833,5317,3484,1.3,3.9,1410,1363.33
9286,"LAQTIA, S.L.",2023→2024,2023,2024,40016,Azúcar Blanco EEC Nº 2,sin_actividad,0,null,0,0.001,null,0,null
9097,"CAFES MIÑANA, S.A.",2023→2024,2023,2024,40025,Azucar Azucarera Spot,prod_perdido,2430,null,-2430,1.8,null,1350,null
2850,"AMC NATURAL DRINKS, S.L.",2023→2024,2023,2024,7500004011,null,prod_ganado,null,133760,133760,null,140.8,null,950
904,"DAMEL GROUP, S.L. ",2023→2024,2023,2024,7500004011,null,prod_ganado,null,15210,15210,null,23.4,null,650
1528,"JUAN Y JUAN INDUSTRIAL, S.L.U.",2023→2024,2023,2024,7220032231,null,prod_ganado,null,790,790,null,1,null,790
317,"ESTUCHADOS FANNY, S.L.",2023→2024,2023,2024,7300039291,null,prod_ganado,null,32946,32946,null,51,null,646
297,"TARBAL FOOD, S.L.",2023→2024,2023,2024,7300039291,null,prod_ganado,null,9270,9270,null,9,null,1030
212,"JARCA TURRONES Y DULCES, S.L.",2023→2024,2023,2024,5201002011,null,prod_ganado,null,452.2,452.2,null,0.38,null,1190
9781,ADVANCE SCIENCE LIMITED,2023→2024,2023,2024,62034,null,prod_ganado,null,15743,15743,null,24.22,null,650
433,"SANCHIS MIRA, S.A.",2023→2024,2023,2024,61189,null,sin_actividad,null,0,0,null,0.001,null,0
2716,"DOSCADESA 2000,SL.",2023→2024,2023,2024,65015,null,sin_actividad,null,0,0,null,1,null,0
9263,"LOPEZ 1920 PASTELERÍA, S.L.",2023→2024,2023,2024,60105,null,prod_ganado,null,7728.57,7728.57,null,8.01,null,964.87
9724,IPF SAS,2023→2024,2023,2024,61229,null,sin_actividad,null,0,0,null,0.001,null,0
1314,"MANUFACTURAS PIBERNAT, S.L.",2023→2024,2023,2024,4000050331,null,prod_ganado,null,3325,3325,null,3.5,null,950
444,"LICORES SINC, S.A.",2023→2024,2023,2024,60010,null,prod_ganado,null,9468.73,9468.73,null,10.556,null,897
3225,"SURIVAN FEEL THE TASTE, S.L.",2023→2024,2023,2024,99950,null,sin_actividad,null,0,0,null,0.001,null,0
450,"LA FLOR BURGALESA, S.L.",2023→2024,2023,2024,5101002011,null,prod_ganado,null,9571.2,9571.2,null,9.6,null,997
5679,"AB MAURI FOOD, S.A.",2023→2024,2023,2024,61229,null,sin_actividad,null,0,0,null,0.003,null,0
8480,"FLORGALA, S.L.",2023→2024,2023,2024,5101050031,null,prod_ganado,null,1068,1068,null,1.2,null,890
3155,"HORTAMED, S.L.",2023→2024,2023,2024,5101050031,null,prod_ganado,null,1137.6,1137.6,null,1.2,null,948
9867,"ALETTA DEVELOPMENTS, S.L.",2023→2024,2023,2024,61300,null,prod_ganado,null,1322686.5,1322686.5,null,1090.86,null,1212.52
1481,"BARDINET, S.A.",2023→2024,2023,2024,60010,null,prod_ganado,null,47523.14,47523.14,null,95.62,null,497
8971,"MASTER BUILDERS SOLUTIONS ESPAÑA, S.L.U.",2023→2024,2023,2024,7300037021,null,prod_ganado,null,47424,47424,null,48,null,988
769,"ANGEL CAMACHO ALIMENTACION, S.L.",2023→2024,2023,2024,7300015111,null,prod_ganado,null,55314.6,55314.6,null,95.7,null,578
8424,"MISSION FOODS IBERIA, S.A.U.",2023→2024,2023,2024,4000050331,null,prod_ganado,null,24925,24925,null,25,null,997
9792,OROSKER KFT.,2023→2024,2023,2024,44315,null,prod_ganado,null,868,868,null,0.588,null,1476.19
2298,"GRACOMSA ALIMENTARIA, S.A.U.",2023→2024,2023,2024,60011,null,sin_actividad,null,0,0,null,0.001,null,0
4774,"DEL VALLE CARRION, MANUEL",2023→2024,2023,2024,44301,null,prod_ganado,null,3600,3600,null,4,null,900
6251,"MIX PAK SYSTEM, S.L.",2023→2024,2023,2024,3010750341,null,prod_ganado,null,30887.5,30887.5,null,23.75,null,1300.53
9849,MORALCO S.R.L.,2023→2024,2023,2024,61229,null,sin_actividad,null,0,0,null,0.005,null,0
8095,"WILD FERMENT, S.L.",2023→2024,2023,2024,40207,null,prod_ganado,null,1340,1340,null,1,null,1340
7775,"RUNAKAY PLUS, S.L.",2023→2024,2023,2024,7300039291,null,prod_ganado,null,600,600,null,0.8,null,750
9913,DENIS DESMOINEAUX,2023→2024,2023,2024,62001,null,prod_ganado,null,2390.4,2390.4,null,2.4,null,996
9629,JULIA JIMENEZ BERMEJO,2023→2024,2023,2024,62001,null,prod_ganado,null,1296,1296,null,1.2,null,1080
6399,"NOVA NOVA, GREGORIO",2023→2024,2023,2024,4000050331,null,prod_ganado,null,1764,1764,null,1.8,null,980
445,"PASTELERIA ARROYO SANCHEZ, S.L.U.",2023→2024,2023,2024,7400002031,null,prod_ganado,null,7164,7164,null,12,null,597
9157,"MAK FOOD COMPANY, S.L.",2023→2024,2023,2024,61259,null,prod_ganado,null,255558.42,255558.42,null,211.385,null,1208.97
2425,"MONDEJAR AGROQUIMICOS, S.L.",2023→2024,2023,2024,61289,null,prod_ganado,null,148.2,148.2,null,0.057,null,2600
9670,FOOD SPECIALITIES LIMITED FSL,2023→2024,2023,2024,62150,null,sin_actividad,null,0,0,null,0.001,null,0
2737,"ALFONSO MARTINEZ TORRANO, S.L.",2023→2024,2023,2024,5201050031,null,prod_ganado,null,2688,2688,null,2.4,null,1120
1609,"RAMIRO RAMIRO, CIPRIANO",2023→2024,2023,2024,62001,null,prod_ganado,null,1200,1200,null,1.2,null,1000
9206,"TRIAS GALLETES-BISCUITS, S.A.",2023→2024,2023,2024,7300037021,null,prod_ganado,null,14672.7,14672.7,null,24.66,null,595
455,"EMILIO PEÑA, S.A.",2023→2024,2023,2024,5101050031,null,prod_ganado,null,2004,2004,null,2.4,null,835
4935,"SAHUQUILLO MARTINEZ, AMPARO",2023→2024,2023,2024,44313,null,prod_ganado,null,147,147,null,0.105,null,1400
5794,"LOPEZ DOMINGUEZ, MARIA ANGELES",2023→2024,2023,2024,44301,null,prod_ganado,null,512,512,null,0.8,null,640
317,"ESTUCHADOS FANNY, S.L.",2023→2024,2023,2024,7230007131,null,prod_ganado,null,630,630,null,1,null,630
2832,DULCES LA ABUELA COOP VNA,2023→2024,2023,2024,43101,null,prod_ganado,null,20280,20280,null,15.6,null,1300
2057,"BACK EUROP ESPAÑA, S.L",2023→2024,2023,2024,40103,null,prod_ganado,null,1250,1250,null,1,null,1250
1173,"FRANMOSAN, S.L.",2023→2024,2023,2024,3010750341,null,sin_actividad,null,0,0,null,0.001,null,0
432,"CHOCOLATES ALGARRA, S.L.",2023→2024,2023,2024,43054,null,prod_ganado,null,1512,1512,null,0.8,null,1890
5653,ASOCIACION PALENTINA DE APICULTORES,2023→2024,2023,2024,44315,null,sin_actividad,null,0,0,null,0.028,null,0
9617,ARKEM KIMYA SANAYI VE TICARET A.S.,2023→2024,2023,2024,61228,null,sin_actividad,null,0,0,null,0.001,null,0
6043,COOPERATIVE APICOLE DU JURA,2023→2024,2023,2024,44314,null,prod_ganado,null,6111,6111,null,3.15,null,1940
9990,"POSTRES DE MESA, S.L.",2023→2024,2023,2024,65015,null,prod_ganado,null,1365,1365,null,2.041,null,668.79
9906,LE RUCHER DE CALIE,2023→2024,2023,2024,62001,null,prod_ganado,null,1195.2,1195.2,null,1.2,null,996
1023,"TORRONS VICENS, S.L.",2023→2024,2023,2024,5201054011,null,prod_ganado,null,2268,2268,null,2.4,null,945
770,"CASTER ALIMENTACION, S.L.",2023→2024,2023,2024,1210002031,null,prod_ganado,null,12883.5,12883.5,null,11.45,null,1125.2
459,"VIGARTO, S.L.U.",2023→2024,2023,2024,7300037021,null,prod_ganado,null,1632,1632,null,1.6,null,1020
4031,"ESPECIALITATS M. MASDEU, S.L.",2023→2024,2023,2024,5206050031,null,prod_ganado,null,5772,5772,null,3.7,null,1560
3891,"NESTLE ESPAÑA, S.A.",2023→2024,2023,2024,4000050331,null,prod_ganado,null,6000,6000,null,5,null,1200
550,"REPOSTERIA PORTA, S.L.",2023→2024,2023,2024,3010750341,null,prod_ganado,null,6675,6675,null,5,null,1335
9781,ADVANCE SCIENCE LIMITED,2023→2024,2023,2024,44315,null,sin_actividad,null,0,0,null,0.002,null,0
198,"JOSE SANDOVAL, S.L.U.",2023→2024,2023,2024,7400002031,null,prod_ganado,null,14400,14400,null,24,null,600
10037,"DELGADO COLINO, MANUEL",2023→2024,2023,2024,60105,null,sin_actividad,null,0,0,null,0.005,null,0
4997,"PRODUCTOS LA MULATA, S.L.",2023→2024,2023,2024,5205050031,null,prod_ganado,null,5256,5256,null,3.6,null,1460
4709,"TURRONES PICO, S.A.",2023→2024,2023,2024,60119,null,prod_ganado,null,21218.4,21218.4,null,33.68,null,630
10008,"AR MELIT SALAMANCA, SLU",2023→2024,2023,2024,44301,null,prod_ganado,null,700,700,null,1,null,700
10045,"GARCID GESTION FORESTAL, S.L.",2023→2024,2023,2024,44314,null,prod_ganado,null,594,594,null,0.33,null,1800
566,"ALMACENES MIGUEZ 2005,S.L.",2023→2024,2023,2024,44314,null,prod_ganado,null,3370.5,3370.5,null,2.235,null,1508.05
3699,"GONZALEZ CARBALLAL, S.L.",2023→2024,2023,2024,4000050331,null,prod_ganado,null,1312.5,1312.5,null,1.25,null,1050
1528,"JUAN Y JUAN INDUSTRIAL, S.L.U.",2023→2024,2023,2024,65020,null,sin_actividad,null,0,0,null,0.078,null,0
297,"TARBAL FOOD, S.L.",2023→2024,2023,2024,5201002011,null,prod_ganado,null,19806,19806,null,15.6,null,1269.62
5109,"INDUSTRIAS ROKO, S.A.",2023→2024,2023,2024,4000050331,null,prod_ganado,null,2487.5,2487.5,null,2.5,null,995
581,TURRON.Y CARAMEL. DE HELLIN SL,2023→2024,2023,2024,5201750031,null,prod_ganado,null,8626.8,8626.8,null,7.28,null,1185
9990,"POSTRES DE MESA, S.L.",2023→2024,2023,2024,65031,null,sin_actividad,null,0,0,null,0.001,null,0
9653,BEENICE.DK,2023→2024,2023,2024,44313,null,prod_ganado,null,1522.5,1522.5,null,1.05,null,1450
9194,"HELADOS JOP, S.L.",2023→2024,2023,2024,5205050031,null,prod_ganado,null,2856,2856,null,2.4,null,1190
455,"EMILIO PEÑA, S.A.",2023→2024,2023,2024,3010750341,null,prod_ganado,null,101175,101175,null,88.751,null,1139.99
9828,"GOODBEER, S.L.",2023→2024,2023,2024,60010,null,sin_actividad,null,0,0,null,0.001,null,0
9047,"CUÉTARA, S.L.U.",2023→2024,2023,2024,61298,null,prod_ganado,null,639,639,null,0.302,null,2115.89
2691,"CAMPILLO MONDEJAR, C.B.",2023→2024,2023,2024,65008,null,prod_ganado,null,396,396,null,0.3,null,1320
430,"MONZO LUIS, S.L.",2023→2024,2023,2024,5100050031,null,prod_ganado,null,1380,1380,null,1.2,null,1150
9609,"VAMINTER, S.L.",2023→2024,2023,2024,3010050341,null,prod_ganado,null,725,725,null,0.5,null,1450
8795,"ADISTAFARMA, S.L.",2023→2024,2023,2024,7300039291,null,sin_actividad,null,0,0,null,0.001,null,0
2057,"BACK EUROP ESPAÑA, S.L",2023→2024,2023,2024,41000,null,prod_ganado,null,447,447,null,0.3,null,1490
9123,S.A.T. Nº9779 CARREÑO PEÑALVER HNOS,2023→2024,2023,2024,3010750341,null,prod_ganado,null,1058,1058,null,0.575,null,1840
3954,"MIELES ARSE, C.B.",2023→2024,2023,2024,44301,null,prod_ganado,null,4712,4712,null,6.4,null,736.25
1752,"ROYMY 21, S.L",2023→2024,2023,2024,1210054031,null,prod_ganado,null,5520,5520,null,4.8,null,1150
2684,"INDUSTRIAS JIJONENCAS, S.A.",2023→2024,2023,2024,5101002011,null,prod_ganado,null,16356.32,16356.32,null,24.16,null,677
9157,"MAK FOOD COMPANY, S.L.",2023→2024,2023,2024,61245,null,prod_ganado,null,1040488.5,1040488.5,null,893.912,null,1163.97
10039,"FULLERTON LOGISTICS, S.L.U.",2023→2024,2023,2024,63101,null,prod_ganado,null,46676.25,46676.25,null,69.15,null,675
9677,"PEBEMA FOODS, S.L.",2023→2024,2023,2024,7400002031,null,prod_ganado,null,833,833,null,0.7,null,1190
7558,HARINAS CASTILLA LA MANCHA S.L,2023→2024,2023,2024,2100002011,null,prod_ganado,null,181969,181969,null,261.2,null,696.67
303,"J.R. SABATER, S.A.",2023→2024,2023,2024,7300037021,null,prod_ganado,null,29328,29328,null,33.6,null,872.86
1646,"NAVARRO SALA, JOSE",2023→2024,2023,2024,7300039291,null,prod_ganado,null,432,432,null,0.6,null,720
10025,"PRO ELITE BAITS INTERNATIONAL, S.L.",2023→2024,2023,2024,5101050031,null,prod_ganado,null,1620,1620,null,1.2,null,1350
3833,"ASTURIAS APICOLA, S.L.",2023→2024,2023,2024,7200017111,null,prod_ganado,null,6372,6372,null,7.2,null,885
10026,"MARHEV SRO, S.A.",2023→2024,2023,2024,7300039291,null,prod_ganado,null,72600,72600,null,120,null,605
9157,"MAK FOOD COMPANY, S.L.",2023→2024,2023,2024,61200,null,sin_actividad,null,0,0,null,0.02,null,0
2073,"PLATOS TRADICIONALES, S.A",2023→2024,2023,2024,7300037021,null,prod_ganado,null,33096,33096,null,29.55,null,1120
7708,"MARTIN BERNAL, LAURA",2023→2024,2023,2024,7300039291,null,prod_ganado,null,995,995,null,1,null,995
4567,"CARBONELL ANTICH, MARIA GRACIA",2023→2024,2023,2024,7300005081,null,prod_ganado,null,119,119,null,0.1,null,1190
902,"MEMBRILLO EL QUIJOTE, S.A.",2023→2024,2023,2024,3010750341,null,prod_ganado,null,14062.5,14062.5,null,11.25,null,1250
874,"COMERCIAL MAPROHELCO, S.L.",2023→2024,2023,2024,7300039291,null,prod_ganado,null,1280,1280,null,1.6,null,800
430,"MONZO LUIS, S.L.",2023→2024,2023,2024,1110049321,null,prod_ganado,null,10829,10829,null,9.1,null,1190
198,"JOSE SANDOVAL, S.L.U.",2023→2024,2023,2024,7300039291,null,prod_ganado,null,43820,43820,null,69,null,635.07
400,"ASOCIACION IND. ALICANTINA DEL HELADO, S.A.",2023→2024,2023,2024,5101050031,null,prod_ganado,null,26160,26160,null,24,null,1090
9910,"HERNANDEZ ORTIZ, DIOSDADO",2023→2024,2023,2024,7300005081,null,prod_ganado,null,792,792,null,0.8,null,990
5293,"AGROKAZAN FERTILIZANTES, S.L.",2023→2024,2023,2024,7300039291,null,prod_ganado,null,414,414,null,0.6,null,690
4567,"CARBONELL ANTICH, MARIA GRACIA",2023→2024,2023,2024,3010750341,null,prod_ganado,null,1486.25,1486.25,null,1.025,null,1450
435,"R. MARSILLA, S.A.",2023→2024,2023,2024,7300039291,null,prod_ganado,null,7168,7168,null,11.2,null,640
314,"PASDULCE, S.L.",2023→2024,2023,2024,1210002031,null,prod_ganado,null,1668,1668,null,1.2,null,1390
448,"ESGIR, S.L.",2023→2024,2023,2024,7300039291,null,prod_ganado,null,7380,7380,null,12,null,615
4507,"ALMACEN DE CONFITERIA Y PASTELERIA, S.L.",2023→2024,2023,2024,65007,null,sin_actividad,null,0,0,null,0.015,null,0
7880,"DULCES EL AVION, S.A.",2023→2024,2023,2024,5201750031,null,prod_ganado,null,14471.1,14471.1,null,22.97,null,630
9811,"IDEAGRO, S.L.",2023→2024,2023,2024,42000,null,prod_ganado,null,7787.5,7787.5,null,8.75,null,890
401,"SOLER GIMENO, S.L.",2023→2024,2023,2024,7620010201,null,prod_ganado,null,4860,4860,null,3,null,1620
7874,"SUGAR GLOBAL TRADING, S.L.",2023→2024,2023,2024,65015,null,prod_ganado,null,15412.5,15412.5,null,22.5,null,685
9097,"CAFES MIÑANA, S.A.",2023→2024,2023,2024,7500004011,null,prod_ganado,null,2380,2380,null,2,null,1190
9858,"CITRIBLAT, S.L.",2023→2024,2023,2024,44315,null,prod_ganado,null,103.32,103.32,null,0.056,null,1845
4265,"TORRALBA MUÑOZ, MONICA",2023→2024,2023,2024,44301,null,prod_ganado,null,3600,3600,null,4,null,900
9567,SIKA S.A.U.,2023→2024,2023,2024,7300005081,null,prod_ganado,null,8348.6,8348.6,null,8.45,null,988
9748,LAURIERI S.R.L.,2023→2024,2023,2024,61289,null,sin_actividad,null,0,0,null,0.001,null,0
246,"CAMPO BETICA, S.L.",2023→2024,2023,2024,3000750341,null,prod_ganado,null,6485,6485,null,5,null,1297
7924,"J.NORKEN,S.L.",2023→2024,2023,2024,3010750341,null,prod_ganado,null,37700,37700,null,32.5,null,1160
4383,"MANUFRI, S.L.",2023→2024,2023,2024,7300037021,null,prod_ganado,null,18480,18480,null,24,null,770
4002,"ABB MJ FERNANDEZ ARANDA, S.L.",2023→2024,2023,2024,44310,null,prod_ganado,null,3276,3276,null,3.15,null,1040
8150,"BODEGAS MONASTRELL, S.L",2023→2024,2023,2024,40207,null,prod_ganado,null,67.9,67.9,null,0.05,null,1358
9337,"ORTEGA MARTORELL, JAVIER",2023→2024,2023,2024,44301,null,prod_ganado,null,765.38,765.38,null,0.975,null,785.01
431,"DICARCONO, S.L.",2023→2024,2023,2024,7500004011,null,prod_ganado,null,23688,23688,null,24,null,987
197,"J. GARCIA CARRION, S.A.",2023→2024,2023,2024,7300039291,null,prod_ganado,null,760617,760617,null,772.2,null,985
1529,"DULCESA, S.L. UNIPERSONAL",2023→2024,2023,2024,7400002031,null,prod_ganado,null,82645.56,82645.56,null,79.62,null,1038
3479,"LA TAHONA DE UTIEL, S.L.",2023→2024,2023,2024,65030,null,prod_ganado,null,372,372,null,0.301,null,1235.88
1430,"BYC CHEMICAL, S.L.",2023→2024,2023,2024,4000050331,null,prod_ganado,null,10383.75,10383.75,null,9.75,null,1065
2679,"REINA KILAMA, SDAD. COOP.",2023→2024,2023,2024,44301,null,prod_ganado,null,41280,41280,null,48,null,860
421,"JOSE GARCIA E HIJOS, S.L.",2023→2024,2023,2024,7500004011,null,prod_ganado,null,5640,5640,null,6,null,940
1205,"MERCADONA, S.A.",2023→2024,2023,2024,7230007131,null,sin_actividad,null,0,0,null,0.002,null,0
516,"PAIARROP, S.L.",2023→2024,2023,2024,7800059261,null,prod_ganado,null,901.6,901.6,null,0.575,null,1568
7950,LES RUCHERS DU TALUS,2023→2024,2023,2024,44314,null,prod_ganado,null,4284,4284,null,2.1,null,2040
9670,FOOD SPECIALITIES LIMITED FSL,2023→2024,2023,2024,61229,null,sin_actividad,null,0,0,null,0.003,null,0
457,"AMAHER, S.L.",2023→2024,2023,2024,3010750341,null,prod_ganado,null,25910,25910,null,22,null,1177.73
10084,NOYEZ BRIGITTE,2023→2024,2023,2024,44313,null,prod_ganado,null,2250,2250,null,1.8,null,1250
8247,"ALLJUICEMED, S.L.",2023→2024,2023,2024,64091,null,sin_actividad,null,0,0,null,0.006,null,0
874,"COMERCIAL MAPROHELCO, S.L.",2023→2024,2023,2024,7300005081,null,prod_ganado,null,696,696,null,0.8,null,870
252,"CONSERVAS ALGUAZAS, S.L.",2023→2024,2023,2024,7300039291,null,prod_ganado,null,4045,4045,null,5,null,809
297,"TARBAL FOOD, S.L.",2023→2024,2023,2024,60105,null,prod_ganado,null,6168,6168,null,4.8,null,1285
9157,"MAK FOOD COMPANY, S.L.",2023→2024,2023,2024,61306,null,prod_ganado,null,58374.64,58374.64,null,34.48,null,1693
2909,"MANIPULADOS DE CEBOLLAS Y DERIVADOS, S.L.",2023→2024,2023,2024,99950,null,sin_actividad,null,0,0,null,0.001,null,0
6235,"ATRILE 21, S.L.",2023→2024,2023,2024,65008,null,prod_ganado,null,1044,1044,null,0.9,null,1160
9636,SOMA RHUM DESTILERIE,2023→2024,2023,2024,40260,null,prod_ganado,null,1494,1494,null,1.2,null,1245
9520,"GOLOSINAS MININOLAS, S.L.U.",2023→2024,2023,2024,1110049321,null,prod_ganado,null,29393,29393,null,24.7,null,1190
1747,"FRUIT TECH NATURAL, S.A.",2023→2024,2023,2024,7300037021,null,prod_ganado,null,41800,41800,null,44,null,950
9792,OROSKER KFT.,2023→2024,2023,2024,44313,null,prod_ganado,null,262.13,262.13,null,0.255,null,1027.96
400,"ASOCIACION IND. ALICANTINA DEL HELADO, S.A.",2023→2024,2023,2024,5101002011,null,prod_ganado,null,65947.6,65947.6,null,67.96,null,970.39
581,TURRON.Y CARAMEL. DE HELLIN SL,2023→2024,2023,2024,7300005081,null,prod_ganado,null,890,890,null,1,null,890
7706,"RUIPAN, S.L.",2023→2024,2023,2024,7500004011,null,prod_ganado,null,19396.8,19396.8,null,26.94,null,720
582,"HIJOS DE SALVADOR COSTA, S.L.",2023→2024,2023,2024,3010750341,null,prod_ganado,null,2312.5,2312.5,null,1.25,null,1850
9121,"PEGAMENTOS ORO, S.L.",2023→2024,2023,2024,43101,null,sin_actividad,null,0,0,null,0.001,null,0
473,"MAZALMENDRA, S.L.",2023→2024,2023,2024,7300037021,null,prod_ganado,null,50881.8,50881.8,null,53.08,null,958.59
566,"ALMACENES MIGUEZ 2005,S.L.",2023→2024,2023,2024,3010750341,null,prod_ganado,null,750,750,null,0.6,null,1250
10069,ORXUJO SETABENSE S.L.,2023→2024,2023,2024,40103,null,prod_ganado,null,24.5,24.5,null,0.025,null,980
9828,"GOODBEER, S.L.",2023→2024,2023,2024,7300039291,null,prod_ganado,null,1794,1794,null,2.6,null,690
9854,"NORDMANN PORTUGAL, S.A.",2023→2024,2023,2024,99950,null,sin_actividad,null,0,0,null,0.002,null,0
9957,"SCANBIO, S.A.",2023→2024,2023,2024,61200,null,sin_actividad,null,0,0,null,0.01,null,0
7171,"QUIRANTE FRUITS, S.L.",2023→2024,2023,2024,61299,null,prod_ganado,null,156247.5,156247.5,null,124.5,null,1255
5930,UNION PROFESIONAL APICULTORES ZAMORA APIS DURII,2023→2024,2023,2024,44313,null,sin_actividad,null,0,0,null,0.015,null,0
330,"PASTELERIA LOS MELLIZOS, S.L.",2023→2024,2023,2024,5101750031,null,prod_ganado,null,1086,1086,null,1.2,null,905
585,"COLOMA GARCIA, S.L.",2023→2024,2023,2024,7500004011,null,prod_ganado,null,22968,22968,null,24,null,957
4619,"EUROPEA DE APICULTURA, S.L.",2023→2024,2023,2024,44302,null,prod_ganado,null,1493.75,1493.75,null,1.25,null,1195
1747,"FRUIT TECH NATURAL, S.A.",2023→2024,2023,2024,7500004011,null,prod_ganado,null,19760,19760,null,20.8,null,950
9825,"KOMVIDA KOMBUCHA, S.L.",2023→2024,2023,2024,99950,null,sin_actividad,null,0,0,null,0.001,null,0
9768,"SHAR PRODUCTOS ALIMENTARIOS, S.L.",2023→2024,2023,2024,7300005081,null,prod_ganado,null,5504,5504,null,6.4,null,860
385,"BIOMIP BIOLOGICAL QUALITY, S.L.",2023→2024,2023,2024,62001,null,sin_actividad,null,0,0,null,0.01,null,0
455,"EMILIO PEÑA, S.A.",2023→2024,2023,2024,4000050331,null,prod_ganado,null,86706.25,86706.25,null,95,null,912.7
9685,ANTONIO RAMÍREZ CASTILLO,2023→2024,2023,2024,40103,null,prod_ganado,null,968,968,null,0.8,null,1210
3186,"BODEGAS SANVIVER, S.L.",2023→2024,2023,2024,40207,null,prod_ganado,null,1350,1350,null,1,null,1350
7867,"SINBLAT ALIMENTACION SALUDABLE, S.L.",2023→2024,2023,2024,5101050031,null,prod_ganado,null,5208,5208,null,6,null,868
8890,"AGROTAN NATURA, S.L.",2023→2024,2023,2024,40260,null,prod_ganado,null,654.64,654.64,null,0.668,null,980
506,"ACEITES LA CANAL, S.A.",2023→2024,2023,2024,65005,null,prod_ganado,null,1218.75,1218.75,null,0.975,null,1250
1304,"EMPRESA DE TRANSFORMACIÓN AGRARIA, S.A., S.M.E., M.P (TRAGSA)",2023→2024,2023,2024,7500004011,null,prod_ganado,null,27744,27744,null,27.8,null,997.99
9817,PATRONATO JESUS ABANDONADO,2023→2024,2023,2024,7300039291,null,prod_ganado,null,1045,1045,null,1,null,1045
1643,"DULCES ARTESANALES LINARES, S.L",2023→2024,2023,2024,7300037021,null,prod_ganado,null,2960,2960,null,4,null,740
2916,"SUC. DE MUÑOZ Y PUJANTE, S.L.",2023→2024,2023,2024,7300039291,null,prod_ganado,null,3366,3366,null,3.4,null,990
457,"AMAHER, S.L.",2023→2024,2023,2024,1210054031,null,prod_ganado,null,2820,2820,null,2.4,null,1175
1528,"JUAN Y JUAN INDUSTRIAL, S.L.U.",2023→2024,2023,2024,99950,null,sin_actividad,null,0,0,null,0.001,null,0
481,"EL CATETO, S.L.",2023→2024,2023,2024,43101,null,sin_actividad,null,0,0,null,0,null,null
7060,"SUAY SOLAZ, YOLANDA",2023→2024,2023,2024,44301,null,prod_ganado,null,2280,2280,null,2.4,null,950
8011,"BRAVO FERNANDEZ, TEODORA",2023→2024,2023,2024,44314,null,prod_ganado,null,891,891,null,0.45,null,1980
2684,"INDUSTRIAS JIJONENCAS, S.A.",2023→2024,2023,2024,3000750341,null,prod_ganado,null,7782,7782,null,6,null,1297
1854,"ROYPAS BY NUTRIS, S.A.",2023→2024,2023,2024,1110049321,null,prod_ganado,null,552907.2,552907.2,null,510.94,null,1082.14
459,"VIGARTO, S.L.U.",2023→2024,2023,2024,7500004011,null,prod_ganado,null,2040,2040,null,2,null,1020
7289,"CHOCODROP, S.L.",2023→2024,2023,2024,7300039291,null,prod_ganado,null,178416,178416,null,283.2,null,630
10029,"ACHOUITI ACHOUITI, MUSTAPHA",2023→2024,2023,2024,44313,null,prod_ganado,null,2310,2310,null,2.1,null,1100
7830,"KANKEL BEAN TO BAR, S.L.",2023→2024,2023,2024,40207,null,prod_ganado,null,1420,1420,null,1,null,1420
4566,"CONFETICAKES, S.L.",2023→2024,2023,2024,7300015111,null,prod_ganado,null,14157,14157,null,24.2,null,585
457,"AMAHER, S.L.",2023→2024,2023,2024,1210049321,null,sin_actividad,null,0,0,null,0,null,null
1661,"DELAVIUDA ALIMENTACION, S.A",2023→2024,2023,2024,1110049321,null,prod_ganado,null,71550.1,71550.1,null,67.82,null,1055
581,TURRON.Y CARAMEL. DE HELLIN SL,2023→2024,2023,2024,7300039291,null,prod_ganado,null,5463,5463,null,6.4,null,853.59
430,"MONZO LUIS, S.L.",2023→2024,2023,2024,7300037021,null,prod_ganado,null,6320,6320,null,8,null,790
7022,"FRUTOS SECOS EMPERADOR, S.L.",2023→2024,2023,2024,7500004011,null,prod_ganado,null,7920,7920,null,8,null,990
9047,"CUÉTARA, S.L.U.",2023→2024,2023,2024,62070,null,sin_actividad,null,0,0,null,0.001,null,0
421,"JOSE GARCIA E HIJOS, S.L.",2023→2024,2023,2024,7300037021,null,prod_ganado,null,1034,1034,null,1.1,null,940
2281,"HORCHATA JUAN`S, S.L.",2023→2024,2023,2024,7300039291,null,prod_ganado,null,15312,15312,null,23.2,null,660
7558,HARINAS CASTILLA LA MANCHA S.L,2023→2024,2023,2024,1110049321,null,prod_ganado,null,50440,50440,null,46.8,null,1077.78
2748,"NAVARRO SERRA, MIGUEL ANGEL",2023→2024,2023,2024,44313,null,prod_ganado,null,717.75,717.75,null,0.495,null,1450
7817,GENERAL MILLS,2023→2024,2023,2024,62070,null,sin_actividad,null,0,0,null,0.002,null,0
4892,"COMEX BAKERY, S.L.U.",2023→2024,2023,2024,7300005081,null,prod_ganado,null,2235.5,2235.5,null,1.7,null,1315
10106,TUCHEL & SOHN,2023→2024,2023,2024,62150,null,sin_actividad,null,0,0,null,0.002,null,0
7558,HARINAS CASTILLA LA MANCHA S.L,2023→2024,2023,2024,5101750031,null,prod_ganado,null,4560,4560,null,6,null,760
4892,"COMEX BAKERY, S.L.U.",2023→2024,2023,2024,7300039291,null,prod_ganado,null,3156,3156,null,2.4,null,1315
314,"PASDULCE, S.L.",2023→2024,2023,2024,4000050331,null,prod_ganado,null,1437.5,1437.5,null,1.25,null,1150
2801,"JOSE MARIA BOU, S.L.",2023→2024,2023,2024,40207,null,prod_ganado,null,2960,2960,null,2,null,1480
2832,DULCES LA ABUELA COOP VNA,2023→2024,2023,2024,1210054031,null,prod_ganado,null,3096,3096,null,2.4,null,1290
1766,"BOD.Y VINOS ANGEL LUIS PABLO URIOL, S.L",2023→2024,2023,2024,60105,null,sin_actividad,null,0,0,null,0.001,null,0
473,"MAZALMENDRA, S.L.",2023→2024,2023,2024,1110049321,null,prod_ganado,null,1365,1365,null,1.3,null,1050
9274,SUSTAINABLE APIARIES,2023→2024,2023,2024,62032,null,prod_ganado,null,5,5,null,0.051,null,98.04
2570,"NATRA OÑATI, S.A.",2023→2024,2023,2024,7320015111,null,prod_ganado,null,100801.8,100801.8,null,101.82,null,990
440,"MAZAPANES Y DULCES DE TOLEDO, S.A.",2023→2024,2023,2024,5101050031,null,prod_ganado,null,5220,5220,null,3.6,null,1450
9985,APIRIF SARL,2023→2024,2023,2024,44313,null,prod_ganado,null,17640,17640,null,16.8,null,1050
9194,"HELADOS JOP, S.L.",2023→2024,2023,2024,5205750031,null,prod_ganado,null,1428,1428,null,1.2,null,1190
9683,SCHWARTAUER WERKE GMBH & CO. KG,2023→2024,2023,2024,99950,null,sin_actividad,null,0,0,null,0.002,null,0
5365,"COMORALI, S.L.",2023→2024,2023,2024,5206050031,null,prod_ganado,null,22680,22680,null,21.6,null,1050
462,"ROMEDUL, S.L.",2023→2024,2023,2024,5101050031,null,prod_ganado,null,9916.95,9916.95,null,12.83,null,772.95
430,"MONZO LUIS, S.L.",2023→2024,2023,2024,43003,null,prod_ganado,null,3094,3094,null,2.6,null,1190
2684,"INDUSTRIAS JIJONENCAS, S.A.",2023→2024,2023,2024,4000050331,null,prod_ganado,null,5947.5,5947.5,null,6.1,null,975
7115,"RIVERBEND ESPAÑA, S.A",2023→2024,2023,2024,7400002031,null,prod_ganado,null,81000,81000,null,108,null,750
535,"FRIMAR PANADEROS, S.L.",2023→2024,2023,2024,7500004011,null,prod_ganado,null,40512,40512,null,38.4,null,1055
2850,"AMC NATURAL DRINKS, S.L.",2023→2024,2023,2024,7300037021,null,prod_ganado,null,64600,64600,null,68,null,950
220,"PASTELERIA GIMAR, S.L.",2023→2024,2023,2024,61289,null,sin_actividad,null,0,0,null,0.001,null,0
7972,MOCHI LUXURY S.L,2023→2024,2023,2024,5206750031,null,prod_ganado,null,6840,6840,null,7.2,null,950
8971,"MASTER BUILDERS SOLUTIONS ESPAÑA, S.L.U.",2023→2024,2023,2024,7500004011,null,prod_ganado,null,70656,70656,null,72,null,981.33
9107,"MARTIN PAVON, MARIA JOSE",2023→2024,2023,2024,44314,null,prod_ganado,null,2199.45,2199.45,null,1.29,null,1705
1528,"JUAN Y JUAN INDUSTRIAL, S.L.U.",2023→2024,2023,2024,40207,null,prod_ganado,null,6570,6570,null,5,null,1314
9067,"SCHREIBER FOODS ESPAÑA, S.L.",2023→2024,2023,2024,7220032231,null,sin_actividad,null,0,0,null,0.001,null,0
10045,"GARCID GESTION FORESTAL, S.L.",2023→2024,2023,2024,44313,null,prod_ganado,null,975,975,null,0.75,null,1300
4623,"FRATER ALIMENTOS, S.L.",2023→2024,2023,2024,45006,null,prod_ganado,null,1420.8,1420.8,null,1.92,null,740
1786,"ANITIN PANES ESPECIALES, S.L.",2023→2024,2023,2024,7300005081,null,prod_ganado,null,17943.5,17943.5,null,18.1,null,991.35
1529,"DULCESA, S.L. UNIPERSONAL",2023→2024,2023,2024,7300005081,null,prod_ganado,null,107806.68,107806.68,null,103.86,null,1038
1892,"BIMBO DONUTS IBERIA, S.A.U.",2023→2024,2023,2024,60000,null,sin_actividad,null,0,0,null,0.001,null,0
517,"DUPAN, S.L.",2023→2024,2023,2024,7620010201,null,prod_ganado,null,810,810,null,0.5,null,1620
2642,"BONDIA SALVO, S.L.",2023→2024,2023,2024,2100002011,null,prod_ganado,null,630,630,null,1,null,630
422,"HERMANOS LOPEZ LLORET, S.A.",2023→2024,2023,2024,7400002031,null,prod_ganado,null,23928,23928,null,24,null,997
4031,"ESPECIALITATS M. MASDEU, S.L.",2023→2024,2023,2024,5101002011,null,prod_ganado,null,1782,1782,null,1.2,null,1485
8247,"ALLJUICEMED, S.L.",2023→2024,2023,2024,61305,null,prod_ganado,null,95075,95075,null,76.06,null,1250
581,TURRON.Y CARAMEL. DE HELLIN SL,2023→2024,2023,2024,5201054011,null,prod_ganado,null,6884.4,6884.4,null,6,null,1147.4
1314,"MANUFACTURAS PIBERNAT, S.L.",2023→2024,2023,2024,7300005081,null,prod_ganado,null,25656,25656,null,26.4,null,971.82
9535,"COMPAÑIA CERVECERA DAMM, S.L.",2023→2024,2023,2024,7300039291,null,prod_ganado,null,1166425.4,1166425.4,null,1190.23,null,980
5924,"GRUPO DISTRIBUIDOR GARAU, S.L.",2023→2024,2023,2024,45006,null,prod_ganado,null,65611.2,65611.2,null,94.11,null,697.18
6365,S.C.A. CAMPO MUSEO DE LA MIEL RANCHO CORTESANO,2023→2024,2023,2024,62001,null,prod_ganado,null,1296,1296,null,1.2,null,1080
478,"MORENO RUIZ HERMANOS, S.L.",2023→2024,2023,2024,61200,null,sin_actividad,null,0,0,null,0.001,null,0
3367,"MAMERTO DE LA VARA, S.L.",2023→2024,2023,2024,7300037021,null,prod_ganado,null,8460,8460,null,12,null,705
9410,"NORDMANN, RASSMANN POLSKA SP. Z O.O.",2023→2024,2023,2024,2331065321,null,sin_actividad,null,0,0,null,0.05,null,0
528,"MANUFACTURAS COVISAL, S.L.",2023→2024,2023,2024,7300005081,null,prod_ganado,null,2032,2032,null,1.6,null,1270
4002,"ABB MJ FERNANDEZ ARANDA, S.L.",2023→2024,2023,2024,5101750031,null,prod_ganado,null,13818,13818,null,18.048,null,765.63
7880,"DULCES EL AVION, S.A.",2023→2024,2023,2024,5201050031,null,prod_ganado,null,45148.32,45148.32,null,71.664,null,630
448,"ESGIR, S.L.",2023→2024,2023,2024,5201750031,null,prod_ganado,null,16159.15,16159.15,null,23.59,null,685
5521,"F. MORENO CANDIED FRUITS, S.L.",2023→2024,2023,2024,1110049321,null,prod_ganado,null,13442,13442,null,14.3,null,940
9385,SMART ORGANIC AD,2023→2024,2023,2024,99950,null,prod_ganado,null,0.5,0.5,null,0.001,null,500
3154,"FRIAS NUTRICION, S.A.",2023→2024,2023,2024,40207,null,prod_ganado,null,28740,28740,null,20,null,1437
465,"INVESTIGACION Y DESARROLLO PANADERO, S.L.",2023→2024,2023,2024,7300039291,null,prod_ganado,null,552,552,null,0.8,null,690
4505,"FIESTA COLOMBINA, S.L.U.",2023→2024,2023,2024,7300015111,null,sin_actividad,null,0,0,null,0,null,null
9567,SIKA S.A.U.,2023→2024,2023,2024,7500004011,null,prod_ganado,null,1580.8,1580.8,null,1.6,null,988
9047,"CUÉTARA, S.L.U.",2023→2024,2023,2024,61177,null,sin_actividad,null,0,0,null,0.001,null,0
8837,"AMARITTA FOOD, S.L.",2023→2024,2023,2024,61260,null,prod_ganado,null,1225,1225,null,1.26,null,972.22
5245,"ELGORRIAGA BRANDS, S.A.",2023→2024,2023,2024,65015,null,prod_ganado,null,1462.5,1462.5,null,1.95,null,750
3752,"SON MORAGUES 1921, S.L.U.",2023→2024,2023,2024,40207,null,prod_ganado,null,279.8,279.8,null,0.2,null,1399
9609,"VAMINTER, S.L.",2023→2024,2023,2024,43150,null,prod_ganado,null,1950,1950,null,1.2,null,1625
1854,"ROYPAS BY NUTRIS, S.A.",2023→2024,2023,2024,40206,null,prod_ganado,null,66691.7,66691.7,null,54,null,1235.03
2832,DULCES LA ABUELA COOP VNA,2023→2024,2023,2024,5101050031,null,prod_ganado,null,3809.2,3809.2,null,4.28,null,890
566,"ALMACENES MIGUEZ 2005,S.L.",2023→2024,2023,2024,65015,null,prod_ganado,null,53.78,53.78,null,0.045,null,1195.11
1023,"TORRONS VICENS, S.L.",2023→2024,2023,2024,61228,null,sin_actividad,null,0,0,null,0.001,null,0
1259,"DIEGO ZAMORA, S.A.",2023→2024,2023,2024,60010,null,sin_actividad,null,0,0,null,0.001,null,0
1202,"APIGLASS ENVAS. Y MAT. APICOLA, S.L.",2023→2024,2023,2024,44301,null,prod_ganado,null,3968,3968,null,6.4,null,620
481,"EL CATETO, S.L.",2023→2024,2023,2024,1110049321,null,prod_ganado,null,2704,2704,null,2.6,null,1040
5787,"FALCON, S.A.",2023→2024,2023,2024,61289,null,prod_ganado,null,5640,5640,null,2.4,null,2350
9463,"ADIEGO HERMANOS, S.A.",2023→2024,2023,2024,5101002011,null,prod_ganado,null,1086,1086,null,1.2,null,905
455,"EMILIO PEÑA, S.A.",2023→2024,2023,2024,3000750341,null,prod_ganado,null,6050,6050,null,5,null,1210
9945,D&F SWEETS GMBH,2023→2024,2023,2024,61289,null,sin_actividad,null,0,0,null,0.09,null,0
575,HORCHATAS Y GRANIZADOS EL MAESTRAZGO SL,2023→2024,2023,2024,7300037021,null,prod_ganado,null,12696,12696,null,18.4,null,690
2975,"ARTUKOLUKE, S.L.",2023→2024,2023,2024,65015,null,prod_ganado,null,17651.25,17651.25,null,23.535,null,750
5989,"T500 PURATOS, S.A.",2023→2024,2023,2024,65008,null,prod_ganado,null,10478.4,10478.4,null,8.88,null,1180
215,"MARTIN BRAUN, S.A.",2023→2024,2023,2024,7500004011,null,prod_ganado,null,45360,45360,null,45,null,1008
827,"TOMAS JIMENEZ, IGNACIO GERMAN",2023→2024,2023,2024,7300005081,null,prod_ganado,null,475,475,null,0.5,null,950
1752,"ROYMY 21, S.L",2023→2024,2023,2024,1210002031,null,prod_ganado,null,5520,5520,null,4.8,null,1150
9868,"NORDMANN, RASSMANN HANDELSGES.M.B.H",2023→2024,2023,2024,61298,null,sin_actividad,null,0,0,null,0.001,null,0
1786,"ANITIN PANES ESPECIALES, S.L.",2023→2024,2023,2024,65006,null,prod_ganado,null,304.5,304.5,null,0.21,null,1450
8349,"AGOTZAINA, S.L.",2023→2024,2023,2024,5205054011,null,prod_ganado,null,1428,1428,null,1.2,null,1190
194,"COFRUTOS, S.A.",2023→2024,2023,2024,61307,null,prod_ganado,null,15611.94,15611.94,null,25.14,null,621
1353,"DESTILERIAS VEGA ALTA, S.L.",2023→2024,2023,2024,60010,null,prod_ganado,null,1053.6,1053.6,null,1.2,null,878
9867,"ALETTA DEVELOPMENTS, S.L.",2023→2024,2023,2024,64091,null,prod_ganado,null,125842.2,125842.2,null,151.8,null,829
1528,"JUAN Y JUAN INDUSTRIAL, S.L.U.",2023→2024,2023,2024,7400002031,null,prod_ganado,null,111388.92,111388.92,null,128.18,null,869
933,"DULCESTEPA, S.A.",2023→2024,2023,2024,5101002011,null,prod_ganado,null,16348.8,16348.8,null,24.96,null,655
6271,"ALVAREZ ROVIRA, DAVID",2023→2024,2023,2024,44314,null,prod_ganado,null,624,624,null,0.3,null,2080
450,"LA FLOR BURGALESA, S.L.",2023→2024,2023,2024,5101054011,null,prod_ganado,null,4545.6,4545.6,null,4.8,null,947
5230,"MARCHUET PALMERO, CARLOS",2023→2024,2023,2024,44313,null,prod_ganado,null,1450,1450,null,1,null,1450
9840,"FIESTA INGREDIENTS, S.L.U.",2023→2024,2023,2024,7300005081,null,prod_ganado,null,166,166,null,0.2,null,830
2909,"MANIPULADOS DE CEBOLLAS Y DERIVADOS, S.L.",2023→2024,2023,2024,7300039291,null,prod_ganado,null,2640,2640,null,4,null,660
2860,"ACEITUNAS KARINA, S.L.",2023→2024,2023,2024,3000050341,null,prod_ganado,null,4100,4100,null,2.5,null,1640
455,"EMILIO PEÑA, S.A.",2023→2024,2023,2024,5101750031,null,prod_ganado,null,1050,1050,null,1.2,null,875
3144,"DALLANT, S.A.",2023→2024,2023,2024,3010750341,null,prod_ganado,null,3944,3944,null,3,null,1314.67
9854,"NORDMANN PORTUGAL, S.A.",2023→2024,2023,2024,62150,null,sin_actividad,null,0,0,null,0.001,null,0
4365,"RODRIGUEZ GOMEZ, FERNANDO",2023→2024,2023,2024,44313,null,prod_ganado,null,1192.5,1192.5,null,0.795,null,1500
542,"SDAD.ESPAÑOLA COLOR. NATURALES Y AFINES, S.A.U.",2023→2024,2023,2024,2210037021,null,prod_ganado,null,58579.8,58579.8,null,51.252,null,1142.98
7169,"MASTRIGO BIO GOURMET, S.L.",2023→2024,2023,2024,61200,null,sin_actividad,null,0,0,null,0.001,null,0
330,"PASTELERIA LOS MELLIZOS, S.L.",2023→2024,2023,2024,7300037021,null,prod_ganado,null,4288,4288,null,6.4,null,670
9677,"PEBEMA FOODS, S.L.",2023→2024,2023,2024,65030,null,prod_ganado,null,1125,1125,null,0.9,null,1250
215,"MARTIN BRAUN, S.A.",2023→2024,2023,2024,40207,null,prod_ganado,null,16680,16680,null,24,null,695
9849,MORALCO S.R.L.,2023→2024,2023,2024,61200,null,sin_actividad,null,0,0,null,0.003,null,0
9157,"MAK FOOD COMPANY, S.L.",2023→2024,2023,2024,61296,null,prod_ganado,null,332748.96,332748.96,null,296.04,null,1124
1000,CLIENTES VARIOS (CONTADO),2023→2024,2023,2024,7400002031,null,prod_ganado,null,3.6,3.6,null,0.006,null,600
1116,"PARDO NAVARRO, CARLOS",2023→2024,2023,2024,7300039291,null,prod_ganado,null,330,330,null,0.5,null,660
4642,"TORRALBA GUILLAMON, YOLANDA",2023→2024,2023,2024,40207,null,prod_ganado,null,33.75,33.75,null,0.025,null,1350
610,"TURRONES DOS HERMANOS,S.L.",2023→2024,2023,2024,61170,null,prod_ganado,null,1908,1908,null,1.2,null,1590
6467,"CATALINA FOOD SOLUTIONS, S.L.",2023→2024,2023,2024,7300005081,null,prod_ganado,null,9256,9256,null,10.4,null,890
2887,"BIOSEARCH, S.A.U.",2023→2024,2023,2024,40207,null,sin_actividad,null,0,0,null,0.001,null,0
4505,"FIESTA COLOMBINA, S.L.U.",2023→2024,2023,2024,65030,null,sin_actividad,null,0,0,null,0.045,null,0
6457,"DOLÇA ABELLA, S.C.",2023→2024,2023,2024,44301,null,prod_ganado,null,1191,1191,null,1,null,1191
3372,"GUFRESCO, S.L.",2023→2024,2023,2024,3000750341,null,prod_ganado,null,892.5,892.5,null,0.5,null,1785
8350,"MIGA FOODS COMMERCE, S.L.",2023→2024,2023,2024,5205050031,null,prod_ganado,null,12870,12870,null,13.2,null,975
2298,"GRACOMSA ALIMENTARIA, S.A.U.",2023→2024,2023,2024,5101002011,null,sin_actividad,null,0,0,null,0.005,null,0
2925,"BIGMAN NUTRITION, S.L.",2023→2024,2023,2024,42000,null,prod_ganado,null,5105,5105,null,5,null,1021
321,"PRODUCTOS PEPITO, S.L.U.",2023→2024,2023,2024,7500004011,null,prod_ganado,null,928,928,null,0.8,null,1160
534,"MC CONSTRUCTION CHEMICAL SPAIN, S.L.",2023→2024,2023,2024,7400002031,null,prod_ganado,null,10320,10320,null,9.6,null,1075
9575,"GREEN BEVERAGES ESPAÑA, SL",2023→2024,2023,2024,7300039291,null,prod_ganado,null,476,476,null,0.4,null,1190
407,"PRODUCTOS KELMY, S.A.U.",2023→2024,2023,2024,7400002031,null,prod_ganado,null,118869.6,118869.6,null,117.6,null,1010.8
827,"TOMAS JIMENEZ, IGNACIO GERMAN",2023→2024,2023,2024,4000050331,null,prod_ganado,null,615.5,615.5,null,0.475,null,1295.79
827,"TOMAS JIMENEZ, IGNACIO GERMAN",2023→2024,2023,2024,7300039291,null,prod_ganado,null,507.5,507.5,null,0.625,null,812
459,"VIGARTO, S.L.U.",2023→2024,2023,2024,7300039291,null,prod_ganado,null,4224,4224,null,4.8,null,880
891,"MONTEALBOR ALIMENTACION, S.A.U",2023→2024,2023,2024,42000,null,prod_ganado,null,1300,1300,null,1.25,null,1040
769,"ANGEL CAMACHO ALIMENTACION, S.L.",2023→2024,2023,2024,7500004011,null,prod_ganado,null,46464,46464,null,48,null,968
7867,"SINBLAT ALIMENTACION SALUDABLE, S.L.",2023→2024,2023,2024,7300039291,null,prod_ganado,null,8640,8640,null,12.8,null,675
6235,"ATRILE 21, S.L.",2023→2024,2023,2024,43054,null,prod_ganado,null,1397.12,1397.12,null,0.64,null,2183
3140,"CELEPLAME, S.L.",2023→2024,2023,2024,40103,null,prod_ganado,null,300,300,null,0.25,null,1200
4505,"FIESTA COLOMBINA, S.L.U.",2023→2024,2023,2024,5205750031,null,prod_ganado,null,31606.37,31606.37,null,48.254,null,655
10079,"APIGLASS ENVASES Y MATERIAL APICOLA, S.L.U.",2023→2024,2023,2024,44310,null,prod_ganado,null,6982.5,6982.5,null,7.35,null,950
6828,AGRUP.DEFENSA SANIT.APIC.REG.DE MURCIA,2023→2024,2023,2024,62000,null,prod_ganado,null,17049.5,17049.5,null,17.45,null,977.05
9567,SIKA S.A.U.,2023→2024,2023,2024,7300039291,null,prod_ganado,null,8140.8,8140.8,null,9.6,null,848
2298,"GRACOMSA ALIMENTARIA, S.A.U.",2023→2024,2023,2024,5101054011,null,prod_ganado,null,2772,2772,null,3.6,null,770
5314,"PROFESSIONAL DAIRY PRODUCTS, S.L.",2023→2024,2023,2024,7300039291,null,prod_ganado,null,44640,44640,null,48,null,930
846,"PRODUCTOS ORGANICOS NAT.,S.L.",2023→2024,2023,2024,4000050331,null,prod_ganado,null,138.75,138.75,null,0.075,null,1850
9677,"PEBEMA FOODS, S.L.",2023→2024,2023,2024,40103,null,prod_ganado,null,363,363,null,0.3,null,1210
4854,"FERRANDIS RIBES, JOSE ENRIQUE",2023→2024,2023,2024,44313,null,prod_ganado,null,435,435,null,0.3,null,1450
5989,"T500 PURATOS, S.A.",2023→2024,2023,2024,61200,null,prod_ganado,null,7047,7047,null,2.43,null,2900
9524,"PRONAT, S.C.",2023→2024,2023,2024,7300039291,null,prod_ganado,null,970,970,null,1,null,970
548,"LA GONDOLA CONSERVAS VEGETALES, S.L.",2023→2024,2023,2024,7300039291,null,prod_ganado,null,8880,8880,null,12,null,740
457,"AMAHER, S.L.",2023→2024,2023,2024,3000750341,null,sin_actividad,null,0,0,null,0,null,null
197,"J. GARCIA CARRION, S.A.",2023→2024,2023,2024,7300037021,null,prod_ganado,null,23640,23640,null,24,null,985
5373,"VERTICE DE INNOVACION Y DESAR.DE ALIMENTOS, S.A.U.",2023→2024,2023,2024,7500004011,null,prod_ganado,null,109928,109928,null,105.7,null,1040
4187,"AMILCAR & MORGADO, LDA",2023→2024,2023,2024,7300039291,null,prod_ganado,null,4494.67,4494.67,null,7.2,null,624.26
3080,"PRODUCTOS KLAM, S.A.",2023→2024,2023,2024,99950,null,sin_actividad,null,0,0,null,0.001,null,0
4002,"ABB MJ FERNANDEZ ARANDA, S.L.",2023→2024,2023,2024,5101856021,null,prod_ganado,null,2376,2376,null,2.4,null,990
9609,"VAMINTER, S.L.",2023→2024,2023,2024,7400002031,null,prod_ganado,null,525,525,null,0.5,null,1050
484,"PRODUCTOS LA PILARICA, S.A.",2023→2024,2023,2024,7600004011,null,prod_ganado,null,2115,2115,null,1.8,null,1175
2909,"MANIPULADOS DE CEBOLLAS Y DERIVADOS, S.L.",2023→2024,2023,2024,7500004011,null,prod_ganado,null,3564,3564,null,5.4,null,660
10044,"CREACIONES JUGAVI, S.L.",2023→2024,2023,2024,7300039291,null,sin_actividad,null,0,0,null,0.001,null,0
355,"AZACONSA, S.L.",2023→2024,2023,2024,40103,null,prod_ganado,null,882,882,null,1.05,null,840
5454,"ALIMENTACION Y NUTRICION FAMILIAR, S.L.",2023→2024,2023,2024,7300005081,null,prod_ganado,null,9308,9308,null,10.4,null,895
9765,"MUNDAKA HELADOS, S.L.",2023→2024,2023,2024,7300005081,null,prod_ganado,null,1584,1584,null,1.6,null,990
570,"INDALVA, S.L.",2023→2024,2023,2024,7300005081,null,prod_ganado,null,3680,3680,null,4,null,920
252,"CONSERVAS ALGUAZAS, S.L.",2023→2024,2023,2024,7500004011,null,prod_ganado,null,1930.5,1930.5,null,1.95,null,990
4002,"ABB MJ FERNANDEZ ARANDA, S.L.",2023→2024,2023,2024,5200054011,null,prod_ganado,null,1912.8,1912.8,null,2.4,null,797
4619,"EUROPEA DE APICULTURA, S.L.",2023→2024,2023,2024,44301,null,prod_ganado,null,17904,17904,null,28.8,null,621.67
418,"MANUFACTURAS CEYLAN, S.L.",2023→2024,2023,2024,7300037021,null,prod_ganado,null,16008,16008,null,23.2,null,690
523,"CORALIM INGREDIENTS, S.L.",2023→2024,2023,2024,1110049321,null,prod_ganado,null,9288.5,9288.5,null,9.1,null,1020.71
9097,"CAFES MIÑANA, S.A.",2023→2024,2023,2024,7300039291,null,prod_ganado,null,1680,1680,null,1.6,null,1050
6267,"JUMEL ALIMENTARIA, S.A.",2023→2024,2023,2024,5100054011,null,sin_actividad,null,0,0,null,0.001,null,0
303,"J.R. SABATER, S.A.",2023→2024,2023,2024,4000050331,null,prod_ganado,null,32900,32900,null,35,null,940
433,"SANCHIS MIRA, S.A.",2023→2024,2023,2024,61222,null,prod_ganado,null,16441.6,16441.6,null,7.34,null,2240
1661,"DELAVIUDA ALIMENTACION, S.A",2023→2024,2023,2024,61298,null,sin_actividad,null,0,0,null,0.002,null,0
484,"PRODUCTOS LA PILARICA, S.A.",2023→2024,2023,2024,7300005081,null,prod_ganado,null,33844,33844,null,36.8,null,919.67
4470,"SALABERRIA TELLECHEA, XIKER",2023→2024,2023,2024,40207,null,prod_ganado,null,615.2,615.2,null,0.4,null,1538
2832,DULCES LA ABUELA COOP VNA,2023→2024,2023,2024,1210049321,null,prod_ganado,null,3406,3406,null,2.6,null,1310
10081,"GHISLAIN, ANDRIEU",2023→2024,2023,2024,44313,null,prod_ganado,null,3375,3375,null,2.7,null,1250
4505,"FIESTA COLOMBINA, S.L.U.",2023→2024,2023,2024,5205050031,null,prod_ganado,null,48121.54,48121.54,null,73.468,null,655
1284,"FRUTAS Y TURRONES, S.A.",2023→2024,2023,2024,43054,null,prod_ganado,null,10281,10281,null,4.6,null,2235
2916,"SUC. DE MUÑOZ Y PUJANTE, S.L.",2023→2024,2023,2024,7500004011,null,prod_ganado,null,3960,3960,null,4,null,990
6338,CENTRO NAC. TECNOLOGIA Y SEGURIDAD ALIMENTARIA,2023→2024,2023,2024,62405,null,sin_actividad,null,0,0,null,0.001,null,0
9609,"VAMINTER, S.L.",2023→2024,2023,2024,3010750341,null,prod_ganado,null,725,725,null,0.5,null,1450
522,"MACROSNACKS, S.L.U.",2023→2024,2023,2024,7300005081,null,prod_ganado,null,18128,18128,null,17.6,null,1030
7440,"LOPEZ FOOD GROUP, S.L.",2023→2024,2023,2024,5101856021,null,prod_ganado,null,5430,5430,null,6,null,905
8836,"AGROCENTROS LEON, S.L.",2023→2024,2023,2024,44310,null,prod_ganado,null,11542.5,11542.5,null,12.15,null,950
7440,"LOPEZ FOOD GROUP, S.L.",2023→2024,2023,2024,5101750031,null,prod_ganado,null,16290,16290,null,18,null,905
2074,"ALFREDO IÑESTA, S.L",2023→2024,2023,2024,5101856021,null,prod_ganado,null,1938,1938,null,1.2,null,1615
9286,"LAQTIA, S.L.",2023→2024,2023,2024,7300037021,null,prod_ganado,null,120352.1,120352.1,null,141.9,null,848.15
4002,"ABB MJ FERNANDEZ ARANDA, S.L.",2023→2024,2023,2024,5101054011,null,prod_ganado,null,2869.2,2869.2,null,3.6,null,797
4031,"ESPECIALITATS M. MASDEU, S.L.",2023→2024,2023,2024,5101050031,null,prod_ganado,null,1782,1782,null,1.2,null,1485
6390,BIOANDEN E INVERSIONES EIRL,2023→2024,2023,2024,44315,null,sin_actividad,null,0,0,null,0.002,null,0
3419,"ULTIMOS PANADEROS, S.L.",2023→2024,2023,2024,62401,null,sin_actividad,null,0,0,null,0.001,null,0
9535,"COMPAÑIA CERVECERA DAMM, S.L.",2023→2024,2023,2024,7300005081,null,prod_ganado,null,50587.6,50587.6,null,51.62,null,980
440,"MAZAPANES Y DULCES DE TOLEDO, S.A.",2023→2024,2023,2024,1210054031,null,prod_ganado,null,3528,3528,null,2.4,null,1470
4455,"AGRO CONSULTING DEL MEDITERRANEO, S.L.",2023→2024,2023,2024,60105,null,prod_ganado,null,1452,1452,null,1.201,null,1208.99
9867,"ALETTA DEVELOPMENTS, S.L.",2023→2024,2023,2024,61247,null,prod_ganado,null,436974.72,436974.72,null,380.64,null,1148
9994,AUDE API,2023→2024,2023,2024,44310,null,prod_ganado,null,7956,7956,null,7.65,null,1040
7115,"RIVERBEND ESPAÑA, S.A",2023→2024,2023,2024,61294,null,prod_ganado,null,36471.48,36471.48,null,24.76,null,1473
2366,"TEGAN BIPAL, S.L.",2023→2024,2023,2024,3010750341,null,prod_ganado,null,1737.5,1737.5,null,1.25,null,1390
7176,"COLOMINA LOPEZ, SOFIA",2023→2024,2023,2024,5101002011,null,prod_ganado,null,2796.5,2796.5,null,2.35,null,1190
237,"DULCES SANTA CRUZ, S.L.",2023→2024,2023,2024,7300039291,null,prod_ganado,null,14145,14145,null,23,null,615
3790,"DULYMAZ, S.L.",2023→2024,2023,2024,5200054011,null,prod_ganado,null,4704,4704,null,4.8,null,980
8795,"ADISTAFARMA, S.L.",2023→2024,2023,2024,1110049321,null,prod_ganado,null,9685,9685,null,6.5,null,1490
385,"BIOMIP BIOLOGICAL QUALITY, S.L.",2023→2024,2023,2024,44313,null,sin_actividad,null,0,0,null,0.03,null,0
10079,"APIGLASS ENVASES Y MATERIAL APICOLA, S.L.U.",2023→2024,2023,2024,44314,null,prod_ganado,null,14175,14175,null,9.45,null,1500
9609,"VAMINTER, S.L.",2023→2024,2023,2024,1110049321,null,prod_ganado,null,10569,10569,null,9.1,null,1161.43
6427,"PRODUCTOS OLE Y OLE, S.L.",2023→2024,2023,2024,60105,null,prod_ganado,null,14832,14832,null,14.4,null,1030
9168,"BIO ALIMENTOS DE MURCIA, S.L.",2023→2024,2023,2024,7840046301,null,prod_ganado,null,20570,20570,null,17,null,1210
2570,"NATRA OÑATI, S.A.",2023→2024,2023,2024,7320007131,null,prod_ganado,null,93852,93852,null,94.8,null,990
303,"J.R. SABATER, S.A.",2023→2024,2023,2024,7300005081,null,prod_ganado,null,18336,18336,null,21.6,null,848.89
6557,"MAR FERTILIZANTES, S.L.",2023→2024,2023,2024,5101002011,null,prod_ganado,null,1488,1488,null,1.2,null,1240
355,"AZACONSA, S.L.",2023→2024,2023,2024,7230007131,null,prod_ganado,null,840,840,null,1,null,840
9185,"GARCIA GARCIA, JOSE LUIS",2023→2024,2023,2024,62001,null,prod_ganado,null,2478,2478,null,2.36,null,1050
200,MARIN GIMENEZ HNOS. S.A.,2023→2024,2023,2024,61297,null,sin_actividad,null,0,0,null,0.01,null,0
3753,"OLIVA NAVARRO, MIRIAM",2023→2024,2023,2024,44313,null,prod_ganado,null,6825,6825,null,5.25,null,1300
5998,"FRANCISCO ARAGON, S.L.U.",2023→2024,2023,2024,5201002011,null,prod_ganado,null,1758,1758,null,1.2,null,1465
5801,"ED & F MAN INGREDIENTS, S.R.O.",2023→2024,2023,2024,99950,null,sin_actividad,null,0,0,null,0.001,null,0
2577,"IMPORTACO CASA PONS, S.A.U.",2023→2024,2023,2024,40103,null,prod_ganado,null,28.75,28.75,null,0.025,null,1150
8247,"ALLJUICEMED, S.L.",2023→2024,2023,2024,99950,null,sin_actividad,null,0,0,null,0.01,null,0
7440,"LOPEZ FOOD GROUP, S.L.",2023→2024,2023,2024,5101054011,null,prod_ganado,null,10860,10860,null,12,null,905
6147,"ANDALUZA DE MIELES, S.L.",2023→2024,2023,2024,5100050031,null,prod_ganado,null,17124.8,17124.8,null,24.64,null,695
592,"FRAMAJOVA, S.L",2023→2024,2023,2024,7110009141,null,sin_actividad,null,0,0,null,0.001,null,0
9185,"GARCIA GARCIA, JOSE LUIS",2023→2024,2023,2024,44313,null,prod_ganado,null,804.75,804.75,null,0.555,null,1450
2887,"BIOSEARCH, S.A.U.",2023→2024,2023,2024,40203,null,sin_actividad,null,0,0,null,0.001,null,0
2216,"APIHURDES, S.COOP.",2023→2024,2023,2024,44301,null,prod_ganado,null,20160,20160,null,24,null,840
9565,NORDIK BUCKFAST,2023→2024,2023,2024,44314,null,prod_ganado,null,4158,4158,null,2.1,null,1980
2180,"AURUM PROCESS TECHNOLOGY, S.L.",2023→2024,2023,2024,7400048311,null,prod_ganado,null,20,20,null,0.025,null,800
7867,"SINBLAT ALIMENTACION SALUDABLE, S.L.",2023→2024,2023,2024,7300005081,null,prod_ganado,null,18355.2,18355.2,null,19.2,null,956
8971,"MASTER BUILDERS SOLUTIONS ESPAÑA, S.L.U.",2023→2024,2023,2024,7300005081,null,prod_ganado,null,105016,105016,null,107,null,981.46
9613,GAD DAIRY LTD,2023→2024,2023,2024,61228,null,sin_actividad,null,0,0,null,0.001,null,0
6271,"ALVAREZ ROVIRA, DAVID",2023→2024,2023,2024,40207,null,prod_ganado,null,746.9,746.9,null,0.55,null,1358
1253,"HORCHATA EL COSECHERO, S.L.",2023→2024,2023,2024,7500004011,null,prod_ganado,null,2496,2496,null,2.4,null,1040
9429,TARTAS ANCANO S.L.,2023→2024,2023,2024,1210002031,null,prod_ganado,null,6225.6,6225.6,null,4.8,null,1297
9990,"POSTRES DE MESA, S.L.",2023→2024,2023,2024,65030,null,sin_actividad,null,0,0,null,0.001,null,0
10109,DETRIGO PADARIA PASTELARIA LDA,2023→2024,2023,2024,62150,null,prod_ganado,null,1496.4,1496.4,null,1.2,null,1247
9833,DONNY G APICOLE SRL,2023→2024,2023,2024,44310,null,prod_ganado,null,2567.25,2567.25,null,2.1,null,1222.5
7972,MOCHI LUXURY S.L,2023→2024,2023,2024,5206050031,null,prod_ganado,null,39802,39802,null,42.2,null,943.18
9956,"NORDMANN, RASSMANN GMBH",2023→2024,2023,2024,61200,null,sin_actividad,null,0,0,null,0.005,null,0
9263,"LOPEZ 1920 PASTELERÍA, S.L.",2023→2024,2023,2024,7300039291,null,prod_ganado,null,38883,38883,null,39,null,997
1643,"DULCES ARTESANALES LINARES, S.L",2023→2024,2023,2024,3000750341,null,prod_ganado,null,1737.5,1737.5,null,1.25,null,1390
3479,"LA TAHONA DE UTIEL, S.L.",2023→2024,2023,2024,1210049321,null,prod_ganado,null,1807,1807,null,1.3,null,1390
3306,"INBIOLEV, S.L.",2023→2024,2023,2024,40207,null,prod_ganado,null,64.5,64.5,null,0.05,null,1290
9854,"NORDMANN PORTUGAL, S.A.",2023→2024,2023,2024,43054,null,sin_actividad,null,0,0,null,0.001,null,0
1854,"ROYPAS BY NUTRIS, S.A.",2023→2024,2023,2024,1210002031,null,prod_ganado,null,6454.8,6454.8,null,3.6,null,1793
4997,"PRODUCTOS LA MULATA, S.L.",2023→2024,2023,2024,5205054011,null,prod_ganado,null,4956,4956,null,3.6,null,1376.67
614,"MANUFACTURAS TABERNER,S.A.",2023→2024,2023,2024,7300039291,null,prod_ganado,null,8208,8208,null,12,null,684
1036,"PANADERIA NTRA SRA DE LA CABEZA, C.B.",2023→2024,2023,2024,65005,null,prod_ganado,null,2717.19,2717.19,null,1.995,null,1362
471,"FADICAMO, S.A.",2023→2024,2023,2024,7500004011,null,prod_ganado,null,10280,10280,null,10,null,1028
5787,"FALCON, S.A.",2023→2024,2023,2024,62408,null,prod_ganado,null,19392,19392,null,19.2,null,1010
9879,"SCHREIBER FOODS PORTUGAL, S.A.",2023→2024,2023,2024,7300037021,null,prod_ganado,null,22605,22605,null,22,null,1027.5
7558,HARINAS CASTILLA LA MANCHA S.L,2023→2024,2023,2024,5101002011,null,prod_ganado,null,17571.25,17571.25,null,18.25,null,962.81
9134,"VOLTEC ELECTRO SISTEMES, S.L.",2023→2024,2023,2024,7220015111,null,sin_actividad,null,0,0,null,0,null,null
6581,PRZEDSIEBIORSTWO PSZCZELARSKIE TOMASZ LYSON SP. Z O.O. SP. K,2023→2024,2023,2024,44315,null,sin_actividad,null,0,0,null,0.001,null,0
8260,OBRADOR HERMANOS HIGON S.L.U.,2023→2024,2023,2024,40207,null,sin_actividad,null,0,0,null,0.003,null,0
2832,DULCES LA ABUELA COOP VNA,2023→2024,2023,2024,1210002031,null,prod_ganado,null,3096,3096,null,2.4,null,1290
9908,COMES BRUNO,2023→2024,2023,2024,62001,null,prod_ganado,null,1195.2,1195.2,null,1.2,null,996
1922,"PSITTACUS CATALONIA, S.L.",2023→2024,2023,2024,3010750341,null,prod_ganado,null,23450,23450,null,17.5,null,1340
9966,"LUIS MARTIN, SEBASTIAN",2023→2024,2023,2024,44314,null,prod_ganado,null,886.5,886.5,null,0.45,null,1970
9361,"IBERLIQUIDOS, S.L.",2023→2024,2023,2024,5100750031,null,prod_ganado,null,6175,6175,null,24.7,null,250
527,"CARNICAS SERRANO, S.L.",2023→2024,2023,2024,7300005081,null,prod_ganado,null,1912,1912,null,1.6,null,1195
7918,"REFRESCO IBERIA, S.A.U. ",2023→2024,2023,2024,7300005081,null,prod_ganado,null,160921.8,160921.8,null,155.48,null,1035
200,MARIN GIMENEZ HNOS. S.A.,2023→2024,2023,2024,61260,null,sin_actividad,null,0,0,null,0.001,null,0
2081,"ZUMOS Y FRUTAS CONCENTRADOS, S.L.",2023→2024,2023,2024,64091,null,prod_ganado,null,1501436.72,1501436.72,null,1811.142,null,829
5822,"CIVAN ARICILIK TEKSTIL, SALIP SAN TIC LTD STI",2023→2024,2023,2024,44315,null,prod_ganado,null,6552,6552,null,5.04,null,1300
2411,"BAQUERO LOPEZ, JOSE",2023→2024,2023,2024,65005,null,prod_ganado,null,673.2,673.2,null,0.51,null,1320
4634,"MASQPAN EXCLUSIVAS, S.L.",2023→2024,2023,2024,7500004011,null,prod_ganado,null,990,990,null,1,null,990
7726,"ANKER FOOD, S.L.",2023→2024,2023,2024,7300039291,null,prod_ganado,null,4586.4,4586.4,null,7.2,null,637
5998,"FRANCISCO ARAGON, S.L.U.",2023→2024,2023,2024,5201750031,null,prod_ganado,null,1831.25,1831.25,null,1.251,null,1463.83
10079,"APIGLASS ENVASES Y MATERIAL APICOLA, S.L.U.",2023→2024,2023,2024,44313,null,prod_ganado,null,34320,34320,null,31.2,null,1100
1119,"APILORE, S.L.",2023→2024,2023,2024,44313,null,prod_ganado,null,15708,15708,null,11.55,null,1360
1202,"APIGLASS ENVAS. Y MAT. APICOLA, S.L.",2023→2024,2023,2024,62020,null,prod_ganado,null,1728,1728,null,2.4,null,720
535,"FRIMAR PANADEROS, S.L.",2023→2024,2023,2024,1210049321,null,prod_ganado,null,1547,1547,null,1.3,null,1190
7897,"MANDIC OUTMILL MS4, S.L.",2023→2024,2023,2024,65005,null,prod_ganado,null,290.25,290.25,null,0.225,null,1290
7558,HARINAS CASTILLA LA MANCHA S.L,2023→2024,2023,2024,4000050331,null,prod_ganado,null,9625,9625,null,10,null,962.5
4031,"ESPECIALITATS M. MASDEU, S.L.",2023→2024,2023,2024,61289,null,prod_ganado,null,17458,17458,null,6.02,null,2900
4189,"MARTIN GIL, MANUEL",2023→2024,2023,2024,44313,null,prod_ganado,null,1192.5,1192.5,null,0.795,null,1500
3479,"LA TAHONA DE UTIEL, S.L.",2023→2024,2023,2024,5201050031,null,sin_actividad,null,0,0,null,0.001,null,0
595,"ROSCRIS BENIOPA, S.L",2023→2024,2023,2024,7300005081,null,prod_ganado,null,1568,1568,null,1.6,null,980
523,"CORALIM INGREDIENTS, S.L.",2023→2024,2023,2024,3010750341,null,prod_ganado,null,202.5,202.5,null,0.15,null,1350
7556,"DESTILACIONES BORDAS CHINCHURRETA, S.A.",2023→2024,2023,2024,61229,null,sin_actividad,null,0,0,null,0.001,null,0
9781,ADVANCE SCIENCE LIMITED,2023→2024,2023,2024,62033,null,prod_ganado,null,26381.1,26381.1,null,22.452,null,1175
200,MARIN GIMENEZ HNOS. S.A.,2023→2024,2023,2024,61231,null,prod_ganado,null,98163.8,98163.8,null,109.96,null,892.72
3111,"GOMEZ MARTIN, HUGO",2023→2024,2023,2024,62001,null,prod_ganado,null,8628,8628,null,8.88,null,971.62
2057,"BACK EUROP ESPAÑA, S.L",2023→2024,2023,2024,3010750341,null,prod_ganado,null,3225,3225,null,2.5,null,1290
1375,"JACOBO LOZANO, S.L.",2023→2024,2023,2024,62413,null,prod_ganado,null,8102.4,8102.4,null,7.68,null,1055
1314,"MANUFACTURAS PIBERNAT, S.L.",2023→2024,2023,2024,2100050331,null,prod_ganado,null,1625,1625,null,2.5,null,650
6003,"BS EDULCORANTES, S.L.U.",2023→2024,2023,2024,41000,null,sin_actividad,null,0,0,null,0.001,null,0
1396,"BARCELONESA DE DROG. Y PRODUCT. QUIMICOS, S.A.",2023→2024,2023,2024,1210002031,null,prod_ganado,null,12384,12384,null,9.6,null,1290
419,"DISTRIBUCIONES JAIME SARRION, S.L.",2023→2024,2023,2024,45006,null,prod_ganado,null,630,630,null,0.6,null,1050
419,"DISTRIBUCIONES JAIME SARRION, S.L.",2023→2024,2023,2024,62400,null,prod_ganado,null,481.88,481.88,null,0.375,null,1285.01
7918,"REFRESCO IBERIA, S.A.U. ",2023→2024,2023,2024,7300039291,null,prod_ganado,null,641534.4,641534.4,null,619.84,null,1035
1786,"ANITIN PANES ESPECIALES, S.L.",2023→2024,2023,2024,42000,null,prod_ganado,null,2952,2952,null,3,null,984
9919,NATURACOSM SARL,2023→2024,2023,2024,62001,null,prod_ganado,null,1272,1272,null,1.2,null,1060
4436,"INTERNACIONAL GRANADINA DE ALCAPARRA, S.L.",2023→2024,2023,2024,60105,null,prod_ganado,null,1374,1374,null,1.203,null,1142.14
9067,"SCHREIBER FOODS ESPAÑA, S.L.",2023→2024,2023,2024,61229,null,sin_actividad,null,0,0,null,0.007,null,0
396,"AGROTRANSFORMADOS, S.A.",2023→2024,2023,2024,61306,null,sin_actividad,null,0,0,null,0.002,null,0
1036,"PANADERIA NTRA SRA DE LA CABEZA, C.B.",2023→2024,2023,2024,7300039291,null,prod_ganado,null,558,558,null,0.775,null,720
10079,"APIGLASS ENVASES Y MATERIAL APICOLA, S.L.U.",2023→2024,2023,2024,62020,null,prod_ganado,null,864,864,null,1.2,null,720
450,"LA FLOR BURGALESA, S.L.",2023→2024,2023,2024,62070,null,sin_actividad,null,0,0,null,0.001,null,0
10001,TERNY CLEMENT,2023→2024,2023,2024,44313,null,prod_ganado,null,1125,1125,null,0.9,null,1250
7440,"LOPEZ FOOD GROUP, S.L.",2023→2024,2023,2024,5101050031,null,prod_ganado,null,27150,27150,null,30,null,905
546,"E.MORENO, S.L.",2023→2024,2023,2024,40207,null,prod_ganado,null,5289,5289,null,4.1,null,1290
499,"MELS CARLET, S.L.",2023→2024,2023,2024,5101750031,null,prod_ganado,null,35245.44,35245.44,null,48.952,null,720
6467,"CATALINA FOOD SOLUTIONS, S.L.",2023→2024,2023,2024,7400048311,null,prod_ganado,null,9999,9999,null,9.9,null,1010
230,"HIJOS DE ENRIQUE RECH, S.L.",2023→2024,2023,2024,7400002031,null,prod_ganado,null,836,836,null,0.88,null,950
9990,"POSTRES DE MESA, S.L.",2023→2024,2023,2024,65016,null,prod_ganado,null,1365,1365,null,1.95,null,700
602,"DUPON BISCUITS IBERICA, S.A.U.",2023→2024,2023,2024,60224,null,prod_ganado,null,15180,15180,null,20.24,null,750
9670,FOOD SPECIALITIES LIMITED FSL,2023→2024,2023,2024,61200,null,sin_actividad,null,0,0,null,0.001,null,0
7245,CHESTE AGRARIA COOP. V,2023→2024,2023,2024,60019,null,prod_ganado,null,17568,17568,null,24.4,null,720
3187,"AZELIS ESPAÑA, S.A.",2023→2024,2023,2024,5205054011,null,prod_ganado,null,5370,5370,null,6,null,895
2722,"BUDENHEIM IBERICA, S.L.U.",2023→2024,2023,2024,42000,null,sin_actividad,null,0,0,null,0.025,null,0
9748,LAURIERI S.R.L.,2023→2024,2023,2024,61228,null,sin_actividad,null,0,0,null,0.001,null,0
6235,"ATRILE 21, S.L.",2023→2024,2023,2024,65030,null,prod_ganado,null,786.24,786.24,null,0.72,null,1092
551,"ICE CREAM FACTORY COMAKER, S.A.",2023→2024,2023,2024,3000050341,null,prod_ganado,null,3950,3950,null,2.5,null,1580
1660,"BEAM SUNTORY SPAIN, S.L.",2023→2024,2023,2024,60010,null,prod_ganado,null,673071.4,673071.4,null,833.56,null,807.47
9157,"MAK FOOD COMPANY, S.L.",2023→2024,2023,2024,60000,null,sin_actividad,null,0,0,null,0.003,null,0
297,"TARBAL FOOD, S.L.",2023→2024,2023,2024,40103,null,prod_ganado,null,432,432,null,0.3,null,1440
566,"ALMACENES MIGUEZ 2005,S.L.",2023→2024,2023,2024,7300037021,null,prod_ganado,null,1088,1088,null,1.6,null,680
9770,HALO FOODS LTD,2023→2024,2023,2024,61298,null,prod_ganado,null,45036,45036,null,24,null,1876.5
3791,"FORTEA CERAS Y MIELES, S.L.",2023→2024,2023,2024,62001,null,prod_ganado,null,4032,4032,null,3.36,null,1200
367,"CASA ROJA MONTEGON, S.L.",2023→2024,2023,2024,5101002011,null,prod_ganado,null,1380,1380,null,1.201,null,1149.04
8350,"MIGA FOODS COMMERCE, S.L.",2023→2024,2023,2024,5205054011,null,prod_ganado,null,5850,5850,null,6,null,975
9194,"HELADOS JOP, S.L.",2023→2024,2023,2024,5205002011,null,prod_ganado,null,5712,5712,null,4.8,null,1190
266,"IBER COCKTAIL, S.L.",2023→2024,2023,2024,7300039291,null,prod_ganado,null,90,90,null,0.125,null,720
1386,"SCENTIUM FLAVOURS, S.L",2023→2024,2023,2024,7300039291,null,prod_ganado,null,600,600,null,0.8,null,750
10080,"GOMEZ MURCIA, MARCO ANTONIO",2023→2024,2023,2024,44313,null,prod_ganado,null,1365,1365,null,1.05,null,1300
2737,"ALFONSO MARTINEZ TORRANO, S.L.",2023→2024,2023,2024,5201002011,null,prod_ganado,null,1344,1344,null,1.2,null,1120
478,"MORENO RUIZ HERMANOS, S.L.",2023→2024,2023,2024,61229,null,sin_actividad,null,0,0,null,0.001,null,0
9956,"NORDMANN, RASSMANN GMBH",2023→2024,2023,2024,1110052321,null,sin_actividad,null,0,0,null,0.005,null,0
9701,SDOUKOS S.A.,2023→2024,2023,2024,61228,null,sin_actividad,null,0,0,null,0.001,null,0
595,"ROSCRIS BENIOPA, S.L",2023→2024,2023,2024,7300039291,null,prod_ganado,null,13568,13568,null,17.6,null,770.91
450,"LA FLOR BURGALESA, S.L.",2023→2024,2023,2024,61229,null,sin_actividad,null,0,0,null,0.001,null,0
419,"DISTRIBUCIONES JAIME SARRION, S.L.",2023→2024,2023,2024,65005,null,prod_ganado,null,562.5,562.5,null,0.45,null,1250
1661,"DELAVIUDA ALIMENTACION, S.A",2023→2024,2023,2024,5205750031,null,prod_ganado,null,9420.54,9420.54,null,11.82,null,797
534,"MC CONSTRUCTION CHEMICAL SPAIN, S.L.",2023→2024,2023,2024,7220032231,null,sin_actividad,null,0,0,null,0.001,null,0
1304,"EMPRESA DE TRANSFORMACIÓN AGRARIA, S.A., S.M.E., M.P (TRAGSA)",2023→2024,2023,2024,7300039291,null,prod_ganado,null,111168,111168,null,115.8,null,960
3504,"CIFRE ALMONACIL, RAFAEL",2023→2024,2023,2024,7400002031,null,prod_ganado,null,357,357,null,0.3,null,1190
9867,"ALETTA DEVELOPMENTS, S.L.",2023→2024,2023,2024,61248,null,prod_ganado,null,548344.97,548344.97,null,468.386,null,1170.71
2855,"AGRO CONTROL 2007, S,L.",2023→2024,2023,2024,4000050331,null,prod_ganado,null,20689.2,20689.2,null,14.45,null,1431.78
9792,OROSKER KFT.,2023→2024,2023,2024,44310,null,prod_ganado,null,66,66,null,0.075,null,880
585,"COLOMA GARCIA, S.L.",2023→2024,2023,2024,7300005081,null,prod_ganado,null,23004,23004,null,21.6,null,1065
418,"MANUFACTURAS CEYLAN, S.L.",2023→2024,2023,2024,7300039291,null,prod_ganado,null,76080,76080,null,116.8,null,651.37
9919,NATURACOSM SARL,2023→2024,2023,2024,44310,null,prod_ganado,null,1062,1062,null,0.9,null,1180
9337,"ORTEGA MARTORELL, JAVIER",2023→2024,2023,2024,44313,null,prod_ganado,null,848.25,848.25,null,0.585,null,1450
9604,"PASTISART, S.A.",2023→2024,2023,2024,7500004011,null,prod_ganado,null,6522,6522,null,6,null,1087
5373,"VERTICE DE INNOVACION Y DESAR.DE ALIMENTOS, S.A.U.",2023→2024,2023,2024,7400004011,null,prod_ganado,null,192899.2,192899.2,null,185.48,null,1040
4600,"JALANCINA NATURE, S.L.",2023→2024,2023,2024,3000750341,null,prod_ganado,null,661.5,661.5,null,0.35,null,1890
271,"LABORATORIOS ALMOND, S.L.",2023→2024,2023,2024,65030,null,prod_ganado,null,1689.6,1689.6,null,1.32,null,1280
9067,"SCHREIBER FOODS ESPAÑA, S.L.",2023→2024,2023,2024,7250007131,null,prod_ganado,null,24552,24552,null,26.45,null,928.24
3921,"IBERFRUTA MUERZA, S.A.",2023→2024,2023,2024,1110049321,null,prod_ganado,null,64103.4,64103.4,null,59.04,null,1085.76
198,"JOSE SANDOVAL, S.L.U.",2023→2024,2023,2024,1110049321,null,prod_ganado,null,6916,6916,null,5.2,null,1330
9825,"KOMVIDA KOMBUCHA, S.L.",2023→2024,2023,2024,60123,null,sin_actividad,null,0,0,null,0.001,null,0
4103,ASOCIACION CANTABRA DE APICULTORES,2023→2024,2023,2024,44313,null,prod_ganado,null,1260,1260,null,1.05,null,1200
401,"SOLER GIMENO, S.L.",2023→2024,2023,2024,5205750031,null,prod_ganado,null,84634.9,84634.9,null,121.226,null,698.16
904,"DAMEL GROUP, S.L. ",2023→2024,2023,2024,2210037021,null,sin_actividad,null,0,0,null,0.003,null,0
444,"LICORES SINC, S.A.",2023→2024,2023,2024,60013,null,prod_ganado,null,27059.06,27059.06,null,37.912,null,713.73
2057,"BACK EUROP ESPAÑA, S.L",2023→2024,2023,2024,5205002011,null,prod_ganado,null,3480,3480,null,2.4,null,1450
1387,"CHERUBINO VALSANGIACOMO, S.A.",2023→2024,2023,2024,99950,null,sin_actividad,null,0,0,null,0.01,null,0
6468,"DULCES LA CARTUJA, S.L.",2023→2024,2023,2024,40207,null,prod_ganado,null,151.6,151.6,null,0.1,null,1516
9194,"HELADOS JOP, S.L.",2023→2024,2023,2024,5205054011,null,prod_ganado,null,8568,8568,null,7.2,null,1190
2074,"ALFREDO IÑESTA, S.L",2023→2024,2023,2024,5101002011,null,prod_ganado,null,5277.6,5277.6,null,4.8,null,1099.5
1528,"JUAN Y JUAN INDUSTRIAL, S.L.U.",2023→2024,2023,2024,7300005081,null,prod_ganado,null,118251.48,118251.48,null,121.06,null,976.8
396,"AGROTRANSFORMADOS, S.A.",2023→2024,2023,2024,61304,null,sin_actividad,null,0,0,null,0.002,null,0
7579,"HIJOS DE JOSE GOMARIZ LOPEZ, S.L.",2023→2024,2023,2024,5101750031,null,prod_ganado,null,1107.6,1107.6,null,1.2,null,923
10082,"LUTTGE, PAUL",2023→2024,2023,2024,44313,null,prod_ganado,null,5625,5625,null,4.5,null,1250
4507,"ALMACEN DE CONFITERIA Y PASTELERIA, S.L.",2023→2024,2023,2024,65005,null,prod_ganado,null,7826.25,7826.25,null,6.495,null,1204.97
577,"FARTONS POLO, S.L.",2023→2024,2023,2024,7610010201,null,prod_ganado,null,1830,1830,null,1,null,1830
524,"APIC. HERMANOS ANDRES NIETO, SDAD. COOP.",2023→2024,2023,2024,44313,null,prod_ganado,null,7612.5,7612.5,null,5.25,null,1450
9657,"BIFEEDBO, S.L.",2023→2024,2023,2024,99134,null,sin_actividad,null,0,0,null,3.786,null,0
2684,"INDUSTRIAS JIJONENCAS, S.A.",2023→2024,2023,2024,5101750031,null,prod_ganado,null,16436.21,16436.21,null,24.278,null,677
5000,"PROCAMP CA'N LLANERAS, S.A.",2023→2024,2023,2024,62001,null,prod_ganado,null,19.4,19.4,null,0.02,null,970
9766,"PERSEO BIOTECHNOLOGY, S.L.",2023→2024,2023,2024,44120,null,sin_actividad,null,0,0,null,0.001,null,0
3384,"PEREZ GARCIA, MARIA DOLORES",2023→2024,2023,2024,40207,null,prod_ganado,null,36.2,36.2,null,0.025,null,1448
9567,SIKA S.A.U.,2023→2024,2023,2024,7300037021,null,prod_ganado,null,5532.8,5532.8,null,5.6,null,988
9157,"MAK FOOD COMPANY, S.L.",2023→2024,2023,2024,61297,null,prod_ganado,null,2418986.88,2418986.88,null,2458.32,null,984
445,"PASTELERIA ARROYO SANCHEZ, S.L.U.",2023→2024,2023,2024,7300015111,null,prod_ganado,null,27581.4,27581.4,null,46.2,null,597
2763,"HERMANOS ROMAN ALAMINOS, S.L.",2023→2024,2023,2024,7400002031,null,prod_ganado,null,20879.1,20879.1,null,19.98,null,1045
9828,"GOODBEER, S.L.",2023→2024,2023,2024,42000,null,prod_ganado,null,4950,4950,null,5,null,990
712,"CARAMELOS CERDAN, S.L.",2023→2024,2023,2024,45006,null,prod_ganado,null,816,816,null,0.96,null,850
1386,"SCENTIUM FLAVOURS, S.L",2023→2024,2023,2024,1110049321,null,sin_actividad,null,0,0,null,0.001,null,0
1786,"ANITIN PANES ESPECIALES, S.L.",2023→2024,2023,2024,4000050331,null,prod_ganado,null,3591.6,3591.6,null,3.65,null,984
2283,"ROENCAR, S.L.U.",2023→2024,2023,2024,65008,null,prod_ganado,null,106.83,106.83,null,0.09,null,1187
2684,"INDUSTRIAS JIJONENCAS, S.A.",2023→2024,2023,2024,42001,null,prod_ganado,null,7312.5,7312.5,null,7.5,null,975
581,TURRON.Y CARAMEL. DE HELLIN SL,2023→2024,2023,2024,5201002011,null,prod_ganado,null,3814.8,3814.8,null,3.6,null,1059.67
1854,"ROYPAS BY NUTRIS, S.A.",2023→2024,2023,2024,99950,null,sin_actividad,null,0,0,null,0.003,null,0
1023,"TORRONS VICENS, S.L.",2023→2024,2023,2024,5201856021,null,prod_ganado,null,4536,4536,null,4.8,null,945
1284,"FRUTAS Y TURRONES, S.A.",2023→2024,2023,2024,1110049321,null,prod_ganado,null,16234.4,16234.4,null,14.3,null,1135.27
3572,"GIL BELLES, JOSE JORGE",2023→2024,2023,2024,62001,null,prod_ganado,null,1575,1575,null,1.5,null,1050
458,"CASTY, S.A.",2023→2024,2023,2024,5205750031,null,prod_ganado,null,474.35,474.35,null,0.53,null,895
6581,PRZEDSIEBIORSTWO PSZCZELARSKIE TOMASZ LYSON SP. Z O.O. SP. K,2023→2024,2023,2024,44310,null,sin_actividad,null,0,0,null,0.001,null,0
10044,"CREACIONES JUGAVI, S.L.",2023→2024,2023,2024,61289,null,sin_actividad,null,0,0,null,0.002,null,0
7956,"STOCKMEIER QUIMICA, SLU",2023→2024,2023,2024,3010750341,null,prod_ganado,null,31500,31500,null,25.002,null,1259.9
4753,"VICENTE SOL, BERNARDO",2023→2024,2023,2024,44315,null,prod_ganado,null,56.7,56.7,null,0.042,null,1350
1430,"BYC CHEMICAL, S.L.",2023→2024,2023,2024,7500004011,null,sin_actividad,null,0,0,null,0,null,null
7817,GENERAL MILLS,2023→2024,2023,2024,62150,null,sin_actividad,null,0,0,null,0.003,null,0
346,"PANARRO FOODS, S.L.",2023→2024,2023,2024,7300037021,null,prod_ganado,null,18810,18810,null,19.8,null,950
9157,"MAK FOOD COMPANY, S.L.",2023→2024,2023,2024,64097,null,prod_ganado,null,380212.56,380212.56,null,349.631,null,1087.47
4187,"AMILCAR & MORGADO, LDA",2023→2024,2023,2024,44315,null,prod_ganado,null,8329.44,8329.44,null,5.04,null,1652.67
2272,"PIMENTON Y ESPECIAS DON SABOR, S.L.",2023→2024,2023,2024,7300039291,null,prod_ganado,null,1045.25,1045.25,null,1.225,null,853.27
478,"MORENO RUIZ HERMANOS, S.L.",2023→2024,2023,2024,61289,null,sin_actividad,null,0,0,null,0.001,null,0
466,"DULCES LA PONDEROSA, S.L.",2023→2024,2023,2024,7300039291,null,prod_ganado,null,37440,37440,null,60,null,624
9826,HARIBO RICQLES ZAN,2023→2024,2023,2024,99950,null,sin_actividad,null,0,0,null,0.001,null,0
2909,"MANIPULADOS DE CEBOLLAS Y DERIVADOS, S.L.",2023→2024,2023,2024,7230007131,null,prod_ganado,null,102938,102938,null,116.977,null,879.98
9520,"GOLOSINAS MININOLAS, S.L.U.",2023→2024,2023,2024,43054,null,prod_ganado,null,14664,14664,null,5.64,null,2600
346,"PANARRO FOODS, S.L.",2023→2024,2023,2024,5100050031,null,prod_ganado,null,10083.6,10083.6,null,9.6,null,1050.38
458,"CASTY, S.A.",2023→2024,2023,2024,5206750031,null,prod_ganado,null,78877.72,78877.72,null,120.424,null,655
551,"ICE CREAM FACTORY COMAKER, S.A.",2023→2024,2023,2024,3000750341,null,prod_ganado,null,47005,47005,null,29.75,null,1580
5245,"ELGORRIAGA BRANDS, S.A.",2023→2024,2023,2024,1110049321,null,prod_ganado,null,9204,9204,null,7.8,null,1180
599,"KARSAN, C.B.",2023→2024,2023,2024,7300039291,null,prod_ganado,null,22200,22200,null,24,null,925
891,"MONTEALBOR ALIMENTACION, S.A.U",2023→2024,2023,2024,7400002031,null,prod_ganado,null,1060,1060,null,1,null,1060
9738,"ROMERO ROMERO, ANGEL",2023→2024,2023,2024,44313,null,prod_ganado,null,1543.5,1543.5,null,1.05,null,1470
1528,"JUAN Y JUAN INDUSTRIAL, S.L.U.",2023→2024,2023,2024,7200017111,null,prod_ganado,null,790,790,null,1,null,790
8046,"COSTA CONCENTRADOS LEVANTINOS, S.L.",2023→2024,2023,2024,40206,null,prod_ganado,null,3525,3525,null,3,null,1175
4761,"AYORA PORCAR, NESTOR",2023→2024,2023,2024,44301,null,prod_ganado,null,1710,1710,null,1.8,null,950
8563,"PERPIÑÁN GRAU, ISMAEL",2023→2024,2023,2024,44301,null,prod_ganado,null,6002.5,6002.5,null,8.575,null,700
6338,CENTRO NAC. TECNOLOGIA Y SEGURIDAD ALIMENTARIA,2023→2024,2023,2024,3010050341,null,sin_actividad,null,0,0,null,0.005,null,0
462,"ROMEDUL, S.L.",2023→2024,2023,2024,5101750031,null,prod_ganado,null,10069.6,10069.6,null,12.28,null,820
6052,DICHEM FOODS  S.A.,2023→2024,2023,2024,61229,null,sin_actividad,null,0,0,null,0.001,null,0
297,"TARBAL FOOD, S.L.",2023→2024,2023,2024,5201050031,null,prod_ganado,null,9996,9996,null,8.4,null,1190
2283,"ROENCAR, S.L.U.",2023→2024,2023,2024,44111,null,prod_ganado,null,2376,2376,null,2.4,null,990
595,"ROSCRIS BENIOPA, S.L",2023→2024,2023,2024,65030,null,prod_ganado,null,14.4,14.4,null,0.015,null,960
1293,"PAPRIMUR, S.L.",2023→2024,2023,2024,7300039291,null,prod_ganado,null,952,952,null,0.8,null,1190
1747,"FRUIT TECH NATURAL, S.A.",2023→2024,2023,2024,7400002031,null,prod_ganado,null,290633.5,290633.5,null,293.15,null,991.42
200,MARIN GIMENEZ HNOS. S.A.,2023→2024,2023,2024,60105,null,sin_actividad,null,0,0,null,0.002,null,0
8247,"ALLJUICEMED, S.L.",2023→2024,2023,2024,61245,null,prod_ganado,null,230739.2,230739.2,null,198.4,null,1163
9628,"CERVERA DIAGO, JOSE MARIA",2023→2024,2023,2024,7820022041,null,prod_ganado,null,67.5,67.5,null,0.05,null,1350
512,"SUGAR'S MAGIC, S.L.",2023→2024,2023,2024,5201002011,null,prod_ganado,null,8200.5,8200.5,null,9.94,null,825
3187,"AZELIS ESPAÑA, S.A.",2023→2024,2023,2024,42000,null,prod_ganado,null,7681,7681,null,7.9,null,972.28
4744,"PEREZ PEREZ, ADRIAN",2023→2024,2023,2024,62000,null,prod_ganado,null,1320,1320,null,1.2,null,1100
6251,"MIX PAK SYSTEM, S.L.",2023→2024,2023,2024,3000750341,null,prod_ganado,null,16125,16125,null,12.5,null,1290
436,"TURRONES JOSE GARRIGOS, S.A.",2023→2024,2023,2024,1110049321,null,prod_ganado,null,12285,12285,null,11.7,null,1050
9195,"ASM NATURAL EXPERIENCE FRANCHISES, S.L.",2023→2024,2023,2024,4000050331,null,prod_ganado,null,1148.55,1148.55,null,0.775,null,1482
581,TURRON.Y CARAMEL. DE HELLIN SL,2023→2024,2023,2024,7500004011,null,prod_ganado,null,1971,1971,null,3,null,657
8519,"PAULINO SOLANELLAS, S.L.",2023→2024,2023,2024,61228,null,sin_actividad,null,0,0,null,0.001,null,0
6278,"URRIETA ROVIRA, JOSE MANUEL",2023→2024,2023,2024,62020,null,prod_ganado,null,858,858,null,0.75,null,1144
8836,"AGROCENTROS LEON, S.L.",2023→2024,2023,2024,44315,null,prod_ganado,null,5833.8,5833.8,null,4.2,null,1389
7918,"REFRESCO IBERIA, S.A.U. ",2023→2024,2023,2024,7400002031,null,prod_ganado,null,189363.6,189363.6,null,182.96,null,1035
1854,"ROYPAS BY NUTRIS, S.A.",2023→2024,2023,2024,2100050331,null,prod_ganado,null,43460.63,43460.63,null,44.575,null,975
9919,NATURACOSM SARL,2023→2024,2023,2024,44314,null,prod_ganado,null,2037,2037,null,1.05,null,1940
8553,"NATURAL BEE SPAIN, S.L",2023→2024,2023,2024,7300039291,null,prod_ganado,null,2000,2000,null,2,null,1000
450,"LA FLOR BURGALESA, S.L.",2023→2024,2023,2024,99950,null,sin_actividad,null,0,0,null,0.003,null,0
7476,GOBIOTICS BV,2023→2024,2023,2024,61289,null,prod_ganado,null,3300,3300,null,1.201,null,2747.71
484,"PRODUCTOS LA PILARICA, S.A.",2023→2024,2023,2024,7300039291,null,prod_ganado,null,15840,15840,null,24,null,660
6558,"SOC CHEF, S.L.",2023→2024,2023,2024,5205050031,null,prod_ganado,null,3312,3312,null,3.6,null,920
9940,"EUROGERM-IBERIA, S.L.U",2023→2024,2023,2024,61229,null,sin_actividad,null,0,0,null,0.001,null,0
208,"LICORES Y DERIVADOS, S.A.",2023→2024,2023,2024,7500004011,null,sin_actividad,null,0,0,null,0,null,null
9134,"VOLTEC ELECTRO SISTEMES, S.L.",2023→2024,2023,2024,7300005081,null,sin_actividad,null,0,0,null,0,null,null
2298,"GRACOMSA ALIMENTARIA, S.A.U.",2023→2024,2023,2024,62150,null,sin_actividad,null,0,0,null,0.001,null,0
585,"COLOMA GARCIA, S.L.",2023→2024,2023,2024,7300037021,null,prod_ganado,null,25560,25560,null,24,null,1065
1513,"AGROBIO, S.L.",2023→2024,2023,2024,62091,null,prod_ganado,null,277688.9,277688.9,null,428.82,null,647.57
3863,"LA TRADICION M&T, S.L.",2023→2024,2023,2024,3010750341,null,prod_ganado,null,6875,6875,null,5,null,1375
4897,"LLOBET MARCO, MANUEL",2023→2024,2023,2024,44313,null,prod_ganado,null,627.75,627.75,null,0.405,null,1550
3479,"LA TAHONA DE UTIEL, S.L.",2023→2024,2023,2024,5205050031,null,sin_actividad,null,0,0,null,0.001,null,0
4744,"PEREZ PEREZ, ADRIAN",2023→2024,2023,2024,62001,null,prod_ganado,null,1552,1552,null,1.4,null,1108.57
1786,"ANITIN PANES ESPECIALES, S.L.",2023→2024,2023,2024,7400002031,null,prod_ganado,null,3980,3980,null,4,null,995
2903,"MEDITERRANEA MELLIS, S.L.",2023→2024,2023,2024,61166,null,prod_ganado,null,368104.1,368104.1,null,291.28,null,1263.75
534,"MC CONSTRUCTION CHEMICAL SPAIN, S.L.",2023→2024,2023,2024,7300015111,null,prod_ganado,null,2750,2750,null,4.4,null,625
9615,BACKALDRIN INTERNATIONAL THE KORNSPITZ COMPANY GMBH,2023→2024,2023,2024,61229,null,sin_actividad,null,0,0,null,0.001,null,0
4505,"FIESTA COLOMBINA, S.L.U.",2023→2024,2023,2024,3010050341,null,prod_ganado,null,2356.25,2356.25,null,1.25,null,1885
9724,IPF SAS,2023→2024,2023,2024,61200,null,sin_actividad,null,0,0,null,0.001,null,0
8093,"FERTILIZANTES ORGÁNICOS DEL MEDITERRÁNEO, S.L.",2023→2024,2023,2024,5101856021,null,prod_ganado,null,8700,8700,null,6,null,1450
2832,DULCES LA ABUELA COOP VNA,2023→2024,2023,2024,5101002011,null,prod_ganado,null,6552,6552,null,7.2,null,910
7867,"SINBLAT ALIMENTACION SALUDABLE, S.L.",2023→2024,2023,2024,5101856021,null,prod_ganado,null,5280,5280,null,4.8,null,1100
4623,"FRATER ALIMENTOS, S.L.",2023→2024,2023,2024,7300039291,null,prod_ganado,null,12500,12500,null,20,null,625
9833,DONNY G APICOLE SRL,2023→2024,2023,2024,44315,null,prod_ganado,null,8475.6,8475.6,null,5.04,null,1681.67
7372,"PASTOR TORRES, FRANCISCO",2023→2024,2023,2024,62001,null,prod_ganado,null,2150.4,2150.4,null,1.68,null,1280
9628,"CERVERA DIAGO, JOSE MARIA",2023→2024,2023,2024,40207,null,prod_ganado,null,270,270,null,0.2,null,1350
2256,"DULCES Y CONSERVAS HELIOS, S.A.",2023→2024,2023,2024,1110049321,null,prod_ganado,null,154219.4,154219.4,null,145.49,null,1060
400,"ASOCIACION IND. ALICANTINA DEL HELADO, S.A.",2023→2024,2023,2024,3000750341,null,prod_ganado,null,60956,60956,null,41.6,null,1465.29
8994,"NATURECO, S.L.",2023→2024,2023,2024,61218,null,sin_actividad,null,0,0,null,0.001,null,0
1286,"TIMUR LEVANTE, S.L.",2023→2024,2023,2024,60000,null,sin_actividad,null,0,0,null,0.001,null,0
9826,HARIBO RICQLES ZAN,2023→2024,2023,2024,62154,null,sin_actividad,null,0,0,null,0.001,null,0
7410,"DEL OLMO CUEVAS, HECTOR",2023→2024,2023,2024,44315,null,prod_ganado,null,50.4,50.4,null,0.028,null,1800
7897,"MANDIC OUTMILL MS4, S.L.",2023→2024,2023,2024,4000050331,null,prod_ganado,null,148.5,148.5,null,0.15,null,990
421,"JOSE GARCIA E HIJOS, S.L.",2023→2024,2023,2024,7300039291,null,prod_ganado,null,37940,37940,null,47.001,null,807.22
7115,"RIVERBEND ESPAÑA, S.A",2023→2024,2023,2024,7300039291,null,prod_ganado,null,22540,22540,null,23,null,980
9832,FRANCISCO J. RUBIO JIMENEZ,2023→2024,2023,2024,40207,null,prod_ganado,null,101.25,101.25,null,0.075,null,1350
5780,"NAVARRO SANCHEZ, PASCUAL",2023→2024,2023,2024,44301,null,prod_ganado,null,10827.5,10827.5,null,17.75,null,610
10037,"DELGADO COLINO, MANUEL",2023→2024,2023,2024,60207,null,sin_actividad,null,0,0,null,0.001,null,0
531,"DESARROLLOS PANADEROS LEVANTINOS, S.L.L.",2023→2024,2023,2024,7500004011,null,prod_ganado,null,4608,4608,null,4.8,null,960
1854,"ROYPAS BY NUTRIS, S.A.",2023→2024,2023,2024,5200002011,null,prod_ganado,null,218413.44,218413.44,null,325.02,null,672
8003,"OBLEAS QUINTIN, S.L.",2023→2024,2023,2024,4000050331,null,prod_ganado,null,4949.63,4949.63,null,5.025,null,985
4505,"FIESTA COLOMBINA, S.L.U.",2023→2024,2023,2024,3010750341,null,prod_ganado,null,17389.13,17389.13,null,9.225,null,1885
8003,"OBLEAS QUINTIN, S.L.",2023→2024,2023,2024,60010,null,sin_actividad,null,0,0,null,0.005,null,0
6581,PRZEDSIEBIORSTWO PSZCZELARSKIE TOMASZ LYSON SP. Z O.O. SP. K,2023→2024,2023,2024,62001,null,sin_actividad,null,0,0,null,0.001,null,0
450,"LA FLOR BURGALESA, S.L.",2023→2024,2023,2024,5101050031,null,prod_ganado,null,2392.8,2392.8,null,2.4,null,997
2611,"NAVARRO SANCHEZ, RAFAEL",2023→2024,2023,2024,44301,null,prod_ganado,null,11498.5,11498.5,null,18.85,null,610
9765,"MUNDAKA HELADOS, S.L.",2023→2024,2023,2024,7300037021,null,prod_ganado,null,1280,1280,null,1.6,null,800
7921,"GRANIZADOS MARESME, S.L.",2023→2024,2023,2024,61289,null,sin_actividad,null,0,0,null,0.001,null,0
1919,"MACIAS DE LA CORTE, MIRIAN",2023→2024,2023,2024,44301,null,prod_ganado,null,2160,2160,null,2.4,null,900
4190,"DOMINGUEZ GOMEZ, MARIA TERESA",2023→2024,2023,2024,44313,null,prod_ganado,null,1170,1170,null,0.78,null,1500
9385,SMART ORGANIC AD,2023→2024,2023,2024,61229,null,sin_actividad,null,0,0,null,0.001,null,0
8519,"PAULINO SOLANELLAS, S.L.",2023→2024,2023,2024,61229,null,sin_actividad,null,0,0,null,0.001,null,0
220,"PASTELERIA GIMAR, S.L.",2023→2024,2023,2024,1210002031,null,sin_actividad,null,0,0,null,0.001,null,0
9576,TRINOVA AG,2023→2024,2023,2024,61287,null,prod_ganado,null,915,915,null,0.3,null,3050
4619,"EUROPEA DE APICULTURA, S.L.",2023→2024,2023,2024,44314,null,prod_ganado,null,150,150,null,0.075,null,2000
7440,"LOPEZ FOOD GROUP, S.L.",2023→2024,2023,2024,5101002011,null,prod_ganado,null,64997.1,64997.1,null,71.82,null,905
321,"PRODUCTOS PEPITO, S.L.U.",2023→2024,2023,2024,7400002031,null,prod_ganado,null,625,625,null,0.5,null,1250
215,"MARTIN BRAUN, S.A.",2023→2024,2023,2024,7300037021,null,prod_ganado,null,65360,65360,null,68.8,null,950
5444,"ESCOT SAIZ, EDUARDO",2023→2024,2023,2024,44313,null,prod_ganado,null,68.25,68.25,null,0.045,null,1516.67
8621,"JUAN FERRI, JUAN JOSE",2023→2024,2023,2024,7400002031,null,prod_ganado,null,1131.45,1131.45,null,0.95,null,1191
4686,OMNIUM AGRICOLE DU SOUSS,2023→2024,2023,2024,62004,null,prod_ganado,null,25493.65,25493.65,null,21.55,null,1183
385,"BIOMIP BIOLOGICAL QUALITY, S.L.",2023→2024,2023,2024,44315,null,sin_actividad,null,0,0,null,0.029,null,0
8837,"AMARITTA FOOD, S.L.",2023→2024,2023,2024,99950,null,sin_actividad,null,0,0,null,0.001,null,0
2916,"SUC. DE MUÑOZ Y PUJANTE, S.L.",2023→2024,2023,2024,65005,null,prod_ganado,null,7341.75,7341.75,null,5.85,null,1255
2677,"PREELABORADOS ALIMENTARIOS, S.L.",2023→2024,2023,2024,7400002031,null,prod_ganado,null,21934,21934,null,22,null,997
7060,"SUAY SOLAZ, YOLANDA",2023→2024,2023,2024,44313,null,prod_ganado,null,3045,3045,null,2.1,null,1450
9849,MORALCO S.R.L.,2023→2024,2023,2024,2331065321,null,prod_ganado,null,2175,2175,null,0.75,null,2900
10107,SAMECA PRODUTOS QUIMICOS SA,2023→2024,2023,2024,60200,null,sin_actividad,null,0,0,null,0.001,null,0
9849,MORALCO S.R.L.,2023→2024,2023,2024,99950,null,sin_actividad,null,0,0,null,0.004,null,0
282,"PRODUCTOS LOZANO, S.L.",2023→2024,2023,2024,5100050031,null,prod_ganado,null,3180,3180,null,2.4,null,1325
3225,"SURIVAN FEEL THE TASTE, S.L.",2023→2024,2023,2024,65030,null,prod_ganado,null,21186,21186,null,19.26,null,1100
769,"ANGEL CAMACHO ALIMENTACION, S.L.",2023→2024,2023,2024,3000750341,null,prod_ganado,null,172264,172264,null,141.2,null,1220
3805,"MONTEJANO NAVARRO, MARIA DEL CARMEN",2023→2024,2023,2024,44313,null,prod_ganado,null,2074.5,2074.5,null,1.44,null,1440.62
455,"EMILIO PEÑA, S.A.",2023→2024,2023,2024,7500004011,null,prod_ganado,null,2380,2380,null,2,null,1190
8854,JOHANNES LÜHDERS KG,2023→2024,2023,2024,61229,null,sin_actividad,null,0,0,null,0.001,null,0
3294,"PUNTO GOFRE, S.L.",2023→2024,2023,2024,4000050331,null,prod_ganado,null,3828.75,3828.75,null,3.75,null,1021
266,"IBER COCKTAIL, S.L.",2023→2024,2023,2024,7300037021,null,prod_ganado,null,90,90,null,0.125,null,720
450,"LA FLOR BURGALESA, S.L.",2023→2024,2023,2024,65005,null,prod_ganado,null,26426.4,26426.4,null,31.2,null,847
2860,"ACEITUNAS KARINA, S.L.",2023→2024,2023,2024,3000750341,null,prod_ganado,null,31500,31500,null,22.5,null,1400
6557,"MAR FERTILIZANTES, S.L.",2023→2024,2023,2024,5101054011,null,prod_ganado,null,2304,2304,null,2.4,null,960
279,"DULCES Y GOLOSINAS GLORIA, S.L.",2023→2024,2023,2024,5201050031,null,prod_ganado,null,8430.35,8430.35,null,12.13,null,695
874,"COMERCIAL MAPROHELCO, S.L.",2023→2024,2023,2024,7300037021,null,prod_ganado,null,1280,1280,null,1.6,null,800
7612,DPTO. COMERCIAL,2023→2024,2023,2024,62032,null,sin_actividad,null,0,0,null,0.01,null,0
5998,"FRANCISCO ARAGON, S.L.U.",2023→2024,2023,2024,5201054011,null,prod_ganado,null,1758,1758,null,1.2,null,1465
610,"TURRONES DOS HERMANOS,S.L.",2023→2024,2023,2024,5100750031,null,prod_ganado,null,8085.2,8085.2,null,9.86,null,820
9796,"DULCES GIL, S.A.",2023→2024,2023,2024,5201050031,null,prod_ganado,null,8077.04,8077.04,null,11.878,null,680
3408,"RUIZ LEAL, MANUEL",2023→2024,2023,2024,44301,null,prod_ganado,null,9542.1,9542.1,null,9.6,null,993.97
7708,"MARTIN BERNAL, LAURA",2023→2024,2023,2024,65030,null,prod_ganado,null,1999.8,1999.8,null,1.98,null,1010
581,TURRON.Y CARAMEL. DE HELLIN SL,2023→2024,2023,2024,5201050031,null,prod_ganado,null,5228.4,5228.4,null,6,null,871.4
2909,"MANIPULADOS DE CEBOLLAS Y DERIVADOS, S.L.",2023→2024,2023,2024,7250029261,null,sin_actividad,null,0,0,null,0.001,null,0
9854,"NORDMANN PORTUGAL, S.A.",2023→2024,2023,2024,2210037021,null,sin_actividad,null,0,0,null,0.001,null,0
3419,"ULTIMOS PANADEROS, S.L.",2023→2024,2023,2024,60105,null,sin_actividad,null,0,0,null,0.001,null,0
7921,"GRANIZADOS MARESME, S.L.",2023→2024,2023,2024,61200,null,sin_actividad,null,0,0,null,0.001,null,0
4369,"LA TIENDA DEL APICULTOR, S.L.U.",2023→2024,2023,2024,44335,null,prod_ganado,null,1320,1320,null,1,null,1320
9828,"GOODBEER, S.L.",2023→2024,2023,2024,60000,null,sin_actividad,null,0,0,null,0.001,null,0
9463,"ADIEGO HERMANOS, S.A.",2023→2024,2023,2024,1210002031,null,prod_ganado,null,24852,24852,null,22.8,null,1090
9958,"NORDMANN, RASSMANN ROMANIA S.R.L.",2023→2024,2023,2024,61200,null,sin_actividad,null,0,0,null,0.002,null,0
577,"FARTONS POLO, S.L.",2023→2024,2023,2024,5101002011,null,prod_ganado,null,1104,1104,null,1.2,null,920
5679,"AB MAURI FOOD, S.A.",2023→2024,2023,2024,7600004011,null,sin_actividad,null,0,0,null,0.003,null,0
2073,"PLATOS TRADICIONALES, S.A",2023→2024,2023,2024,7300005081,null,prod_ganado,null,36456,36456,null,32.55,null,1120
9670,FOOD SPECIALITIES LIMITED FSL,2023→2024,2023,2024,2331065321,null,sin_actividad,null,0,0,null,0.001,null,0
1771,"EL CASERIO, S.A",2023→2024,2023,2024,1110049321,null,prod_ganado,null,105091,105091,null,97.66,null,1076.09
9134,"VOLTEC ELECTRO SISTEMES, S.L.",2023→2024,2023,2024,7300039291,null,sin_actividad,null,0,0,null,0,null,null
419,"DISTRIBUCIONES JAIME SARRION, S.L.",2023→2024,2023,2024,7300005081,null,prod_ganado,null,1968,1968,null,2.4,null,820
9854,"NORDMANN PORTUGAL, S.A.",2023→2024,2023,2024,61298,null,sin_actividad,null,0,0,null,0.015,null,0
6585,"GONZALEZ REVIRIEGO, OLMO",2023→2024,2023,2024,44314,null,prod_ganado,null,1157.1,1157.1,null,0.57,null,2030
484,"PRODUCTOS LA PILARICA, S.A.",2023→2024,2023,2024,4000050331,null,prod_ganado,null,61100,61100,null,65,null,940
3375,"EUROCHOC, S.L.",2023→2024,2023,2024,65015,null,prod_ganado,null,3237,3237,null,3.9,null,830
9725,"SILEMA BCN, S.L.",2023→2024,2023,2024,61200,null,sin_actividad,null,0,0,null,0.001,null,0
9781,ADVANCE SCIENCE LIMITED,2023→2024,2023,2024,44310,null,sin_actividad,null,0,0,null,0.002,null,0
1253,"HORCHATA EL COSECHERO, S.L.",2023→2024,2023,2024,7300037021,null,prod_ganado,null,21945,21945,null,23.1,null,950
9609,"VAMINTER, S.L.",2023→2024,2023,2024,7400048311,null,prod_ganado,null,625,625,null,0.5,null,1250
9822,SWEET CASTILLA S.L,2023→2024,2023,2024,61228,null,sin_actividad,null,0,0,null,0.001,null,0
518,"PASTELERIA AMPARIN, S.L.",2023→2024,2023,2024,7500004011,null,prod_ganado,null,3040,3040,null,3.2,null,950
524,"APIC. HERMANOS ANDRES NIETO, SDAD. COOP.",2023→2024,2023,2024,60134,null,prod_ganado,null,17429,17429,null,24.04,null,725
2073,"PLATOS TRADICIONALES, S.A",2023→2024,2023,2024,7300039291,null,prod_ganado,null,42944,42944,null,52.8,null,813.33
9994,AUDE API,2023→2024,2023,2024,44315,null,prod_ganado,null,686,686,null,0.49,null,1400
9385,SMART ORGANIC AD,2023→2024,2023,2024,61289,null,prod_ganado,null,0.5,0.5,null,0.001,null,500
9575,"GREEN BEVERAGES ESPAÑA, SL",2023→2024,2023,2024,7840046301,null,prod_ganado,null,1300,1300,null,1,null,1300
400,"ASOCIACION IND. ALICANTINA DEL HELADO, S.A.",2023→2024,2023,2024,3000050341,null,prod_ganado,null,14208,14208,null,9.6,null,1480
3049,"LA GRANJA FOODS 1959, S.L.",2023→2024,2023,2024,7230007131,null,sin_actividad,null,0,0,null,0.001,null,0
10026,"MARHEV SRO, S.A.",2023→2024,2023,2024,45006,null,prod_ganado,null,82800,82800,null,120.002,null,689.99
3863,"LA TRADICION M&T, S.L.",2023→2024,2023,2024,5201750031,null,prod_ganado,null,1187.5,1187.5,null,1.25,null,950
3572,"GIL BELLES, JOSE JORGE",2023→2024,2023,2024,44315,null,prod_ganado,null,1833.93,1833.93,null,0.994,null,1845
3479,"LA TAHONA DE UTIEL, S.L.",2023→2024,2023,2024,1210054031,null,prod_ganado,null,7740,7740,null,6,null,1290
1787,"DULCES DEL TURIA, S.L.",2023→2024,2023,2024,7300005081,null,prod_ganado,null,2487.75,2487.75,null,2.55,null,975.59
1000,CLIENTES VARIOS (CONTADO),2023→2024,2023,2024,7300037021,null,sin_actividad,null,0,0,null,0.05,null,0
4567,"CARBONELL ANTICH, MARIA GRACIA",2023→2024,2023,2024,3000750341,null,prod_ganado,null,362.5,362.5,null,0.25,null,1450
3287,"DELAFRUIT, S.L.U",2023→2024,2023,2024,7820022041,null,sin_actividad,null,0,0,null,0.001,null,0
9183,"VIVER KOMBUCHA, S.L.",2023→2024,2023,2024,60003,null,sin_actividad,null,0,0,null,0.001,null,0
9744,"NOVASYS PHARMA, S.L.U.",2023→2024,2023,2024,7300039291,null,prod_ganado,null,1455.5,1455.5,null,1.5,null,970.33
2073,"PLATOS TRADICIONALES, S.A",2023→2024,2023,2024,7400002031,null,prod_ganado,null,14336,14336,null,12.8,null,1120
346,"PANARRO FOODS, S.L.",2023→2024,2023,2024,5100002011,null,prod_ganado,null,56908.8,56908.8,null,74.1,null,768
5230,"MARCHUET PALMERO, CARLOS",2023→2024,2023,2024,62001,null,prod_ganado,null,2070,2070,null,2,null,1035
1385,"TRADING SURESTE, S.L.",2023→2024,2023,2024,40207,null,prod_ganado,null,3630,3630,null,6,null,605
2532,"ORTEGA GIMENEZ, JAVIER",2023→2024,2023,2024,44313,null,prod_ganado,null,1174.5,1174.5,null,0.81,null,1450
239,"ASOCIACION DE APICULTORES DE VIZCAYA, B.E.",2023→2024,2023,2024,62020,null,prod_ganado,null,266,266,null,0.25,null,1064
9919,NATURACOSM SARL,2023→2024,2023,2024,62021,null,prod_ganado,null,1374,1374,null,1.2,null,1145
775,"NATRA CACAO,S.L.",2023→2024,2023,2024,7300039291,null,prod_ganado,null,1784356.5,1784356.5,null,1966.86,null,907.21
297,"TARBAL FOOD, S.L.",2023→2024,2023,2024,5201054011,null,prod_ganado,null,5712,5712,null,4.8,null,1190
716,"PENALVA ALIMENTACION, S.A.",2023→2024,2023,2024,4000050331,null,prod_ganado,null,8968.75,8968.75,null,8.75,null,1025
9670,FOOD SPECIALITIES LIMITED FSL,2023→2024,2023,2024,61289,null,sin_actividad,null,0,0,null,0.001,null,0
450,"LA FLOR BURGALESA, S.L.",2023→2024,2023,2024,7800059261,null,prod_ganado,null,7740,7740,null,6,null,1290
204,"PERNOD RICARD ESPAÑA, S.A.",2023→2024,2023,2024,62150,null,sin_actividad,null,0,0,null,0.001,null,0
10079,"APIGLASS ENVASES Y MATERIAL APICOLA, S.L.U.",2023→2024,2023,2024,44315,null,prod_ganado,null,1092,1092,null,0.84,null,1300
1293,"PAPRIMUR, S.L.",2023→2024,2023,2024,7500004011,null,prod_ganado,null,952,952,null,0.8,null,1190
9195,"ASM NATURAL EXPERIENCE FRANCHISES, S.L.",2023→2024,2023,2024,65008,null,prod_ganado,null,367.74,367.74,null,0.27,null,1362
9954,"MANUFACTURAS THADER, S.L.",2023→2024,2023,2024,61289,null,sin_actividad,null,0,0,null,0.001,null,0
6251,"MIX PAK SYSTEM, S.L.",2023→2024,2023,2024,3010050341,null,prod_ganado,null,3350,3350,null,2.5,null,1340
9520,"GOLOSINAS MININOLAS, S.L.U.",2023→2024,2023,2024,5201002011,null,sin_actividad,null,0,0,null,0.001,null,0
8349,"AGOTZAINA, S.L.",2023→2024,2023,2024,40340,null,prod_ganado,null,3604,3604,null,2.65,null,1360
2684,"INDUSTRIAS JIJONENCAS, S.A.",2023→2024,2023,2024,5101050031,null,prod_ganado,null,24163.48,24163.48,null,35.692,null,677
5454,"ALIMENTACION Y NUTRICION FAMILIAR, S.L.",2023→2024,2023,2024,7300039291,null,prod_ganado,null,16892,16892,null,22.4,null,754.11
454,"SCKUESTRANCE, S.L.",2023→2024,2023,2024,5201002011,null,prod_ganado,null,18693,18693,null,20.1,null,930
7897,"MANDIC OUTMILL MS4, S.L.",2023→2024,2023,2024,7300037021,null,prod_ganado,null,371.25,371.25,null,0.375,null,990
5653,ASOCIACION PALENTINA DE APICULTORES,2023→2024,2023,2024,62001,null,sin_actividad,null,0,0,null,0.03,null,0
1643,"DULCES ARTESANALES LINARES, S.L",2023→2024,2023,2024,7500004011,null,prod_ganado,null,3560,3560,null,4,null,890
194,"COFRUTOS, S.A.",2023→2024,2023,2024,64094,null,prod_ganado,null,24326.64,24326.64,null,23.92,null,1017
302,"BODEGAS Y DESTILERIAS DEL SUR, S.A.",2023→2024,2023,2024,60010,null,prod_ganado,null,89505.22,89505.22,null,191.66,null,467
367,"CASA ROJA MONTEGON, S.L.",2023→2024,2023,2024,5101750031,null,prod_ganado,null,2532,2532,null,2.4,null,1055
361,"MARTIN GIL, EMILIA",2023→2024,2023,2024,44313,null,prod_ganado,null,1170,1170,null,0.78,null,1500
2684,"INDUSTRIAS JIJONENCAS, S.A.",2023→2024,2023,2024,41006,null,prod_ganado,null,5512.25,5512.25,null,4.25,null,1297
3997,"BRENNTAG QUIMICA, S.A.U.",2023→2024,2023,2024,3000750341,null,sin_actividad,null,0,0,null,0,null,null
2577,"IMPORTACO CASA PONS, S.A.U.",2023→2024,2023,2024,65006,null,prod_ganado,null,3348,3348,null,2.7,null,1240
9824,GALLETAS ARTIACH S.A.U.,2023→2024,2023,2024,99950,null,sin_actividad,null,0,0,null,0.025,null,0
3610,"PINAZO MARTINEZ, JULIAN",2023→2024,2023,2024,62020,null,prod_ganado,null,572,572,null,0.5,null,1144
605,PROMIEL AGRUP. DE AP.COOP.VNA.,2023→2024,2023,2024,44301,null,prod_ganado,null,18328,18328,null,23.2,null,790
7022,"FRUTOS SECOS EMPERADOR, S.L.",2023→2024,2023,2024,7300005081,null,prod_ganado,null,3564,3564,null,3.6,null,990
211,"MARTINEZ NIETO, S.A.",2023→2024,2023,2024,3020750341,null,prod_ganado,null,120905.51,120905.51,null,98.677,null,1225.27
1314,"MANUFACTURAS PIBERNAT, S.L.",2023→2024,2023,2024,40207,null,prod_ganado,null,13200,13200,null,20,null,660
542,"SDAD.ESPAÑOLA COLOR. NATURALES Y AFINES, S.A.U.",2023→2024,2023,2024,1110049321,null,prod_ganado,null,103866.6,103866.6,null,98.44,null,1055.13
3225,"SURIVAN FEEL THE TASTE, S.L.",2023→2024,2023,2024,3010750341,null,prod_ganado,null,2780,2780,null,2,null,1390
3218,"DEL RIO GIL, LINDA",2023→2024,2023,2024,44301,null,prod_ganado,null,9350,9350,null,11,null,850
609,"ALBORCHATA,S.L.",2023→2024,2023,2024,7300037021,null,prod_ganado,null,9968,9968,null,11.2,null,890
3187,"AZELIS ESPAÑA, S.A.",2023→2024,2023,2024,4000050331,null,prod_ganado,null,34831.25,34831.25,null,36.876,null,944.55
9449,"CASALTA CERISUELO, SALVADOR",2023→2024,2023,2024,62001,null,prod_ganado,null,287.5,287.5,null,0.25,null,1150
9067,"SCHREIBER FOODS ESPAÑA, S.L.",2023→2024,2023,2024,7400002031,null,prod_ganado,null,240476.1,240476.1,null,234.04,null,1027.5
9956,"NORDMANN, RASSMANN GMBH",2023→2024,2023,2024,61289,null,sin_actividad,null,0,0,null,0.01,null,0
9107,"MARTIN PAVON, MARIA JOSE",2023→2024,2023,2024,44313,null,sin_actividad,null,0,0,null,0,null,null
9634,ALLIVE EUROPE UAB,2023→2024,2023,2024,99950,null,sin_actividad,null,0,0,null,0.001,null,0
440,"MAZAPANES Y DULCES DE TOLEDO, S.A.",2023→2024,2023,2024,5101750031,null,prod_ganado,null,1740,1740,null,1.2,null,1450
4369,"LA TIENDA DEL APICULTOR, S.L.U.",2023→2024,2023,2024,7220030211,null,prod_ganado,null,12138,12138,null,20.4,null,595
2832,DULCES LA ABUELA COOP VNA,2023→2024,2023,2024,5101054011,null,prod_ganado,null,2136,2136,null,2.4,null,890
6828,AGRUP.DEFENSA SANIT.APIC.REG.DE MURCIA,2023→2024,2023,2024,62001,null,prod_ganado,null,4801.5,4801.5,null,4.95,null,970
453,"AZUCARES LOZANO GARCIA, S.L.",2023→2024,2023,2024,40103,null,prod_ganado,null,1175,1175,null,1,null,1175
9627,"CONEJO NUÑEZ, FRANCISCO JOSE",2023→2024,2023,2024,44335,null,prod_ganado,null,945,945,null,0.7,null,1350
211,"MARTINEZ NIETO, S.A.",2023→2024,2023,2024,3020050341,null,prod_ganado,null,58228,58228,null,41.2,null,1413.3
1752,"ROYMY 21, S.L",2023→2024,2023,2024,1110049321,null,prod_ganado,null,1426.1,1426.1,null,1.3,null,1097
7183,"INTERCASA, S.A.",2023→2024,2023,2024,43003,null,sin_actividad,null,0,0,null,0,null,null
592,"FRAMAJOVA, S.L",2023→2024,2023,2024,61289,null,sin_actividad,null,0,0,null,0.001,null,0
244,"PAPISA, S.L.",2023→2024,2023,2024,7230007131,null,sin_actividad,null,0,0,null,0.001,null,0
7558,HARINAS CASTILLA LA MANCHA S.L,2023→2024,2023,2024,7400002031,null,prod_ganado,null,23040,23040,null,24,null,960
9683,SCHWARTAUER WERKE GMBH & CO. KG,2023→2024,2023,2024,61303,null,prod_ganado,null,2618.4,2618.4,null,1.2,null,2182
8854,JOHANNES LÜHDERS KG,2023→2024,2023,2024,61289,null,prod_ganado,null,21896.5,21896.5,null,5.99,null,3655.51
220,"PASTELERIA GIMAR, S.L.",2023→2024,2023,2024,43101,null,sin_actividad,null,0,0,null,0.001,null,0
773,"IBERCACAO, S.A.U.",2023→2024,2023,2024,62401,null,sin_actividad,null,0,0,null,0.001,null,0
2112,"LACASA, S.A.U.",2023→2024,2023,2024,7840046301,null,prod_ganado,null,31680,31680,null,24,null,1320
9609,"VAMINTER, S.L.",2023→2024,2023,2024,44200,null,sin_actividad,null,0,0,null,0.001,null,0
1528,"JUAN Y JUAN INDUSTRIAL, S.L.U.",2023→2024,2023,2024,7300037021,null,prod_ganado,null,134773.92,134773.92,null,129.84,null,1038
9625,"VILALCORTA GARCIA, JOSEBA",2023→2024,2023,2024,44314,null,prod_ganado,null,1248,1248,null,0.6,null,2080
884,"INTERNAC. DE COMERCIO Y DESTILERIAS J BORRAJO, S.A",2023→2024,2023,2024,60010,null,sin_actividad,null,0,0,null,0.001,null,0
9691,SARL POCQUET APICULTURE,2023→2024,2023,2024,44313,null,prod_ganado,null,6615,6615,null,4.5,null,1470
5679,"AB MAURI FOOD, S.A.",2023→2024,2023,2024,7300005081,null,sin_actividad,null,0,0,null,0.003,null,0
3306,"INBIOLEV, S.L.",2023→2024,2023,2024,7300005081,null,prod_ganado,null,4224,4224,null,4.8,null,880
582,"HIJOS DE SALVADOR COSTA, S.L.",2023→2024,2023,2024,7400002031,null,prod_ganado,null,118244,118244,null,133.6,null,885.06
1854,"ROYPAS BY NUTRIS, S.A.",2023→2024,2023,2024,7400002031,null,prod_ganado,null,26738.8,26738.8,null,25.96,null,1030
9833,DONNY G APICOLE SRL,2023→2024,2023,2024,44313,null,prod_ganado,null,4084.5,4084.5,null,3.15,null,1296.67
7558,HARINAS CASTILLA LA MANCHA S.L,2023→2024,2023,2024,61289,null,prod_ganado,null,2580,2580,null,1.2,null,2150
9781,ADVANCE SCIENCE LIMITED,2023→2024,2023,2024,62032,null,sin_actividad,null,0,0,null,0.002,null,0
5314,"PROFESSIONAL DAIRY PRODUCTS, S.L.",2023→2024,2023,2024,1210002031,null,prod_ganado,null,12432,12432,null,9.6,null,1295
7918,"REFRESCO IBERIA, S.A.U. ",2023→2024,2023,2024,7500004011,null,prod_ganado,null,27634.5,27634.5,null,26.7,null,1035
9159,"APISALCER, SLU",2023→2024,2023,2024,7300037021,null,prod_ganado,null,46,46,null,0.05,null,920
9770,HALO FOODS LTD,2023→2024,2023,2024,99950,null,sin_actividad,null,0,0,null,0.001,null,0
418,"MANUFACTURAS CEYLAN, S.L.",2023→2024,2023,2024,3010750341,null,sin_actividad,null,0,0,null,0.001,null,0
1746,"PRIMITIVO PICO, S.A",2023→2024,2023,2024,7300005081,null,prod_ganado,null,9360,9360,null,12,null,780
457,"AMAHER, S.L.",2023→2024,2023,2024,3010050341,null,prod_ganado,null,15000,15000,null,12,null,1250
465,"INVESTIGACION Y DESARROLLO PANADERO, S.L.",2023→2024,2023,2024,4000050331,null,prod_ganado,null,3675,3675,null,3.75,null,980
1661,"DELAVIUDA ALIMENTACION, S.A",2023→2024,2023,2024,99950,null,sin_actividad,null,0,0,null,0.023,null,0
4031,"ESPECIALITATS M. MASDEU, S.L.",2023→2024,2023,2024,5101856021,null,prod_ganado,null,1782,1782,null,1.2,null,1485
9701,SDOUKOS S.A.,2023→2024,2023,2024,99950,null,sin_actividad,null,0,0,null,0.001,null,0
244,"PAPISA, S.L.",2023→2024,2023,2024,7500004011,null,prod_ganado,null,1504,1504,null,1.6,null,940
7558,HARINAS CASTILLA LA MANCHA S.L,2023→2024,2023,2024,7300015111,null,prod_ganado,null,16746.4,16746.4,null,24.2,null,692
6734,"COLONIALES EL SOL, S.L.",2023→2024,2023,2024,7300005081,null,prod_ganado,null,2752,2752,null,3.2,null,860
884,"INTERNAC. DE COMERCIO Y DESTILERIAS J BORRAJO, S.A",2023→2024,2023,2024,7400002031,null,prod_ganado,null,32537.08,32537.08,null,41.175,null,790.21
566,"ALMACENES MIGUEZ 2005,S.L.",2023→2024,2023,2024,62022,null,prod_ganado,null,3840,3840,null,4.8,null,800
3211,"PEREZ BARRERA, FRANCISCO",2023→2024,2023,2024,62000,null,prod_ganado,null,585,585,null,0.5,null,1170
9748,LAURIERI S.R.L.,2023→2024,2023,2024,61200,null,sin_actividad,null,0,0,null,0.001,null,0
7950,LES RUCHERS DU TALUS,2023→2024,2023,2024,44310,null,prod_ganado,null,1251,1251,null,0.9,null,1390
7708,"MARTIN BERNAL, LAURA",2023→2024,2023,2024,7500004011,null,prod_ganado,null,688,688,null,0.8,null,860
9437,"EL CORTÍN DEL ABEYÓN, S.L.",2023→2024,2023,2024,62000,null,prod_ganado,null,900,900,null,1.2,null,750
2903,"MEDITERRANEA MELLIS, S.L.",2023→2024,2023,2024,99950,null,sin_actividad,null,0,0,null,0.004,null,0
4634,"MASQPAN EXCLUSIVAS, S.L.",2023→2024,2023,2024,7300039291,null,prod_ganado,null,1536,1536,null,2.4,null,640
462,"ROMEDUL, S.L.",2023→2024,2023,2024,7610010201,null,prod_ganado,null,1047.9,1047.9,null,0.7,null,1497
9673,"SANTOS CASTILLA, HERMINIA MARIA",2023→2024,2023,2024,44314,null,prod_ganado,null,1098.9,1098.9,null,0.555,null,1980
3187,"AZELIS ESPAÑA, S.A.",2023→2024,2023,2024,5205002011,null,prod_ganado,null,10740,10740,null,12,null,895
7579,"HIJOS DE JOSE GOMARIZ LOPEZ, S.L.",2023→2024,2023,2024,5101002011,null,prod_ganado,null,756.86,756.86,null,0.82,null,923
2646,"PERALES RODRIGUEZ, JOSE LUIS",2023→2024,2023,2024,5201054011,null,prod_ganado,null,1380,1380,null,1.2,null,1150
295,"EUROCAVIAR, S.A.",2023→2024,2023,2024,7300039291,null,prod_ganado,null,95.28,95.28,null,0.08,null,1191
6467,"CATALINA FOOD SOLUTIONS, S.L.",2023→2024,2023,2024,3010750341,null,sin_actividad,null,0,0,null,0.001,null,0
458,"CASTY, S.A.",2023→2024,2023,2024,5206050031,null,prod_ganado,null,78941.91,78941.91,null,120.522,null,655
827,"TOMAS JIMENEZ, IGNACIO GERMAN",2023→2024,2023,2024,40016,null,prod_ganado,null,476,476,null,0.4,null,1190
9810,"ALLTECH CROP SCIENCE, S.L.U",2023→2024,2023,2024,42000,null,prod_ganado,null,2225,2225,null,2.501,null,889.64
6338,CENTRO NAC. TECNOLOGIA Y SEGURIDAD ALIMENTARIA,2023→2024,2023,2024,61289,null,sin_actividad,null,0,0,null,0.011,null,0
9765,"MUNDAKA HELADOS, S.L.",2023→2024,2023,2024,7500004011,null,prod_ganado,null,1584,1584,null,1.6,null,990
4002,"ABB MJ FERNANDEZ ARANDA, S.L.",2023→2024,2023,2024,4000050331,null,prod_ganado,null,5750,5750,null,5,null,1150
3154,"FRIAS NUTRICION, S.A.",2023→2024,2023,2024,40206,null,prod_ganado,null,5748,5748,null,4,null,1437
2654,"LORENTE TORRELLA, JOSE",2023→2024,2023,2024,44301,null,prod_ganado,null,3800,3800,null,4,null,950
8349,"AGOTZAINA, S.L.",2023→2024,2023,2024,7610010201,null,prod_ganado,null,18598,18598,null,13.675,null,1360
4976,"NOGUERA CANTO, GUSTAVO",2023→2024,2023,2024,44313,null,prod_ganado,null,651.75,651.75,null,0.435,null,1498.28
473,"MAZALMENDRA, S.L.",2023→2024,2023,2024,7300005081,null,prod_ganado,null,27958.6,27958.6,null,34.38,null,813.22
7171,"QUIRANTE FRUITS, S.L.",2023→2024,2023,2024,61302,null,prod_ganado,null,2753587.88,2753587.88,null,2199.63,null,1251.84
8621,"JUAN FERRI, JUAN JOSE",2023→2024,2023,2024,7500004011,null,prod_ganado,null,3799.8,3799.8,null,3.4,null,1117.59
528,"MANUFACTURAS COVISAL, S.L.",2023→2024,2023,2024,7300039291,null,prod_ganado,null,4200,4200,null,4,null,1050
455,"EMILIO PEÑA, S.A.",2023→2024,2023,2024,7300039291,null,prod_ganado,null,1528,1528,null,1.6,null,955
769,"ANGEL CAMACHO ALIMENTACION, S.L.",2023→2024,2023,2024,3000050341,null,prod_ganado,null,44341.25,44341.25,null,23.75,null,1867
211,"MARTINEZ NIETO, S.A.",2023→2024,2023,2024,41000,null,prod_ganado,null,1737.5,1737.5,null,1.25,null,1390
889,"ESPECIALIDADES DEL OBRADOR, S.L.",2023→2024,2023,2024,62406,null,prod_ganado,null,20.25,20.25,null,0.015,null,1350
9828,"GOODBEER, S.L.",2023→2024,2023,2024,4000050331,null,prod_ganado,null,4950,4950,null,5,null,990
734,"HORCHATAS MERCADER,S.L.",2023→2024,2023,2024,7300039291,null,prod_ganado,null,16170.4,16170.4,null,23.2,null,697
5992,"CHOZAS CARRASCAL GR, S.L.",2023→2024,2023,2024,40207,null,prod_ganado,null,2700,2700,null,2,null,1350
1771,"EL CASERIO, S.A",2023→2024,2023,2024,7400002031,null,prod_ganado,null,53234.04,53234.04,null,73.72,null,722.11
7171,"QUIRANTE FRUITS, S.L.",2023→2024,2023,2024,64505,null,prod_ganado,null,9095,9095,null,7.276,null,1250
8479,FA. BLIESGAUBEUTE,2023→2024,2023,2024,62001,null,prod_ganado,null,798,798,null,0.84,null,950
9781,ADVANCE SCIENCE LIMITED,2023→2024,2023,2024,44313,null,sin_actividad,null,0,0,null,0.002,null,0
9855,"MOLEFRANK, S.L.",2023→2024,2023,2024,2100050331,null,prod_ganado,null,7437.5,7437.5,null,12.5,null,595
9966,"LUIS MARTIN, SEBASTIAN",2023→2024,2023,2024,44313,null,prod_ganado,null,39.6,39.6,null,0.03,null,1320
4436,"INTERNACIONAL GRANADINA DE ALCAPARRA, S.L.",2023→2024,2023,2024,61228,null,sin_actividad,null,0,0,null,0.001,null,0
8084,"CRISTINA ABREU, UNIPESSOAL",2023→2024,2023,2024,40260,null,prod_ganado,null,34.83,34.83,null,0.026,null,1339.62
1000,CLIENTES VARIOS (CONTADO),2023→2024,2023,2024,65005,null,prod_ganado,null,3,3,null,0.004,null,750
3478,"APICOLA LA PARRA, S.L.U.",2023→2024,2023,2024,62000,null,prod_ganado,null,29268,29268,null,48.78,null,600
400,"ASOCIACION IND. ALICANTINA DEL HELADO, S.A.",2023→2024,2023,2024,7400002031,null,prod_ganado,null,128842.98,128842.98,null,130.54,null,987
1854,"ROYPAS BY NUTRIS, S.A.",2023→2024,2023,2024,65015,null,prod_ganado,null,1121.25,1121.25,null,0.975,null,1150
211,"MARTINEZ NIETO, S.A.",2023→2024,2023,2024,43054,null,prod_ganado,null,259.5,259.5,null,0.1,null,2595
2737,"ALFONSO MARTINEZ TORRANO, S.L.",2023→2024,2023,2024,5201054011,null,prod_ganado,null,1344,1344,null,1.2,null,1120
609,"ALBORCHATA,S.L.",2023→2024,2023,2024,7300039291,null,prod_ganado,null,24480,24480,null,28.8,null,850
2007,"PAREDES CEREZO, MIGUEL ANGEL",2023→2024,2023,2024,5201750031,null,prod_ganado,null,17419.48,17419.48,null,25.064,null,695
1922,"PSITTACUS CATALONIA, S.L.",2023→2024,2023,2024,3010050341,null,prod_ganado,null,9200,9200,null,5,null,1840
592,"FRAMAJOVA, S.L",2023→2024,2023,2024,60010,null,sin_actividad,null,0,0,null,0.002,null,0
194,"COFRUTOS, S.A.",2023→2024,2023,2024,61284,null,prod_ganado,null,30851.26,30851.26,null,24.82,null,1243
311,"PROBELTE, S.A.U.",2023→2024,2023,2024,4000050331,null,prod_ganado,null,4900,4900,null,5,null,980
1864,MELAZAHAR COOP. V.,2023→2024,2023,2024,7300037021,null,prod_ganado,null,3030,3030,null,3,null,1010
1854,"ROYPAS BY NUTRIS, S.A.",2023→2024,2023,2024,5200050031,null,prod_ganado,null,242530.18,242530.18,null,360.908,null,672
1023,"TORRONS VICENS, S.L.",2023→2024,2023,2024,5201050031,null,prod_ganado,null,14742,14742,null,15.6,null,945
7476,GOBIOTICS BV,2023→2024,2023,2024,61228,null,prod_ganado,null,3382.5,3382.5,null,1.23,null,2750
3427,"DOÑATE GALINDO, FRANCISCO JOSE",2023→2024,2023,2024,62000,null,prod_ganado,null,535,535,null,0.5,null,1070
9792,OROSKER KFT.,2023→2024,2023,2024,44314,null,prod_ganado,null,58.2,58.2,null,0.03,null,1940
6734,"COLONIALES EL SOL, S.L.",2023→2024,2023,2024,7500004011,null,prod_ganado,null,6808,6808,null,7.2,null,945.56
4383,"MANUFRI, S.L.",2023→2024,2023,2024,61295,null,prod_ganado,null,8854.3,8854.3,null,6.37,null,1390
2975,"ARTUKOLUKE, S.L.",2023→2024,2023,2024,65030,null,prod_ganado,null,39781.8,39781.8,null,39.81,null,999.29
1202,"APIGLASS ENVAS. Y MAT. APICOLA, S.L.",2023→2024,2023,2024,44306,null,prod_ganado,null,2640,2640,null,2.4,null,1100
770,"CASTER ALIMENTACION, S.L.",2023→2024,2023,2024,7300039291,null,prod_ganado,null,13619.2,13619.2,null,22.4,null,608
204,"PERNOD RICARD ESPAÑA, S.A.",2023→2024,2023,2024,2210037021,null,sin_actividad,null,0,0,null,0.001,null,0
9854,"NORDMANN PORTUGAL, S.A.",2023→2024,2023,2024,61229,null,sin_actividad,null,0,0,null,0.002,null,0
773,"IBERCACAO, S.A.U.",2023→2024,2023,2024,62400,null,sin_actividad,null,0,0,null,0.001,null,0
846,"PRODUCTOS ORGANICOS NAT.,S.L.",2023→2024,2023,2024,7300005081,null,prod_ganado,null,480,480,null,0.4,null,1200
1766,"BOD.Y VINOS ANGEL LUIS PABLO URIOL, S.L",2023→2024,2023,2024,60131,null,sin_actividad,null,0,0,null,0.001,null,0
4566,"CONFETICAKES, S.L.",2023→2024,2023,2024,7300039291,null,prod_ganado,null,55458,55458,null,94.8,null,585
523,"CORALIM INGREDIENTS, S.L.",2023→2024,2023,2024,43100,null,sin_actividad,null,0,0,null,0.001,null,0
4350,"BARBERA NOGUES, ERIC",2023→2024,2023,2024,44301,null,prod_ganado,null,576,576,null,0.8,null,720
7765,SURINVER EL GRUPO S.COOP,2023→2024,2023,2024,7300005081,null,prod_ganado,null,1904,1904,null,1.6,null,1190
1766,"BOD.Y VINOS ANGEL LUIS PABLO URIOL, S.L",2023→2024,2023,2024,60010,null,sin_actividad,null,0,0,null,0.001,null,0
9604,"PASTISART, S.A.",2023→2024,2023,2024,7400002031,null,prod_ganado,null,32089,32089,null,30.42,null,1054.87
8494,"GALVEZ PRADAS, MIGUEL ",2023→2024,2023,2024,62001,null,prod_ganado,null,287.5,287.5,null,0.25,null,1150
7115,"RIVERBEND ESPAÑA, S.A",2023→2024,2023,2024,7500004011,null,prod_ganado,null,44100,44100,null,45,null,980
9863,"JUALEX CANARIAS, S.L.",2023→2024,2023,2024,65030,null,sin_actividad,null,0,0,null,0.03,null,0
1661,"DELAVIUDA ALIMENTACION, S.A",2023→2024,2023,2024,44120,null,sin_actividad,null,0,0,null,0.001,null,0
9792,OROSKER KFT.,2023→2024,2023,2024,62001,null,prod_ganado,null,19,19,null,0.02,null,950
435,"R. MARSILLA, S.A.",2023→2024,2023,2024,7600004011,null,prod_ganado,null,39,39,null,0.05,null,780
1325,"HIDA ALIMENTACION , S.A.",2023→2024,2023,2024,40207,null,prod_ganado,null,9944,9944,null,8.001,null,1242.84
282,"PRODUCTOS LOZANO, S.L.",2023→2024,2023,2024,5100054011,null,prod_ganado,null,2760,2760,null,2.4,null,1150
577,"FARTONS POLO, S.L.",2023→2024,2023,2024,7300037021,null,prod_ganado,null,14476,14476,null,15.4,null,940
9768,"SHAR PRODUCTOS ALIMENTARIOS, S.L.",2023→2024,2023,2024,7500004011,null,prod_ganado,null,7680,7680,null,8,null,960
7176,"COLOMINA LOPEZ, SOFIA",2023→2024,2023,2024,5101050031,null,prod_ganado,null,1428,1428,null,1.2,null,1190
6581,PRZEDSIEBIORSTWO PSZCZELARSKIE TOMASZ LYSON SP. Z O.O. SP. K,2023→2024,2023,2024,44313,null,sin_actividad,null,0,0,null,0.001,null,0
4212,"VALLEJO LOPEZ, JUAN LUIS",2023→2024,2023,2024,44313,null,prod_ganado,null,1627.5,1627.5,null,1.05,null,1550
4002,"ABB MJ FERNANDEZ ARANDA, S.L.",2023→2024,2023,2024,7300037021,null,prod_ganado,null,720,720,null,0.8,null,900
1314,"MANUFACTURAS PIBERNAT, S.L.",2023→2024,2023,2024,7300037021,null,prod_ganado,null,14240,14240,null,16,null,890
9765,"MUNDAKA HELADOS, S.L.",2023→2024,2023,2024,7300039291,null,prod_ganado,null,1200,1200,null,1.6,null,750
2298,"GRACOMSA ALIMENTARIA, S.A.U.",2023→2024,2023,2024,5101050031,null,prod_ganado,null,4620,4620,null,6,null,770
9905,GAEC A C BON,2023→2024,2023,2024,62001,null,prod_ganado,null,1195.2,1195.2,null,1.2,null,996
902,"MEMBRILLO EL QUIJOTE, S.A.",2023→2024,2023,2024,40207,null,prod_ganado,null,25700,25700,null,22,null,1168.18
2909,"MANIPULADOS DE CEBOLLAS Y DERIVADOS, S.L.",2023→2024,2023,2024,61228,null,sin_actividad,null,0,0,null,0.001,null,0
550,"REPOSTERIA PORTA, S.L.",2023→2024,2023,2024,40103,null,prod_ganado,null,1150,1150,null,1,null,1150
1173,"FRANMOSAN, S.L.",2023→2024,2023,2024,5101750031,null,sin_actividad,null,0,0,null,0.001,null,0
5409,"TORTAJADA CAURIN, MARIO",2023→2024,2023,2024,5101856021,null,prod_ganado,null,812,812,null,0.7,null,1160
237,"DULCES SANTA CRUZ, S.L.",2023→2024,2023,2024,1110049321,null,prod_ganado,null,13318.5,13318.5,null,9.1,null,1463.57
436,"TURRONES JOSE GARRIGOS, S.A.",2023→2024,2023,2024,61170,null,prod_ganado,null,25074,25074,null,19.9,null,1260
297,"TARBAL FOOD, S.L.",2023→2024,2023,2024,5201750031,null,prod_ganado,null,11275,11275,null,8.75,null,1288.57
517,"DUPAN, S.L.",2023→2024,2023,2024,65005,null,prod_ganado,null,522,522,null,0.45,null,1160
9446,"ALIMENTARIA ADIN, S.L.",2023→2024,2023,2024,7300005081,null,prod_ganado,null,2588.75,2588.75,null,2.375,null,1090
9437,"EL CORTÍN DEL ABEYÓN, S.L.",2023→2024,2023,2024,44301,null,prod_ganado,null,880,880,null,1,null,880
563,"PROD.BIONATUR.DE CALASPARRA,SA",2023→2024,2023,2024,7400002031,null,prod_ganado,null,47520,47520,null,72,null,660
775,"NATRA CACAO,S.L.",2023→2024,2023,2024,7500004011,null,prod_ganado,null,49302.5,49302.5,null,53.3,null,925
7558,HARINAS CASTILLA LA MANCHA S.L,2023→2024,2023,2024,7500004011,null,prod_ganado,null,23040,23040,null,24,null,960
7775,"RUNAKAY PLUS, S.L.",2023→2024,2023,2024,40103,null,prod_ganado,null,575,575,null,0.5,null,1150
9576,TRINOVA AG,2023→2024,2023,2024,61229,null,prod_ganado,null,1,1,null,0.002,null,500
297,"TARBAL FOOD, S.L.",2023→2024,2023,2024,99950,null,sin_actividad,null,0,0,null,0.031,null,0
9047,"CUÉTARA, S.L.U.",2023→2024,2023,2024,99950,null,sin_actividad,null,0,0,null,0.001,null,0
1241,"ACEITES DEL SUR-COOSUR, S.A.",2023→2024,2023,2024,7300015111,null,prod_ganado,null,15173.4,15173.4,null,24.2,null,627
9446,"ALIMENTARIA ADIN, S.L.",2023→2024,2023,2024,7500004011,null,prod_ganado,null,1771.25,1771.25,null,1.625,null,1090
7918,"REFRESCO IBERIA, S.A.U. ",2023→2024,2023,2024,7300037021,null,prod_ganado,null,26454.6,26454.6,null,25.56,null,1035
9472,"NUTRARESEARCH 2011, S.L.",2023→2024,2023,2024,3010750341,null,prod_ganado,null,87075,87075,null,67.5,null,1290
444,"LICORES SINC, S.A.",2023→2024,2023,2024,60012,null,prod_ganado,null,28389.14,28389.14,null,35.62,null,797
3187,"AZELIS ESPAÑA, S.A.",2023→2024,2023,2024,3010050341,null,prod_ganado,null,28125,28125,null,22.502,null,1249.89
10046,"SEÑORIO DEL JUCAR, S.L.",2023→2024,2023,2024,61293,null,prod_ganado,null,8563.94,8563.94,null,11.62,null,737
7440,"LOPEZ FOOD GROUP, S.L.",2023→2024,2023,2024,7400010031,null,prod_ganado,null,13961,13961,null,23,null,607
9067,"SCHREIBER FOODS ESPAÑA, S.L.",2023→2024,2023,2024,99950,null,sin_actividad,null,0,0,null,0.001,null,0
9728,"SALAZAR CARDONA, CLAUDIA MARCELA ",2023→2024,2023,2024,7400048311,null,prod_ganado,null,119,119,null,0.1,null,1190
6267,"JUMEL ALIMENTARIA, S.A.",2023→2024,2023,2024,1210049321,null,prod_ganado,null,5109,5109,null,3.9,null,1310
9535,"COMPAÑIA CERVECERA DAMM, S.L.",2023→2024,2023,2024,7400002031,null,prod_ganado,null,284513.6,284513.6,null,290.32,null,980
4002,"ABB MJ FERNANDEZ ARANDA, S.L.",2023→2024,2023,2024,5101050031,null,prod_ganado,null,16370.4,16370.4,null,20.4,null,802.47
458,"CASTY, S.A.",2023→2024,2023,2024,3000750341,null,prod_ganado,null,33925,33925,null,25,null,1357
3049,"LA GRANJA FOODS 1959, S.L.",2023→2024,2023,2024,7110009141,null,prod_ganado,null,12750,12750,null,15,null,850
6869,"ALLTECH SPAIN, S.L.",2023→2024,2023,2024,3000750341,null,prod_ganado,null,3075,3075,null,2.5,null,1230
9889,"J.M. PALAU, S.A.",2023→2024,2023,2024,60105,null,sin_actividad,null,0,0,null,0.001,null,0
9825,"KOMVIDA KOMBUCHA, S.L.",2023→2024,2023,2024,40207,null,prod_ganado,null,53110,53110,null,47,null,1130
522,"MACROSNACKS, S.L.U.",2023→2024,2023,2024,7400002031,null,prod_ganado,null,3296,3296,null,3.2,null,1030
9994,AUDE API,2023→2024,2023,2024,44313,null,prod_ganado,null,5940,5940,null,4.95,null,1200
3287,"DELAFRUIT, S.L.U",2023→2024,2023,2024,40207,null,prod_ganado,null,1687.5,1687.5,null,1.251,null,1348.92
450,"LA FLOR BURGALESA, S.L.",2023→2024,2023,2024,1110049321,null,prod_ganado,null,40950,40950,null,39,null,1050
6251,"MIX PAK SYSTEM, S.L.",2023→2024,2023,2024,7300039291,null,prod_ganado,null,3030,3030,null,3,null,1010
9833,DONNY G APICOLE SRL,2023→2024,2023,2024,44314,null,prod_ganado,null,2037,2037,null,1.05,null,1940
581,TURRON.Y CARAMEL. DE HELLIN SL,2023→2024,2023,2024,5201856021,null,prod_ganado,null,1196.4,1196.4,null,1.2,null,997
9796,"DULCES GIL, S.A.",2023→2024,2023,2024,5201750031,null,prod_ganado,null,950,950,null,1.25,null,760
2925,"BIGMAN NUTRITION, S.L.",2023→2024,2023,2024,4000050331,null,prod_ganado,null,12762.5,12762.5,null,12.5,null,1021
3375,"EUROCHOC, S.L.",2023→2024,2023,2024,62400,null,prod_ganado,null,66047.28,66047.28,null,58.92,null,1120.97
8003,"OBLEAS QUINTIN, S.L.",2023→2024,2023,2024,1110049321,null,prod_ganado,null,10920,10920,null,10.4,null,1050
8350,"MIGA FOODS COMMERCE, S.L.",2023→2024,2023,2024,5205750031,null,prod_ganado,null,15502.5,15502.5,null,15.9,null,975
4080,"MENDEZ MUELAS, JOSE FERNANDO",2023→2024,2023,2024,40207,null,prod_ganado,null,38.45,38.45,null,0.025,null,1538
1631,"SALMERON SAN JUAN, SALVADOR",2023→2024,2023,2024,62001,null,prod_ganado,null,2460,2460,null,2.4,null,1025
1513,"AGROBIO, S.L.",2023→2024,2023,2024,62092,null,prod_ganado,null,294874.66,294874.66,null,471.14,null,625.87
9634,ALLIVE EUROPE UAB,2023→2024,2023,2024,61200,null,sin_actividad,null,0,0,null,0.001,null,0
9309,"GUTSY CAPTAIN SPAIN, S.L.",2023→2024,2023,2024,7300005081,null,prod_ganado,null,760,760,null,0.8,null,950
462,"ROMEDUL, S.L.",2023→2024,2023,2024,1210002031,null,prod_ganado,null,1740,1740,null,1.2,null,1450
6734,"COLONIALES EL SOL, S.L.",2023→2024,2023,2024,7300039291,null,prod_ganado,null,7448,7448,null,10.4,null,716.15
2007,"PAREDES CEREZO, MIGUEL ANGEL",2023→2024,2023,2024,1110049321,null,prod_ganado,null,10296,10296,null,10.4,null,990
346,"PANARRO FOODS, S.L.",2023→2024,2023,2024,7300039291,null,prod_ganado,null,27426,27426,null,34.8,null,788.1
3673,"LATORRE GARCIA, RAUL",2023→2024,2023,2024,7300039291,null,prod_ganado,null,576,576,null,0.8,null,720
7897,"MANDIC OUTMILL MS4, S.L.",2023→2024,2023,2024,3010750341,null,prod_ganado,null,202.5,202.5,null,0.15,null,1350
450,"LA FLOR BURGALESA, S.L.",2023→2024,2023,2024,43050,null,sin_actividad,null,0,0,null,0.001,null,0
3997,"BRENNTAG QUIMICA, S.A.U.",2023→2024,2023,2024,3010750341,null,prod_ganado,null,15375,15375,null,12.5,null,1230
3156,"FINI GOLOSINAS ESPAÑA, S.L.U.",2023→2024,2023,2024,61228,null,sin_actividad,null,0,0,null,0.001,null,0
432,"CHOCOLATES ALGARRA, S.L.",2023→2024,2023,2024,7400002031,null,prod_ganado,null,4200,4200,null,4,null,1050
401,"SOLER GIMENO, S.L.",2023→2024,2023,2024,5205002011,null,prod_ganado,null,34930.5,34930.5,null,48.18,null,725
575,HORCHATAS Y GRANIZADOS EL MAESTRAZGO SL,2023→2024,2023,2024,7500004011,null,prod_ganado,null,18368,18368,null,22.4,null,820
4854,"FERRANDIS RIBES, JOSE ENRIQUE",2023→2024,2023,2024,62020,null,prod_ganado,null,858,858,null,0.75,null,1144
1854,"ROYPAS BY NUTRIS, S.A.",2023→2024,2023,2024,7840046301,null,prod_ganado,null,28405,28405,null,23,null,1235
3073,"NAVARRO NAVARRO, JOSE",2023→2024,2023,2024,60134,null,prod_ganado,null,8221.8,8221.8,null,11.58,null,710
7169,"MASTRIGO BIO GOURMET, S.L.",2023→2024,2023,2024,61289,null,sin_actividad,null,0,0,null,0.001,null,0
1385,"TRADING SURESTE, S.L.",2023→2024,2023,2024,45006,null,prod_ganado,null,109987.2,109987.2,null,158.4,null,694.36
1892,"BIMBO DONUTS IBERIA, S.A.U.",2023→2024,2023,2024,99950,null,sin_actividad,null,0,0,null,0.009,null,0
548,"LA GONDOLA CONSERVAS VEGETALES, S.L.",2023→2024,2023,2024,7300005081,null,prod_ganado,null,8760,8760,null,12,null,730
9852,"DISTRIBUCIONES VERDE 21, S.L.",2023→2024,2023,2024,4000050331,null,prod_ganado,null,1112.5,1112.5,null,1.25,null,890
2392,"COATO, S.C.L.",2023→2024,2023,2024,65015,null,prod_ganado,null,537.6,537.6,null,0.42,null,1280
2180,"AURUM PROCESS TECHNOLOGY, S.L.",2023→2024,2023,2024,7300039291,null,prod_ganado,null,12.4,12.4,null,0.02,null,620
1205,"MERCADONA, S.A.",2023→2024,2023,2024,7240007131,null,sin_actividad,null,0,0,null,0.001,null,0
3156,"FINI GOLOSINAS ESPAÑA, S.L.U.",2023→2024,2023,2024,61289,null,sin_actividad,null,0,0,null,0.06,null,0
2103,"JOSEFA ESTELLES MAYOR, S.L.",2023→2024,2023,2024,4000050331,null,prod_ganado,null,41013,41013,null,46.5,null,882
609,"ALBORCHATA,S.L.",2023→2024,2023,2024,7500004011,null,prod_ganado,null,12766,12766,null,13.4,null,952.69
418,"MANUFACTURAS CEYLAN, S.L.",2023→2024,2023,2024,7500004011,null,prod_ganado,null,46492,46492,null,47.2,null,985
1273,"LOPEZ ESCRIVA, GABRIEL",2023→2024,2023,2024,44314,null,prod_ganado,null,1068.38,1068.38,null,0.555,null,1925.01
734,"HORCHATAS MERCADER,S.L.",2023→2024,2023,2024,7500004011,null,prod_ganado,null,42780.8,42780.8,null,46.4,null,922
2570,"NATRA OÑATI, S.A.",2023→2024,2023,2024,62404,null,prod_ganado,null,231799,231799,null,180.108,null,1287
9067,"SCHREIBER FOODS ESPAÑA, S.L.",2023→2024,2023,2024,2331065321,null,prod_ganado,null,14105,14105,null,4.55,null,3100
7817,GENERAL MILLS,2023→2024,2023,2024,61298,null,sin_actividad,null,0,0,null,0.013,null,0
400,"ASOCIACION IND. ALICANTINA DEL HELADO, S.A.",2023→2024,2023,2024,7500004011,null,prod_ganado,null,21436.8,21436.8,null,22.4,null,957
478,"MORENO RUIZ HERMANOS, S.L.",2023→2024,2023,2024,61298,null,sin_actividad,null,0,0,null,0.001,null,0
405,"CHOVI, S.L.",2023→2024,2023,2024,4000050331,null,prod_ganado,null,9450,9450,null,9,null,1050
9446,"ALIMENTARIA ADIN, S.L.",2023→2024,2023,2024,65030,null,prod_ganado,null,11995.95,11995.95,null,10.155,null,1181.29
428,"PASTELERIA INDUSTRIAL MONTE TURIA, S.A.",2023→2024,2023,2024,7600004011,null,prod_ganado,null,35692.6,35692.6,null,35.8,null,997
9798,"SUGAR GLOBAL TRADING, S.L. (ITALIA)",2023→2024,2023,2024,7300016111,null,prod_ganado,null,723605.28,723605.28,null,1008,null,717.86
4002,"ABB MJ FERNANDEZ ARANDA, S.L.",2023→2024,2023,2024,5101002011,null,prod_ganado,null,10460.4,10460.4,null,10.8,null,968.56
9833,DONNY G APICOLE SRL,2023→2024,2023,2024,62001,null,prod_ganado,null,2377.2,2377.2,null,2.52,null,943.33
1023,"TORRONS VICENS, S.L.",2023→2024,2023,2024,5201750031,null,prod_ganado,null,4725,4725,null,5,null,945
419,"DISTRIBUCIONES JAIME SARRION, S.L.",2023→2024,2023,2024,65015,null,prod_ganado,null,1987.5,1987.5,null,1.59,null,1250
400,"ASOCIACION IND. ALICANTINA DEL HELADO, S.A.",2023→2024,2023,2024,43050,null,prod_ganado,null,28000,28000,null,16,null,1750
566,"ALMACENES MIGUEZ 2005,S.L.",2023→2024,2023,2024,7300039291,null,prod_ganado,null,13600,13600,null,21.6,null,629.63
904,"DAMEL GROUP, S.L. ",2023→2024,2023,2024,7300039291,null,prod_ganado,null,171666,171666,null,268.6,null,639.11
1314,"MANUFACTURAS PIBERNAT, S.L.",2023→2024,2023,2024,7500004011,null,prod_ganado,null,4992,4992,null,4.8,null,1040
9921,"PRODUCTOS SUR, S.L.",2023→2024,2023,2024,4000050331,null,prod_ganado,null,236322.5,236322.5,null,242.75,null,973.52
9468,"VALLE AGUIRRE, S.L.",2023→2024,2023,2024,65005,null,prod_ganado,null,3188.25,3188.25,null,2.925,null,1090
563,"PROD.BIONATUR.DE CALASPARRA,SA",2023→2024,2023,2024,60105,null,prod_ganado,null,11911.95,11911.95,null,9.27,null,1285
517,"DUPAN, S.L.",2023→2024,2023,2024,7610010201,null,prod_ganado,null,810,810,null,0.5,null,1620
455,"EMILIO PEÑA, S.A.",2023→2024,2023,2024,7300005081,null,prod_ganado,null,952,952,null,0.8,null,1190
3409,"MAGNOLIA PREMIUM, S.L.",2023→2024,2023,2024,7300005081,null,prod_ganado,null,308.75,308.75,null,0.325,null,950
3790,"DULYMAZ, S.L.",2023→2024,2023,2024,44111,null,prod_ganado,null,11566.2,11566.2,null,11.791,null,980.93
5373,"VERTICE DE INNOVACION Y DESAR.DE ALIMENTOS, S.A.U.",2023→2024,2023,2024,7300037021,null,prod_ganado,null,311604.8,311604.8,null,299.62,null,1040
5528,"FERNANDEZ LOPEZ, ANTONIO",2023→2024,2023,2024,44315,null,prod_ganado,null,16490.99,16490.99,null,11.368,null,1450.65
3375,"EUROCHOC, S.L.",2023→2024,2023,2024,43054,null,prod_ganado,null,3060,3060,null,1.2,null,2550
891,"MONTEALBOR ALIMENTACION, S.A.U",2023→2024,2023,2024,4000050331,null,prod_ganado,null,1300,1300,null,1.25,null,1040
2256,"DULCES Y CONSERVAS HELIOS, S.A.",2023→2024,2023,2024,61229,null,sin_actividad,null,0,0,null,0.001,null,0
9811,"IDEAGRO, S.L.",2023→2024,2023,2024,4000050331,null,prod_ganado,null,2225,2225,null,2.5,null,890
7775,"RUNAKAY PLUS, S.L.",2023→2024,2023,2024,7800013151,null,prod_ganado,null,2480,2480,null,2,null,1240
3647,"NAVARRO NAVARRO, FLORENTINO AGUSTIN",2023→2024,2023,2024,60134,null,prod_ganado,null,8321.2,8321.2,null,11.72,null,710
3014,"NAVALON REIG, JOSE",2023→2024,2023,2024,44301,null,prod_ganado,null,3612.5,3612.5,null,4.25,null,850
523,"CORALIM INGREDIENTS, S.L.",2023→2024,2023,2024,4000050331,null,prod_ganado,null,97.5,97.5,null,0.075,null,1300
535,"FRIMAR PANADEROS, S.L.",2023→2024,2023,2024,4000050331,null,prod_ganado,null,7623,7623,null,4.2,null,1815
3023,DIST. Y REPR. JOSE MIGUEL S.L.U.,2023→2024,2023,2024,7300039291,null,prod_ganado,null,15816,15816,null,24,null,659
9155,"CRESTAS LA GALETA, S.A.",2023→2024,2023,2024,3000750341,null,prod_ganado,null,1850,1850,null,1.25,null,1480
10085,BELLOT SIMON,2023→2024,2023,2024,44313,null,prod_ganado,null,1125,1125,null,0.9,null,1250
1241,"ACEITES DEL SUR-COOSUR, S.A.",2023→2024,2023,2024,7500004011,null,prod_ganado,null,23928,23928,null,24,null,997
527,"CARNICAS SERRANO, S.L.",2023→2024,2023,2024,7300039291,null,prod_ganado,null,3824,3824,null,3.2,null,1195
9159,"APISALCER, SLU",2023→2024,2023,2024,40207,null,prod_ganado,null,67.5,67.5,null,0.05,null,1350
5787,"FALCON, S.A.",2023→2024,2023,2024,2210037021,null,prod_ganado,null,2232,2232,null,2.401,null,929.61
440,"MAZAPANES Y DULCES DE TOLEDO, S.A.",2023→2024,2023,2024,43054,null,prod_ganado,null,1560,1560,null,0.8,null,1950
9698,NEOH ALPHA REPUBLIC GMBH,2023→2024,2023,2024,61228,null,sin_actividad,null,0,0,null,0.001,null,0
4002,"ABB MJ FERNANDEZ ARANDA, S.L.",2023→2024,2023,2024,40103,null,prod_ganado,null,1872,1872,null,1.5,null,1248
1080,"VIDAL GOLOSINAS, S.A.",2023→2024,2023,2024,61228,null,prod_ganado,null,460,460,null,0.2,null,2300
9781,ADVANCE SCIENCE LIMITED,2023→2024,2023,2024,62001,null,sin_actividad,null,0,0,null,0.02,null,0
9091,"STOLLER EUROPE, S.L.U.",2023→2024,2023,2024,60000,null,sin_actividad,null,0,0,null,0.001,null,0
1752,"ROYMY 21, S.L",2023→2024,2023,2024,43050,null,prod_ganado,null,1890,1890,null,1,null,1890
9670,FOOD SPECIALITIES LIMITED FSL,2023→2024,2023,2024,61228,null,sin_actividad,null,0,0,null,0.001,null,0
7102,"MIEL LLARIA, TCEA",2023→2024,2023,2024,60123,null,prod_ganado,null,1500,1500,null,1.2,null,1250
2642,"BONDIA SALVO, S.L.",2023→2024,2023,2024,2100050331,null,prod_ganado,null,1625,1625,null,2.5,null,650
466,"DULCES LA PONDEROSA, S.L.",2023→2024,2023,2024,7400002031,null,prod_ganado,null,7440,7440,null,12,null,620
3187,"AZELIS ESPAÑA, S.A.",2023→2024,2023,2024,5205750031,null,prod_ganado,null,16530,16530,null,18,null,918.33
10124,"ATENCION AGRO AMBIENTAL, S.L.",2023→2024,2023,2024,43101,null,sin_actividad,null,0,0,null,0.002,null,0
1951,"LOPEZ ORTIZ, JOSE ANTONIO",2023→2024,2023,2024,44301,null,prod_ganado,null,8160,8160,null,9.6,null,850
297,"TARBAL FOOD, S.L.",2023→2024,2023,2024,7300037021,null,prod_ganado,null,2266,2266,null,2.2,null,1030
1747,"FRUIT TECH NATURAL, S.A.",2023→2024,2023,2024,40207,null,prod_ganado,null,48480,48480,null,48,null,1010
2532,"ORTEGA GIMENEZ, JAVIER",2023→2024,2023,2024,44301,null,prod_ganado,null,647.63,647.63,null,0.825,null,785.01
7558,HARINAS CASTILLA LA MANCHA S.L,2023→2024,2023,2024,61228,null,sin_actividad,null,0,0,null,0.001,null,0
430,"MONZO LUIS, S.L.",2023→2024,2023,2024,5100054011,null,prod_ganado,null,1380,1380,null,1.2,null,1150
9743,SAS NORDMANN FRANCE,2023→2024,2023,2024,61229,null,sin_actividad,null,0,0,null,0.002,null,0
3049,"LA GRANJA FOODS 1959, S.L.",2023→2024,2023,2024,60105,null,prod_ganado,null,3585.6,3585.6,null,4.8,null,747
9202,"NAVARRO PALLARES, ROBERTO",2023→2024,2023,2024,62020,null,prod_ganado,null,553,553,null,0.5,null,1106
419,"DISTRIBUCIONES JAIME SARRION, S.L.",2023→2024,2023,2024,7500004011,null,prod_ganado,null,1312,1312,null,1.6,null,820
3808,"DEL RIO GIL, TERESA",2023→2024,2023,2024,44301,null,prod_ganado,null,9350,9350,null,11,null,850
8350,"MIGA FOODS COMMERCE, S.L.",2023→2024,2023,2024,5205002011,null,prod_ganado,null,2340,2340,null,2.4,null,975
3863,"LA TRADICION M&T, S.L.",2023→2024,2023,2024,5100050031,null,prod_ganado,null,988,988,null,1.04,null,950
3294,"PUNTO GOFRE, S.L.",2023→2024,2023,2024,42000,null,prod_ganado,null,3828.75,3828.75,null,3.75,null,1021
400,"ASOCIACION IND. ALICANTINA DEL HELADO, S.A.",2023→2024,2023,2024,5101750031,null,prod_ganado,null,49423.92,49423.92,null,54.312,null,910
6147,"ANDALUZA DE MIELES, S.L.",2023→2024,2023,2024,5100750031,null,prod_ganado,null,50516.77,50516.77,null,72.686,null,695
3409,"MAGNOLIA PREMIUM, S.L.",2023→2024,2023,2024,63102,null,prod_ganado,null,787.68,787.68,null,0.72,null,1094
3049,"LA GRANJA FOODS 1959, S.L.",2023→2024,2023,2024,40103,null,prod_ganado,null,28963.75,28963.75,null,34.075,null,850
3142,"NUTRIS INGREDIENTS, S.L.",2023→2024,2023,2024,99950,null,sin_actividad,null,0,0,null,0.001,null,0
4634,"MASQPAN EXCLUSIVAS, S.L.",2023→2024,2023,2024,7300037021,null,prod_ganado,null,560,560,null,0.8,null,700
1528,"JUAN Y JUAN INDUSTRIAL, S.L.U.",2023→2024,2023,2024,65030,null,sin_actividad,null,0,0,null,0.075,null,0
400,"ASOCIACION IND. ALICANTINA DEL HELADO, S.A.",2023→2024,2023,2024,43054,null,sin_actividad,null,0,0,null,0,null,null
8247,"ALLJUICEMED, S.L.",2023→2024,2023,2024,7400002031,null,prod_ganado,null,2760,2760,null,2,null,1380
367,"CASA ROJA MONTEGON, S.L.",2023→2024,2023,2024,5101050031,null,prod_ganado,null,1152,1152,null,1.2,null,960
348,"PRODUCTOS SUR, S.A.U.",2023→2024,2023,2024,4000050331,null,prod_ganado,null,51750,51750,null,45,null,1150
3144,"DALLANT, S.A.",2023→2024,2023,2024,7300039291,null,prod_ganado,null,171477.6,171477.6,null,235.2,null,729.07
2081,"ZUMOS Y FRUTAS CONCENTRADOS, S.L.",2023→2024,2023,2024,61300,null,prod_ganado,null,11211404.8,11211404.8,null,9287.04,null,1207.21
457,"AMAHER, S.L.",2023→2024,2023,2024,4000050331,null,prod_ganado,null,39567.5,39567.5,null,45.25,null,874.42
9609,"VAMINTER, S.L.",2023→2024,2023,2024,1200049321,null,prod_ganado,null,2557.5,2557.5,null,1.55,null,1650
8562,"PERPIÑÁN GRAU, MARIA VTA.",2023→2024,2023,2024,44301,null,prod_ganado,null,6002.5,6002.5,null,8.575,null,700
6267,"JUMEL ALIMENTARIA, S.A.",2023→2024,2023,2024,7300005081,null,prod_ganado,null,23446.5,23446.5,null,23.1,null,1015
8561,"PERPIÑÁN GRAU, JAVIER",2023→2024,2023,2024,44301,null,prod_ganado,null,6002.5,6002.5,null,8.575,null,700
716,"PENALVA ALIMENTACION, S.A.",2023→2024,2023,2024,40207,null,prod_ganado,null,6850,6850,null,5,null,1370
9907,GIMBER BV,2023→2024,2023,2024,60011,null,sin_actividad,null,0,0,null,0.001,null,0
1826,"HERO ESPAÑA, S.A",2023→2024,2023,2024,1110052321,null,sin_actividad,null,0,0,null,0.001,null,0
592,"FRAMAJOVA, S.L",2023→2024,2023,2024,7230007131,null,sin_actividad,null,0,0,null,0.001,null,0
2909,"MANIPULADOS DE CEBOLLAS Y DERIVADOS, S.L.",2023→2024,2023,2024,2210037021,null,sin_actividad,null,0,0,null,0.001,null,0
2057,"BACK EUROP ESPAÑA, S.L",2023→2024,2023,2024,5205050031,null,prod_ganado,null,6480,6480,null,4.8,null,1350
9687,COMPAÑÍA AZUCARERA SALVADOREÑA S.A. DE C.V.,2023→2024,2023,2024,7110004241,null,sin_actividad,null,0,0,null,0.002,null,0
7956,"STOCKMEIER QUIMICA, SLU",2023→2024,2023,2024,41000,null,prod_ganado,null,1643.75,1643.75,null,1.25,null,1315
10099,"AGUARDIENTES DE GALICIA, S. A.",2023→2024,2023,2024,60019,null,prod_ganado,null,2365.2,2365.2,null,3.6,null,657
1854,"ROYPAS BY NUTRIS, S.A.",2023→2024,2023,2024,5200750031,null,prod_ganado,null,65990.4,65990.4,null,98.2,null,672
5444,"ESCOT SAIZ, EDUARDO",2023→2024,2023,2024,44315,null,prod_ganado,null,25.83,25.83,null,0.014,null,1845
8641,"GALLETAS GULLÓN, S.A.",2023→2024,2023,2024,61229,null,sin_actividad,null,0,0,null,0.001,null,0
9766,"PERSEO BIOTECHNOLOGY, S.L.",2023→2024,2023,2024,62150,null,sin_actividad,null,0,0,null,0.001,null,0
3753,"OLIVA NAVARRO, MIRIAM",2023→2024,2023,2024,44315,null,prod_ganado,null,147,147,null,0.098,null,1500
3294,"PUNTO GOFRE, S.L.",2023→2024,2023,2024,1210049321,null,prod_ganado,null,4342,4342,null,2.6,null,1670
1752,"ROYMY 21, S.L",2023→2024,2023,2024,7300039291,null,prod_ganado,null,30648,30648,null,48,null,638.5
9097,"CAFES MIÑANA, S.A.",2023→2024,2023,2024,7300005081,null,prod_ganado,null,1680,1680,null,1.6,null,1050
6316,"PEREZ BAQUEDANO, BEGOÑA",2023→2024,2023,2024,44301,null,prod_ganado,null,2150,2150,null,2.5,null,860
9994,AUDE API,2023→2024,2023,2024,44314,null,prod_ganado,null,816.75,816.75,null,0.495,null,1650
7800,"GASCON GASCON, BENITO",2023→2024,2023,2024,44301,null,prod_ganado,null,760,760,null,0.8,null,950
9827,BOSCH BODEN SPIES GMBH & CO. KG,2023→2024,2023,2024,99950,null,sin_actividad,null,0,0,null,0.002,null,0
9822,SWEET CASTILLA S.L,2023→2024,2023,2024,61200,null,sin_actividad,null,0,0,null,0.001,null,0
889,"ESPECIALIDADES DEL OBRADOR, S.L.",2023→2024,2023,2024,62400,null,prod_ganado,null,20.25,20.25,null,0.015,null,1350
419,"DISTRIBUCIONES JAIME SARRION, S.L.",2023→2024,2023,2024,65030,null,prod_ganado,null,3046.8,3046.8,null,2.76,null,1103.91
5454,"ALIMENTACION Y NUTRICION FAMILIAR, S.L.",2023→2024,2023,2024,7400002031,null,prod_ganado,null,11932.5,11932.5,null,11.1,null,1075
522,"MACROSNACKS, S.L.U.",2023→2024,2023,2024,7300039291,null,prod_ganado,null,17232.8,17232.8,null,20.8,null,828.5
10037,"DELGADO COLINO, MANUEL",2023→2024,2023,2024,60000,null,sin_actividad,null,0,0,null,0.001,null,0
3049,"LA GRANJA FOODS 1959, S.L.",2023→2024,2023,2024,7220032231,null,sin_actividad,null,0,0,null,0.001,null,0
3111,"GOMEZ MARTIN, HUGO",2023→2024,2023,2024,62000,null,prod_ganado,null,13104,13104,null,14.4,null,910
9620,"BRAVA DRINKS, S.L.",2023→2024,2023,2024,40207,null,prod_ganado,null,509.25,509.25,null,0.375,null,1358
7874,"SUGAR GLOBAL TRADING, S.L.",2023→2024,2023,2024,7300016111,null,prod_ganado,null,2864993.03,2864993.03,null,4008,null,714.82
534,"MC CONSTRUCTION CHEMICAL SPAIN, S.L.",2023→2024,2023,2024,7500004011,null,prod_ganado,null,15948,15948,null,16.8,null,949.29
8377,ALHANASHIR FARMING REQUIREMENTS CO. LTD,2023→2024,2023,2024,44313,null,prod_ganado,null,16401,16401,null,11.55,null,1420
1854,"ROYPAS BY NUTRIS, S.A.",2023→2024,2023,2024,1210054031,null,prod_ganado,null,6454.8,6454.8,null,3.6,null,1793
304,"FRANFER, S.A.",2023→2024,2023,2024,5101002011,null,prod_ganado,null,2856,2856,null,2.4,null,1190
9202,"NAVARRO PALLARES, ROBERTO",2023→2024,2023,2024,44313,null,prod_ganado,null,459,459,null,0.3,null,1530
3155,"HORTAMED, S.L.",2023→2024,2023,2024,5101002011,null,prod_ganado,null,2291.35,2291.35,null,2.45,null,935.24
2577,"IMPORTACO CASA PONS, S.A.U.",2023→2024,2023,2024,7230007131,null,sin_actividad,null,0,0,null,0.001,null,0
9157,"MAK FOOD COMPANY, S.L.",2023→2024,2023,2024,61304,null,prod_ganado,null,58679.38,58679.38,null,34.66,null,1693
7787,"ONES MAY SABORES, S.L",2023→2024,2023,2024,7300039291,null,prod_ganado,null,8089,8089,null,12,null,674.08
581,TURRON.Y CARAMEL. DE HELLIN SL,2023→2024,2023,2024,43050,null,prod_ganado,null,398,398,null,0.2,null,1990
1000,CLIENTES VARIOS (CONTADO),2023→2024,2023,2024,40207,null,prod_ganado,null,25,25,null,0.025,null,1000
4369,"LA TIENDA DEL APICULTOR, S.L.U.",2023→2024,2023,2024,7500004011,null,prod_ganado,null,2910,2910,null,3,null,970
4429,"UMBRELLA F&FI, S.L. ",2023→2024,2023,2024,3010750341,null,prod_ganado,null,1737.5,1737.5,null,1.25,null,1390
9263,"LOPEZ 1920 PASTELERÍA, S.L.",2023→2024,2023,2024,7400004011,null,prod_ganado,null,23768.48,23768.48,null,23.84,null,997
2074,"ALFREDO IÑESTA, S.L",2023→2024,2023,2024,5101050031,null,prod_ganado,null,3698.4,3698.4,null,3.6,null,1027.33
5930,UNION PROFESIONAL APICULTORES ZAMORA APIS DURII,2023→2024,2023,2024,44310,null,sin_actividad,null,0,0,null,0.015,null,0
1314,"MANUFACTURAS PIBERNAT, S.L.",2023→2024,2023,2024,7400048311,null,prod_ganado,null,12480,12480,null,12,null,1040
523,"CORALIM INGREDIENTS, S.L.",2023→2024,2023,2024,7500004011,null,prod_ganado,null,2300,2300,null,2,null,1150
462,"ROMEDUL, S.L.",2023→2024,2023,2024,5101002011,null,prod_ganado,null,9987.6,9987.6,null,12.18,null,820
457,"AMAHER, S.L.",2023→2024,2023,2024,1210002031,null,prod_ganado,null,1410,1410,null,1.2,null,1175
9863,"JUALEX CANARIAS, S.L.",2023→2024,2023,2024,65015,null,sin_actividad,null,0,0,null,0.115,null,0
3699,"GONZALEZ CARBALLAL, S.L.",2023→2024,2023,2024,44335,null,prod_ganado,null,2586,2586,null,2,null,1293
902,"MEMBRILLO EL QUIJOTE, S.A.",2023→2024,2023,2024,7300005081,null,prod_ganado,null,9480,9480,null,12,null,790
8349,"AGOTZAINA, S.L.",2023→2024,2023,2024,5205050031,null,prod_ganado,null,1428,1428,null,1.2,null,1190
1918,"OLIVA SANTOS, CASTOR",2023→2024,2023,2024,44301,null,prod_ganado,null,2160,2160,null,2.4,null,900
419,"DISTRIBUCIONES JAIME SARRION, S.L.",2023→2024,2023,2024,40103,null,prod_ganado,null,650,650,null,0.5,null,1300
8994,"NATURECO, S.L.",2023→2024,2023,2024,61287,null,sin_actividad,null,0,0,null,0.001,null,0
4369,"LA TIENDA DEL APICULTOR, S.L.U.",2023→2024,2023,2024,7300039291,null,prod_ganado,null,13804,13804,null,23.2,null,595
3921,"IBERFRUTA MUERZA, S.A.",2023→2024,2023,2024,7400002031,null,prod_ganado,null,128160,128160,null,144,null,890
197,"J. GARCIA CARRION, S.A.",2023→2024,2023,2024,7500004011,null,prod_ganado,null,22655,22655,null,23,null,985
5365,"COMORALI, S.L.",2023→2024,2023,2024,5206750031,null,prod_ganado,null,8820,8820,null,8.4,null,1050
2832,DULCES LA ABUELA COOP VNA,2023→2024,2023,2024,7300039291,null,prod_ganado,null,41310,41310,null,69.6,null,593.53
7765,SURINVER EL GRUPO S.COOP,2023→2024,2023,2024,7300039291,null,prod_ganado,null,8292,8292,null,7.6,null,1091.05
9868,"NORDMANN, RASSMANN HANDELSGES.M.B.H",2023→2024,2023,2024,61289,null,sin_actividad,null,0,0,null,0.001,null,0
512,"SUGAR'S MAGIC, S.L.",2023→2024,2023,2024,5201050031,null,prod_ganado,null,8358.56,8358.56,null,12.292,null,680
9687,COMPAÑÍA AZUCARERA SALVADOREÑA S.A. DE C.V.,2023→2024,2023,2024,40020,null,sin_actividad,null,0,0,null,0.001,null,0
200,MARIN GIMENEZ HNOS. S.A.,2023→2024,2023,2024,61303,null,sin_actividad,null,0,0,null,0.001,null,0
8996,"RAMYMAR FRUITS, S.L.",2023→2024,2023,2024,62020,null,prod_ganado,null,286,286,null,0.25,null,1144
6147,"ANDALUZA DE MIELES, S.L.",2023→2024,2023,2024,5100002011,null,prod_ganado,null,17514,17514,null,25.2,null,695
9634,ALLIVE EUROPE UAB,2023→2024,2023,2024,61228,null,sin_actividad,null,0,0,null,0.001,null,0
8352,ASOCIACION PROVINCIAL DE APICULTORES BURGALESES,2023→2024,2023,2024,62001,null,prod_ganado,null,1008,1008,null,0.84,null,1200
3812,SIERRA MIEL SDAD. COOP.,2023→2024,2023,2024,62001,null,sin_actividad,null,0,0,null,0.02,null,0
9993,TLC-SUGARS BV,2023→2024,2023,2024,62401,null,sin_actividad,null,0,0,null,0.001,null,0
904,"DAMEL GROUP, S.L. ",2023→2024,2023,2024,7300037021,null,prod_ganado,null,14868,14868,null,23.6,null,630
1854,"ROYPAS BY NUTRIS, S.A.",2023→2024,2023,2024,5201050031,null,prod_ganado,null,16239.55,16239.55,null,24.166,null,672
2023,"GOLDEN FOODS, S.A",2023→2024,2023,2024,7300039291,null,prod_ganado,null,29138.4,29138.4,null,45.6,null,639
6609,"BODEGAS FUNDADOR, S.L.U.",2023→2024,2023,2024,60000,null,sin_actividad,null,0,0,null,0.002,null,0
9047,"CUÉTARA, S.L.U.",2023→2024,2023,2024,61228,null,sin_actividad,null,0,0,null,0.001,null,0
1528,"JUAN Y JUAN INDUSTRIAL, S.L.U.",2023→2024,2023,2024,62150,null,sin_actividad,null,0,0,null,0.002,null,0
3111,"GOMEZ MARTIN, HUGO",2023→2024,2023,2024,7200017111,null,prod_ganado,null,19920,19920,null,24,null,830
4369,"LA TIENDA DEL APICULTOR, S.L.U.",2023→2024,2023,2024,4000050331,null,prod_ganado,null,1225,1225,null,1.25,null,980
2338,"PEREZ PEREZ, VALERIANO",2023→2024,2023,2024,43003,null,prod_ganado,null,1495,1495,null,1.3,null,1150
10079,"APIGLASS ENVASES Y MATERIAL APICOLA, S.L.U.",2023→2024,2023,2024,62001,null,prod_ganado,null,6060,6060,null,7.8,null,776.92
7716,"FURNIELES ARANDA, PILAR",2023→2024,2023,2024,44313,null,prod_ganado,null,326.25,326.25,null,0.225,null,1450
4002,"ABB MJ FERNANDEZ ARANDA, S.L.",2023→2024,2023,2024,1110049321,null,prod_ganado,null,1296.1,1296.1,null,1.3,null,997
884,"INTERNAC. DE COMERCIO Y DESTILERIAS J BORRAJO, S.A",2023→2024,2023,2024,7300039291,null,prod_ganado,null,504,504,null,0.8,null,630
220,"PASTELERIA GIMAR, S.L.",2023→2024,2023,2024,43050,null,sin_actividad,null,0,0,null,0.001,null,0
9067,"SCHREIBER FOODS ESPAÑA, S.L.",2023→2024,2023,2024,7300007131,null,sin_actividad,null,0,0,null,0.002,null,0
9766,"PERSEO BIOTECHNOLOGY, S.L.",2023→2024,2023,2024,40260,null,sin_actividad,null,0,0,null,0.001,null,0
4704,"MIGUELA MIGUELA, FRANCISCO",2023→2024,2023,2024,44313,null,prod_ganado,null,195,195,null,0.15,null,1300
592,"FRAMAJOVA, S.L",2023→2024,2023,2024,65030,null,prod_ganado,null,52024.2,52024.2,null,41.955,null,1240
7956,"STOCKMEIER QUIMICA, SLU",2023→2024,2023,2024,60105,null,prod_ganado,null,2347.2,2347.2,null,2.402,null,977.19
5454,"ALIMENTACION Y NUTRICION FAMILIAR, S.L.",2023→2024,2023,2024,7500004011,null,prod_ganado,null,26660,26660,null,24.8,null,1075
1304,"EMPRESA DE TRANSFORMACIÓN AGRARIA, S.A., S.M.E., M.P (TRAGSA)",2023→2024,2023,2024,7300005081,null,prod_ganado,null,44160,44160,null,46,null,960
9955,"TORNERO TORNERO, FRANCISCO",2023→2024,2023,2024,44315,null,sin_actividad,null,0,0,null,0.79,null,0
3715,"BSI BODEGAS SAN ISIDRO, S.COOP.",2023→2024,2023,2024,7820022041,null,prod_ganado,null,2664,2664,null,1.8,null,1480
1396,"BARCELONESA DE DROG. Y PRODUCT. QUIMICOS, S.A.",2023→2024,2023,2024,43101,null,prod_ganado,null,10218,10218,null,7.8,null,1310
559,"DULCES OLMEDO GARCIA, S.L.",2023→2024,2023,2024,65030,null,prod_ganado,null,10494,10494,null,9.9,null,1060
448,"ESGIR, S.L.",2023→2024,2023,2024,5201050031,null,prod_ganado,null,13576.95,13576.95,null,24.03,null,565
9958,"NORDMANN, RASSMANN ROMANIA S.R.L.",2023→2024,2023,2024,61289,null,sin_actividad,null,0,0,null,0.001,null,0
9698,NEOH ALPHA REPUBLIC GMBH,2023→2024,2023,2024,61222,null,sin_actividad,null,0,0,null,0.001,null,0
2073,"PLATOS TRADICIONALES, S.A",2023→2024,2023,2024,4000050331,null,prod_ganado,null,23900,23900,null,20,null,1195
1787,"DULCES DEL TURIA, S.L.",2023→2024,2023,2024,7300039291,null,prod_ganado,null,2208,2208,null,3.2,null,690
200,MARIN GIMENEZ HNOS. S.A.,2023→2024,2023,2024,44090,null,sin_actividad,null,0,0,null,0.009,null,0
9194,"HELADOS JOP, S.L.",2023→2024,2023,2024,3000750341,null,prod_ganado,null,5406.25,5406.25,null,3.125,null,1730
346,"PANARRO FOODS, S.L.",2023→2024,2023,2024,5100750031,null,prod_ganado,null,18261.5,18261.5,null,23.778,null,768
8021,"LOPEZ MARTINEZ, GABRIEL",2023→2024,2023,2024,44314,null,prod_ganado,null,1603.8,1603.8,null,0.81,null,1980
9834,"IMPOSSIBLE FOODS, S.L.",2023→2024,2023,2024,99950,null,sin_actividad,null,0,0,null,0.001,null,0
405,"CHOVI, S.L.",2023→2024,2023,2024,5102002011,null,prod_ganado,null,88336.56,88336.56,null,147.72,null,598
10083,THENE JULIEN,2023→2024,2023,2024,44313,null,prod_ganado,null,3375,3375,null,2.7,null,1250
440,"MAZAPANES Y DULCES DE TOLEDO, S.A.",2023→2024,2023,2024,1210049321,null,prod_ganado,null,1911,1911,null,1.3,null,1470
405,"CHOVI, S.L.",2023→2024,2023,2024,7400010031,null,prod_ganado,null,11940,11940,null,20,null,597
5045,"DADELOS AGRICOLA, S.L.",2023→2024,2023,2024,60105,null,prod_ganado,null,2184,2184,null,2.4,null,910
566,"ALMACENES MIGUEZ 2005,S.L.",2023→2024,2023,2024,62021,null,prod_ganado,null,11622.8,11622.8,null,11.86,null,980
6390,BIOANDEN E INVERSIONES EIRL,2023→2024,2023,2024,44313,null,sin_actividad,null,0,0,null,0.004,null,0
7775,"RUNAKAY PLUS, S.L.",2023→2024,2023,2024,40207,null,prod_ganado,null,1460,1460,null,1,null,1460
9724,IPF SAS,2023→2024,2023,2024,61228,null,sin_actividad,null,0,0,null,0.001,null,0
5618,"CABELLO TRASOBARES, RAMON",2023→2024,2023,2024,44301,null,prod_ganado,null,3440,3440,null,4,null,860
9410,"NORDMANN, RASSMANN POLSKA SP. Z O.O.",2023→2024,2023,2024,61222,null,sin_actividad,null,0,0,null,0.002,null,0
405,"CHOVI, S.L.",2023→2024,2023,2024,2210037021,null,prod_ganado,null,4284,4284,null,3.6,null,1190
6734,"COLONIALES EL SOL, S.L.",2023→2024,2023,2024,7300037021,null,prod_ganado,null,1376,1376,null,1.6,null,860
197,"J. GARCIA CARRION, S.A.",2023→2024,2023,2024,7300005081,null,prod_ganado,null,117569.6,117569.6,null,119.36,null,985
10029,"ACHOUITI ACHOUITI, MUSTAPHA",2023→2024,2023,2024,62001,null,prod_ganado,null,672,672,null,0.84,null,800
10029,"ACHOUITI ACHOUITI, MUSTAPHA",2023→2024,2023,2024,44315,null,sin_actividad,null,0,0,null,0.586,null,0
2057,"BACK EUROP ESPAÑA, S.L",2023→2024,2023,2024,65008,null,prod_ganado,null,4001.4,4001.4,null,2.7,null,1482
4960,"MANUEL MATEO CANDEL, S.L.",2023→2024,2023,2024,5101054011,null,prod_ganado,null,1044,1044,null,1.2,null,870
