cod_cliente,nombre_comercial,año_transicion,año_ant,año,cod_producto,descripcion_producto,efecto,facturacion_ant,facturacion_act,delta_fac,toneladas_ant,toneladas_act,pvp_eur_tn_ant,pvp_eur_tn_act
1557,"APICOLA PERPIÑAN GRAU, SAT",2024→2025,2024,2025,44301,Azucar Blanco – Materia Prima para Piensos,prod_perdido,33665,null,-33665,44.75,null,752.29,null
2850,"AMC NATURAL DRINKS, S.L.",2024→2025,2024,2025,7500004011,Correfino EEC Nº2 Caña/Rem - Azucarera España,prod_perdido,133760,null,-133760,140.8,null,950,null
9446,"ALIMENTARIA ADIN, S.L.",2024→2025,2024,2025,65015,Azúcar en polvo LM,vol_precio,7663.5,4002.38,-3661.12,5.85,4.875,1310,821
904,"DAMEL GROUP, S.L. ",2024→2025,2024,2025,7500004011,Correfino EEC Nº2 Caña/Rem - Azucarera España,volumen,15210,125386.4,110176.4,23.4,196.08,650,639.47
1528,"JUAN Y JUAN INDUSTRIAL, S.L.U.",2024→2025,2024,2025,7220032231,Raw Sugar <2500ICUMSA - Eswatini Ubombo Sugar,prod_perdido,790,null,-790,1,null,790,null
2679,"REINA KILAMA, SDAD. COOP.",2024→2025,2024,2025,44313,Apipasta Vitaminas 90% - Pienso para Apicultura,vol_precio,59220,75952.5,16732.5,43.05,71.1,1375.61,1068.25
534,"MC CONSTRUCTION CHEMICAL SPAIN, S.L.",2024→2025,2024,2025,7300039291,Azúcar Blanco EEC Nº2 Caña - Kampong Speu Camboya,vol_precio,40022,16291.6,-23730.4,58.8,26,680.65,626.6
317,"ESTUCHADOS FANNY, S.L.",2024→2025,2024,2025,7300039291,Azúcar Blanco EEC Nº2 Caña - Kampong Speu Camboya,vol_precio,32946,7416,-25530,51,12,646,618
297,"TARBAL FOOD, S.L.",2024→2025,2024,2025,7300039291,Azúcar Blanco EEC Nº2 Caña - Kampong Speu Camboya,prod_perdido,9270,null,-9270,9,null,1030,null
212,"JARCA TURRONES Y DULCES, S.L.",2024→2025,2024,2025,5201002011,Glucor 45/80 - Tereos España,prod_perdido,452.2,null,-452.2,0.38,null,1190,null
9781,ADVANCE SCIENCE LIMITED,2024→2025,2024,2025,62034,Jarabe Hive Alive C,prod_perdido,15743,null,-15743,24.22,null,650,null
433,"SANCHIS MIRA, S.A.",2024→2025,2024,2025,61189,Mixco Sweet 77-50.1825,sin_actividad,0,null,0,0.001,null,0,null
2716,"DOSCADESA 2000,SL.",2024→2025,2024,2025,65015,Azúcar en polvo LM,sin_actividad,0,null,0,1,null,0,null
9263,"LOPEZ 1920 PASTELERÍA, S.L.",2024→2025,2024,2025,60105,"Azúcar PI 73,5-67",vol_precio,7728.57,15069.6,7341.030000000001,8.01,16.8,964.87,897
9724,IPF SAS,2024→2025,2024,2025,61229,Fosvitae Plus Polvo,sin_actividad,0,null,0,0.001,null,0,null
9067,"SCHREIBER FOODS ESPAÑA, S.L.",2024→2025,2024,2025,7300039291,Azúcar Blanco EEC Nº2 Caña - Kampong Speu Camboya,prod_perdido,2171847.3,null,-2171847.3,2113.72,null,1027.5,null
1314,"MANUFACTURAS PIBERNAT, S.L.",2024→2025,2024,2025,4000050331,Dextrosa Maiz Cristal Monohidrato - ADM  Bulgaria,prod_perdido,3325,null,-3325,3.5,null,950,null
444,"LICORES SINC, S.A.",2024→2025,2024,2025,60010,Azúcar Liquida Neutra S.A.,vol_precio,9468.73,22166.82,12698.09,10.556,38.31,897,578.62
3225,"SURIVAN FEEL THE TASTE, S.L.",2024→2025,2024,2025,99950,Producto de Pruebas Líquido - 1,sin_actividad,0,0,0,0.001,0.001,0,0
1752,"ROYMY 21, S.L",2024→2025,2024,2025,43101,Sorbitol Liquido 70% No cristalizable - EPSA,prod_perdido,34710,null,-34710,29.9,null,1160.87,null
450,"LA FLOR BURGALESA, S.L.",2024→2025,2024,2025,5101002011,Fructor 10/77 - Tereos  España,vol_precio,9571.2,1076.4,-8494.800000000001,9.6,1.2,997,897
459,"VIGARTO, S.L.U.",2024→2025,2024,2025,60010,Azúcar Liquida Neutra S.A.,prod_perdido,2744.43,null,-2744.43,2.39,null,1148.3,null
5679,"AB MAURI FOOD, S.A.",2024→2025,2024,2025,61229,Fosvitae Plus Polvo,sin_actividad,0,null,0,0.003,null,0,null
8480,"FLORGALA, S.L.",2024→2025,2024,2025,5101050031,Fructor 10/77 - ADM  Francia,prod_perdido,1068,null,-1068,1.2,null,890,null
3155,"HORTAMED, S.L.",2024→2025,2024,2025,5101050031,Fructor 10/77 - ADM  Francia,prod_perdido,1137.6,null,-1137.6,1.2,null,948,null
9867,"ALETTA DEVELOPMENTS, S.L.",2024→2025,2024,2025,61300,Mixco Sweet 65-00.5050 UH,volumen,1322686.5,11490723.26,10168036.76,1090.86,9615.668,1212.52,1195
8247,"ALLJUICEMED, S.L.",2024→2025,2024,2025,61279,Mixco Sweet 65-00.5050 RCP V2,vol_precio,6073567.5,5234121,-839446.5,6941.22,6131.7,875,853.62
1481,"BARDINET, S.A.",2024→2025,2024,2025,60010,Azúcar Liquida Neutra S.A.,volumen,47523.14,71677.34,24154.199999999997,95.62,144.22,497,497
428,"PASTELERIA INDUSTRIAL MONTE TURIA, S.A.",2024→2025,2024,2025,7300005081,Azúcar Blanco EEC Nº2 Caña - Cosumar  Marruecos,vol_precio,34965,36234,1269,47,59.4,743.94,610
9194,"HELADOS JOP, S.L.",2024→2025,2024,2025,44131,Glucor 37/79,prod_perdido,2856,null,-2856,2.4,null,1190,null
8971,"MASTER BUILDERS SOLUTIONS ESPAÑA, S.L.U.",2024→2025,2024,2025,7300037021,Azúcar Blanco EEC Nº2 Caña - Sidul  Portugal,prod_perdido,47424,null,-47424,48,null,988,null
769,"ANGEL CAMACHO ALIMENTACION, S.L.",2024→2025,2024,2025,7300015111,Azúcar Blanco EEC Nº2 Caña - Pantaleon  Guatemala,prod_perdido,55314.6,null,-55314.6,95.7,null,578,null
1000,CLIENTES VARIOS (CONTADO),2024→2025,2024,2025,7110004161,Azúcar Moreno >2500i - Azucarera Malawi,prod_perdido,15.86,null,-15.86,0.016,null,991.25,null
8424,"MISSION FOODS IBERIA, S.A.U.",2024→2025,2024,2025,4000050331,Dextrosa Maiz Cristal Monohidrato - ADM  Bulgaria,precio,24925,23425,-1500,25,25,997,937
2337,"METAROM IBERICA, S.A.U.",2024→2025,2024,2025,60200,Azúcar Invertido 67º,prod_perdido,3165.6,null,-3165.6,2.4,null,1319,null
9792,OROSKER KFT.,2024→2025,2024,2025,44315,Apipasta PLUS - Pienso para Apicultura,vol_precio,868,2268,1400,0.588,1.68,1476.19,1350
2298,"GRACOMSA ALIMENTARIA, S.A.U.",2024→2025,2024,2025,60011,Azúcar Líquida Integral de Caña,sin_actividad,0,null,0,0.001,null,0,null
4774,"DEL VALLE CARRION, MANUEL",2024→2025,2024,2025,44301,Azucar Blanco – Materia Prima para Piensos,prod_perdido,3600,null,-3600,4,null,900,null
6251,"MIX PAK SYSTEM, S.L.",2024→2025,2024,2025,3010750341,Fructosa Maiz Cristal Polvo - ADM  Turquía CUATRIM,prod_perdido,30887.5,null,-30887.5,23.75,null,1300.53,null
405,"CHOVI, S.L.",2024→2025,2024,2025,7300039291,Azúcar Blanco EEC Nº2 Caña - Kampong Speu Camboya,prod_perdido,226380,null,-226380,259.2,null,873.38,null
428,"PASTELERIA INDUSTRIAL MONTE TURIA, S.A.",2024→2025,2024,2025,7400002031,Az Bl. EEC Nº2 Remolacha PTE DEST-Tereos Franci,prod_perdido,61588.8,null,-61588.8,62.4,null,987,null
7612,DPTO. COMERCIAL,2024→2025,2024,2025,44315,Apipasta PLUS - Pienso para Apicultura,sin_actividad,0,0,0,0.154,0.518,0,0
9472,"NUTRARESEARCH 2011, S.L.",2024→2025,2024,2025,41000,Fructosa MAIZ Cristal,prod_perdido,58050,null,-58050,45,null,1290,null
9849,MORALCO S.R.L.,2024→2025,2024,2025,61229,Fosvitae Plus Polvo,sin_actividad,0,null,0,0.005,null,0,null
8095,"WILD FERMENT, S.L.",2024→2025,2024,2025,40207,Azúcar BIO <45 ES-ECO-024-MU Ag UE REMOLACHA,prod_perdido,1340,null,-1340,1,null,1340,null
7775,"RUNAKAY PLUS, S.L.",2024→2025,2024,2025,7300039291,Azúcar Blanco EEC Nº2 Caña - Kampong Speu Camboya,prod_perdido,600,null,-600,0.8,null,750,null
9913,DENIS DESMOINEAUX,2024→2025,2024,2025,62001,Apimix - Pienso completo - Apicultura,prod_perdido,2390.4,null,-2390.4,2.4,null,996,null
3699,"GONZALEZ CARBALLAL, S.L.",2024→2025,2024,2025,44310,Apipasta 90% - Pienso completo - Apicultura,vol_precio,42339.2,46005.6,3666.4000000000015,39.27,55.2,1078.16,833.43
2057,"BACK EUROP ESPAÑA, S.L",2024→2025,2024,2025,65005,Azúcar en polvo LS,vol_precio,9950.85,5169.45,-4781.400000000001,7.725,3.825,1288.14,1351.49
3479,"LA TAHONA DE UTIEL, S.L.",2024→2025,2024,2025,60105,"Azúcar PI 73,5-67",vol_precio,10728,16008,5280,7.2,12,1490,1334
9629,JULIA JIMENEZ BERMEJO,2024→2025,2024,2025,62001,Apimix - Pienso completo - Apicultura,prod_perdido,1296,null,-1296,1.2,null,1080,null
6399,"NOVA NOVA, GREGORIO",2024→2025,2024,2025,4000050331,Dextrosa Maiz Cristal Monohidrato - ADM  Bulgaria,prod_perdido,1764,null,-1764,1.8,null,980,null
8253,"ALVAREZ PONCE, ROCIO",2024→2025,2024,2025,44314,Apipasta 90% - BIO - Pienso completo - Apicultura,vol_precio,999.75,1026,26.25,0.645,0.57,1550,1800
445,"PASTELERIA ARROYO SANCHEZ, S.L.U.",2024→2025,2024,2025,7400002031,Az Bl. EEC Nº2 Remolacha PTE DEST-Tereos Franci,prod_perdido,7164,null,-7164,12,null,597,null
9157,"MAK FOOD COMPANY, S.L.",2024→2025,2024,2025,61259,Mixco Sweet 68-00.5050 U,prod_perdido,255558.42,null,-255558.42,211.385,null,1208.97,null
2425,"MONDEJAR AGROQUIMICOS, S.L.",2024→2025,2024,2025,61289,Fosvitae 95% Plus 78º,prod_perdido,148.2,null,-148.2,0.057,null,2600,null
531,"DESARROLLOS PANADEROS LEVANTINOS, S.L.L.",2024→2025,2024,2025,65005,Azúcar en polvo LS,sin_cambio,1694.93,1694.93,0,1.215,1.215,1395,1395
6249,"ANIA BOTANICALS, S.L.",2024→2025,2024,2025,41000,Fructosa MAIZ Cristal,prod_perdido,3625,null,-3625,2.5,null,1450,null
9670,FOOD SPECIALITIES LIMITED FSL,2024→2025,2024,2025,62150,Jarabe de Melaza de Caña,sin_actividad,0,null,0,0.001,null,0,null
9377,"CHAIX BORIS, JEAN-BAPTISTE SEBASTIEN",2024→2025,2024,2025,62001,Apimix - Pienso completo - Apicultura,prod_perdido,3585.6,null,-3585.6,3.6,null,996,null
2737,"ALFONSO MARTINEZ TORRANO, S.L.",2024→2025,2024,2025,5201050031,Glucor 45/80 - ADM  Francia,prod_perdido,2688,null,-2688,2.4,null,1120,null
1609,"RAMIRO RAMIRO, CIPRIANO",2024→2025,2024,2025,62001,Apimix - Pienso completo - Apicultura,prod_perdido,1200,null,-1200,1.2,null,1000,null
9206,"TRIAS GALLETES-BISCUITS, S.A.",2024→2025,2024,2025,7300005081,Azúcar Blanco EEC Nº2 Caña - Cosumar  Marruecos,vol_precio,24339.7,58902.8,34563.100000000006,23.98,96.8,1015,608.5
4619,"EUROPEA DE APICULTURA, S.L.",2024→2025,2024,2025,44313,Apipasta Vitaminas 90% - Pienso para Apicultura,prod_perdido,2982,null,-2982,2.1,null,1420,null
9206,"TRIAS GALLETES-BISCUITS, S.A.",2024→2025,2024,2025,7300037021,Azúcar Blanco EEC Nº2 Caña - Sidul  Portugal,prod_perdido,14672.7,null,-14672.7,24.66,null,595,null
1786,"ANITIN PANES ESPECIALES, S.L.",2024→2025,2024,2025,7300037021,Azúcar Blanco EEC Nº2 Caña - Sidul  Portugal,prod_perdido,15124,null,-15124,15.2,null,995,null
455,"EMILIO PEÑA, S.A.",2024→2025,2024,2025,5101050031,Fructor 10/77 - ADM  Francia,prod_perdido,2004,null,-2004,2.4,null,835,null
4935,"SAHUQUILLO MARTINEZ, AMPARO",2024→2025,2024,2025,44313,Apipasta Vitaminas 90% - Pienso para Apicultura,prod_perdido,147,null,-147,0.105,null,1400,null
5794,"LOPEZ DOMINGUEZ, MARIA ANGELES",2024→2025,2024,2025,44301,Azucar Blanco – Materia Prima para Piensos,sin_cambio,512,520,8,0.8,0.8,640,650
317,"ESTUCHADOS FANNY, S.L.",2024→2025,2024,2025,7230007131,DC Raw Sugar >4000I - Cassa  El Salvador,vol_precio,630,4246,3616,1,4.825,630,880
2832,DULCES LA ABUELA COOP VNA,2024→2025,2024,2025,43101,Sorbitol Liquido 70% No cristalizable - EPSA,volumen,20280,3354,-16926,15.6,2.6,1300,1290
6251,"MIX PAK SYSTEM, S.L.",2024→2025,2024,2025,41000,Fructosa MAIZ Cristal,prod_perdido,8387.5,null,-8387.5,6.25,null,1342,null
874,"COMERCIAL MAPROHELCO, S.L.",2024→2025,2024,2025,7500004011,Correfino EEC Nº2 Caña/Rem - Azucarera España,prod_perdido,768,null,-768,0.8,null,960,null
4383,"MANUFRI, S.L.",2024→2025,2024,2025,44092,Fructor 100/69,volumen,8129.01,5176.8,-2952.21,5.653,3.6,1438,1438
2057,"BACK EUROP ESPAÑA, S.L",2024→2025,2024,2025,40103,Azúcar Moreno >2500i - Brown (Dry Dem BLZ),prod_perdido,1250,null,-1250,1,null,1250,null
1173,"FRANMOSAN, S.L.",2024→2025,2024,2025,3010750341,Fructosa Maiz Cristal Polvo - ADM  Turquía CUATRIM,sin_actividad,0,null,0,0.001,null,0,null
401,"SOLER GIMENO, S.L.",2024→2025,2024,2025,65005,Azúcar en polvo LS,volumen,2418,3627,1209,1.95,2.925,1240,1240
6045,"BODEGAS WILLIAMS & HUMBERT, S.A.",2024→2025,2024,2025,60010,Azúcar Liquida Neutra S.A.,vol_precio,400814.52,480009.94,79195.41999999998,602.96,1019.1,664.74,471.01
473,"MAZALMENDRA, S.L.",2024→2025,2024,2025,7300039291,Azúcar Blanco EEC Nº2 Caña - Kampong Speu Camboya,vol_precio,167396.14,16228.8,-151167.34000000003,214.42,25.76,780.69,630
1661,"DELAVIUDA ALIMENTACION, S.A",2024→2025,2024,2025,44093,Fructor 100/80,vol_precio,9972,11534,1562,6,7.3,1662,1580
432,"CHOCOLATES ALGARRA, S.L.",2024→2025,2024,2025,43054,MALTITOL EN POLVO E-965i,prod_perdido,1512,null,-1512,0.8,null,1890,null
1339,COOP. VINICOLA LA VIÑA,2024→2025,2024,2025,60000,Azúcar Líquida Neutra 67º,vol_precio,5365.2,5357.8,-7.399999999999636,4.8,6.02,1117.75,890
5653,ASOCIACION PALENTINA DE APICULTORES,2024→2025,2024,2025,44315,Apipasta PLUS - Pienso para Apicultura,sin_actividad,0,null,0,0.028,null,0,null
9617,ARKEM KIMYA SANAYI VE TICARET A.S.,2024→2025,2024,2025,61228,Fosvitae 95% Plus,sin_actividad,0,null,0,0.001,null,0,null
6043,COOPERATIVE APICOLE DU JURA,2024→2025,2024,2025,44314,Apipasta 90% - BIO - Pienso completo - Apicultura,precio,6111,5302.5,-808.5,3.15,3.15,1940,1683.33
1751,"ANTONIO ARRAEZ, S.L",2024→2025,2024,2025,61900,Mix Fru-Dex 67º,vol_precio,39062.4,30009.2,-9053.2,31.2,26.3,1252,1141.03
9990,"POSTRES DE MESA, S.L.",2024→2025,2024,2025,65015,Azúcar en polvo LM,vol_precio,1365,116182.5,114817.5,2.041,165.975,668.79,700
9906,LE RUCHER DE CALIE,2024→2025,2024,2025,62001,Apimix - Pienso completo - Apicultura,prod_perdido,1195.2,null,-1195.2,1.2,null,996,null
1023,"TORRONS VICENS, S.L.",2024→2025,2024,2025,5201054011,Glucor 45/80 - Roquette España,sin_cambio,2268,2268,0,2.4,2.4,945,945
770,"CASTER ALIMENTACION, S.L.",2024→2025,2024,2025,1210002031,Sorbitol Liquido - Tereos Francia,prod_perdido,12883.5,null,-12883.5,11.45,null,1125.2,null
459,"VIGARTO, S.L.U.",2024→2025,2024,2025,7300037021,Azúcar Blanco EEC Nº2 Caña - Sidul  Portugal,prod_perdido,1632,null,-1632,1.6,null,1020,null
6869,"ALLTECH SPAIN, S.L.",2024→2025,2024,2025,44304,Azucar Polvo LS – Pienso completo – Apicultura,prod_perdido,11308.5,null,-11308.5,9.45,null,1196.67,null
4031,"ESPECIALITATS M. MASDEU, S.L.",2024→2025,2024,2025,5206050031,Maltor 70/80 - ADM  Francia,prod_perdido,5772,null,-5772,3.7,null,1560,null
3891,"NESTLE ESPAÑA, S.A.",2024→2025,2024,2025,4000050331,Dextrosa Maiz Cristal Monohidrato - ADM  Bulgaria,vol_precio,6000,16740,10740,5,15,1200,1116
550,"REPOSTERIA PORTA, S.L.",2024→2025,2024,2025,3010750341,Fructosa Maiz Cristal Polvo - ADM  Turquía CUATRIM,prod_perdido,6675,null,-6675,5,null,1335,null
9781,ADVANCE SCIENCE LIMITED,2024→2025,2024,2025,44315,Apipasta PLUS - Pienso para Apicultura,sin_actividad,0,null,0,0.002,null,0,null
198,"JOSE SANDOVAL, S.L.U.",2024→2025,2024,2025,7400002031,Az Bl. EEC Nº2 Remolacha PTE DEST-Tereos Franci,prod_perdido,14400,null,-14400,24,null,600,null
10037,"DELGADO COLINO, MANUEL",2024→2025,2024,2025,60105,"Azúcar PI 73,5-67",sin_actividad,0,null,0,0.005,null,0,null
891,"MONTEALBOR ALIMENTACION, S.A.U",2024→2025,2024,2025,7300039291,Azúcar Blanco EEC Nº2 Caña - Kampong Speu Camboya,volumen,720,1149.5,429.5,1,1.575,720,729.84
2767,"DULCEPLUS GOLOSINAS, S.A.",2024→2025,2024,2025,62400,Fondant ES-R01,vol_precio,11789.7,7603.2,-4186.500000000001,8.37,7.68,1408.57,990
4561,"AGRICOM, S.R.L.",2024→2025,2024,2025,44310,Apipasta 90% - Pienso completo - Apicultura,vol_precio,211990.41,166915.2,-45075.20999999999,199.98,192.09,1060.06,868.94
317,"ESTUCHADOS FANNY, S.L.",2024→2025,2024,2025,7200017111,>45 ICUMSA - Palo Gordo Guatemala,prod_perdido,60989.25,null,-60989.25,71.6,null,851.81,null
4997,"PRODUCTOS LA MULATA, S.L.",2024→2025,2024,2025,5205050031,Glucor 37/79 - ADM  Francia,vol_precio,5256,9394,4138,3.6,6.1,1460,1540
7115,"RIVERBEND ESPAÑA, S.A",2024→2025,2024,2025,61292,Mixco Sweet 72-00.5050 M1A,volumen,352728,217907.52,-134820.48,207,127.88,1704,1704
4709,"TURRONES PICO, S.A.",2024→2025,2024,2025,60119,Azúcar PI 74-50,vol_precio,21218.4,24949.4,3731,33.68,50.2,630,497
10008,"AR MELIT SALAMANCA, SLU",2024→2025,2024,2025,44301,Azucar Blanco – Materia Prima para Piensos,prod_perdido,700,null,-700,1,null,700,null
5528,"FERNANDEZ LOPEZ, ANTONIO",2024→2025,2024,2025,44314,Apipasta 90% - BIO - Pienso completo - Apicultura,vol_precio,582.12,882,299.88,0.3,0.6,1940.4,1470
10045,"GARCID GESTION FORESTAL, S.L.",2024→2025,2024,2025,44314,Apipasta 90% - BIO - Pienso completo - Apicultura,prod_perdido,594,null,-594,0.33,null,1800,null
566,"ALMACENES MIGUEZ 2005,S.L.",2024→2025,2024,2025,44314,Apipasta 90% - BIO - Pienso completo - Apicultura,vol_precio,3370.5,1575,-1795.5,2.235,1.11,1508.05,1418.92
3699,"GONZALEZ CARBALLAL, S.L.",2024→2025,2024,2025,4000050331,Dextrosa Maiz Cristal Monohidrato - ADM  Bulgaria,prod_perdido,1312.5,null,-1312.5,1.25,null,1050,null
1528,"JUAN Y JUAN INDUSTRIAL, S.L.U.",2024→2025,2024,2025,65020,Azúcar en polvo SG - LM Micronizada,sin_actividad,0,null,0,0.078,null,0,null
1747,"FRUIT TECH NATURAL, S.A.",2024→2025,2024,2025,61211,Mixco Sweet 74-01.5050 REMOLACHA,vol_precio,2567790.96,428600.4,-2139190.56,2422.28,419,1060.07,1022.91
8641,"GALLETAS GULLÓN, S.A.",2024→2025,2024,2025,7300037021,Azúcar Blanco EEC Nº2 Caña - Sidul  Portugal,prod_perdido,991380,null,-991380,953.25,null,1040,null
297,"TARBAL FOOD, S.L.",2024→2025,2024,2025,5201002011,Glucor 45/80 - Tereos España,vol_precio,19806,46923.95,27117.949999999997,15.6,40.553,1269.62,1157.1
5109,"INDUSTRIAS ROKO, S.A.",2024→2025,2024,2025,4000050331,Dextrosa Maiz Cristal Monohidrato - ADM  Bulgaria,prod_perdido,2487.5,null,-2487.5,2.5,null,995,null
581,TURRON.Y CARAMEL. DE HELLIN SL,2024→2025,2024,2025,5201750031,Glucor 45/80 - ADM  Francia CUATRIMESTRAL,prod_perdido,8626.8,null,-8626.8,7.28,null,1185,null
9990,"POSTRES DE MESA, S.L.",2024→2025,2024,2025,65031,AZÚCAR EN POLVO LM 25-35m,sin_actividad,0,null,0,0.001,null,0,null
9653,BEENICE.DK,2024→2025,2024,2025,44313,Apipasta Vitaminas 90% - Pienso para Apicultura,prod_perdido,1522.5,null,-1522.5,1.05,null,1450,null
9274,SUSTAINABLE APIARIES,2024→2025,2024,2025,44315,Apipasta PLUS - Pienso para Apicultura,vol_precio,3158.4,1050,-2108.4,1.89,0.84,1671.11,1250
9194,"HELADOS JOP, S.L.",2024→2025,2024,2025,5205050031,Glucor 37/79 - ADM  Francia,volumen,2856,4284,1428,2.4,3.6,1190,1190
455,"EMILIO PEÑA, S.A.",2024→2025,2024,2025,3010750341,Fructosa Maiz Cristal Polvo - ADM  Turquía CUATRIM,prod_perdido,101175,null,-101175,88.751,null,1139.99,null
3863,"LA TRADICION M&T, S.L.",2024→2025,2024,2025,65005,Azúcar en polvo LS,prod_perdido,688.5,null,-688.5,0.51,null,1350,null
9828,"GOODBEER, S.L.",2024→2025,2024,2025,60010,Azúcar Liquida Neutra S.A.,sin_actividad,0,null,0,0.001,null,0,null
9047,"CUÉTARA, S.L.U.",2024→2025,2024,2025,61298,Fosvitae 95% Plus 74º,prod_perdido,639,null,-639,0.302,null,2115.89,null
2691,"CAMPILLO MONDEJAR, C.B.",2024→2025,2024,2025,65008,Azúcar en polvo LS Pallet EUR,prod_perdido,396,null,-396,0.3,null,1320,null
430,"MONZO LUIS, S.L.",2024→2025,2024,2025,5100050031,Fructor 10/81 - ADM  Francia,prod_perdido,1380,null,-1380,1.2,null,1150,null
9609,"VAMINTER, S.L.",2024→2025,2024,2025,3010050341,Fructosa Maiz Cristal Polvo - ADM  Turquía,prod_perdido,725,null,-725,0.5,null,1450,null
8795,"ADISTAFARMA, S.L.",2024→2025,2024,2025,7300039291,Azúcar Blanco EEC Nº2 Caña - Kampong Speu Camboya,sin_actividad,0,null,0,0.001,null,0,null
2057,"BACK EUROP ESPAÑA, S.L",2024→2025,2024,2025,41000,Fructosa MAIZ Cristal,prod_perdido,447,null,-447,0.3,null,1490,null
9123,S.A.T. Nº9779 CARREÑO PEÑALVER HNOS,2024→2025,2024,2025,3010750341,Fructosa Maiz Cristal Polvo - ADM  Turquía CUATRIM,prod_perdido,1058,null,-1058,0.575,null,1840,null
2903,"MEDITERRANEA MELLIS, S.L.",2024→2025,2024,2025,61164,Mixco Sweet Plus-M 82-05.5141,sin_actividad,0,null,0,0.001,null,0,null
2850,"AMC NATURAL DRINKS, S.L.",2024→2025,2024,2025,7300039291,Azúcar Blanco EEC Nº2 Caña - Kampong Speu Camboya,prod_perdido,86640,null,-86640,91.2,null,950,null
3954,"MIELES ARSE, C.B.",2024→2025,2024,2025,44301,Azucar Blanco – Materia Prima para Piensos,prod_perdido,4712,null,-4712,6.4,null,736.25,null
1752,"ROYMY 21, S.L",2024→2025,2024,2025,1210054031,Sorbitol Liquido - Roquette Francia,vol_precio,5520,17316,11796,4.8,15.6,1150,1110
2684,"INDUSTRIAS JIJONENCAS, S.A.",2024→2025,2024,2025,5101002011,Fructor 10/77 - Tereos  España,prod_perdido,16356.32,null,-16356.32,24.16,null,677,null
9157,"MAK FOOD COMPANY, S.L.",2024→2025,2024,2025,61245,Mixco Sweet 68-00.5050 I,vol_precio,1040488.5,2781203.9,1740715.4,893.912,2601.142,1163.97,1069.22
10039,"FULLERTON LOGISTICS, S.L.U.",2024→2025,2024,2025,63101,PEP58 - LM,volumen,46676.25,565137,518460.75,69.15,837.24,675,675
9677,"PEBEMA FOODS, S.L.",2024→2025,2024,2025,7400002031,Az Bl. EEC Nº2 Remolacha PTE DEST-Tereos Franci,prod_perdido,833,null,-833,0.7,null,1190,null
7558,HARINAS CASTILLA LA MANCHA S.L,2024→2025,2024,2025,2100002011,Almidon Maiz - Tereos España,prod_perdido,181969,null,-181969,261.2,null,696.67,null
1746,"PRIMITIVO PICO, S.A",2024→2025,2024,2025,7300039291,Azúcar Blanco EEC Nº2 Caña - Kampong Speu Camboya,prod_perdido,38268,null,-38268,60,null,637.8,null
303,"J.R. SABATER, S.A.",2024→2025,2024,2025,7300037021,Azúcar Blanco EEC Nº2 Caña - Sidul  Portugal,prod_perdido,29328,null,-29328,33.6,null,872.86,null
1646,"NAVARRO SALA, JOSE",2024→2025,2024,2025,7300039291,Azúcar Blanco EEC Nº2 Caña - Kampong Speu Camboya,prod_perdido,432,null,-432,0.6,null,720,null
10025,"PRO ELITE BAITS INTERNATIONAL, S.L.",2024→2025,2024,2025,5101050031,Fructor 10/77 - ADM  Francia,prod_perdido,1620,null,-1620,1.2,null,1350,null
3156,"FINI GOLOSINAS ESPAÑA, S.L.U.",2024→2025,2024,2025,62151,Jarabe de Melaza- Soft Treacle (Negro),volumen,153820.4,155695.66,1875.2600000000093,123.9,127.16,1241.49,1224.41
1253,"HORCHATA EL COSECHERO, S.L.",2024→2025,2024,2025,7300039291,Azúcar Blanco EEC Nº2 Caña - Kampong Speu Camboya,prod_perdido,220850,null,-220850,280,null,788.75,null
3833,"ASTURIAS APICOLA, S.L.",2024→2025,2024,2025,7200017111,>45 ICUMSA - Palo Gordo Guatemala,prod_perdido,6372,null,-6372,7.2,null,885,null
10026,"MARHEV SRO, S.A.",2024→2025,2024,2025,7300039291,Azúcar Blanco EEC Nº2 Caña - Kampong Speu Camboya,volumen,72600,12100,-60500,120,20,605,605
5680,"SALSA WOK, S.L.",2024→2025,2024,2025,62070,Mix Golden Jarabe,volumen,13392.43,13706.25,313.8199999999997,10.515,10.751,1273.65,1274.88
9157,"MAK FOOD COMPANY, S.L.",2024→2025,2024,2025,61200,Fosvitae 85%,sin_actividad,0,0,0,0.02,0.02,0,0
2073,"PLATOS TRADICIONALES, S.A",2024→2025,2024,2025,7300037021,Azúcar Blanco EEC Nº2 Caña - Sidul  Portugal,prod_perdido,33096,null,-33096,29.55,null,1120,null
7708,"MARTIN BERNAL, LAURA",2024→2025,2024,2025,7300039291,Azúcar Blanco EEC Nº2 Caña - Kampong Speu Camboya,prod_perdido,995,null,-995,1,null,995,null
4567,"CARBONELL ANTICH, MARIA GRACIA",2024→2025,2024,2025,7300005081,Azúcar Blanco EEC Nº2 Caña - Cosumar  Marruecos,prod_perdido,119,null,-119,0.1,null,1190,null
902,"MEMBRILLO EL QUIJOTE, S.A.",2024→2025,2024,2025,3010750341,Fructosa Maiz Cristal Polvo - ADM  Turquía CUATRIM,prod_perdido,14062.5,null,-14062.5,11.25,null,1250,null
282,"PRODUCTOS LOZANO, S.L.",2024→2025,2024,2025,44010,Fructor 10/81,prod_perdido,1800,null,-1800,1.2,null,1500,null
874,"COMERCIAL MAPROHELCO, S.L.",2024→2025,2024,2025,7300039291,Azúcar Blanco EEC Nº2 Caña - Kampong Speu Camboya,prod_perdido,1280,null,-1280,1.6,null,800,null
430,"MONZO LUIS, S.L.",2024→2025,2024,2025,1110049321,Maltitol Liquido - Shandong Tianli Pharm-China,volumen,10829,18564,7735,9.1,15.6,1190,1190
198,"JOSE SANDOVAL, S.L.U.",2024→2025,2024,2025,7300039291,Azúcar Blanco EEC Nº2 Caña - Kampong Speu Camboya,vol_precio,43820,269204,225384,69,482.5,635.07,557.94
400,"ASOCIACION IND. ALICANTINA DEL HELADO, S.A.",2024→2025,2024,2025,5101050031,Fructor 10/77 - ADM  Francia,prod_perdido,26160,null,-26160,24,null,1090,null
7699,"TEJERA MARTINEZ, DAVID ANGEL",2024→2025,2024,2025,62001,Apimix - Pienso completo - Apicultura,prod_perdido,76.8,null,-76.8,0.06,null,1280,null
9910,"HERNANDEZ ORTIZ, DIOSDADO",2024→2025,2024,2025,7300005081,Azúcar Blanco EEC Nº2 Caña - Cosumar  Marruecos,prod_perdido,792,null,-792,0.8,null,990,null
5293,"AGROKAZAN FERTILIZANTES, S.L.",2024→2025,2024,2025,7300039291,Azúcar Blanco EEC Nº2 Caña - Kampong Speu Camboya,prod_perdido,414,null,-414,0.6,null,690,null
4567,"CARBONELL ANTICH, MARIA GRACIA",2024→2025,2024,2025,3010750341,Fructosa Maiz Cristal Polvo - ADM  Turquía CUATRIM,prod_perdido,1486.25,null,-1486.25,1.025,null,1450,null
435,"R. MARSILLA, S.A.",2024→2025,2024,2025,7300039291,Azúcar Blanco EEC Nº2 Caña - Kampong Speu Camboya,prod_perdido,7168,null,-7168,11.2,null,640,null
314,"PASDULCE, S.L.",2024→2025,2024,2025,1210002031,Sorbitol Liquido - Tereos Francia,prod_perdido,1668,null,-1668,1.2,null,1390,null
5046,"CEREALTO SINTRA FOODS, S.A.",2024→2025,2024,2025,65016,Azúcar en polvo LM Pallet PLT,prod_perdido,7371,null,-7371,5.85,null,1260,null
448,"ESGIR, S.L.",2024→2025,2024,2025,7300039291,Azúcar Blanco EEC Nº2 Caña - Kampong Speu Camboya,prod_perdido,7380,null,-7380,12,null,615,null
4507,"ALMACEN DE CONFITERIA Y PASTELERIA, S.L.",2024→2025,2024,2025,65007,Azúcar en polvo LS Pallet Plast. CHEP,sin_actividad,0,null,0,0.015,null,0,null
7880,"DULCES EL AVION, S.A.",2024→2025,2024,2025,5201750031,Glucor 45/80 - ADM  Francia CUATRIMESTRAL,prod_perdido,14471.1,null,-14471.1,22.97,null,630,null
9811,"IDEAGRO, S.L.",2024→2025,2024,2025,42000,Dextrosa Cristal Monohidrato Maiz,prod_perdido,7787.5,null,-7787.5,8.75,null,890,null
1513,"AGROBIO, S.L.",2024→2025,2024,2025,99950,Producto de Pruebas Líquido - 1,sin_actividad,0,0,0,0.025,0.06,0,0
401,"SOLER GIMENO, S.L.",2024→2025,2024,2025,7620010201,Azúcar Perlado 2-Sudzucker Belgica,vol_precio,4860,14960,10100,3,11,1620,1360
7440,"LOPEZ FOOD GROUP, S.L.",2024→2025,2024,2025,43101,Sorbitol Liquido 70% No cristalizable - EPSA,prod_perdido,5343,null,-5343,3.9,null,1370,null
3482,"GALVEZ MARTINEZ, ANGEL",2024→2025,2024,2025,44313,Apipasta Vitaminas 90% - Pienso para Apicultura,prod_perdido,186,null,-186,0.12,null,1550,null
4383,"MANUFRI, S.L.",2024→2025,2024,2025,60022,Azúcar Líquida Neutra 67º - ACB,vol_precio,622534.01,64353,-558181.01,529.83,67.74,1174.97,950
3921,"IBERFRUTA MUERZA, S.A.",2024→2025,2024,2025,7300005081,Azúcar Blanco EEC Nº2 Caña - Cosumar  Marruecos,prod_perdido,115379,null,-115379,115.5,null,998.95,null
7874,"SUGAR GLOBAL TRADING, S.L.",2024→2025,2024,2025,65015,Azúcar en polvo LM,prod_perdido,15412.5,null,-15412.5,22.5,null,685,null
9097,"CAFES MIÑANA, S.A.",2024→2025,2024,2025,7500004011,Correfino EEC Nº2 Caña/Rem - Azucarera España,vol_precio,2380,1424,-956,2,1.6,1190,890
9858,"CITRIBLAT, S.L.",2024→2025,2024,2025,44315,Apipasta PLUS - Pienso para Apicultura,prod_perdido,103.32,null,-103.32,0.056,null,1845,null
4265,"TORRALBA MUÑOZ, MONICA",2024→2025,2024,2025,44301,Azucar Blanco – Materia Prima para Piensos,prod_perdido,3600,null,-3600,4,null,900,null
3478,"APICOLA LA PARRA, S.L.U.",2024→2025,2024,2025,44315,Apipasta PLUS - Pienso para Apicultura,vol_precio,10374,39900,29526,10.848,32.64,956.31,1222.43
9567,SIKA S.A.U.,2024→2025,2024,2025,7300005081,Azúcar Blanco EEC Nº2 Caña - Cosumar  Marruecos,prod_perdido,8348.6,null,-8348.6,8.45,null,988,null
3658,"NAVALON FERRER, CRISTIAN",2024→2025,2024,2025,44313,Apipasta Vitaminas 90% - Pienso para Apicultura,prod_perdido,2940,null,-2940,2.1,null,1400,null
9748,LAURIERI S.R.L.,2024→2025,2024,2025,61289,Fosvitae 95% Plus 78º,sin_actividad,0,null,0,0.001,null,0,null
542,"SDAD.ESPAÑOLA COLOR. NATURALES Y AFINES, S.A.U.",2024→2025,2024,2025,7300005081,Azúcar Blanco EEC Nº2 Caña - Cosumar  Marruecos,prod_perdido,23734.8,null,-23734.8,22.8,null,1041,null
246,"CAMPO BETICA, S.L.",2024→2025,2024,2025,3000750341,Fructosa Maiz Cristal Granulada-ADM Turquía CUATRI,prod_perdido,6485,null,-6485,5,null,1297,null
9463,"ADIEGO HERMANOS, S.A.",2024→2025,2024,2025,43101,Sorbitol Liquido 70% No cristalizable - EPSA,prod_perdido,3328,null,-3328,2.6,null,1280,null
7171,"QUIRANTE FRUITS, S.L.",2024→2025,2024,2025,61225,CA1956,prod_perdido,51815.68,null,-51815.68,40.074,null,1293,null
7924,"J.NORKEN,S.L.",2024→2025,2024,2025,3010750341,Fructosa Maiz Cristal Polvo - ADM  Turquía CUATRIM,prod_perdido,37700,null,-37700,32.5,null,1160,null
4566,"CONFETICAKES, S.L.",2024→2025,2024,2025,60114,"Azúcar PI 73,5-67-C",vol_precio,7847.75,19583.25,11735.5,7.835,23.41,1001.63,836.53
4383,"MANUFRI, S.L.",2024→2025,2024,2025,7300037021,Azúcar Blanco EEC Nº2 Caña - Sidul  Portugal,prod_perdido,18480,null,-18480,24,null,770,null
4002,"ABB MJ FERNANDEZ ARANDA, S.L.",2024→2025,2024,2025,44310,Apipasta 90% - Pienso completo - Apicultura,vol_precio,3276,1029,-2247,3.15,1.05,1040,980
465,"INVESTIGACION Y DESARROLLO PANADERO, S.L.",2024→2025,2024,2025,65007,Azúcar en polvo LS Pallet Plast. CHEP,vol_precio,7299,4860,-2439,6.3,3.6,1158.57,1350
8150,"BODEGAS MONASTRELL, S.L",2024→2025,2024,2025,40207,Azúcar BIO <45 ES-ECO-024-MU Ag UE REMOLACHA,sin_cambio,67.9,67.9,0,0.05,0.05,1358,1358
1854,"ROYPAS BY NUTRIS, S.A.",2024→2025,2024,2025,7300037021,Azúcar Blanco EEC Nº2 Caña - Sidul  Portugal,prod_perdido,18480,null,-18480,24,null,770,null
9337,"ORTEGA MARTORELL, JAVIER",2024→2025,2024,2025,44301,Azucar Blanco – Materia Prima para Piensos,prod_perdido,765.38,null,-765.38,0.975,null,785.01,null
431,"DICARCONO, S.L.",2024→2025,2024,2025,7500004011,Correfino EEC Nº2 Caña/Rem - Azucarera España,prod_perdido,23688,null,-23688,24,null,987,null
9067,"SCHREIBER FOODS ESPAÑA, S.L.",2024→2025,2024,2025,7300005081,Azúcar Blanco EEC Nº2 Caña - Cosumar  Marruecos,prod_perdido,252888.3,null,-252888.3,246.12,null,1027.5,null
197,"J. GARCIA CARRION, S.A.",2024→2025,2024,2025,7300039291,Azúcar Blanco EEC Nº2 Caña - Kampong Speu Camboya,prod_perdido,760617,null,-760617,772.2,null,985,null
428,"PASTELERIA INDUSTRIAL MONTE TURIA, S.A.",2024→2025,2024,2025,40013,Azucar Blanco EEC Nº2 Extrafino,prod_perdido,28913,null,-28913,29,null,997,null
1529,"DULCESA, S.L. UNIPERSONAL",2024→2025,2024,2025,7400002031,Az Bl. EEC Nº2 Remolacha PTE DEST-Tereos Franci,prod_perdido,82645.56,null,-82645.56,79.62,null,1038,null
3479,"LA TAHONA DE UTIEL, S.L.",2024→2025,2024,2025,65030,AZÚCAR EN POLVO LM 48m,prod_perdido,372,null,-372,0.301,null,1235.88,null
1430,"BYC CHEMICAL, S.L.",2024→2025,2024,2025,4000050331,Dextrosa Maiz Cristal Monohidrato - ADM  Bulgaria,volumen,10383.75,35512.5,25128.75,9.75,33.75,1065,1052.22
2679,"REINA KILAMA, SDAD. COOP.",2024→2025,2024,2025,44301,Azucar Blanco – Materia Prima para Piensos,prod_perdido,41280,null,-41280,48,null,860,null
421,"JOSE GARCIA E HIJOS, S.L.",2024→2025,2024,2025,7500004011,Correfino EEC Nº2 Caña/Rem - Azucarera España,vol_precio,5640,30240,24600,6,48,940,630
1205,"MERCADONA, S.A.",2024→2025,2024,2025,7230007131,DC Raw Sugar >4000I - Cassa  El Salvador,sin_actividad,0,null,0,0.002,null,0,null
516,"PAIARROP, S.L.",2024→2025,2024,2025,7800059261,Azúcar BIO Caña NOP - Incauca Colombia,prod_perdido,901.6,null,-901.6,0.575,null,1568,null
7950,LES RUCHERS DU TALUS,2024→2025,2024,2025,44314,Apipasta 90% - BIO - Pienso completo - Apicultura,vol_precio,4284,1732.5,-2551.5,2.1,1.05,2040,1650
517,"DUPAN, S.L.",2024→2025,2024,2025,7300039291,Azúcar Blanco EEC Nº2 Caña - Kampong Speu Camboya,prod_perdido,5940,null,-5940,6,null,990,null
9670,FOOD SPECIALITIES LIMITED FSL,2024→2025,2024,2025,61229,Fosvitae Plus Polvo,sin_actividad,0,null,0,0.003,null,0,null
457,"AMAHER, S.L.",2024→2025,2024,2025,3010750341,Fructosa Maiz Cristal Polvo - ADM  Turquía CUATRIM,prod_perdido,25910,null,-25910,22,null,1177.73,null
10084,NOYEZ BRIGITTE,2024→2025,2024,2025,44313,Apipasta Vitaminas 90% - Pienso para Apicultura,prod_perdido,2250,null,-2250,1.8,null,1250,null
8247,"ALLJUICEMED, S.L.",2024→2025,2024,2025,64091,ATI 65º,prod_ganado,0,21632,21632,0.006,25.6,0,845
874,"COMERCIAL MAPROHELCO, S.L.",2024→2025,2024,2025,7300005081,Azúcar Blanco EEC Nº2 Caña - Cosumar  Marruecos,prod_perdido,696,null,-696,0.8,null,870,null
252,"CONSERVAS ALGUAZAS, S.L.",2024→2025,2024,2025,7300039291,Azúcar Blanco EEC Nº2 Caña - Kampong Speu Camboya,prod_perdido,4045,null,-4045,5,null,809,null
297,"TARBAL FOOD, S.L.",2024→2025,2024,2025,60105,"Azúcar PI 73,5-67",vol_precio,6168,3012,-3156,4.8,2.4,1285,1255
595,"ROSCRIS BENIOPA, S.L",2024→2025,2024,2025,7500004011,Correfino EEC Nº2 Caña/Rem - Azucarera España,vol_precio,7056,5400,-1656,6.3,7.2,1120,750
6374,ASOCIACION DE APICULTORES ALAVESES (APIAL),2024→2025,2024,2025,44313,Apipasta Vitaminas 90% - Pienso para Apicultura,prod_perdido,13314,null,-13314,10.5,null,1268,null
5314,"PROFESSIONAL DAIRY PRODUCTS, S.L.",2024→2025,2024,2025,43101,Sorbitol Liquido 70% No cristalizable - EPSA,prod_perdido,13468,null,-13468,10.4,null,1295,null
9157,"MAK FOOD COMPANY, S.L.",2024→2025,2024,2025,61306,Mixco Sweet 72-40.3030 M1A3,volumen,58374.64,1586592,1528217.36,34.48,944.405,1693,1679.99
2909,"MANIPULADOS DE CEBOLLAS Y DERIVADOS, S.L.",2024→2025,2024,2025,99950,Producto de Pruebas Líquido - 1,sin_actividad,0,null,0,0.001,null,0,null
6235,"ATRILE 21, S.L.",2024→2025,2024,2025,65008,Azúcar en polvo LS Pallet EUR,prod_perdido,1044,null,-1044,0.9,null,1160,null
3111,"GOMEZ MARTIN, HUGO",2024→2025,2024,2025,44315,Apipasta PLUS - Pienso para Apicultura,prod_perdido,6552,0,-6552,5.04,1.54,1300,0
9636,SOMA RHUM DESTILERIE,2024→2025,2024,2025,40260,Melaza de Caña,prod_perdido,1494,null,-1494,1.2,null,1245,null
4329,"ZAFRA SANTILLANA, ELOY",2024→2025,2024,2025,62000,Mix Idoneo - Pienso Completo - Apicultura,vol_precio,4081,600,-3481,5.83,0.75,700,800
9520,"GOLOSINAS MININOLAS, S.L.U.",2024→2025,2024,2025,1110049321,Maltitol Liquido - Shandong Tianli Pharm-China,vol_precio,29393,92739.4,63346.399999999994,24.7,89.7,1190,1033.88
1747,"FRUIT TECH NATURAL, S.A.",2024→2025,2024,2025,7300037021,Azúcar Blanco EEC Nº2 Caña - Sidul  Portugal,prod_perdido,41800,null,-41800,44,null,950,null
9792,OROSKER KFT.,2024→2025,2024,2025,44313,Apipasta Vitaminas 90% - Pienso para Apicultura,vol_precio,262.13,2145,1882.87,0.255,1.95,1027.96,1100
400,"ASOCIACION IND. ALICANTINA DEL HELADO, S.A.",2024→2025,2024,2025,5101002011,Fructor 10/77 - Tereos  España,prod_perdido,65947.6,null,-65947.6,67.96,null,970.39,null
7171,"QUIRANTE FRUITS, S.L.",2024→2025,2024,2025,64502,COMPO AL,prod_perdido,29608.08,null,-29608.08,19.479,null,1520,null
3372,"GUFRESCO, S.L.",2024→2025,2024,2025,41005,Fructosa MAIZ Cristal Granulada,prod_perdido,892.5,null,-892.5,0.5,null,1785,null
581,TURRON.Y CARAMEL. DE HELLIN SL,2024→2025,2024,2025,7300005081,Azúcar Blanco EEC Nº2 Caña - Cosumar  Marruecos,prod_perdido,890,null,-890,1,null,890,null
396,"AGROTRANSFORMADOS, S.A.",2024→2025,2024,2025,60000,Azúcar Líquida Neutra 67º,vol_precio,281520.42,251043.64,-30476.77999999997,461.38,523.08,610.17,479.93
7706,"RUIPAN, S.L.",2024→2025,2024,2025,7500004011,Correfino EEC Nº2 Caña/Rem - Azucarera España,prod_perdido,19396.8,null,-19396.8,26.94,null,720,null
546,"E.MORENO, S.L.",2024→2025,2024,2025,7300039291,Azúcar Blanco EEC Nº2 Caña - Kampong Speu Camboya,prod_perdido,95292,null,-95292,156,null,610.85,null
582,"HIJOS DE SALVADOR COSTA, S.L.",2024→2025,2024,2025,3010750341,Fructosa Maiz Cristal Polvo - ADM  Turquía CUATRIM,prod_perdido,2312.5,null,-2312.5,1.25,null,1850,null
9121,"PEGAMENTOS ORO, S.L.",2024→2025,2024,2025,43101,Sorbitol Liquido 70% No cristalizable - EPSA,sin_actividad,0,null,0,0.001,null,0,null
7612,DPTO. COMERCIAL,2024→2025,2024,2025,44313,Apipasta Vitaminas 90% - Pienso para Apicultura,sin_actividad,0,0,0,0.165,0.51,0,0
473,"MAZALMENDRA, S.L.",2024→2025,2024,2025,7300037021,Azúcar Blanco EEC Nº2 Caña - Sidul  Portugal,prod_perdido,50881.8,null,-50881.8,53.08,null,958.59,null
2916,"SUC. DE MUÑOZ Y PUJANTE, S.L.",2024→2025,2024,2025,7200017111,>45 ICUMSA - Palo Gordo Guatemala,vol_precio,216,52.5,-163.5,0.2,0.4,1080,131.25
566,"ALMACENES MIGUEZ 2005,S.L.",2024→2025,2024,2025,3010750341,Fructosa Maiz Cristal Polvo - ADM  Turquía CUATRIM,prod_perdido,750,null,-750,0.6,null,1250,null
4507,"ALMACEN DE CONFITERIA Y PASTELERIA, S.L.",2024→2025,2024,2025,62400,Fondant ES-R01,vol_precio,9744,2284.8,-7459.2,7.68,1.92,1268.75,1190
10069,ORXUJO SETABENSE S.L.,2024→2025,2024,2025,40103,Azúcar Moreno >2500i - Brown (Dry Dem BLZ),prod_perdido,24.5,null,-24.5,0.025,null,980,null
8352,ASOCIACION PROVINCIAL DE APICULTORES BURGALESES,2024→2025,2024,2025,44313,Apipasta Vitaminas 90% - Pienso para Apicultura,prod_perdido,4630.5,null,-4630.5,3.15,null,1470,null
9828,"GOODBEER, S.L.",2024→2025,2024,2025,7300039291,Azúcar Blanco EEC Nº2 Caña - Kampong Speu Camboya,prod_perdido,1794,null,-1794,2.6,null,690,null
517,"DUPAN, S.L.",2024→2025,2024,2025,43101,Sorbitol Liquido 70% No cristalizable - EPSA,prod_perdido,3432,null,-3432,2.6,null,1320,null
9854,"NORDMANN PORTUGAL, S.A.",2024→2025,2024,2025,99950,Producto de Pruebas Líquido - 1,sin_actividad,0,null,0,0.002,null,0,null
9957,"SCANBIO, S.A.",2024→2025,2024,2025,61200,Fosvitae 85%,sin_actividad,0,null,0,0.01,null,0,null
7171,"QUIRANTE FRUITS, S.L.",2024→2025,2024,2025,61299,Mixco Sweet 71-00.5050 U,prod_perdido,156247.5,null,-156247.5,124.5,null,1255,null
5989,"T500 PURATOS, S.A.",2024→2025,2024,2025,65005,Azúcar en polvo LS,vol_precio,157338.75,58930.05,-98408.7,142.65,74.595,1102.97,790
4561,"AGRICOM, S.R.L.",2024→2025,2024,2025,44313,Apipasta Vitaminas 90% - Pienso para Apicultura,vol_precio,150157.5,130935,-19222.5,123.15,130.8,1219.31,1001.03
5930,UNION PROFESIONAL APICULTORES ZAMORA APIS DURII,2024→2025,2024,2025,44313,Apipasta Vitaminas 90% - Pienso para Apicultura,sin_actividad,0,null,0,0.015,null,0,null
592,"FRAMAJOVA, S.L",2024→2025,2024,2025,60200,Azúcar Invertido 67º,prod_perdido,39672,null,-39672,32.4,null,1224.44,null
4031,"ESPECIALITATS M. MASDEU, S.L.",2024→2025,2024,2025,61228,Fosvitae 95% Plus,prod_perdido,20088.6,null,-20088.6,6.111,null,3287.29,null
330,"PASTELERIA LOS MELLIZOS, S.L.",2024→2025,2024,2025,5101750031,Fructor 10/77 - ADM  Francia CUATRIMESTRAL,prod_perdido,1086,null,-1086,1.2,null,905,null
585,"COLOMA GARCIA, S.L.",2024→2025,2024,2025,7500004011,Correfino EEC Nº2 Caña/Rem - Azucarera España,prod_perdido,22968,null,-22968,24,null,957,null
4619,"EUROPEA DE APICULTURA, S.L.",2024→2025,2024,2025,44302,Dextrosa Cristal –  Materia Prima para Piensos,prod_perdido,1493.75,null,-1493.75,1.25,null,1195,null
1747,"FRUIT TECH NATURAL, S.A.",2024→2025,2024,2025,7500004011,Correfino EEC Nº2 Caña/Rem - Azucarera España,prod_perdido,19760,null,-19760,20.8,null,950,null
4329,"ZAFRA SANTILLANA, ELOY",2024→2025,2024,2025,62020,Mix Fructor Apicultor - Pienso completo - Apicult.,prod_perdido,1208,null,-1208,1.25,null,966.4,null
9825,"KOMVIDA KOMBUCHA, S.L.",2024→2025,2024,2025,99950,Producto de Pruebas Líquido - 1,sin_actividad,0,null,0,0.001,null,0,null
9768,"SHAR PRODUCTOS ALIMENTARIOS, S.L.",2024→2025,2024,2025,7300005081,Azúcar Blanco EEC Nº2 Caña - Cosumar  Marruecos,prod_perdido,5504,null,-5504,6.4,null,860,null
385,"BIOMIP BIOLOGICAL QUALITY, S.L.",2024→2025,2024,2025,62001,Apimix - Pienso completo - Apicultura,sin_actividad,0,null,0,0.01,null,0,null
455,"EMILIO PEÑA, S.A.",2024→2025,2024,2025,4000050331,Dextrosa Maiz Cristal Monohidrato - ADM  Bulgaria,vol_precio,86706.25,58902.5,-27803.75,95,68.75,912.7,856.76
1253,"HORCHATA EL COSECHERO, S.L.",2024→2025,2024,2025,7300005081,Azúcar Blanco EEC Nº2 Caña - Cosumar  Marruecos,prod_perdido,72000,null,-72000,99.2,null,725.81,null
7189,"PASTISART IBERIA, S.L.U",2024→2025,2024,2025,60105,"Azúcar PI 73,5-67",precio,73269.6,55329.6,-17940.000000000007,62.27,62.4,1176.64,886.69
5231,"CRISTOBAL E HIJO, S.L.",2024→2025,2024,2025,44313,Apipasta Vitaminas 90% - Pienso para Apicultura,prod_perdido,1627.5,null,-1627.5,1.05,null,1550,null
9685,ANTONIO RAMÍREZ CASTILLO,2024→2025,2024,2025,40103,Azúcar Moreno >2500i - Brown (Dry Dem BLZ),prod_perdido,968,null,-968,0.8,null,1210,null
3186,"BODEGAS SANVIVER, S.L.",2024→2025,2024,2025,40207,Azúcar BIO <45 ES-ECO-024-MU Ag UE REMOLACHA,prod_perdido,1350,null,-1350,1,null,1350,null
7867,"SINBLAT ALIMENTACION SALUDABLE, S.L.",2024→2025,2024,2025,5101050031,Fructor 10/77 - ADM  Francia,prod_perdido,5208,null,-5208,6,null,868,null
8890,"AGROTAN NATURA, S.L.",2024→2025,2024,2025,40260,Melaza de Caña,prod_perdido,654.64,null,-654.64,0.668,null,980,null
1854,"ROYPAS BY NUTRIS, S.A.",2024→2025,2024,2025,7800013151,Azúcar BIO Caña - Elite NOP  India,prod_perdido,25935,null,-25935,21,null,1235,null
506,"ACEITES LA CANAL, S.A.",2024→2025,2024,2025,65005,Azúcar en polvo LS,prod_perdido,1218.75,null,-1218.75,0.975,null,1250,null
1304,"EMPRESA DE TRANSFORMACIÓN AGRARIA, S.A., S.M.E., M.P (TRAGSA)",2024→2025,2024,2025,7500004011,Correfino EEC Nº2 Caña/Rem - Azucarera España,prod_perdido,27744,null,-27744,27.8,null,997.99,null
9817,PATRONATO JESUS ABANDONADO,2024→2025,2024,2025,7300039291,Azúcar Blanco EEC Nº2 Caña - Kampong Speu Camboya,prod_perdido,1045,null,-1045,1,null,1045,null
1643,"DULCES ARTESANALES LINARES, S.L",2024→2025,2024,2025,7300037021,Azúcar Blanco EEC Nº2 Caña - Sidul  Portugal,prod_perdido,2960,null,-2960,4,null,740,null
2916,"SUC. DE MUÑOZ Y PUJANTE, S.L.",2024→2025,2024,2025,7300039291,Azúcar Blanco EEC Nº2 Caña - Kampong Speu Camboya,volumen,3366,3186,-180,3.4,3.2,990,995.62
769,"ANGEL CAMACHO ALIMENTACION, S.L.",2024→2025,2024,2025,7300039291,Azúcar Blanco EEC Nº2 Caña - Kampong Speu Camboya,prod_perdido,707561.54,null,-707561.54,831.79,null,850.65,null
8278,"GRUPO OSBORNE, S.A.",2024→2025,2024,2025,60016,Azúcar Líquida Neutra S.A. - OSBORNE,precio,858516.1,553240,-305276.1,1147.12,1163.2,748.41,475.62
8247,"ALLJUICEMED, S.L.",2024→2025,2024,2025,64094,Mixco Sweet 72-53.2323 100 Icu,vol_precio,404706.3,2268826.4,1864120.0999999999,1796.734,2324.68,225.25,975.97
6467,"CATALINA FOOD SOLUTIONS, S.L.",2024→2025,2024,2025,7300039291,Azúcar Blanco EEC Nº2 Caña - Kampong Speu Camboya,prod_perdido,29186,null,-29186,39.6,null,737.02,null
457,"AMAHER, S.L.",2024→2025,2024,2025,1210054031,Sorbitol Liquido - Roquette Francia,prod_perdido,2820,null,-2820,2.4,null,1175,null
3854,"ESBERGHEL DISTRIBUCIONES, S.L.",2024→2025,2024,2025,65005,Azúcar en polvo LS,prod_perdido,1668,null,-1668,1.2,null,1390,null
1528,"JUAN Y JUAN INDUSTRIAL, S.L.U.",2024→2025,2024,2025,99950,Producto de Pruebas Líquido - 1,sin_actividad,0,null,0,0.001,null,0,null
481,"EL CATETO, S.L.",2024→2025,2024,2025,43101,Sorbitol Liquido 70% No cristalizable - EPSA,sin_actividad,0,null,0,0,null,null,null
7060,"SUAY SOLAZ, YOLANDA",2024→2025,2024,2025,44301,Azucar Blanco – Materia Prima para Piensos,prod_perdido,2280,null,-2280,2.4,null,950,null
8479,FA. BLIESGAUBEUTE,2024→2025,2024,2025,44315,Apipasta PLUS - Pienso para Apicultura,vol_precio,2730,1134,-1596,1.68,0.84,1625,1350
8011,"BRAVO FERNANDEZ, TEODORA",2024→2025,2024,2025,44314,Apipasta 90% - BIO - Pienso completo - Apicultura,prod_perdido,891,null,-891,0.45,null,1980,null
2684,"INDUSTRIAS JIJONENCAS, S.A.",2024→2025,2024,2025,3000750341,Fructosa Maiz Cristal Granulada-ADM Turquía CUATRI,vol_precio,7782,3741,-4041,6,3,1297,1247
1854,"ROYPAS BY NUTRIS, S.A.",2024→2025,2024,2025,1110049321,Maltitol Liquido - Shandong Tianli Pharm-China,vol_precio,552907.2,138861,-414046.19999999995,510.94,142.9,1082.14,971.74
1513,"AGROBIO, S.L.",2024→2025,2024,2025,62004,Mix Abejorros 65-30.4028 Pienso Completo - Apicult,prod_perdido,510171.72,null,-510171.72,605.28,null,842.87,null
4469,"SEÑORIO DE BARAHONDA, S.L.",2024→2025,2024,2025,7300039291,Azúcar Blanco EEC Nº2 Caña - Kampong Speu Camboya,prod_perdido,152826,null,-152826,195.8,null,780.52,null
459,"VIGARTO, S.L.U.",2024→2025,2024,2025,7500004011,Correfino EEC Nº2 Caña/Rem - Azucarera España,prod_perdido,2040,null,-2040,2,null,1020,null
7289,"CHOCODROP, S.L.",2024→2025,2024,2025,7300039291,Azúcar Blanco EEC Nº2 Caña - Kampong Speu Camboya,prod_perdido,178416,null,-178416,283.2,null,630,null
10029,"ACHOUITI ACHOUITI, MUSTAPHA",2024→2025,2024,2025,44313,Apipasta Vitaminas 90% - Pienso para Apicultura,prod_perdido,2310,null,-2310,2.1,null,1100,null
7830,"KANKEL BEAN TO BAR, S.L.",2024→2025,2024,2025,40207,Azúcar BIO <45 ES-ECO-024-MU Ag UE REMOLACHA,prod_perdido,1420,null,-1420,1,null,1420,null
3144,"DALLANT, S.A.",2024→2025,2024,2025,7300005081,Azúcar Blanco EEC Nº2 Caña - Cosumar  Marruecos,prod_perdido,23688,null,-23688,24,null,987,null
4085,"ANDREU ZAMORA, VICENTE",2024→2025,2024,2025,62001,Apimix - Pienso completo - Apicultura,prod_perdido,2592,null,-2592,2.4,null,1080,null
3089,"CANTIN CEBRIAN, JESUS MIGUEL",2024→2025,2024,2025,44310,Apipasta 90% - Pienso completo - Apicultura,prod_perdido,1491,null,-1491,1.05,null,1420,null
4566,"CONFETICAKES, S.L.",2024→2025,2024,2025,7300015111,Azúcar Blanco EEC Nº2 Caña - Pantaleon  Guatemala,sin_cambio,14157,14157,0,24.2,24.2,585,585
204,"PERNOD RICARD ESPAÑA, S.A.",2024→2025,2024,2025,60131,Azucar PI 77-50,vol_precio,2209532.46,1738022,-471510.45999999996,2126.22,2266,1039.18,767
902,"MEMBRILLO EL QUIJOTE, S.A.",2024→2025,2024,2025,7200017111,>45 ICUMSA - Palo Gordo Guatemala,prod_perdido,162882,null,-162882,210,null,775.63,null
457,"AMAHER, S.L.",2024→2025,2024,2025,1210049321,Sorbitol Liquido - Shandong Tianli Pharm - China,sin_actividad,0,null,0,0,null,null,null
1661,"DELAVIUDA ALIMENTACION, S.A",2024→2025,2024,2025,1110049321,Maltitol Liquido - Shandong Tianli Pharm-China,vol_precio,71550.1,45901.09,-25649.01000000001,67.82,48.47,1055,947
581,TURRON.Y CARAMEL. DE HELLIN SL,2024→2025,2024,2025,7300039291,Azúcar Blanco EEC Nº2 Caña - Kampong Speu Camboya,prod_perdido,5463,null,-5463,6.4,null,853.59,null
3752,"SON MORAGUES 1921, S.L.U.",2024→2025,2024,2025,40206,Azúcar Blanco BIO ES-ECO-024-MU Ag No UE NOP,prod_perdido,144.8,null,-144.8,0.1,null,1448,null
1987,"GOMEZ MURRIA, RAFAEL",2024→2025,2024,2025,44315,Apipasta PLUS - Pienso para Apicultura,prod_perdido,1549.8,null,-1549.8,0.84,null,1845,null
239,"ASOCIACION DE APICULTORES DE VIZCAYA, B.E.",2024→2025,2024,2025,44314,Apipasta 90% - BIO - Pienso completo - Apicultura,prod_perdido,2100,null,-2100,1.05,null,2000,null
430,"MONZO LUIS, S.L.",2024→2025,2024,2025,7300037021,Azúcar Blanco EEC Nº2 Caña - Sidul  Portugal,prod_perdido,6320,null,-6320,8,null,790,null
790,"ARLUY, S.L.",2024→2025,2024,2025,61200,Fosvitae 85%,vol_precio,59067.5,39869.06,-19198.440000000002,19.49,21.56,3030.66,1849.21
7022,"FRUTOS SECOS EMPERADOR, S.L.",2024→2025,2024,2025,7500004011,Correfino EEC Nº2 Caña/Rem - Azucarera España,prod_perdido,7920,null,-7920,8,null,990,null
8836,"AGROCENTROS LEON, S.L.",2024→2025,2024,2025,62020,Mix Fructor Apicultor - Pienso completo - Apicult.,vol_precio,8553,21780,13227,10.65,31,803.1,702.58
9047,"CUÉTARA, S.L.U.",2024→2025,2024,2025,62070,Mix Golden Jarabe,sin_actividad,0,null,0,0.001,null,0,null
421,"JOSE GARCIA E HIJOS, S.L.",2024→2025,2024,2025,7300037021,Azúcar Blanco EEC Nº2 Caña - Sidul  Portugal,prod_perdido,1034,null,-1034,1.1,null,940,null
9157,"MAK FOOD COMPANY, S.L.",2024→2025,2024,2025,61272,Mixco Sweet 72-00.5050 RC,vol_precio,4411802.8,2275952.5,-2135850.3,4419.283,2368.684,998.31,960.85
2281,"HORCHATA JUAN`S, S.L.",2024→2025,2024,2025,7300039291,Azúcar Blanco EEC Nº2 Caña - Kampong Speu Camboya,prod_perdido,15312,null,-15312,23.2,null,660,null
7558,HARINAS CASTILLA LA MANCHA S.L,2024→2025,2024,2025,1110049321,Maltitol Liquido - Shandong Tianli Pharm-China,vol_precio,50440,30420,-20020,46.8,31.2,1077.78,975
418,"MANUFACTURAS CEYLAN, S.L.",2024→2025,2024,2025,7300005081,Azúcar Blanco EEC Nº2 Caña - Cosumar  Marruecos,prod_perdido,45704,null,-45704,46.4,null,985,null
8025,"SANCHEZ BRENES, MARIA ISABEL",2024→2025,2024,2025,44314,Apipasta 90% - BIO - Pienso completo - Apicultura,vol_precio,511.5,513,1.5,0.33,0.285,1550,1800
354,"DESTILERIAS LA HUERTANA, S.L.",2024→2025,2024,2025,60010,Azúcar Liquida Neutra S.A.,vol_precio,52640.2,60193.7,7553.5,90.4,118.96,582.3,506
2748,"NAVARRO SERRA, MIGUEL ANGEL",2024→2025,2024,2025,44313,Apipasta Vitaminas 90% - Pienso para Apicultura,prod_perdido,717.75,null,-717.75,0.495,null,1450,null
7817,GENERAL MILLS,2024→2025,2024,2025,62070,Mix Golden Jarabe,sin_actividad,0,null,0,0.002,null,0,null
4892,"COMEX BAKERY, S.L.U.",2024→2025,2024,2025,7300005081,Azúcar Blanco EEC Nº2 Caña - Cosumar  Marruecos,prod_perdido,2235.5,null,-2235.5,1.7,null,1315,null
10106,TUCHEL & SOHN,2024→2025,2024,2025,62150,Jarabe de Melaza de Caña,sin_actividad,0,null,0,0.002,null,0,null
7558,HARINAS CASTILLA LA MANCHA S.L,2024→2025,2024,2025,5101750031,Fructor 10/77 - ADM  Francia CUATRIMESTRAL,prod_perdido,4560,null,-4560,6,null,760,null
4892,"COMEX BAKERY, S.L.U.",2024→2025,2024,2025,7300039291,Azúcar Blanco EEC Nº2 Caña - Kampong Speu Camboya,prod_perdido,3156,null,-3156,2.4,null,1315,null
314,"PASDULCE, S.L.",2024→2025,2024,2025,4000050331,Dextrosa Maiz Cristal Monohidrato - ADM  Bulgaria,prod_perdido,1437.5,null,-1437.5,1.25,null,1150,null
2801,"JOSE MARIA BOU, S.L.",2024→2025,2024,2025,40207,Azúcar BIO <45 ES-ECO-024-MU Ag UE REMOLACHA,prod_perdido,2960,null,-2960,2,null,1480,null
2832,DULCES LA ABUELA COOP VNA,2024→2025,2024,2025,1210054031,Sorbitol Liquido - Roquette Francia,vol_precio,3096,27961.11,24865.11,2.4,23.759,1290,1176.86
1766,"BOD.Y VINOS ANGEL LUIS PABLO URIOL, S.L",2024→2025,2024,2025,60105,"Azúcar PI 73,5-67",sin_actividad,0,null,0,0.001,null,0,null
473,"MAZALMENDRA, S.L.",2024→2025,2024,2025,1110049321,Maltitol Liquido - Shandong Tianli Pharm-China,prod_perdido,1365,null,-1365,1.3,null,1050,null
9157,"MAK FOOD COMPANY, S.L.",2024→2025,2024,2025,61278,Mixco Sweet 72-00.5050,volumen,1131785.4,1058258.35,-73527.04999999981,1001.605,931.467,1129.97,1136.12
1864,MELAZAHAR COOP. V.,2024→2025,2024,2025,44301,Azucar Blanco – Materia Prima para Piensos,vol_precio,6500.8,3088,-3412.8,8,4.4,812.6,701.82
6267,"JUMEL ALIMENTARIA, S.A.",2024→2025,2024,2025,43101,Sorbitol Liquido 70% No cristalizable - EPSA,prod_perdido,14703,null,-14703,11.7,null,1256.67,null
5292,"RAMON CUSINE HILL, S.A.U.",2024→2025,2024,2025,42000,Dextrosa Cristal Monohidrato Maiz,prod_perdido,27543.75,null,-27543.75,28.75,null,958.04,null
9274,SUSTAINABLE APIARIES,2024→2025,2024,2025,62032,APIMIX INSTANT,prod_perdido,5,null,-5,0.051,null,98.04,null
2570,"NATRA OÑATI, S.A.",2024→2025,2024,2025,7320015111,Az Blanco EEC Nº2 CÑ Bonsucro-Pantaleon Guatemala,vol_precio,100801.8,139821.6,39019.8,101.82,202.64,990,690
440,"MAZAPANES Y DULCES DE TOLEDO, S.A.",2024→2025,2024,2025,5101050031,Fructor 10/77 - ADM  Francia,prod_perdido,5220,null,-5220,3.6,null,1450,null
3070,"NAVARRO OLIVA, JOSE",2024→2025,2024,2025,44301,Azucar Blanco – Materia Prima para Piensos,volumen,1536,2600,1064,2.4,4,640,650
609,"ALBORCHATA,S.L.",2024→2025,2024,2025,7300005081,Azúcar Blanco EEC Nº2 Caña - Cosumar  Marruecos,vol_precio,27976,3993,-23983,29.6,6.6,945.14,605
9985,APIRIF SARL,2024→2025,2024,2025,44313,Apipasta Vitaminas 90% - Pienso para Apicultura,volumen,17640,62842.5,45202.5,16.8,59.85,1050,1050
9194,"HELADOS JOP, S.L.",2024→2025,2024,2025,5205750031,Glucor 37/79 - ADM  Francia CUATRIMESTRAL,prod_perdido,1428,null,-1428,1.2,null,1190,null
9283,NUTRITIVE SOLUTIONS LLC,2024→2025,2024,2025,61200,Fosvitae 85%,sin_actividad,0,null,0,0.011,null,0,null
433,"SANCHIS MIRA, S.A.",2024→2025,2024,2025,62406,Fondant ES-R01 Palet Chep Plástico 80x120,vol_precio,203747.22,225065.93,21318.709999999992,151.26,188.025,1347,1197
9683,SCHWARTAUER WERKE GMBH & CO. KG,2024→2025,2024,2025,99950,Producto de Pruebas Líquido - 1,sin_actividad,0,null,0,0.002,null,0,null
5365,"COMORALI, S.L.",2024→2025,2024,2025,5206050031,Maltor 70/80 - ADM  Francia,volumen,22680,24768,2088,21.6,24,1050,1032
1747,"FRUIT TECH NATURAL, S.A.",2024→2025,2024,2025,7300039291,Azúcar Blanco EEC Nº2 Caña - Kampong Speu Camboya,prod_perdido,152000,null,-152000,160,null,950,null
458,"CASTY, S.A.",2024→2025,2024,2025,41005,Fructosa MAIZ Cristal Granulada,prod_perdido,6785,null,-6785,5,null,1357,null
462,"ROMEDUL, S.L.",2024→2025,2024,2025,5101050031,Fructor 10/77 - ADM  Francia,vol_precio,9916.95,24563.5,14646.55,12.83,37.79,772.95,650
535,"FRIMAR PANADEROS, S.L.",2024→2025,2024,2025,42001,Dextrosa C.Monohidrato Maiz Pallet Plast.  CHEP,prod_perdido,2178,null,-2178,1.2,null,1815,null
430,"MONZO LUIS, S.L.",2024→2025,2024,2025,43003,Maltitol 55/75,prod_perdido,3094,null,-3094,2.6,null,1190,null
2577,"IMPORTACO CASA PONS, S.A.U.",2024→2025,2024,2025,65007,Azúcar en polvo LS Pallet Plast. CHEP,vol_precio,53305.8,49395.75,-3910.050000000003,46.545,56.775,1145.25,870.03
6818,"DULCES LA FAVORITA FINCA OLIVAR EL RECREO, S.L.",2024→2025,2024,2025,60105,"Azúcar PI 73,5-67",vol_precio,13223.5,8568,-4655.5,9.65,7.2,1370.31,1190
3833,"ASTURIAS APICOLA, S.L.",2024→2025,2024,2025,44313,Apipasta Vitaminas 90% - Pienso para Apicultura,vol_precio,39945,20505,-19440,32.4,20.4,1232.87,1005.15
5822,"CIVAN ARICILIK TEKSTIL, SALIP SAN TIC LTD STI",2024→2025,2024,2025,44332,Apipasta Vitaminas 90% - Pienso Apicultura -CIVAN,vol_precio,19635,11550,-8085,17.85,11.55,1100,1000
2684,"INDUSTRIAS JIJONENCAS, S.A.",2024→2025,2024,2025,4000050331,Dextrosa Maiz Cristal Monohidrato - ADM  Bulgaria,prod_perdido,5947.5,null,-5947.5,6.1,null,975,null
566,"ALMACENES MIGUEZ 2005,S.L.",2024→2025,2024,2025,7200017111,>45 ICUMSA - Palo Gordo Guatemala,vol_precio,71804,5664,-66140,102.2,9.6,702.58,590
7115,"RIVERBEND ESPAÑA, S.A",2024→2025,2024,2025,7400002031,Az Bl. EEC Nº2 Remolacha PTE DEST-Tereos Franci,vol_precio,81000,22968,-58032,108,34.8,750,660
535,"FRIMAR PANADEROS, S.L.",2024→2025,2024,2025,7500004011,Correfino EEC Nº2 Caña/Rem - Azucarera España,prod_perdido,40512,null,-40512,38.4,null,1055,null
2850,"AMC NATURAL DRINKS, S.L.",2024→2025,2024,2025,7300037021,Azúcar Blanco EEC Nº2 Caña - Sidul  Portugal,prod_perdido,64600,null,-64600,68,null,950,null
430,"MONZO LUIS, S.L.",2024→2025,2024,2025,61228,Fosvitae 95% Plus,volumen,8136,3590.01,-4545.99,2.4,1.059,3390,3390
220,"PASTELERIA GIMAR, S.L.",2024→2025,2024,2025,61289,Fosvitae 95% Plus 78º,sin_actividad,0,null,0,0.001,null,0,null
1728,"CEREALTO INDUSTRIAL SPAIN, S.A.",2024→2025,2024,2025,62150,Jarabe de Melaza de Caña,prod_perdido,1196.4,0,-1196.4,1.2,0.02,997,0
7972,MOCHI LUXURY S.L,2024→2025,2024,2025,5206750031,Maltor 70/80 - ADM  Francia CUATRIMESTRAL,volumen,6840,2280,-4560,7.2,2.4,950,950
8971,"MASTER BUILDERS SOLUTIONS ESPAÑA, S.L.U.",2024→2025,2024,2025,7500004011,Correfino EEC Nº2 Caña/Rem - Azucarera España,prod_perdido,70656,null,-70656,72,null,981.33,null
2103,"JOSEFA ESTELLES MAYOR, S.L.",2024→2025,2024,2025,42000,Dextrosa Cristal Monohidrato Maiz,prod_perdido,21150,null,-21150,22.5,null,940,null
9107,"MARTIN PAVON, MARIA JOSE",2024→2025,2024,2025,44314,Apipasta 90% - BIO - Pienso completo - Apicultura,vol_precio,2199.45,1026,-1173.4499999999998,1.29,0.57,1705,1800
1528,"JUAN Y JUAN INDUSTRIAL, S.L.U.",2024→2025,2024,2025,40207,Azúcar BIO <45 ES-ECO-024-MU Ag UE REMOLACHA,prod_perdido,6570,null,-6570,5,null,1314,null
9067,"SCHREIBER FOODS ESPAÑA, S.L.",2024→2025,2024,2025,7220032231,Raw Sugar <2500ICUMSA - Eswatini Ubombo Sugar,sin_actividad,0,null,0,0.001,null,0,null
10045,"GARCID GESTION FORESTAL, S.L.",2024→2025,2024,2025,44313,Apipasta Vitaminas 90% - Pienso para Apicultura,prod_perdido,975,null,-975,0.75,null,1300,null
4623,"FRATER ALIMENTOS, S.L.",2024→2025,2024,2025,45006,AZÚCAR BLANCO EEC Nº2 C - PQ01 RETAIL – JUST SUGAR,volumen,1420.8,2880,1459.2,1.92,3.84,740,750
1786,"ANITIN PANES ESPECIALES, S.L.",2024→2025,2024,2025,7300005081,Azúcar Blanco EEC Nº2 Caña - Cosumar  Marruecos,prod_perdido,17943.5,null,-17943.5,18.1,null,991.35,null
433,"SANCHIS MIRA, S.A.",2024→2025,2024,2025,61170,Mix Maltitol Sorbitol MS 74-8020,precio,102346.27,92947.05,-9399.220000000001,78.91,77.65,1297,1197
1529,"DULCESA, S.L. UNIPERSONAL",2024→2025,2024,2025,7300005081,Azúcar Blanco EEC Nº2 Caña - Cosumar  Marruecos,vol_precio,107806.68,15760.8,-92045.87999999999,103.86,26.4,1038,597
3384,"PEREZ GARCIA, MARIA DOLORES",2024→2025,2024,2025,7800013151,Azúcar BIO Caña - Elite NOP  India,prod_perdido,33.95,null,-33.95,0.025,null,1358,null
1892,"BIMBO DONUTS IBERIA, S.A.U.",2024→2025,2024,2025,60000,Azúcar Líquida Neutra 67º,sin_actividad,0,null,0,0.001,null,0,null
517,"DUPAN, S.L.",2024→2025,2024,2025,7620010201,Azúcar Perlado 2-Sudzucker Belgica,vol_precio,810,2720,1910,0.5,2,1620,1360
2642,"BONDIA SALVO, S.L.",2024→2025,2024,2025,2100002011,Almidon Maiz - Tereos España,vol_precio,630,3819.25,3189.25,1,5.775,630,661.34
422,"HERMANOS LOPEZ LLORET, S.A.",2024→2025,2024,2025,7400002031,Az Bl. EEC Nº2 Remolacha PTE DEST-Tereos Franci,prod_perdido,23928,null,-23928,24,null,997,null
4031,"ESPECIALITATS M. MASDEU, S.L.",2024→2025,2024,2025,5101002011,Fructor 10/77 - Tereos  España,prod_perdido,1782,null,-1782,1.2,null,1485,null
346,"PANARRO FOODS, S.L.",2024→2025,2024,2025,61170,Mix Maltitol Sorbitol MS 74-8020,vol_precio,8203.74,15292.08,7088.34,5.61,12.06,1462.34,1268
8247,"ALLJUICEMED, S.L.",2024→2025,2024,2025,61305,Mixco Sweet 68-00.5050 UH,volumen,95075,1834250,1739175,76.06,1467.403,1250,1250
581,TURRON.Y CARAMEL. DE HELLIN SL,2024→2025,2024,2025,5201054011,Glucor 45/80 - Roquette España,vol_precio,6884.4,2392.8,-4491.599999999999,6,2.4,1147.4,997
5998,"FRANCISCO ARAGON, S.L.U.",2024→2025,2024,2025,61104,Mixco Sweet 81-05.5041 A-MI,prod_perdido,6279.12,0,-6279.12,4.59,0.001,1368,0
1314,"MANUFACTURAS PIBERNAT, S.L.",2024→2025,2024,2025,7300005081,Azúcar Blanco EEC Nº2 Caña - Cosumar  Marruecos,prod_perdido,25656,null,-25656,26.4,null,971.82,null
9535,"COMPAÑIA CERVECERA DAMM, S.L.",2024→2025,2024,2025,7300039291,Azúcar Blanco EEC Nº2 Caña - Kampong Speu Camboya,vol_precio,1166425.4,30801.28,-1135624.1199999999,1190.23,51.68,980,596
5924,"GRUPO DISTRIBUIDOR GARAU, S.L.",2024→2025,2024,2025,45006,AZÚCAR BLANCO EEC Nº2 C - PQ01 RETAIL – JUST SUGAR,volumen,65611.2,109296,43684.8,94.11,158.4,697.18,690
1661,"DELAVIUDA ALIMENTACION, S.A",2024→2025,2024,2025,61287,Fosvitae 95% Plus BIO ES-ECO-024-MU Agric. UE,sin_actividad,0,0,0,0.01,0.002,0,0
6365,S.C.A. CAMPO MUSEO DE LA MIEL RANCHO CORTESANO,2024→2025,2024,2025,62001,Apimix - Pienso completo - Apicultura,prod_perdido,1296,null,-1296,1.2,null,1080,null
211,"MARTINEZ NIETO, S.A.",2024→2025,2024,2025,43101,Sorbitol Liquido 70% No cristalizable - EPSA,prod_perdido,7550.4,null,-7550.4,5.2,null,1452,null
7245,CHESTE AGRARIA COOP. V,2024→2025,2024,2025,60000,Azúcar Líquida Neutra 67º,prod_perdido,125244,null,-125244,173.5,null,721.87,null
478,"MORENO RUIZ HERMANOS, S.L.",2024→2025,2024,2025,61200,Fosvitae 85%,sin_actividad,0,null,0,0.001,null,0,null
3367,"MAMERTO DE LA VARA, S.L.",2024→2025,2024,2025,7300037021,Azúcar Blanco EEC Nº2 Caña - Sidul  Portugal,prod_perdido,8460,null,-8460,12,null,705,null
9410,"NORDMANN, RASSMANN POLSKA SP. Z O.O.",2024→2025,2024,2025,2331065321,FOS 95% Polvo-Shandong Starlight So True China,sin_actividad,0,0,0,0.05,0.003,0,0
1832,"SIERRAS ANDALUZAS, S.C.A.",2024→2025,2024,2025,44315,Apipasta PLUS - Pienso para Apicultura,vol_precio,19891.2,3528,-16363.2,13.44,2.52,1480,1400
528,"MANUFACTURAS COVISAL, S.L.",2024→2025,2024,2025,7300005081,Azúcar Blanco EEC Nº2 Caña - Cosumar  Marruecos,prod_perdido,2032,null,-2032,1.6,null,1270,null
8523,"CRUZ ZAMBRANO, MARÍA",2024→2025,2024,2025,62001,Apimix - Pienso completo - Apicultura,prod_perdido,1008,null,-1008,0.84,null,1200,null
4002,"ABB MJ FERNANDEZ ARANDA, S.L.",2024→2025,2024,2025,5101750031,Fructor 10/77 - ADM  Francia CUATRIMESTRAL,prod_perdido,13818,null,-13818,18.048,null,765.63,null
1247,"TURRONES Y ESPECIALIDADES VIAR, S.A.",2024→2025,2024,2025,61170,Mix Maltitol Sorbitol MS 74-8020,vol_precio,49608,27756,-21852,31.2,18,1590,1542
6869,"ALLTECH SPAIN, S.L.",2024→2025,2024,2025,44301,Azucar Blanco – Materia Prima para Piensos,prod_perdido,7215,null,-7215,7.5,null,962,null
7880,"DULCES EL AVION, S.A.",2024→2025,2024,2025,5201050031,Glucor 45/80 - ADM  Francia,vol_precio,45148.32,11655.37,-33492.95,71.664,24.746,630,471
1741,"APICULTORES DE GUADALAJARA, S.A",2024→2025,2024,2025,62001,Apimix - Pienso completo - Apicultura,prod_perdido,2376,null,-2376,2.4,null,990,null
448,"ESGIR, S.L.",2024→2025,2024,2025,5201750031,Glucor 45/80 - ADM  Francia CUATRIMESTRAL,prod_perdido,16159.15,null,-16159.15,23.59,null,685,null
5521,"F. MORENO CANDIED FRUITS, S.L.",2024→2025,2024,2025,1110049321,Maltitol Liquido - Shandong Tianli Pharm-China,prod_perdido,13442,null,-13442,14.3,null,940,null
2677,"PREELABORADOS ALIMENTARIOS, S.L.",2024→2025,2024,2025,7300039291,Azúcar Blanco EEC Nº2 Caña - Kampong Speu Camboya,prod_perdido,12068.88,null,-12068.88,19.497,null,619.01,null
5489,"TECNOLOGIAS APICOLA CASTILBLANCO, S.L.",2024→2025,2024,2025,44336,Fructosa Cristal Granulada – MP para Piensos,prod_perdido,1937.5,null,-1937.5,1.25,null,1550,null
9385,SMART ORGANIC AD,2024→2025,2024,2025,99950,Producto de Pruebas Líquido - 1,prod_perdido,0.5,null,-0.5,0.001,null,500,null
1529,"DULCESA, S.L. UNIPERSONAL",2024→2025,2024,2025,60105,"Azúcar PI 73,5-67",volumen,13366.83,67443.09,54076.259999999995,22.39,112.97,597,597
405,"CHOVI, S.L.",2024→2025,2024,2025,60000,Azúcar Líquida Neutra 67º,vol_precio,112776.89,11676,-101100.89,127.746,16.8,882.82,695
3154,"FRIAS NUTRICION, S.A.",2024→2025,2024,2025,40207,Azúcar BIO <45 ES-ECO-024-MU Ag UE REMOLACHA,prod_perdido,28740,null,-28740,20,null,1437,null
465,"INVESTIGACION Y DESARROLLO PANADERO, S.L.",2024→2025,2024,2025,7300039291,Azúcar Blanco EEC Nº2 Caña - Kampong Speu Camboya,prod_perdido,552,null,-552,0.8,null,690,null
4505,"FIESTA COLOMBINA, S.L.U.",2024→2025,2024,2025,7300015111,Azúcar Blanco EEC Nº2 Caña - Pantaleon  Guatemala,sin_actividad,0,null,0,0,null,null,null
3534,"ITURRATE VEA, INES",2024→2025,2024,2025,62020,Mix Fructor Apicultor - Pienso completo - Apicult.,prod_perdido,1060,null,-1060,1,null,1060,null
9567,SIKA S.A.U.,2024→2025,2024,2025,7500004011,Correfino EEC Nº2 Caña/Rem - Azucarera España,vol_precio,1580.8,10771.2,9190.400000000001,1.6,14.4,988,748
9047,"CUÉTARA, S.L.U.",2024→2025,2024,2025,61177,Mixco Sweet 81-00.0932 A-MI,sin_actividad,0,null,0,0.001,null,0,null
8837,"AMARITTA FOOD, S.L.",2024→2025,2024,2025,61260,Fosvitae R 60 %,volumen,1225,25891.6,24666.6,1.26,26.42,972.22,980
5245,"ELGORRIAGA BRANDS, S.A.",2024→2025,2024,2025,65015,Azúcar en polvo LM,prod_perdido,1462.5,null,-1462.5,1.95,null,750,null
192,"AZUCREN, S.L.",2024→2025,2024,2025,62413,Fondant ES-R04 - Jacobo Lozano (Etiq. Cliente),vol_precio,7524,14185.5,6661.5,7.5,14.475,1003.2,980
430,"MONZO LUIS, S.L.",2024→2025,2024,2025,61201,Fos y Stevia (72º),volumen,4380,8760,4380,1.2,2.4,3650,3650
1233,"VALENCIANA PASTELERA, S.L.",2024→2025,2024,2025,60105,"Azúcar PI 73,5-67",vol_precio,7709.5,9000,1290.5,5.87,7.2,1313.37,1250
9274,SUSTAINABLE APIARIES,2024→2025,2024,2025,44313,Apipasta Vitaminas 90% - Pienso para Apicultura,prod_perdido,3045,null,-3045,2.205,null,1380.95,null
3752,"SON MORAGUES 1921, S.L.U.",2024→2025,2024,2025,40207,Azúcar BIO <45 ES-ECO-024-MU Ag UE REMOLACHA,prod_perdido,279.8,null,-279.8,0.2,null,1399,null
9609,"VAMINTER, S.L.",2024→2025,2024,2025,43150,Sorbitol en Polvo,prod_perdido,1950,null,-1950,1.2,null,1625,null
1854,"ROYPAS BY NUTRIS, S.A.",2024→2025,2024,2025,40206,Azúcar Blanco BIO ES-ECO-024-MU Ag No UE NOP,prod_perdido,66691.7,null,-66691.7,54,null,1235.03,null
4286,"FERNANDEZ MOYA, ANGEL",2024→2025,2024,2025,44313,Apipasta Vitaminas 90% - Pienso para Apicultura,prod_perdido,232.5,null,-232.5,0.15,null,1550,null
2832,DULCES LA ABUELA COOP VNA,2024→2025,2024,2025,5101050031,Fructor 10/77 - ADM  Francia,prod_perdido,3809.2,null,-3809.2,4.28,null,890,null
566,"ALMACENES MIGUEZ 2005,S.L.",2024→2025,2024,2025,65015,Azúcar en polvo LM,prod_perdido,53.78,null,-53.78,0.045,null,1195.11,null
9365,MIELLERIE VAUDOISE,2024→2025,2024,2025,62001,Apimix - Pienso completo - Apicultura,prod_perdido,5976,null,-5976,6,null,996,null
1023,"TORRONS VICENS, S.L.",2024→2025,2024,2025,61228,Fosvitae 95% Plus,sin_actividad,0,null,0,0.001,null,0,null
8247,"ALLJUICEMED, S.L.",2024→2025,2024,2025,61282,Mixco Sweet 72-00.5050 RC V2,vol_precio,7293263.52,1262197.31,-6031066.209999999,6932.774,1245.53,1052,1013.38
9604,"PASTISART, S.A.",2024→2025,2024,2025,7300039291,Azúcar Blanco EEC Nº2 Caña - Kampong Speu Camboya,prod_perdido,171274,null,-171274,161.92,null,1057.77,null
194,"COFRUTOS, S.A.",2024→2025,2024,2025,60015,Azúcar Líquida Neutra - Cofrutos,vol_precio,753435.58,649345.48,-104090.09999999998,1236.3,1364.48,609.43,475.89
1259,"DIEGO ZAMORA, S.A.",2024→2025,2024,2025,60010,Azúcar Liquida Neutra S.A.,sin_actividad,0,null,0,0.001,null,0,null
6645,"TURRONES EL ROMERO, S.A.",2024→2025,2024,2025,61235,Mixco Sweet 74-50.0516,vol_precio,18160.8,50324.82,32164.02,19.32,99.26,940,507
762,"VIOKOX, S.A",2024→2025,2024,2025,7400002031,Az Bl. EEC Nº2 Remolacha PTE DEST-Tereos Franci,prod_perdido,18312,null,-18312,16.8,null,1090,null
1202,"APIGLASS ENVAS. Y MAT. APICOLA, S.L.",2024→2025,2024,2025,44301,Azucar Blanco – Materia Prima para Piensos,prod_perdido,3968,null,-3968,6.4,null,620,null
481,"EL CATETO, S.L.",2024→2025,2024,2025,1110049321,Maltitol Liquido - Shandong Tianli Pharm-China,vol_precio,2704,5213,2509,2.6,5.2,1040,1002.5
5787,"FALCON, S.A.",2024→2025,2024,2025,61289,Fosvitae 95% Plus 78º,prod_perdido,5640,null,-5640,2.4,null,2350,null
9463,"ADIEGO HERMANOS, S.A.",2024→2025,2024,2025,5101002011,Fructor 10/77 - Tereos  España,prod_perdido,1086,null,-1086,1.2,null,905,null
455,"EMILIO PEÑA, S.A.",2024→2025,2024,2025,3000750341,Fructosa Maiz Cristal Granulada-ADM Turquía CUATRI,prod_perdido,6050,null,-6050,5,null,1210,null
5428,"CLEMENTE SANZ, AURORA",2024→2025,2024,2025,44315,Apipasta PLUS - Pienso para Apicultura,prod_perdido,77.49,null,-77.49,0.042,null,1845,null
9945,D&F SWEETS GMBH,2024→2025,2024,2025,61289,Fosvitae 95% Plus 78º,sin_actividad,0,null,0,0.09,null,0,null
471,"FADICAMO, S.A.",2024→2025,2024,2025,7300039291,Azúcar Blanco EEC Nº2 Caña - Kampong Speu Camboya,prod_perdido,24240,null,-24240,24,null,1010,null
575,HORCHATAS Y GRANIZADOS EL MAESTRAZGO SL,2024→2025,2024,2025,7300037021,Azúcar Blanco EEC Nº2 Caña - Sidul  Portugal,prod_perdido,12696,null,-12696,18.4,null,690,null
2975,"ARTUKOLUKE, S.L.",2024→2025,2024,2025,65015,Azúcar en polvo LM,volumen,17651.25,21375,3723.75,23.535,28.5,750,750
5989,"T500 PURATOS, S.A.",2024→2025,2024,2025,65008,Azúcar en polvo LS Pallet EUR,prod_perdido,10478.4,null,-10478.4,8.88,null,1180,null
215,"MARTIN BRAUN, S.A.",2024→2025,2024,2025,7500004011,Correfino EEC Nº2 Caña/Rem - Azucarera España,prod_perdido,45360,null,-45360,45,null,1008,null
9151,SARL L'ABEILLE DU MIDI,2024→2025,2024,2025,44314,Apipasta 90% - BIO - Pienso completo - Apicultura,prod_perdido,1732.5,null,-1732.5,1.05,null,1650,null
827,"TOMAS JIMENEZ, IGNACIO GERMAN",2024→2025,2024,2025,7300005081,Azúcar Blanco EEC Nº2 Caña - Cosumar  Marruecos,prod_perdido,475,null,-475,0.5,null,950,null
430,"MONZO LUIS, S.L.",2024→2025,2024,2025,7300005081,Azúcar Blanco EEC Nº2 Caña - Cosumar  Marruecos,vol_precio,10560,84565,74005,12,130.1,880,650
1752,"ROYMY 21, S.L",2024→2025,2024,2025,1210002031,Sorbitol Liquido - Tereos Francia,prod_perdido,5520,null,-5520,4.8,null,1150,null
9868,"NORDMANN, RASSMANN HANDELSGES.M.B.H",2024→2025,2024,2025,61298,Fosvitae 95% Plus 74º,sin_actividad,0,0,0,0.001,0.002,0,0
1786,"ANITIN PANES ESPECIALES, S.L.",2024→2025,2024,2025,65006,Azúcar en polvo LS Pallet Plast. ZK,prod_perdido,304.5,null,-304.5,0.21,null,1450,null
8349,"AGOTZAINA, S.L.",2024→2025,2024,2025,5205054011,Glucor 37/79 - Roquette España,sin_cambio,1428,1428,0,1.2,1.2,1190,1190
194,"COFRUTOS, S.A.",2024→2025,2024,2025,61307,Mixco Sweet 65-50.2525,volumen,15611.94,62509.86,46897.92,25.14,100.66,621,621
1353,"DESTILERIAS VEGA ALTA, S.L.",2024→2025,2024,2025,60010,Azúcar Liquida Neutra S.A.,volumen,1053.6,4214.4,3160.7999999999997,1.2,4.8,878,878
9867,"ALETTA DEVELOPMENTS, S.L.",2024→2025,2024,2025,64091,ATI 65º,volumen,125842.2,317862.56,192020.36,151.8,380,829,836.48
1528,"JUAN Y JUAN INDUSTRIAL, S.L.U.",2024→2025,2024,2025,7400002031,Az Bl. EEC Nº2 Remolacha PTE DEST-Tereos Franci,prod_perdido,111388.92,null,-111388.92,128.18,null,869,null
933,"DULCESTEPA, S.A.",2024→2025,2024,2025,5101002011,Fructor 10/77 - Tereos  España,prod_perdido,16348.8,null,-16348.8,24.96,null,655,null
6271,"ALVAREZ ROVIRA, DAVID",2024→2025,2024,2025,44314,Apipasta 90% - BIO - Pienso completo - Apicultura,prod_perdido,624,null,-624,0.3,null,2080,null
450,"LA FLOR BURGALESA, S.L.",2024→2025,2024,2025,5101054011,Fructor 10/77 - Roquette España,vol_precio,4545.6,9687.6,5142,4.8,10.8,947,897
5230,"MARCHUET PALMERO, CARLOS",2024→2025,2024,2025,44313,Apipasta Vitaminas 90% - Pienso para Apicultura,prod_perdido,1450,null,-1450,1,null,1450,null
9840,"FIESTA INGREDIENTS, S.L.U.",2024→2025,2024,2025,7300005081,Azúcar Blanco EEC Nº2 Caña - Cosumar  Marruecos,prod_perdido,166,null,-166,0.2,null,830,null
2909,"MANIPULADOS DE CEBOLLAS Y DERIVADOS, S.L.",2024→2025,2024,2025,7300039291,Azúcar Blanco EEC Nº2 Caña - Kampong Speu Camboya,prod_perdido,2640,null,-2640,4,null,660,null
4470,"SALABERRIA TELLECHEA, XIKER",2024→2025,2024,2025,44314,Apipasta 90% - BIO - Pienso completo - Apicultura,prod_perdido,2683.2,null,-2683.2,1.29,null,2080,null
5445,COMPTOIR APICOLE LANGUEDOCIEN,2024→2025,2024,2025,44310,Apipasta 90% - Pienso completo - Apicultura,vol_precio,1231.65,12276,11044.35,1.05,13.5,1173,909.33
2860,"ACEITUNAS KARINA, S.L.",2024→2025,2024,2025,3000050341,Fructosa Maiz Cristal Granulada - ADM  Turquía,vol_precio,4100,25740,21640,2.5,20,1640,1287
2278,"GRUPO YSAROZ, S.L.",2024→2025,2024,2025,65005,Azúcar en polvo LS,prod_perdido,1064.25,null,-1064.25,0.75,null,1419,null
9274,SUSTAINABLE APIARIES,2024→2025,2024,2025,62001,Apimix - Pienso completo - Apicultura,prod_perdido,3240,null,-3240,3.6,null,900,null
455,"EMILIO PEÑA, S.A.",2024→2025,2024,2025,5101750031,Fructor 10/77 - ADM  Francia CUATRIMESTRAL,prod_perdido,1050,null,-1050,1.2,null,875,null
3144,"DALLANT, S.A.",2024→2025,2024,2025,3010750341,Fructosa Maiz Cristal Polvo - ADM  Turquía CUATRIM,prod_perdido,3944,null,-3944,3,null,1314.67,null
9854,"NORDMANN PORTUGAL, S.A.",2024→2025,2024,2025,62150,Jarabe de Melaza de Caña,sin_actividad,0,null,0,0.001,null,0,null
4365,"RODRIGUEZ GOMEZ, FERNANDO",2024→2025,2024,2025,44313,Apipasta Vitaminas 90% - Pienso para Apicultura,prod_perdido,1192.5,null,-1192.5,0.795,null,1500,null
6043,COOPERATIVE APICOLE DU JURA,2024→2025,2024,2025,44313,Apipasta Vitaminas 90% - Pienso para Apicultura,vol_precio,5775,16905,11130,5.25,14.7,1100,1150
3699,"GONZALEZ CARBALLAL, S.L.",2024→2025,2024,2025,44314,Apipasta 90% - BIO - Pienso completo - Apicultura,vol_precio,23609.25,61161.45,37552.2,12.6,42,1873.75,1456.22
542,"SDAD.ESPAÑOLA COLOR. NATURALES Y AFINES, S.A.U.",2024→2025,2024,2025,2210037021,Melaza Caña - Sidul  Portugal,vol_precio,58579.8,78034.4,19454.59999999999,51.252,74,1142.98,1054.52
7169,"MASTRIGO BIO GOURMET, S.L.",2024→2025,2024,2025,61200,Fosvitae 85%,sin_actividad,0,null,0,0.001,null,0,null
314,"PASDULCE, S.L.",2024→2025,2024,2025,43101,Sorbitol Liquido 70% No cristalizable - EPSA,prod_perdido,10842,null,-10842,7.8,null,1390,null
492,"ENRIQUE GARRIGOS MONERRIS, S.A.",2024→2025,2024,2025,40207,Azúcar BIO <45 ES-ECO-024-MU Ag UE REMOLACHA,prod_perdido,2700,null,-2700,2,null,1350,null
330,"PASTELERIA LOS MELLIZOS, S.L.",2024→2025,2024,2025,7300037021,Azúcar Blanco EEC Nº2 Caña - Sidul  Portugal,prod_perdido,4288,null,-4288,6.4,null,670,null
9677,"PEBEMA FOODS, S.L.",2024→2025,2024,2025,65030,AZÚCAR EN POLVO LM 48m,volumen,1125,562.5,-562.5,0.9,0.45,1250,1250
215,"MARTIN BRAUN, S.A.",2024→2025,2024,2025,40207,Azúcar BIO <45 ES-ECO-024-MU Ag UE REMOLACHA,prod_perdido,16680,null,-16680,24,null,695,null
9849,MORALCO S.R.L.,2024→2025,2024,2025,61200,Fosvitae 85%,sin_actividad,0,null,0,0.003,null,0,null
9157,"MAK FOOD COMPANY, S.L.",2024→2025,2024,2025,61296,Mixco Sweet 70-00.5050 RCI,prod_perdido,332748.96,null,-332748.96,296.04,null,1124,null
769,"ANGEL CAMACHO ALIMENTACION, S.L.",2024→2025,2024,2025,41006,Fructosa MAIZ Cristal Granulada Pallet Plast. CHEP,prod_perdido,88682.5,null,-88682.5,47.5,null,1867,null
1000,CLIENTES VARIOS (CONTADO),2024→2025,2024,2025,7400002031,Az Bl. EEC Nº2 Remolacha PTE DEST-Tereos Franci,prod_perdido,3.6,null,-3.6,0.006,null,600,null
2216,"APIHURDES, S.COOP.",2024→2025,2024,2025,44310,Apipasta 90% - Pienso completo - Apicultura,prod_perdido,20086.5,null,-20086.5,16.8,null,1195.62,null
1116,"PARDO NAVARRO, CARLOS",2024→2025,2024,2025,7300039291,Azúcar Blanco EEC Nº2 Caña - Kampong Speu Camboya,prod_perdido,330,null,-330,0.5,null,660,null
4642,"TORRALBA GUILLAMON, YOLANDA",2024→2025,2024,2025,40207,Azúcar BIO <45 ES-ECO-024-MU Ag UE REMOLACHA,prod_perdido,33.75,null,-33.75,0.025,null,1350,null
610,"TURRONES DOS HERMANOS,S.L.",2024→2025,2024,2025,61170,Mix Maltitol Sorbitol MS 74-8020,sin_cambio,1908,1908,0,1.2,1.2,1590,1590
7289,"CHOCODROP, S.L.",2024→2025,2024,2025,7220032231,Raw Sugar <2500ICUMSA - Eswatini Ubombo Sugar,prod_perdido,21850,null,-21850,23,null,950,null
6467,"CATALINA FOOD SOLUTIONS, S.L.",2024→2025,2024,2025,7300005081,Azúcar Blanco EEC Nº2 Caña - Cosumar  Marruecos,prod_perdido,9256,null,-9256,10.4,null,890,null
2887,"BIOSEARCH, S.A.U.",2024→2025,2024,2025,40207,Azúcar BIO <45 ES-ECO-024-MU Ag UE REMOLACHA,sin_actividad,0,null,0,0.001,null,0,null
9194,"HELADOS JOP, S.L.",2024→2025,2024,2025,43101,Sorbitol Liquido 70% No cristalizable - EPSA,prod_perdido,5889,null,-5889,3.9,null,1510,null
3699,"GONZALEZ CARBALLAL, S.L.",2024→2025,2024,2025,62001,Apimix - Pienso completo - Apicultura,vol_precio,71830.27,49997.2,-21833.070000000007,77.93,68.24,921.73,732.67
401,"SOLER GIMENO, S.L.",2024→2025,2024,2025,7600010012,Azúcar Perlado 2-Sudzucker España,prod_perdido,11515,null,-11515,7,null,1645,null
4505,"FIESTA COLOMBINA, S.L.U.",2024→2025,2024,2025,65030,AZÚCAR EN POLVO LM 48m,sin_actividad,0,null,0,0.045,null,0,null
6457,"DOLÇA ABELLA, S.C.",2024→2025,2024,2025,44301,Azucar Blanco – Materia Prima para Piensos,prod_perdido,1191,null,-1191,1,null,1191,null
3372,"GUFRESCO, S.L.",2024→2025,2024,2025,3000750341,Fructosa Maiz Cristal Granulada-ADM Turquía CUATRI,sin_cambio,892.5,892.5,0,0.5,0.5,1785,1785
8350,"MIGA FOODS COMMERCE, S.L.",2024→2025,2024,2025,5205050031,Glucor 37/79 - ADM  Francia,vol_precio,12870,26083.2,13213.2,13.2,28.8,975,905.67
2298,"GRACOMSA ALIMENTARIA, S.A.U.",2024→2025,2024,2025,5101002011,Fructor 10/77 - Tereos  España,sin_actividad,0,null,0,0.005,null,0,null
2925,"BIGMAN NUTRITION, S.L.",2024→2025,2024,2025,42000,Dextrosa Cristal Monohidrato Maiz,prod_perdido,5105,null,-5105,5,null,1021,null
321,"PRODUCTOS PEPITO, S.L.U.",2024→2025,2024,2025,7500004011,Correfino EEC Nº2 Caña/Rem - Azucarera España,prod_perdido,928,null,-928,0.8,null,1160,null
534,"MC CONSTRUCTION CHEMICAL SPAIN, S.L.",2024→2025,2024,2025,7400002031,Az Bl. EEC Nº2 Remolacha PTE DEST-Tereos Franci,prod_perdido,10320,null,-10320,9.6,null,1075,null
9575,"GREEN BEVERAGES ESPAÑA, SL",2024→2025,2024,2025,7300039291,Azúcar Blanco EEC Nº2 Caña - Kampong Speu Camboya,vol_precio,476,3312,2836,0.4,4.8,1190,690
9217,"LLANO YARRITU, GOIKO",2024→2025,2024,2025,44313,Apipasta Vitaminas 90% - Pienso para Apicultura,prod_perdido,472.65,null,-472.65,0.345,null,1370,null
7171,"QUIRANTE FRUITS, S.L.",2024→2025,2024,2025,64504,COMPO HCA,prod_perdido,67272.92,null,-67272.92,58.805,null,1144,null
407,"PRODUCTOS KELMY, S.A.U.",2024→2025,2024,2025,7400002031,Az Bl. EEC Nº2 Remolacha PTE DEST-Tereos Franci,prod_perdido,118869.6,null,-118869.6,117.6,null,1010.8,null
827,"TOMAS JIMENEZ, IGNACIO GERMAN",2024→2025,2024,2025,4000050331,Dextrosa Maiz Cristal Monohidrato - ADM  Bulgaria,vol_precio,615.5,306.75,-308.75,0.475,0.3,1295.79,1022.5
827,"TOMAS JIMENEZ, IGNACIO GERMAN",2024→2025,2024,2025,7300039291,Azúcar Blanco EEC Nº2 Caña - Kampong Speu Camboya,vol_precio,507.5,180,-327.5,0.625,0.25,812,720
459,"VIGARTO, S.L.U.",2024→2025,2024,2025,7300039291,Azúcar Blanco EEC Nº2 Caña - Kampong Speu Camboya,prod_perdido,4224,null,-4224,4.8,null,880,null
421,"JOSE GARCIA E HIJOS, S.L.",2024→2025,2024,2025,7300005081,Azúcar Blanco EEC Nº2 Caña - Cosumar  Marruecos,sin_actividad,0,null,0,0.001,null,0,null
891,"MONTEALBOR ALIMENTACION, S.A.U",2024→2025,2024,2025,42000,Dextrosa Cristal Monohidrato Maiz,prod_perdido,1300,null,-1300,1.25,null,1040,null
769,"ANGEL CAMACHO ALIMENTACION, S.L.",2024→2025,2024,2025,7500004011,Correfino EEC Nº2 Caña/Rem - Azucarera España,vol_precio,46464,194012,147548,48,334,968,580.87
7867,"SINBLAT ALIMENTACION SALUDABLE, S.L.",2024→2025,2024,2025,7300039291,Azúcar Blanco EEC Nº2 Caña - Kampong Speu Camboya,vol_precio,8640,4224,-4416,12.8,6.4,675,660
6235,"ATRILE 21, S.L.",2024→2025,2024,2025,43054,MALTITOL EN POLVO E-965i,prod_perdido,1397.12,null,-1397.12,0.64,null,2183,null
215,"MARTIN BRAUN, S.A.",2024→2025,2024,2025,7300005081,Azúcar Blanco EEC Nº2 Caña - Cosumar  Marruecos,prod_perdido,176196.8,null,-176196.8,180,null,978.87,null
3140,"CELEPLAME, S.L.",2024→2025,2024,2025,40103,Azúcar Moreno >2500i - Brown (Dry Dem BLZ),prod_perdido,300,null,-300,0.25,null,1200,null
4505,"FIESTA COLOMBINA, S.L.U.",2024→2025,2024,2025,5205750031,Glucor 37/79 - ADM  Francia CUATRIMESTRAL,prod_perdido,31606.37,null,-31606.37,48.254,null,655,null
9539,"ARTIPA FLECA, S.L",2024→2025,2024,2025,61291,Fosfruit Plus Bio,volumen,4776,9313.2,4537.200000000001,1.2,2.34,3980,3980
10079,"APIGLASS ENVASES Y MATERIAL APICOLA, S.L.U.",2024→2025,2024,2025,44310,Apipasta 90% - Pienso completo - Apicultura,vol_precio,6982.5,35436,28453.5,7.35,39.6,950,894.85
1956,"MARSHMALLOWS INTERNATIONAL, S.L.U.",2024→2025,2024,2025,7300039291,Azúcar Blanco EEC Nº2 Caña - Kampong Speu Camboya,prod_perdido,78980.4,null,-78980.4,76.68,null,1030,null
6828,AGRUP.DEFENSA SANIT.APIC.REG.DE MURCIA,2024→2025,2024,2025,62000,Mix Idoneo - Pienso Completo - Apicultura,vol_precio,17049.5,20268,3218.5,17.45,26.4,977.05,767.73
9567,SIKA S.A.U.,2024→2025,2024,2025,7300039291,Azúcar Blanco EEC Nº2 Caña - Kampong Speu Camboya,vol_precio,8140.8,1795.2,-6345.6,9.6,2.4,848,748
2298,"GRACOMSA ALIMENTARIA, S.A.U.",2024→2025,2024,2025,5101054011,Fructor 10/77 - Roquette España,prod_perdido,2772,null,-2772,3.6,null,770,null
5314,"PROFESSIONAL DAIRY PRODUCTS, S.L.",2024→2025,2024,2025,7300039291,Azúcar Blanco EEC Nº2 Caña - Kampong Speu Camboya,prod_perdido,44640,null,-44640,48,null,930,null
846,"PRODUCTOS ORGANICOS NAT.,S.L.",2024→2025,2024,2025,4000050331,Dextrosa Maiz Cristal Monohidrato - ADM  Bulgaria,volumen,138.75,323.75,185,0.075,0.175,1850,1850
9677,"PEBEMA FOODS, S.L.",2024→2025,2024,2025,40103,Azúcar Moreno >2500i - Brown (Dry Dem BLZ),prod_perdido,363,null,-363,0.3,null,1210,null
4854,"FERRANDIS RIBES, JOSE ENRIQUE",2024→2025,2024,2025,44313,Apipasta Vitaminas 90% - Pienso para Apicultura,prod_perdido,435,null,-435,0.3,null,1450,null
431,"DICARCONO, S.L.",2024→2025,2024,2025,7300005081,Azúcar Blanco EEC Nº2 Caña - Cosumar  Marruecos,vol_precio,70136.22,255754.4,185618.18,71.06,426.8,987,599.24
9286,"LAQTIA, S.L.",2024→2025,2024,2025,7300039291,Azúcar Blanco EEC Nº2 Caña - Kampong Speu Camboya,prod_perdido,99132,null,-99132,140.4,null,706.07,null
3071,"NAVARRO OLIVA, BERNABE",2024→2025,2024,2025,44301,Azucar Blanco – Materia Prima para Piensos,volumen,1536,2080,544,2.4,3.2,640,650
3154,"FRIAS NUTRICION, S.A.",2024→2025,2024,2025,44093,Fructor 100/80,volumen,23784.4,45357.2,21572.799999999996,24.52,46.76,970,970
5989,"T500 PURATOS, S.A.",2024→2025,2024,2025,61200,Fosvitae 85%,precio,7047,6600,-447,2.43,2.4,2900,2750
9524,"PRONAT, S.C.",2024→2025,2024,2025,7300039291,Azúcar Blanco EEC Nº2 Caña - Kampong Speu Camboya,prod_perdido,970,null,-970,1,null,970,null
548,"LA GONDOLA CONSERVAS VEGETALES, S.L.",2024→2025,2024,2025,7300039291,Azúcar Blanco EEC Nº2 Caña - Kampong Speu Camboya,prod_perdido,8880,null,-8880,12,null,740,null
8641,"GALLETAS GULLÓN, S.A.",2024→2025,2024,2025,7400002031,Az Bl. EEC Nº2 Remolacha PTE DEST-Tereos Franci,sin_actividad,0,null,0,0,null,null,null
317,"ESTUCHADOS FANNY, S.L.",2024→2025,2024,2025,7300005081,Azúcar Blanco EEC Nº2 Caña - Cosumar  Marruecos,prod_perdido,6750,null,-6750,9,null,750,null
4369,"LA TIENDA DEL APICULTOR, S.L.U.",2024→2025,2024,2025,44314,Apipasta 90% - BIO - Pienso completo - Apicultura,vol_precio,45066,56490,11424,27.3,37.485,1650.77,1507
1786,"ANITIN PANES ESPECIALES, S.L.",2024→2025,2024,2025,65007,Azúcar en polvo LS Pallet Plast. CHEP,volumen,2088,913.5,-1174.5,1.44,0.63,1450,1450
457,"AMAHER, S.L.",2024→2025,2024,2025,3000750341,Fructosa Maiz Cristal Granulada-ADM Turquía CUATRI,sin_actividad,0,null,0,0,null,null,null
197,"J. GARCIA CARRION, S.A.",2024→2025,2024,2025,7300037021,Azúcar Blanco EEC Nº2 Caña - Sidul  Portugal,prod_perdido,23640,null,-23640,24,null,985,null
5373,"VERTICE DE INNOVACION Y DESAR.DE ALIMENTOS, S.A.U.",2024→2025,2024,2025,7500004011,Correfino EEC Nº2 Caña/Rem - Azucarera España,prod_perdido,109928,null,-109928,105.7,null,1040,null
4187,"AMILCAR & MORGADO, LDA",2024→2025,2024,2025,7300039291,Azúcar Blanco EEC Nº2 Caña - Kampong Speu Camboya,prod_perdido,4494.67,null,-4494.67,7.2,null,624.26,null
3080,"PRODUCTOS KLAM, S.A.",2024→2025,2024,2025,99950,Producto de Pruebas Líquido - 1,sin_actividad,0,null,0,0.001,null,0,null
4002,"ABB MJ FERNANDEZ ARANDA, S.L.",2024→2025,2024,2025,5101856021,Fructor 10/77 - Copam  Portugal TRIMESTRAL,prod_perdido,2376,null,-2376,2.4,null,990,null
9609,"VAMINTER, S.L.",2024→2025,2024,2025,7400002031,Az Bl. EEC Nº2 Remolacha PTE DEST-Tereos Franci,prod_perdido,525,null,-525,0.5,null,1050,null
484,"PRODUCTOS LA PILARICA, S.A.",2024→2025,2024,2025,7600004011,Azúcar Granulado Extrafino-Azucarera España,volumen,2115,4935,2820,1.8,4.2,1175,1175
1760,"GONZALEZ BYASS, S.A",2024→2025,2024,2025,60010,Azúcar Liquida Neutra S.A.,prod_perdido,37808,null,-37808,49.8,null,759.2,null
422,"HERMANOS LOPEZ LLORET, S.A.",2024→2025,2024,2025,7300039291,Azúcar Blanco EEC Nº2 Caña - Kampong Speu Camboya,prod_perdido,44865,null,-44865,45,null,997,null
2909,"MANIPULADOS DE CEBOLLAS Y DERIVADOS, S.L.",2024→2025,2024,2025,7500004011,Correfino EEC Nº2 Caña/Rem - Azucarera España,prod_perdido,3564,null,-3564,5.4,null,660,null
10044,"CREACIONES JUGAVI, S.L.",2024→2025,2024,2025,7300039291,Azúcar Blanco EEC Nº2 Caña - Kampong Speu Camboya,sin_actividad,0,null,0,0.001,null,0,null
355,"AZACONSA, S.L.",2024→2025,2024,2025,40103,Azúcar Moreno >2500i - Brown (Dry Dem BLZ),prod_perdido,882,null,-882,1.05,null,840,null
5454,"ALIMENTACION Y NUTRICION FAMILIAR, S.L.",2024→2025,2024,2025,7300005081,Azúcar Blanco EEC Nº2 Caña - Cosumar  Marruecos,prod_perdido,9308,null,-9308,10.4,null,895,null
9765,"MUNDAKA HELADOS, S.L.",2024→2025,2024,2025,7300005081,Azúcar Blanco EEC Nº2 Caña - Cosumar  Marruecos,prod_perdido,1584,null,-1584,1.6,null,990,null
570,"INDALVA, S.L.",2024→2025,2024,2025,7300005081,Azúcar Blanco EEC Nº2 Caña - Cosumar  Marruecos,vol_precio,3680,6831,3151,4,9.9,920,690
252,"CONSERVAS ALGUAZAS, S.L.",2024→2025,2024,2025,7500004011,Correfino EEC Nº2 Caña/Rem - Azucarera España,vol_precio,1930.5,1127.2,-803.3,1.95,1.6,990,704.5
4002,"ABB MJ FERNANDEZ ARANDA, S.L.",2024→2025,2024,2025,5200054011,Glucor 60/82 - Roquette  España,prod_perdido,1912.8,null,-1912.8,2.4,null,797,null
4619,"EUROPEA DE APICULTURA, S.L.",2024→2025,2024,2025,44301,Azucar Blanco – Materia Prima para Piensos,vol_precio,17904,7548,-10356,28.8,11.6,621.67,650.69
3203,ASOCIACION DE APICULTORES DE GORBEA,2024→2025,2024,2025,44313,Apipasta Vitaminas 90% - Pienso para Apicultura,prod_perdido,4431,0,-4431,3.15,0,1406.67,null
418,"MANUFACTURAS CEYLAN, S.L.",2024→2025,2024,2025,7300037021,Azúcar Blanco EEC Nº2 Caña - Sidul  Portugal,prod_perdido,16008,null,-16008,23.2,null,690,null
6468,"DULCES LA CARTUJA, S.L.",2024→2025,2024,2025,43050,Maltitol en Polvo,prod_perdido,765,null,-765,0.3,null,2550,null
9473,"TÉCNICAS DEL CAMPO, S.L.",2024→2025,2024,2025,44310,Apipasta 90% - Pienso completo - Apicultura,prod_perdido,745.5,null,-745.5,0.525,null,1420,null
522,"MACROSNACKS, S.L.U.",2024→2025,2024,2025,7500004011,Correfino EEC Nº2 Caña/Rem - Azucarera España,vol_precio,27192,13665.6,-13526.4,26.4,20.8,1030,657
523,"CORALIM INGREDIENTS, S.L.",2024→2025,2024,2025,1110049321,Maltitol Liquido - Shandong Tianli Pharm-China,prod_perdido,9288.5,null,-9288.5,9.1,null,1020.71,null
9097,"CAFES MIÑANA, S.A.",2024→2025,2024,2025,7300039291,Azúcar Blanco EEC Nº2 Caña - Kampong Speu Camboya,prod_perdido,1680,null,-1680,1.6,null,1050,null
4383,"MANUFRI, S.L.",2024→2025,2024,2025,61228,Fosvitae 95% Plus,sin_actividad,0,null,0,0.001,null,0,null
9272,FIRMENICH BELGIUM S.A,2024→2025,2024,2025,60224,Azúcar invertido 76º,vol_precio,58373.97,18208.5,-40165.47,40.52,13.29,1440.62,1370.09
555,"FORTADUL, S.L.",2024→2025,2024,2025,7300039291,Azúcar Blanco EEC Nº2 Caña - Kampong Speu Camboya,prod_perdido,71044.8,null,-71044.8,117.6,null,604.12,null
1072,"GALVAN FERNANDEZ HERMANOS, S.L.",2024→2025,2024,2025,7300039291,Azúcar Blanco EEC Nº2 Caña - Kampong Speu Camboya,prod_perdido,33048,null,-33048,48,null,688.5,null
6267,"JUMEL ALIMENTARIA, S.A.",2024→2025,2024,2025,5100054011,Fructor 10/81 -Roquette España,sin_actividad,0,null,0,0.001,null,0,null
303,"J.R. SABATER, S.A.",2024→2025,2024,2025,4000050331,Dextrosa Maiz Cristal Monohidrato - ADM  Bulgaria,prod_perdido,32900,null,-32900,35,null,940,null
433,"SANCHIS MIRA, S.A.",2024→2025,2024,2025,61222,Fosfruit,vol_precio,16441.6,23698,7256.4000000000015,7.34,8.2,2240,2890
1661,"DELAVIUDA ALIMENTACION, S.A",2024→2025,2024,2025,61298,Fosvitae 95% Plus 74º,prod_ganado,0,1775,1775,0.002,1.251,0,1418.86
484,"PRODUCTOS LA PILARICA, S.A.",2024→2025,2024,2025,7300005081,Azúcar Blanco EEC Nº2 Caña - Cosumar  Marruecos,prod_perdido,33844,null,-33844,36.8,null,919.67,null
4470,"SALABERRIA TELLECHEA, XIKER",2024→2025,2024,2025,40207,Azúcar BIO <45 ES-ECO-024-MU Ag UE REMOLACHA,prod_perdido,615.2,null,-615.2,0.4,null,1538,null
2832,DULCES LA ABUELA COOP VNA,2024→2025,2024,2025,1210049321,Sorbitol Liquido - Shandong Tianli Pharm - China,prod_perdido,3406,null,-3406,2.6,null,1310,null
10081,"GHISLAIN, ANDRIEU",2024→2025,2024,2025,44313,Apipasta Vitaminas 90% - Pienso para Apicultura,prod_perdido,3375,null,-3375,2.7,null,1250,null
4505,"FIESTA COLOMBINA, S.L.U.",2024→2025,2024,2025,5205050031,Glucor 37/79 - ADM  Francia,prod_perdido,48121.54,null,-48121.54,73.468,null,655,null
1284,"FRUTAS Y TURRONES, S.A.",2024→2025,2024,2025,43054,MALTITOL EN POLVO E-965i,prod_perdido,10281,null,-10281,4.6,null,2235,null
2916,"SUC. DE MUÑOZ Y PUJANTE, S.L.",2024→2025,2024,2025,7500004011,Correfino EEC Nº2 Caña/Rem - Azucarera España,vol_precio,3960,195.3,-3764.7,4,0.186,990,1050
6338,CENTRO NAC. TECNOLOGIA Y SEGURIDAD ALIMENTARIA,2024→2025,2024,2025,62405,Fondant ES-R06,sin_actividad,0,null,0,0.001,null,0,null
9609,"VAMINTER, S.L.",2024→2025,2024,2025,3010750341,Fructosa Maiz Cristal Polvo - ADM  Turquía CUATRIM,prod_perdido,725,null,-725,0.5,null,1450,null
522,"MACROSNACKS, S.L.U.",2024→2025,2024,2025,7300005081,Azúcar Blanco EEC Nº2 Caña - Cosumar  Marruecos,prod_perdido,18128,null,-18128,17.6,null,1030,null
846,"PRODUCTOS ORGANICOS NAT.,S.L.",2024→2025,2024,2025,41000,Fructosa MAIZ Cristal,prod_perdido,444.38,null,-444.38,0.225,null,1975.02,null
9157,"MAK FOOD COMPANY, S.L.",2024→2025,2024,2025,61284,Mixco Sweet 72-09.6427 B2 SB2,volumen,1918535.4,3585310.26,1666774.8599999999,1804.641,3319.296,1063.11,1080.14
7440,"LOPEZ FOOD GROUP, S.L.",2024→2025,2024,2025,5101856021,Fructor 10/77 - Copam  Portugal TRIMESTRAL,prod_perdido,5430,null,-5430,6,null,905,null
2917,"CARAMEL FOOD, S.L.",2024→2025,2024,2025,40103,Azúcar Moreno >2500i - Brown (Dry Dem BLZ),prod_perdido,256,null,-256,0.2,null,1280,null
8836,"AGROCENTROS LEON, S.L.",2024→2025,2024,2025,44310,Apipasta 90% - Pienso completo - Apicultura,vol_precio,11542.5,19216.56,7674.060000000001,12.15,21.9,950,877.47
1197,"GIMENO DONAT, JORGE",2024→2025,2024,2025,44313,Apipasta Vitaminas 90% - Pienso para Apicultura,prod_perdido,1522.5,null,-1522.5,1.05,null,1450,null
7410,"DEL OLMO CUEVAS, HECTOR",2024→2025,2024,2025,44313,Apipasta Vitaminas 90% - Pienso para Apicultura,prod_perdido,4620,null,-4620,3.15,null,1466.67,null
7440,"LOPEZ FOOD GROUP, S.L.",2024→2025,2024,2025,5101750031,Fructor 10/77 - ADM  Francia CUATRIMESTRAL,prod_perdido,16290,null,-16290,18,null,905,null
2074,"ALFREDO IÑESTA, S.L",2024→2025,2024,2025,5101856021,Fructor 10/77 - Copam  Portugal TRIMESTRAL,prod_perdido,1938,null,-1938,1.2,null,1615,null
271,"LABORATORIOS ALMOND, S.L.",2024→2025,2024,2025,63101,PEP58 - LM,prod_perdido,21312,null,-21312,16.65,null,1280,null
9286,"LAQTIA, S.L.",2024→2025,2024,2025,7300037021,Azúcar Blanco EEC Nº2 Caña - Sidul  Portugal,prod_perdido,120352.1,null,-120352.1,141.9,null,848.15,null
7183,"INTERCASA, S.A.",2024→2025,2024,2025,62150,Jarabe de Melaza de Caña,precio,7140,7320,180,6,6,1190,1220
4002,"ABB MJ FERNANDEZ ARANDA, S.L.",2024→2025,2024,2025,5101054011,Fructor 10/77 - Roquette España,volumen,2869.2,27508.8,24639.6,3.6,34.8,797,790.48
4031,"ESPECIALITATS M. MASDEU, S.L.",2024→2025,2024,2025,5101050031,Fructor 10/77 - ADM  Francia,prod_perdido,1782,null,-1782,1.2,null,1485,null
6390,BIOANDEN E INVERSIONES EIRL,2024→2025,2024,2025,44315,Apipasta PLUS - Pienso para Apicultura,sin_actividad,0,null,0,0.002,null,0,null
4187,"AMILCAR & MORGADO, LDA",2024→2025,2024,2025,44310,Apipasta 90% - Pienso completo - Apicultura,vol_precio,10869.6,12000.6,1131,8.4,13.995,1294,857.49
7755,SAS LA CHENERAIE,2024→2025,2024,2025,44314,Apipasta 90% - BIO - Pienso completo - Apicultura,vol_precio,15750,17587.5,1837.5,8.4,11.55,1875,1522.73
3419,"ULTIMOS PANADEROS, S.L.",2024→2025,2024,2025,62401,Fondant ES-R02,sin_actividad,0,null,0,0.001,null,0,null
7651,SARL API DISTRIBUTION,2024→2025,2024,2025,44310,Apipasta 90% - Pienso completo - Apicultura,vol_precio,12180,12150,-30,9.45,13.5,1288.89,900
239,"ASOCIACION DE APICULTORES DE VIZCAYA, B.E.",2024→2025,2024,2025,44313,Apipasta Vitaminas 90% - Pienso para Apicultura,prod_perdido,56934,null,-56934,44.4,null,1282.3,null
1513,"AGROBIO, S.L.",2024→2025,2024,2025,62007,Mix Abejorros 60-30.4028 Pienso Completo - Apicult,prod_perdido,295241.9,null,-295241.9,362.26,null,815,null
5528,"FERNANDEZ LOPEZ, ANTONIO",2024→2025,2024,2025,44313,Apipasta Vitaminas 90% - Pienso para Apicultura,vol_precio,129666.15,153351.6,23685.45000000001,111.3,156.15,1165.01,982.08
462,"ROMEDUL, S.L.",2024→2025,2024,2025,43101,Sorbitol Liquido 70% No cristalizable - EPSA,prod_perdido,3770,null,-3770,2.6,null,1450,null
4726,CONSORZIO CON LE API,2024→2025,2024,2025,44313,Apipasta Vitaminas 90% - Pienso para Apicultura,prod_perdido,22680,null,-22680,18.9,null,1200,null
9535,"COMPAÑIA CERVECERA DAMM, S.L.",2024→2025,2024,2025,7300005081,Azúcar Blanco EEC Nº2 Caña - Cosumar  Marruecos,vol_precio,50587.6,329695.28,279107.68000000005,51.62,553.18,980,596
440,"MAZAPANES Y DULCES DE TOLEDO, S.A.",2024→2025,2024,2025,1210054031,Sorbitol Liquido - Roquette Francia,volumen,3528,12348,8820,2.4,8.4,1470,1470
4455,"AGRO CONSULTING DEL MEDITERRANEO, S.L.",2024→2025,2024,2025,60105,"Azúcar PI 73,5-67",volumen,1452,2904,1452,1.201,2.4,1208.99,1210
9867,"ALETTA DEVELOPMENTS, S.L.",2024→2025,2024,2025,61247,Mixco Sweet 65-00.5050 U,prod_perdido,436974.72,null,-436974.72,380.64,null,1148,null
436,"TURRONES JOSE GARRIGOS, S.A.",2024→2025,2024,2025,7500004011,Correfino EEC Nº2 Caña/Rem - Azucarera España,prod_perdido,5905.25,null,-5905.25,7.475,null,790,null
4369,"LA TIENDA DEL APICULTOR, S.L.U.",2024→2025,2024,2025,44303,Fructosa Cristal – Materia Prima para Piensos,precio,4125,3312.5,-812.5,2.5,2.5,1650,1325
9994,AUDE API,2024→2025,2024,2025,44310,Apipasta 90% - Pienso completo - Apicultura,vol_precio,7956,1755,-6201,7.65,1.95,1040,900
7115,"RIVERBEND ESPAÑA, S.A",2024→2025,2024,2025,61294,Mixco Sweet 68-00.5050 M1,prod_perdido,36471.48,null,-36471.48,24.76,null,1473,null
2366,"TEGAN BIPAL, S.L.",2024→2025,2024,2025,3010750341,Fructosa Maiz Cristal Polvo - ADM  Turquía CUATRIM,prod_perdido,1737.5,null,-1737.5,1.25,null,1390,null
7176,"COLOMINA LOPEZ, SOFIA",2024→2025,2024,2025,5101002011,Fructor 10/77 - Tereos  España,prod_perdido,2796.5,null,-2796.5,2.35,null,1190,null
237,"DULCES SANTA CRUZ, S.L.",2024→2025,2024,2025,7300039291,Azúcar Blanco EEC Nº2 Caña - Kampong Speu Camboya,prod_perdido,14145,null,-14145,23,null,615,null
3790,"DULYMAZ, S.L.",2024→2025,2024,2025,5200054011,Glucor 60/82 - Roquette  España,vol_precio,4704,2112,-2592,4.8,2.4,980,880
8795,"ADISTAFARMA, S.L.",2024→2025,2024,2025,1110049321,Maltitol Liquido - Shandong Tianli Pharm-China,volumen,9685,30992,21307,6.5,20.8,1490,1490
385,"BIOMIP BIOLOGICAL QUALITY, S.L.",2024→2025,2024,2025,44313,Apipasta Vitaminas 90% - Pienso para Apicultura,sin_actividad,0,null,0,0.03,null,0,null
10079,"APIGLASS ENVASES Y MATERIAL APICOLA, S.L.U.",2024→2025,2024,2025,44314,Apipasta 90% - BIO - Pienso completo - Apicultura,volumen,14175,54180,40005,9.45,35.7,1500,1517.65
9609,"VAMINTER, S.L.",2024→2025,2024,2025,1110049321,Maltitol Liquido - Shandong Tianli Pharm-China,vol_precio,10569,15444,4875,9.1,14.3,1161.43,1080
827,"TOMAS JIMENEZ, IGNACIO GERMAN",2024→2025,2024,2025,42000,Dextrosa Cristal Monohidrato Maiz,prod_perdido,314,null,-314,0.2,null,1570,null
6427,"PRODUCTOS OLE Y OLE, S.L.",2024→2025,2024,2025,60105,"Azúcar PI 73,5-67",volumen,14832,2424,-12408,14.4,2.4,1030,1010
9168,"BIO ALIMENTOS DE MURCIA, S.L.",2024→2025,2024,2025,7840046301,Azúcar BIO 200-800 IC - Azucarera El Viejo C.Rica,volumen,20570,25470,4900,17,21,1210,1212.86
2570,"NATRA OÑATI, S.A.",2024→2025,2024,2025,7320007131,Az Blanco EEC Nº2 Caña Bonsucro-Cassa El Salvador,prod_perdido,93852,null,-93852,94.8,null,990,null
7714,"MASIA EL CARMEN, S.L.",2024→2025,2024,2025,60123,"Azúcar PI 73,5-67 - BIO",prod_perdido,7116.2,null,-7116.2,5.98,null,1190,null
303,"J.R. SABATER, S.A.",2024→2025,2024,2025,7300005081,Azúcar Blanco EEC Nº2 Caña - Cosumar  Marruecos,prod_perdido,18336,null,-18336,21.6,null,848.89,null
6557,"MAR FERTILIZANTES, S.L.",2024→2025,2024,2025,5101002011,Fructor 10/77 - Tereos  España,precio,1488,1068,-420,1.2,1.2,1240,890
355,"AZACONSA, S.L.",2024→2025,2024,2025,7230007131,DC Raw Sugar >4000I - Cassa  El Salvador,prod_perdido,840,null,-840,1,null,840,null
9185,"GARCIA GARCIA, JOSE LUIS",2024→2025,2024,2025,62001,Apimix - Pienso completo - Apicultura,prod_perdido,2478,null,-2478,2.36,null,1050,null
4600,"JALANCINA NATURE, S.L.",2024→2025,2024,2025,41005,Fructosa MAIZ Cristal Granulada,prod_perdido,189,null,-189,0.1,null,1890,null
200,MARIN GIMENEZ HNOS. S.A.,2024→2025,2024,2025,61297,Mixco Sweet 72-34.3333,prod_ganado,0,249140.16,249140.16,0.01,273.19,0,911.97
9257,"VHUMANA, S.A.",2024→2025,2024,2025,60105,"Azúcar PI 73,5-67",prod_perdido,96387.2,null,-96387.2,93.44,null,1031.54,null
3753,"OLIVA NAVARRO, MIRIAM",2024→2025,2024,2025,44313,Apipasta Vitaminas 90% - Pienso para Apicultura,prod_perdido,6825,null,-6825,5.25,null,1300,null
7164,"FELIX SOLIS, S.L.",2024→2025,2024,2025,60105,"Azúcar PI 73,5-67",prod_ganado,0,65178,65178,0.01,85.208,0,764.93
6468,"DULCES LA CARTUJA, S.L.",2024→2025,2024,2025,7300039291,Azúcar Blanco EEC Nº2 Caña - Kampong Speu Camboya,prod_perdido,5280,null,-5280,8,null,660,null
7651,SARL API DISTRIBUTION,2024→2025,2024,2025,44314,Apipasta 90% - BIO - Pienso completo - Apicultura,vol_precio,5932.5,8715,2782.5,3.15,5.25,1883.33,1660
6869,"ALLTECH SPAIN, S.L.",2024→2025,2024,2025,44336,Fructosa Cristal Granulada – MP para Piensos,prod_perdido,4825,null,-4825,3.5,null,1378.57,null
5998,"FRANCISCO ARAGON, S.L.U.",2024→2025,2024,2025,5201002011,Glucor 45/80 - Tereos España,volumen,1758,3516,1758,1.2,2.4,1465,1465
5801,"ED & F MAN INGREDIENTS, S.R.O.",2024→2025,2024,2025,99950,Producto de Pruebas Líquido - 1,sin_actividad,0,null,0,0.001,null,0,null
4369,"LA TIENDA DEL APICULTOR, S.L.U.",2024→2025,2024,2025,44310,Apipasta 90% - Pienso completo - Apicultura,vol_precio,16155,22323,6168,15.9,25.2,1016.04,885.83
2577,"IMPORTACO CASA PONS, S.A.U.",2024→2025,2024,2025,40103,Azúcar Moreno >2500i - Brown (Dry Dem BLZ),prod_perdido,28.75,null,-28.75,0.025,null,1150,null
8247,"ALLJUICEMED, S.L.",2024→2025,2024,2025,99950,Producto de Pruebas Líquido - 1,sin_actividad,0,0,0,0.01,0.01,0,0
7440,"LOPEZ FOOD GROUP, S.L.",2024→2025,2024,2025,5101054011,Fructor 10/77 - Roquette España,vol_precio,10860,76512,65652,12,96,905,797
1765,"CHOST, S.L",2024→2025,2024,2025,7300039291,Azúcar Blanco EEC Nº2 Caña - Kampong Speu Camboya,vol_precio,4950,600,-4350,5,0.8,990,750
6147,"ANDALUZA DE MIELES, S.L.",2024→2025,2024,2025,5100050031,Fructor 10/81 - ADM  Francia,vol_precio,17124.8,141511.61,124386.80999999998,24.64,240.666,695,588
592,"FRAMAJOVA, S.L",2024→2025,2024,2025,7110009141,Azúcar Moreno >2500i - ASR  Belice,sin_actividad,0,null,0,0.001,null,0,null
5512,"ORTA VAZ, ISABEL",2024→2025,2024,2025,44301,Azucar Blanco – Materia Prima para Piensos,prod_perdido,5040,null,-5040,8.4,null,600,null
9185,"GARCIA GARCIA, JOSE LUIS",2024→2025,2024,2025,44313,Apipasta Vitaminas 90% - Pienso para Apicultura,prod_perdido,804.75,null,-804.75,0.555,null,1450,null
6130,HAPPY VALLEY HONEY LIMITED,2024→2025,2024,2025,44313,Apipasta Vitaminas 90% - Pienso para Apicultura,prod_perdido,2310,null,-2310,2.1,null,1100,null
9476,BRASS EMPANADAS S.L.,2024→2025,2024,2025,7300039291,Azúcar Blanco EEC Nº2 Caña - Kampong Speu Camboya,prod_perdido,10488,null,-10488,15.2,null,690,null
2887,"BIOSEARCH, S.A.U.",2024→2025,2024,2025,40203,Azúcar BIO 300-500 -ES-ECO-024-MU (Agric No EU),sin_actividad,0,null,0,0.001,null,0,null
4542,"COMERCIAL FONT, C.B.",2024→2025,2024,2025,65005,Azúcar en polvo LS,volumen,2279.7,782.25,-1497.4499999999998,1.53,0.525,1490,1490
348,"PRODUCTOS SUR, S.A.U.",2024→2025,2024,2025,42000,Dextrosa Cristal Monohidrato Maiz,prod_perdido,259875,null,-259875,202.5,null,1283.33,null
215,"MARTIN BRAUN, S.A.",2024→2025,2024,2025,65013,Azúcar en polvo LS Pallet Plast. CHEP 100x120,vol_precio,135135,31616.18,-103518.82,115.5,46.155,1170,685
7171,"QUIRANTE FRUITS, S.L.",2024→2025,2024,2025,64510,CATI  70,prod_perdido,237909,null,-237909,226.58,null,1050,null
2216,"APIHURDES, S.COOP.",2024→2025,2024,2025,44301,Azucar Blanco – Materia Prima para Piensos,prod_perdido,20160,null,-20160,24,null,840,null
244,"PAPISA, S.L.",2024→2025,2024,2025,7200017111,>45 ICUMSA - Palo Gordo Guatemala,prod_perdido,1032,null,-1032,1.2,null,860,null
9565,NORDIK BUCKFAST,2024→2025,2024,2025,44314,Apipasta 90% - BIO - Pienso completo - Apicultura,prod_perdido,4158,null,-4158,2.1,null,1980,null
4369,"LA TIENDA DEL APICULTOR, S.L.U.",2024→2025,2024,2025,44304,Azucar Polvo LS – Pienso completo – Apicultura,vol_precio,3240,3071.25,-168.75,2.7,2.925,1200,1050
2180,"AURUM PROCESS TECHNOLOGY, S.L.",2024→2025,2024,2025,7400048311,Az. Bl. EEC nº2 Remol PTE DEST-Agrana Leop Austria,prod_perdido,20,null,-20,0.025,null,800,null
7867,"SINBLAT ALIMENTACION SALUDABLE, S.L.",2024→2025,2024,2025,7300005081,Azúcar Blanco EEC Nº2 Caña - Cosumar  Marruecos,vol_precio,18355.2,4224,-14131.2,19.2,6.4,956,660
8971,"MASTER BUILDERS SOLUTIONS ESPAÑA, S.L.U.",2024→2025,2024,2025,7300005081,Azúcar Blanco EEC Nº2 Caña - Cosumar  Marruecos,prod_perdido,105016,null,-105016,107,null,981.46,null
9613,GAD DAIRY LTD,2024→2025,2024,2025,61228,Fosvitae 95% Plus,sin_actividad,0,null,0,0.001,null,0,null
6271,"ALVAREZ ROVIRA, DAVID",2024→2025,2024,2025,40207,Azúcar BIO <45 ES-ECO-024-MU Ag UE REMOLACHA,prod_perdido,746.9,null,-746.9,0.55,null,1358,null
1253,"HORCHATA EL COSECHERO, S.L.",2024→2025,2024,2025,7500004011,Correfino EEC Nº2 Caña/Rem - Azucarera España,vol_precio,2496,131571,129075,2.4,223.8,1040,587.9
9429,TARTAS ANCANO S.L.,2024→2025,2024,2025,1210002031,Sorbitol Liquido - Tereos Francia,prod_perdido,6225.6,null,-6225.6,4.8,null,1297,null
9990,"POSTRES DE MESA, S.L.",2024→2025,2024,2025,65030,AZÚCAR EN POLVO LM 48m,sin_actividad,0,null,0,0.001,null,0,null
8349,"AGOTZAINA, S.L.",2024→2025,2024,2025,44131,Glucor 37/79,prod_perdido,1428,null,-1428,1.2,null,1190,null
10109,DETRIGO PADARIA PASTELARIA LDA,2024→2025,2024,2025,62150,Jarabe de Melaza de Caña,prod_perdido,1496.4,null,-1496.4,1.2,null,1247,null
9833,DONNY G APICOLE SRL,2024→2025,2024,2025,44310,Apipasta 90% - Pienso completo - Apicultura,vol_precio,2567.25,2919,351.75,2.1,3.15,1222.5,926.67
7972,MOCHI LUXURY S.L,2024→2025,2024,2025,5206050031,Maltor 70/80 - ADM  Francia,vol_precio,39802,68981,29179,42.2,84.1,943.18,820.23
9956,"NORDMANN, RASSMANN GMBH",2024→2025,2024,2025,61200,Fosvitae 85%,sin_actividad,0,null,0,0.005,null,0,null
9263,"LOPEZ 1920 PASTELERÍA, S.L.",2024→2025,2024,2025,7300039291,Azúcar Blanco EEC Nº2 Caña - Kampong Speu Camboya,prod_perdido,38883,null,-38883,39,null,997,null
1643,"DULCES ARTESANALES LINARES, S.L",2024→2025,2024,2025,3000750341,Fructosa Maiz Cristal Granulada-ADM Turquía CUATRI,prod_perdido,1737.5,null,-1737.5,1.25,null,1390,null
212,"JARCA TURRONES Y DULCES, S.L.",2024→2025,2024,2025,44120,Glucor 45/80,prod_perdido,434,null,-434,0.35,null,1240,null
3479,"LA TAHONA DE UTIEL, S.L.",2024→2025,2024,2025,1210049321,Sorbitol Liquido - Shandong Tianli Pharm - China,prod_perdido,1807,null,-1807,1.3,null,1390,null
3306,"INBIOLEV, S.L.",2024→2025,2024,2025,40207,Azúcar BIO <45 ES-ECO-024-MU Ag UE REMOLACHA,prod_perdido,64.5,null,-64.5,0.05,null,1290,null
9854,"NORDMANN PORTUGAL, S.A.",2024→2025,2024,2025,43054,MALTITOL EN POLVO E-965i,sin_actividad,0,null,0,0.001,null,0,null
1854,"ROYPAS BY NUTRIS, S.A.",2024→2025,2024,2025,1210002031,Sorbitol Liquido - Tereos Francia,prod_perdido,6454.8,null,-6454.8,3.6,null,1793,null
4997,"PRODUCTOS LA MULATA, S.L.",2024→2025,2024,2025,5205054011,Glucor 37/79 - Roquette España,vol_precio,4956,3696,-1260,3.6,2.4,1376.67,1540
3225,"SURIVAN FEEL THE TASTE, S.L.",2024→2025,2024,2025,60105,"Azúcar PI 73,5-67",vol_precio,3168,3846.8,678.8000000000002,2.4,3.26,1320,1180
4505,"FIESTA COLOMBINA, S.L.U.",2024→2025,2024,2025,7600004011,Azúcar Granulado Extrafino-Azucarera España,vol_precio,7516.8,4630.8,-2886,5.4,5.156,1392,898.14
6323,SARL BABE APICULTURE ET EMBALLAGES,2024→2025,2024,2025,44310,Apipasta 90% - Pienso completo - Apicultura,prod_perdido,2613,null,-2613,1.95,null,1340,null
9437,"EL CORTÍN DEL ABEYÓN, S.L.",2024→2025,2024,2025,44313,Apipasta Vitaminas 90% - Pienso para Apicultura,vol_precio,8459.25,630,-7829.25,6.165,0.525,1372.14,1200
614,"MANUFACTURAS TABERNER,S.A.",2024→2025,2024,2025,7300039291,Azúcar Blanco EEC Nº2 Caña - Kampong Speu Camboya,prod_perdido,8208,null,-8208,12,null,684,null
1854,"ROYPAS BY NUTRIS, S.A.",2024→2025,2024,2025,7300039291,Azúcar Blanco EEC Nº2 Caña - Kampong Speu Camboya,prod_perdido,367302.4,null,-367302.4,374.88,null,979.79,null
9565,NORDIK BUCKFAST,2024→2025,2024,2025,44310,Apipasta 90% - Pienso completo - Apicultura,vol_precio,6476.25,10164,3687.75,4.95,11.55,1308.33,880
1036,"PANADERIA NTRA SRA DE LA CABEZA, C.B.",2024→2025,2024,2025,65005,Azúcar en polvo LS,prod_perdido,2717.19,null,-2717.19,1.995,null,1362,null
471,"FADICAMO, S.A.",2024→2025,2024,2025,7500004011,Correfino EEC Nº2 Caña/Rem - Azucarera España,prod_perdido,10280,null,-10280,10,null,1028,null
8912,MAISON VERGNON,2024→2025,2024,2025,44315,Apipasta PLUS - Pienso para Apicultura,prod_perdido,3326.4,null,-3326.4,1.68,null,1980,null
5787,"FALCON, S.A.",2024→2025,2024,2025,62408,Fondant ES-R04 EN/EL,precio,19392,16843.2,-2548.7999999999993,19.2,19.14,1010,880
8476,"ANITIN JEREZ, S.L.U.",2024→2025,2024,2025,7300039291,Azúcar Blanco EEC Nº2 Caña - Kampong Speu Camboya,prod_perdido,61996,-617,-62613,71,-1,873.18,617
9879,"SCHREIBER FOODS PORTUGAL, S.A.",2024→2025,2024,2025,7300037021,Azúcar Blanco EEC Nº2 Caña - Sidul  Portugal,prod_perdido,22605,null,-22605,22,null,1027.5,null
7558,HARINAS CASTILLA LA MANCHA S.L,2024→2025,2024,2025,5101002011,Fructor 10/77 - Tereos  España,vol_precio,17571.25,4260,-13311.25,18.25,6,962.81,710
7440,"LOPEZ FOOD GROUP, S.L.",2024→2025,2024,2025,60105,"Azúcar PI 73,5-67",vol_precio,215194.05,139328.4,-75865.65,174.05,157.2,1236.39,886.31
9134,"VOLTEC ELECTRO SISTEMES, S.L.",2024→2025,2024,2025,7220015111,>150 ICUMSA - Pantaleon  Guatemala,sin_actividad,0,null,0,0,null,null,null
6581,PRZEDSIEBIORSTWO PSZCZELARSKIE TOMASZ LYSON SP. Z O.O. SP. K,2024→2025,2024,2025,44315,Apipasta PLUS - Pienso para Apicultura,sin_actividad,0,null,0,0.001,null,0,null
8260,OBRADOR HERMANOS HIGON S.L.U.,2024→2025,2024,2025,40207,Azúcar BIO <45 ES-ECO-024-MU Ag UE REMOLACHA,sin_actividad,0,null,0,0.003,null,0,null
2832,DULCES LA ABUELA COOP VNA,2024→2025,2024,2025,1210002031,Sorbitol Liquido - Tereos Francia,prod_perdido,3096,null,-3096,2.4,null,1290,null
9908,COMES BRUNO,2024→2025,2024,2025,62001,Apimix - Pienso completo - Apicultura,prod_perdido,1195.2,null,-1195.2,1.2,null,996,null
1922,"PSITTACUS CATALONIA, S.L.",2024→2025,2024,2025,3010750341,Fructosa Maiz Cristal Polvo - ADM  Turquía CUATRIM,prod_perdido,23450,null,-23450,17.5,null,1340,null
9966,"LUIS MARTIN, SEBASTIAN",2024→2025,2024,2025,44314,Apipasta 90% - BIO - Pienso completo - Apicultura,prod_perdido,886.5,null,-886.5,0.45,null,1970,null
2518,"GRANALBE, S.L.",2024→2025,2024,2025,44315,Apipasta PLUS - Pienso para Apicultura,vol_precio,1596,4578,2982,0.84,3.36,1900,1362.5
431,"DICARCONO, S.L.",2024→2025,2024,2025,7300037021,Azúcar Blanco EEC Nº2 Caña - Sidul  Portugal,prod_perdido,47277.3,null,-47277.3,47.9,null,987,null
7612,DPTO. COMERCIAL,2024→2025,2024,2025,62001,Apimix - Pienso completo - Apicultura,sin_actividad,0,0,0,0.01,0.01,0,0
9361,"IBERLIQUIDOS, S.L.",2024→2025,2024,2025,5100750031,Fructor 10/81 - ADM  Francia CUATRIMESTRAL,prod_perdido,6175,null,-6175,24.7,null,250,null
1864,MELAZAHAR COOP. V.,2024→2025,2024,2025,62000,Mix Idoneo - Pienso Completo - Apicultura,prod_perdido,2256,null,-2256,2.4,null,940,null
527,"CARNICAS SERRANO, S.L.",2024→2025,2024,2025,7300005081,Azúcar Blanco EEC Nº2 Caña - Cosumar  Marruecos,prod_perdido,1912,null,-1912,1.6,null,1195,null
8304,"GALLEGO MOLERO,FERMIN ",2024→2025,2024,2025,44313,Apipasta Vitaminas 90% - Pienso para Apicultura,prod_perdido,1522.5,null,-1522.5,1.05,null,1450,null
2528,"MORATALLA FERNANDEZ, RAFAEL",2024→2025,2024,2025,62001,Apimix - Pienso completo - Apicultura,prod_perdido,1296,null,-1296,1.2,null,1080,null
7918,"REFRESCO IBERIA, S.A.U. ",2024→2025,2024,2025,7300005081,Azúcar Blanco EEC Nº2 Caña - Cosumar  Marruecos,prod_perdido,160921.8,null,-160921.8,155.48,null,1035,null
200,MARIN GIMENEZ HNOS. S.A.,2024→2025,2024,2025,61260,Fosvitae R 60 %,prod_ganado,0,13861.64,13861.64,0.001,15.86,0,874
2081,"ZUMOS Y FRUTAS CONCENTRADOS, S.L.",2024→2025,2024,2025,64091,ATI 65º,volumen,1501436.72,127213.63,-1374223.0899999999,1811.142,151.99,829,836.99
5822,"CIVAN ARICILIK TEKSTIL, SALIP SAN TIC LTD STI",2024→2025,2024,2025,44315,Apipasta PLUS - Pienso para Apicultura,prod_perdido,6552,null,-6552,5.04,null,1300,null
827,"TOMAS JIMENEZ, IGNACIO GERMAN",2024→2025,2024,2025,7300037021,Azúcar Blanco EEC Nº2 Caña - Sidul  Portugal,prod_perdido,238,null,-238,0.2,null,1190,null
2518,"GRANALBE, S.L.",2024→2025,2024,2025,44313,Apipasta Vitaminas 90% - Pienso para Apicultura,vol_precio,14679,11865,-2814,11.55,10.5,1270.91,1130
2411,"BAQUERO LOPEZ, JOSE",2024→2025,2024,2025,65005,Azúcar en polvo LS,prod_perdido,673.2,null,-673.2,0.51,null,1320,null
4634,"MASQPAN EXCLUSIVAS, S.L.",2024→2025,2024,2025,7500004011,Correfino EEC Nº2 Caña/Rem - Azucarera España,vol_precio,990,2304,1314,1,3.2,990,720
7726,"ANKER FOOD, S.L.",2024→2025,2024,2025,7300039291,Azúcar Blanco EEC Nº2 Caña - Kampong Speu Camboya,prod_perdido,4586.4,null,-4586.4,7.2,null,637,null
5998,"FRANCISCO ARAGON, S.L.U.",2024→2025,2024,2025,5201750031,Glucor 45/80 - ADM  Francia CUATRIMESTRAL,prod_perdido,1831.25,null,-1831.25,1.251,null,1463.83,null
7556,"DESTILACIONES BORDAS CHINCHURRETA, S.A.",2024→2025,2024,2025,44092,Fructor 100/69,prod_perdido,3103.2,null,-3103.2,2.4,null,1293,null
10079,"APIGLASS ENVASES Y MATERIAL APICOLA, S.L.U.",2024→2025,2024,2025,44313,Apipasta Vitaminas 90% - Pienso para Apicultura,vol_precio,34320,277613.5,243293.5,31.2,274.74,1100,1010.46
1119,"APILORE, S.L.",2024→2025,2024,2025,44313,Apipasta Vitaminas 90% - Pienso para Apicultura,prod_perdido,15708,null,-15708,11.55,null,1360,null
433,"SANCHIS MIRA, S.A.",2024→2025,2024,2025,7300039291,Azúcar Blanco EEC Nº2 Caña - Kampong Speu Camboya,vol_precio,261147,16128,-245019,365.26,25.6,714.96,630
1202,"APIGLASS ENVAS. Y MAT. APICOLA, S.L.",2024→2025,2024,2025,62020,Mix Fructor Apicultor - Pienso completo - Apicult.,prod_perdido,1728,null,-1728,2.4,null,720,null
535,"FRIMAR PANADEROS, S.L.",2024→2025,2024,2025,1210049321,Sorbitol Liquido - Shandong Tianli Pharm - China,prod_perdido,1547,null,-1547,1.3,null,1190,null
7897,"MANDIC OUTMILL MS4, S.L.",2024→2025,2024,2025,65005,Azúcar en polvo LS,vol_precio,290.25,1635,1344.75,0.225,1.5,1290,1090
4369,"LA TIENDA DEL APICULTOR, S.L.U.",2024→2025,2024,2025,44301,Azucar Blanco – Materia Prima para Piensos,vol_precio,3104,15879,12775,3.2,23.7,970,670
7558,HARINAS CASTILLA LA MANCHA S.L,2024→2025,2024,2025,4000050331,Dextrosa Maiz Cristal Monohidrato - ADM  Bulgaria,vol_precio,9625,18500,8875,10,20,962.5,925
7558,HARINAS CASTILLA LA MANCHA S.L,2024→2025,2024,2025,42000,Dextrosa Cristal Monohidrato Maiz,prod_perdido,4875,null,-4875,5,null,975,null
4031,"ESPECIALITATS M. MASDEU, S.L.",2024→2025,2024,2025,61289,Fosvitae 95% Plus 78º,volumen,17458,46284,28826,6.02,15.96,2900,2900
4189,"MARTIN GIL, MANUEL",2024→2025,2024,2025,44313,Apipasta Vitaminas 90% - Pienso para Apicultura,prod_perdido,1192.5,null,-1192.5,0.795,null,1500,null
3479,"LA TAHONA DE UTIEL, S.L.",2024→2025,2024,2025,5201050031,Glucor 45/80 - ADM  Francia,sin_actividad,0,null,0,0.001,null,0,null
595,"ROSCRIS BENIOPA, S.L",2024→2025,2024,2025,7300005081,Azúcar Blanco EEC Nº2 Caña - Cosumar  Marruecos,prod_perdido,1568,null,-1568,1.6,null,980,null
9283,NUTRITIVE SOLUTIONS LLC,2024→2025,2024,2025,99950,Producto de Pruebas Líquido - 1,sin_actividad,0,0,0,0.003,0.002,0,0
1119,"APILORE, S.L.",2024→2025,2024,2025,44315,Apipasta PLUS - Pienso para Apicultura,prod_perdido,1176,null,-1176,0.84,null,1400,null
6130,HAPPY VALLEY HONEY LIMITED,2024→2025,2024,2025,44315,Apipasta PLUS - Pienso para Apicultura,prod_perdido,2184,null,-2184,1.68,null,1300,null
523,"CORALIM INGREDIENTS, S.L.",2024→2025,2024,2025,3010750341,Fructosa Maiz Cristal Polvo - ADM  Turquía CUATRIM,prod_perdido,202.5,null,-202.5,0.15,null,1350,null
7556,"DESTILACIONES BORDAS CHINCHURRETA, S.A.",2024→2025,2024,2025,61229,Fosvitae Plus Polvo,sin_actividad,0,null,0,0.001,null,0,null
248,"CONSERVAS EL VALLE, S.L.",2024→2025,2024,2025,61170,Mix Maltitol Sorbitol MS 74-8020,volumen,3396,1698,-1698,2.4,1.2,1415,1415
9781,ADVANCE SCIENCE LIMITED,2024→2025,2024,2025,62033,Jarabe Hive Alive,vol_precio,26381.1,1546.3,-24834.8,22.452,1.88,1175,822.5
200,MARIN GIMENEZ HNOS. S.A.,2024→2025,2024,2025,61231,Mixco Sweet 67-05.5045,vol_precio,98163.8,20632.92,-77530.88,109.96,24.361,892.72,846.97
3111,"GOMEZ MARTIN, HUGO",2024→2025,2024,2025,62001,Apimix - Pienso completo - Apicultura,vol_precio,8628,7680,-948,8.88,9.6,971.62,800
2057,"BACK EUROP ESPAÑA, S.L",2024→2025,2024,2025,3010750341,Fructosa Maiz Cristal Polvo - ADM  Turquía CUATRIM,prod_perdido,3225,null,-3225,2.5,null,1290,null
1375,"JACOBO LOZANO, S.L.",2024→2025,2024,2025,62413,Fondant ES-R04 - Jacobo Lozano (Etiq. Cliente),vol_precio,8102.4,5145,-2957.3999999999996,7.68,5.25,1055,980
1314,"MANUFACTURAS PIBERNAT, S.L.",2024→2025,2024,2025,2100050331,Almidon Maiz - ADM Bulgaria,prod_perdido,1625,null,-1625,2.5,null,650,null
6003,"BS EDULCORANTES, S.L.U.",2024→2025,2024,2025,41000,Fructosa MAIZ Cristal,sin_actividad,0,null,0,0.001,null,0,null
1747,"FRUIT TECH NATURAL, S.A.",2024→2025,2024,2025,7300005081,Azúcar Blanco EEC Nº2 Caña - Cosumar  Marruecos,prod_perdido,21280,null,-21280,22.4,null,950,null
1396,"BARCELONESA DE DROG. Y PRODUCT. QUIMICOS, S.A.",2024→2025,2024,2025,1210002031,Sorbitol Liquido - Tereos Francia,prod_perdido,12384,null,-12384,9.6,null,1290,null
419,"DISTRIBUCIONES JAIME SARRION, S.L.",2024→2025,2024,2025,45006,AZÚCAR BLANCO EEC Nº2 C - PQ01 RETAIL – JUST SUGAR,vol_precio,630,2294.4,1664.4,0.6,2.88,1050,796.67
419,"DISTRIBUCIONES JAIME SARRION, S.L.",2024→2025,2024,2025,62400,Fondant ES-R01,prod_perdido,481.88,null,-481.88,0.375,null,1285.01,null
4587,"CARMAX GLASS, S.L.",2024→2025,2024,2025,44314,Apipasta 90% - BIO - Pienso completo - Apicultura,vol_precio,481.5,49.5,-432,0.255,0.03,1888.24,1650
428,"PASTELERIA INDUSTRIAL MONTE TURIA, S.A.",2024→2025,2024,2025,60105,"Azúcar PI 73,5-67",sin_cambio,33744,34185.04,441.0400000000009,22.8,23.098,1480,1480
7918,"REFRESCO IBERIA, S.A.U. ",2024→2025,2024,2025,7300039291,Azúcar Blanco EEC Nº2 Caña - Kampong Speu Camboya,prod_perdido,641534.4,null,-641534.4,619.84,null,1035,null
1786,"ANITIN PANES ESPECIALES, S.L.",2024→2025,2024,2025,42000,Dextrosa Cristal Monohidrato Maiz,prod_perdido,2952,null,-2952,3,null,984,null
7440,"LOPEZ FOOD GROUP, S.L.",2024→2025,2024,2025,7500004011,Correfino EEC Nº2 Caña/Rem - Azucarera España,volumen,13961,27922,13961,23,46,607,607
9919,NATURACOSM SARL,2024→2025,2024,2025,62001,Apimix - Pienso completo - Apicultura,prod_perdido,1272,null,-1272,1.2,null,1060,null
4505,"FIESTA COLOMBINA, S.L.U.",2024→2025,2024,2025,7300039291,Azúcar Blanco EEC Nº2 Caña - Kampong Speu Camboya,prod_perdido,1028026,null,-1028026,1156.6,null,888.83,null
7614,"HIJOS DE FRANCISCO SERRANO, S.A.",2024→2025,2024,2025,60010,Azúcar Liquida Neutra S.A.,vol_precio,66103.46,97476.18,31372.719999999987,120.62,197.26,548.03,494.15
3478,"APICOLA LA PARRA, S.L.U.",2024→2025,2024,2025,44301,Azucar Blanco – Materia Prima para Piensos,prod_perdido,6720,null,-6720,11.2,null,600,null
4436,"INTERNACIONAL GRANADINA DE ALCAPARRA, S.L.",2024→2025,2024,2025,60105,"Azúcar PI 73,5-67",sin_cambio,1374,1374,0,1.203,1.2,1142.14,1145
9067,"SCHREIBER FOODS ESPAÑA, S.L.",2024→2025,2024,2025,61229,Fosvitae Plus Polvo,sin_actividad,0,0,0,0.007,0.001,0,0
396,"AGROTRANSFORMADOS, S.A.",2024→2025,2024,2025,61306,Mixco Sweet 72-40.3030 M1A3,sin_actividad,0,null,0,0.002,null,0,null
1922,"PSITTACUS CATALONIA, S.L.",2024→2025,2024,2025,41000,Fructosa MAIZ Cristal,prod_perdido,6950,null,-6950,5,null,1390,null
1036,"PANADERIA NTRA SRA DE LA CABEZA, C.B.",2024→2025,2024,2025,7300039291,Azúcar Blanco EEC Nº2 Caña - Kampong Speu Camboya,prod_perdido,558,null,-558,0.775,null,720,null
6196,"APITIENDA SOLTAN, S.L.",2024→2025,2024,2025,62001,Apimix - Pienso completo - Apicultura,prod_perdido,2016,null,-2016,1.68,null,1200,null
499,"MELS CARLET, S.L.",2024→2025,2024,2025,44302,Dextrosa Cristal –  Materia Prima para Piensos,vol_precio,45112.5,63202.5,18090,48.25,70.225,934.97,900
10079,"APIGLASS ENVASES Y MATERIAL APICOLA, S.L.U.",2024→2025,2024,2025,62020,Mix Fructor Apicultor - Pienso completo - Apicult.,volumen,864,2544,1680,1.2,3.6,720,706.67
902,"MEMBRILLO EL QUIJOTE, S.A.",2024→2025,2024,2025,41000,Fructosa MAIZ Cristal,prod_perdido,4863.75,null,-4863.75,3.75,null,1297,null
450,"LA FLOR BURGALESA, S.L.",2024→2025,2024,2025,62070,Mix Golden Jarabe,sin_actividad,0,null,0,0.001,null,0,null
10001,TERNY CLEMENT,2024→2025,2024,2025,44313,Apipasta Vitaminas 90% - Pienso para Apicultura,prod_perdido,1125,null,-1125,0.9,null,1250,null
7440,"LOPEZ FOOD GROUP, S.L.",2024→2025,2024,2025,5101050031,Fructor 10/77 - ADM  Francia,prod_perdido,27150,null,-27150,30,null,905,null
472,"CEREALTO VB6, S.L.",2024→2025,2024,2025,65016,Azúcar en polvo LM Pallet PLT,vol_precio,30744.68,17638.73,-13105.95,29.25,22.425,1051.1,786.57
9410,"NORDMANN, RASSMANN POLSKA SP. Z O.O.",2024→2025,2024,2025,61289,Fosvitae 95% Plus 78º,vol_precio,187328.5,218526,31197.5,70.69,108.483,2650,2014.38
546,"E.MORENO, S.L.",2024→2025,2024,2025,40207,Azúcar BIO <45 ES-ECO-024-MU Ag UE REMOLACHA,prod_perdido,5289,null,-5289,4.1,null,1290,null
499,"MELS CARLET, S.L.",2024→2025,2024,2025,5101750031,Fructor 10/77 - ADM  Francia CUATRIMESTRAL,prod_perdido,35245.44,null,-35245.44,48.952,null,720,null
6395,SEITENBACHER KG NATURKOST,2024→2025,2024,2025,61200,Fosvitae 85%,vol_precio,19747.2,8938.8,-10808.400000000001,7.26,3.6,2720,2483
6467,"CATALINA FOOD SOLUTIONS, S.L.",2024→2025,2024,2025,7400048311,Az. Bl. EEC nº2 Remol PTE DEST-Agrana Leop Austria,prod_perdido,9999,null,-9999,9.9,null,1010,null
405,"CHOVI, S.L.",2024→2025,2024,2025,7300005081,Azúcar Blanco EEC Nº2 Caña - Cosumar  Marruecos,prod_perdido,8500,null,-8500,10,null,850,null
230,"HIJOS DE ENRIQUE RECH, S.L.",2024→2025,2024,2025,7400002031,Az Bl. EEC Nº2 Remolacha PTE DEST-Tereos Franci,prod_perdido,836,null,-836,0.88,null,950,null
9990,"POSTRES DE MESA, S.L.",2024→2025,2024,2025,65016,Azúcar en polvo LM Pallet PLT,prod_perdido,1365,-42,-1407,1.95,-0.06,700,700
602,"DUPON BISCUITS IBERICA, S.A.U.",2024→2025,2024,2025,60224,Azúcar invertido 76º,prod_perdido,15180,null,-15180,20.24,null,750,null
9670,FOOD SPECIALITIES LIMITED FSL,2024→2025,2024,2025,61200,Fosvitae 85%,sin_actividad,0,null,0,0.001,null,0,null
237,"DULCES SANTA CRUZ, S.L.",2024→2025,2024,2025,60200,Azúcar Invertido 67º,vol_precio,4479,460,-4019,3.62,0.4,1237.29,1150
7245,CHESTE AGRARIA COOP. V,2024→2025,2024,2025,60019,Azúcar Líquida Neutra 67º- Remolacha,prod_perdido,17568,null,-17568,24.4,null,720,null
3187,"AZELIS ESPAÑA, S.A.",2024→2025,2024,2025,5205054011,Glucor 37/79 - Roquette España,prod_perdido,5370,null,-5370,6,null,895,null
2722,"BUDENHEIM IBERICA, S.L.U.",2024→2025,2024,2025,42000,Dextrosa Cristal Monohidrato Maiz,sin_actividad,0,null,0,0.025,null,0,null
9748,LAURIERI S.R.L.,2024→2025,2024,2025,61228,Fosvitae 95% Plus,sin_actividad,0,null,0,0.001,null,0,null
6235,"ATRILE 21, S.L.",2024→2025,2024,2025,65030,AZÚCAR EN POLVO LM 48m,prod_perdido,786.24,null,-786.24,0.72,null,1092,null
428,"PASTELERIA INDUSTRIAL MONTE TURIA, S.A.",2024→2025,2024,2025,7300037021,Azúcar Blanco EEC Nº2 Caña - Sidul  Portugal,prod_perdido,17765,null,-17765,20.9,null,850,null
551,"ICE CREAM FACTORY COMAKER, S.A.",2024→2025,2024,2025,3000050341,Fructosa Maiz Cristal Granulada - ADM  Turquía,vol_precio,3950,23360,19410,2.5,16,1580,1460
1660,"BEAM SUNTORY SPAIN, S.L.",2024→2025,2024,2025,60010,Azúcar Liquida Neutra S.A.,vol_precio,673071.4,287264.4,-385807,833.56,551.06,807.47,521.29
8003,"OBLEAS QUINTIN, S.L.",2024→2025,2024,2025,7600004011,Azúcar Granulado Extrafino-Azucarera España,vol_precio,101562.5,85508.5,-16054,89.975,96.25,1128.79,888.4
9157,"MAK FOOD COMPANY, S.L.",2024→2025,2024,2025,60000,Azúcar Líquida Neutra 67º,sin_actividad,0,null,0,0.003,null,0,null
297,"TARBAL FOOD, S.L.",2024→2025,2024,2025,40103,Azúcar Moreno >2500i - Brown (Dry Dem BLZ),prod_perdido,432,null,-432,0.3,null,1440,null
566,"ALMACENES MIGUEZ 2005,S.L.",2024→2025,2024,2025,7300037021,Azúcar Blanco EEC Nº2 Caña - Sidul  Portugal,prod_perdido,1088,null,-1088,1.6,null,680,null
9770,HALO FOODS LTD,2024→2025,2024,2025,61298,Fosvitae 95% Plus 74º,vol_precio,45036,36364.6,-8671.400000000001,24,21.02,1876.5,1730
3791,"FORTEA CERAS Y MIELES, S.L.",2024→2025,2024,2025,62001,Apimix - Pienso completo - Apicultura,prod_perdido,4032,null,-4032,3.36,null,1200,null
367,"CASA ROJA MONTEGON, S.L.",2024→2025,2024,2025,5101002011,Fructor 10/77 - Tereos  España,vol_precio,1380,2325.6,945.5999999999999,1.201,3.6,1149.04,646
8350,"MIGA FOODS COMMERCE, S.L.",2024→2025,2024,2025,5205054011,Glucor 37/79 - Roquette España,vol_precio,5850,28548,22698,6,31.2,975,915
4329,"ZAFRA SANTILLANA, ELOY",2024→2025,2024,2025,62001,Apimix - Pienso completo - Apicultura,precio,8173.2,7384,-789.1999999999998,9.24,9.23,884.55,800
9194,"HELADOS JOP, S.L.",2024→2025,2024,2025,5205002011,Glucor 37/79 - Tereos  España,prod_perdido,5712,null,-5712,4.8,null,1190,null
6573,"GRAU SANCHEZ, MANUEL",2024→2025,2024,2025,44315,Apipasta PLUS - Pienso para Apicultura,prod_perdido,214.48,null,-214.48,0.112,null,1915,null
266,"IBER COCKTAIL, S.L.",2024→2025,2024,2025,7300039291,Azúcar Blanco EEC Nº2 Caña - Kampong Speu Camboya,prod_perdido,90,null,-90,0.125,null,720,null
2112,"LACASA, S.A.U.",2024→2025,2024,2025,65016,Azúcar en polvo LM Pallet PLT,vol_precio,3399.83,4811.63,1411.8000000000002,2.925,4.875,1162.34,987
1386,"SCENTIUM FLAVOURS, S.L",2024→2025,2024,2025,7300039291,Azúcar Blanco EEC Nº2 Caña - Kampong Speu Camboya,prod_perdido,600,null,-600,0.8,null,750,null
10080,"GOMEZ MURCIA, MARCO ANTONIO",2024→2025,2024,2025,44313,Apipasta Vitaminas 90% - Pienso para Apicultura,prod_perdido,1365,null,-1365,1.05,null,1300,null
2737,"ALFONSO MARTINEZ TORRANO, S.L.",2024→2025,2024,2025,5201002011,Glucor 45/80 - Tereos España,vol_precio,1344,8436,7092,1.2,8.4,1120,1004.29
1023,"TORRONS VICENS, S.L.",2024→2025,2024,2025,61170,Mix Maltitol Sorbitol MS 74-8020,vol_precio,11448,7344,-4104,7.2,4.8,1590,1530
478,"MORENO RUIZ HERMANOS, S.L.",2024→2025,2024,2025,61229,Fosvitae Plus Polvo,sin_actividad,0,null,0,0.001,null,0,null
9956,"NORDMANN, RASSMANN GMBH",2024→2025,2024,2025,1110052321,Maltitol Liquido - Hylen  China,sin_actividad,0,null,0,0.005,null,0,null
9701,SDOUKOS S.A.,2024→2025,2024,2025,61228,Fosvitae 95% Plus,sin_actividad,0,null,0,0.001,null,0,null
595,"ROSCRIS BENIOPA, S.L",2024→2025,2024,2025,7300039291,Azúcar Blanco EEC Nº2 Caña - Kampong Speu Camboya,prod_perdido,13568,null,-13568,17.6,null,770.91,null
546,"E.MORENO, S.L.",2024→2025,2024,2025,7300005081,Azúcar Blanco EEC Nº2 Caña - Cosumar  Marruecos,prod_perdido,25752,null,-25752,36,null,715.33,null
450,"LA FLOR BURGALESA, S.L.",2024→2025,2024,2025,61229,Fosvitae Plus Polvo,sin_actividad,0,null,0,0.001,null,0,null
419,"DISTRIBUCIONES JAIME SARRION, S.L.",2024→2025,2024,2025,65005,Azúcar en polvo LS,prod_perdido,562.5,null,-562.5,0.45,null,1250,null
5892,"DISTRIBUCIONES BOLLFROST, S.L.",2024→2025,2024,2025,7500004011,Correfino EEC Nº2 Caña/Rem - Azucarera España,prod_perdido,47.5,null,-47.5,0.05,null,950,null
1661,"DELAVIUDA ALIMENTACION, S.A",2024→2025,2024,2025,5205750031,Glucor 37/79 - ADM  Francia CUATRIMESTRAL,prod_perdido,9420.54,null,-9420.54,11.82,null,797,null
7714,"MASIA EL CARMEN, S.L.",2024→2025,2024,2025,42000,Dextrosa Cristal Monohidrato Maiz,prod_perdido,92.5,null,-92.5,0.05,null,1850,null
534,"MC CONSTRUCTION CHEMICAL SPAIN, S.L.",2024→2025,2024,2025,7220032231,Raw Sugar <2500ICUMSA - Eswatini Ubombo Sugar,sin_actividad,0,null,0,0.001,null,0,null
433,"SANCHIS MIRA, S.A.",2024→2025,2024,2025,61119,Mixco Sweet 76-45.2127,vol_precio,65395.62,58343.5,-7052.120000000003,62.46,60.965,1047,957
4329,"ZAFRA SANTILLANA, ELOY",2024→2025,2024,2025,44310,Apipasta 90% - Pienso completo - Apicultura,vol_precio,5617.5,997.5,-4620,5.25,1.05,1070,950
1304,"EMPRESA DE TRANSFORMACIÓN AGRARIA, S.A., S.M.E., M.P (TRAGSA)",2024→2025,2024,2025,7300039291,Azúcar Blanco EEC Nº2 Caña - Kampong Speu Camboya,prod_perdido,111168,null,-111168,115.8,null,960,null
3504,"CIFRE ALMONACIL, RAFAEL",2024→2025,2024,2025,7400002031,Az Bl. EEC Nº2 Remolacha PTE DEST-Tereos Franci,prod_perdido,357,null,-357,0.3,null,1190,null
1241,"ACEITES DEL SUR-COOSUR, S.A.",2024→2025,2024,2025,7300005081,Azúcar Blanco EEC Nº2 Caña - Cosumar  Marruecos,precio,21528,15173.4,-6354.6,24,24.2,897,627
2850,"AMC NATURAL DRINKS, S.L.",2024→2025,2024,2025,7300005081,Azúcar Blanco EEC Nº2 Caña - Cosumar  Marruecos,prod_perdido,223083.75,null,-223083.75,234.825,null,950,null
9867,"ALETTA DEVELOPMENTS, S.L.",2024→2025,2024,2025,61248,Mixco Sweet 65-00.5050 I,volumen,548344.97,203494.48,-344850.49,468.386,177.26,1170.71,1148
2855,"AGRO CONTROL 2007, S,L.",2024→2025,2024,2025,4000050331,Dextrosa Maiz Cristal Monohidrato - ADM  Bulgaria,vol_precio,20689.2,31537.5,10848.3,14.45,26.25,1431.78,1201.43
9792,OROSKER KFT.,2024→2025,2024,2025,44310,Apipasta 90% - Pienso completo - Apicultura,vol_precio,66,1755,1689,0.075,1.95,880,900
585,"COLOMA GARCIA, S.L.",2024→2025,2024,2025,7300005081,Azúcar Blanco EEC Nº2 Caña - Cosumar  Marruecos,prod_perdido,23004,null,-23004,21.6,null,1065,null
418,"MANUFACTURAS CEYLAN, S.L.",2024→2025,2024,2025,7300039291,Azúcar Blanco EEC Nº2 Caña - Kampong Speu Camboya,prod_perdido,76080,null,-76080,116.8,null,651.37,null
6196,"APITIENDA SOLTAN, S.L.",2024→2025,2024,2025,44315,Apipasta PLUS - Pienso para Apicultura,prod_perdido,1596,null,-1596,0.84,null,1900,null
9919,NATURACOSM SARL,2024→2025,2024,2025,44310,Apipasta 90% - Pienso completo - Apicultura,prod_perdido,1062,null,-1062,0.9,null,1180,null
1000,CLIENTES VARIOS (CONTADO),2024→2025,2024,2025,40030,Azucar azucarera trimestral,vol_precio,20.02,3.5,-16.52,0.022,0.005,910,700
3144,"DALLANT, S.A.",2024→2025,2024,2025,41000,Fructosa MAIZ Cristal,prod_perdido,4050,null,-4050,3,null,1350,null
261,"EZTIKIDETZA, S.A.T.",2024→2025,2024,2025,62001,Apimix - Pienso completo - Apicultura,prod_perdido,3402,null,-3402,3.6,null,945,null
9337,"ORTEGA MARTORELL, JAVIER",2024→2025,2024,2025,44313,Apipasta Vitaminas 90% - Pienso para Apicultura,prod_perdido,848.25,null,-848.25,0.585,null,1450,null
9604,"PASTISART, S.A.",2024→2025,2024,2025,7500004011,Correfino EEC Nº2 Caña/Rem - Azucarera España,prod_perdido,6522,null,-6522,6,null,1087,null
7059,"NUFRI, S.A.T. Nº 1596",2024→2025,2024,2025,44099,Fructor 100/78,vol_precio,270307.64,363260.84,92953.20000000001,243.42,366.44,1110.46,991.32
6748,"QUIMIND GREEN, LDA.",2024→2025,2024,2025,61200,Fosvitae 85%,volumen,15787.95,7680,-8107.950000000001,4.86,2.4,3248.55,3200
5373,"VERTICE DE INNOVACION Y DESAR.DE ALIMENTOS, S.A.U.",2024→2025,2024,2025,7400004011,Azúcar Bl. EEC nº2 REMOL - AZUCARERA ESPAÑA,prod_perdido,192899.2,null,-192899.2,185.48,null,1040,null
4600,"JALANCINA NATURE, S.L.",2024→2025,2024,2025,3000750341,Fructosa Maiz Cristal Granulada-ADM Turquía CUATRI,volumen,661.5,330.75,-330.75,0.35,0.175,1890,1890
3921,"IBERFRUTA MUERZA, S.A.",2024→2025,2024,2025,7300039291,Azúcar Blanco EEC Nº2 Caña - Kampong Speu Camboya,prod_perdido,341760,null,-341760,384,null,890,null
523,"CORALIM INGREDIENTS, S.L.",2024→2025,2024,2025,7400002031,Az Bl. EEC Nº2 Remolacha PTE DEST-Tereos Franci,prod_perdido,1150,null,-1150,1,null,1150,null
271,"LABORATORIOS ALMOND, S.L.",2024→2025,2024,2025,65030,AZÚCAR EN POLVO LM 48m,prod_perdido,1689.6,null,-1689.6,1.32,null,1280,null
9067,"SCHREIBER FOODS ESPAÑA, S.L.",2024→2025,2024,2025,7250007131,DC Raw Sugar 2000-3500i - Cassa El Salvador,volumen,24552,1072824,1048272,26.45,1137.6,928.24,943.06
9134,"VOLTEC ELECTRO SISTEMES, S.L.",2024→2025,2024,2025,7220030211,>150 ICUMSA - Wilmar  Myanmar,sin_actividad,0,null,0,0,null,null,null
432,"CHOCOLATES ALGARRA, S.L.",2024→2025,2024,2025,7220032231,Raw Sugar <2500ICUMSA - Eswatini Ubombo Sugar,vol_precio,59870,65130,5260,72,114,831.53,571.32
3921,"IBERFRUTA MUERZA, S.A.",2024→2025,2024,2025,1110049321,Maltitol Liquido - Shandong Tianli Pharm-China,prod_perdido,64103.4,null,-64103.4,59.04,null,1085.76,null
198,"JOSE SANDOVAL, S.L.U.",2024→2025,2024,2025,1110049321,Maltitol Liquido - Shandong Tianli Pharm-China,sin_cambio,6916,6916,0,5.2,5.2,1330,1330
9226,"LOPEZ LAMADRID, MERCEDES",2024→2025,2024,2025,62001,Apimix - Pienso completo - Apicultura,prod_perdido,1224,null,-1224,1.2,null,1020,null
9825,"KOMVIDA KOMBUCHA, S.L.",2024→2025,2024,2025,60123,"Azúcar PI 73,5-67 - BIO",sin_actividad,0,null,0,0.001,null,0,null
8523,"CRUZ ZAMBRANO, MARÍA",2024→2025,2024,2025,44313,Apipasta Vitaminas 90% - Pienso para Apicultura,prod_perdido,8599.5,null,-8599.5,5.85,null,1470,null
4103,ASOCIACION CANTABRA DE APICULTORES,2024→2025,2024,2025,44313,Apipasta Vitaminas 90% - Pienso para Apicultura,prod_perdido,1260,null,-1260,1.05,null,1200,null
401,"SOLER GIMENO, S.L.",2024→2025,2024,2025,5205750031,Glucor 37/79 - ADM  Francia CUATRIMESTRAL,prod_perdido,84634.9,null,-84634.9,121.226,null,698.16,null
904,"DAMEL GROUP, S.L. ",2024→2025,2024,2025,2210037021,Melaza Caña - Sidul  Portugal,sin_actividad,0,null,0,0.003,null,0,null
9446,"ALIMENTARIA ADIN, S.L.",2024→2025,2024,2025,7400048311,Az. Bl. EEC nº2 Remol PTE DEST-Agrana Leop Austria,prod_perdido,2142,null,-2142,1.8,null,1190,null
481,"EL CATETO, S.L.",2024→2025,2024,2025,60105,"Azúcar PI 73,5-67",precio,11168.5,10050,-1118.5,8.45,8.4,1321.72,1196.43
444,"LICORES SINC, S.A.",2024→2025,2024,2025,60013,Azúcar Liquida Neutra S.A. – pH 7,vol_precio,27059.06,49497.88,22438.819999999996,37.912,93.88,713.73,527.25
499,"MELS CARLET, S.L.",2024→2025,2024,2025,61106,Mixco Sweet 75-10.4545,prod_perdido,15562.5,null,-15562.5,24.9,null,625,null
2057,"BACK EUROP ESPAÑA, S.L",2024→2025,2024,2025,5205002011,Glucor 37/79 - Tereos  España,prod_perdido,3480,null,-3480,2.4,null,1450,null
1387,"CHERUBINO VALSANGIACOMO, S.A.",2024→2025,2024,2025,99950,Producto de Pruebas Líquido - 1,sin_actividad,0,0,0,0.01,0.002,0,0
9151,SARL L'ABEILLE DU MIDI,2024→2025,2024,2025,44313,Apipasta Vitaminas 90% - Pienso para Apicultura,prod_perdido,3780,null,-3780,3.15,null,1200,null
6468,"DULCES LA CARTUJA, S.L.",2024→2025,2024,2025,40207,Azúcar BIO <45 ES-ECO-024-MU Ag UE REMOLACHA,vol_precio,151.6,290,138.4,0.1,0.2,1516,1450
2832,DULCES LA ABUELA COOP VNA,2024→2025,2024,2025,7200017111,>45 ICUMSA - Palo Gordo Guatemala,prod_perdido,67008,null,-67008,96,null,698,null
3833,"ASTURIAS APICOLA, S.L.",2024→2025,2024,2025,62001,Apimix - Pienso completo - Apicultura,vol_precio,3771.6,1428,-2343.6,3.36,1.68,1122.5,850
9194,"HELADOS JOP, S.L.",2024→2025,2024,2025,5205054011,Glucor 37/79 - Roquette España,prod_perdido,8568,null,-8568,7.2,null,1190,null
2074,"ALFREDO IÑESTA, S.L",2024→2025,2024,2025,5101002011,Fructor 10/77 - Tereos  España,vol_precio,5277.6,3204,-2073.6000000000004,4.8,3.6,1099.5,890
1528,"JUAN Y JUAN INDUSTRIAL, S.L.U.",2024→2025,2024,2025,7300005081,Azúcar Blanco EEC Nº2 Caña - Cosumar  Marruecos,vol_precio,118251.48,130731.06,12479.580000000002,121.06,218.98,976.8,597
396,"AGROTRANSFORMADOS, S.A.",2024→2025,2024,2025,61304,Mixco Sweet 72-40.3030 M1A4,sin_actividad,0,null,0,0.002,null,0,null
7579,"HIJOS DE JOSE GOMARIZ LOPEZ, S.L.",2024→2025,2024,2025,5101750031,Fructor 10/77 - ADM  Francia CUATRIMESTRAL,prod_perdido,1107.6,null,-1107.6,1.2,null,923,null
10082,"LUTTGE, PAUL",2024→2025,2024,2025,44313,Apipasta Vitaminas 90% - Pienso para Apicultura,prod_perdido,5625,null,-5625,4.5,null,1250,null
4507,"ALMACEN DE CONFITERIA Y PASTELERIA, S.L.",2024→2025,2024,2025,65005,Azúcar en polvo LS,vol_precio,7826.25,6084,-1742.25,6.495,4.875,1204.97,1248
7395,VECO PHARMA SHPK,2024→2025,2024,2025,44315,Apipasta PLUS - Pienso para Apicultura,volumen,6552,17178,10626,5.04,13.44,1300,1278.12
577,"FARTONS POLO, S.L.",2024→2025,2024,2025,7610010201,Azúcar Perlado 1-Sudzucker Belgica,prod_perdido,1830,null,-1830,1,null,1830,null
211,"MARTINEZ NIETO, S.A.",2024→2025,2024,2025,41002,Fructosa MAIZ Cristal solo Fabricación,sin_actividad,-1741.3,null,1741.3,-1.1,null,1583,null
524,"APIC. HERMANOS ANDRES NIETO, SDAD. COOP.",2024→2025,2024,2025,44313,Apipasta Vitaminas 90% - Pienso para Apicultura,prod_perdido,7612.5,null,-7612.5,5.25,null,1450,null
737,"COMERCIAL IBENSE, S.L.",2024→2025,2024,2025,42000,Dextrosa Cristal Monohidrato Maiz,prod_perdido,1243.75,null,-1243.75,1.25,null,995,null
9657,"BIFEEDBO, S.L.",2024→2025,2024,2025,99134,SUB RE PO,sin_actividad,0,null,0,3.786,null,0,null
933,"DULCESTEPA, S.A.",2024→2025,2024,2025,7300005081,Azúcar Blanco EEC Nº2 Caña - Cosumar  Marruecos,prod_perdido,8376,null,-8376,12,null,698,null
4369,"LA TIENDA DEL APICULTOR, S.L.U.",2024→2025,2024,2025,62001,Apimix - Pienso completo - Apicultura,vol_precio,63050.8,66056,3005.199999999997,68.98,84.62,914.04,780.62
2684,"INDUSTRIAS JIJONENCAS, S.A.",2024→2025,2024,2025,5101750031,Fructor 10/77 - ADM  Francia CUATRIMESTRAL,prod_perdido,16436.21,null,-16436.21,24.278,null,677,null
1202,"APIGLASS ENVAS. Y MAT. APICOLA, S.L.",2024→2025,2024,2025,44310,Apipasta 90% - Pienso completo - Apicultura,prod_perdido,26800.5,null,-26800.5,26.7,null,1003.76,null
9206,"TRIAS GALLETES-BISCUITS, S.A.",2024→2025,2024,2025,7300039291,Azúcar Blanco EEC Nº2 Caña - Kampong Speu Camboya,prod_perdido,88417,null,-88417,97,null,911.52,null
1218,"RAMIRO LARRIO, JAVIER",2024→2025,2024,2025,62001,Apimix - Pienso completo - Apicultura,precio,8037.59,8196.02,158.4300000000003,9.051,9.02,888.03,908.65
542,"SDAD.ESPAÑOLA COLOR. NATURALES Y AFINES, S.A.U.",2024→2025,2024,2025,7400002031,Az Bl. EEC Nº2 Remolacha PTE DEST-Tereos Franci,prod_perdido,94939.2,null,-94939.2,91.2,null,1041,null
5000,"PROCAMP CA'N LLANERAS, S.A.",2024→2025,2024,2025,62001,Apimix - Pienso completo - Apicultura,prod_perdido,19.4,null,-19.4,0.02,null,970,null
4589,"MORALES LOPEZ, JUAN ANTONIO",2024→2025,2024,2025,44314,Apipasta 90% - BIO - Pienso completo - Apicultura,prod_perdido,1092,null,-1092,0.525,null,2080,null
2392,"COATO, S.C.L.",2024→2025,2024,2025,40207,Azúcar BIO <45 ES-ECO-024-MU Ag UE REMOLACHA,prod_perdido,125,null,-125,0.1,null,1250,null
9766,"PERSEO BIOTECHNOLOGY, S.L.",2024→2025,2024,2025,44120,Glucor 45/80,sin_actividad,0,null,0,0.001,null,0,null
3384,"PEREZ GARCIA, MARIA DOLORES",2024→2025,2024,2025,40207,Azúcar BIO <45 ES-ECO-024-MU Ag UE REMOLACHA,prod_perdido,36.2,null,-36.2,0.025,null,1448,null
7171,"QUIRANTE FRUITS, S.L.",2024→2025,2024,2025,64506,COMPO LE,volumen,36455.75,16854.88,-19600.87,25.782,11.92,1414,1414
9567,SIKA S.A.U.,2024→2025,2024,2025,7300037021,Azúcar Blanco EEC Nº2 Caña - Sidul  Portugal,prod_perdido,5532.8,null,-5532.8,5.6,null,988,null
9157,"MAK FOOD COMPANY, S.L.",2024→2025,2024,2025,61297,Mixco Sweet 72-34.3333,vol_precio,2418986.88,2619514.06,200527.18000000017,2458.32,2756.466,984,950.32
770,"CASTER ALIMENTACION, S.L.",2024→2025,2024,2025,43101,Sorbitol Liquido 70% No cristalizable - EPSA,prod_perdido,55965,null,-55965,45.5,null,1230,null
445,"PASTELERIA ARROYO SANCHEZ, S.L.U.",2024→2025,2024,2025,7300015111,Azúcar Blanco EEC Nº2 Caña - Pantaleon  Guatemala,prod_perdido,27581.4,null,-27581.4,46.2,null,597,null
2763,"HERMANOS ROMAN ALAMINOS, S.L.",2024→2025,2024,2025,7400002031,Az Bl. EEC Nº2 Remolacha PTE DEST-Tereos Franci,prod_perdido,20879.1,null,-20879.1,19.98,null,1045,null
2860,"ACEITUNAS KARINA, S.L.",2024→2025,2024,2025,41005,Fructosa MAIZ Cristal Granulada,prod_perdido,10700,null,-10700,7.5,null,1426.67,null
4329,"ZAFRA SANTILLANA, ELOY",2024→2025,2024,2025,44315,Apipasta PLUS - Pienso para Apicultura,prod_perdido,2688,null,-2688,1.68,null,1600,null
9828,"GOODBEER, S.L.",2024→2025,2024,2025,42000,Dextrosa Cristal Monohidrato Maiz,prod_perdido,4950,null,-4950,5,null,990,null
8912,MAISON VERGNON,2024→2025,2024,2025,44313,Apipasta Vitaminas 90% - Pienso para Apicultura,prod_perdido,6174,null,-6174,4.2,null,1470,null
712,"CARAMELOS CERDAN, S.L.",2024→2025,2024,2025,45006,AZÚCAR BLANCO EEC Nº2 C - PQ01 RETAIL – JUST SUGAR,prod_perdido,816,null,-816,0.96,null,850,null
1386,"SCENTIUM FLAVOURS, S.L",2024→2025,2024,2025,1110049321,Maltitol Liquido - Shandong Tianli Pharm-China,sin_actividad,0,null,0,0.001,null,0,null
3187,"AZELIS ESPAÑA, S.A.",2024→2025,2024,2025,41000,Fructosa MAIZ Cristal,sin_actividad,0,null,0,0.001,null,0,null
2903,"MEDITERRANEA MELLIS, S.L.",2024→2025,2024,2025,61198,Mixco Sweet Plus 82-05.5536,prod_perdido,105153.76,null,-105153.76,72.621,null,1447.98,null
1786,"ANITIN PANES ESPECIALES, S.L.",2024→2025,2024,2025,4000050331,Dextrosa Maiz Cristal Monohidrato - ADM  Bulgaria,volumen,3591.6,12169.7,8578.1,3.65,12.25,984,993.44
2283,"ROENCAR, S.L.U.",2024→2025,2024,2025,65008,Azúcar en polvo LS Pallet EUR,prod_perdido,106.83,null,-106.83,0.09,null,1187,null
2684,"INDUSTRIAS JIJONENCAS, S.A.",2024→2025,2024,2025,42001,Dextrosa C.Monohidrato Maiz Pallet Plast.  CHEP,prod_perdido,7312.5,null,-7312.5,7.5,null,975,null
581,TURRON.Y CARAMEL. DE HELLIN SL,2024→2025,2024,2025,5201002011,Glucor 45/80 - Tereos España,vol_precio,3814.8,4785.6,970.8000000000002,3.6,4.8,1059.67,997
1854,"ROYPAS BY NUTRIS, S.A.",2024→2025,2024,2025,99950,Producto de Pruebas Líquido - 1,sin_actividad,0,null,0,0.003,null,0,null
1023,"TORRONS VICENS, S.L.",2024→2025,2024,2025,5201856021,Glucor 45/80 - Copam  Portugal TRIMESTRAL,prod_perdido,4536,null,-4536,4.8,null,945,null
1437,"CEREALTO AGUILAR, S.L.",2024→2025,2024,2025,62150,Jarabe de Melaza de Caña,vol_precio,81012.26,89548.32,8536.060000000012,82.58,94.56,981.02,947
1284,"FRUTAS Y TURRONES, S.A.",2024→2025,2024,2025,1110049321,Maltitol Liquido - Shandong Tianli Pharm-China,vol_precio,16234.4,15007.2,-1227.199999999999,14.3,15.6,1135.27,962
4369,"LA TIENDA DEL APICULTOR, S.L.U.",2024→2025,2024,2025,44302,Dextrosa Cristal –  Materia Prima para Piensos,vol_precio,6868,2450,-4418,5.05,2.5,1360,980
3478,"APICOLA LA PARRA, S.L.U.",2024→2025,2024,2025,44310,Apipasta 90% - Pienso completo - Apicultura,vol_precio,20727,65047.5,44320.5,21,73.5,987,885
3534,"ITURRATE VEA, INES",2024→2025,2024,2025,44313,Apipasta Vitaminas 90% - Pienso para Apicultura,vol_precio,5635.5,1152,-4483.5,3.87,0.9,1456.2,1280
6734,"COLONIALES EL SOL, S.L.",2024→2025,2024,2025,7400002031,Az Bl. EEC Nº2 Remolacha PTE DEST-Tereos Franci,prod_perdido,2616,null,-2616,2.4,null,1090,null
3572,"GIL BELLES, JOSE JORGE",2024→2025,2024,2025,62001,Apimix - Pienso completo - Apicultura,prod_perdido,1575,null,-1575,1.5,null,1050,null
458,"CASTY, S.A.",2024→2025,2024,2025,5205750031,Glucor 37/79 - ADM  Francia CUATRIMESTRAL,prod_perdido,474.35,null,-474.35,0.53,null,895,null
6581,PRZEDSIEBIORSTWO PSZCZELARSKIE TOMASZ LYSON SP. Z O.O. SP. K,2024→2025,2024,2025,44310,Apipasta 90% - Pienso completo - Apicultura,sin_actividad,0,null,0,0.001,null,0,null
10044,"CREACIONES JUGAVI, S.L.",2024→2025,2024,2025,61289,Fosvitae 95% Plus 78º,sin_actividad,0,null,0,0.002,null,0,null
7956,"STOCKMEIER QUIMICA, SLU",2024→2025,2024,2025,3010750341,Fructosa Maiz Cristal Polvo - ADM  Turquía CUATRIM,prod_perdido,31500,null,-31500,25.002,null,1259.9,null
4753,"VICENTE SOL, BERNARDO",2024→2025,2024,2025,44315,Apipasta PLUS - Pienso para Apicultura,prod_perdido,56.7,null,-56.7,0.042,null,1350,null
4002,"ABB MJ FERNANDEZ ARANDA, S.L.",2024→2025,2024,2025,65015,Azúcar en polvo LM,prod_perdido,13141.05,null,-13141.05,12.675,null,1036.77,null
1202,"APIGLASS ENVAS. Y MAT. APICOLA, S.L.",2024→2025,2024,2025,44314,Apipasta 90% - BIO - Pienso completo - Apicultura,prod_perdido,25011,null,-25011,13.65,null,1832.31,null
1430,"BYC CHEMICAL, S.L.",2024→2025,2024,2025,7500004011,Correfino EEC Nº2 Caña/Rem - Azucarera España,sin_actividad,0,null,0,0,null,null,null
7817,GENERAL MILLS,2024→2025,2024,2025,62150,Jarabe de Melaza de Caña,sin_actividad,0,null,0,0.003,null,0,null
346,"PANARRO FOODS, S.L.",2024→2025,2024,2025,7300037021,Azúcar Blanco EEC Nº2 Caña - Sidul  Portugal,prod_perdido,18810,null,-18810,19.8,null,950,null
8350,"MIGA FOODS COMMERCE, S.L.",2024→2025,2024,2025,60105,"Azúcar PI 73,5-67",vol_precio,1500,1912.8,412.79999999999995,1.2,2.4,1250,797
762,"VIOKOX, S.A",2024→2025,2024,2025,44111,Glucor 60/82,prod_perdido,3528,null,-3528,3.6,null,980,null
516,"PAIARROP, S.L.",2024→2025,2024,2025,7300039291,Azúcar Blanco EEC Nº2 Caña - Kampong Speu Camboya,prod_perdido,91911,-156.24,-92067.24,106.2,-0.248,865.45,630
9157,"MAK FOOD COMPANY, S.L.",2024→2025,2024,2025,64097,Mixco Sweet 72-30.3535 100 ICU,volumen,380212.56,756732.54,376519.98000000004,349.631,689.825,1087.47,1096.99
440,"MAZAPANES Y DULCES DE TOLEDO, S.A.",2024→2025,2024,2025,43101,Sorbitol Liquido 70% No cristalizable - EPSA,prod_perdido,9555,null,-9555,6.5,null,1470,null
4187,"AMILCAR & MORGADO, LDA",2024→2025,2024,2025,44315,Apipasta PLUS - Pienso para Apicultura,vol_precio,8329.44,27170.5,18841.059999999998,5.04,21.938,1652.67,1238.51
441,"LICORES DROL`S, S.L.",2024→2025,2024,2025,60010,Azúcar Liquida Neutra S.A.,prod_perdido,26703.66,null,-26703.66,42.053,null,635,null
6323,SARL BABE APICULTURE ET EMBALLAGES,2024→2025,2024,2025,44329,Apipasta 90% BIO - Pienso completo BABE APICULTURE,prod_perdido,8400,null,-8400,4.2,null,2000,null
4587,"CARMAX GLASS, S.L.",2024→2025,2024,2025,62001,Apimix - Pienso completo - Apicultura,vol_precio,2169,1428,-741,2.11,1.68,1027.96,850
2272,"PIMENTON Y ESPECIAS DON SABOR, S.L.",2024→2025,2024,2025,7300039291,Azúcar Blanco EEC Nº2 Caña - Kampong Speu Camboya,prod_perdido,1045.25,null,-1045.25,1.225,null,853.27,null
478,"MORENO RUIZ HERMANOS, S.L.",2024→2025,2024,2025,61289,Fosvitae 95% Plus 78º,sin_actividad,0,null,0,0.001,null,0,null
3699,"GONZALEZ CARBALLAL, S.L.",2024→2025,2024,2025,44315,Apipasta PLUS - Pienso para Apicultura,vol_precio,38786.16,52181.22,13395.059999999998,23.52,43.428,1649.07,1201.56
484,"PRODUCTOS LA PILARICA, S.A.",2024→2025,2024,2025,40103,Azúcar Moreno >2500i - Brown (Dry Dem BLZ),prod_perdido,500,-250,-750,0.4,-0.2,1250,1250
466,"DULCES LA PONDEROSA, S.L.",2024→2025,2024,2025,7300039291,Azúcar Blanco EEC Nº2 Caña - Kampong Speu Camboya,prod_perdido,37440,null,-37440,60,null,624,null
9157,"MAK FOOD COMPANY, S.L.",2024→2025,2024,2025,64095,Mixco Sweet 70-50.2525 100 Icu,prod_perdido,95823.16,0,-95823.16,208.38,0.01,459.85,0
3863,"LA TRADICION M&T, S.L.",2024→2025,2024,2025,62400,Fondant ES-R01,vol_precio,2371.2,310.65,-2060.5499999999997,1.92,0.285,1235,1090
4383,"MANUFRI, S.L.",2024→2025,2024,2025,61283,Mixco Sweet 67-00.5050 M2,vol_precio,83670,32497.2,-51172.8,48.62,20.06,1720.9,1620
9826,HARIBO RICQLES ZAN,2024→2025,2024,2025,99950,Producto de Pruebas Líquido - 1,sin_actividad,0,null,0,0.001,null,0,null
2909,"MANIPULADOS DE CEBOLLAS Y DERIVADOS, S.L.",2024→2025,2024,2025,7230007131,DC Raw Sugar >4000I - Cassa  El Salvador,volumen,102938,331716,228778,116.977,376.95,879.98,880
9273,"AGROQUIMICA CODIAGRO, S.L.",2024→2025,2024,2025,7300039291,Azúcar Blanco EEC Nº2 Caña - Kampong Speu Camboya,volumen,2760,3450,690,4,5,690,690
4567,"CARBONELL ANTICH, MARIA GRACIA",2024→2025,2024,2025,7800013151,Azúcar BIO Caña - Elite NOP  India,prod_perdido,138,null,-138,0.1,null,1380,null
9520,"GOLOSINAS MININOLAS, S.L.U.",2024→2025,2024,2025,43054,MALTITOL EN POLVO E-965i,volumen,14664,1040,-13624,5.64,0.4,2600,2600
346,"PANARRO FOODS, S.L.",2024→2025,2024,2025,5100050031,Fructor 10/81 - ADM  Francia,vol_precio,10083.6,34913.82,24830.22,9.6,49.572,1050.38,704.31
1864,MELAZAHAR COOP. V.,2024→2025,2024,2025,44313,Apipasta Vitaminas 90% - Pienso para Apicultura,vol_precio,31027.5,34965,3937.5,24.15,32.55,1284.78,1074.19
2855,"AGRO CONTROL 2007, S,L.",2024→2025,2024,2025,42000,Dextrosa Cristal Monohidrato Maiz,prod_perdido,11295,null,-11295,7.5,null,1506,null
4002,"ABB MJ FERNANDEZ ARANDA, S.L.",2024→2025,2024,2025,65005,Azúcar en polvo LS,vol_precio,34992.3,24862.5,-10129.800000000003,34.935,29.25,1001.64,850
5981,"MAHOU, S.A.",2024→2025,2024,2025,60011,Azúcar Líquida Integral de Caña,precio,318239.86,270710.22,-47529.640000000014,262.168,259.86,1213.88,1041.75
1661,"DELAVIUDA ALIMENTACION, S.A",2024→2025,2024,2025,40207,Azúcar BIO <45 ES-ECO-024-MU Ag UE REMOLACHA,vol_precio,4952.25,2842.5,-2109.75,3.7,2.25,1338.45,1263.33
458,"CASTY, S.A.",2024→2025,2024,2025,5206750031,Maltor 70/80 - ADM  Francia CUATRIMESTRAL,prod_perdido,78877.72,null,-78877.72,120.424,null,655,null
551,"ICE CREAM FACTORY COMAKER, S.A.",2024→2025,2024,2025,3000750341,Fructosa Maiz Cristal Granulada-ADM Turquía CUATRI,vol_precio,47005,13140,-33865,29.75,9,1580,1460
4738,"KATIGRES, S.L.",2024→2025,2024,2025,43101,Sorbitol Liquido 70% No cristalizable - EPSA,prod_perdido,5317,null,-5317,3.9,null,1363.33,null
5245,"ELGORRIAGA BRANDS, S.A.",2024→2025,2024,2025,1110049321,Maltitol Liquido - Shandong Tianli Pharm-China,vol_precio,9204,14257.1,5053.1,7.8,14.3,1180,997
599,"KARSAN, C.B.",2024→2025,2024,2025,7300039291,Azúcar Blanco EEC Nº2 Caña - Kampong Speu Camboya,prod_perdido,22200,null,-22200,24,null,925,null
6449,"PRODEL AGRICOLA, S.L.",2024→2025,2024,2025,44315,Apipasta PLUS - Pienso para Apicultura,prod_perdido,1951.6,null,-1951.6,1.148,null,1700,null
891,"MONTEALBOR ALIMENTACION, S.A.U",2024→2025,2024,2025,7400002031,Az Bl. EEC Nº2 Remolacha PTE DEST-Tereos Franci,prod_perdido,1060,null,-1060,1,null,1060,null
9738,"ROMERO ROMERO, ANGEL",2024→2025,2024,2025,44313,Apipasta Vitaminas 90% - Pienso para Apicultura,prod_perdido,1543.5,null,-1543.5,1.05,null,1470,null
1528,"JUAN Y JUAN INDUSTRIAL, S.L.U.",2024→2025,2024,2025,7200017111,>45 ICUMSA - Palo Gordo Guatemala,prod_perdido,790,null,-790,1,null,790,null
8046,"COSTA CONCENTRADOS LEVANTINOS, S.L.",2024→2025,2024,2025,40206,Azúcar Blanco BIO ES-ECO-024-MU Ag No UE NOP,prod_perdido,3525,null,-3525,3,null,1175,null
4761,"AYORA PORCAR, NESTOR",2024→2025,2024,2025,44301,Azucar Blanco – Materia Prima para Piensos,prod_perdido,1710,null,-1710,1.8,null,950,null
8563,"PERPIÑÁN GRAU, ISMAEL",2024→2025,2024,2025,44301,Azucar Blanco – Materia Prima para Piensos,prod_perdido,6002.5,null,-6002.5,8.575,null,700,null
6338,CENTRO NAC. TECNOLOGIA Y SEGURIDAD ALIMENTARIA,2024→2025,2024,2025,3010050341,Fructosa Maiz Cristal Polvo - ADM  Turquía,sin_actividad,0,0,0,0.005,0.002,0,0
433,"SANCHIS MIRA, S.A.",2024→2025,2024,2025,62444,Fondant ES-R01 Pallet Plástico 80x120 ZK,prod_perdido,68535.36,null,-68535.36,50.88,null,1347,null
271,"LABORATORIOS ALMOND, S.L.",2024→2025,2024,2025,65015,Azúcar en polvo LM,vol_precio,439711.2,301222.8,-138488.40000000002,392.1,418.38,1121.43,719.97
462,"ROMEDUL, S.L.",2024→2025,2024,2025,5101750031,Fructor 10/77 - ADM  Francia CUATRIMESTRAL,prod_perdido,10069.6,null,-10069.6,12.28,null,820,null
6052,DICHEM FOODS  S.A.,2024→2025,2024,2025,61229,Fosvitae Plus Polvo,sin_actividad,0,null,0,0.001,null,0,null
297,"TARBAL FOOD, S.L.",2024→2025,2024,2025,5201050031,Glucor 45/80 - ADM  Francia,volumen,9996,3974.6,-6021.4,8.4,3.34,1190,1190
2283,"ROENCAR, S.L.U.",2024→2025,2024,2025,44111,Glucor 60/82,prod_perdido,2376,null,-2376,2.4,null,990,null
595,"ROSCRIS BENIOPA, S.L",2024→2025,2024,2025,65030,AZÚCAR EN POLVO LM 48m,prod_perdido,14.4,null,-14.4,0.015,null,960,null
1293,"PAPRIMUR, S.L.",2024→2025,2024,2025,7300039291,Azúcar Blanco EEC Nº2 Caña - Kampong Speu Camboya,prod_perdido,952,null,-952,0.8,null,1190,null
1747,"FRUIT TECH NATURAL, S.A.",2024→2025,2024,2025,7400002031,Az Bl. EEC Nº2 Remolacha PTE DEST-Tereos Franci,prod_perdido,290633.5,null,-290633.5,293.15,null,991.42,null
452,"TEICHENNE, S.A.",2024→2025,2024,2025,60010,Azúcar Liquida Neutra S.A.,vol_precio,208291.38,134159.16,-74132.22,296.7,273.48,702.03,490.56
3225,"SURIVAN FEEL THE TASTE, S.L.",2024→2025,2024,2025,65015,Azúcar en polvo LM,vol_precio,102866.4,33060.53,-69805.87,99.45,46.035,1034.35,718.16
200,MARIN GIMENEZ HNOS. S.A.,2024→2025,2024,2025,60105,"Azúcar PI 73,5-67",sin_actividad,0,null,0,0.002,null,0,null
405,"CHOVI, S.L.",2024→2025,2024,2025,40260,Melaza de Caña,prod_perdido,95.2,null,-95.2,0.08,null,1190,null
8247,"ALLJUICEMED, S.L.",2024→2025,2024,2025,61245,Mixco Sweet 68-00.5050 I,vol_precio,230739.2,28575,-202164.2,198.4,25.405,1163,1124.78
1752,"ROYMY 21, S.L",2024→2025,2024,2025,62150,Jarabe de Melaza de Caña,vol_precio,102727.5,24477.75,-78249.75,92.38,22.77,1112.01,1075
2903,"MEDITERRANEA MELLIS, S.L.",2024→2025,2024,2025,61197,Mixco Sweet Plus 82-05.5041,prod_perdido,32912.1,null,-32912.1,22.621,null,1454.94,null
9628,"CERVERA DIAGO, JOSE MARIA",2024→2025,2024,2025,7820022041,Azúcar BIO Remolacha - Italia Zuccheri  Italia,prod_perdido,67.5,null,-67.5,0.05,null,1350,null
512,"SUGAR'S MAGIC, S.L.",2024→2025,2024,2025,5201002011,Glucor 45/80 - Tereos España,vol_precio,8200.5,13039,4838.5,9.94,22.1,825,590
9091,"STOLLER EUROPE, S.L.U.",2024→2025,2024,2025,7300039291,Azúcar Blanco EEC Nº2 Caña - Kampong Speu Camboya,prod_perdido,32309,null,-32309,53.8,null,600.54,null
582,"HIJOS DE SALVADOR COSTA, S.L.",2024→2025,2024,2025,40207,Azúcar BIO <45 ES-ECO-024-MU Ag UE REMOLACHA,prod_perdido,7252,null,-7252,4.9,null,1480,null
9157,"MAK FOOD COMPANY, S.L.",2024→2025,2024,2025,61247,Mixco Sweet 65-00.5050 U,prod_perdido,28944.3,0,-28944.3,25.076,0.003,1154.26,0
259,"EUROGRANIZADOS, S.L.U.",2024→2025,2024,2025,60102,Azúcar PI 67-15,vol_precio,591606.66,340769.9,-250836.76,674.58,729.7,877,467
5710,"BEACHOGA DHUN NA NGALL; DONEGAL BEES, LTD.",2024→2025,2024,2025,44310,Apipasta 90% - Pienso completo - Apicultura,vol_precio,15771,12726,-3045,12.6,13.65,1251.67,932.31
385,"BIOMIP BIOLOGICAL QUALITY, S.L.",2024→2025,2024,2025,62004,Mix Abejorros 65-30.4028 Pienso Completo - Apicult,vol_precio,231577.68,129677.44,-101900.23999999999,292.96,198.84,790.48,652.17
1832,"SIERRAS ANDALUZAS, S.C.A.",2024→2025,2024,2025,44302,Dextrosa Cristal –  Materia Prima para Piensos,volumen,420,1312.5,892.5,0.4,1.25,1050,1050
3187,"AZELIS ESPAÑA, S.A.",2024→2025,2024,2025,42000,Dextrosa Cristal Monohidrato Maiz,prod_perdido,7681,null,-7681,7.9,null,972.28,null
8480,"FLORGALA, S.L.",2024→2025,2024,2025,62401,Fondant ES-R02,vol_precio,35626.95,35707.71,80.76000000000204,28.965,35.385,1230,1009.12
4744,"PEREZ PEREZ, ADRIAN",2024→2025,2024,2025,62000,Mix Idoneo - Pienso Completo - Apicultura,prod_perdido,1320,null,-1320,1.2,null,1100,null
6218,"BELARRA ENETERREAGA, HAIZEA",2024→2025,2024,2025,44314,Apipasta 90% - BIO - Pienso completo - Apicultura,prod_perdido,780,null,-780,0.375,null,2080,null
6251,"MIX PAK SYSTEM, S.L.",2024→2025,2024,2025,3000750341,Fructosa Maiz Cristal Granulada-ADM Turquía CUATRI,volumen,16125,6450,-9675,12.5,5,1290,1290
5528,"FERNANDEZ LOPEZ, ANTONIO",2024→2025,2024,2025,62001,Apimix - Pienso completo - Apicultura,vol_precio,12193.39,21050.47,8857.080000000002,14.16,27.816,861.12,756.78
3699,"GONZALEZ CARBALLAL, S.L.",2024→2025,2024,2025,44313,Apipasta Vitaminas 90% - Pienso para Apicultura,vol_precio,377412.72,388480.05,11067.330000000016,301.05,405.3,1253.65,958.5
3156,"FINI GOLOSINAS ESPAÑA, S.L.U.",2024→2025,2024,2025,62152,Jarabe de Melaza- Extra Soft (Rojo),volumen,61607.2,58693.28,-2913.9199999999983,42.4,40.7,1453,1442.1
4002,"ABB MJ FERNANDEZ ARANDA, S.L.",2024→2025,2024,2025,7300039291,Azúcar Blanco EEC Nº2 Caña - Kampong Speu Camboya,prod_perdido,120516,null,-120516,190,null,634.29,null
436,"TURRONES JOSE GARRIGOS, S.A.",2024→2025,2024,2025,1110049321,Maltitol Liquido - Shandong Tianli Pharm-China,prod_perdido,12285,null,-12285,11.7,null,1050,null
9195,"ASM NATURAL EXPERIENCE FRANCHISES, S.L.",2024→2025,2024,2025,4000050331,Dextrosa Maiz Cristal Monohidrato - ADM  Bulgaria,volumen,1148.55,185.25,-963.3,0.775,0.125,1482,1482
581,TURRON.Y CARAMEL. DE HELLIN SL,2024→2025,2024,2025,7500004011,Correfino EEC Nº2 Caña/Rem - Azucarera España,prod_perdido,1971,null,-1971,3,null,657,null
8519,"PAULINO SOLANELLAS, S.L.",2024→2025,2024,2025,61228,Fosvitae 95% Plus,sin_actividad,0,null,0,0.001,null,0,null
6278,"URRIETA ROVIRA, JOSE MANUEL",2024→2025,2024,2025,62020,Mix Fructor Apicultor - Pienso completo - Apicult.,prod_perdido,858,null,-858,0.75,null,1144,null
8836,"AGROCENTROS LEON, S.L.",2024→2025,2024,2025,44315,Apipasta PLUS - Pienso para Apicultura,vol_precio,5833.8,14742,8908.2,4.2,11.76,1389,1253.57
7918,"REFRESCO IBERIA, S.A.U. ",2024→2025,2024,2025,7400002031,Az Bl. EEC Nº2 Remolacha PTE DEST-Tereos Franci,prod_perdido,189363.6,null,-189363.6,182.96,null,1035,null
1854,"ROYPAS BY NUTRIS, S.A.",2024→2025,2024,2025,2100050331,Almidon Maiz - ADM Bulgaria,prod_perdido,43460.63,null,-43460.63,44.575,null,975,null
6196,"APITIENDA SOLTAN, S.L.",2024→2025,2024,2025,44313,Apipasta Vitaminas 90% - Pienso para Apicultura,prod_perdido,13471.5,null,-13471.5,9.45,null,1425.56,null
4587,"CARMAX GLASS, S.L.",2024→2025,2024,2025,44315,Apipasta PLUS - Pienso para Apicultura,vol_precio,7862.4,6860,-1002.3999999999996,4.858,5.04,1618.44,1361.11
418,"MANUFACTURAS CEYLAN, S.L.",2024→2025,2024,2025,40103,Azúcar Moreno >2500i - Brown (Dry Dem BLZ),prod_perdido,5355,null,-5355,4.5,null,1190,null
433,"SANCHIS MIRA, S.A.",2024→2025,2024,2025,7400002031,Az Bl. EEC Nº2 Remolacha PTE DEST-Tereos Franci,prod_perdido,43607.52,null,-43607.52,52.6,null,829.04,null
9919,NATURACOSM SARL,2024→2025,2024,2025,44314,Apipasta 90% - BIO - Pienso completo - Apicultura,prod_perdido,2037,null,-2037,1.05,null,1940,null
3478,"APICOLA LA PARRA, S.L.U.",2024→2025,2024,2025,62001,Apimix - Pienso completo - Apicultura,vol_precio,10930.08,7392,-3538.08,10.92,9.24,1000.92,800
9157,"MAK FOOD COMPANY, S.L.",2024→2025,2024,2025,61177,Mixco Sweet 81-00.0932 A-MI,sin_actividad,0,0,0,0.005,0.003,0,0
4587,"CARMAX GLASS, S.L.",2024→2025,2024,2025,44313,Apipasta Vitaminas 90% - Pienso para Apicultura,vol_precio,13441.65,13362,-79.64999999999964,10.17,11.97,1321.7,1116.29
8553,"NATURAL BEE SPAIN, S.L",2024→2025,2024,2025,7300039291,Azúcar Blanco EEC Nº2 Caña - Kampong Speu Camboya,prod_perdido,2000,null,-2000,2,null,1000,null
450,"LA FLOR BURGALESA, S.L.",2024→2025,2024,2025,99950,Producto de Pruebas Líquido - 1,sin_actividad,0,null,0,0.003,null,0,null
7476,GOBIOTICS BV,2024→2025,2024,2025,61289,Fosvitae 95% Plus 78º,volumen,3300,6624.76,3324.76,1.201,2.38,2747.71,2783.51
5892,"DISTRIBUCIONES BOLLFROST, S.L.",2024→2025,2024,2025,7300005081,Azúcar Blanco EEC Nº2 Caña - Cosumar  Marruecos,prod_perdido,1520,null,-1520,1.6,null,950,null
484,"PRODUCTOS LA PILARICA, S.A.",2024→2025,2024,2025,7300039291,Azúcar Blanco EEC Nº2 Caña - Kampong Speu Camboya,prod_perdido,15840,null,-15840,24,null,660,null
6558,"SOC CHEF, S.L.",2024→2025,2024,2025,5205050031,Glucor 37/79 - ADM  Francia,volumen,3312,1214.4,-2097.6,3.6,1.32,920,920
4709,"TURRONES PICO, S.A.",2024→2025,2024,2025,65005,Azúcar en polvo LS,vol_precio,11658.08,11553.75,-104.32999999999993,10.725,11.85,1087,975
9940,"EUROGERM-IBERIA, S.L.U",2024→2025,2024,2025,61229,Fosvitae Plus Polvo,sin_actividad,0,null,0,0.001,null,0,null
3070,"NAVARRO OLIVA, JOSE",2024→2025,2024,2025,44313,Apipasta Vitaminas 90% - Pienso para Apicultura,vol_precio,7560,8452.5,892.5,6.3,7.35,1200,1150
1832,"SIERRAS ANDALUZAS, S.C.A.",2024→2025,2024,2025,44313,Apipasta Vitaminas 90% - Pienso para Apicultura,vol_precio,99950.55,24727.5,-75223.05,78.165,22.05,1278.71,1121.43
208,"LICORES Y DERIVADOS, S.A.",2024→2025,2024,2025,7500004011,Correfino EEC Nº2 Caña/Rem - Azucarera España,sin_actividad,0,null,0,0,null,null,null
9134,"VOLTEC ELECTRO SISTEMES, S.L.",2024→2025,2024,2025,7300005081,Azúcar Blanco EEC Nº2 Caña - Cosumar  Marruecos,sin_actividad,0,null,0,0,null,null,null
2298,"GRACOMSA ALIMENTARIA, S.A.U.",2024→2025,2024,2025,62150,Jarabe de Melaza de Caña,sin_actividad,0,null,0,0.001,null,0,null
773,"IBERCACAO, S.A.U.",2024→2025,2024,2025,65016,Azúcar en polvo LM Pallet PLT,precio,1218.75,962.33,-256.41999999999996,0.975,0.975,1250,987.01
585,"COLOMA GARCIA, S.L.",2024→2025,2024,2025,7300037021,Azúcar Blanco EEC Nº2 Caña - Sidul  Portugal,prod_perdido,25560,null,-25560,24,null,1065,null
340,"ARTESANOS MENDEZ, S.A.",2024→2025,2024,2025,61127,"Mixco Sweet 71,5-50.1522-C",sin_actividad,0,null,0,0.007,null,0,null
775,"NATRA CACAO,S.L.",2024→2025,2024,2025,7400002031,Az Bl. EEC Nº2 Remolacha PTE DEST-Tereos Franci,prod_perdido,1195962.1,null,-1195962.1,1237.78,null,966.22,null
5002,"CERVEZAS FERNANDEZ PONS, S.L.",2024→2025,2024,2025,40207,Azúcar BIO <45 ES-ECO-024-MU Ag UE REMOLACHA,prod_perdido,3076,null,-3076,2,null,1538,null
1513,"AGROBIO, S.L.",2024→2025,2024,2025,62091,Mix Abejorros 65-34.3333 Pienso Completo-Apicult,volumen,277688.9,687324.65,409635.75,428.82,1082.37,647.57,635.02
4187,"AMILCAR & MORGADO, LDA",2024→2025,2024,2025,44313,Apipasta Vitaminas 90% - Pienso para Apicultura,vol_precio,278935.65,274639.95,-4295.700000000012,239.4,273.66,1165.14,1003.58
3863,"LA TRADICION M&T, S.L.",2024→2025,2024,2025,3010750341,Fructosa Maiz Cristal Polvo - ADM  Turquía CUATRIM,prod_perdido,6875,null,-6875,5,null,1375,null
9469,FLOURMILLS THRAKIS I OUZOUNOPOULOS SA,2024→2025,2024,2025,7840046301,Azúcar BIO 200-800 IC - Azucarera El Viejo C.Rica,prod_perdido,52640,null,-52640,49,null,1074.29,null
4897,"LLOBET MARCO, MANUEL",2024→2025,2024,2025,44313,Apipasta Vitaminas 90% - Pienso para Apicultura,prod_perdido,627.75,null,-627.75,0.405,null,1550,null
3479,"LA TAHONA DE UTIEL, S.L.",2024→2025,2024,2025,5205050031,Glucor 37/79 - ADM  Francia,sin_actividad,0,null,0,0.001,null,0,null
4744,"PEREZ PEREZ, ADRIAN",2024→2025,2024,2025,62001,Apimix - Pienso completo - Apicultura,prod_perdido,1552,null,-1552,1.4,null,1108.57,null
1786,"ANITIN PANES ESPECIALES, S.L.",2024→2025,2024,2025,7400002031,Az Bl. EEC Nº2 Remolacha PTE DEST-Tereos Franci,prod_perdido,3980,null,-3980,4,null,995,null
2903,"MEDITERRANEA MELLIS, S.L.",2024→2025,2024,2025,61166,Mixco Sweet Plus-M 82-05.5537,vol_precio,368104.1,769584.12,401480.02,291.28,629.482,1263.75,1222.57
534,"MC CONSTRUCTION CHEMICAL SPAIN, S.L.",2024→2025,2024,2025,7300015111,Azúcar Blanco EEC Nº2 Caña - Pantaleon  Guatemala,prod_perdido,2750,null,-2750,4.4,null,625,null
9615,BACKALDRIN INTERNATIONAL THE KORNSPITZ COMPANY GMBH,2024→2025,2024,2025,61229,Fosvitae Plus Polvo,sin_actividad,0,null,0,0.001,null,0,null
5489,"TECNOLOGIAS APICOLA CASTILBLANCO, S.L.",2024→2025,2024,2025,44301,Azucar Blanco – Materia Prima para Piensos,prod_perdido,16980,null,-16980,22.8,null,744.74,null
4505,"FIESTA COLOMBINA, S.L.U.",2024→2025,2024,2025,3010050341,Fructosa Maiz Cristal Polvo - ADM  Turquía,vol_precio,2356.25,25043.75,22687.5,1.25,15,1885,1669.58
9724,IPF SAS,2024→2025,2024,2025,61200,Fosvitae 85%,sin_actividad,0,null,0,0.001,null,0,null
8093,"FERTILIZANTES ORGÁNICOS DEL MEDITERRÁNEO, S.L.",2024→2025,2024,2025,5101856021,Fructor 10/77 - Copam  Portugal TRIMESTRAL,prod_perdido,8700,null,-8700,6,null,1450,null
2832,DULCES LA ABUELA COOP VNA,2024→2025,2024,2025,5101002011,Fructor 10/77 - Tereos  España,vol_precio,6552,3888,-2664,7.2,4.8,910,810
7867,"SINBLAT ALIMENTACION SALUDABLE, S.L.",2024→2025,2024,2025,5101856021,Fructor 10/77 - Copam  Portugal TRIMESTRAL,prod_perdido,5280,null,-5280,4.8,null,1100,null
4623,"FRATER ALIMENTOS, S.L.",2024→2025,2024,2025,7300039291,Azúcar Blanco EEC Nº2 Caña - Kampong Speu Camboya,prod_perdido,12500,null,-12500,20,null,625,null
9833,DONNY G APICOLE SRL,2024→2025,2024,2025,44315,Apipasta PLUS - Pienso para Apicultura,vol_precio,8475.6,7518,-957.6000000000004,5.04,5.88,1681.67,1278.57
5727,"BOGNER, JOSEPH",2024→2025,2024,2025,44313,Apipasta Vitaminas 90% - Pienso para Apicultura,vol_precio,5334,19372.5,14038.5,4.2,18.9,1270,1025
7372,"PASTOR TORRES, FRANCISCO",2024→2025,2024,2025,62001,Apimix - Pienso completo - Apicultura,prod_perdido,2150.4,null,-2150.4,1.68,null,1280,null
9628,"CERVERA DIAGO, JOSE MARIA",2024→2025,2024,2025,40207,Azúcar BIO <45 ES-ECO-024-MU Ag UE REMOLACHA,prod_perdido,270,null,-270,0.2,null,1350,null
2256,"DULCES Y CONSERVAS HELIOS, S.A.",2024→2025,2024,2025,1110049321,Maltitol Liquido - Shandong Tianli Pharm-China,vol_precio,154219.4,106359.2,-47860.2,145.49,117.38,1060,906.11
400,"ASOCIACION IND. ALICANTINA DEL HELADO, S.A.",2024→2025,2024,2025,3000750341,Fructosa Maiz Cristal Granulada-ADM Turquía CUATRI,precio,60956,57824,-3132,41.6,41.6,1465.29,1390
8994,"NATURECO, S.L.",2024→2025,2024,2025,61218,Fosvitae 85 % BIO,sin_actividad,0,null,0,0.001,null,0,null
1286,"TIMUR LEVANTE, S.L.",2024→2025,2024,2025,60000,Azúcar Líquida Neutra 67º,sin_actividad,0,null,0,0.001,null,0,null
4685,ABEILLE D'AUVERGNE (NATURAPI),2024→2025,2024,2025,44310,Apipasta 90% - Pienso completo - Apicultura,sin_actividad,0,null,0,0,null,null,null
9826,HARIBO RICQLES ZAN,2024→2025,2024,2025,62154,Mixco Sweet 80-31.3233 JM,sin_actividad,0,null,0,0.001,null,0,null
7410,"DEL OLMO CUEVAS, HECTOR",2024→2025,2024,2025,44315,Apipasta PLUS - Pienso para Apicultura,prod_perdido,50.4,null,-50.4,0.028,null,1800,null
7897,"MANDIC OUTMILL MS4, S.L.",2024→2025,2024,2025,4000050331,Dextrosa Maiz Cristal Monohidrato - ADM  Bulgaria,vol_precio,148.5,855,706.5,0.15,0.9,990,950
421,"JOSE GARCIA E HIJOS, S.L.",2024→2025,2024,2025,7300039291,Azúcar Blanco EEC Nº2 Caña - Kampong Speu Camboya,vol_precio,37940,14640,-23300,47.001,24,807.22,610
7115,"RIVERBEND ESPAÑA, S.A",2024→2025,2024,2025,7300039291,Azúcar Blanco EEC Nº2 Caña - Kampong Speu Camboya,prod_perdido,22540,null,-22540,23,null,980,null
9832,FRANCISCO J. RUBIO JIMENEZ,2024→2025,2024,2025,40207,Azúcar BIO <45 ES-ECO-024-MU Ag UE REMOLACHA,prod_perdido,101.25,null,-101.25,0.075,null,1350,null
5780,"NAVARRO SANCHEZ, PASCUAL",2024→2025,2024,2025,44301,Azucar Blanco – Materia Prima para Piensos,prod_perdido,10827.5,null,-10827.5,17.75,null,610,null
10037,"DELGADO COLINO, MANUEL",2024→2025,2024,2025,60207,Azúcar TIEN 67.100,sin_actividad,0,null,0,0.001,null,0,null
531,"DESARROLLOS PANADEROS LEVANTINOS, S.L.L.",2024→2025,2024,2025,7500004011,Correfino EEC Nº2 Caña/Rem - Azucarera España,prod_perdido,4608,null,-4608,4.8,null,960,null
1854,"ROYPAS BY NUTRIS, S.A.",2024→2025,2024,2025,5200002011,Glucor 60/82 - Tereos  España,vol_precio,218413.44,16331.4,-202082.04,325.02,25.32,672,645
8003,"OBLEAS QUINTIN, S.L.",2024→2025,2024,2025,4000050331,Dextrosa Maiz Cristal Monohidrato - ADM  Bulgaria,vol_precio,4949.63,2223,-2726.63,5.025,2.525,985,880.4
566,"ALMACENES MIGUEZ 2005,S.L.",2024→2025,2024,2025,62001,Apimix - Pienso completo - Apicultura,vol_precio,44780.6,81022.5,36241.9,50.9,103.65,879.78,781.69
4505,"FIESTA COLOMBINA, S.L.U.",2024→2025,2024,2025,3010750341,Fructosa Maiz Cristal Polvo - ADM  Turquía CUATRIM,vol_precio,17389.13,2062.5,-15326.630000000001,9.225,1.25,1885,1650
8003,"OBLEAS QUINTIN, S.L.",2024→2025,2024,2025,60010,Azúcar Liquida Neutra S.A.,sin_actividad,0,null,0,0.005,null,0,null
6581,PRZEDSIEBIORSTWO PSZCZELARSKIE TOMASZ LYSON SP. Z O.O. SP. K,2024→2025,2024,2025,62001,Apimix - Pienso completo - Apicultura,sin_actividad,0,null,0,0.001,null,0,null
5083,"ESPECIAS EL RELOJ, S.L.",2024→2025,2024,2025,65005,Azúcar en polvo LS,sin_cambio,9160.8,9235.2,74.40000000000146,7.725,7.8,1185.86,1184
436,"TURRONES JOSE GARRIGOS, S.A.",2024→2025,2024,2025,61189,Mixco Sweet 77-50.1825,vol_precio,18686.1,16208.7,-2477.399999999998,24.54,33.42,761.45,485
450,"LA FLOR BURGALESA, S.L.",2024→2025,2024,2025,5101050031,Fructor 10/77 - ADM  Francia,prod_perdido,2392.8,null,-2392.8,2.4,null,997,null
2611,"NAVARRO SANCHEZ, RAFAEL",2024→2025,2024,2025,44301,Azucar Blanco – Materia Prima para Piensos,prod_perdido,11498.5,null,-11498.5,18.85,null,610,null
8553,"NATURAL BEE SPAIN, S.L",2024→2025,2024,2025,44301,Azucar Blanco – Materia Prima para Piensos,prod_perdido,3330,null,-3330,4.6,null,723.91,null
9765,"MUNDAKA HELADOS, S.L.",2024→2025,2024,2025,7300037021,Azúcar Blanco EEC Nº2 Caña - Sidul  Portugal,prod_perdido,1280,null,-1280,1.6,null,800,null
5794,"LOPEZ DOMINGUEZ, MARIA ANGELES",2024→2025,2024,2025,44313,Apipasta Vitaminas 90% - Pienso para Apicultura,vol_precio,2520,3622.5,1102.5,2.1,3.15,1200,1150
7921,"GRANIZADOS MARESME, S.L.",2024→2025,2024,2025,61289,Fosvitae 95% Plus 78º,sin_actividad,0,null,0,0.001,null,0,null
1919,"MACIAS DE LA CORTE, MIRIAN",2024→2025,2024,2025,44301,Azucar Blanco – Materia Prima para Piensos,vol_precio,2160,5400,3240,2.4,8,900,675
9151,SARL L'ABEILLE DU MIDI,2024→2025,2024,2025,44310,Apipasta 90% - Pienso completo - Apicultura,prod_perdido,1092,null,-1092,1.05,null,1040,null
4190,"DOMINGUEZ GOMEZ, MARIA TERESA",2024→2025,2024,2025,44313,Apipasta Vitaminas 90% - Pienso para Apicultura,prod_perdido,1170,null,-1170,0.78,null,1500,null
9385,SMART ORGANIC AD,2024→2025,2024,2025,61229,Fosvitae Plus Polvo,sin_actividad,0,null,0,0.001,null,0,null
8519,"PAULINO SOLANELLAS, S.L.",2024→2025,2024,2025,61229,Fosvitae Plus Polvo,sin_actividad,0,null,0,0.001,null,0,null
220,"PASTELERIA GIMAR, S.L.",2024→2025,2024,2025,1210002031,Sorbitol Liquido - Tereos Francia,sin_actividad,0,null,0,0.001,null,0,null
9576,TRINOVA AG,2024→2025,2024,2025,61287,Fosvitae 95% Plus BIO ES-ECO-024-MU Agric. UE,prod_perdido,915,0,-915,0.3,0.003,3050,0
4619,"EUROPEA DE APICULTURA, S.L.",2024→2025,2024,2025,44314,Apipasta 90% - BIO - Pienso completo - Apicultura,prod_perdido,150,null,-150,0.075,null,2000,null
7440,"LOPEZ FOOD GROUP, S.L.",2024→2025,2024,2025,5101002011,Fructor 10/77 - Tereos  España,vol_precio,64997.1,23910,-41087.1,71.82,30,905,797
6323,SARL BABE APICULTURE ET EMBALLAGES,2024→2025,2024,2025,44314,Apipasta 90% - BIO - Pienso completo - Apicultura,prod_perdido,3465,null,-3465,2.1,null,1650,null
321,"PRODUCTOS PEPITO, S.L.U.",2024→2025,2024,2025,7400002031,Az Bl. EEC Nº2 Remolacha PTE DEST-Tereos Franci,prod_perdido,625,null,-625,0.5,null,1250,null
2473,"TORRE ORIA, S.L.U.",2024→2025,2024,2025,60010,Azúcar Liquida Neutra S.A.,sin_actividad,0,0,0,0.001,0.001,0,0
215,"MARTIN BRAUN, S.A.",2024→2025,2024,2025,7300037021,Azúcar Blanco EEC Nº2 Caña - Sidul  Portugal,prod_perdido,65360,null,-65360,68.8,null,950,null
5444,"ESCOT SAIZ, EDUARDO",2024→2025,2024,2025,44313,Apipasta Vitaminas 90% - Pienso para Apicultura,prod_perdido,68.25,null,-68.25,0.045,null,1516.67,null
8621,"JUAN FERRI, JUAN JOSE",2024→2025,2024,2025,7400002031,Az Bl. EEC Nº2 Remolacha PTE DEST-Tereos Franci,vol_precio,1131.45,792,-339.45000000000005,0.95,0.8,1191,990
4686,OMNIUM AGRICOLE DU SOUSS,2024→2025,2024,2025,62004,Mix Abejorros 65-30.4028 Pienso Completo - Apicult,precio,25493.65,21763.9,-3729.75,21.55,21.13,1183,1030
385,"BIOMIP BIOLOGICAL QUALITY, S.L.",2024→2025,2024,2025,44315,Apipasta PLUS - Pienso para Apicultura,sin_actividad,0,null,0,0.029,null,0,null
1205,"MERCADONA, S.A.",2024→2025,2024,2025,45005,Azucar Blanco EEC nº2 - PQ01 RETAIL HACENDADO,vol_precio,10913259.31,8618024.22,-2295235.09,11065.136,12526.198,986.27,688
8778,"IDILIA FOODS, S.L.",2024→2025,2024,2025,7300005081,Azúcar Blanco EEC Nº2 Caña - Cosumar  Marruecos,prod_perdido,69269.2,null,-69269.2,76.12,null,910,null
8837,"AMARITTA FOOD, S.L.",2024→2025,2024,2025,99950,Producto de Pruebas Líquido - 1,sin_actividad,0,null,0,0.001,null,0,null
2916,"SUC. DE MUÑOZ Y PUJANTE, S.L.",2024→2025,2024,2025,65005,Azúcar en polvo LS,volumen,7341.75,4687.43,-2654.3199999999997,5.85,3.735,1255,1255
2677,"PREELABORADOS ALIMENTARIOS, S.L.",2024→2025,2024,2025,7400002031,Az Bl. EEC Nº2 Remolacha PTE DEST-Tereos Franci,prod_perdido,21934,null,-21934,22,null,997,null
7060,"SUAY SOLAZ, YOLANDA",2024→2025,2024,2025,44313,Apipasta Vitaminas 90% - Pienso para Apicultura,prod_perdido,3045,null,-3045,2.1,null,1450,null
9849,MORALCO S.R.L.,2024→2025,2024,2025,2331065321,FOS 95% Polvo-Shandong Starlight So True China,prod_perdido,2175,null,-2175,0.75,null,2900,null
10107,SAMECA PRODUTOS QUIMICOS SA,2024→2025,2024,2025,60200,Azúcar Invertido 67º,sin_actividad,0,null,0,0.001,null,0,null
9849,MORALCO S.R.L.,2024→2025,2024,2025,99950,Producto de Pruebas Líquido - 1,sin_actividad,0,null,0,0.004,null,0,null
282,"PRODUCTOS LOZANO, S.L.",2024→2025,2024,2025,5100050031,Fructor 10/81 - ADM  Francia,prod_perdido,3180,null,-3180,2.4,null,1325,null
9113,"VILLAR MARTINEZ, CLAUDIO",2024→2025,2024,2025,44315,Apipasta PLUS - Pienso para Apicultura,prod_perdido,55.44,null,-55.44,0.028,null,1980,null
3225,"SURIVAN FEEL THE TASTE, S.L.",2024→2025,2024,2025,65030,AZÚCAR EN POLVO LM 48m,vol_precio,21186,14716.8,-6469.200000000001,19.26,20.16,1100,730
4187,"AMILCAR & MORGADO, LDA",2024→2025,2024,2025,62001,Apimix - Pienso completo - Apicultura,vol_precio,20185.68,26011.44,5825.759999999998,18.84,33.36,1071.43,779.72
7980,"AQUAPOOL CHEMICAL, S.L.",2024→2025,2024,2025,60105,"Azúcar PI 73,5-67",vol_precio,8497.55,10997.14,2499.59,6.05,8.14,1404.55,1351
2832,DULCES LA ABUELA COOP VNA,2024→2025,2024,2025,7110009141,Azúcar Moreno >2500i - ASR  Belice,sin_cambio,1150,1150,0,1,1,1150,1150
769,"ANGEL CAMACHO ALIMENTACION, S.L.",2024→2025,2024,2025,3000750341,Fructosa Maiz Cristal Granulada-ADM Turquía CUATRI,vol_precio,172264,81935.5,-90328.5,141.2,68.675,1220,1193.09
3805,"MONTEJANO NAVARRO, MARIA DEL CARMEN",2024→2025,2024,2025,44313,Apipasta Vitaminas 90% - Pienso para Apicultura,prod_perdido,2074.5,null,-2074.5,1.44,null,1440.62,null
455,"EMILIO PEÑA, S.A.",2024→2025,2024,2025,7500004011,Correfino EEC Nº2 Caña/Rem - Azucarera España,prod_perdido,2380,null,-2380,2,null,1190,null
3658,"NAVALON FERRER, CRISTIAN",2024→2025,2024,2025,44301,Azucar Blanco – Materia Prima para Piensos,vol_precio,3612.5,3519,-93.5,4.25,5.1,850,690
8854,JOHANNES LÜHDERS KG,2024→2025,2024,2025,61229,Fosvitae Plus Polvo,sin_actividad,0,null,0,0.001,null,0,null
9429,TARTAS ANCANO S.L.,2024→2025,2024,2025,60105,"Azúcar PI 73,5-67",prod_perdido,3228,null,-3228,2.4,null,1345,null
3294,"PUNTO GOFRE, S.L.",2024→2025,2024,2025,4000050331,Dextrosa Maiz Cristal Monohidrato - ADM  Bulgaria,vol_precio,3828.75,16818.75,12990,3.75,18.75,1021,897
1631,"SALMERON SAN JUAN, SALVADOR",2024→2025,2024,2025,44313,Apipasta Vitaminas 90% - Pienso para Apicultura,prod_perdido,5524.5,null,-5524.5,3.81,null,1450,null
9434," ÁGUA SÃO SILVESTRE INDÚSTRIA DE BEBIDAS E PRODUTOS ALIMENTARES, S.A.",2024→2025,2024,2025,60000,Azúcar Líquida Neutra 67º,prod_perdido,3816,null,-3816,3.6,null,1060,null
577,"FARTONS POLO, S.L.",2024→2025,2024,2025,7300039291,Azúcar Blanco EEC Nº2 Caña - Kampong Speu Camboya,prod_perdido,187355,null,-187355,248.2,null,754.85,null
8971,"MASTER BUILDERS SOLUTIONS ESPAÑA, S.L.U.",2024→2025,2024,2025,7300039291,Azúcar Blanco EEC Nº2 Caña - Kampong Speu Camboya,prod_perdido,278206,null,-278206,284.5,null,977.88,null
7558,HARINAS CASTILLA LA MANCHA S.L,2024→2025,2024,2025,62150,Jarabe de Melaza de Caña,vol_precio,11928,16115.44,4187.4400000000005,12,16.88,994,954.71
266,"IBER COCKTAIL, S.L.",2024→2025,2024,2025,7300037021,Azúcar Blanco EEC Nº2 Caña - Sidul  Portugal,vol_precio,90,57.75,-32.25,0.125,0.075,720,770
450,"LA FLOR BURGALESA, S.L.",2024→2025,2024,2025,65005,Azúcar en polvo LS,vol_precio,26426.4,68334.78,41908.38,31.2,85.74,847,797
4187,"AMILCAR & MORGADO, LDA",2024→2025,2024,2025,7200017111,>45 ICUMSA - Palo Gordo Guatemala,prod_perdido,14280,null,-14280,16.8,null,850,null
2860,"ACEITUNAS KARINA, S.L.",2024→2025,2024,2025,3000750341,Fructosa Maiz Cristal Granulada-ADM Turquía CUATRI,vol_precio,31500,13435,-18065,22.5,10,1400,1343.5
6557,"MAR FERTILIZANTES, S.L.",2024→2025,2024,2025,5101054011,Fructor 10/77 - Roquette España,sin_cambio,2304,2304,0,2.4,2.4,960,960
279,"DULCES Y GOLOSINAS GLORIA, S.L.",2024→2025,2024,2025,5201050031,Glucor 45/80 - ADM  Francia,vol_precio,8430.35,27881.33,19450.980000000003,12.13,47.498,695,587
874,"COMERCIAL MAPROHELCO, S.L.",2024→2025,2024,2025,7300037021,Azúcar Blanco EEC Nº2 Caña - Sidul  Portugal,prod_perdido,1280,null,-1280,1.6,null,800,null
7867,"SINBLAT ALIMENTACION SALUDABLE, S.L.",2024→2025,2024,2025,7500004011,Correfino EEC Nº2 Caña/Rem - Azucarera España,vol_precio,6387.2,9691.2,3304.000000000001,6.4,14.4,998,673
7612,DPTO. COMERCIAL,2024→2025,2024,2025,62032,APIMIX INSTANT,sin_actividad,0,null,0,0.01,null,0,null
5998,"FRANCISCO ARAGON, S.L.U.",2024→2025,2024,2025,5201054011,Glucor 45/80 - Roquette España,sin_cambio,1758,1758,0,1.2,1.2,1465,1465
610,"TURRONES DOS HERMANOS,S.L.",2024→2025,2024,2025,5100750031,Fructor 10/81 - ADM  Francia CUATRIMESTRAL,prod_perdido,8085.2,null,-8085.2,9.86,null,820,null
9796,"DULCES GIL, S.A.",2024→2025,2024,2025,5201050031,Glucor 45/80 - ADM  Francia,precio,8077.04,6898.28,-1178.7600000000002,11.878,11.692,680,590
9437,"EL CORTÍN DEL ABEYÓN, S.L.",2024→2025,2024,2025,62001,Apimix - Pienso completo - Apicultura,vol_precio,14120.6,4913.2,-9207.400000000001,15.65,5.68,902.27,865
3408,"RUIZ LEAL, MANUEL",2024→2025,2024,2025,44301,Azucar Blanco – Materia Prima para Piensos,vol_precio,9542.1,7000,-2542.1000000000004,9.6,10,993.97,700
9214,"CANDELA BELTRA, IVAN",2024→2025,2024,2025,44313,Apipasta Vitaminas 90% - Pienso para Apicultura,prod_perdido,965.85,null,-965.85,0.705,null,1370,null
1746,"PRIMITIVO PICO, S.A",2024→2025,2024,2025,7500004011,Correfino EEC Nº2 Caña/Rem - Azucarera España,prod_perdido,34984,null,-34984,39.2,null,892.45,null
7708,"MARTIN BERNAL, LAURA",2024→2025,2024,2025,65030,AZÚCAR EN POLVO LM 48m,prod_perdido,1999.8,null,-1999.8,1.98,null,1010,null
581,TURRON.Y CARAMEL. DE HELLIN SL,2024→2025,2024,2025,5201050031,Glucor 45/80 - ADM  Francia,prod_perdido,5228.4,null,-5228.4,6,null,871.4,null
2909,"MANIPULADOS DE CEBOLLAS Y DERIVADOS, S.L.",2024→2025,2024,2025,7250029261,Raw Sugar 3000-3500 IC - Mayagüez Colombia,sin_actividad,0,null,0,0.001,null,0,null
9854,"NORDMANN PORTUGAL, S.A.",2024→2025,2024,2025,2210037021,Melaza Caña - Sidul  Portugal,sin_actividad,0,null,0,0.001,null,0,null
3419,"ULTIMOS PANADEROS, S.L.",2024→2025,2024,2025,60105,"Azúcar PI 73,5-67",sin_actividad,0,null,0,0.001,null,0,null
7921,"GRANIZADOS MARESME, S.L.",2024→2025,2024,2025,61200,Fosvitae 85%,sin_actividad,0,null,0,0.001,null,0,null
542,"SDAD.ESPAÑOLA COLOR. NATURALES Y AFINES, S.A.U.",2024→2025,2024,2025,7500004011,Correfino EEC Nº2 Caña/Rem - Azucarera España,prod_perdido,71829,null,-71829,69,null,1041,null
2025,"VALLE BALLINA Y FERNANDEZ, S.A.",2024→2025,2024,2025,61142,Mixco Sweet 70-00.4252,vol_precio,9837.6,11873.79,2036.1900000000005,7.2,9.63,1366.33,1233
4369,"LA TIENDA DEL APICULTOR, S.L.U.",2024→2025,2024,2025,44335,Azúcar Blanco BIO MP para piensos,volumen,1320,2640,1320,1,2,1320,1320
2850,"AMC NATURAL DRINKS, S.L.",2024→2025,2024,2025,40207,Azúcar BIO <45 ES-ECO-024-MU Ag UE REMOLACHA,prod_perdido,22708.8,null,-22708.8,17.1,null,1328,null
9330,"AMUZA, SILVIU DANIEL",2024→2025,2024,2025,44315,Apipasta PLUS - Pienso para Apicultura,prod_perdido,1549.8,null,-1549.8,0.84,null,1845,null
9828,"GOODBEER, S.L.",2024→2025,2024,2025,60000,Azúcar Líquida Neutra 67º,sin_actividad,0,null,0,0.001,null,0,null
9463,"ADIEGO HERMANOS, S.A.",2024→2025,2024,2025,1210002031,Sorbitol Liquido - Tereos Francia,prod_perdido,24852,null,-24852,22.8,null,1090,null
3071,"NAVARRO OLIVA, BERNABE",2024→2025,2024,2025,44313,Apipasta Vitaminas 90% - Pienso para Apicultura,precio,5040,4830,-210,4.2,4.2,1200,1150
4587,"CARMAX GLASS, S.L.",2024→2025,2024,2025,44310,Apipasta 90% - Pienso completo - Apicultura,vol_precio,6084,14175,8091,5.85,15.75,1040,900
9958,"NORDMANN, RASSMANN ROMANIA S.R.L.",2024→2025,2024,2025,61200,Fosvitae 85%,sin_actividad,0,null,0,0.002,null,0,null
577,"FARTONS POLO, S.L.",2024→2025,2024,2025,5101002011,Fructor 10/77 - Tereos  España,prod_perdido,1104,null,-1104,1.2,null,920,null
3987,"GUADANATUR, S.L.",2024→2025,2024,2025,62001,Apimix - Pienso completo - Apicultura,prod_perdido,1236,null,-1236,1.2,null,1030,null
5679,"AB MAURI FOOD, S.A.",2024→2025,2024,2025,7600004011,Azúcar Granulado Extrafino-Azucarera España,sin_actividad,0,null,0,0.003,null,0,null
570,"INDALVA, S.L.",2024→2025,2024,2025,7300039291,Azúcar Blanco EEC Nº2 Caña - Kampong Speu Camboya,vol_precio,3150,17802,14652,3,25.8,1050,690
2654,"LORENTE TORRELLA, JOSE",2024→2025,2024,2025,44313,Apipasta Vitaminas 90% - Pienso para Apicultura,prod_perdido,3045,null,-3045,2.1,null,1450,null
2073,"PLATOS TRADICIONALES, S.A",2024→2025,2024,2025,7300005081,Azúcar Blanco EEC Nº2 Caña - Cosumar  Marruecos,prod_perdido,36456,null,-36456,32.55,null,1120,null
9670,FOOD SPECIALITIES LIMITED FSL,2024→2025,2024,2025,2331065321,FOS 95% Polvo-Shandong Starlight So True China,sin_actividad,0,null,0,0.001,null,0,null
5254,B REFRESHING COMPANY S.L. ,2024→2025,2024,2025,60202,Azúcar TIEN 71.100,prod_perdido,7128,null,-7128,4.8,null,1485,null
4726,CONSORZIO CON LE API,2024→2025,2024,2025,44310,Apipasta 90% - Pienso completo - Apicultura,prod_perdido,5460,null,-5460,5.25,null,1040,null
1771,"EL CASERIO, S.A",2024→2025,2024,2025,1110049321,Maltitol Liquido - Shandong Tianli Pharm-China,vol_precio,105091,24009.2,-81081.8,97.66,24.88,1076.09,965
6365,S.C.A. CAMPO MUSEO DE LA MIEL RANCHO CORTESANO,2024→2025,2024,2025,44313,Apipasta Vitaminas 90% - Pienso para Apicultura,prod_perdido,1627.5,null,-1627.5,1.05,null,1550,null
1771,"EL CASERIO, S.A",2024→2025,2024,2025,7300039291,Azúcar Blanco EEC Nº2 Caña - Kampong Speu Camboya,prod_perdido,95467.3,null,-95467.3,103.36,null,923.64,null
9565,NORDIK BUCKFAST,2024→2025,2024,2025,62001,Apimix - Pienso completo - Apicultura,precio,991.2,672,-319.20000000000005,0.84,0.84,1180,800
9134,"VOLTEC ELECTRO SISTEMES, S.L.",2024→2025,2024,2025,7300039291,Azúcar Blanco EEC Nº2 Caña - Kampong Speu Camboya,sin_actividad,0,null,0,0,null,null,null
5614,"ESCRIBANO MARTINEZ, MARTA",2024→2025,2024,2025,44314,Apipasta 90% - BIO - Pienso completo - Apicultura,prod_perdido,1092,null,-1092,0.525,null,2080,null
419,"DISTRIBUCIONES JAIME SARRION, S.L.",2024→2025,2024,2025,7300005081,Azúcar Blanco EEC Nº2 Caña - Cosumar  Marruecos,prod_perdido,1968,null,-1968,2.4,null,820,null
6286,COOPERATIVE APICOP,2024→2025,2024,2025,44313,Apipasta Vitaminas 90% - Pienso para Apicultura,prod_perdido,21240,null,-21240,18,null,1180,null
9854,"NORDMANN PORTUGAL, S.A.",2024→2025,2024,2025,61298,Fosvitae 95% Plus 74º,sin_actividad,0,null,0,0.015,null,0,null
6585,"GONZALEZ REVIRIEGO, OLMO",2024→2025,2024,2025,44314,Apipasta 90% - BIO - Pienso completo - Apicultura,vol_precio,1157.1,638.25,-518.8499999999999,0.57,0.345,2030,1850
484,"PRODUCTOS LA PILARICA, S.A.",2024→2025,2024,2025,4000050331,Dextrosa Maiz Cristal Monohidrato - ADM  Bulgaria,vol_precio,61100,96019.63,34919.630000000005,65,107.425,940,893.83
3375,"EUROCHOC, S.L.",2024→2025,2024,2025,65015,Azúcar en polvo LM,prod_perdido,3237,null,-3237,3.9,null,830,null
9725,"SILEMA BCN, S.L.",2024→2025,2024,2025,61200,Fosvitae 85%,sin_actividad,0,null,0,0.001,null,0,null
9781,ADVANCE SCIENCE LIMITED,2024→2025,2024,2025,44310,Apipasta 90% - Pienso completo - Apicultura,sin_actividad,0,null,0,0.002,null,0,null
1253,"HORCHATA EL COSECHERO, S.L.",2024→2025,2024,2025,7300037021,Azúcar Blanco EEC Nº2 Caña - Sidul  Portugal,prod_perdido,21945,null,-21945,23.1,null,950,null
9609,"VAMINTER, S.L.",2024→2025,2024,2025,7400048311,Az. Bl. EEC nº2 Remol PTE DEST-Agrana Leop Austria,prod_perdido,625,null,-625,0.5,null,1250,null
9822,SWEET CASTILLA S.L,2024→2025,2024,2025,61228,Fosvitae 95% Plus,sin_actividad,0,null,0,0.001,null,0,null
9067,"SCHREIBER FOODS ESPAÑA, S.L.",2024→2025,2024,2025,7300037021,Azúcar Blanco EEC Nº2 Caña - Sidul  Portugal,prod_perdido,134869.65,null,-134869.65,131.26,null,1027.5,null
518,"PASTELERIA AMPARIN, S.L.",2024→2025,2024,2025,7500004011,Correfino EEC Nº2 Caña/Rem - Azucarera España,prod_perdido,3040,null,-3040,3.2,null,950,null
524,"APIC. HERMANOS ANDRES NIETO, SDAD. COOP.",2024→2025,2024,2025,60134,"Azúcar PI 73,5-67C> 45 Icu- P.completo para Abejas",prod_perdido,17429,null,-17429,24.04,null,725,null
458,"CASTY, S.A.",2024→2025,2024,2025,41006,Fructosa MAIZ Cristal Granulada Pallet Plast. CHEP,prod_perdido,6785,null,-6785,5,null,1357,null
2073,"PLATOS TRADICIONALES, S.A",2024→2025,2024,2025,7300039291,Azúcar Blanco EEC Nº2 Caña - Kampong Speu Camboya,vol_precio,42944,2112,-40832,52.8,3.2,813.33,660
9994,AUDE API,2024→2025,2024,2025,44315,Apipasta PLUS - Pienso para Apicultura,prod_perdido,686,null,-686,0.49,null,1400,null
9385,SMART ORGANIC AD,2024→2025,2024,2025,61289,Fosvitae 95% Plus 78º,prod_perdido,0.5,null,-0.5,0.001,null,500,null
9575,"GREEN BEVERAGES ESPAÑA, SL",2024→2025,2024,2025,7840046301,Azúcar BIO 200-800 IC - Azucarera El Viejo C.Rica,prod_perdido,1300,null,-1300,1,null,1300,null
400,"ASOCIACION IND. ALICANTINA DEL HELADO, S.A.",2024→2025,2024,2025,3000050341,Fructosa Maiz Cristal Granulada - ADM  Turquía,vol_precio,14208,78778.25,64570.25,9.6,56.675,1480,1390
261,"EZTIKIDETZA, S.A.T.",2024→2025,2024,2025,62000,Mix Idoneo - Pienso Completo - Apicultura,prod_perdido,900,null,-900,1.2,null,750,null
3049,"LA GRANJA FOODS 1959, S.L.",2024→2025,2024,2025,7230007131,DC Raw Sugar >4000I - Cassa  El Salvador,sin_actividad,0,null,0,0.001,null,0,null
8641,"GALLETAS GULLÓN, S.A.",2024→2025,2024,2025,7400004011,Azúcar Bl. EEC nº2 REMOL - AZUCARERA ESPAÑA,prod_perdido,468603.2,null,-468603.2,450.58,null,1040,null
10026,"MARHEV SRO, S.A.",2024→2025,2024,2025,45006,AZÚCAR BLANCO EEC Nº2 C - PQ01 RETAIL – JUST SUGAR,prod_perdido,82800,null,-82800,120.002,null,689.99,null
3863,"LA TRADICION M&T, S.L.",2024→2025,2024,2025,5201750031,Glucor 45/80 - ADM  Francia CUATRIMESTRAL,prod_perdido,1187.5,null,-1187.5,1.25,null,950,null
9286,"LAQTIA, S.L.",2024→2025,2024,2025,7300005081,Azúcar Blanco EEC Nº2 Caña - Cosumar  Marruecos,prod_perdido,13728,null,-13728,14.3,null,960,null
3572,"GIL BELLES, JOSE JORGE",2024→2025,2024,2025,44315,Apipasta PLUS - Pienso para Apicultura,prod_perdido,1833.93,null,-1833.93,0.994,null,1845,null
3479,"LA TAHONA DE UTIEL, S.L.",2024→2025,2024,2025,1210054031,Sorbitol Liquido - Roquette Francia,volumen,7740,38700,30960,6,30,1290,1290
1787,"DULCES DEL TURIA, S.L.",2024→2025,2024,2025,7300005081,Azúcar Blanco EEC Nº2 Caña - Cosumar  Marruecos,prod_perdido,2487.75,null,-2487.75,2.55,null,975.59,null
1000,CLIENTES VARIOS (CONTADO),2024→2025,2024,2025,7300037021,Azúcar Blanco EEC Nº2 Caña - Sidul  Portugal,sin_actividad,0,null,0,0.05,null,0,null
4567,"CARBONELL ANTICH, MARIA GRACIA",2024→2025,2024,2025,3000750341,Fructosa Maiz Cristal Granulada-ADM Turquía CUATRI,volumen,362.5,942.5,580,0.25,0.65,1450,1450
3287,"DELAFRUIT, S.L.U",2024→2025,2024,2025,7820022041,Azúcar BIO Remolacha - Italia Zuccheri  Italia,sin_actividad,0,null,0,0.001,null,0,null
9183,"VIVER KOMBUCHA, S.L.",2024→2025,2024,2025,60003,Azúcar Líq. Neutra 67º- BIO - ES-ECO-024-MU(No UE),sin_actividad,0,null,0,0.001,null,0,null
9744,"NOVASYS PHARMA, S.L.U.",2024→2025,2024,2025,7300039291,Azúcar Blanco EEC Nº2 Caña - Kampong Speu Camboya,prod_perdido,1455.5,null,-1455.5,1.5,null,970.33,null
2073,"PLATOS TRADICIONALES, S.A",2024→2025,2024,2025,7400002031,Az Bl. EEC Nº2 Remolacha PTE DEST-Tereos Franci,prod_perdido,14336,null,-14336,12.8,null,1120,null
346,"PANARRO FOODS, S.L.",2024→2025,2024,2025,5100002011,Fructor 10/81 - Tereos  España,vol_precio,56908.8,17305.2,-39603.600000000006,74.1,25.08,768,690
5045,"DADELOS AGRICOLA, S.L.",2024→2025,2024,2025,44303,Fructosa Cristal – Materia Prima para Piensos,vol_precio,73524.5,51996.5,-21528,63.9,47.6,1150.62,1092.36
5230,"MARCHUET PALMERO, CARLOS",2024→2025,2024,2025,62001,Apimix - Pienso completo - Apicultura,prod_perdido,2070,null,-2070,2,null,1035,null
1385,"TRADING SURESTE, S.L.",2024→2025,2024,2025,40207,Azúcar BIO <45 ES-ECO-024-MU Ag UE REMOLACHA,prod_perdido,3630,null,-3630,6,null,605,null
2532,"ORTEGA GIMENEZ, JAVIER",2024→2025,2024,2025,44313,Apipasta Vitaminas 90% - Pienso para Apicultura,prod_perdido,1174.5,null,-1174.5,0.81,null,1450,null
239,"ASOCIACION DE APICULTORES DE VIZCAYA, B.E.",2024→2025,2024,2025,62020,Mix Fructor Apicultor - Pienso completo - Apicult.,prod_perdido,266,null,-266,0.25,null,1064,null
9919,NATURACOSM SARL,2024→2025,2024,2025,62021,Apimix 75 Pienso completo – Apicultura,prod_perdido,1374,null,-1374,1.2,null,1145,null
775,"NATRA CACAO,S.L.",2024→2025,2024,2025,7300039291,Azúcar Blanco EEC Nº2 Caña - Kampong Speu Camboya,vol_precio,1784356.5,25498,-1758858.5,1966.86,35.92,907.21,709.86
432,"CHOCOLATES ALGARRA, S.L.",2024→2025,2024,2025,7300039291,Azúcar Blanco EEC Nº2 Caña - Kampong Speu Camboya,vol_precio,83940,6986,-76954,100,11.8,839.4,592.03
297,"TARBAL FOOD, S.L.",2024→2025,2024,2025,5201054011,Glucor 45/80 - Roquette España,volumen,5712,12852,7140,4.8,10.8,1190,1190
716,"PENALVA ALIMENTACION, S.A.",2024→2025,2024,2025,4000050331,Dextrosa Maiz Cristal Monohidrato - ADM  Bulgaria,volumen,8968.75,46637.5,37668.75,8.75,45.5,1025,1025
9468,"VALLE AGUIRRE, S.L.",2024→2025,2024,2025,62400,Fondant ES-R01,precio,3907.2,3312,-595.1999999999998,2.88,2.88,1356.67,1150
9670,FOOD SPECIALITIES LIMITED FSL,2024→2025,2024,2025,61289,Fosvitae 95% Plus 78º,sin_actividad,0,null,0,0.001,null,0,null
450,"LA FLOR BURGALESA, S.L.",2024→2025,2024,2025,7800059261,Azúcar BIO Caña NOP - Incauca Colombia,volumen,7740,23123.25,15383.25,6,17.925,1290,1290
204,"PERNOD RICARD ESPAÑA, S.A.",2024→2025,2024,2025,62150,Jarabe de Melaza de Caña,sin_actividad,0,null,0,0.001,null,0,null
10079,"APIGLASS ENVASES Y MATERIAL APICOLA, S.L.U.",2024→2025,2024,2025,44315,Apipasta PLUS - Pienso para Apicultura,vol_precio,1092,6342,5250,0.84,5.04,1300,1258.33
1293,"PAPRIMUR, S.L.",2024→2025,2024,2025,7500004011,Correfino EEC Nº2 Caña/Rem - Azucarera España,prod_perdido,952,null,-952,0.8,null,1190,null
9195,"ASM NATURAL EXPERIENCE FRANCHISES, S.L.",2024→2025,2024,2025,65008,Azúcar en polvo LS Pallet EUR,prod_perdido,367.74,null,-367.74,0.27,null,1362,null
9954,"MANUFACTURAS THADER, S.L.",2024→2025,2024,2025,61289,Fosvitae 95% Plus 78º,sin_actividad,0,null,0,0.001,null,0,null
6251,"MIX PAK SYSTEM, S.L.",2024→2025,2024,2025,3010050341,Fructosa Maiz Cristal Polvo - ADM  Turquía,vol_precio,3350,36150,32800,2.5,30,1340,1205
9520,"GOLOSINAS MININOLAS, S.L.U.",2024→2025,2024,2025,5201002011,Glucor 45/80 - Tereos España,sin_actividad,0,null,0,0.001,null,0,null
3868,"EMPURIA GEL, S.L.",2024→2025,2024,2025,60105,"Azúcar PI 73,5-67",vol_precio,6534.5,4740,-1794.5,4.85,3.6,1347.32,1316.67
9437,"EL CORTÍN DEL ABEYÓN, S.L.",2024→2025,2024,2025,44315,Apipasta PLUS - Pienso para Apicultura,vol_precio,1428,588,-840,0.84,0.42,1700,1400
9473,"TÉCNICAS DEL CAMPO, S.L.",2024→2025,2024,2025,44313,Apipasta Vitaminas 90% - Pienso para Apicultura,prod_perdido,813.75,null,-813.75,0.525,null,1550,null
527,"CARNICAS SERRANO, S.L.",2024→2025,2024,2025,7500004011,Correfino EEC Nº2 Caña/Rem - Azucarera España,vol_precio,2139.5,666,-1473.5,1.7,0.9,1258.53,740
8349,"AGOTZAINA, S.L.",2024→2025,2024,2025,40340,Azúcar Perlado 1,prod_perdido,3604,null,-3604,2.65,null,1360,null
1787,"DULCES DEL TURIA, S.L.",2024→2025,2024,2025,60114,"Azúcar PI 73,5-67-C",vol_precio,2760,1320,-1440,2.4,1.2,1150,1100
2081,"ZUMOS Y FRUTAS CONCENTRADOS, S.L.",2024→2025,2024,2025,61247,Mixco Sweet 65-00.5050 U,prod_perdido,12457935.28,null,-12457935.28,10851.86,null,1148,null
2684,"INDUSTRIAS JIJONENCAS, S.A.",2024→2025,2024,2025,5101050031,Fructor 10/77 - ADM  Francia,prod_perdido,24163.48,null,-24163.48,35.692,null,677,null
5454,"ALIMENTACION Y NUTRICION FAMILIAR, S.L.",2024→2025,2024,2025,7300039291,Azúcar Blanco EEC Nº2 Caña - Kampong Speu Camboya,prod_perdido,16892,null,-16892,22.4,null,754.11,null
454,"SCKUESTRANCE, S.L.",2024→2025,2024,2025,5201002011,Glucor 45/80 - Tereos España,vol_precio,18693,8029.5,-10663.5,20.1,10.1,930,795
7395,VECO PHARMA SHPK,2024→2025,2024,2025,44313,Apipasta Vitaminas 90% - Pienso para Apicultura,vol_precio,4620,10920,6300,4.2,10.5,1100,1040
7897,"MANDIC OUTMILL MS4, S.L.",2024→2025,2024,2025,7300037021,Azúcar Blanco EEC Nº2 Caña - Sidul  Portugal,prod_perdido,371.25,null,-371.25,0.375,null,990,null
5653,ASOCIACION PALENTINA DE APICULTORES,2024→2025,2024,2025,62001,Apimix - Pienso completo - Apicultura,sin_actividad,0,null,0,0.03,null,0,null
1643,"DULCES ARTESANALES LINARES, S.L",2024→2025,2024,2025,7500004011,Correfino EEC Nº2 Caña/Rem - Azucarera España,prod_perdido,3560,null,-3560,4,null,890,null
5128,"FERTILIZANTES Y NUTRIENTES ECOLOGICOS, S.L.",2024→2025,2024,2025,42000,Dextrosa Cristal Monohidrato Maiz,prod_perdido,6150,null,-6150,3.75,null,1640,null
194,"COFRUTOS, S.A.",2024→2025,2024,2025,64094,Mixco Sweet 72-53.2323 100 Icu,volumen,24326.64,103957.74,79631.1,23.92,102.22,1017,1017
8003,"OBLEAS QUINTIN, S.L.",2024→2025,2024,2025,60114,"Azúcar PI 73,5-67-C",precio,1704,1512,-192,1.2,1.2,1420,1260
5045,"DADELOS AGRICOLA, S.L.",2024→2025,2024,2025,7300039291,Azúcar Blanco EEC Nº2 Caña - Kampong Speu Camboya,prod_perdido,24840,null,-24840,23,null,1080,null
9443,ANTONIO NADAL DESTIL.LERIES S.L.,2024→2025,2024,2025,60019,Azúcar Líquida Neutra 67º- Remolacha,vol_precio,177274.52,158131.2,-19143.319999999978,270.08,247.08,656.38,640
3683,"MADRID JULVE, LUIS",2024→2025,2024,2025,62001,Apimix - Pienso completo - Apicultura,vol_precio,320,313.5,-6.5,0.25,0.33,1280,950
302,"BODEGAS Y DESTILERIAS DEL SUR, S.A.",2024→2025,2024,2025,60010,Azúcar Liquida Neutra S.A.,vol_precio,89505.22,241348.1,151842.88,191.66,478.98,467,503.88
367,"CASA ROJA MONTEGON, S.L.",2024→2025,2024,2025,5101750031,Fructor 10/77 - ADM  Francia CUATRIMESTRAL,prod_perdido,2532,null,-2532,2.4,null,1055,null
361,"MARTIN GIL, EMILIA",2024→2025,2024,2025,44313,Apipasta Vitaminas 90% - Pienso para Apicultura,prod_perdido,1170,null,-1170,0.78,null,1500,null
2112,"LACASA, S.A.U.",2024→2025,2024,2025,7800013151,Azúcar BIO Caña - Elite NOP  India,prod_perdido,26136,null,-26136,19.8,null,1320,null
2684,"INDUSTRIAS JIJONENCAS, S.A.",2024→2025,2024,2025,41006,Fructosa MAIZ Cristal Granulada Pallet Plast. CHEP,prod_perdido,5512.25,null,-5512.25,4.25,null,1297,null
3997,"BRENNTAG QUIMICA, S.A.U.",2024→2025,2024,2025,3000750341,Fructosa Maiz Cristal Granulada-ADM Turquía CUATRI,sin_actividad,0,null,0,0,null,null,null
7115,"RIVERBEND ESPAÑA, S.A",2024→2025,2024,2025,61207,Mixco Sweet 74-00.5050 M1,volumen,242631.72,282338.64,39706.92000000001,149.22,173.64,1626,1626
2577,"IMPORTACO CASA PONS, S.A.U.",2024→2025,2024,2025,65006,Azúcar en polvo LS Pallet Plast. ZK,prod_perdido,3348,null,-3348,2.7,null,1240,null
594,"CERVERO AUSINA, JULIO",2024→2025,2024,2025,60010,Azúcar Liquida Neutra S.A.,vol_precio,21175.09,18711.1,-2463.9900000000016,19.236,20.45,1100.81,914.97
1832,"SIERRAS ANDALUZAS, S.C.A.",2024→2025,2024,2025,44301,Azucar Blanco – Materia Prima para Piensos,prod_perdido,38508,null,-38508,44.4,null,867.3,null
9824,GALLETAS ARTIACH S.A.U.,2024→2025,2024,2025,99950,Producto de Pruebas Líquido - 1,sin_actividad,0,null,0,0.025,null,0,null
1786,"ANITIN PANES ESPECIALES, S.L.",2024→2025,2024,2025,7500004011,Correfino EEC Nº2 Caña/Rem - Azucarera España,vol_precio,11476,27729.6,16253.599999999999,11.6,44.8,989.31,618.96
3375,"EUROCHOC, S.L.",2024→2025,2024,2025,61185,Mixco Sweet 70-93.0000,vol_precio,10741.1,12314.84,1573.7399999999998,9.34,11.93,1150.01,1032.26
3610,"PINAZO MARTINEZ, JULIAN",2024→2025,2024,2025,62020,Mix Fructor Apicultor - Pienso completo - Apicult.,prod_perdido,572,null,-572,0.5,null,1144,null
605,PROMIEL AGRUP. DE AP.COOP.VNA.,2024→2025,2024,2025,44301,Azucar Blanco – Materia Prima para Piensos,prod_perdido,18328,null,-18328,23.2,null,790,null
7022,"FRUTOS SECOS EMPERADOR, S.L.",2024→2025,2024,2025,7300005081,Azúcar Blanco EEC Nº2 Caña - Cosumar  Marruecos,prod_perdido,3564,null,-3564,3.6,null,990,null
211,"MARTINEZ NIETO, S.A.",2024→2025,2024,2025,3020750341,Fructosa Maiz Cristal Disolving-ADM Turquía CUATRI,vol_precio,120905.51,22944,-97961.51,98.677,19.2,1225.27,1195
4369,"LA TIENDA DEL APICULTOR, S.L.U.",2024→2025,2024,2025,44313,Apipasta Vitaminas 90% - Pienso para Apicultura,vol_precio,217570.5,265545,47974.5,178.5,264.6,1218.88,1003.57
1528,"JUAN Y JUAN INDUSTRIAL, S.L.U.",2024→2025,2024,2025,7300039291,Azúcar Blanco EEC Nº2 Caña - Kampong Speu Camboya,vol_precio,989625.78,29551.5,-960074.28,1111.29,49.5,890.52,597
1284,"FRUTAS Y TURRONES, S.A.",2024→2025,2024,2025,61138,Mixco Sweet 75-45.0718,vol_precio,145983.64,109017.4,-36966.24000000002,144.18,126.18,1012.51,863.98
1314,"MANUFACTURAS PIBERNAT, S.L.",2024→2025,2024,2025,40207,Azúcar BIO <45 ES-ECO-024-MU Ag UE REMOLACHA,prod_perdido,13200,null,-13200,20,null,660,null
542,"SDAD.ESPAÑOLA COLOR. NATURALES Y AFINES, S.A.U.",2024→2025,2024,2025,1110049321,Maltitol Liquido - Shandong Tianli Pharm-China,vol_precio,103866.6,72544.28,-31322.320000000007,98.44,72.12,1055.13,1005.88
3225,"SURIVAN FEEL THE TASTE, S.L.",2024→2025,2024,2025,3010750341,Fructosa Maiz Cristal Polvo - ADM  Turquía CUATRIM,prod_perdido,2780,null,-2780,2,null,1390,null
6734,"COLONIALES EL SOL, S.L.",2024→2025,2024,2025,45006,AZÚCAR BLANCO EEC Nº2 C - PQ01 RETAIL – JUST SUGAR,vol_precio,10685.79,11424,738.2099999999991,10.561,13.44,1011.82,850
3218,"DEL RIO GIL, LINDA",2024→2025,2024,2025,44301,Azucar Blanco – Materia Prima para Piensos,prod_perdido,9350,null,-9350,11,null,850,null
609,"ALBORCHATA,S.L.",2024→2025,2024,2025,7300037021,Azúcar Blanco EEC Nº2 Caña - Sidul  Portugal,prod_perdido,9968,null,-9968,11.2,null,890,null
4369,"LA TIENDA DEL APICULTOR, S.L.U.",2024→2025,2024,2025,62000,Mix Idoneo - Pienso Completo - Apicultura,vol_precio,2400,840,-1560,2.4,1.2,1000,700
400,"ASOCIACION IND. ALICANTINA DEL HELADO, S.A.",2024→2025,2024,2025,7300039291,Azúcar Blanco EEC Nº2 Caña - Kampong Speu Camboya,vol_precio,536878.58,15186.6,-521691.98,607.06,25.96,884.39,585
7185,"ILE AGROCENTRO LEON, S.L.",2024→2025,2024,2025,44313,Apipasta Vitaminas 90% - Pienso para Apicultura,prod_perdido,19477.5,null,-19477.5,13.65,null,1426.92,null
3187,"AZELIS ESPAÑA, S.A.",2024→2025,2024,2025,4000050331,Dextrosa Maiz Cristal Monohidrato - ADM  Bulgaria,volumen,34831.25,30628.75,-4202.5,36.876,32.5,944.55,942.42
9449,"CASALTA CERISUELO, SALVADOR",2024→2025,2024,2025,62001,Apimix - Pienso completo - Apicultura,prod_perdido,287.5,null,-287.5,0.25,null,1150,null
9067,"SCHREIBER FOODS ESPAÑA, S.L.",2024→2025,2024,2025,7400002031,Az Bl. EEC Nº2 Remolacha PTE DEST-Tereos Franci,prod_perdido,240476.1,null,-240476.1,234.04,null,1027.5,null
9956,"NORDMANN, RASSMANN GMBH",2024→2025,2024,2025,61289,Fosvitae 95% Plus 78º,sin_actividad,0,0,0,0.01,0.003,0,0
9107,"MARTIN PAVON, MARIA JOSE",2024→2025,2024,2025,44313,Apipasta Vitaminas 90% - Pienso para Apicultura,sin_actividad,0,null,0,0,null,null,null
9634,ALLIVE EUROPE UAB,2024→2025,2024,2025,99950,Producto de Pruebas Líquido - 1,sin_actividad,0,null,0,0.001,null,0,null
440,"MAZAPANES Y DULCES DE TOLEDO, S.A.",2024→2025,2024,2025,5101750031,Fructor 10/77 - ADM  Francia CUATRIMESTRAL,prod_perdido,1740,null,-1740,1.2,null,1450,null
4369,"LA TIENDA DEL APICULTOR, S.L.U.",2024→2025,2024,2025,7220030211,>150 ICUMSA - Wilmar  Myanmar,prod_perdido,12138,null,-12138,20.4,null,595,null
2832,DULCES LA ABUELA COOP VNA,2024→2025,2024,2025,5101054011,Fructor 10/77 - Roquette España,vol_precio,2136,9912,7776,2.4,12,890,826
225,"FRUTAS Y CONSERVAS DE MURCIA, S.L.",2024→2025,2024,2025,61220,Mixco Sweet 65-00.5050,volumen,18002.04,36085.5,18083.46,24.36,49.5,739,729
6828,AGRUP.DEFENSA SANIT.APIC.REG.DE MURCIA,2024→2025,2024,2025,62001,Apimix - Pienso completo - Apicultura,vol_precio,4801.5,17060.55,12259.05,4.95,20.19,970,845
1774,"BODEGAS VINIVAL, S.L.",2024→2025,2024,2025,61293,Mixco Sweet 70-55.0045,vol_precio,85106.3,17732.22,-67374.08,109.9,24.06,774.4,737
6147,"ANDALUZA DE MIELES, S.L.",2024→2025,2024,2025,62154,Mixco Sweet 80-31.3233 JM,precio,55824.75,52914.6,-2910.1500000000015,43.275,43.02,1290,1230
2691,"CAMPILLO MONDEJAR, C.B.",2024→2025,2024,2025,65005,Azúcar en polvo LS,volumen,792,594,-198,0.6,0.45,1320,1320
453,"AZUCARES LOZANO GARCIA, S.L.",2024→2025,2024,2025,40103,Azúcar Moreno >2500i - Brown (Dry Dem BLZ),prod_perdido,1175,null,-1175,1,null,1175,null
9627,"CONEJO NUÑEZ, FRANCISCO JOSE",2024→2025,2024,2025,44335,Azúcar Blanco BIO MP para piensos,prod_perdido,945,null,-945,0.7,null,1350,null
211,"MARTINEZ NIETO, S.A.",2024→2025,2024,2025,3020050341,Fructosa Maiz Cristal Disolving - ADM  Turquía,vol_precio,58228,22944,-35284,41.2,19.2,1413.3,1195
1752,"ROYMY 21, S.L",2024→2025,2024,2025,1110049321,Maltitol Liquido - Shandong Tianli Pharm-China,prod_perdido,1426.1,null,-1426.1,1.3,null,1097,null
248,"CONSERVAS EL VALLE, S.L.",2024→2025,2024,2025,40103,Azúcar Moreno >2500i - Brown (Dry Dem BLZ),prod_perdido,242,null,-242,0.2,null,1210,null
7183,"INTERCASA, S.A.",2024→2025,2024,2025,43003,Maltitol 55/75,sin_actividad,0,null,0,0,null,null,null
592,"FRAMAJOVA, S.L",2024→2025,2024,2025,61289,Fosvitae 95% Plus 78º,sin_actividad,0,null,0,0.001,null,0,null
244,"PAPISA, S.L.",2024→2025,2024,2025,7230007131,DC Raw Sugar >4000I - Cassa  El Salvador,sin_actividad,0,null,0,0.001,null,0,null
7558,HARINAS CASTILLA LA MANCHA S.L,2024→2025,2024,2025,7400002031,Az Bl. EEC Nº2 Remolacha PTE DEST-Tereos Franci,prod_perdido,23040,null,-23040,24,null,960,null
8996,"RAMYMAR FRUITS, S.L.",2024→2025,2024,2025,44313,Apipasta Vitaminas 90% - Pienso para Apicultura,prod_perdido,217.5,null,-217.5,0.15,null,1450,null
3089,"CANTIN CEBRIAN, JESUS MIGUEL",2024→2025,2024,2025,44301,Azucar Blanco – Materia Prima para Piensos,vol_precio,2910,1280,-1630,3,1.6,970,800
535,"FRIMAR PANADEROS, S.L.",2024→2025,2024,2025,7300037021,Azúcar Blanco EEC Nº2 Caña - Sidul  Portugal,prod_perdido,107870.4,null,-107870.4,108.96,null,990,null
4892,"COMEX BAKERY, S.L.U.",2024→2025,2024,2025,7500004011,Correfino EEC Nº2 Caña/Rem - Azucarera España,prod_perdido,3419,null,-3419,2.6,null,1315,null
9683,SCHWARTAUER WERKE GMBH & CO. KG,2024→2025,2024,2025,61303,Fosvitae R 85 - 74º,vol_precio,2618.4,30916.8,28298.399999999998,1.2,18.24,2182,1695
8854,JOHANNES LÜHDERS KG,2024→2025,2024,2025,61289,Fosvitae 95% Plus 78º,vol_precio,21896.5,17231.3,-4665.200000000001,5.99,4.81,3655.51,3582.39
220,"PASTELERIA GIMAR, S.L.",2024→2025,2024,2025,43101,Sorbitol Liquido 70% No cristalizable - EPSA,sin_actividad,0,null,0,0.001,null,0,null
773,"IBERCACAO, S.A.U.",2024→2025,2024,2025,62401,Fondant ES-R02,sin_actividad,0,null,0,0.001,null,0,null
2112,"LACASA, S.A.U.",2024→2025,2024,2025,7840046301,Azúcar BIO 200-800 IC - Azucarera El Viejo C.Rica,prod_perdido,31680,null,-31680,24,null,1320,null
9609,"VAMINTER, S.L.",2024→2025,2024,2025,44200,Maltor 70/80,sin_actividad,0,null,0,0.001,null,0,null
3200,"PEINADO HERNANDEZ, EDUARDO",2024→2025,2024,2025,44301,Azucar Blanco – Materia Prima para Piensos,prod_perdido,2112,null,-2112,2.4,null,880,null
1528,"JUAN Y JUAN INDUSTRIAL, S.L.U.",2024→2025,2024,2025,7300037021,Azúcar Blanco EEC Nº2 Caña - Sidul  Portugal,prod_perdido,134773.92,null,-134773.92,129.84,null,1038,null
9625,"VILALCORTA GARCIA, JOSEBA",2024→2025,2024,2025,44314,Apipasta 90% - BIO - Pienso completo - Apicultura,prod_perdido,1248,null,-1248,0.6,null,2080,null
884,"INTERNAC. DE COMERCIO Y DESTILERIAS J BORRAJO, S.A",2024→2025,2024,2025,60010,Azúcar Liquida Neutra S.A.,sin_actividad,0,0,0,0.001,0.004,0,0
9691,SARL POCQUET APICULTURE,2024→2025,2024,2025,44313,Apipasta Vitaminas 90% - Pienso para Apicultura,prod_perdido,6615,null,-6615,4.5,null,1470,null
5679,"AB MAURI FOOD, S.A.",2024→2025,2024,2025,7300005081,Azúcar Blanco EEC Nº2 Caña - Cosumar  Marruecos,sin_actividad,0,null,0,0.003,null,0,null
3306,"INBIOLEV, S.L.",2024→2025,2024,2025,7300005081,Azúcar Blanco EEC Nº2 Caña - Cosumar  Marruecos,prod_perdido,4224,null,-4224,4.8,null,880,null
436,"TURRONES JOSE GARRIGOS, S.A.",2024→2025,2024,2025,60119,Azúcar PI 74-50,vol_precio,292427.44,246263.6,-46163.84,461.68,507.76,633.4,485
582,"HIJOS DE SALVADOR COSTA, S.L.",2024→2025,2024,2025,7400002031,Az Bl. EEC Nº2 Remolacha PTE DEST-Tereos Franci,prod_perdido,118244,null,-118244,133.6,null,885.06,null
523,"CORALIM INGREDIENTS, S.L.",2024→2025,2024,2025,41000,Fructosa MAIZ Cristal,prod_perdido,277.5,null,-277.5,0.15,null,1850,null
1854,"ROYPAS BY NUTRIS, S.A.",2024→2025,2024,2025,7400002031,Az Bl. EEC Nº2 Remolacha PTE DEST-Tereos Franci,prod_perdido,26738.8,null,-26738.8,25.96,null,1030,null
6449,"PRODEL AGRICOLA, S.L.",2024→2025,2024,2025,44313,Apipasta Vitaminas 90% - Pienso para Apicultura,vol_precio,27300,16170,-11130,21,14.7,1300,1100
9833,DONNY G APICOLE SRL,2024→2025,2024,2025,44313,Apipasta Vitaminas 90% - Pienso para Apicultura,vol_precio,4084.5,5460,1375.5,3.15,5.25,1296.67,1040
7558,HARINAS CASTILLA LA MANCHA S.L,2024→2025,2024,2025,61289,Fosvitae 95% Plus 78º,prod_perdido,2580,null,-2580,1.2,null,2150,null
9781,ADVANCE SCIENCE LIMITED,2024→2025,2024,2025,62032,APIMIX INSTANT,sin_actividad,0,null,0,0.002,null,0,null
5314,"PROFESSIONAL DAIRY PRODUCTS, S.L.",2024→2025,2024,2025,1210002031,Sorbitol Liquido - Tereos Francia,prod_perdido,12432,null,-12432,9.6,null,1295,null
283,"BOLLERIA BJV, S.L.",2024→2025,2024,2025,7300039291,Azúcar Blanco EEC Nº2 Caña - Kampong Speu Camboya,prod_perdido,52183.2,null,-52183.2,51.16,null,1020,null
595,"ROSCRIS BENIOPA, S.L",2024→2025,2024,2025,40103,Azúcar Moreno >2500i - Brown (Dry Dem BLZ),volumen,9113.75,1150,-7963.75,7.925,1,1150,1150
9195,"ASM NATURAL EXPERIENCE FRANCHISES, S.L.",2024→2025,2024,2025,65005,Azúcar en polvo LS,volumen,5230.08,612.9,-4617.18,3.84,0.45,1362,1362
7918,"REFRESCO IBERIA, S.A.U. ",2024→2025,2024,2025,7500004011,Correfino EEC Nº2 Caña/Rem - Azucarera España,prod_perdido,27634.5,null,-27634.5,26.7,null,1035,null
9159,"APISALCER, SLU",2024→2025,2024,2025,7300037021,Azúcar Blanco EEC Nº2 Caña - Sidul  Portugal,prod_perdido,46,null,-46,0.05,null,920,null
9770,HALO FOODS LTD,2024→2025,2024,2025,99950,Producto de Pruebas Líquido - 1,sin_actividad,0,null,0,0.001,null,0,null
418,"MANUFACTURAS CEYLAN, S.L.",2024→2025,2024,2025,3010750341,Fructosa Maiz Cristal Polvo - ADM  Turquía CUATRIM,sin_actividad,0,null,0,0.001,null,0,null
1746,"PRIMITIVO PICO, S.A",2024→2025,2024,2025,7300005081,Azúcar Blanco EEC Nº2 Caña - Cosumar  Marruecos,prod_perdido,9360,null,-9360,12,null,780,null
457,"AMAHER, S.L.",2024→2025,2024,2025,3010050341,Fructosa Maiz Cristal Polvo - ADM  Turquía,prod_perdido,15000,null,-15000,12,null,1250,null
7171,"QUIRANTE FRUITS, S.L.",2024→2025,2024,2025,60250,Compotienz-2106,vol_precio,1879360.4,1845284.4,-34076,1771.52,2116.55,1060.87,871.84
465,"INVESTIGACION Y DESARROLLO PANADERO, S.L.",2024→2025,2024,2025,4000050331,Dextrosa Maiz Cristal Monohidrato - ADM  Bulgaria,prod_perdido,3675,null,-3675,3.75,null,980,null
1661,"DELAVIUDA ALIMENTACION, S.A",2024→2025,2024,2025,99950,Producto de Pruebas Líquido - 1,sin_actividad,0,null,0,0.023,null,0,null
4031,"ESPECIALITATS M. MASDEU, S.L.",2024→2025,2024,2025,5101856021,Fructor 10/77 - Copam  Portugal TRIMESTRAL,prod_perdido,1782,null,-1782,1.2,null,1485,null
9701,SDOUKOS S.A.,2024→2025,2024,2025,99950,Producto de Pruebas Líquido - 1,sin_actividad,0,null,0,0.001,null,0,null
244,"PAPISA, S.L.",2024→2025,2024,2025,7500004011,Correfino EEC Nº2 Caña/Rem - Azucarera España,prod_perdido,1504,null,-1504,1.6,null,940,null
889,"ESPECIALIDADES DEL OBRADOR, S.L.",2024→2025,2024,2025,41000,Fructosa MAIZ Cristal,prod_perdido,227.75,null,-227.75,0.125,null,1822,null
7558,HARINAS CASTILLA LA MANCHA S.L,2024→2025,2024,2025,7300015111,Azúcar Blanco EEC Nº2 Caña - Pantaleon  Guatemala,precio,16746.4,15415.4,-1331.0000000000018,24.2,24.2,692,637
492,"ENRIQUE GARRIGOS MONERRIS, S.A.",2024→2025,2024,2025,60119,Azúcar PI 74-50,vol_precio,111088.72,71512.24,-39576.479999999996,181.76,143.96,611.18,496.75
430,"MONZO LUIS, S.L.",2024→2025,2024,2025,7300039291,Azúcar Blanco EEC Nº2 Caña - Kampong Speu Camboya,prod_perdido,119433.8,null,-119433.8,142.24,null,839.66,null
6734,"COLONIALES EL SOL, S.L.",2024→2025,2024,2025,7300005081,Azúcar Blanco EEC Nº2 Caña - Cosumar  Marruecos,prod_perdido,2752,null,-2752,3.2,null,860,null
884,"INTERNAC. DE COMERCIO Y DESTILERIAS J BORRAJO, S.A",2024→2025,2024,2025,7400002031,Az Bl. EEC Nº2 Remolacha PTE DEST-Tereos Franci,prod_perdido,32537.08,null,-32537.08,41.175,null,790.21,null
566,"ALMACENES MIGUEZ 2005,S.L.",2024→2025,2024,2025,62022,Apimix 75 PyV Pienso completo – Apicultura,volumen,3840,65072,61232,4.8,81.34,800,800
3211,"PEREZ BARRERA, FRANCISCO",2024→2025,2024,2025,62000,Mix Idoneo - Pienso Completo - Apicultura,prod_perdido,585,null,-585,0.5,null,1170,null
9748,LAURIERI S.R.L.,2024→2025,2024,2025,61200,Fosvitae 85%,sin_actividad,0,null,0,0.001,null,0,null
769,"ANGEL CAMACHO ALIMENTACION, S.L.",2024→2025,2024,2025,7300037021,Azúcar Blanco EEC Nº2 Caña - Sidul  Portugal,prod_perdido,85958.4,null,-85958.4,88.8,null,968,null
5393,ICKOWICZ APICULTURE SAS,2024→2025,2024,2025,44314,Apipasta 90% - BIO - Pienso completo - Apicultura,vol_precio,60270,137235,76965,35.7,90.3,1688.24,1519.77
1854,"ROYPAS BY NUTRIS, S.A.",2024→2025,2024,2025,61289,Fosvitae 95% Plus 78º,volumen,1243641.28,325683.36,-917957.92,439.76,117.12,2828,2780.77
321,"PRODUCTOS PEPITO, S.L.U.",2024→2025,2024,2025,7300039291,Azúcar Blanco EEC Nº2 Caña - Kampong Speu Camboya,prod_perdido,3511.2,null,-3511.2,4.8,null,731.5,null
4561,"AGRICOM, S.R.L.",2024→2025,2024,2025,62028,Apimix Pienso Completo (ESP-ITA),vol_precio,9700.8,1710,-7990.799999999999,10.8,2.4,898.22,712.5
1787,"DULCES DEL TURIA, S.L.",2024→2025,2024,2025,65005,Azúcar en polvo LS,vol_precio,2242.65,1519.8,-722.8500000000001,1.695,1.02,1323.1,1490
7950,LES RUCHERS DU TALUS,2024→2025,2024,2025,44310,Apipasta 90% - Pienso completo - Apicultura,precio,1251,936,-315,0.9,0.9,1390,1040
4329,"ZAFRA SANTILLANA, ELOY",2024→2025,2024,2025,44313,Apipasta Vitaminas 90% - Pienso para Apicultura,vol_precio,18532.5,11550,-6982.5,14.7,11.55,1260.71,1000
7708,"MARTIN BERNAL, LAURA",2024→2025,2024,2025,7500004011,Correfino EEC Nº2 Caña/Rem - Azucarera España,prod_perdido,688,null,-688,0.8,null,860,null
9437,"EL CORTÍN DEL ABEYÓN, S.L.",2024→2025,2024,2025,62000,Mix Idoneo - Pienso Completo - Apicultura,prod_perdido,900,null,-900,1.2,null,750,null
2112,"LACASA, S.A.U.",2024→2025,2024,2025,40206,Azúcar Blanco BIO ES-ECO-024-MU Ag No UE NOP,prod_perdido,26136,null,-26136,19.8,null,1320,null
2903,"MEDITERRANEA MELLIS, S.L.",2024→2025,2024,2025,99950,Producto de Pruebas Líquido - 1,sin_actividad,0,0,0,0.004,0.002,0,0
4908,"PEREZ BARQUERO, S.A.",2024→2025,2024,2025,60209,Azúcar Invertido 63º,prod_perdido,61336.9,null,-61336.9,75.26,null,815,null
4561,"AGRICOM, S.R.L.",2024→2025,2024,2025,44315,Apipasta PLUS - Pienso para Apicultura,vol_precio,3869.04,8925,5055.96,2.1,7.56,1842.4,1180.56
9410,"NORDMANN, RASSMANN POLSKA SP. Z O.O.",2024→2025,2024,2025,61228,Fosvitae 95% Plus,prod_perdido,61745,null,-61745,23.3,null,2650,null
4634,"MASQPAN EXCLUSIVAS, S.L.",2024→2025,2024,2025,7300039291,Azúcar Blanco EEC Nº2 Caña - Kampong Speu Camboya,prod_perdido,1536,null,-1536,2.4,null,640,null
462,"ROMEDUL, S.L.",2024→2025,2024,2025,7610010201,Azúcar Perlado 1-Sudzucker Belgica,volumen,1047.9,1492,444.0999999999999,0.7,1,1497,1492
9673,"SANTOS CASTILLA, HERMINIA MARIA",2024→2025,2024,2025,44314,Apipasta 90% - BIO - Pienso completo - Apicultura,precio,1098.9,999,-99.90000000000009,0.555,0.555,1980,1800
3187,"AZELIS ESPAÑA, S.A.",2024→2025,2024,2025,5205002011,Glucor 37/79 - Tereos  España,prod_perdido,10740,null,-10740,12,null,895,null
8389,"CASCALES SANCHEZ, JESUS MANUEL",2024→2025,2024,2025,44314,Apipasta 90% - BIO - Pienso completo - Apicultura,vol_precio,999.75,1026,26.25,0.645,0.57,1550,1800
7579,"HIJOS DE JOSE GOMARIZ LOPEZ, S.L.",2024→2025,2024,2025,5101002011,Fructor 10/77 - Tereos  España,prod_perdido,756.86,null,-756.86,0.82,null,923,null
5373,"VERTICE DE INNOVACION Y DESAR.DE ALIMENTOS, S.A.U.",2024→2025,2024,2025,60118,Azúcar PI 71-90,vol_precio,72398.84,45680.28,-26718.559999999998,85.54,75.38,846.37,606
1747,"FRUIT TECH NATURAL, S.A.",2024→2025,2024,2025,61208,Mixco Sweet 74-00.5050 I,vol_precio,242789.96,205160.48,-37629.47999999998,198.52,174.16,1223,1178
2646,"PERALES RODRIGUEZ, JOSE LUIS",2024→2025,2024,2025,5201054011,Glucor 45/80 - Roquette España,sin_cambio,1380,1380,0,1.2,1.2,1150,1150
295,"EUROCAVIAR, S.A.",2024→2025,2024,2025,7300039291,Azúcar Blanco EEC Nº2 Caña - Kampong Speu Camboya,prod_perdido,95.28,null,-95.28,0.08,null,1191,null
6467,"CATALINA FOOD SOLUTIONS, S.L.",2024→2025,2024,2025,3010750341,Fructosa Maiz Cristal Polvo - ADM  Turquía CUATRIM,sin_actividad,0,null,0,0.001,null,0,null
204,"PERNOD RICARD ESPAÑA, S.A.",2024→2025,2024,2025,60010,Azúcar Liquida Neutra S.A.,vol_precio,1205720.2,761948.4,-443771.79999999993,1586.82,1454.1,759.83,524
1233,"VALENCIANA PASTELERA, S.L.",2024→2025,2024,2025,7200017111,>45 ICUMSA - Palo Gordo Guatemala,vol_precio,28248,8640,-19608,40.8,14.4,692.35,600
458,"CASTY, S.A.",2024→2025,2024,2025,5206050031,Maltor 70/80 - ADM  Francia,vol_precio,78941.91,120701.9,41759.98999999999,120.522,216.7,655,557
827,"TOMAS JIMENEZ, IGNACIO GERMAN",2024→2025,2024,2025,40016,Azúcar Blanco EEC Nº 2,prod_perdido,476,null,-476,0.4,null,1190,null
9810,"ALLTECH CROP SCIENCE, S.L.U",2024→2025,2024,2025,42000,Dextrosa Cristal Monohidrato Maiz,prod_perdido,2225,null,-2225,2.501,null,889.64,null
6338,CENTRO NAC. TECNOLOGIA Y SEGURIDAD ALIMENTARIA,2024→2025,2024,2025,61289,Fosvitae 95% Plus 78º,sin_actividad,0,0,0,0.011,0.005,0,0
7972,MOCHI LUXURY S.L,2024→2025,2024,2025,60105,"Azúcar PI 73,5-67",vol_precio,8845,11928,3083,7.25,10.8,1220,1104.44
8479,FA. BLIESGAUBEUTE,2024→2025,2024,2025,44313,Apipasta Vitaminas 90% - Pienso para Apicultura,prod_perdido,2827.5,null,-2827.5,1.95,null,1450,null
4002,"ABB MJ FERNANDEZ ARANDA, S.L.",2024→2025,2024,2025,7300005081,Azúcar Blanco EEC Nº2 Caña - Cosumar  Marruecos,prod_perdido,8030,null,-8030,11,null,730,null
2337,"METAROM IBERICA, S.A.U.",2024→2025,2024,2025,60000,Azúcar Líquida Neutra 67º,prod_perdido,948,null,-948,1.2,null,790,null
9765,"MUNDAKA HELADOS, S.L.",2024→2025,2024,2025,7500004011,Correfino EEC Nº2 Caña/Rem - Azucarera España,prod_perdido,1584,null,-1584,1.6,null,990,null
4002,"ABB MJ FERNANDEZ ARANDA, S.L.",2024→2025,2024,2025,4000050331,Dextrosa Maiz Cristal Monohidrato - ADM  Bulgaria,prod_perdido,5750,null,-5750,5,null,1150,null
261,"EZTIKIDETZA, S.A.T.",2024→2025,2024,2025,44310,Apipasta 90% - Pienso completo - Apicultura,prod_perdido,2499,null,-2499,2.1,null,1190,null
484,"PRODUCTOS LA PILARICA, S.A.",2024→2025,2024,2025,7500004011,Correfino EEC Nº2 Caña/Rem - Azucarera España,precio,11940,7920,-4020,12,12,995,660
3154,"FRIAS NUTRICION, S.A.",2024→2025,2024,2025,40206,Azúcar Blanco BIO ES-ECO-024-MU Ag No UE NOP,prod_perdido,5748,null,-5748,4,null,1437,null
2654,"LORENTE TORRELLA, JOSE",2024→2025,2024,2025,44301,Azucar Blanco – Materia Prima para Piensos,prod_perdido,3800,null,-3800,4,null,950,null
6573,"GRAU SANCHEZ, MANUEL",2024→2025,2024,2025,44313,Apipasta Vitaminas 90% - Pienso para Apicultura,prod_perdido,90,null,-90,0.06,null,1500,null
8349,"AGOTZAINA, S.L.",2024→2025,2024,2025,7610010201,Azúcar Perlado 1-Sudzucker Belgica,volumen,18598,27660,9062,13.675,20,1360,1383
400,"ASOCIACION IND. ALICANTINA DEL HELADO, S.A.",2024→2025,2024,2025,41006,Fructosa MAIZ Cristal Granulada Pallet Plast. CHEP,prod_perdido,82880,null,-82880,56,null,1480,null
4976,"NOGUERA CANTO, GUSTAVO",2024→2025,2024,2025,44313,Apipasta Vitaminas 90% - Pienso para Apicultura,prod_perdido,651.75,null,-651.75,0.435,null,1498.28,null
473,"MAZALMENDRA, S.L.",2024→2025,2024,2025,7300005081,Azúcar Blanco EEC Nº2 Caña - Cosumar  Marruecos,vol_precio,27958.6,48510,20551.4,34.38,77,813.22,630
1752,"ROYMY 21, S.L",2024→2025,2024,2025,7600010012,Azúcar Perlado 2-Sudzucker España,prod_perdido,1695,null,-1695,1,null,1695,null
2081,"ZUMOS Y FRUTAS CONCENTRADOS, S.L.",2024→2025,2024,2025,61280,Mixco Sweet 68-00.5050 RC V2,volumen,1706538.96,226115.12,-1480423.8399999999,1716.84,227.48,994,994
4045,HEINEKEN GLOBAL PROCUREMENT B.V.,2024→2025,2024,2025,60005,Azúcar Liquida Neutra en M.Seca,precio,1114384.04,659334.64,-455049.4,1047.994,1032.671,1063.35,638.48
7171,"QUIRANTE FRUITS, S.L.",2024→2025,2024,2025,61302,Mixco Sweet 70-00.5050 UH,vol_precio,2753587.88,9653645.74,6900057.86,2199.63,8334.488,1251.84,1158.28
2763,"HERMANOS ROMAN ALAMINOS, S.L.",2024→2025,2024,2025,7300039291,Azúcar Blanco EEC Nº2 Caña - Kampong Speu Camboya,prod_perdido,114115.7,null,-114115.7,118.56,null,962.51,null
8621,"JUAN FERRI, JUAN JOSE",2024→2025,2024,2025,7500004011,Correfino EEC Nº2 Caña/Rem - Azucarera España,prod_perdido,3799.8,null,-3799.8,3.4,null,1117.59,null
517,"DUPAN, S.L.",2024→2025,2024,2025,61228,Fosvitae 95% Plus,sin_actividad,0,null,0,0.006,null,0,null
528,"MANUFACTURAS COVISAL, S.L.",2024→2025,2024,2025,7300039291,Azúcar Blanco EEC Nº2 Caña - Kampong Speu Camboya,vol_precio,4200,576,-3624,4,0.8,1050,720
455,"EMILIO PEÑA, S.A.",2024→2025,2024,2025,7300039291,Azúcar Blanco EEC Nº2 Caña - Kampong Speu Camboya,prod_perdido,1528,null,-1528,1.6,null,955,null
769,"ANGEL CAMACHO ALIMENTACION, S.L.",2024→2025,2024,2025,3000050341,Fructosa Maiz Cristal Granulada - ADM  Turquía,vol_precio,44341.25,110625,66283.75,23.75,93.75,1867,1180
6557,"MAR FERTILIZANTES, S.L.",2024→2025,2024,2025,60105,"Azúcar PI 73,5-67",prod_perdido,1482,null,-1482,1.2,null,1235,null
211,"MARTINEZ NIETO, S.A.",2024→2025,2024,2025,41000,Fructosa MAIZ Cristal,prod_perdido,1737.5,null,-1737.5,1.25,null,1390,null
889,"ESPECIALIDADES DEL OBRADOR, S.L.",2024→2025,2024,2025,62406,Fondant ES-R01 Palet Chep Plástico 80x120,prod_perdido,20.25,null,-20.25,0.015,null,1350,null
6449,"PRODEL AGRICOLA, S.L.",2024→2025,2024,2025,62001,Apimix - Pienso completo - Apicultura,prod_perdido,1015.2,null,-1015.2,1.08,null,940,null
1987,"GOMEZ MURRIA, RAFAEL",2024→2025,2024,2025,44313,Apipasta Vitaminas 90% - Pienso para Apicultura,prod_perdido,1522.5,null,-1522.5,1.05,null,1450,null
9828,"GOODBEER, S.L.",2024→2025,2024,2025,4000050331,Dextrosa Maiz Cristal Monohidrato - ADM  Bulgaria,volumen,4950,19600,14650,5,20,990,980
237,"DULCES SANTA CRUZ, S.L.",2024→2025,2024,2025,43003,Maltitol 55/75,prod_perdido,4212,null,-4212,2.6,null,1620,null
734,"HORCHATAS MERCADER,S.L.",2024→2025,2024,2025,7300039291,Azúcar Blanco EEC Nº2 Caña - Kampong Speu Camboya,prod_perdido,16170.4,null,-16170.4,23.2,null,697,null
7765,SURINVER EL GRUPO S.COOP,2024→2025,2024,2025,7500004011,Correfino EEC Nº2 Caña/Rem - Azucarera España,precio,1904,1152,-752,1.6,1.6,1190,720
428,"PASTELERIA INDUSTRIAL MONTE TURIA, S.A.",2024→2025,2024,2025,7300039291,Azúcar Blanco EEC Nº2 Caña - Kampong Speu Camboya,vol_precio,197012.8,13908,-183104.8,296.8,22.8,663.79,610
1787,"DULCES DEL TURIA, S.L.",2024→2025,2024,2025,7400002031,Az Bl. EEC Nº2 Remolacha PTE DEST-Tereos Franci,vol_precio,5280,3280,-2000,6.4,4.8,825,683.33
5992,"CHOZAS CARRASCAL GR, S.L.",2024→2025,2024,2025,40207,Azúcar BIO <45 ES-ECO-024-MU Ag UE REMOLACHA,prod_perdido,2700,0,-2700,2,0,1350,null
1771,"EL CASERIO, S.A",2024→2025,2024,2025,7400002031,Az Bl. EEC Nº2 Remolacha PTE DEST-Tereos Franci,prod_perdido,53234.04,null,-53234.04,73.72,null,722.11,null
7171,"QUIRANTE FRUITS, S.L.",2024→2025,2024,2025,64505,COMPO RAE,prod_perdido,9095,null,-9095,7.276,null,1250,null
8479,FA. BLIESGAUBEUTE,2024→2025,2024,2025,62001,Apimix - Pienso completo - Apicultura,vol_precio,798,714,-84,0.84,1.2,950,595
9781,ADVANCE SCIENCE LIMITED,2024→2025,2024,2025,44313,Apipasta Vitaminas 90% - Pienso para Apicultura,sin_actividad,0,null,0,0.002,null,0,null
9855,"MOLEFRANK, S.L.",2024→2025,2024,2025,2100050331,Almidon Maiz - ADM Bulgaria,prod_perdido,7437.5,null,-7437.5,12.5,null,595,null
9966,"LUIS MARTIN, SEBASTIAN",2024→2025,2024,2025,44313,Apipasta Vitaminas 90% - Pienso para Apicultura,prod_perdido,39.6,null,-39.6,0.03,null,1320,null
208,"LICORES Y DERIVADOS, S.A.",2024→2025,2024,2025,60010,Azúcar Liquida Neutra S.A.,vol_precio,208116.76,202462.56,-5654.200000000012,276.3,403.36,753.23,501.94
4436,"INTERNACIONAL GRANADINA DE ALCAPARRA, S.L.",2024→2025,2024,2025,61228,Fosvitae 95% Plus,sin_actividad,0,null,0,0.001,null,0,null
8084,"CRISTINA ABREU, UNIPESSOAL",2024→2025,2024,2025,40260,Melaza de Caña,prod_perdido,34.83,null,-34.83,0.026,null,1339.62,null
1000,CLIENTES VARIOS (CONTADO),2024→2025,2024,2025,65005,Azúcar en polvo LS,prod_perdido,3,null,-3,0.004,null,750,null
3478,"APICOLA LA PARRA, S.L.U.",2024→2025,2024,2025,62000,Mix Idoneo - Pienso Completo - Apicultura,vol_precio,29268,7774.8,-21493.2,48.78,12.54,600,620
400,"ASOCIACION IND. ALICANTINA DEL HELADO, S.A.",2024→2025,2024,2025,7400002031,Az Bl. EEC Nº2 Remolacha PTE DEST-Tereos Franci,prod_perdido,128842.98,null,-128842.98,130.54,null,987,null
1314,"MANUFACTURAS PIBERNAT, S.L.",2024→2025,2024,2025,7300039291,Azúcar Blanco EEC Nº2 Caña - Kampong Speu Camboya,prod_perdido,20496,null,-20496,30.4,null,674.21,null
1854,"ROYPAS BY NUTRIS, S.A.",2024→2025,2024,2025,65015,Azúcar en polvo LM,precio,1121.25,1396.2,274.95000000000005,0.975,0.975,1150,1432
211,"MARTINEZ NIETO, S.A.",2024→2025,2024,2025,43054,MALTITOL EN POLVO E-965i,prod_perdido,259.5,null,-259.5,0.1,null,2595,null
2737,"ALFONSO MARTINEZ TORRANO, S.L.",2024→2025,2024,2025,5201054011,Glucor 45/80 - Roquette España,precio,1344,1182,-162,1.2,1.2,1120,985
4002,"ABB MJ FERNANDEZ ARANDA, S.L.",2024→2025,2024,2025,44111,Glucor 60/82,prod_perdido,3332.4,null,-3332.4,3.6,null,925.67,null
609,"ALBORCHATA,S.L.",2024→2025,2024,2025,7300039291,Azúcar Blanco EEC Nº2 Caña - Kampong Speu Camboya,prod_perdido,24480,null,-24480,28.8,null,850,null
8639,ADS APICOLA UPA GUADALAJARA,2024→2025,2024,2025,62001,Apimix - Pienso completo - Apicultura,prod_perdido,5700,null,-5700,6,null,950,null
2007,"PAREDES CEREZO, MIGUEL ANGEL",2024→2025,2024,2025,5201750031,Glucor 45/80 - ADM  Francia CUATRIMESTRAL,prod_perdido,17419.48,null,-17419.48,25.064,null,695,null
1922,"PSITTACUS CATALONIA, S.L.",2024→2025,2024,2025,3010050341,Fructosa Maiz Cristal Polvo - ADM  Turquía,vol_precio,9200,53600,44400,5,40,1840,1340
592,"FRAMAJOVA, S.L",2024→2025,2024,2025,60010,Azúcar Liquida Neutra S.A.,sin_actividad,0,null,0,0.002,null,0,null
194,"COFRUTOS, S.A.",2024→2025,2024,2025,61284,Mixco Sweet 72-09.6427 B2 SB2,volumen,30851.26,126114.78,95263.52,24.82,101.46,1243,1243
311,"PROBELTE, S.A.U.",2024→2025,2024,2025,4000050331,Dextrosa Maiz Cristal Monohidrato - ADM  Bulgaria,volumen,4900,1231.25,-3668.75,5,1.25,980,985
1864,MELAZAHAR COOP. V.,2024→2025,2024,2025,7300037021,Azúcar Blanco EEC Nº2 Caña - Sidul  Portugal,prod_perdido,3030,null,-3030,3,null,1010,null
1854,"ROYPAS BY NUTRIS, S.A.",2024→2025,2024,2025,5200050031,Glucor 60/82 - ADM  Francia,volumen,242530.18,113037.8,-129492.37999999999,360.908,170.124,672,664.44
8247,"ALLJUICEMED, S.L.",2024→2025,2024,2025,61247,Mixco Sweet 65-00.5050 U,sin_actividad,0,null,0,0,null,null,null
1023,"TORRONS VICENS, S.L.",2024→2025,2024,2025,5201050031,Glucor 45/80 - ADM  Francia,prod_perdido,14742,null,-14742,15.6,null,945,null
7476,GOBIOTICS BV,2024→2025,2024,2025,61228,Fosvitae 95% Plus,prod_perdido,3382.5,null,-3382.5,1.23,null,2750,null
3427,"DOÑATE GALINDO, FRANCISCO JOSE",2024→2025,2024,2025,62000,Mix Idoneo - Pienso Completo - Apicultura,prod_perdido,535,null,-535,0.5,null,1070,null
9792,OROSKER KFT.,2024→2025,2024,2025,44314,Apipasta 90% - BIO - Pienso completo - Apicultura,prod_perdido,58.2,null,-58.2,0.03,null,1940,null
5787,"FALCON, S.A.",2024→2025,2024,2025,61228,Fosvitae 95% Plus,prod_perdido,14511.25,null,-14511.25,6.175,null,2350,null
559,"DULCES OLMEDO GARCIA, S.L.",2024→2025,2024,2025,65016,Azúcar en polvo LM Pallet PLT,vol_precio,8102.25,36572.63,28470.379999999997,5.85,50.445,1385,725
1854,"ROYPAS BY NUTRIS, S.A.",2024→2025,2024,2025,60105,"Azúcar PI 73,5-67",prod_perdido,3625,null,-3625,2.5,null,1450,null
734,"HORCHATAS MERCADER,S.L.",2024→2025,2024,2025,7300005081,Azúcar Blanco EEC Nº2 Caña - Cosumar  Marruecos,prod_perdido,18258.4,null,-18258.4,23.2,null,787,null
223,"PRODUCTOS CUATRO JOTAS, S.L.",2024→2025,2024,2025,60105,"Azúcar PI 73,5-67",vol_precio,5328,1338.65,-3989.35,3.6,2.05,1480,653
7800,"GASCON GASCON, BENITO",2024→2025,2024,2025,44315,Apipasta PLUS - Pienso para Apicultura,prod_perdido,1554,null,-1554,0.84,null,1850,null
8836,"AGROCENTROS LEON, S.L.",2024→2025,2024,2025,44313,Apipasta Vitaminas 90% - Pienso para Apicultura,vol_precio,141192,225763.5,84571.5,119.145,225.6,1185.04,1000.72
6734,"COLONIALES EL SOL, S.L.",2024→2025,2024,2025,7500004011,Correfino EEC Nº2 Caña/Rem - Azucarera España,vol_precio,6808,2822.25,-3985.75,7.2,3.975,945.56,710
566,"ALMACENES MIGUEZ 2005,S.L.",2024→2025,2024,2025,44310,Apipasta 90% - Pienso completo - Apicultura,vol_precio,19251,121264.5,102013.5,19.815,137.55,971.54,881.6
9194,"HELADOS JOP, S.L.",2024→2025,2024,2025,41000,Fructosa MAIZ Cristal,prod_perdido,2162.5,null,-2162.5,1.25,null,1730,null
1864,MELAZAHAR COOP. V.,2024→2025,2024,2025,62001,Apimix - Pienso completo - Apicultura,vol_precio,8472,11463.5,2991.5,8.36,13.91,1013.4,824.12
4383,"MANUFRI, S.L.",2024→2025,2024,2025,61295,Mixco Sweet 70-10.4644,prod_perdido,8854.3,null,-8854.3,6.37,null,1390,null
2975,"ARTUKOLUKE, S.L.",2024→2025,2024,2025,65030,AZÚCAR EN POLVO LM 48m,prod_perdido,39781.8,null,-39781.8,39.81,null,999.29,null
1202,"APIGLASS ENVAS. Y MAT. APICOLA, S.L.",2024→2025,2024,2025,44306,Fructor 10/77 - Pienso completo – Apicultura,prod_perdido,2640,null,-2640,2.4,null,1100,null
770,"CASTER ALIMENTACION, S.L.",2024→2025,2024,2025,7300039291,Azúcar Blanco EEC Nº2 Caña - Kampong Speu Camboya,vol_precio,13619.2,14616,996.7999999999993,22.4,23.2,608,630
321,"PRODUCTOS PEPITO, S.L.U.",2024→2025,2024,2025,7300005081,Azúcar Blanco EEC Nº2 Caña - Cosumar  Marruecos,prod_perdido,760,null,-760,0.8,null,950,null
4567,"CARBONELL ANTICH, MARIA GRACIA",2024→2025,2024,2025,41000,Fructosa MAIZ Cristal,prod_perdido,683.25,null,-683.25,0.375,null,1822,null
421,"JOSE GARCIA E HIJOS, S.L.",2024→2025,2024,2025,7400048311,Az. Bl. EEC nº2 Remol PTE DEST-Agrana Leop Austria,prod_perdido,24104,null,-24104,23,null,1048,null
204,"PERNOD RICARD ESPAÑA, S.A.",2024→2025,2024,2025,2210037021,Melaza Caña - Sidul  Portugal,sin_actividad,0,null,0,0.001,null,0,null
9854,"NORDMANN PORTUGAL, S.A.",2024→2025,2024,2025,61229,Fosvitae Plus Polvo,sin_actividad,0,0,0,0.002,0.001,0,0
7394,"ACTIVIDAD APICOLA ECOLOGICA M.F., S.L.",2024→2025,2024,2025,44314,Apipasta 90% - BIO - Pienso completo - Apicultura,vol_precio,906.75,918,11.25,0.585,0.51,1550,1800
773,"IBERCACAO, S.A.U.",2024→2025,2024,2025,62400,Fondant ES-R01,sin_actividad,0,null,0,0.001,null,0,null
846,"PRODUCTOS ORGANICOS NAT.,S.L.",2024→2025,2024,2025,7300005081,Azúcar Blanco EEC Nº2 Caña - Cosumar  Marruecos,prod_perdido,480,null,-480,0.4,null,1200,null
405,"CHOVI, S.L.",2024→2025,2024,2025,7500004011,Correfino EEC Nº2 Caña/Rem - Azucarera España,vol_precio,9970,11940,1970,10,20,997,597
1766,"BOD.Y VINOS ANGEL LUIS PABLO URIOL, S.L",2024→2025,2024,2025,60131,Azucar PI 77-50,sin_actividad,0,null,0,0.001,null,0,null
4566,"CONFETICAKES, S.L.",2024→2025,2024,2025,7300039291,Azúcar Blanco EEC Nº2 Caña - Kampong Speu Camboya,prod_perdido,55458,null,-55458,94.8,null,585,null
716,"PENALVA ALIMENTACION, S.A.",2024→2025,2024,2025,7300039291,Azúcar Blanco EEC Nº2 Caña - Kampong Speu Camboya,prod_perdido,47040,null,-47040,48,null,980,null
523,"CORALIM INGREDIENTS, S.L.",2024→2025,2024,2025,43100,Sorbitol Liquido 70% No cristalizable,sin_actividad,0,null,0,0.001,null,0,null
4997,"PRODUCTOS LA MULATA, S.L.",2024→2025,2024,2025,44131,Glucor 37/79,prod_perdido,5256,null,-5256,3.6,null,1460,null
2216,"APIHURDES, S.COOP.",2024→2025,2024,2025,44313,Apipasta Vitaminas 90% - Pienso para Apicultura,vol_precio,107530.5,25410,-82120.5,87.15,23.1,1233.86,1100
1247,"TURRONES Y ESPECIALIDADES VIAR, S.A.",2024→2025,2024,2025,43101,Sorbitol Liquido 70% No cristalizable - EPSA,prod_perdido,5448.3,null,-5448.3,3.9,null,1397,null
4350,"BARBERA NOGUES, ERIC",2024→2025,2024,2025,44301,Azucar Blanco – Materia Prima para Piensos,sin_cambio,576,576,0,0.8,0.8,720,720
1908,"JAKE, S.A.",2024→2025,2024,2025,60214,Azúcar Invertido 67º - JAKE,prod_perdido,944.4,null,-944.4,1.2,null,787,null
7765,SURINVER EL GRUPO S.COOP,2024→2025,2024,2025,7300005081,Azúcar Blanco EEC Nº2 Caña - Cosumar  Marruecos,prod_perdido,1904,null,-1904,1.6,null,1190,null
1766,"BOD.Y VINOS ANGEL LUIS PABLO URIOL, S.L",2024→2025,2024,2025,60010,Azúcar Liquida Neutra S.A.,sin_actividad,0,null,0,0.001,null,0,null
9604,"PASTISART, S.A.",2024→2025,2024,2025,7400002031,Az Bl. EEC Nº2 Remolacha PTE DEST-Tereos Franci,prod_perdido,32089,null,-32089,30.42,null,1054.87,null
8494,"GALVEZ PRADAS, MIGUEL ",2024→2025,2024,2025,62001,Apimix - Pienso completo - Apicultura,prod_perdido,287.5,null,-287.5,0.25,null,1150,null
3479,"LA TAHONA DE UTIEL, S.L.",2024→2025,2024,2025,43101,Sorbitol Liquido 70% No cristalizable - EPSA,prod_perdido,31993,null,-31993,24.7,null,1295.26,null
7115,"RIVERBEND ESPAÑA, S.A",2024→2025,2024,2025,7500004011,Correfino EEC Nº2 Caña/Rem - Azucarera España,prod_perdido,44100,null,-44100,45,null,980,null
9863,"JUALEX CANARIAS, S.L.",2024→2025,2024,2025,65030,AZÚCAR EN POLVO LM 48m,sin_actividad,0,null,0,0.03,null,0,null
1661,"DELAVIUDA ALIMENTACION, S.A",2024→2025,2024,2025,44120,Glucor 45/80,sin_actividad,0,null,0,0.001,null,0,null
551,"ICE CREAM FACTORY COMAKER, S.A.",2024→2025,2024,2025,41006,Fructosa MAIZ Cristal Granulada Pallet Plast. CHEP,prod_perdido,33575,null,-33575,21.25,null,1580,null
5393,ICKOWICZ APICULTURE SAS,2024→2025,2024,2025,44313,Apipasta Vitaminas 90% - Pienso para Apicultura,vol_precio,65562.75,102072,36509.25,56.55,103.8,1159.38,983.35
9792,OROSKER KFT.,2024→2025,2024,2025,62001,Apimix - Pienso completo - Apicultura,prod_perdido,19,null,-19,0.02,null,950,null
9286,"LAQTIA, S.L.",2024→2025,2024,2025,7400002031,Az Bl. EEC Nº2 Remolacha PTE DEST-Tereos Franci,prod_perdido,24240,null,-24240,24,null,1010,null
432,"CHOCOLATES ALGARRA, S.L.",2024→2025,2024,2025,7300005081,Azúcar Blanco EEC Nº2 Caña - Cosumar  Marruecos,vol_precio,6336,10620,4284,6.4,18,990,590
435,"R. MARSILLA, S.A.",2024→2025,2024,2025,7600004011,Azúcar Granulado Extrafino-Azucarera España,volumen,39,78,39,0.05,0.1,780,780
4369,"LA TIENDA DEL APICULTOR, S.L.U.",2024→2025,2024,2025,44315,Apipasta PLUS - Pienso para Apicultura,vol_precio,23415,30534,7119,16.59,24.36,1411.39,1253.45
535,"FRIMAR PANADEROS, S.L.",2024→2025,2024,2025,7300005081,Azúcar Blanco EEC Nº2 Caña - Cosumar  Marruecos,prod_perdido,16816,null,-16816,16,null,1051,null
8836,"AGROCENTROS LEON, S.L.",2024→2025,2024,2025,62001,Apimix - Pienso completo - Apicultura,vol_precio,789.6,12448,11658.4,0.85,16.02,928.94,777.03
5934,"ZEBERIO BEGIRISTAIN, AGUEDA",2024→2025,2024,2025,44313,Apipasta Vitaminas 90% - Pienso para Apicultura,prod_perdido,2887.5,null,-2887.5,2.1,null,1375,null
1325,"HIDA ALIMENTACION , S.A.",2024→2025,2024,2025,40207,Azúcar BIO <45 ES-ECO-024-MU Ag UE REMOLACHA,prod_perdido,9944,null,-9944,8.001,null,1242.84,null
282,"PRODUCTOS LOZANO, S.L.",2024→2025,2024,2025,5100054011,Fructor 10/81 -Roquette España,prod_perdido,2760,null,-2760,2.4,null,1150,null
577,"FARTONS POLO, S.L.",2024→2025,2024,2025,7300037021,Azúcar Blanco EEC Nº2 Caña - Sidul  Portugal,prod_perdido,14476,null,-14476,15.4,null,940,null
9768,"SHAR PRODUCTOS ALIMENTARIOS, S.L.",2024→2025,2024,2025,7500004011,Correfino EEC Nº2 Caña/Rem - Azucarera España,prod_perdido,7680,null,-7680,8,null,960,null
7176,"COLOMINA LOPEZ, SOFIA",2024→2025,2024,2025,5101050031,Fructor 10/77 - ADM  Francia,prod_perdido,1428,null,-1428,1.2,null,1190,null
6581,PRZEDSIEBIORSTWO PSZCZELARSKIE TOMASZ LYSON SP. Z O.O. SP. K,2024→2025,2024,2025,44313,Apipasta Vitaminas 90% - Pienso para Apicultura,sin_actividad,0,null,0,0.001,null,0,null
7558,HARINAS CASTILLA LA MANCHA S.L,2024→2025,2024,2025,7300005081,Azúcar Blanco EEC Nº2 Caña - Cosumar  Marruecos,vol_precio,32665,289389.1,256724.09999999998,47,454.3,695,637
1987,"GOMEZ MURRIA, RAFAEL",2024→2025,2024,2025,62001,Apimix - Pienso completo - Apicultura,prod_perdido,3475.2,null,-3475.2,3.34,null,1040.48,null
4212,"VALLEJO LOPEZ, JUAN LUIS",2024→2025,2024,2025,44313,Apipasta Vitaminas 90% - Pienso para Apicultura,prod_perdido,1627.5,null,-1627.5,1.05,null,1550,null
4002,"ABB MJ FERNANDEZ ARANDA, S.L.",2024→2025,2024,2025,7300037021,Azúcar Blanco EEC Nº2 Caña - Sidul  Portugal,prod_perdido,720,null,-720,0.8,null,900,null
985,GIPUZKOAKO ERLEZAIN ELKARTEA,2024→2025,2024,2025,44314,Apipasta 90% - BIO - Pienso completo - Apicultura,prod_perdido,2100,null,-2100,1.05,null,2000,null
7171,"QUIRANTE FRUITS, S.L.",2024→2025,2024,2025,61212,Mixco Sweet 72-09.6427 B2 SB20,vol_precio,4649719.2,6014428.14,1364708.9399999995,3752.8,5136.9,1239,1170.83
1314,"MANUFACTURAS PIBERNAT, S.L.",2024→2025,2024,2025,7300037021,Azúcar Blanco EEC Nº2 Caña - Sidul  Portugal,vol_precio,14240,30789,16549,16,46.65,890,660
9765,"MUNDAKA HELADOS, S.L.",2024→2025,2024,2025,7300039291,Azúcar Blanco EEC Nº2 Caña - Kampong Speu Camboya,prod_perdido,1200,null,-1200,1.6,null,750,null
7558,HARINAS CASTILLA LA MANCHA S.L,2024→2025,2024,2025,7300037021,Azúcar Blanco EEC Nº2 Caña - Sidul  Portugal,prod_perdido,23232,null,-23232,24.2,null,960,null
2283,"ROENCAR, S.L.U.",2024→2025,2024,2025,65005,Azúcar en polvo LS,vol_precio,949.07,259.05,-690.02,0.795,0.21,1193.8,1233.57
1643,"DULCES ARTESANALES LINARES, S.L",2024→2025,2024,2025,7300039291,Azúcar Blanco EEC Nº2 Caña - Kampong Speu Camboya,prod_perdido,7640,null,-7640,8,null,955,null
2298,"GRACOMSA ALIMENTARIA, S.A.U.",2024→2025,2024,2025,5101050031,Fructor 10/77 - ADM  Francia,prod_perdido,4620,null,-4620,6,null,770,null
9905,GAEC A C BON,2024→2025,2024,2025,62001,Apimix - Pienso completo - Apicultura,prod_perdido,1195.2,null,-1195.2,1.2,null,996,null
2073,"PLATOS TRADICIONALES, S.A",2024→2025,2024,2025,42001,Dextrosa C.Monohidrato Maiz Pallet Plast.  CHEP,prod_perdido,9858.75,null,-9858.75,8.25,null,1195,null
902,"MEMBRILLO EL QUIJOTE, S.A.",2024→2025,2024,2025,40207,Azúcar BIO <45 ES-ECO-024-MU Ag UE REMOLACHA,prod_perdido,25700,null,-25700,22,null,1168.18,null
2909,"MANIPULADOS DE CEBOLLAS Y DERIVADOS, S.L.",2024→2025,2024,2025,61228,Fosvitae 95% Plus,sin_actividad,0,null,0,0.001,null,0,null
550,"REPOSTERIA PORTA, S.L.",2024→2025,2024,2025,40103,Azúcar Moreno >2500i - Brown (Dry Dem BLZ),prod_perdido,1150,null,-1150,1,null,1150,null
1173,"FRANMOSAN, S.L.",2024→2025,2024,2025,5101750031,Fructor 10/77 - ADM  Francia CUATRIMESTRAL,sin_actividad,0,null,0,0.001,null,0,null
4960,"MANUEL MATEO CANDEL, S.L.",2024→2025,2024,2025,61170,Mix Maltitol Sorbitol MS 74-8020,vol_precio,1908,1220.55,-687.45,1.2,1.03,1590,1185
5409,"TORTAJADA CAURIN, MARIO",2024→2025,2024,2025,5101856021,Fructor 10/77 - Copam  Portugal TRIMESTRAL,prod_perdido,812,null,-812,0.7,null,1160,null
237,"DULCES SANTA CRUZ, S.L.",2024→2025,2024,2025,1110049321,Maltitol Liquido - Shandong Tianli Pharm-China,precio,13318.5,11479,-1839.5,9.1,9.1,1463.57,1261.43
436,"TURRONES JOSE GARRIGOS, S.A.",2024→2025,2024,2025,61170,Mix Maltitol Sorbitol MS 74-8020,prod_perdido,25074,null,-25074,19.9,null,1260,null
3225,"SURIVAN FEEL THE TASTE, S.L.",2024→2025,2024,2025,62154,Mixco Sweet 80-31.3233 JM,vol_precio,36527.21,32875.2,-3652.010000000002,27.829,28.8,1312.56,1141.5
496,"BODEGAS Y DESTILERIAS VIDAL, S.L.",2024→2025,2024,2025,60019,Azúcar Líquida Neutra 67º- Remolacha,vol_precio,15046.68,54054.4,39007.72,23.72,104.96,634.35,515
297,"TARBAL FOOD, S.L.",2024→2025,2024,2025,5201750031,Glucor 45/80 - ADM  Francia CUATRIMESTRAL,prod_perdido,11275,null,-11275,8.75,null,1288.57,null
517,"DUPAN, S.L.",2024→2025,2024,2025,65005,Azúcar en polvo LS,prod_perdido,522,null,-522,0.45,null,1160,null
9446,"ALIMENTARIA ADIN, S.L.",2024→2025,2024,2025,7300005081,Azúcar Blanco EEC Nº2 Caña - Cosumar  Marruecos,prod_perdido,2588.75,null,-2588.75,2.375,null,1090,null
9437,"EL CORTÍN DEL ABEYÓN, S.L.",2024→2025,2024,2025,44301,Azucar Blanco – Materia Prima para Piensos,prod_perdido,880,null,-880,1,null,880,null
563,"PROD.BIONATUR.DE CALASPARRA,SA",2024→2025,2024,2025,7400002031,Az Bl. EEC Nº2 Remolacha PTE DEST-Tereos Franci,prod_perdido,47520,null,-47520,72,null,660,null
775,"NATRA CACAO,S.L.",2024→2025,2024,2025,7500004011,Correfino EEC Nº2 Caña/Rem - Azucarera España,vol_precio,49302.5,16500,-32802.5,53.3,26.4,925,625
716,"PENALVA ALIMENTACION, S.A.",2024→2025,2024,2025,42000,Dextrosa Cristal Monohidrato Maiz,prod_perdido,11531.25,null,-11531.25,11.25,null,1025,null
889,"ESPECIALIDADES DEL OBRADOR, S.L.",2024→2025,2024,2025,40103,Azúcar Moreno >2500i - Brown (Dry Dem BLZ),prod_perdido,1058.75,null,-1058.75,0.875,null,1210,null
7558,HARINAS CASTILLA LA MANCHA S.L,2024→2025,2024,2025,7500004011,Correfino EEC Nº2 Caña/Rem - Azucarera España,vol_precio,23040,137592,114552,24,216,960,637
7775,"RUNAKAY PLUS, S.L.",2024→2025,2024,2025,40103,Azúcar Moreno >2500i - Brown (Dry Dem BLZ),prod_perdido,575,null,-575,0.5,null,1150,null
5428,"CLEMENTE SANZ, AURORA",2024→2025,2024,2025,44313,Apipasta Vitaminas 90% - Pienso para Apicultura,prod_perdido,65.25,null,-65.25,0.045,null,1450,null
4965,"PEREZ BURGOS, JOSE VICENTE",2024→2025,2024,2025,44313,Apipasta Vitaminas 90% - Pienso para Apicultura,prod_perdido,870,null,-870,0.6,null,1450,null
9576,TRINOVA AG,2024→2025,2024,2025,61229,Fosvitae Plus Polvo,prod_perdido,1,null,-1,0.002,null,500,null
2073,"PLATOS TRADICIONALES, S.A",2024→2025,2024,2025,7500004011,Correfino EEC Nº2 Caña/Rem - Azucarera España,vol_precio,31976,52080,20104,28.55,77.6,1120,671.13
215,"MARTIN BRAUN, S.A.",2024→2025,2024,2025,7300039291,Azúcar Blanco EEC Nº2 Caña - Kampong Speu Camboya,prod_perdido,261285.6,null,-261285.6,276.4,null,945.32,null
440,"MAZAPANES Y DULCES DE TOLEDO, S.A.",2024→2025,2024,2025,60105,"Azúcar PI 73,5-67",precio,37965.6,31552,-6413.5999999999985,36.72,37.12,1033.92,850
5000,"PROCAMP CA'N LLANERAS, S.A.",2024→2025,2024,2025,44313,Apipasta Vitaminas 90% - Pienso para Apicultura,prod_perdido,1346.4,null,-1346.4,1.02,null,1320,null
297,"TARBAL FOOD, S.L.",2024→2025,2024,2025,99950,Producto de Pruebas Líquido - 1,sin_actividad,0,null,0,0.031,null,0,null
9047,"CUÉTARA, S.L.U.",2024→2025,2024,2025,99950,Producto de Pruebas Líquido - 1,sin_actividad,0,null,0,0.001,null,0,null
6235,"ATRILE 21, S.L.",2024→2025,2024,2025,65005,Azúcar en polvo LS,vol_precio,1064.7,3650.4,2585.7,0.975,3.9,1092,936
1241,"ACEITES DEL SUR-COOSUR, S.A.",2024→2025,2024,2025,7300015111,Azúcar Blanco EEC Nº2 Caña - Pantaleon  Guatemala,prod_perdido,15173.4,null,-15173.4,24.2,null,627,null
9446,"ALIMENTARIA ADIN, S.L.",2024→2025,2024,2025,7500004011,Correfino EEC Nº2 Caña/Rem - Azucarera España,vol_precio,1771.25,4352,2580.75,1.625,6.4,1090,680
7918,"REFRESCO IBERIA, S.A.U. ",2024→2025,2024,2025,7300037021,Azúcar Blanco EEC Nº2 Caña - Sidul  Portugal,prod_perdido,26454.6,null,-26454.6,25.56,null,1035,null
9567,SIKA S.A.U.,2024→2025,2024,2025,7400002031,Az Bl. EEC Nº2 Remolacha PTE DEST-Tereos Franci,prod_perdido,6718.4,null,-6718.4,6.8,null,988,null
769,"ANGEL CAMACHO ALIMENTACION, S.L.",2024→2025,2024,2025,7300005081,Azúcar Blanco EEC Nº2 Caña - Cosumar  Marruecos,prod_perdido,209088,null,-209088,216,null,968,null
566,"ALMACENES MIGUEZ 2005,S.L.",2024→2025,2024,2025,44313,Apipasta Vitaminas 90% - Pienso para Apicultura,vol_precio,385922.4,398782.5,12860.099999999977,325.515,399.15,1185.57,999.08
9472,"NUTRARESEARCH 2011, S.L.",2024→2025,2024,2025,3010750341,Fructosa Maiz Cristal Polvo - ADM  Turquía CUATRIM,prod_perdido,87075,null,-87075,67.5,null,1290,null
585,"COLOMA GARCIA, S.L.",2024→2025,2024,2025,7300039291,Azúcar Blanco EEC Nº2 Caña - Kampong Speu Camboya,prod_perdido,73608,null,-73608,72,null,1022.33,null
444,"LICORES SINC, S.A.",2024→2025,2024,2025,60012,Azúcar Liquida Neutra S.A. – pH 3,prod_perdido,28389.14,null,-28389.14,35.62,null,797,null
2708,"PROVIAGRICOLA, S.L.",2024→2025,2024,2025,62000,Mix Idoneo - Pienso Completo - Apicultura,prod_perdido,4800,null,-4800,4.8,null,1000,null
3187,"AZELIS ESPAÑA, S.A.",2024→2025,2024,2025,3010050341,Fructosa Maiz Cristal Polvo - ADM  Turquía,vol_precio,28125,7550,-20575,22.502,6.25,1249.89,1208
10046,"SEÑORIO DEL JUCAR, S.L.",2024→2025,2024,2025,61293,Mixco Sweet 70-55.0045,prod_perdido,8563.94,null,-8563.94,11.62,null,737,null
7440,"LOPEZ FOOD GROUP, S.L.",2024→2025,2024,2025,7400010031,Azúcar Bl. EEC nº2 REMOL - SUDZUCKER FRANCIA,volumen,13961,182100,168139,23,300,607,607
3144,"DALLANT, S.A.",2024→2025,2024,2025,44093,Fructor 100/80,prod_perdido,44579.48,null,-44579.48,31.24,null,1427,null
9067,"SCHREIBER FOODS ESPAÑA, S.L.",2024→2025,2024,2025,99950,Producto de Pruebas Líquido - 1,sin_actividad,0,null,0,0.001,null,0,null
9728,"SALAZAR CARDONA, CLAUDIA MARCELA ",2024→2025,2024,2025,7400048311,Az. Bl. EEC nº2 Remol PTE DEST-Agrana Leop Austria,prod_perdido,119,null,-119,0.1,null,1190,null
6267,"JUMEL ALIMENTARIA, S.A.",2024→2025,2024,2025,1210049321,Sorbitol Liquido - Shandong Tianli Pharm - China,prod_perdido,5109,null,-5109,3.9,null,1310,null
1284,"FRUTAS Y TURRONES, S.A.",2024→2025,2024,2025,7500004011,Correfino EEC Nº2 Caña/Rem - Azucarera España,prod_perdido,7800,null,-7800,8,null,975,null
9535,"COMPAÑIA CERVECERA DAMM, S.L.",2024→2025,2024,2025,7400002031,Az Bl. EEC Nº2 Remolacha PTE DEST-Tereos Franci,prod_perdido,284513.6,null,-284513.6,290.32,null,980,null
4002,"ABB MJ FERNANDEZ ARANDA, S.L.",2024→2025,2024,2025,5101050031,Fructor 10/77 - ADM  Francia,vol_precio,16370.4,7748,-8622.4,20.4,11.92,802.47,650
458,"CASTY, S.A.",2024→2025,2024,2025,3000750341,Fructosa Maiz Cristal Granulada-ADM Turquía CUATRI,vol_precio,33925,15444,-18481,25,12,1357,1287
7726,"ANKER FOOD, S.L.",2024→2025,2024,2025,7300005081,Azúcar Blanco EEC Nº2 Caña - Cosumar  Marruecos,prod_perdido,10380,null,-10380,12,null,865,null
585,"COLOMA GARCIA, S.L.",2024→2025,2024,2025,61170,Mix Maltitol Sorbitol MS 74-8020,prod_perdido,9706.32,null,-9706.32,5.304,null,1830,null
7651,SARL API DISTRIBUTION,2024→2025,2024,2025,44313,Apipasta Vitaminas 90% - Pienso para Apicultura,vol_precio,30645,16170,-14475,21.9,14.7,1399.32,1100
3049,"LA GRANJA FOODS 1959, S.L.",2024→2025,2024,2025,7110009141,Azúcar Moreno >2500i - ASR  Belice,volumen,12750,18296.25,5546.25,15,21.525,850,850
6869,"ALLTECH SPAIN, S.L.",2024→2025,2024,2025,3000750341,Fructosa Maiz Cristal Granulada-ADM Turquía CUATRI,prod_perdido,3075,null,-3075,2.5,null,1230,null
9889,"J.M. PALAU, S.A.",2024→2025,2024,2025,60105,"Azúcar PI 73,5-67",sin_actividad,0,null,0,0.001,null,0,null
1513,"AGROBIO, S.L.",2024→2025,2024,2025,44313,Apipasta Vitaminas 90% - Pienso para Apicultura,prod_perdido,1365,null,-1365,1.05,null,1300,null
9825,"KOMVIDA KOMBUCHA, S.L.",2024→2025,2024,2025,40207,Azúcar BIO <45 ES-ECO-024-MU Ag UE REMOLACHA,volumen,53110,21244,-31866,47,18.8,1130,1130
522,"MACROSNACKS, S.L.U.",2024→2025,2024,2025,7400002031,Az Bl. EEC Nº2 Remolacha PTE DEST-Tereos Franci,prod_perdido,3296,null,-3296,3.2,null,1030,null
9994,AUDE API,2024→2025,2024,2025,44313,Apipasta Vitaminas 90% - Pienso para Apicultura,vol_precio,5940,3300,-2640,4.95,3,1200,1100
3287,"DELAFRUIT, S.L.U",2024→2025,2024,2025,40207,Azúcar BIO <45 ES-ECO-024-MU Ag UE REMOLACHA,volumen,1687.5,742.5,-945,1.251,0.55,1348.92,1350
450,"LA FLOR BURGALESA, S.L.",2024→2025,2024,2025,1110049321,Maltitol Liquido - Shandong Tianli Pharm-China,vol_precio,40950,30794.4,-10155.599999999999,39,31.2,1050,987
6251,"MIX PAK SYSTEM, S.L.",2024→2025,2024,2025,7300039291,Azúcar Blanco EEC Nº2 Caña - Kampong Speu Camboya,prod_perdido,3030,null,-3030,3,null,1010,null
9833,DONNY G APICOLE SRL,2024→2025,2024,2025,44314,Apipasta 90% - BIO - Pienso completo - Apicultura,prod_perdido,2037,null,-2037,1.05,null,1940,null
581,TURRON.Y CARAMEL. DE HELLIN SL,2024→2025,2024,2025,5201856021,Glucor 45/80 - Copam  Portugal TRIMESTRAL,prod_perdido,1196.4,null,-1196.4,1.2,null,997,null
9796,"DULCES GIL, S.A.",2024→2025,2024,2025,5201750031,Glucor 45/80 - ADM  Francia CUATRIMESTRAL,prod_perdido,950,null,-950,1.25,null,760,null
1752,"ROYMY 21, S.L",2024→2025,2024,2025,60105,"Azúcar PI 73,5-67",precio,2808,2384.4,-423.5999999999999,2.4,2.4,1170,993.5
2925,"BIGMAN NUTRITION, S.L.",2024→2025,2024,2025,4000050331,Dextrosa Maiz Cristal Monohidrato - ADM  Bulgaria,vol_precio,12762.5,3667.5,-9095,12.5,3.75,1021,978
9195,"ASM NATURAL EXPERIENCE FRANCHISES, S.L.",2024→2025,2024,2025,42000,Dextrosa Cristal Monohidrato Maiz,prod_perdido,889.2,null,-889.2,0.6,null,1482,null
3375,"EUROCHOC, S.L.",2024→2025,2024,2025,62400,Fondant ES-R01,vol_precio,66047.28,67890,1842.7200000000012,58.92,67.89,1120.97,1000
8003,"OBLEAS QUINTIN, S.L.",2024→2025,2024,2025,1110049321,Maltitol Liquido - Shandong Tianli Pharm-China,volumen,10920,8047,-2873,10.4,7.8,1050,1031.67
8350,"MIGA FOODS COMMERCE, S.L.",2024→2025,2024,2025,5205750031,Glucor 37/79 - ADM  Francia CUATRIMESTRAL,prod_perdido,15502.5,null,-15502.5,15.9,null,975,null
4080,"MENDEZ MUELAS, JOSE FERNANDO",2024→2025,2024,2025,40207,Azúcar BIO <45 ES-ECO-024-MU Ag UE REMOLACHA,prod_perdido,38.45,null,-38.45,0.025,null,1538,null
1631,"SALMERON SAN JUAN, SALVADOR",2024→2025,2024,2025,62001,Apimix - Pienso completo - Apicultura,prod_perdido,2460,null,-2460,2.4,null,1025,null
9157,"MAK FOOD COMPANY, S.L.",2024→2025,2024,2025,7400002031,Az Bl. EEC Nº2 Remolacha PTE DEST-Tereos Franci,prod_perdido,194372,null,-194372,200.2,null,970.89,null
1513,"AGROBIO, S.L.",2024→2025,2024,2025,62092,Mix Abejorros 60-34.3333 Pienso Completo - Apicult,vol_precio,294874.66,561950.34,267075.68,471.14,927.62,625.87,605.8
9157,"MAK FOOD COMPANY, S.L.",2024→2025,2024,2025,64096,Mixco Sweet 70-01.5050 Caña,sin_actividad,null,null,0,277.04,1528.224,null,null
3699,"GONZALEZ CARBALLAL, S.L.",2024→2025,2024,2025,62000,Mix Idoneo - Pienso Completo - Apicultura,vol_precio,45106.12,54314,9207.879999999997,49.23,80.55,916.23,674.29
9634,ALLIVE EUROPE UAB,2024→2025,2024,2025,61200,Fosvitae 85%,sin_actividad,0,null,0,0.001,null,0,null
4329,"ZAFRA SANTILLANA, ELOY",2024→2025,2024,2025,44314,Apipasta 90% - BIO - Pienso completo - Apicultura,prod_perdido,787.5,null,-787.5,0.525,null,1500,null
9309,"GUTSY CAPTAIN SPAIN, S.L.",2024→2025,2024,2025,7300005081,Azúcar Blanco EEC Nº2 Caña - Cosumar  Marruecos,prod_perdido,760,null,-760,0.8,null,950,null
462,"ROMEDUL, S.L.",2024→2025,2024,2025,1210002031,Sorbitol Liquido - Tereos Francia,prod_perdido,1740,null,-1740,1.2,null,1450,null
7755,SAS LA CHENERAIE,2024→2025,2024,2025,44310,Apipasta 90% - Pienso completo - Apicultura,vol_precio,49350,78561,29211,42.6,88.8,1158.45,884.7
6734,"COLONIALES EL SOL, S.L.",2024→2025,2024,2025,7300039291,Azúcar Blanco EEC Nº2 Caña - Kampong Speu Camboya,vol_precio,7448,2792,-4656,10.4,4,716.15,698
2007,"PAREDES CEREZO, MIGUEL ANGEL",2024→2025,2024,2025,1110049321,Maltitol Liquido - Shandong Tianli Pharm-China,sin_cambio,10296,10296,0,10.4,10.4,990,990
346,"PANARRO FOODS, S.L.",2024→2025,2024,2025,7300039291,Azúcar Blanco EEC Nº2 Caña - Kampong Speu Camboya,prod_perdido,27426,null,-27426,34.8,null,788.1,null
3673,"LATORRE GARCIA, RAUL",2024→2025,2024,2025,7300039291,Azúcar Blanco EEC Nº2 Caña - Kampong Speu Camboya,prod_perdido,576,null,-576,0.8,null,720,null
7897,"MANDIC OUTMILL MS4, S.L.",2024→2025,2024,2025,3010750341,Fructosa Maiz Cristal Polvo - ADM  Turquía CUATRIM,prod_perdido,202.5,null,-202.5,0.15,null,1350,null
450,"LA FLOR BURGALESA, S.L.",2024→2025,2024,2025,43050,Maltitol en Polvo,sin_actividad,0,null,0,0.001,null,0,null
3997,"BRENNTAG QUIMICA, S.A.U.",2024→2025,2024,2025,3010750341,Fructosa Maiz Cristal Polvo - ADM  Turquía CUATRIM,prod_perdido,15375,null,-15375,12.5,null,1230,null
2751,"INIESTA GARCIA, MARIA DOLORES",2024→2025,2024,2025,7200017111,>45 ICUMSA - Palo Gordo Guatemala,prod_perdido,3384,null,-3384,3.6,null,940,null
8854,JOHANNES LÜHDERS KG,2024→2025,2024,2025,61228,Fosvitae 95% Plus,prod_perdido,4488,null,-4488,1.2,null,3740,null
7022,"FRUTOS SECOS EMPERADOR, S.L.",2024→2025,2024,2025,7300039291,Azúcar Blanco EEC Nº2 Caña - Kampong Speu Camboya,prod_perdido,7728,null,-7728,11.2,null,690,null
3156,"FINI GOLOSINAS ESPAÑA, S.L.U.",2024→2025,2024,2025,61228,Fosvitae 95% Plus,sin_actividad,0,null,0,0.001,null,0,null
432,"CHOCOLATES ALGARRA, S.L.",2024→2025,2024,2025,7400002031,Az Bl. EEC Nº2 Remolacha PTE DEST-Tereos Franci,prod_perdido,4200,null,-4200,4,null,1050,null
401,"SOLER GIMENO, S.L.",2024→2025,2024,2025,5205002011,Glucor 37/79 - Tereos  España,vol_precio,34930.5,86099.22,51168.72,48.18,148.14,725,581.2
575,HORCHATAS Y GRANIZADOS EL MAESTRAZGO SL,2024→2025,2024,2025,7500004011,Correfino EEC Nº2 Caña/Rem - Azucarera España,prod_perdido,18368,null,-18368,22.4,null,820,null
4854,"FERRANDIS RIBES, JOSE ENRIQUE",2024→2025,2024,2025,62020,Mix Fructor Apicultor - Pienso completo - Apicult.,prod_perdido,858,null,-858,0.75,null,1144,null
775,"NATRA CACAO,S.L.",2024→2025,2024,2025,7300005081,Azúcar Blanco EEC Nº2 Caña - Cosumar  Marruecos,vol_precio,571703.7,2033400,1461696.3,624.9,3253.44,914.87,625
1854,"ROYPAS BY NUTRIS, S.A.",2024→2025,2024,2025,7840046301,Azúcar BIO 200-800 IC - Azucarera El Viejo C.Rica,volumen,28405,34580,6175,23,28,1235,1235
4561,"AGRICOM, S.R.L.",2024→2025,2024,2025,44314,Apipasta 90% - BIO - Pienso completo - Apicultura,vol_precio,35303.1,38010,2706.9000000000015,22.05,25.2,1601.05,1508.33
440,"MAZAPANES Y DULCES DE TOLEDO, S.A.",2024→2025,2024,2025,7300039291,Azúcar Blanco EEC Nº2 Caña - Kampong Speu Camboya,prod_perdido,87304,null,-87304,136,null,641.94,null
3073,"NAVARRO NAVARRO, JOSE",2024→2025,2024,2025,60134,"Azúcar PI 73,5-67C> 45 Icu- P.completo para Abejas",prod_perdido,8221.8,null,-8221.8,11.58,null,710,null
7169,"MASTRIGO BIO GOURMET, S.L.",2024→2025,2024,2025,61289,Fosvitae 95% Plus 78º,sin_actividad,0,null,0,0.001,null,0,null
1385,"TRADING SURESTE, S.L.",2024→2025,2024,2025,45006,AZÚCAR BLANCO EEC Nº2 C - PQ01 RETAIL – JUST SUGAR,volumen,109987.2,16560,-93427.2,158.4,24,694.36,690
1892,"BIMBO DONUTS IBERIA, S.A.U.",2024→2025,2024,2025,99950,Producto de Pruebas Líquido - 1,sin_actividad,0,null,0,0.009,null,0,null
548,"LA GONDOLA CONSERVAS VEGETALES, S.L.",2024→2025,2024,2025,7300005081,Azúcar Blanco EEC Nº2 Caña - Cosumar  Marruecos,prod_perdido,8760,null,-8760,12,null,730,null
9852,"DISTRIBUCIONES VERDE 21, S.L.",2024→2025,2024,2025,4000050331,Dextrosa Maiz Cristal Monohidrato - ADM  Bulgaria,prod_perdido,1112.5,null,-1112.5,1.25,null,890,null
2392,"COATO, S.C.L.",2024→2025,2024,2025,65015,Azúcar en polvo LM,sin_cambio,537.6,537.6,0,0.42,0.42,1280,1280
1854,"ROYPAS BY NUTRIS, S.A.",2024→2025,2024,2025,43101,Sorbitol Liquido 70% No cristalizable - EPSA,prod_perdido,46618,null,-46618,26,null,1793,null
2180,"AURUM PROCESS TECHNOLOGY, S.L.",2024→2025,2024,2025,7300039291,Azúcar Blanco EEC Nº2 Caña - Kampong Speu Camboya,prod_perdido,12.4,null,-12.4,0.02,null,620,null
1205,"MERCADONA, S.A.",2024→2025,2024,2025,7240007131,DC Raw Sugar >3500I - Cassa El Salvador,sin_actividad,0,null,0,0.001,null,0,null
3156,"FINI GOLOSINAS ESPAÑA, S.L.U.",2024→2025,2024,2025,61289,Fosvitae 95% Plus 78º,sin_actividad,0,0,0,0.06,0.066,0,0
2103,"JOSEFA ESTELLES MAYOR, S.L.",2024→2025,2024,2025,4000050331,Dextrosa Maiz Cristal Monohidrato - ADM  Bulgaria,volumen,41013,78502.5,37489.5,46.5,90,882,872.25
4002,"ABB MJ FERNANDEZ ARANDA, S.L.",2024→2025,2024,2025,7200017111,>45 ICUMSA - Palo Gordo Guatemala,sin_actividad,-8100,null,8100,-9,null,900,null
609,"ALBORCHATA,S.L.",2024→2025,2024,2025,7500004011,Correfino EEC Nº2 Caña/Rem - Azucarera España,prod_perdido,12766,null,-12766,13.4,null,952.69,null
418,"MANUFACTURAS CEYLAN, S.L.",2024→2025,2024,2025,7500004011,Correfino EEC Nº2 Caña/Rem - Azucarera España,prod_perdido,46492,null,-46492,47.2,null,985,null
1273,"LOPEZ ESCRIVA, GABRIEL",2024→2025,2024,2025,44314,Apipasta 90% - BIO - Pienso completo - Apicultura,prod_perdido,1068.38,null,-1068.38,0.555,null,1925.01,null
465,"INVESTIGACION Y DESARROLLO PANADERO, S.L.",2024→2025,2024,2025,65013,Azúcar en polvo LS Pallet Plast. CHEP 100x120,prod_perdido,6045,null,-6045,4.875,null,1240,null
7868,GENBA TASTE,2024→2025,2024,2025,61229,Fosvitae Plus Polvo,sin_actividad,0,null,0,0.001,null,0,null
497,"LICORERA ALBELDENSE, S.L.",2024→2025,2024,2025,60010,Azúcar Liquida Neutra S.A.,prod_perdido,1587.52,null,-1587.52,2.42,null,656,null
734,"HORCHATAS MERCADER,S.L.",2024→2025,2024,2025,7500004011,Correfino EEC Nº2 Caña/Rem - Azucarera España,prod_perdido,42780.8,null,-42780.8,46.4,null,922,null
6338,CENTRO NAC. TECNOLOGIA Y SEGURIDAD ALIMENTARIA,2024→2025,2024,2025,99950,Producto de Pruebas Líquido - 1,sin_actividad,0,0,0,0.002,0.006,0,0
2570,"NATRA OÑATI, S.A.",2024→2025,2024,2025,62404,Fondant ES-R05,vol_precio,231799,111646.08,-120152.92,180.108,112.32,1287,994
1430,"BYC CHEMICAL, S.L.",2024→2025,2024,2025,42000,Dextrosa Cristal Monohidrato Maiz,prod_perdido,22697.5,null,-22697.5,18.75,null,1210.53,null
9067,"SCHREIBER FOODS ESPAÑA, S.L.",2024→2025,2024,2025,2331065321,FOS 95% Polvo-Shandong Starlight So True China,vol_precio,14105,47238.75,33133.75,4.55,16.575,3100,2850
1202,"APIGLASS ENVAS. Y MAT. APICOLA, S.L.",2024→2025,2024,2025,44315,Apipasta PLUS - Pienso para Apicultura,prod_perdido,2184,null,-2184,1.68,null,1300,null
7817,GENERAL MILLS,2024→2025,2024,2025,61298,Fosvitae 95% Plus 74º,sin_actividad,0,null,0,0.013,null,0,null
400,"ASOCIACION IND. ALICANTINA DEL HELADO, S.A.",2024→2025,2024,2025,7500004011,Correfino EEC Nº2 Caña/Rem - Azucarera España,vol_precio,21436.8,92605.5,71168.7,22.4,158.3,957,585
478,"MORENO RUIZ HERMANOS, S.L.",2024→2025,2024,2025,61298,Fosvitae 95% Plus 74º,sin_actividad,0,0,0,0.001,0.001,0,0
7558,HARINAS CASTILLA LA MANCHA S.L,2024→2025,2024,2025,7300039291,Azúcar Blanco EEC Nº2 Caña - Kampong Speu Camboya,vol_precio,689755.2,15288,-674467.2,859.6,24,802.41,637
2364,"M&C BAKERY, S.L",2024→2025,2024,2025,60105,"Azúcar PI 73,5-67",vol_precio,109875.6,80235.95,-29639.65000000001,82.8,90.85,1327,883.17
405,"CHOVI, S.L.",2024→2025,2024,2025,4000050331,Dextrosa Maiz Cristal Monohidrato - ADM  Bulgaria,vol_precio,9450,17859.25,8409.25,9,18.875,1050,946.19
9446,"ALIMENTARIA ADIN, S.L.",2024→2025,2024,2025,65030,AZÚCAR EN POLVO LM 48m,prod_perdido,11995.95,null,-11995.95,10.155,null,1181.29,null
428,"PASTELERIA INDUSTRIAL MONTE TURIA, S.A.",2024→2025,2024,2025,7600004011,Azúcar Granulado Extrafino-Azucarera España,volumen,35692.6,57601.68,21909.08,35.8,57.775,997,997
9798,"SUGAR GLOBAL TRADING, S.L. (ITALIA)",2024→2025,2024,2025,7300016111,Azúcar Blanco EEC Nº2 Caña - Santa Ana Guatemala,prod_perdido,723605.28,null,-723605.28,1008,null,717.86,null
4002,"ABB MJ FERNANDEZ ARANDA, S.L.",2024→2025,2024,2025,5101002011,Fructor 10/77 - Tereos  España,vol_precio,10460.4,10428,-32.399999999999636,10.8,13.2,968.56,790
1218,"RAMIRO LARRIO, JAVIER",2024→2025,2024,2025,44313,Apipasta Vitaminas 90% - Pienso para Apicultura,prod_perdido,3045,null,-3045,2.1,null,1450,null
592,"FRAMAJOVA, S.L",2024→2025,2024,2025,65015,Azúcar en polvo LM,vol_precio,163233.6,2603.25,-160630.35,131.64,2.925,1240,890
400,"ASOCIACION IND. ALICANTINA DEL HELADO, S.A.",2024→2025,2024,2025,7300005081,Azúcar Blanco EEC Nº2 Caña - Cosumar  Marruecos,prod_perdido,25958.1,null,-25958.1,26.3,null,987,null
9833,DONNY G APICOLE SRL,2024→2025,2024,2025,62001,Apimix - Pienso completo - Apicultura,prod_perdido,2377.2,null,-2377.2,2.52,null,943.33,null
1023,"TORRONS VICENS, S.L.",2024→2025,2024,2025,5201750031,Glucor 45/80 - ADM  Francia CUATRIMESTRAL,prod_perdido,4725,null,-4725,5,null,945,null
419,"DISTRIBUCIONES JAIME SARRION, S.L.",2024→2025,2024,2025,65015,Azúcar en polvo LM,vol_precio,1987.5,1891.5,-96,1.59,1.95,1250,970
400,"ASOCIACION IND. ALICANTINA DEL HELADO, S.A.",2024→2025,2024,2025,43050,Maltitol en Polvo,prod_perdido,28000,null,-28000,16,null,1750,null
3610,"PINAZO MARTINEZ, JULIAN",2024→2025,2024,2025,62001,Apimix - Pienso completo - Apicultura,prod_perdido,575,null,-575,0.5,null,1150,null
775,"NATRA CACAO,S.L.",2024→2025,2024,2025,7300037021,Azúcar Blanco EEC Nº2 Caña - Sidul  Portugal,prod_perdido,714914,null,-714914,772.88,null,925,null
566,"ALMACENES MIGUEZ 2005,S.L.",2024→2025,2024,2025,7300039291,Azúcar Blanco EEC Nº2 Caña - Kampong Speu Camboya,volumen,13600,7000,-6600,21.6,11.2,629.63,625
904,"DAMEL GROUP, S.L. ",2024→2025,2024,2025,7300039291,Azúcar Blanco EEC Nº2 Caña - Kampong Speu Camboya,prod_perdido,171666,null,-171666,268.6,null,639.11,null
9157,"MAK FOOD COMPANY, S.L.",2024→2025,2024,2025,61207,Mixco Sweet 74-00.5050 M1,vol_precio,849142.06,32330,-816812.06,556.357,24.407,1526.25,1324.62
303,"J.R. SABATER, S.A.",2024→2025,2024,2025,42000,Dextrosa Cristal Monohidrato Maiz,prod_perdido,26270,null,-26270,27.5,null,955.27,null
1314,"MANUFACTURAS PIBERNAT, S.L.",2024→2025,2024,2025,7500004011,Correfino EEC Nº2 Caña/Rem - Azucarera España,vol_precio,4992,30624,25632,4.8,46.4,1040,660
9921,"PRODUCTOS SUR, S.L.",2024→2025,2024,2025,4000050331,Dextrosa Maiz Cristal Monohidrato - ADM  Bulgaria,vol_precio,236322.5,507341.5,271019,242.75,539.725,973.52,940
5787,"FALCON, S.A.",2024→2025,2024,2025,62153,Jarabe de Melaza de caña (ENG),prod_perdido,5520,null,-5520,4.8,null,1150,null
9468,"VALLE AGUIRRE, S.L.",2024→2025,2024,2025,65005,Azúcar en polvo LS,vol_precio,3188.25,1023.75,-2164.5,2.925,0.975,1090,1050
563,"PROD.BIONATUR.DE CALASPARRA,SA",2024→2025,2024,2025,60105,"Azúcar PI 73,5-67",vol_precio,11911.95,15752.22,3840.2699999999986,9.27,16.46,1285,957
517,"DUPAN, S.L.",2024→2025,2024,2025,7610010201,Azúcar Perlado 1-Sudzucker Belgica,prod_perdido,810,-810,-1620,0.5,-0.5,1620,1620
455,"EMILIO PEÑA, S.A.",2024→2025,2024,2025,7300005081,Azúcar Blanco EEC Nº2 Caña - Cosumar  Marruecos,prod_perdido,952,null,-952,0.8,null,1190,null
6621,"SILVESTRE ZAMORA, ANTONIO",2024→2025,2024,2025,44310,Apipasta 90% - Pienso completo - Apicultura,prod_perdido,85.2,null,-85.2,0.06,null,1420,null
3409,"MAGNOLIA PREMIUM, S.L.",2024→2025,2024,2025,7300005081,Azúcar Blanco EEC Nº2 Caña - Cosumar  Marruecos,prod_perdido,308.75,null,-308.75,0.325,null,950,null
3790,"DULYMAZ, S.L.",2024→2025,2024,2025,44111,Glucor 60/82,prod_perdido,11566.2,null,-11566.2,11.791,null,980.93,null
5373,"VERTICE DE INNOVACION Y DESAR.DE ALIMENTOS, S.A.U.",2024→2025,2024,2025,7300037021,Azúcar Blanco EEC Nº2 Caña - Sidul  Portugal,prod_perdido,311604.8,null,-311604.8,299.62,null,1040,null
9157,"MAK FOOD COMPANY, S.L.",2024→2025,2024,2025,99950,Producto de Pruebas Líquido - 1,prod_perdido,42.33,0,-42.33,0.085,0.062,498,0
5528,"FERNANDEZ LOPEZ, ANTONIO",2024→2025,2024,2025,44315,Apipasta PLUS - Pienso para Apicultura,vol_precio,16490.99,4965.27,-11525.720000000001,11.368,3.962,1450.65,1253.22
1643,"DULCES ARTESANALES LINARES, S.L",2024→2025,2024,2025,7300005081,Azúcar Blanco EEC Nº2 Caña - Cosumar  Marruecos,prod_perdido,3140,null,-3140,4,null,785,null
9565,NORDIK BUCKFAST,2024→2025,2024,2025,44313,Apipasta Vitaminas 90% - Pienso para Apicultura,precio,1522.5,1050,-472.5,1.05,1.05,1450,1000
3375,"EUROCHOC, S.L.",2024→2025,2024,2025,43054,MALTITOL EN POLVO E-965i,prod_perdido,3060,null,-3060,1.2,null,2550,null
891,"MONTEALBOR ALIMENTACION, S.A.U",2024→2025,2024,2025,4000050331,Dextrosa Maiz Cristal Monohidrato - ADM  Bulgaria,vol_precio,1300,912,-388,1.25,0.95,1040,960
2256,"DULCES Y CONSERVAS HELIOS, S.A.",2024→2025,2024,2025,61229,Fosvitae Plus Polvo,sin_actividad,0,null,0,0.001,null,0,null
3699,"GONZALEZ CARBALLAL, S.L.",2024→2025,2024,2025,62020,Mix Fructor Apicultor - Pienso completo - Apicult.,vol_precio,109057.19,124384.89,15327.699999999997,124.09,192.41,878.86,646.46
499,"MELS CARLET, S.L.",2024→2025,2024,2025,44301,Azucar Blanco – Materia Prima para Piensos,volumen,28323,10848,-17475,41.1,16,689.12,678
9811,"IDEAGRO, S.L.",2024→2025,2024,2025,4000050331,Dextrosa Maiz Cristal Monohidrato - ADM  Bulgaria,vol_precio,2225,8400,6175,2.5,10,890,840
5454,"ALIMENTACION Y NUTRICION FAMILIAR, S.L.",2024→2025,2024,2025,7300037021,Azúcar Blanco EEC Nº2 Caña - Sidul  Portugal,prod_perdido,12846.25,null,-12846.25,11.95,null,1075,null
7775,"RUNAKAY PLUS, S.L.",2024→2025,2024,2025,7800013151,Azúcar BIO Caña - Elite NOP  India,prod_perdido,2480,null,-2480,2,null,1240,null
3647,"NAVARRO NAVARRO, FLORENTINO AGUSTIN",2024→2025,2024,2025,60134,"Azúcar PI 73,5-67C> 45 Icu- P.completo para Abejas",prod_perdido,8321.2,null,-8321.2,11.72,null,710,null
9429,TARTAS ANCANO S.L.,2024→2025,2024,2025,43101,Sorbitol Liquido 70% No cristalizable - EPSA,prod_perdido,32035.9,null,-32035.9,24.7,null,1297,null
3014,"NAVALON REIG, JOSE",2024→2025,2024,2025,44301,Azucar Blanco – Materia Prima para Piensos,vol_precio,3612.5,2070,-1542.5,4.25,3,850,690
566,"ALMACENES MIGUEZ 2005,S.L.",2024→2025,2024,2025,62000,Mix Idoneo - Pienso Completo - Apicultura,vol_precio,7215,7440,225,7.95,10.2,907.55,729.41
523,"CORALIM INGREDIENTS, S.L.",2024→2025,2024,2025,4000050331,Dextrosa Maiz Cristal Monohidrato - ADM  Bulgaria,vol_precio,97.5,470,372.5,0.075,0.5,1300,940
445,"PASTELERIA ARROYO SANCHEZ, S.L.U.",2024→2025,2024,2025,7300039291,Azúcar Blanco EEC Nº2 Caña - Kampong Speu Camboya,prod_perdido,260175.6,null,-260175.6,404.8,null,642.73,null
535,"FRIMAR PANADEROS, S.L.",2024→2025,2024,2025,4000050331,Dextrosa Maiz Cristal Monohidrato - ADM  Bulgaria,vol_precio,7623,7290,-333,4.2,5.4,1815,1350
3023,DIST. Y REPR. JOSE MIGUEL S.L.U.,2024→2025,2024,2025,7300039291,Azúcar Blanco EEC Nº2 Caña - Kampong Speu Camboya,prod_perdido,15816,null,-15816,24,null,659,null
7164,"FELIX SOLIS, S.L.",2024→2025,2024,2025,99950,Producto de Pruebas Líquido - 1,sin_actividad,0,null,0,0.003,null,0,null
445,"PASTELERIA ARROYO SANCHEZ, S.L.U.",2024→2025,2024,2025,7300005081,Azúcar Blanco EEC Nº2 Caña - Cosumar  Marruecos,precio,16560,14447.4,-2112.6000000000004,24,24.2,690,597
9155,"CRESTAS LA GALETA, S.A.",2024→2025,2024,2025,3000750341,Fructosa Maiz Cristal Granulada-ADM Turquía CUATRI,prod_perdido,1850,null,-1850,1.25,null,1480,null
10085,BELLOT SIMON,2024→2025,2024,2025,44313,Apipasta Vitaminas 90% - Pienso para Apicultura,prod_perdido,1125,null,-1125,0.9,null,1250,null
1241,"ACEITES DEL SUR-COOSUR, S.A.",2024→2025,2024,2025,7500004011,Correfino EEC Nº2 Caña/Rem - Azucarera España,prod_perdido,23928,null,-23928,24,null,997,null
3111,"GOMEZ MARTIN, HUGO",2024→2025,2024,2025,44301,Azucar Blanco – Materia Prima para Piensos,prod_perdido,59040,null,-59040,72,null,820,null
527,"CARNICAS SERRANO, S.L.",2024→2025,2024,2025,7300039291,Azúcar Blanco EEC Nº2 Caña - Kampong Speu Camboya,prod_perdido,3824,null,-3824,3.2,null,1195,null
7706,"RUIPAN, S.L.",2024→2025,2024,2025,7300039291,Azúcar Blanco EEC Nº2 Caña - Kampong Speu Camboya,vol_precio,76378.28,10302.6,-66075.68,121.18,15.4,630.29,669
595,"ROSCRIS BENIOPA, S.L",2024→2025,2024,2025,7400048311,Az. Bl. EEC nº2 Remol PTE DEST-Agrana Leop Austria,prod_perdido,1792,null,-1792,1.6,null,1120,null
9159,"APISALCER, SLU",2024→2025,2024,2025,40207,Azúcar BIO <45 ES-ECO-024-MU Ag UE REMOLACHA,prod_perdido,67.5,null,-67.5,0.05,null,1350,null
5787,"FALCON, S.A.",2024→2025,2024,2025,2210037021,Melaza Caña - Sidul  Portugal,vol_precio,2232,4128,1896,2.401,4.8,929.61,860
440,"MAZAPANES Y DULCES DE TOLEDO, S.A.",2024→2025,2024,2025,43054,MALTITOL EN POLVO E-965i,prod_perdido,1560,null,-1560,0.8,null,1950,null
9698,NEOH ALPHA REPUBLIC GMBH,2024→2025,2024,2025,61228,Fosvitae 95% Plus,sin_actividad,0,null,0,0.001,null,0,null
1760,"GONZALEZ BYASS, S.A",2024→2025,2024,2025,60019,Azúcar Líquida Neutra 67º- Remolacha,vol_precio,99259.16,14997.84,-84261.32,124.7,25.08,795.98,598
4002,"ABB MJ FERNANDEZ ARANDA, S.L.",2024→2025,2024,2025,40103,Azúcar Moreno >2500i - Brown (Dry Dem BLZ),prod_perdido,1872,null,-1872,1.5,null,1248,null
1080,"VIDAL GOLOSINAS, S.A.",2024→2025,2024,2025,61228,Fosvitae 95% Plus,prod_perdido,460,null,-460,0.2,null,2300,null
7867,"SINBLAT ALIMENTACION SALUDABLE, S.L.",2024→2025,2024,2025,60105,"Azúcar PI 73,5-67",vol_precio,17256.2,15996,-1260.2000000000007,14.18,15.6,1216.94,1025.38
499,"MELS CARLET, S.L.",2024→2025,2024,2025,44309,Mixco Sweet 75-10.4545 - Pienso completo – Apicult,vol_precio,138712.7,139636.4,923.6999999999825,186.62,224.02,743.29,623.32
431,"DICARCONO, S.L.",2024→2025,2024,2025,7400002031,Az Bl. EEC Nº2 Remolacha PTE DEST-Tereos Franci,prod_perdido,168698.04,null,-168698.04,170.92,null,987,null
436,"TURRONES JOSE GARRIGOS, S.A.",2024→2025,2024,2025,44120,Glucor 45/80,prod_perdido,1236,null,-1236,1.2,null,1030,null
6460,"PARDO TOLOSA, JUAN",2024→2025,2024,2025,44313,Apipasta Vitaminas 90% - Pienso para Apicultura,prod_perdido,232.5,null,-232.5,0.15,null,1550,null
9781,ADVANCE SCIENCE LIMITED,2024→2025,2024,2025,62001,Apimix - Pienso completo - Apicultura,sin_actividad,0,null,0,0.02,null,0,null
9091,"STOLLER EUROPE, S.L.U.",2024→2025,2024,2025,60000,Azúcar Líquida Neutra 67º,sin_actividad,0,null,0,0.001,null,0,null
1752,"ROYMY 21, S.L",2024→2025,2024,2025,43050,Maltitol en Polvo,prod_perdido,1890,null,-1890,1,null,1890,null
9670,FOOD SPECIALITIES LIMITED FSL,2024→2025,2024,2025,61228,Fosvitae 95% Plus,sin_actividad,0,null,0,0.001,null,0,null
7102,"MIEL LLARIA, TCEA",2024→2025,2024,2025,60123,"Azúcar PI 73,5-67 - BIO",prod_perdido,1500,null,-1500,1.2,null,1250,null
2642,"BONDIA SALVO, S.L.",2024→2025,2024,2025,2100050331,Almidon Maiz - ADM Bulgaria,prod_perdido,1625,null,-1625,2.5,null,650,null
466,"DULCES LA PONDEROSA, S.L.",2024→2025,2024,2025,7400002031,Az Bl. EEC Nº2 Remolacha PTE DEST-Tereos Franci,prod_perdido,7440,null,-7440,12,null,620,null
1529,"DULCESA, S.L. UNIPERSONAL",2024→2025,2024,2025,7300039291,Azúcar Blanco EEC Nº2 Caña - Kampong Speu Camboya,prod_perdido,444030.66,null,-444030.66,465.2,null,954.49,null
3187,"AZELIS ESPAÑA, S.A.",2024→2025,2024,2025,5205750031,Glucor 37/79 - ADM  Francia CUATRIMESTRAL,prod_perdido,16530,null,-16530,18,null,918.33,null
10124,"ATENCION AGRO AMBIENTAL, S.L.",2024→2025,2024,2025,43101,Sorbitol Liquido 70% No cristalizable - EPSA,sin_actividad,0,null,0,0.002,null,0,null
418,"MANUFACTURAS CEYLAN, S.L.",2024→2025,2024,2025,62150,Jarabe de Melaza de Caña,sin_actividad,0,null,0,0.001,null,0,null
1951,"LOPEZ ORTIZ, JOSE ANTONIO",2024→2025,2024,2025,44301,Azucar Blanco – Materia Prima para Piensos,prod_perdido,8160,null,-8160,9.6,null,850,null
297,"TARBAL FOOD, S.L.",2024→2025,2024,2025,7300037021,Azúcar Blanco EEC Nº2 Caña - Sidul  Portugal,prod_perdido,2266,null,-2266,2.2,null,1030,null
1747,"FRUIT TECH NATURAL, S.A.",2024→2025,2024,2025,40207,Azúcar BIO <45 ES-ECO-024-MU Ag UE REMOLACHA,prod_perdido,48480,null,-48480,48,null,1010,null
2532,"ORTEGA GIMENEZ, JAVIER",2024→2025,2024,2025,44301,Azucar Blanco – Materia Prima para Piensos,prod_perdido,647.63,null,-647.63,0.825,null,785.01,null
7558,HARINAS CASTILLA LA MANCHA S.L,2024→2025,2024,2025,61228,Fosvitae 95% Plus,sin_actividad,0,null,0,0.001,null,0,null
430,"MONZO LUIS, S.L.",2024→2025,2024,2025,5100054011,Fructor 10/81 -Roquette España,prod_perdido,1380,null,-1380,1.2,null,1150,null
9743,SAS NORDMANN FRANCE,2024→2025,2024,2025,61229,Fosvitae Plus Polvo,sin_actividad,0,null,0,0.002,null,0,null
3049,"LA GRANJA FOODS 1959, S.L.",2024→2025,2024,2025,60105,"Azúcar PI 73,5-67",volumen,3585.6,21105,17519.4,4.8,28.6,747,737.94
3478,"APICOLA LA PARRA, S.L.U.",2024→2025,2024,2025,44313,Apipasta Vitaminas 90% - Pienso para Apicultura,vol_precio,241375.5,429390,188014.5,203.16,426.45,1188.11,1006.89
3014,"NAVALON REIG, JOSE",2024→2025,2024,2025,44313,Apipasta Vitaminas 90% - Pienso para Apicultura,prod_perdido,4515,null,-4515,3.15,null,1433.33,null
9202,"NAVARRO PALLARES, ROBERTO",2024→2025,2024,2025,62020,Mix Fructor Apicultor - Pienso completo - Apicult.,prod_perdido,553,null,-553,0.5,null,1106,null
1202,"APIGLASS ENVAS. Y MAT. APICOLA, S.L.",2024→2025,2024,2025,62001,Apimix - Pienso completo - Apicultura,prod_perdido,42344.4,null,-42344.4,46.08,null,918.93,null
419,"DISTRIBUCIONES JAIME SARRION, S.L.",2024→2025,2024,2025,7500004011,Correfino EEC Nº2 Caña/Rem - Azucarera España,prod_perdido,1312,null,-1312,1.6,null,820,null
3808,"DEL RIO GIL, TERESA",2024→2025,2024,2025,44301,Azucar Blanco – Materia Prima para Piensos,prod_perdido,9350,null,-9350,11,null,850,null
2832,DULCES LA ABUELA COOP VNA,2024→2025,2024,2025,62401,Fondant ES-R02,vol_precio,14089.63,13372.8,-716.8299999999999,11.85,13.44,1189,995
7755,SAS LA CHENERAIE,2024→2025,2024,2025,44315,Apipasta PLUS - Pienso para Apicultura,vol_precio,8454.6,5334,-3120.6000000000004,5.04,4.2,1677.5,1270
8350,"MIGA FOODS COMMERCE, S.L.",2024→2025,2024,2025,5205002011,Glucor 37/79 - Tereos  España,vol_precio,2340,11840.4,9500.4,2.4,13.2,975,897
3863,"LA TRADICION M&T, S.L.",2024→2025,2024,2025,5100050031,Fructor 10/81 - ADM  Francia,prod_perdido,988,null,-988,1.04,null,950,null
3294,"PUNTO GOFRE, S.L.",2024→2025,2024,2025,42000,Dextrosa Cristal Monohidrato Maiz,prod_perdido,3828.75,null,-3828.75,3.75,null,1021,null
4852,"ABELLAIRES EMPORDANESOS, S.A.T.",2024→2025,2024,2025,44335,Azúcar Blanco BIO MP para piensos,prod_perdido,695,null,-695,0.5,null,1390,null
6151,"FRULACT, S.A.",2024→2025,2024,2025,60105,"Azúcar PI 73,5-67",precio,15675.9,11407.2,-4268.699999999999,13.3,13.2,1178.64,864.18
400,"ASOCIACION IND. ALICANTINA DEL HELADO, S.A.",2024→2025,2024,2025,5101750031,Fructor 10/77 - ADM  Francia CUATRIMESTRAL,prod_perdido,49423.92,null,-49423.92,54.312,null,910,null
6147,"ANDALUZA DE MIELES, S.L.",2024→2025,2024,2025,5100750031,Fructor 10/81 - ADM  Francia CUATRIMESTRAL,prod_perdido,50516.77,null,-50516.77,72.686,null,695,null
3409,"MAGNOLIA PREMIUM, S.L.",2024→2025,2024,2025,63102,PEP 58 LM 48,prod_perdido,787.68,null,-787.68,0.72,null,1094,null
3049,"LA GRANJA FOODS 1959, S.L.",2024→2025,2024,2025,40103,Azúcar Moreno >2500i - Brown (Dry Dem BLZ),prod_perdido,28963.75,null,-28963.75,34.075,null,850,null
9157,"MAK FOOD COMPANY, S.L.",2024→2025,2024,2025,61248,Mixco Sweet 65-00.5050 I,precio,84124.94,81070.9,-3054.040000000008,76.238,76.94,1103.45,1053.69
3142,"NUTRIS INGREDIENTS, S.L.",2024→2025,2024,2025,99950,Producto de Pruebas Líquido - 1,sin_actividad,0,null,0,0.001,null,0,null
4634,"MASQPAN EXCLUSIVAS, S.L.",2024→2025,2024,2025,7300037021,Azúcar Blanco EEC Nº2 Caña - Sidul  Portugal,precio,560,576,16,0.8,0.8,700,720
1528,"JUAN Y JUAN INDUSTRIAL, S.L.U.",2024→2025,2024,2025,65030,AZÚCAR EN POLVO LM 48m,sin_actividad,0,null,0,0.075,null,0,null
400,"ASOCIACION IND. ALICANTINA DEL HELADO, S.A.",2024→2025,2024,2025,43054,MALTITOL EN POLVO E-965i,sin_actividad,0,null,0,0,null,null,null
8247,"ALLJUICEMED, S.L.",2024→2025,2024,2025,7400002031,Az Bl. EEC Nº2 Remolacha PTE DEST-Tereos Franci,prod_perdido,2760,null,-2760,2,null,1380,null
367,"CASA ROJA MONTEGON, S.L.",2024→2025,2024,2025,5101050031,Fructor 10/77 - ADM  Francia,prod_perdido,1152,null,-1152,1.2,null,960,null
348,"PRODUCTOS SUR, S.A.U.",2024→2025,2024,2025,4000050331,Dextrosa Maiz Cristal Monohidrato - ADM  Bulgaria,prod_perdido,51750,null,-51750,45,null,1150,null
3144,"DALLANT, S.A.",2024→2025,2024,2025,7300039291,Azúcar Blanco EEC Nº2 Caña - Kampong Speu Camboya,prod_perdido,171477.6,null,-171477.6,235.2,null,729.07,null
2081,"ZUMOS Y FRUTAS CONCENTRADOS, S.L.",2024→2025,2024,2025,61300,Mixco Sweet 65-00.5050 UH,volumen,11211404.8,1877488.4,-9333916.4,9287.04,1571.12,1207.21,1195
457,"AMAHER, S.L.",2024→2025,2024,2025,4000050331,Dextrosa Maiz Cristal Monohidrato - ADM  Bulgaria,prod_perdido,39567.5,null,-39567.5,45.25,null,874.42,null
9609,"VAMINTER, S.L.",2024→2025,2024,2025,1200049321,Sorbitol Polvo-Shandong Tianli Pharm. China,volumen,2557.5,1320,-1237.5,1.55,0.8,1650,1650
1386,"SCENTIUM FLAVOURS, S.L",2024→2025,2024,2025,63500,Jarabe de Azucar Invertido BIO,volumen,7734.93,4072.8,-3662.13,4.558,2.4,1697,1697
440,"MAZAPANES Y DULCES DE TOLEDO, S.A.",2024→2025,2024,2025,7500004011,Correfino EEC Nº2 Caña/Rem - Azucarera España,prod_perdido,6560,null,-6560,8,null,820,null
9469,FLOURMILLS THRAKIS I OUZOUNOPOULOS SA,2024→2025,2024,2025,61287,Fosvitae 95% Plus BIO ES-ECO-024-MU Agric. UE,vol_precio,352021.36,68029.5,-283991.86,112.724,23.87,3122.86,2850
8562,"PERPIÑÁN GRAU, MARIA VTA.",2024→2025,2024,2025,44301,Azucar Blanco – Materia Prima para Piensos,prod_perdido,6002.5,null,-6002.5,8.575,null,700,null
6267,"JUMEL ALIMENTARIA, S.A.",2024→2025,2024,2025,7300005081,Azúcar Blanco EEC Nº2 Caña - Cosumar  Marruecos,prod_perdido,23446.5,null,-23446.5,23.1,null,1015,null
8561,"PERPIÑÁN GRAU, JAVIER",2024→2025,2024,2025,44301,Azucar Blanco – Materia Prima para Piensos,prod_perdido,6002.5,null,-6002.5,8.575,null,700,null
716,"PENALVA ALIMENTACION, S.A.",2024→2025,2024,2025,40207,Azúcar BIO <45 ES-ECO-024-MU Ag UE REMOLACHA,volumen,6850,4110,-2740,5,3,1370,1370
9907,GIMBER BV,2024→2025,2024,2025,60011,Azúcar Líquida Integral de Caña,sin_actividad,0,null,0,0.001,null,0,null
1000,CLIENTES VARIOS (CONTADO),2024→2025,2024,2025,40103,Azúcar Moreno >2500i - Brown (Dry Dem BLZ),prod_perdido,22.25,null,-22.25,0.025,null,890,null
6094,"ECOVINAL, S.L.U.",2024→2025,2024,2025,60123,"Azúcar PI 73,5-67 - BIO",prod_perdido,2532,0,-2532,2.4,0.001,1055,0
4383,"MANUFRI, S.L.",2024→2025,2024,2025,61207,Mixco Sweet 74-00.5050 M1,vol_precio,568228.44,19588,-548640.44,365.16,11.8,1556.11,1660
1080,"VIDAL GOLOSINAS, S.A.",2024→2025,2024,2025,62150,Jarabe de Melaza de Caña,volumen,31452.5,56580,25127.5,27.35,49.2,1150,1150
1826,"HERO ESPAÑA, S.A",2024→2025,2024,2025,1110052321,Maltitol Liquido - Hylen  China,sin_actividad,0,null,0,0.001,null,0,null
484,"PRODUCTOS LA PILARICA, S.A.",2024→2025,2024,2025,42000,Dextrosa Cristal Monohidrato Maiz,prod_perdido,47037.5,null,-47037.5,50,null,940.75,null
592,"FRAMAJOVA, S.L",2024→2025,2024,2025,7230007131,DC Raw Sugar >4000I - Cassa  El Salvador,sin_actividad,0,null,0,0.001,null,0,null
4085,"ANDREU ZAMORA, VICENTE",2024→2025,2024,2025,44315,Apipasta PLUS - Pienso para Apicultura,prod_perdido,1663.2,null,-1663.2,0.84,null,1980,null
2909,"MANIPULADOS DE CEBOLLAS Y DERIVADOS, S.L.",2024→2025,2024,2025,2210037021,Melaza Caña - Sidul  Portugal,sin_actividad,0,null,0,0.001,null,0,null
2057,"BACK EUROP ESPAÑA, S.L",2024→2025,2024,2025,5205050031,Glucor 37/79 - ADM  Francia,vol_precio,6480,7105,625,4.8,4.9,1350,1450
9687,COMPAÑÍA AZUCARERA SALVADOREÑA S.A. DE C.V.,2024→2025,2024,2025,7110004241,Azúcar Moreno >2500i - Azucarera Mauricio,sin_actividad,0,null,0,0.002,null,0,null
457,"AMAHER, S.L.",2024→2025,2024,2025,43101,Sorbitol Liquido 70% No cristalizable - EPSA,prod_perdido,16620.5,null,-16620.5,13,null,1278.5,null
7956,"STOCKMEIER QUIMICA, SLU",2024→2025,2024,2025,41000,Fructosa MAIZ Cristal,prod_perdido,1643.75,null,-1643.75,1.25,null,1315,null
1635,"IMPEX EUROPA, S.L",2024→2025,2024,2025,65005,Azúcar en polvo LS,vol_precio,581.7,1515.9,934.2,0.42,0.93,1385,1630
396,"AGROTRANSFORMADOS, S.A.",2024→2025,2024,2025,61220,Mixco Sweet 65-00.5050,precio,284505.78,247948.34,-36557.44000000003,336.44,338.46,845.64,732.58
4561,"AGRICOM, S.R.L.",2024→2025,2024,2025,62001,Apimix - Pienso completo - Apicultura,vol_precio,4908.96,6394.8,1485.8400000000001,5.04,8.28,974,772.32
5231,"CRISTOBAL E HIJO, S.L.",2024→2025,2024,2025,44315,Apipasta PLUS - Pienso para Apicultura,prod_perdido,2494.8,null,-2494.8,1.26,null,1980,null
7440,"LOPEZ FOOD GROUP, S.L.",2024→2025,2024,2025,7300039291,Azúcar Blanco EEC Nº2 Caña - Kampong Speu Camboya,prod_perdido,111688,null,-111688,184,null,607,null
10099,"AGUARDIENTES DE GALICIA, S. A.",2024→2025,2024,2025,60019,Azúcar Líquida Neutra 67º- Remolacha,prod_perdido,2365.2,null,-2365.2,3.6,null,657,null
3794,"CIFRE SANZ, DIEGO",2024→2025,2024,2025,44313,Apipasta Vitaminas 90% - Pienso para Apicultura,prod_perdido,1522.5,null,-1522.5,1.05,null,1450,null
1854,"ROYPAS BY NUTRIS, S.A.",2024→2025,2024,2025,5200750031,Glucor 60/82 - ADM  Francia CUATRIMESTRAL,prod_perdido,65990.4,null,-65990.4,98.2,null,672,null
5444,"ESCOT SAIZ, EDUARDO",2024→2025,2024,2025,44315,Apipasta PLUS - Pienso para Apicultura,prod_perdido,25.83,null,-25.83,0.014,null,1845,null
8641,"GALLETAS GULLÓN, S.A.",2024→2025,2024,2025,61229,Fosvitae Plus Polvo,sin_actividad,0,null,0,0.001,null,0,null
9766,"PERSEO BIOTECHNOLOGY, S.L.",2024→2025,2024,2025,62150,Jarabe de Melaza de Caña,sin_actividad,0,null,0,0.001,null,0,null
9575,"GREEN BEVERAGES ESPAÑA, SL",2024→2025,2024,2025,40207,Azúcar BIO <45 ES-ECO-024-MU Ag UE REMOLACHA,prod_perdido,11002.5,null,-11002.5,8.15,null,1350,null
3084,ARTENAY BARS SAS,2024→2025,2024,2025,44093,Fructor 100/80,prod_perdido,2316,null,-2316,1.2,null,1930,null
418,"MANUFACTURAS CEYLAN, S.L.",2024→2025,2024,2025,7600004011,Azúcar Granulado Extrafino-Azucarera España,vol_precio,16784.1,4914,-11870.099999999999,15.3,5.4,1097,910
6323,SARL BABE APICULTURE ET EMBALLAGES,2024→2025,2024,2025,44328,Apipasta 90% - Pienso completo –  BABE APICULTURE,vol_precio,16204.5,1872,-14332.5,13.8,1.8,1174.24,1040
3753,"OLIVA NAVARRO, MIRIAM",2024→2025,2024,2025,44315,Apipasta PLUS - Pienso para Apicultura,prod_perdido,147,null,-147,0.098,null,1500,null
3294,"PUNTO GOFRE, S.L.",2024→2025,2024,2025,1210049321,Sorbitol Liquido - Shandong Tianli Pharm - China,prod_perdido,4342,null,-4342,2.6,null,1670,null
1752,"ROYMY 21, S.L",2024→2025,2024,2025,7300039291,Azúcar Blanco EEC Nº2 Caña - Kampong Speu Camboya,vol_precio,30648,14036,-16612,48,24.2,638.5,580
9097,"CAFES MIÑANA, S.A.",2024→2025,2024,2025,7300005081,Azúcar Blanco EEC Nº2 Caña - Cosumar  Marruecos,prod_perdido,1680,null,-1680,1.6,null,1050,null
6316,"PEREZ BAQUEDANO, BEGOÑA",2024→2025,2024,2025,44301,Azucar Blanco – Materia Prima para Piensos,prod_perdido,2150,null,-2150,2.5,null,860,null
3294,"PUNTO GOFRE, S.L.",2024→2025,2024,2025,43101,Sorbitol Liquido 70% No cristalizable - EPSA,prod_perdido,13767,null,-13767,9.1,null,1512.86,null
9994,AUDE API,2024→2025,2024,2025,44314,Apipasta 90% - BIO - Pienso completo - Apicultura,volumen,816.75,1732.5,915.75,0.495,1.05,1650,1650
8996,"RAMYMAR FRUITS, S.L.",2024→2025,2024,2025,62001,Apimix - Pienso completo - Apicultura,prod_perdido,1767.5,null,-1767.5,1.85,null,955.41,null
985,GIPUZKOAKO ERLEZAIN ELKARTEA,2024→2025,2024,2025,44313,Apipasta Vitaminas 90% - Pienso para Apicultura,prod_perdido,8893.5,null,-8893.5,6.3,null,1411.67,null
297,"TARBAL FOOD, S.L.",2024→2025,2024,2025,7500004011,Correfino EEC Nº2 Caña/Rem - Azucarera España,vol_precio,3460,7260,3800,4,9,865,806.67
7800,"GASCON GASCON, BENITO",2024→2025,2024,2025,44301,Azucar Blanco – Materia Prima para Piensos,prod_perdido,760,null,-760,0.8,null,950,null
542,"SDAD.ESPAÑOLA COLOR. NATURALES Y AFINES, S.A.U.",2024→2025,2024,2025,40260,Melaza de Caña,prod_perdido,2760,null,-2760,2.4,null,1150,null
9827,BOSCH BODEN SPIES GMBH & CO. KG,2024→2025,2024,2025,99950,Producto de Pruebas Líquido - 1,sin_actividad,0,null,0,0.002,null,0,null
9822,SWEET CASTILLA S.L,2024→2025,2024,2025,61200,Fosvitae 85%,sin_actividad,0,null,0,0.001,null,0,null
225,"FRUTAS Y CONSERVAS DE MURCIA, S.L.",2024→2025,2024,2025,60000,Azúcar Líquida Neutra 67º,vol_precio,637045.86,472878.6,-164167.26,1245.4,1028.3,511.52,459.86
889,"ESPECIALIDADES DEL OBRADOR, S.L.",2024→2025,2024,2025,62400,Fondant ES-R01,prod_perdido,20.25,null,-20.25,0.015,null,1350,null
566,"ALMACENES MIGUEZ 2005,S.L.",2024→2025,2024,2025,44315,Apipasta PLUS - Pienso para Apicultura,vol_precio,28312.2,36594.6,8282.399999999998,24.653,37.773,1148.43,968.8
419,"DISTRIBUCIONES JAIME SARRION, S.L.",2024→2025,2024,2025,65030,AZÚCAR EN POLVO LM 48m,vol_precio,3046.8,2793.6,-253.20000000000027,2.76,2.88,1103.91,970
5454,"ALIMENTACION Y NUTRICION FAMILIAR, S.L.",2024→2025,2024,2025,7400002031,Az Bl. EEC Nº2 Remolacha PTE DEST-Tereos Franci,prod_perdido,11932.5,null,-11932.5,11.1,null,1075,null
522,"MACROSNACKS, S.L.U.",2024→2025,2024,2025,7300039291,Azúcar Blanco EEC Nº2 Caña - Kampong Speu Camboya,precio,17232.8,13041.6,-4191.199999999999,20.8,20.8,828.5,627
1023,"TORRONS VICENS, S.L.",2024→2025,2024,2025,61184,Mixco Sweet 74-44.1225,vol_precio,63307.2,67446.4,4139.199999999997,95.92,120.44,660,560
10037,"DELGADO COLINO, MANUEL",2024→2025,2024,2025,60000,Azúcar Líquida Neutra 67º,sin_actividad,0,null,0,0.001,null,0,null
3049,"LA GRANJA FOODS 1959, S.L.",2024→2025,2024,2025,7220032231,Raw Sugar <2500ICUMSA - Eswatini Ubombo Sugar,sin_actividad,0,null,0,0.001,null,0,null
431,"DICARCONO, S.L.",2024→2025,2024,2025,7300039291,Azúcar Blanco EEC Nº2 Caña - Kampong Speu Camboya,prod_perdido,422676.44,null,-422676.44,497.64,null,849.36,null
577,"FARTONS POLO, S.L.",2024→2025,2024,2025,62401,Fondant ES-R02,volumen,2682.24,6684.64,4002.4000000000005,1.92,4.785,1397,1397
3111,"GOMEZ MARTIN, HUGO",2024→2025,2024,2025,62000,Mix Idoneo - Pienso Completo - Apicultura,prod_perdido,13104,null,-13104,14.4,null,910,null
9620,"BRAVA DRINKS, S.L.",2024→2025,2024,2025,40207,Azúcar BIO <45 ES-ECO-024-MU Ag UE REMOLACHA,vol_precio,509.25,253.2,-256.05,0.375,0.15,1358,1688
7874,"SUGAR GLOBAL TRADING, S.L.",2024→2025,2024,2025,7300016111,Azúcar Blanco EEC Nº2 Caña - Santa Ana Guatemala,prod_perdido,2864993.03,null,-2864993.03,4008,null,714.82,null
1294,"SOREAL-ILOU, S.A.U.",2024→2025,2024,2025,62150,Jarabe de Melaza de Caña,volumen,31280,27158.4,-4121.5999999999985,27.2,23.88,1150,1137.29
534,"MC CONSTRUCTION CHEMICAL SPAIN, S.L.",2024→2025,2024,2025,7500004011,Correfino EEC Nº2 Caña/Rem - Azucarera España,vol_precio,15948,18332.8,2384.7999999999993,16.8,27.2,949.29,674
5656,API WAYS SAS,2024→2025,2024,2025,44313,Apipasta Vitaminas 90% - Pienso para Apicultura,prod_perdido,1491,null,-1491,1.05,null,1420,null
8377,ALHANASHIR FARMING REQUIREMENTS CO. LTD,2024→2025,2024,2025,44313,Apipasta Vitaminas 90% - Pienso para Apicultura,prod_perdido,16401,null,-16401,11.55,null,1420,null
1854,"ROYPAS BY NUTRIS, S.A.",2024→2025,2024,2025,1210054031,Sorbitol Liquido - Roquette Francia,volumen,6454.8,21516,15061.2,3.6,12,1793,1793
304,"FRANFER, S.A.",2024→2025,2024,2025,5101002011,Fructor 10/77 - Tereos  España,prod_perdido,2856,null,-2856,2.4,null,1190,null
9273,"AGROQUIMICA CODIAGRO, S.L.",2024→2025,2024,2025,7300005081,Azúcar Blanco EEC Nº2 Caña - Cosumar  Marruecos,prod_perdido,3680,null,-3680,4,null,920,null
2850,"AMC NATURAL DRINKS, S.L.",2024→2025,2024,2025,60000,Azúcar Líquida Neutra 67º,vol_precio,501529.3,55776.82,-445752.48,637.46,97.46,786.76,572.3
9157,"MAK FOOD COMPANY, S.L.",2024→2025,2024,2025,64094,Mixco Sweet 72-53.2323 100 Icu,vol_precio,871651.8,4180306.85,3308655.05,1005.745,4400.363,866.67,949.99
9202,"NAVARRO PALLARES, ROBERTO",2024→2025,2024,2025,44313,Apipasta Vitaminas 90% - Pienso para Apicultura,prod_perdido,459,null,-459,0.3,null,1530,null
6267,"JUMEL ALIMENTARIA, S.A.",2024→2025,2024,2025,7300039291,Azúcar Blanco EEC Nº2 Caña - Kampong Speu Camboya,prod_perdido,96670.2,null,-96670.2,137.6,null,702.55,null
3155,"HORTAMED, S.L.",2024→2025,2024,2025,5101002011,Fructor 10/77 - Tereos  España,vol_precio,2291.35,3204,912.6500000000001,2.45,3.6,935.24,890
1023,"TORRONS VICENS, S.L.",2024→2025,2024,2025,60105,"Azúcar PI 73,5-67",vol_precio,6468.85,3229.2,-3239.6500000000005,6.05,3.6,1069.23,897
7395,VECO PHARMA SHPK,2024→2025,2024,2025,62001,Apimix - Pienso completo - Apicultura,volumen,672,1344,672,0.84,1.68,800,800
407,"PRODUCTOS KELMY, S.A.U.",2024→2025,2024,2025,7400048311,Az. Bl. EEC nº2 Remol PTE DEST-Agrana Leop Austria,prod_perdido,47242,null,-47242,46,null,1027,null
2577,"IMPORTACO CASA PONS, S.A.U.",2024→2025,2024,2025,7230007131,DC Raw Sugar >4000I - Cassa  El Salvador,prod_ganado,0,82.5,82.5,0.001,0.076,0,1085.53
933,"DULCESTEPA, S.A.",2024→2025,2024,2025,7300039291,Azúcar Blanco EEC Nº2 Caña - Kampong Speu Camboya,prod_perdido,59762,null,-59762,96.8,null,617.38,null
8787,"NOARA MEDITERRANEAN DISTILLERY, S.L.",2024→2025,2024,2025,60010,Azúcar Liquida Neutra S.A.,vol_precio,104650.1,73039.2,-31610.90000000001,145.1,140.46,721.23,520
3791,"FORTEA CERAS Y MIELES, S.L.",2024→2025,2024,2025,44313,Apipasta Vitaminas 90% - Pienso para Apicultura,prod_perdido,16632,null,-16632,11.55,null,1440,null
9157,"MAK FOOD COMPANY, S.L.",2024→2025,2024,2025,61304,Mixco Sweet 72-40.3030 M1A4,volumen,58679.38,808046.4,749367.02,34.66,480.98,1693,1680
3812,SIERRA MIEL SDAD. COOP.,2024→2025,2024,2025,44313,Apipasta Vitaminas 90% - Pienso para Apicultura,prod_perdido,29715,null,-29715,23.1,null,1286.36,null
7787,"ONES MAY SABORES, S.L",2024→2025,2024,2025,7300039291,Azúcar Blanco EEC Nº2 Caña - Kampong Speu Camboya,prod_perdido,8089,null,-8089,12,null,674.08,null
581,TURRON.Y CARAMEL. DE HELLIN SL,2024→2025,2024,2025,43050,Maltitol en Polvo,prod_perdido,398,null,-398,0.2,null,1990,null
1000,CLIENTES VARIOS (CONTADO),2024→2025,2024,2025,40207,Azúcar BIO <45 ES-ECO-024-MU Ag UE REMOLACHA,prod_perdido,25,null,-25,0.025,null,1000,null
4369,"LA TIENDA DEL APICULTOR, S.L.U.",2024→2025,2024,2025,7500004011,Correfino EEC Nº2 Caña/Rem - Azucarera España,prod_perdido,2910,null,-2910,3,null,970,null
4002,"ABB MJ FERNANDEZ ARANDA, S.L.",2024→2025,2024,2025,7500004011,Correfino EEC Nº2 Caña/Rem - Azucarera España,volumen,3444,29140,25696,5.6,47,615,620
4429,"UMBRELLA F&FI, S.L. ",2024→2025,2024,2025,3010750341,Fructosa Maiz Cristal Polvo - ADM  Turquía CUATRIM,prod_perdido,1737.5,null,-1737.5,1.25,null,1390,null
9263,"LOPEZ 1920 PASTELERÍA, S.L.",2024→2025,2024,2025,7400004011,Azúcar Bl. EEC nº2 REMOL - AZUCARERA ESPAÑA,prod_perdido,23768.48,null,-23768.48,23.84,null,997,null
2074,"ALFREDO IÑESTA, S.L",2024→2025,2024,2025,5101050031,Fructor 10/77 - ADM  Francia,prod_perdido,3698.4,null,-3698.4,3.6,null,1027.33,null
490,"FRUCOPASA, S.A.",2024→2025,2024,2025,60000,Azúcar Líquida Neutra 67º,vol_precio,202344.76,279997.8,77653.03999999998,360.12,595.74,561.88,470
5930,UNION PROFESIONAL APICULTORES ZAMORA APIS DURII,2024→2025,2024,2025,44310,Apipasta 90% - Pienso completo - Apicultura,sin_actividad,0,null,0,0.015,null,0,null
3111,"GOMEZ MARTIN, HUGO",2024→2025,2024,2025,44310,Apipasta 90% - Pienso completo - Apicultura,prod_perdido,47376,null,-47376,36.6,null,1294.43,null
1787,"DULCES DEL TURIA, S.L.",2024→2025,2024,2025,7500004011,Correfino EEC Nº2 Caña/Rem - Azucarera España,vol_precio,3920,1152,-2768,4,1.6,980,720
7558,HARINAS CASTILLA LA MANCHA S.L,2024→2025,2024,2025,43003,Maltitol 55/75,prod_perdido,11232,null,-11232,10.4,null,1080,null
2011,"BIOSUR PRODUCTOS AGRICOLAS, S.L.U.",2024→2025,2024,2025,62020,Mix Fructor Apicultor - Pienso completo - Apicult.,prod_perdido,1288.8,null,-1288.8,1.2,null,1074,null
7936,"FABRICA JAEN, S.L.U.",2024→2025,2024,2025,62070,Mix Golden Jarabe,prod_perdido,10500,null,-10500,8.4,null,1250,null
1314,"MANUFACTURAS PIBERNAT, S.L.",2024→2025,2024,2025,7400048311,Az. Bl. EEC nº2 Remol PTE DEST-Agrana Leop Austria,prod_perdido,12480,null,-12480,12,null,1040,null
523,"CORALIM INGREDIENTS, S.L.",2024→2025,2024,2025,7500004011,Correfino EEC Nº2 Caña/Rem - Azucarera España,prod_perdido,2300,null,-2300,2,null,1150,null
9360,"GOMEZ CASTELL, RAFAEL",2024→2025,2024,2025,62001,Apimix - Pienso completo - Apicultura,prod_perdido,1230,null,-1230,1.2,null,1025,null
4002,"ABB MJ FERNANDEZ ARANDA, S.L.",2024→2025,2024,2025,62400,Fondant ES-R01,volumen,46008.6,55334.4,9325.800000000003,44.34,53.76,1037.63,1029.29
239,"ASOCIACION DE APICULTORES DE VIZCAYA, B.E.",2024→2025,2024,2025,62001,Apimix - Pienso completo - Apicultura,vol_precio,2536.8,1428,-1108.8000000000002,2.52,1.68,1006.67,850
8247,"ALLJUICEMED, S.L.",2024→2025,2024,2025,61280,Mixco Sweet 68-00.5050 RC V2,prod_perdido,50713.88,0,-50713.88,51.02,0,994,null
2679,"REINA KILAMA, SDAD. COOP.",2024→2025,2024,2025,44403,Apipasta 90% - Con P y V - Pienso para Apic. (RK),prod_perdido,3218.4,null,-3218.4,2.235,null,1440,null
297,"TARBAL FOOD, S.L.",2024→2025,2024,2025,7400004011,Azúcar Bl. EEC nº2 REMOL - AZUCARERA ESPAÑA,prod_perdido,1030,null,-1030,1,null,1030,null
7171,"QUIRANTE FRUITS, S.L.",2024→2025,2024,2025,61244,Mixco Sweet 70-00.5050 U,prod_perdido,7596837.58,null,-7596837.58,6141.34,null,1237,null
2081,"ZUMOS Y FRUTAS CONCENTRADOS, S.L.",2024→2025,2024,2025,61248,Mixco Sweet 65-00.5050 I,volumen,6437127.27,203425.6,-6233701.67,5598.234,177.2,1149.85,1148
528,"MANUFACTURAS COVISAL, S.L.",2024→2025,2024,2025,7400002031,Az Bl. EEC Nº2 Remolacha PTE DEST-Tereos Franci,prod_perdido,1270,null,-1270,1,null,1270,null
462,"ROMEDUL, S.L.",2024→2025,2024,2025,5101002011,Fructor 10/77 - Tereos  España,vol_precio,9987.6,900,-9087.6,12.18,1.2,820,750
6603,"INDUSTRIAS ALIMENTICIAS SUFLI, S.L.",2024→2025,2024,2025,40103,Azúcar Moreno >2500i - Brown (Dry Dem BLZ),prod_perdido,557.6,null,-557.6,0.4,null,1394,null
457,"AMAHER, S.L.",2024→2025,2024,2025,1210002031,Sorbitol Liquido - Tereos Francia,prod_perdido,1410,null,-1410,1.2,null,1175,null
9863,"JUALEX CANARIAS, S.L.",2024→2025,2024,2025,65015,Azúcar en polvo LM,prod_ganado,0,15444,15444,0.115,21.45,0,720
535,"FRIMAR PANADEROS, S.L.",2024→2025,2024,2025,7300039291,Azúcar Blanco EEC Nº2 Caña - Kampong Speu Camboya,prod_perdido,96530.5,null,-96530.5,96.56,null,999.69,null
550,"REPOSTERIA PORTA, S.L.",2024→2025,2024,2025,41000,Fructosa MAIZ Cristal,prod_perdido,3450,null,-3450,2.5,null,1380,null
9097,"CAFES MIÑANA, S.A.",2024→2025,2024,2025,45006,AZÚCAR BLANCO EEC Nº2 C - PQ01 RETAIL – JUST SUGAR,prod_perdido,96.8,null,-96.8,0.08,null,1210,null
5428,"CLEMENTE SANZ, AURORA",2024→2025,2024,2025,62001,Apimix - Pienso completo - Apicultura,prod_perdido,31.5,null,-31.5,0.03,null,1050,null
3699,"GONZALEZ CARBALLAL, S.L.",2024→2025,2024,2025,44335,Azúcar Blanco BIO MP para piensos,vol_precio,2586,5655.3,3069.3,2,4.1,1293,1379.34
902,"MEMBRILLO EL QUIJOTE, S.A.",2024→2025,2024,2025,7300005081,Azúcar Blanco EEC Nº2 Caña - Cosumar  Marruecos,prod_perdido,9480,null,-9480,12,null,790,null
6130,HAPPY VALLEY HONEY LIMITED,2024→2025,2024,2025,44310,Apipasta 90% - Pienso completo - Apicultura,prod_perdido,1995,null,-1995,2.1,null,950,null
9157,"MAK FOOD COMPANY, S.L.",2024→2025,2024,2025,61292,Mixco Sweet 72-00.5050 M1A,prod_perdido,42.35,0,-42.35,0.061,0.008,694.26,0
1241,"ACEITES DEL SUR-COOSUR, S.A.",2024→2025,2024,2025,7300039291,Azúcar Blanco EEC Nº2 Caña - Kampong Speu Camboya,prod_perdido,155184,null,-155184,192,null,808.25,null
8349,"AGOTZAINA, S.L.",2024→2025,2024,2025,5205050031,Glucor 37/79 - ADM  Francia,volumen,1428,3034.5,1606.5,1.2,2.55,1190,1190
8639,ADS APICOLA UPA GUADALAJARA,2024→2025,2024,2025,44313,Apipasta Vitaminas 90% - Pienso para Apicultura,prod_perdido,30701.7,null,-30701.7,22.41,null,1370,null
1918,"OLIVA SANTOS, CASTOR",2024→2025,2024,2025,44301,Azucar Blanco – Materia Prima para Piensos,vol_precio,2160,5400,3240,2.4,8,900,675
419,"DISTRIBUCIONES JAIME SARRION, S.L.",2024→2025,2024,2025,40103,Azúcar Moreno >2500i - Brown (Dry Dem BLZ),prod_perdido,650,null,-650,0.5,null,1300,null
9330,"AMUZA, SILVIU DANIEL",2024→2025,2024,2025,62000,Mix Idoneo - Pienso Completo - Apicultura,prod_perdido,1242,null,-1242,1.2,null,1035,null
8994,"NATURECO, S.L.",2024→2025,2024,2025,61287,Fosvitae 95% Plus BIO ES-ECO-024-MU Agric. UE,sin_actividad,0,0,0,0.001,0.001,0,0
4369,"LA TIENDA DEL APICULTOR, S.L.U.",2024→2025,2024,2025,7300039291,Azúcar Blanco EEC Nº2 Caña - Kampong Speu Camboya,prod_perdido,13804,null,-13804,23.2,null,595,null
3921,"IBERFRUTA MUERZA, S.A.",2024→2025,2024,2025,7400002031,Az Bl. EEC Nº2 Remolacha PTE DEST-Tereos Franci,prod_perdido,128160,null,-128160,144,null,890,null
197,"J. GARCIA CARRION, S.A.",2024→2025,2024,2025,7500004011,Correfino EEC Nº2 Caña/Rem - Azucarera España,prod_perdido,22655,null,-22655,23,null,985,null
5365,"COMORALI, S.L.",2024→2025,2024,2025,5206750031,Maltor 70/80 - ADM  Francia CUATRIMESTRAL,volumen,8820,3780,-5040,8.4,3.6,1050,1050
542,"SDAD.ESPAÑOLA COLOR. NATURALES Y AFINES, S.A.U.",2024→2025,2024,2025,7300039291,Azúcar Blanco EEC Nº2 Caña - Kampong Speu Camboya,vol_precio,505551.6,18900,-486651.6,549.6,30,919.85,630
2832,DULCES LA ABUELA COOP VNA,2024→2025,2024,2025,7300039291,Azúcar Blanco EEC Nº2 Caña - Kampong Speu Camboya,prod_perdido,41310,null,-41310,69.6,null,593.53,null
8462,"CAPEL VINOS, S.A.",2024→2025,2024,2025,61255,Mixco Sweet 71-00.2446,vol_precio,63447.06,63452.4,5.3400000000037835,73.18,96.141,867,659.99
7980,"AQUAPOOL CHEMICAL, S.L.",2024→2025,2024,2025,60000,Azúcar Líquida Neutra 67º,sin_actividad,0,null,0,0.001,null,0,null
7765,SURINVER EL GRUPO S.COOP,2024→2025,2024,2025,7300039291,Azúcar Blanco EEC Nº2 Caña - Kampong Speu Camboya,vol_precio,8292,2304,-5988,7.6,3.2,1091.05,720
9868,"NORDMANN, RASSMANN HANDELSGES.M.B.H",2024→2025,2024,2025,61289,Fosvitae 95% Plus 78º,sin_actividad,0,0,0,0.001,0.002,0,0
4619,"EUROPEA DE APICULTURA, S.L.",2024→2025,2024,2025,62001,Apimix - Pienso completo - Apicultura,prod_perdido,2016,null,-2016,1.68,null,1200,null
512,"SUGAR'S MAGIC, S.L.",2024→2025,2024,2025,5201050031,Glucor 45/80 - ADM  Francia,prod_perdido,8358.56,null,-8358.56,12.292,null,680,null
9687,COMPAÑÍA AZUCARERA SALVADOREÑA S.A. DE C.V.,2024→2025,2024,2025,40020,Panela,sin_actividad,0,null,0,0.001,null,0,null
1787,"DULCES DEL TURIA, S.L.",2024→2025,2024,2025,60105,"Azúcar PI 73,5-67",vol_precio,3336,2392,-944,2.4,2.12,1390,1128.3
200,MARIN GIMENEZ HNOS. S.A.,2024→2025,2024,2025,61303,Fosvitae R 85 - 74º,sin_actividad,0,0,0,0.001,0.001,0,0
8996,"RAMYMAR FRUITS, S.L.",2024→2025,2024,2025,62020,Mix Fructor Apicultor - Pienso completo - Apicult.,prod_perdido,286,null,-286,0.25,null,1144,null
418,"MANUFACTURAS CEYLAN, S.L.",2024→2025,2024,2025,65013,Azúcar en polvo LS Pallet Plast. CHEP 100x120,prod_perdido,88838.25,null,-88838.25,86.175,null,1030.91,null
401,"SOLER GIMENO, S.L.",2024→2025,2024,2025,40340,Azúcar Perlado 1,prod_perdido,607.5,null,-607.5,0.375,null,1620,null
566,"ALMACENES MIGUEZ 2005,S.L.",2024→2025,2024,2025,62020,Mix Fructor Apicultor - Pienso completo - Apicult.,vol_precio,17171.4,20295.6,3124.199999999997,21.653,29.81,793.03,680.83
6036,SARL API-BOURGOGNE,2024→2025,2024,2025,44313,Apipasta Vitaminas 90% - Pienso para Apicultura,vol_precio,55713,13860,-41853,44.1,12.6,1263.33,1100
6147,"ANDALUZA DE MIELES, S.L.",2024→2025,2024,2025,5100002011,Fructor 10/81 - Tereos  España,prod_perdido,17514,null,-17514,25.2,null,695,null
9634,ALLIVE EUROPE UAB,2024→2025,2024,2025,61228,Fosvitae 95% Plus,sin_actividad,0,null,0,0.001,null,0,null
6449,"PRODEL AGRICOLA, S.L.",2024→2025,2024,2025,44314,Apipasta 90% - BIO - Pienso completo - Apicultura,vol_precio,4900.5,1732.5,-3168,2.475,1.05,1980,1650
8352,ASOCIACION PROVINCIAL DE APICULTORES BURGALESES,2024→2025,2024,2025,62001,Apimix - Pienso completo - Apicultura,prod_perdido,1008,null,-1008,0.84,null,1200,null
3812,SIERRA MIEL SDAD. COOP.,2024→2025,2024,2025,62001,Apimix - Pienso completo - Apicultura,sin_actividad,0,null,0,0.02,null,0,null
9113,"VILLAR MARTINEZ, CLAUDIO",2024→2025,2024,2025,62001,Apimix - Pienso completo - Apicultura,prod_perdido,71.68,null,-71.68,0.056,null,1280,null
9993,TLC-SUGARS BV,2024→2025,2024,2025,62401,Fondant ES-R02,sin_actividad,0,null,0,0.001,null,0,null
7867,"SINBLAT ALIMENTACION SALUDABLE, S.L.",2024→2025,2024,2025,44015,Fructor 10/77,prod_perdido,3180,null,-3180,2.4,null,1325,null
3111,"GOMEZ MARTIN, HUGO",2024→2025,2024,2025,44313,Apipasta Vitaminas 90% - Pienso para Apicultura,vol_precio,69058.5,28875,-40183.5,50.25,26.25,1374.3,1100
8734,"VMPS AGUAS E TURISMO, S.A",2024→2025,2024,2025,44092,Fructor 100/69,vol_precio,202082.38,817658.18,615575.8,168.26,862.1,1201.01,948.45
904,"DAMEL GROUP, S.L. ",2024→2025,2024,2025,7300037021,Azúcar Blanco EEC Nº2 Caña - Sidul  Portugal,prod_perdido,14868,null,-14868,23.6,null,630,null
1854,"ROYPAS BY NUTRIS, S.A.",2024→2025,2024,2025,5201050031,Glucor 45/80 - ADM  Francia,prod_perdido,16239.55,null,-16239.55,24.166,null,672,null
6151,"FRULACT, S.A.",2024→2025,2024,2025,7110009141,Azúcar Moreno >2500i - ASR  Belice,prod_perdido,6857.81,null,-6857.81,6.896,null,994.46,null
769,"ANGEL CAMACHO ALIMENTACION, S.L.",2024→2025,2024,2025,7400002031,Az Bl. EEC Nº2 Remolacha PTE DEST-Tereos Franci,prod_perdido,149472,null,-149472,144,null,1038,null
2023,"GOLDEN FOODS, S.A",2024→2025,2024,2025,7300039291,Azúcar Blanco EEC Nº2 Caña - Kampong Speu Camboya,prod_perdido,29138.4,null,-29138.4,45.6,null,639,null
6609,"BODEGAS FUNDADOR, S.L.U.",2024→2025,2024,2025,60000,Azúcar Líquida Neutra 67º,sin_actividad,0,null,0,0.002,null,0,null
517,"DUPAN, S.L.",2024→2025,2024,2025,7600010012,Azúcar Perlado 2-Sudzucker España,prod_perdido,1620,null,-1620,1,null,1620,null
9047,"CUÉTARA, S.L.U.",2024→2025,2024,2025,61228,Fosvitae 95% Plus,sin_actividad,0,null,0,0.001,null,0,null
1786,"ANITIN PANES ESPECIALES, S.L.",2024→2025,2024,2025,7300039291,Azúcar Blanco EEC Nº2 Caña - Kampong Speu Camboya,prod_perdido,59641.2,null,-59641.2,64,null,931.89,null
2767,"DULCEPLUS GOLOSINAS, S.A.",2024→2025,2024,2025,62150,Jarabe de Melaza de Caña,vol_precio,13675.66,19742.34,6066.68,11.62,17.58,1176.91,1123
6592,"LOPEZ GARCIA, FRANCISCA AURELIA",2024→2025,2024,2025,44313,Apipasta Vitaminas 90% - Pienso para Apicultura,prod_perdido,3150,null,-3150,2.1,null,1500,null
5445,COMPTOIR APICOLE LANGUEDOCIEN,2024→2025,2024,2025,44313,Apipasta Vitaminas 90% - Pienso para Apicultura,vol_precio,13196.7,22590,9393.3,9.9,19.8,1333,1140.91
1252,"APIGALOES, S.C.",2024→2025,2024,2025,44301,Azucar Blanco – Materia Prima para Piensos,prod_perdido,3222,null,-3222,3.6,null,895,null
1528,"JUAN Y JUAN INDUSTRIAL, S.L.U.",2024→2025,2024,2025,62150,Jarabe de Melaza de Caña,prod_ganado,0,105.75,105.75,0.002,0.09,0,1175
3111,"GOMEZ MARTIN, HUGO",2024→2025,2024,2025,7200017111,>45 ICUMSA - Palo Gordo Guatemala,prod_perdido,19920,null,-19920,24,null,830,null
4369,"LA TIENDA DEL APICULTOR, S.L.U.",2024→2025,2024,2025,4000050331,Dextrosa Maiz Cristal Monohidrato - ADM  Bulgaria,prod_perdido,1225,null,-1225,1.25,null,980,null
2338,"PEREZ PEREZ, VALERIANO",2024→2025,2024,2025,43003,Maltitol 55/75,prod_perdido,1495,null,-1495,1.3,null,1150,null
7755,SAS LA CHENERAIE,2024→2025,2024,2025,44313,Apipasta Vitaminas 90% - Pienso para Apicultura,vol_precio,29932.5,15660,-14272.5,28.8,15.45,1039.32,1013.59
3921,"IBERFRUTA MUERZA, S.A.",2024→2025,2024,2025,7300037021,Azúcar Blanco EEC Nº2 Caña - Sidul  Portugal,prod_perdido,544874,null,-544874,584.1,null,932.84,null
10079,"APIGLASS ENVASES Y MATERIAL APICOLA, S.L.U.",2024→2025,2024,2025,62001,Apimix - Pienso completo - Apicultura,volumen,6060,33669,27609,7.8,44.22,776.92,761.4
247,"PEDRO GUILLEN GOMARIZ, S.L.",2024→2025,2024,2025,60000,Azúcar Líquida Neutra 67º,vol_precio,221180.2,295190.16,74009.95999999996,384.14,644.52,575.78,458
535,"FRIMAR PANADEROS, S.L.",2024→2025,2024,2025,60216,Azúcar invertido 67% - COBOPA,vol_precio,31764.33,77841,46076.67,33.59,119.14,945.65,653.36
7716,"FURNIELES ARANDA, PILAR",2024→2025,2024,2025,44313,Apipasta Vitaminas 90% - Pienso para Apicultura,prod_perdido,326.25,null,-326.25,0.225,null,1450,null
4002,"ABB MJ FERNANDEZ ARANDA, S.L.",2024→2025,2024,2025,1110049321,Maltitol Liquido - Shandong Tianli Pharm-China,vol_precio,1296.1,2392,1095.9,1.3,2.6,997,920
1202,"APIGLASS ENVAS. Y MAT. APICOLA, S.L.",2024→2025,2024,2025,44313,Apipasta Vitaminas 90% - Pienso para Apicultura,prod_perdido,182564.25,null,-182564.25,147.045,null,1241.55,null
4505,"FIESTA COLOMBINA, S.L.U.",2024→2025,2024,2025,7300005081,Azúcar Blanco EEC Nº2 Caña - Cosumar  Marruecos,prod_perdido,219073.6,null,-219073.6,211.6,null,1035.32,null
884,"INTERNAC. DE COMERCIO Y DESTILERIAS J BORRAJO, S.A",2024→2025,2024,2025,7300039291,Azúcar Blanco EEC Nº2 Caña - Kampong Speu Camboya,prod_perdido,504,null,-504,0.8,null,630,null
1832,"SIERRAS ANDALUZAS, S.C.A.",2024→2025,2024,2025,44303,Fructosa Cristal – Materia Prima para Piensos,volumen,500,10937.5,10437.5,0.4,8.75,1250,1250
6365,S.C.A. CAMPO MUSEO DE LA MIEL RANCHO CORTESANO,2024→2025,2024,2025,44314,Apipasta 90% - BIO - Pienso completo - Apicultura,prod_perdido,2152.5,null,-2152.5,1.05,null,2050,null
4383,"MANUFRI, S.L.",2024→2025,2024,2025,99950,Producto de Pruebas Líquido - 1,sin_actividad,0,null,0,0.001,null,0,null
220,"PASTELERIA GIMAR, S.L.",2024→2025,2024,2025,43050,Maltitol en Polvo,sin_actividad,0,null,0,0.001,null,0,null
9067,"SCHREIBER FOODS ESPAÑA, S.L.",2024→2025,2024,2025,7300007131,Azúcar Blanco EEC Nº2 Caña - Cassa  El Salvador,sin_actividad,0,null,0,0.002,null,0,null
535,"FRIMAR PANADEROS, S.L.",2024→2025,2024,2025,7400002031,Az Bl. EEC Nº2 Remolacha PTE DEST-Tereos Franci,prod_perdido,19428.88,null,-19428.88,17.425,null,1115,null
2975,"ARTUKOLUKE, S.L.",2024→2025,2024,2025,44314,Apipasta 90% - BIO - Pienso completo - Apicultura,vol_precio,6300,3675,-2625,3.15,2.1,2000,1750
9766,"PERSEO BIOTECHNOLOGY, S.L.",2024→2025,2024,2025,40260,Melaza de Caña,sin_actividad,0,null,0,0.001,null,0,null
4704,"MIGUELA MIGUELA, FRANCISCO",2024→2025,2024,2025,44313,Apipasta Vitaminas 90% - Pienso para Apicultura,prod_perdido,195,null,-195,0.15,null,1300,null
587,"DESTILERIAS RIOS, S.A.",2024→2025,2024,2025,60010,Azúcar Liquida Neutra S.A.,prod_perdido,1436.4,null,-1436.4,1.2,null,1197,null
3409,"MAGNOLIA PREMIUM, S.L.",2024→2025,2024,2025,63101,PEP58 - LM,prod_perdido,871814.85,null,-871814.85,806.085,null,1081.54,null
8247,"ALLJUICEMED, S.L.",2024→2025,2024,2025,61284,Mixco Sweet 72-09.6427 B2 SB2,vol_precio,3535638.6,1943137.2,-1592501.4000000001,3164.534,1639.66,1117.27,1185.09
541,"PANYPAST GRANADA, S.L.",2024→2025,2024,2025,62400,Fondant ES-R01,prod_perdido,3806.4,null,-3806.4,2.4,null,1586,null
2518,"GRANALBE, S.L.",2024→2025,2024,2025,62001,Apimix - Pienso completo - Apicultura,vol_precio,5787.6,3816,-1971.6000000000004,5.88,4.56,984.29,836.84
592,"FRAMAJOVA, S.L",2024→2025,2024,2025,65030,AZÚCAR EN POLVO LM 48m,vol_precio,52024.2,30104.25,-21919.949999999997,41.955,33.825,1240,890
7956,"STOCKMEIER QUIMICA, SLU",2024→2025,2024,2025,60105,"Azúcar PI 73,5-67",precio,2347.2,2269.2,-78,2.402,2.4,977.19,945.5
5454,"ALIMENTACION Y NUTRICION FAMILIAR, S.L.",2024→2025,2024,2025,7500004011,Correfino EEC Nº2 Caña/Rem - Azucarera España,vol_precio,26660,5056,-21604,24.8,8,1075,632
1304,"EMPRESA DE TRANSFORMACIÓN AGRARIA, S.A., S.M.E., M.P (TRAGSA)",2024→2025,2024,2025,7300005081,Azúcar Blanco EEC Nº2 Caña - Cosumar  Marruecos,prod_perdido,44160,null,-44160,46,null,960,null
8629,"CASCALES GALVEZ, ANTONIO JESUS",2024→2025,2024,2025,44314,Apipasta 90% - BIO - Pienso completo - Apicultura,vol_precio,511.5,702,190.5,0.33,0.39,1550,1800
3225,"SURIVAN FEEL THE TASTE, S.L.",2024→2025,2024,2025,41000,Fructosa MAIZ Cristal,prod_perdido,1390,null,-1390,1,null,1390,null
9955,"TORNERO TORNERO, FRANCISCO",2024→2025,2024,2025,44315,Apipasta PLUS - Pienso para Apicultura,sin_actividad,0,null,0,0.79,null,0,null
3715,"BSI BODEGAS SAN ISIDRO, S.COOP.",2024→2025,2024,2025,7820022041,Azúcar BIO Remolacha - Italia Zuccheri  Italia,prod_perdido,2664,null,-2664,1.8,null,1480,null
1396,"BARCELONESA DE DROG. Y PRODUCT. QUIMICOS, S.A.",2024→2025,2024,2025,43101,Sorbitol Liquido 70% No cristalizable - EPSA,prod_perdido,10218,null,-10218,7.8,null,1310,null
237,"DULCES SANTA CRUZ, S.L.",2024→2025,2024,2025,43101,Sorbitol Liquido 70% No cristalizable - EPSA,prod_perdido,8775,null,-8775,6.5,null,1350,null
559,"DULCES OLMEDO GARCIA, S.L.",2024→2025,2024,2025,65030,AZÚCAR EN POLVO LM 48m,prod_perdido,10494,null,-10494,9.9,null,1060,null
448,"ESGIR, S.L.",2024→2025,2024,2025,5201050031,Glucor 45/80 - ADM  Francia,sin_cambio,13576.95,13749.84,172.88999999999942,24.03,24.336,565,565
9958,"NORDMANN, RASSMANN ROMANIA S.R.L.",2024→2025,2024,2025,61289,Fosvitae 95% Plus 78º,sin_actividad,0,null,0,0.001,null,0,null
461,"PRODUCTOS JESUS, S.L.",2024→2025,2024,2025,7300039291,Azúcar Blanco EEC Nº2 Caña - Kampong Speu Camboya,prod_perdido,16456,null,-16456,24.2,null,680,null
9698,NEOH ALPHA REPUBLIC GMBH,2024→2025,2024,2025,61222,Fosfruit,sin_actividad,0,null,0,0.001,null,0,null
471,"FADICAMO, S.A.",2024→2025,2024,2025,7300005081,Azúcar Blanco EEC Nº2 Caña - Cosumar  Marruecos,prod_perdido,13569.6,null,-13569.6,13.2,null,1028,null
1853,"GÓMEZ ROBLES, MIGUEL",2024→2025,2024,2025,44315,Apipasta PLUS - Pienso para Apicultura,prod_perdido,9973.55,null,-9973.55,6.803,null,1466.05,null
2073,"PLATOS TRADICIONALES, S.A",2024→2025,2024,2025,4000050331,Dextrosa Maiz Cristal Monohidrato - ADM  Bulgaria,vol_precio,23900,20906.63,-2993.369999999999,20,21.225,1195,985
215,"MARTIN BRAUN, S.A.",2024→2025,2024,2025,43101,Sorbitol Liquido 70% No cristalizable - EPSA,prod_perdido,6656,null,-6656,5.2,null,1280,null
1787,"DULCES DEL TURIA, S.L.",2024→2025,2024,2025,7300039291,Azúcar Blanco EEC Nº2 Caña - Kampong Speu Camboya,prod_perdido,2208,null,-2208,3.2,null,690,null
200,MARIN GIMENEZ HNOS. S.A.,2024→2025,2024,2025,44090,Fructor 100/75,sin_actividad,0,0,0,0.009,0.005,0,0
9194,"HELADOS JOP, S.L.",2024→2025,2024,2025,3000750341,Fructosa Maiz Cristal Granulada-ADM Turquía CUATRI,vol_precio,5406.25,2852.5,-2553.75,3.125,1.75,1730,1630
346,"PANARRO FOODS, S.L.",2024→2025,2024,2025,5100750031,Fructor 10/81 - ADM  Francia CUATRIMESTRAL,vol_precio,18261.5,984,-17277.5,23.778,1.2,768,820
261,"EZTIKIDETZA, S.A.T.",2024→2025,2024,2025,44313,Apipasta Vitaminas 90% - Pienso para Apicultura,prod_perdido,5575.5,null,-5575.5,4.2,null,1327.5,null
528,"MANUFACTURAS COVISAL, S.L.",2024→2025,2024,2025,7500004011,Correfino EEC Nº2 Caña/Rem - Azucarera España,vol_precio,4064,1152,-2912,3.2,1.6,1270,720
3367,"MAMERTO DE LA VARA, S.L.",2024→2025,2024,2025,7300039291,Azúcar Blanco EEC Nº2 Caña - Kampong Speu Camboya,prod_perdido,7524,null,-7524,12,null,627,null
8021,"LOPEZ MARTINEZ, GABRIEL",2024→2025,2024,2025,44314,Apipasta 90% - BIO - Pienso completo - Apicultura,vol_precio,1603.8,1599,-4.7999999999999545,0.81,0.975,1980,1640
9834,"IMPOSSIBLE FOODS, S.L.",2024→2025,2024,2025,99950,Producto de Pruebas Líquido - 1,sin_actividad,0,null,0,0.001,null,0,null
8247,"ALLJUICEMED, S.L.",2024→2025,2024,2025,61259,Mixco Sweet 68-00.5050 U,prod_perdido,30679.3,null,-30679.3,25.489,null,1203.63,null
6251,"MIX PAK SYSTEM, S.L.",2024→2025,2024,2025,61228,Fosvitae 95% Plus,prod_perdido,60,null,-60,0.02,null,3000,null
499,"MELS CARLET, S.L.",2024→2025,2024,2025,44305,Fructor 10/81 – Pienso completo – Apicultura,vol_precio,35819.96,12637.8,-23182.16,46.654,20.06,767.78,630
405,"CHOVI, S.L.",2024→2025,2024,2025,5102002011,Fructor 42/71 - Tereos  España,prod_perdido,88336.56,null,-88336.56,147.72,null,598,null
10083,THENE JULIEN,2024→2025,2024,2025,44313,Apipasta Vitaminas 90% - Pienso para Apicultura,prod_perdido,3375,null,-3375,2.7,null,1250,null
9565,NORDIK BUCKFAST,2024→2025,2024,2025,44315,Apipasta PLUS - Pienso para Apicultura,vol_precio,3040.8,5950,2909.2,1.68,5.04,1810,1180.56
440,"MAZAPANES Y DULCES DE TOLEDO, S.A.",2024→2025,2024,2025,1210049321,Sorbitol Liquido - Shandong Tianli Pharm - China,prod_perdido,1911,null,-1911,1.3,null,1470,null
405,"CHOVI, S.L.",2024→2025,2024,2025,7400010031,Azúcar Bl. EEC nº2 REMOL - SUDZUCKER FRANCIA,volumen,11940,52536,40596,20,88,597,597
6734,"COLONIALES EL SOL, S.L.",2024→2025,2024,2025,7400048311,Az. Bl. EEC nº2 Remol PTE DEST-Agrana Leop Austria,prod_perdido,4176,null,-4176,4,null,1044,null
5045,"DADELOS AGRICOLA, S.L.",2024→2025,2024,2025,60105,"Azúcar PI 73,5-67",prod_perdido,2184,null,-2184,2.4,null,910,null
566,"ALMACENES MIGUEZ 2005,S.L.",2024→2025,2024,2025,62021,Apimix 75 Pienso completo – Apicultura,prod_perdido,11622.8,null,-11622.8,11.86,null,980,null
6390,BIOANDEN E INVERSIONES EIRL,2024→2025,2024,2025,44313,Apipasta Vitaminas 90% - Pienso para Apicultura,sin_actividad,0,null,0,0.004,null,0,null
7775,"RUNAKAY PLUS, S.L.",2024→2025,2024,2025,40207,Azúcar BIO <45 ES-ECO-024-MU Ag UE REMOLACHA,prod_perdido,1460,null,-1460,1,null,1460,null
9724,IPF SAS,2024→2025,2024,2025,61228,Fosvitae 95% Plus,sin_actividad,0,null,0,0.001,null,0,null
9360,"GOMEZ CASTELL, RAFAEL",2024→2025,2024,2025,44313,Apipasta Vitaminas 90% - Pienso para Apicultura,prod_perdido,1522.5,null,-1522.5,1.05,null,1450,null
4505,"FIESTA COLOMBINA, S.L.U.",2024→2025,2024,2025,41005,Fructosa MAIZ Cristal Granulada,prod_perdido,8765.25,null,-8765.25,4.65,null,1885,null
5618,"CABELLO TRASOBARES, RAMON",2024→2025,2024,2025,44301,Azucar Blanco – Materia Prima para Piensos,prod_perdido,3440,null,-3440,4,null,860,null
455,"EMILIO PEÑA, S.A.",2024→2025,2024,2025,60105,"Azúcar PI 73,5-67",prod_perdido,1093.75,null,-1093.75,1.251,null,874.3,null
9410,"NORDMANN, RASSMANN POLSKA SP. Z O.O.",2024→2025,2024,2025,61222,Fosfruit,sin_actividad,0,null,0,0.002,null,0,null
405,"CHOVI, S.L.",2024→2025,2024,2025,2210037021,Melaza Caña - Sidul  Portugal,volumen,4284,1428,-2856,3.6,1.2,1190,1190
3302,"VINARCHY SPAIN, S.A.U.",2024→2025,2024,2025,61181,Mixco Sweet 67-75.0025,vol_precio,38314.8,25677.38,-12637.420000000002,35.52,28.07,1078.68,914.76
6734,"COLONIALES EL SOL, S.L.",2024→2025,2024,2025,7300037021,Azúcar Blanco EEC Nº2 Caña - Sidul  Portugal,prod_perdido,1376,null,-1376,1.6,null,860,null
1854,"ROYPAS BY NUTRIS, S.A.",2024→2025,2024,2025,7300005081,Azúcar Blanco EEC Nº2 Caña - Cosumar  Marruecos,vol_precio,24720,42834,18114,24,64.9,1030,660
197,"J. GARCIA CARRION, S.A.",2024→2025,2024,2025,7300005081,Azúcar Blanco EEC Nº2 Caña - Cosumar  Marruecos,prod_perdido,117569.6,null,-117569.6,119.36,null,985,null
10029,"ACHOUITI ACHOUITI, MUSTAPHA",2024→2025,2024,2025,62001,Apimix - Pienso completo - Apicultura,prod_perdido,672,null,-672,0.84,null,800,null
10029,"ACHOUITI ACHOUITI, MUSTAPHA",2024→2025,2024,2025,44315,Apipasta PLUS - Pienso para Apicultura,sin_actividad,0,null,0,0.586,null,0,null
2057,"BACK EUROP ESPAÑA, S.L",2024→2025,2024,2025,65008,Azúcar en polvo LS Pallet EUR,volumen,4001.4,1333.8,-2667.6000000000004,2.7,0.9,1482,1482
405,"CHOVI, S.L.",2024→2025,2024,2025,42001,Dextrosa C.Monohidrato Maiz Pallet Plast.  CHEP,prod_perdido,5617.5,null,-5617.5,5.35,null,1050,null
4960,"MANUEL MATEO CANDEL, S.L.",2024→2025,2024,2025,5101054011,Fructor 10/77 - Roquette España,prod_perdido,1044,null,-1044,1.2,null,870,null
874,"COMERCIAL MAPROHELCO, S.L.",2024→2025,2024,2025,7500003011,null,prod_ganado,null,1152,1152,null,1.6,null,720
7706,"RUIPAN, S.L.",2024→2025,2024,2025,7300016111,null,prod_ganado,null,9636.56,9636.56,null,14.78,null,652
9535,"COMPAÑIA CERVECERA DAMM, S.L.",2024→2025,2024,2025,7400003011,null,prod_ganado,null,576,576,null,0.8,null,720
10484,SEIRINGER ROLAND HERMANN ERICH,2024→2025,2024,2025,44314,null,sin_actividad,null,0,0,null,0.015,null,0
10190,"FOOD REBELS, S.L.",2024→2025,2024,2025,1200051321,null,sin_actividad,null,0,0,null,0.002,null,0
1000,CLIENTES VARIOS (CONTADO),2024→2025,2024,2025,45006,null,prod_ganado,null,13.8,13.8,null,0.02,null,690
566,"ALMACENES MIGUEZ 2005,S.L.",2024→2025,2024,2025,44301,null,prod_ganado,null,17776,17776,null,28,null,634.86
577,"FARTONS POLO, S.L.",2024→2025,2024,2025,7300005081,null,prod_ganado,null,56567.5,56567.5,null,93.5,null,605
9157,"MAK FOOD COMPANY, S.L.",2024→2025,2024,2025,7400003011,null,prod_ganado,null,53939.25,53939.25,null,82.35,null,655
4505,"FIESTA COLOMBINA, S.L.U.",2024→2025,2024,2025,7300016111,null,prod_ganado,null,150114,150114,null,236.4,null,635
2975,"ARTUKOLUKE, S.L.",2024→2025,2024,2025,3020050341,null,prod_ganado,null,11682,11682,null,9.9,null,1180
6162,BE ORGANIC KUWAIT FOR HEALTHY FOOD AND PLANTS COMPANY,2024→2025,2024,2025,62001,null,prod_ganado,null,4032,4032,null,5.04,null,800
10190,"FOOD REBELS, S.L.",2024→2025,2024,2025,43055,null,sin_actividad,null,0,0,null,0.001,null,0
7535,"DULCES LA RONDEÑA, S.L.",2024→2025,2024,2025,7500003011,null,prod_ganado,null,16080,16080,null,24,null,670
1396,"BARCELONESA DE DROG. Y PRODUCT. QUIMICOS, S.A.",2024→2025,2024,2025,4000050331,null,prod_ganado,null,28242.5,28242.5,null,32.5,null,869
9157,"MAK FOOD COMPANY, S.L.",2024→2025,2024,2025,61314,null,sin_actividad,null,0,0,null,0.015,null,0
534,"MC CONSTRUCTION CHEMICAL SPAIN, S.L.",2024→2025,2024,2025,7300007131,null,prod_ganado,null,2496,2496,null,4,null,624
9868,"NORDMANN, RASSMANN HANDELSGES.M.B.H",2024→2025,2024,2025,61303,null,sin_actividad,null,0,0,null,0.001,null,0
516,"PAIARROP, S.L.",2024→2025,2024,2025,7300007131,null,prod_ganado,null,25830,25830,null,41,null,630
10522,CARL FRITZ IMKERTECHNIK GMBH & CO. KG,2024→2025,2024,2025,44313,null,sin_actividad,null,0,0,null,0.105,null,0
7936,"FABRICA JAEN, S.L.U.",2024→2025,2024,2025,61229,null,sin_actividad,null,0,0,null,0.001,null,0
10259,"NUTRIS, WE CARE ABOUT YOU, S.L.",2024→2025,2024,2025,7800059261,null,prod_ganado,null,200200,200200,null,140,null,1430
266,"IBER COCKTAIL, S.L.",2024→2025,2024,2025,7500003011,null,prod_ganado,null,57.75,57.75,null,0.075,null,770
9157,"MAK FOOD COMPANY, S.L.",2024→2025,2024,2025,61266,null,sin_actividad,null,0,0,null,0.004,null,0
10471,"MIELES IBERICAS, S.L.U",2024→2025,2024,2025,44315,null,sin_actividad,null,0,0,null,3.95,null,0
445,"PASTELERIA ARROYO SANCHEZ, S.L.U.",2024→2025,2024,2025,7500004011,null,prod_ganado,null,71640,71640,null,120,null,597
2057,"BACK EUROP ESPAÑA, S.L",2024→2025,2024,2025,3010050341,null,prod_ganado,null,3934.5,3934.5,null,3.05,null,1290
9520,"GOLOSINAS MININOLAS, S.L.U.",2024→2025,2024,2025,1110071320,null,prod_ganado,null,8936.2,8936.2,null,9.1,null,982
846,"PRODUCTOS ORGANICOS NAT.,S.L.",2024→2025,2024,2025,3000750341,null,prod_ganado,null,296.25,296.25,null,0.15,null,1975
10352,"CONFISERIE TRIKI LE MOULIN, S.A.R.L.",2024→2025,2024,2025,62401,null,sin_actividad,null,0,0,null,0.015,null,0
9840,"FIESTA INGREDIENTS, S.L.U.",2024→2025,2024,2025,40206,null,prod_ganado,null,46.5,46.5,null,0.025,null,1860
10190,"FOOD REBELS, S.L.",2024→2025,2024,2025,3010050341,null,sin_actividad,null,0,0,null,0.001,null,0
10285,"CAMPO REAL VITIVINICOLA, S.L.",2024→2025,2024,2025,61300,null,prod_ganado,null,5908645.24,5908645.24,null,4944.473,null,1195
9863,"JUALEX CANARIAS, S.L.",2024→2025,2024,2025,7230007131,null,prod_ganado,null,120528,120528,null,129.6,null,930
1029,"INTERVAN, S.A.",2024→2025,2024,2025,7500004011,null,prod_ganado,null,81510,81510,null,143,null,570
52,"CAMPILLO PALMERA, S.L.",2024→2025,2024,2025,5200054011,null,sin_actividad,null,0,0,null,0,null,null
485,"POSTRES LACTEOS ROMAR, S.L.",2024→2025,2024,2025,61317,null,prod_ganado,null,1224,1224,null,1.2,null,1020
10354,GENERAL MILLS INTERNATIONAL SARL,2024→2025,2024,2025,61298,null,prod_ganado,null,2006,2006,null,1.18,null,1700
10197,"LEHMANN FOOD INGREDIENTS, LTD",2024→2025,2024,2025,61298,null,sin_actividad,null,0,0,null,0.009,null,0
10455,"ECOLIFE FOOD, S.L.",2024→2025,2024,2025,61200,null,sin_actividad,null,0,0,null,0.001,null,0
8258,"BRIOIXPAN, S.L.",2024→2025,2024,2025,60105,null,prod_ganado,null,4752,4752,null,4.814,null,987.12
215,"MARTIN BRAUN, S.A.",2024→2025,2024,2025,1210054031,null,prod_ganado,null,4284,4284,null,3.6,null,1190
2909,"MANIPULADOS DE CEBOLLAS Y DERIVADOS, S.L.",2024→2025,2024,2025,40102,null,sin_actividad,null,0,0,null,0.001,null,0
10484,SEIRINGER ROLAND HERMANN ERICH,2024→2025,2024,2025,44315,null,sin_actividad,null,0,0,null,0.294,null,0
6162,BE ORGANIC KUWAIT FOR HEALTHY FOOD AND PLANTS COMPANY,2024→2025,2024,2025,44315,null,prod_ganado,null,3276,3276,null,2.52,null,1300
445,"PASTELERIA ARROYO SANCHEZ, S.L.U.",2024→2025,2024,2025,5101050031,null,prod_ganado,null,20401.8,20401.8,null,36.628,null,557
432,"CHOCOLATES ALGARRA, S.L.",2024→2025,2024,2025,7300016111,null,prod_ganado,null,10620,10620,null,18,null,590
5373,"VERTICE DE INNOVACION Y DESAR.DE ALIMENTOS, S.A.U.",2024→2025,2024,2025,61303,null,prod_ganado,null,1680,1680,null,1.201,null,1398.83
484,"PRODUCTOS LA PILARICA, S.A.",2024→2025,2024,2025,7300037021,null,prod_ganado,null,7920,7920,null,12,null,660
3225,"SURIVAN FEEL THE TASTE, S.L.",2024→2025,2024,2025,61118,null,sin_actividad,null,0,0,null,0.001,null,0
5981,"MAHOU, S.A.",2024→2025,2024,2025,60000,null,prod_ganado,null,1095.59,1095.59,null,1.231,null,890
4686,OMNIUM AGRICOLE DU SOUSS,2024→2025,2024,2025,99958,null,prod_ganado,null,1,1,null,0.1,null,10
10170,"CLINICAL NUTRITION, S.A.U.",2024→2025,2024,2025,61298,null,sin_actividad,null,0,0,null,0.002,null,0
10310,RISCOSSA LTD,2024→2025,2024,2025,44313,null,prod_ganado,null,1800,1800,null,1.8,null,1000
10257,"B-ORGANIC, S.L.",2024→2025,2024,2025,7500003011,null,prod_ganado,null,712,712,null,0.8,null,890
6162,BE ORGANIC KUWAIT FOR HEALTHY FOOD AND PLANTS COMPANY,2024→2025,2024,2025,44330,null,prod_ganado,null,4368,4368,null,4.2,null,1040
2473,"TORRE ORIA, S.L.U.",2024→2025,2024,2025,7500003011,null,prod_ganado,null,15510,15510,null,23.5,null,660
9956,"NORDMANN, RASSMANN GMBH",2024→2025,2024,2025,1110049321,null,sin_actividad,null,0,0,null,0.001,null,0
10277,AUSTRALIAN HONEYBEE PTY LTD,2024→2025,2024,2025,44313,null,prod_ganado,null,3722.25,3722.25,null,3.15,null,1181.67
8251,APILINE DI FASSARI DOMINIQUE,2024→2025,2024,2025,62001,null,prod_ganado,null,2880,2880,null,3.6,null,800
1747,"FRUIT TECH NATURAL, S.A.",2024→2025,2024,2025,7400003011,null,prod_ganado,null,31776,31776,null,48,null,662
194,"COFRUTOS, S.A.",2024→2025,2024,2025,64098,null,prod_ganado,null,52453.8,52453.8,null,50.68,null,1035
933,"DULCESTEPA, S.A.",2024→2025,2024,2025,7500004011,null,prod_ganado,null,29052,29052,null,48,null,605.25
7169,"MASTRIGO BIO GOURMET, S.L.",2024→2025,2024,2025,61298,null,sin_actividad,null,0,0,null,0.001,null,0
4505,"FIESTA COLOMBINA, S.L.U.",2024→2025,2024,2025,65015,null,sin_actividad,null,0,0,null,0.016,null,0
1080,"VIDAL GOLOSINAS, S.A.",2024→2025,2024,2025,2332065321,null,sin_actividad,null,0,0,null,0.001,null,0
378,"FRIDUL, S.A.",2024→2025,2024,2025,7300037021,null,prod_ganado,null,4788,4788,null,7.2,null,665
770,"CASTER ALIMENTACION, S.L.",2024→2025,2024,2025,60136,null,sin_actividad,null,0,0,null,0.001,null,0
9157,"MAK FOOD COMPANY, S.L.",2024→2025,2024,2025,60226,null,prod_ganado,null,13497.6,13497.6,null,14.06,null,960
10276,"OLYRA GREEK NUTRITION PRODUCTS SINGLE MEMBER, S.A.",2024→2025,2024,2025,2340072321,null,prod_ganado,null,83746.55,83746.55,null,14.226,null,5886.87
2642,"BONDIA SALVO, S.L.",2024→2025,2024,2025,7500003011,null,prod_ganado,null,75,75,null,0.1,null,750
1771,"EL CASERIO, S.A",2024→2025,2024,2025,7300005081,null,prod_ganado,null,94719.9,94719.9,null,154,null,615.06
889,"ESPECIALIDADES DEL OBRADOR, S.L.",2024→2025,2024,2025,7110009141,null,prod_ganado,null,3176.25,3176.25,null,2.625,null,1210
10473,"JUAN RAMON LOZANO, S.A.",2024→2025,2024,2025,99950,null,sin_actividad,null,0,0,null,0.005,null,0
614,"MANUFACTURAS TABERNER,S.A.",2024→2025,2024,2025,4000050331,null,prod_ganado,null,52494.5,52494.5,null,61.2,null,857.75
6151,"FRULACT, S.A.",2024→2025,2024,2025,5100050031,null,prod_ganado,null,22759.06,22759.06,null,35.19,null,646.75
9157,"MAK FOOD COMPANY, S.L.",2024→2025,2024,2025,60225,null,prod_ganado,null,3859.2,3859.2,null,4.02,null,960
7936,"FABRICA JAEN, S.L.U.",2024→2025,2024,2025,61298,null,sin_actividad,null,0,0,null,0.001,null,0
8247,"ALLJUICEMED, S.L.",2024→2025,2024,2025,61300,null,prod_ganado,null,472885.4,472885.4,null,395.72,null,1195
4566,"CONFETICAKES, S.L.",2024→2025,2024,2025,7500004011,null,prod_ganado,null,239775,239775,null,405,null,592.04
716,"PENALVA ALIMENTACION, S.A.",2024→2025,2024,2025,5101050031,null,prod_ganado,null,14261.13,14261.13,null,24.716,null,577
7924,"J.NORKEN,S.L.",2024→2025,2024,2025,3010050341,null,prod_ganado,null,25987.5,25987.5,null,22.501,null,1154.95
9313,"LOGY LOGISTICS SOLUTIONS, S.L.",2024→2025,2024,2025,7200039291,null,prod_ganado,null,42930.8,42930.8,null,48.4,null,887
546,"E.MORENO, S.L.",2024→2025,2024,2025,7800059261,null,prod_ganado,null,4590,4590,null,3,null,1530
1470,"CROP SALSA, S.A.",2024→2025,2024,2025,7250007131,null,sin_actividad,null,0,0,null,0.001,null,0
7440,"LOPEZ FOOD GROUP, S.L.",2024→2025,2024,2025,1210054031,null,prod_ganado,null,4500,4500,null,3.6,null,1250
10183,"ZUKAN INNOVATION, SLU",2024→2025,2024,2025,2331065321,null,sin_actividad,null,0,0,null,0.001,null,0
10286,"BIOTECHNOLOGY AND SPECIALITIES, S.L.",2024→2025,2024,2025,60105,null,prod_ganado,null,102.3,102.3,null,0.111,null,921.62
6558,"SOC CHEF, S.L.",2024→2025,2024,2025,5205054011,null,prod_ganado,null,4416,4416,null,4.8,null,920
582,"HIJOS DE SALVADOR COSTA, S.L.",2024→2025,2024,2025,7401002031,null,prod_ganado,null,8760,8760,null,12,null,730
445,"PASTELERIA ARROYO SANCHEZ, S.L.U.",2024→2025,2024,2025,1110068321,null,prod_ganado,null,9308,9308,null,10.4,null,895
10393,APIS BEE SUPPLIES LTD,2024→2025,2024,2025,44310,null,prod_ganado,null,1890,1890,null,2.1,null,900
10172,"ALGMASTIA, S.L.",2024→2025,2024,2025,5201750031,null,sin_actividad,null,0,0,null,0.001,null,0
10308,ESP FRESH LOGISTICS S.L.,2024→2025,2024,2025,4140002201,null,sin_actividad,null,0,0,null,0,null,null
9463,"ADIEGO HERMANOS, S.A.",2024→2025,2024,2025,5101054011,null,prod_ganado,null,1698,1698,null,2.4,null,707.5
1415,"MEMBRILLO EMILY, S.L.",2024→2025,2024,2025,61289,null,sin_actividad,null,0,0,null,0.005,null,0
10542,"CINCO TENEDORES, S.L.",2024→2025,2024,2025,7300037021,null,prod_ganado,null,560,560,null,0.8,null,700
2577,"IMPORTACO CASA PONS, S.A.U.",2024→2025,2024,2025,7500004011,null,prod_ganado,null,126430,126430,null,206,null,613.74
10332,"PRODUCTOS NATURALES CAPELL, S.A.",2024→2025,2024,2025,3010050341,null,prod_ganado,null,7593.75,7593.75,null,6.25,null,1215
485,"POSTRES LACTEOS ROMAR, S.L.",2024→2025,2024,2025,99950,null,prod_ganado,null,1122,1122,null,1.204,null,931.89
8507,PSIQUIS INNOVA S.L.N.E.,2024→2025,2024,2025,61200,null,sin_actividad,null,0,0,null,0.001,null,0
208,"LICORES Y DERIVADOS, S.A.",2024→2025,2024,2025,7400003011,null,prod_ganado,null,1076.8,1076.8,null,1.6,null,673
8641,"GALLETAS GULLÓN, S.A.",2024→2025,2024,2025,61260,null,sin_actividad,null,0,0,null,0.002,null,0
566,"ALMACENES MIGUEZ 2005,S.L.",2024→2025,2024,2025,44328,null,sin_actividad,null,0,0,null,0,null,null
321,"PRODUCTOS PEPITO, S.L.U.",2024→2025,2024,2025,7600004011,null,prod_ganado,null,2247.25,2247.25,null,2.525,null,890
10268,MILCHWERKE MITTELELBE GMBH,2024→2025,2024,2025,61303,null,sin_actividad,null,0,0,null,0.001,null,0
10306,"IBERIA INGREDIENTS, S.L.",2024→2025,2024,2025,60251,null,prod_ganado,null,4873.7,4873.7,null,5.98,null,815
6603,"INDUSTRIAS ALIMENTICIAS SUFLI, S.L.",2024→2025,2024,2025,7110009141,null,prod_ganado,null,810,810,null,0.6,null,1350
6645,"TURRONES EL ROMERO, S.A.",2024→2025,2024,2025,7500004011,null,prod_ganado,null,15600,15600,null,24,null,650
9410,"NORDMANN, RASSMANN POLSKA SP. Z O.O.",2024→2025,2024,2025,61229,null,sin_actividad,null,0,0,null,0.005,null,0
7765,SURINVER EL GRUPO S.COOP,2024→2025,2024,2025,7500003011,null,prod_ganado,null,8640,8640,null,12,null,720
9309,"GUTSY CAPTAIN SPAIN, S.L.",2024→2025,2024,2025,7811070401,null,prod_ganado,null,14531,14531,null,11,null,1321
10259,"NUTRIS, WE CARE ABOUT YOU, S.L.",2024→2025,2024,2025,7500004011,null,prod_ganado,null,32332,32332,null,47.2,null,685
10259,"NUTRIS, WE CARE ABOUT YOU, S.L.",2024→2025,2024,2025,1110073320,null,prod_ganado,null,62662.68,62662.68,null,68.26,null,918
511,FRUTALCARMO COMERC.IND. PROD.ALIMENTARES LTDA.,2024→2025,2024,2025,7300039291,null,prod_ganado,null,199243,199243,null,337.7,null,590
9157,"MAK FOOD COMPANY, S.L.",2024→2025,2024,2025,61313,null,sin_actividad,null,0,0,null,0.009,null,0
10187,"SCHMIDLI, DOMINIQUE SEBASTIEN",2024→2025,2024,2025,44315,null,prod_ganado,null,5418,5418,null,4.2,null,1290
1826,"HERO ESPAÑA, S.A",2024→2025,2024,2025,5100054011,null,sin_actividad,null,0,0,null,0.003,null,0
1470,"CROP SALSA, S.A.",2024→2025,2024,2025,62070,null,sin_actividad,null,0,0,null,0.003,null,0
10264,G. G. CONSTANTINOU LTD,2024→2025,2024,2025,44314,null,prod_ganado,null,990,990,null,0.6,null,1650
8003,"OBLEAS QUINTIN, S.L.",2024→2025,2024,2025,60105,null,prod_ganado,null,1164.4,1164.4,null,0.82,null,1420
10192,"NEW GARDEN SYSTEM, S.L.",2024→2025,2024,2025,5205054011,null,sin_actividad,null,0,0,null,0.001,null,0
499,"MELS CARLET, S.L.",2024→2025,2024,2025,5101002011,null,prod_ganado,null,7502,7502,null,12.1,null,620
7326,"ACTIVA FOOD TECH, S.A.",2024→2025,2024,2025,2332065321,null,sin_actividad,null,0,0,null,0.001,null,0
9273,"AGROQUIMICA CODIAGRO, S.L.",2024→2025,2024,2025,7500003011,null,prod_ganado,null,3312,3312,null,4.8,null,690
770,"CASTER ALIMENTACION, S.L.",2024→2025,2024,2025,1210054031,null,prod_ganado,null,58001.7,58001.7,null,56.74,null,1022.24
10576,"COMPAÑIA ARTESANA DE VINOS Y DESTILADOS DEL MEDITERRANEO, S.L.",2024→2025,2024,2025,60251,null,sin_actividad,null,0,0,null,0.002,null,0
9810,"ALLTECH CROP SCIENCE, S.L.U",2024→2025,2024,2025,4000050331,null,prod_ganado,null,4200,4200,null,5,null,840
454,"SCKUESTRANCE, S.L.",2024→2025,2024,2025,5201050031,null,prod_ganado,null,9396.72,9396.72,null,10.104,null,930
10302,"MARTINEZ REINA, SALVADOR ",2024→2025,2024,2025,44315,null,sin_actividad,null,0,0,null,0,null,null
10540,"LIBERTINE BARCELONA, S.L",2024→2025,2024,2025,60000,null,prod_ganado,null,2145.6,2145.6,null,3.6,null,596
10399,INGREDION GERMANY GMBH,2024→2025,2024,2025,61298,null,sin_actividad,null,0,0,null,0.002,null,0
1252,"APIGALOES, S.C.",2024→2025,2024,2025,44313,null,prod_ganado,null,11550,11550,null,10.5,null,1100
458,"CASTY, S.A.",2024→2025,2024,2025,3000050341,null,prod_ganado,null,33462,33462,null,26,null,1287
551,"ICE CREAM FACTORY COMAKER, S.A.",2024→2025,2024,2025,7300016111,null,prod_ganado,null,29184,29184,null,45.6,null,640
534,"MC CONSTRUCTION CHEMICAL SPAIN, S.L.",2024→2025,2024,2025,7300037021,null,prod_ganado,null,11323.2,11323.2,null,16.8,null,674
3699,"GONZALEZ CARBALLAL, S.L.",2024→2025,2024,2025,99958,null,sin_actividad,null,0,0,null,0.05,null,0
7176,"COLOMINA LOPEZ, SOFIA",2024→2025,2024,2025,5101054011,null,prod_ganado,null,1428,1428,null,1.2,null,1190
9097,"CAFES MIÑANA, S.A.",2024→2025,2024,2025,7300037021,null,prod_ganado,null,1424,1424,null,1.6,null,890
566,"ALMACENES MIGUEZ 2005,S.L.",2024→2025,2024,2025,62032,null,sin_actividad,null,0,0,null,0.25,null,0
546,"E.MORENO, S.L.",2024→2025,2024,2025,7500004011,null,prod_ganado,null,50940,50940,null,84,null,606.43
208,"LICORES Y DERIVADOS, S.A.",2024→2025,2024,2025,7600010031,null,prod_ganado,null,2064,2064,null,3,null,688
904,"DAMEL GROUP, S.L. ",2024→2025,2024,2025,7500003011,null,prod_ganado,null,226720,226720,null,348.8,null,650
6467,"CATALINA FOOD SOLUTIONS, S.L.",2024→2025,2024,2025,7500004011,null,prod_ganado,null,7176,7176,null,10.4,null,690
10190,"FOOD REBELS, S.L.",2024→2025,2024,2025,43050,null,sin_actividad,null,0,0,null,0.001,null,0
10471,"MIELES IBERICAS, S.L.U",2024→2025,2024,2025,62001,null,prod_ganado,null,3840,3840,null,4.8,null,800
10268,MILCHWERKE MITTELELBE GMBH,2024→2025,2024,2025,61229,null,sin_actividad,null,0,0,null,0.001,null,0
9157,"MAK FOOD COMPANY, S.L.",2024→2025,2024,2025,61308,null,prod_ganado,null,94884.66,94884.66,null,95.946,null,988.94
246,"CAMPO BETICA, S.L.",2024→2025,2024,2025,3000050341,null,prod_ganado,null,6092.5,6092.5,null,5,null,1218.5
10495,"ALCOHOLES DE TOMELLOSO, S.A.",2024→2025,2024,2025,60000,null,sin_actividad,null,0,0,null,0.001,null,0
10549,"BIOEVER TOTAL, S.L.",2024→2025,2024,2025,7500003011,null,prod_ganado,null,15196,15196,null,23.2,null,655
516,"PAIARROP, S.L.",2024→2025,2024,2025,7400010171,null,prod_ganado,null,29610,29610,null,47,null,630
1747,"FRUIT TECH NATURAL, S.A.",2024→2025,2024,2025,7400010031,null,prod_ganado,null,14828.8,14828.8,null,22.4,null,662
10259,"NUTRIS, WE CARE ABOUT YOU, S.L.",2024→2025,2024,2025,61289,null,prod_ganado,null,545709.86,545709.86,null,211.5,null,2580.19
2767,"DULCEPLUS GOLOSINAS, S.A.",2024→2025,2024,2025,61298,null,sin_actividad,null,0,0,null,0.001,null,0
10169,"RANSOM NATURALS, LTD",2024→2025,2024,2025,61200,null,sin_actividad,null,0,0,null,0.001,null,0
478,"MORENO RUIZ HERMANOS, S.L.",2024→2025,2024,2025,61303,null,prod_ganado,null,57646.05,57646.05,null,33.827,null,1704.14
4187,"AMILCAR & MORGADO, LDA",2024→2025,2024,2025,99958,null,sin_actividad,null,0,0,null,0.05,null,0
7918,"REFRESCO IBERIA, S.A.U. ",2024→2025,2024,2025,60000,null,sin_actividad,null,0,0,null,0.001,null,0
10147,"HERVAR LACTEOS Y ADITIVOS, S.L.",2024→2025,2024,2025,3000050341,null,prod_ganado,null,26595,26595,null,22.75,null,1169.01
10356,"COMA GLOBAL PLUS, S.L.",2024→2025,2024,2025,7200000411,null,prod_ganado,null,12724.5,12724.5,null,169.66,null,75
9157,"MAK FOOD COMPANY, S.L.",2024→2025,2024,2025,7500004011,null,prod_ganado,null,15720,15720,null,24,null,655
7558,HARINAS CASTILLA LA MANCHA S.L,2024→2025,2024,2025,7300016111,null,prod_ganado,null,37455.6,37455.6,null,58.8,null,637
499,"MELS CARLET, S.L.",2024→2025,2024,2025,4120002201,null,prod_ganado,null,11250,11250,null,12.5,null,900
9658,"AT LA ESPADA, S.L.",2024→2025,2024,2025,4140002201,null,prod_ganado,null,87.45,87.45,null,0.1,null,874.5
4960,"MANUEL MATEO CANDEL, S.L.",2024→2025,2024,2025,1110049321,null,prod_ganado,null,3679,3679,null,2.6,null,1415
6467,"CATALINA FOOD SOLUTIONS, S.L.",2024→2025,2024,2025,7500003011,null,prod_ganado,null,20208,20208,null,29.6,null,682.7
1247,"TURRONES Y ESPECIALIDADES VIAR, S.A.",2024→2025,2024,2025,1210054031,null,prod_ganado,null,1620,1620,null,1.2,null,1350
1751,"ANTONIO ARRAEZ, S.L",2024→2025,2024,2025,60105,null,prod_ganado,null,1672.8,1672.8,null,2.402,null,696.42
1072,"GALVAN FERNANDEZ HERMANOS, S.L.",2024→2025,2024,2025,7400010171,null,prod_ganado,null,45144,45144,null,72,null,627
430,"MONZO LUIS, S.L.",2024→2025,2024,2025,5100750031,null,prod_ganado,null,1104,1104,null,1.2,null,920
1624,S.A.T. Nº8192 PEREGRI,2024→2025,2024,2025,62154,null,prod_ganado,null,1548,1548,null,1.2,null,1290
9832,FRANCISCO J. RUBIO JIMENEZ,2024→2025,2024,2025,7800059261,null,prod_ganado,null,108.75,108.75,null,0.075,null,1450
10079,"APIGLASS ENVASES Y MATERIAL APICOLA, S.L.U.",2024→2025,2024,2025,44355,null,sin_actividad,null,0,0,null,0.015,null,0
4505,"FIESTA COLOMBINA, S.L.U.",2024→2025,2024,2025,7500004011,null,prod_ganado,null,620395,620395,null,977,null,635
6048,"BLENDAMA, S.L.",2024→2025,2024,2025,7500004011,null,prod_ganado,null,3934.4,3934.4,null,5.2,null,756.62
7706,"RUIPAN, S.L.",2024→2025,2024,2025,7620010201,null,sin_actividad,null,0,0,null,0.001,null,0
10399,INGREDION GERMANY GMBH,2024→2025,2024,2025,61289,null,sin_actividad,null,0,0,null,0.002,null,0
6866,"TAMAYO SANCHEZ, Mª LUISA",2024→2025,2024,2025,44301,null,prod_ganado,null,4752,4752,null,7.2,null,660
555,"FORTADUL, S.L.",2024→2025,2024,2025,7500003011,null,prod_ganado,null,15120,15120,null,24,null,630
8424,"MISSION FOODS IBERIA, S.A.U.",2024→2025,2024,2025,4120002201,null,sin_actividad,null,0,0,null,0.002,null,0
9811,"IDEAGRO, S.L.",2024→2025,2024,2025,4120002201,null,prod_ganado,null,8400,8400,null,10,null,840
10265,"OFFSETSAN, LTD",2024→2025,2024,2025,62001,null,sin_actividad,null,0,0,null,0.01,null,0
10397,"SIMON THE BEEKEEPER, LTD",2024→2025,2024,2025,62032,null,prod_ganado,null,1000,1000,null,1,null,1000
455,"EMILIO PEÑA, S.A.",2024→2025,2024,2025,3010050341,null,prod_ganado,null,127800,127800,null,112.5,null,1136
5245,"ELGORRIAGA BRANDS, S.A.",2024→2025,2024,2025,7110009141,null,prod_ganado,null,460,460,null,0.4,null,1150
7874,"SUGAR GLOBAL TRADING, S.L.",2024→2025,2024,2025,45006,null,prod_ganado,null,1420.8,1420.8,null,1.92,null,740
9854,"NORDMANN PORTUGAL, S.A.",2024→2025,2024,2025,61200,null,sin_actividad,null,0,0,null,0.002,null,0
577,"FARTONS POLO, S.L.",2024→2025,2024,2025,7300016111,null,prod_ganado,null,33396,33396,null,55.2,null,605
3144,"DALLANT, S.A.",2024→2025,2024,2025,3010050341,null,prod_ganado,null,8960,8960,null,7,null,1280
430,"MONZO LUIS, S.L.",2024→2025,2024,2025,61289,null,prod_ganado,null,12576.9,12576.9,null,3.71,null,3390
10545,"CONCENTRADOS FRUTEROS, S.L.",2024→2025,2024,2025,61302,null,prod_ganado,null,28602.6,28602.6,null,24.7,null,1158
7897,"MANDIC OUTMILL MS4, S.L.",2024→2025,2024,2025,44302,null,prod_ganado,null,3277.5,3277.5,null,3.45,null,950
304,"FRANFER, S.A.",2024→2025,2024,2025,5101054011,null,prod_ganado,null,1152,1152,null,1.2,null,960
566,"ALMACENES MIGUEZ 2005,S.L.",2024→2025,2024,2025,62033,null,sin_actividad,null,0,0,null,0,null,null
10259,"NUTRIS, WE CARE ABOUT YOU, S.L.",2024→2025,2024,2025,5200050031,null,prod_ganado,null,199900.98,199900.98,null,309.924,null,645
484,"PRODUCTOS LA PILARICA, S.A.",2024→2025,2024,2025,7500003011,null,prod_ganado,null,31531.5,31531.5,null,47.775,null,660
5393,ICKOWICZ APICULTURE SAS,2024→2025,2024,2025,44315,null,prod_ganado,null,7434,7434,null,5.88,null,1264.29
582,"HIJOS DE SALVADOR COSTA, S.L.",2024→2025,2024,2025,7400010031,null,prod_ganado,null,3539,3539,null,9.9,null,357.47
10276,"OLYRA GREEK NUTRITION PRODUCTS SINGLE MEMBER, S.A.",2024→2025,2024,2025,61229,null,sin_actividad,null,0,0,null,0.001,null,0
542,"SDAD.ESPAÑOLA COLOR. NATURALES Y AFINES, S.A.U.",2024→2025,2024,2025,7811070401,null,prod_ganado,null,4348,4348,null,4,null,1087
6162,BE ORGANIC KUWAIT FOR HEALTHY FOOD AND PLANTS COMPANY,2024→2025,2024,2025,44310,null,prod_ganado,null,1890,1890,null,2.1,null,900
10165,"CEREALTO VB1, S.L.U.",2024→2025,2024,2025,65016,null,prod_ganado,null,4308.53,4308.53,null,4.875,null,883.8
8507,PSIQUIS INNOVA S.L.N.E.,2024→2025,2024,2025,61298,null,sin_actividad,null,0,0,null,0.001,null,0
5528,"FERNANDEZ LOPEZ, ANTONIO",2024→2025,2024,2025,62022,null,prod_ganado,null,960,960,null,1.2,null,800
517,"DUPAN, S.L.",2024→2025,2024,2025,1210054031,null,prod_ganado,null,1584,1584,null,1.2,null,1320
456,"HELADOS ESTIU, S.A.",2024→2025,2024,2025,61298,null,sin_actividad,null,0,0,null,0.001,null,0
9157,"MAK FOOD COMPANY, S.L.",2024→2025,2024,2025,61310,null,sin_actividad,null,0,0,null,0.02,null,0
10323,"GARCIA MARTINEZ, ANTONIO BONIFACIO",2024→2025,2024,2025,40261,null,prod_ganado,null,7939.5,7939.5,null,23.7,null,335
9257,"VHUMANA, S.A.",2024→2025,2024,2025,60135,null,prod_ganado,null,54485.9,54485.9,null,71.86,null,758.22
6468,"DULCES LA CARTUJA, S.L.",2024→2025,2024,2025,3000750341,null,prod_ganado,null,138.75,138.75,null,0.075,null,1850
7956,"STOCKMEIER QUIMICA, SLU",2024→2025,2024,2025,5200054011,null,sin_actividad,null,0,0,null,0.001,null,0
7115,"RIVERBEND ESPAÑA, S.A",2024→2025,2024,2025,61310,null,sin_actividad,null,0,0,null,0.002,null,0
367,"CASA ROJA MONTEGON, S.L.",2024→2025,2024,2025,5101054011,null,prod_ganado,null,2875.2,2875.2,null,3.6,null,798.67
10259,"NUTRIS, WE CARE ABOUT YOU, S.L.",2024→2025,2024,2025,7300007131,null,prod_ganado,null,62040,62040,null,94,null,660
10268,MILCHWERKE MITTELELBE GMBH,2024→2025,2024,2025,61298,null,sin_actividad,null,0,0,null,0.001,null,0
430,"MONZO LUIS, S.L.",2024→2025,2024,2025,7500003011,null,prod_ganado,null,17160,17160,null,26.4,null,650
2027,"DESTILERIAS AGUILAR, S.A.",2024→2025,2024,2025,60010,null,prod_ganado,null,32058.6,32058.6,null,46.2,null,693.91
311,"PROBELTE, S.A.U.",2024→2025,2024,2025,1200051321,null,prod_ganado,null,13626,13626,null,9,null,1514
431,"DICARCONO, S.L.",2024→2025,2024,2025,7300015111,null,prod_ganado,null,14274,14274,null,24.4,null,585
8890,"AGROTAN NATURA, S.L.",2024→2025,2024,2025,2210037021,null,prod_ganado,null,966,966,null,0.92,null,1050
5528,"FERNANDEZ LOPEZ, ANTONIO",2024→2025,2024,2025,99958,null,sin_actividad,null,0,0,null,0.05,null,0
2684,"INDUSTRIAS JIJONENCAS, S.A.",2024→2025,2024,2025,3000050341,null,prod_ganado,null,7482,7482,null,6,null,1247
6338,CENTRO NAC. TECNOLOGIA Y SEGURIDAD ALIMENTARIA,2024→2025,2024,2025,61229,null,sin_actividad,null,0,0,null,0.001,null,0
10278,INGREDION INCORPORATED,2024→2025,2024,2025,61303,null,sin_actividad,null,0,0,null,0.001,null,0
10192,"NEW GARDEN SYSTEM, S.L.",2024→2025,2024,2025,4000050331,null,sin_actividad,null,0,0,null,0.001,null,0
10148,"AYOLABS, S.L.",2024→2025,2024,2025,61229,null,sin_actividad,null,0,0,null,0.001,null,0
10170,"CLINICAL NUTRITION, S.A.U.",2024→2025,2024,2025,61200,null,sin_actividad,null,0,0,null,0.002,null,0
5727,"BOGNER, JOSEPH",2024→2025,2024,2025,44315,null,prod_ganado,null,2184,2184,null,1.68,null,1300
4561,"AGRICOM, S.R.L.",2024→2025,2024,2025,62035,null,prod_ganado,null,15876,15876,null,22.68,null,700
2975,"ARTUKOLUKE, S.L.",2024→2025,2024,2025,44313,null,prod_ganado,null,2415,2415,null,2.1,null,1150
10385,THE QUALITY GROUP GMBH,2024→2025,2024,2025,60302,null,sin_actividad,null,0,0,null,0.0011,null,0
499,"MELS CARLET, S.L.",2024→2025,2024,2025,7500003011,null,prod_ganado,null,3360,3360,null,4.8,null,700
2577,"IMPORTACO CASA PONS, S.A.U.",2024→2025,2024,2025,5201750031,null,sin_actividad,null,0,0,null,0.001,null,0
6314,"LOPEZ AGUDO, PILAR",2024→2025,2024,2025,44314,null,prod_ganado,null,1221,1221,null,0.66,null,1850
846,"PRODUCTOS ORGANICOS NAT.,S.L.",2024→2025,2024,2025,3010050341,null,prod_ganado,null,246.88,246.88,null,0.125,null,1975.04
9576,TRINOVA AG,2024→2025,2024,2025,61289,null,sin_actividad,null,0,0,null,0.003,null,0
769,"ANGEL CAMACHO ALIMENTACION, S.L.",2024→2025,2024,2025,61289,null,sin_actividad,null,0,0,null,0.002,null,0
8668,FERDINAND KREUTZER SABAMÜHLE GMBH,2024→2025,2024,2025,61298,null,sin_actividad,null,0,0,null,0.002,null,0
10494,GARTNERBUTIKKEN APS,2024→2025,2024,2025,62001,null,prod_ganado,null,144.5,144.5,null,0.17,null,850
7775,"RUNAKAY PLUS, S.L.",2024→2025,2024,2025,7110009141,null,prod_ganado,null,2300,2300,null,2,null,1150
4997,"PRODUCTOS LA MULATA, S.L.",2024→2025,2024,2025,5205002011,null,prod_ganado,null,3660.56,3660.56,null,2.504,null,1461.88
237,"DULCES SANTA CRUZ, S.L.",2024→2025,2024,2025,1210054031,null,prod_ganado,null,4584,4584,null,3.6,null,1273.33
522,"MACROSNACKS, S.L.U.",2024→2025,2024,2025,7500003011,null,prod_ganado,null,19562.4,19562.4,null,31.2,null,627
614,"MANUFACTURAS TABERNER,S.A.",2024→2025,2024,2025,7110009141,null,prod_ganado,null,327.25,327.25,null,0.275,null,1190
5528,"FERNANDEZ LOPEZ, ANTONIO",2024→2025,2024,2025,44355,null,sin_actividad,null,0,0,null,0.015,null,0
2256,"DULCES Y CONSERVAS HELIOS, S.A.",2024→2025,2024,2025,1110073320,null,prod_ganado,null,20007,20007,null,23.4,null,855
9463,"ADIEGO HERMANOS, S.A.",2024→2025,2024,2025,1210054031,null,prod_ganado,null,89916.6,89916.6,null,91.896,null,978.46
9463,"ADIEGO HERMANOS, S.A.",2024→2025,2024,2025,1200049321,null,prod_ganado,null,1395,1395,null,0.9,null,1550
212,"JARCA TURRONES Y DULCES, S.L.",2024→2025,2024,2025,5201050031,null,prod_ganado,null,1127.7,1127.7,null,1.26,null,895
10516,"AGROMEDITERRANEA CABO DE GATA, S.L.",2024→2025,2024,2025,60251,null,prod_ganado,null,12889.54,12889.54,null,24.74,null,521
3225,"SURIVAN FEEL THE TASTE, S.L.",2024→2025,2024,2025,3000050341,null,prod_ganado,null,1737.5,1737.5,null,1.25,null,1390
542,"SDAD.ESPAÑOLA COLOR. NATURALES Y AFINES, S.A.U.",2024→2025,2024,2025,7401002031,null,prod_ganado,null,15120,15120,null,24,null,630
10500,APIS INTERNATIONAL B.V.,2024→2025,2024,2025,44314,null,prod_ganado,null,102,102,null,0.06,null,1700
10222,"CHRISTIAN GRAZE, FABRIK FUR BIENENZUCHTGERATE UN MOBEL, OHG",2024→2025,2024,2025,44315,null,prod_ganado,null,1092,1092,null,0.84,null,1300
401,"SOLER GIMENO, S.L.",2024→2025,2024,2025,5205050031,null,prod_ganado,null,14051.61,14051.61,null,23.938,null,587
542,"SDAD.ESPAÑOLA COLOR. NATURALES Y AFINES, S.A.U.",2024→2025,2024,2025,43006,null,prod_ganado,null,49152.6,49152.6,null,49.8,null,987
5924,"GRUPO DISTRIBUIDOR GARAU, S.L.",2024→2025,2024,2025,7500004011,null,prod_ganado,null,3120,3120,null,4.8,null,650
10274,"ALVAREZ DIAZ, JACINTO",2024→2025,2024,2025,44314,null,prod_ganado,null,1536.75,1536.75,null,0.84,null,1829.46
1023,"TORRONS VICENS, S.L.",2024→2025,2024,2025,5201002011,null,prod_ganado,null,1134,1134,null,1.2,null,945
9743,SAS NORDMANN FRANCE,2024→2025,2024,2025,61298,null,sin_actividad,null,0,0,null,0.001,null,0
527,"CARNICAS SERRANO, S.L.",2024→2025,2024,2025,4000050331,null,prod_ganado,null,17200,17200,null,20.001,null,859.96
8836,"AGROCENTROS LEON, S.L.",2024→2025,2024,2025,44314,null,prod_ganado,null,3735,3735,null,2.49,null,1500
6645,"TURRONES EL ROMERO, S.A.",2024→2025,2024,2025,7500003011,null,prod_ganado,null,14268.8,14268.8,null,22.4,null,637
1470,"CROP SALSA, S.A.",2024→2025,2024,2025,5101002011,null,sin_actividad,null,0,0,null,0.002,null,0
6267,"JUMEL ALIMENTARIA, S.A.",2024→2025,2024,2025,2210037021,null,prod_ganado,null,1428,1428,null,1.201,null,1189.01
10558,"AMATO TECH, S.L.",2024→2025,2024,2025,5201002011,null,sin_actividad,null,0,0,null,0.001,null,0
6151,"FRULACT, S.A.",2024→2025,2024,2025,7250007131,null,sin_actividad,null,0,0,null,0.001,null,0
9811,"IDEAGRO, S.L.",2024→2025,2024,2025,4140054031,null,prod_ganado,null,8400,8400,null,10,null,840
5528,"FERNANDEZ LOPEZ, ANTONIO",2024→2025,2024,2025,62032,null,sin_actividad,null,0,0,null,0.02,null,0
440,"MAZAPANES Y DULCES DE TOLEDO, S.A.",2024→2025,2024,2025,5101054011,null,prod_ganado,null,1500,1500,null,1.2,null,1250
1000,CLIENTES VARIOS (CONTADO),2024→2025,2024,2025,7110009141,null,prod_ganado,null,5,5,null,0.005,null,1000
10107,SAMECA PRODUTOS QUIMICOS SA,2024→2025,2024,2025,62070,null,sin_actividad,null,0,0,null,0.004,null,0
481,"EL CATETO, S.L.",2024→2025,2024,2025,1110071320,null,prod_ganado,null,936,936,null,1.3,null,720
4566,"CONFETICAKES, S.L.",2024→2025,2024,2025,7300016111,null,prod_ganado,null,35100,35100,null,60,null,585
10044,"CREACIONES JUGAVI, S.L.",2024→2025,2024,2025,7600010031,null,sin_actividad,null,0,0,null,0.001,null,0
430,"MONZO LUIS, S.L.",2024→2025,2024,2025,7500004011,null,prod_ganado,null,1040,1040,null,1.6,null,650
5680,"SALSA WOK, S.L.",2024→2025,2024,2025,62071,null,sin_actividad,null,0,0,null,0.001,null,0
8795,"ADISTAFARMA, S.L.",2024→2025,2024,2025,61289,null,sin_actividad,null,0,0,null,0.001,null,0
1415,"MEMBRILLO EMILY, S.L.",2024→2025,2024,2025,2210037021,null,sin_actividad,null,0,0,null,0.002,null,0
523,"CORALIM INGREDIENTS, S.L.",2024→2025,2024,2025,5101002011,null,prod_ganado,null,5100,5100,null,6,null,850
418,"MANUFACTURAS CEYLAN, S.L.",2024→2025,2024,2025,7110009141,null,prod_ganado,null,4994,4994,null,4,null,1248.5
496,"BODEGAS Y DESTILERIAS VIDAL, S.L.",2024→2025,2024,2025,60136,null,sin_actividad,null,0,0,null,0.001,null,0
546,"E.MORENO, S.L.",2024→2025,2024,2025,7500003011,null,prod_ganado,null,14364,14364,null,22.8,null,630
10522,CARL FRITZ IMKERTECHNIK GMBH & CO. KG,2024→2025,2024,2025,44315,null,sin_actividad,null,0,0,null,0.1,null,0
10471,"MIELES IBERICAS, S.L.U",2024→2025,2024,2025,62020,null,prod_ganado,null,3504,3504,null,4.8,null,730
317,"ESTUCHADOS FANNY, S.L.",2024→2025,2024,2025,7300007131,null,prod_ganado,null,7380,7380,null,12,null,615
1396,"BARCELONESA DE DROG. Y PRODUCT. QUIMICOS, S.A.",2024→2025,2024,2025,3010050341,null,prod_ganado,null,5950,5950,null,5,null,1190
297,"TARBAL FOOD, S.L.",2024→2025,2024,2025,7300005081,null,prod_ganado,null,7821,7821,null,9.9,null,790
10142,NORDMANN NORDIC AB,2024→2025,2024,2025,61289,null,sin_actividad,null,0,0,null,0.001,null,0
445,"PASTELERIA ARROYO SANCHEZ, S.L.U.",2024→2025,2024,2025,7500003011,null,prod_ganado,null,15000,15000,null,24,null,625
1771,"EL CASERIO, S.A",2024→2025,2024,2025,7300016111,null,prod_ganado,null,29754.48,29754.48,null,49.84,null,597
2684,"INDUSTRIAS JIJONENCAS, S.A.",2024→2025,2024,2025,3010050341,null,prod_ganado,null,1558.75,1558.75,null,1.25,null,1247
3886,"COMPAÑIA AGRICOLA INDUSTRIAL SANTA ANA, S.A.",2024→2025,2024,2025,7230007131,null,sin_actividad,null,0,0,null,0.001,null,0
10519,"EPSA ADITIVOS ALIMENTARIOS, S.L.",2024→2025,2024,2025,3010050341,null,prod_ganado,null,49500,49500,null,45,null,1100
9535,"COMPAÑIA CERVECERA DAMM, S.L.",2024→2025,2024,2025,7500004011,null,prod_ganado,null,32565.44,32565.44,null,54.64,null,596
10079,"APIGLASS ENVASES Y MATERIAL APICOLA, S.L.U.",2024→2025,2024,2025,62032,null,sin_actividad,null,0,0,null,0.025,null,0
9157,"MAK FOOD COMPANY, S.L.",2024→2025,2024,2025,61286,null,sin_actividad,null,0,0,null,0.002,null,0
2801,"JOSE MARIA BOU, S.L.",2024→2025,2024,2025,7800059261,null,prod_ganado,null,4372.88,4372.88,null,2.925,null,1495
10262,"SIDORENKO INGREDIENTS, LTD.",2024→2025,2024,2025,61289,null,prod_ganado,null,1061.2,1061.2,null,0.562,null,1888.26
933,"DULCESTEPA, S.A.",2024→2025,2024,2025,7300019071,null,prod_ganado,null,52668,52668,null,83.6,null,630
10148,"AYOLABS, S.L.",2024→2025,2024,2025,61298,null,sin_actividad,null,0,0,null,0.002,null,0
4429,"UMBRELLA F&FI, S.L. ",2024→2025,2024,2025,3010050341,null,prod_ganado,null,1687.5,1687.5,null,1.25,null,1350
10514,"ARTESANOS VIRGEN DE EXTREMADURA, S.L.",2024→2025,2024,2025,5201002011,null,prod_ganado,null,1380,1380,null,1.2,null,1150
4383,"MANUFRI, S.L.",2024→2025,2024,2025,60000,null,prod_ganado,null,90524.64,90524.64,null,219.72,null,412
9811,"IDEAGRO, S.L.",2024→2025,2024,2025,4100002201,null,prod_ganado,null,8400,8400,null,10,null,840
455,"EMILIO PEÑA, S.A.",2024→2025,2024,2025,65015,null,prod_ganado,null,955.5,955.5,null,0.975,null,980
9206,"TRIAS GALLETES-BISCUITS, S.A.",2024→2025,2024,2025,7300016111,null,prod_ganado,null,14363.3,14363.3,null,24.14,null,595
7775,"RUNAKAY PLUS, S.L.",2024→2025,2024,2025,7800059261,null,prod_ganado,null,1248,1248,null,0.8,null,1560
10487,"FABRICA DE LICORS LA MANRESANA, S.L.",2024→2025,2024,2025,5101054011,null,sin_actividad,null,0,0,null,0.002,null,0
3156,"FINI GOLOSINAS ESPAÑA, S.L.U.",2024→2025,2024,2025,2210037021,null,sin_actividad,null,0,0,null,0.011,null,0
1774,"BODEGAS VINIVAL, S.L.",2024→2025,2024,2025,60000,null,prod_ganado,null,17516.48,17516.48,null,32.646,null,536.56
609,"ALBORCHATA,S.L.",2024→2025,2024,2025,7500003011,null,prod_ganado,null,17800,17800,null,20,null,890
8476,"ANITIN JEREZ, S.L.U.",2024→2025,2024,2025,7500004011,null,prod_ganado,null,7404,7404,null,12,null,617
1538,"GOMEZ SILLERO, JOSE ANTONIO",2024→2025,2024,2025,44301,null,prod_ganado,null,6080,6080,null,9.5,null,640
10348,"SCHREIBER DE CANARIAS, S.L.",2024→2025,2024,2025,2331065321,null,prod_ganado,null,4342.5,4342.5,null,1.5,null,2895
450,"LA FLOR BURGALESA, S.L.",2024→2025,2024,2025,65008,null,prod_ganado,null,4303.8,4303.8,null,5.4,null,797
7884,"SONTRAVENTO, LLC",2024→2025,2024,2025,44315,null,prod_ganado,null,1134,1134,null,0.84,null,1350
10500,APIS INTERNATIONAL B.V.,2024→2025,2024,2025,62032,null,prod_ganado,null,70,70,null,0.07,null,1000
455,"EMILIO PEÑA, S.A.",2024→2025,2024,2025,5101002011,null,prod_ganado,null,2844,2844,null,3.6,null,790
1646,"NAVARRO SALA, JOSE",2024→2025,2024,2025,44301,null,prod_ganado,null,536,536,null,0.8,null,670
215,"MARTIN BRAUN, S.A.",2024→2025,2024,2025,1210002031,null,prod_ganado,null,1428,1428,null,1.2,null,1190
10486,"GRANJA SAN FRANCISCO, S.L.U.",2024→2025,2024,2025,65015,null,sin_actividad,null,0,0,null,0.005,null,0
4002,"ABB MJ FERNANDEZ ARANDA, S.L.",2024→2025,2024,2025,7300019071,null,prod_ganado,null,34782,34782,null,56.1,null,620
211,"MARTINEZ NIETO, S.A.",2024→2025,2024,2025,2331065321,null,sin_actividad,null,0,0,null,0.001,null,0
8003,"OBLEAS QUINTIN, S.L.",2024→2025,2024,2025,7600002031,null,prod_ganado,null,6744.5,6744.5,null,8.225,null,820
2057,"BACK EUROP ESPAÑA, S.L",2024→2025,2024,2025,5205054011,null,prod_ganado,null,1740,1740,null,1.2,null,1450
430,"MONZO LUIS, S.L.",2024→2025,2024,2025,7300016111,null,prod_ganado,null,10400,10400,null,16,null,650
10491,MIGADI MONOPROSOPI IKE,2024→2025,2024,2025,44310,null,prod_ganado,null,9765,9765,null,10.5,null,930
10530,KINGS CROWN TRADING COMPANY,2024→2025,2024,2025,62032,null,sin_actividad,null,0,0,null,0.01,null,0
10079,"APIGLASS ENVASES Y MATERIAL APICOLA, S.L.U.",2024→2025,2024,2025,99958,null,sin_actividad,null,0,0,null,0.025,null,0
8668,FERDINAND KREUTZER SABAMÜHLE GMBH,2024→2025,2024,2025,61303,null,prod_ganado,null,3858,3858,null,4.75,null,812.21
10109,DETRIGO PADARIA PASTELARIA LDA,2024→2025,2024,2025,61167,null,prod_ganado,null,38137.59,38137.59,null,28.48,null,1339.1
10099,"AGUARDIENTES DE GALICIA, S. A.",2024→2025,2024,2025,60010,null,prod_ganado,null,7095.6,7095.6,null,10.8,null,657
450,"LA FLOR BURGALESA, S.L.",2024→2025,2024,2025,7230007131,null,sin_actividad,null,0,0,null,0.001,null,0
10287,"LA CLANDESTILERIA, S.L.",2024→2025,2024,2025,60000,null,sin_actividad,null,0,0,null,0.001,null,0
448,"ESGIR, S.L.",2024→2025,2024,2025,7300016111,null,prod_ganado,null,18252,18252,null,28.8,null,633.75
9123,S.A.T. Nº9779 CARREÑO PEÑALVER HNOS,2024→2025,2024,2025,3000050341,null,prod_ganado,null,1650,1650,null,1,null,1650
10283,IANSAGRO S.A,2024→2025,2024,2025,61229,null,sin_actividad,null,0,0,null,0.001,null,0
10148,"AYOLABS, S.L.",2024→2025,2024,2025,61289,null,sin_actividad,null,0,0,null,0.002,null,0
10397,"SIMON THE BEEKEEPER, LTD",2024→2025,2024,2025,44314,null,prod_ganado,null,1575,1575,null,1.05,null,1500
935,"MANZANO GAMITO HNOS, S.L.",2024→2025,2024,2025,7300019071,null,prod_ganado,null,45012,45012,null,72.6,null,620
3921,"IBERFRUTA MUERZA, S.A.",2024→2025,2024,2025,1110066321,null,prod_ganado,null,17784,17784,null,20.8,null,855
10387,"MUREDA ALIMENTACION, S.L.",2024→2025,2024,2025,7810033151,null,prod_ganado,null,1550,1550,null,1,null,1550
5679,"AB MAURI FOOD, S.A.",2024→2025,2024,2025,7230007131,null,sin_actividad,null,0,0,null,0.001,null,0
8251,APILINE DI FASSARI DOMINIQUE,2024→2025,2024,2025,44310,null,prod_ganado,null,62406,62406,null,68.7,null,908.38
499,"MELS CARLET, S.L.",2024→2025,2024,2025,5101050031,null,prod_ganado,null,14201.72,14201.72,null,22.906,null,620
2577,"IMPORTACO CASA PONS, S.A.U.",2024→2025,2024,2025,2210037021,null,sin_actividad,null,0,0,null,0.001,null,0
7115,"RIVERBEND ESPAÑA, S.A",2024→2025,2024,2025,61297,null,sin_actividad,null,0,0,null,0.002,null,0
10471,"MIELES IBERICAS, S.L.U",2024→2025,2024,2025,44340,null,sin_actividad,null,0,0,null,0.84,null,0
559,"DULCES OLMEDO GARCIA, S.L.",2024→2025,2024,2025,65015,null,prod_ganado,null,8287.5,8287.5,null,9.75,null,850
10190,"FOOD REBELS, S.L.",2024→2025,2024,2025,61289,null,sin_actividad,null,0,0,null,0.001,null,0
1314,"MANUFACTURAS PIBERNAT, S.L.",2024→2025,2024,2025,7500003011,null,prod_ganado,null,68460,68460,null,102.4,null,668.55
1786,"ANITIN PANES ESPECIALES, S.L.",2024→2025,2024,2025,7500003011,null,prod_ganado,null,20565.6,20565.6,null,32.8,null,627
8668,FERDINAND KREUTZER SABAMÜHLE GMBH,2024→2025,2024,2025,2332065321,null,sin_actividad,null,0,0,null,0.007,null,0
2734,"MORENO REGOLF, MARIA JOSE",2024→2025,2024,2025,44314,null,prod_ganado,null,1942.5,1942.5,null,1.05,null,1850
614,"MANUFACTURAS TABERNER,S.A.",2024→2025,2024,2025,7300037021,null,prod_ganado,null,8040,8040,null,12,null,670
271,"LABORATORIOS ALMOND, S.L.",2024→2025,2024,2025,7300005081,null,sin_actividad,null,0,0,null,0.001,null,0
10271,"LA NEWYORKINA, S.L.",2024→2025,2024,2025,61289,null,sin_actividad,null,0,0,null,0.001,null,0
10346,BODEGAS MURVIEDRO S.A.,2024→2025,2024,2025,60000,null,sin_actividad,null,0,0,null,0.002,null,0
6270,"PANADERIA NTRA.SRA.DE LA CABEZA, S.L.",2024→2025,2024,2025,7500004011,null,prod_ganado,null,543.75,543.75,null,0.725,null,750
9816,AGRO APICULTURA,2024→2025,2024,2025,44313,null,prod_ganado,null,1050,1050,null,1.05,null,1000
7755,SAS LA CHENERAIE,2024→2025,2024,2025,62001,null,prod_ganado,null,672,672,null,0.84,null,800
762,"VIOKOX, S.A",2024→2025,2024,2025,5200054011,null,prod_ganado,null,5880,5880,null,6,null,980
6267,"JUMEL ALIMENTARIA, S.A.",2024→2025,2024,2025,1210054031,null,prod_ganado,null,23460,23460,null,20.4,null,1150
9567,SIKA S.A.U.,2024→2025,2024,2025,7500003011,null,prod_ganado,null,7180.8,7180.8,null,9.6,null,748
846,"PRODUCTOS ORGANICOS NAT.,S.L.",2024→2025,2024,2025,5101054011,null,prod_ganado,null,1068,1068,null,1.2,null,890
6734,"COLONIALES EL SOL, S.L.",2024→2025,2024,2025,7400003011,null,prod_ganado,null,1136,1136,null,1.6,null,710
9263,"LOPEZ 1920 PASTELERÍA, S.L.",2024→2025,2024,2025,7500004011,null,prod_ganado,null,80400,80400,null,120,null,670
10397,"SIMON THE BEEKEEPER, LTD",2024→2025,2024,2025,62022,null,prod_ganado,null,34780,34780,null,46.6,null,746.35
6467,"CATALINA FOOD SOLUTIONS, S.L.",2024→2025,2024,2025,99950,null,sin_actividad,null,0,0,null,0.001,null,0
10494,GARTNERBUTIKKEN APS,2024→2025,2024,2025,44315,null,prod_ganado,null,1512,1512,null,1.12,null,1350
889,"ESPECIALIDADES DEL OBRADOR, S.L.",2024→2025,2024,2025,3000750341,null,prod_ganado,null,30.25,30.25,null,0.025,null,1210
5230,"MARCHUET PALMERO, CARLOS",2024→2025,2024,2025,44301,null,prod_ganado,null,2144,2144,null,3.2,null,670
455,"EMILIO PEÑA, S.A.",2024→2025,2024,2025,5101054011,null,prod_ganado,null,3834,3834,null,4.8,null,798.75
566,"ALMACENES MIGUEZ 2005,S.L.",2024→2025,2024,2025,99958,null,sin_actividad,null,0,0,null,0.175,null,0
1528,"JUAN Y JUAN INDUSTRIAL, S.L.U.",2024→2025,2024,2025,60105,null,prod_ganado,null,13659.36,13659.36,null,22.88,null,597
367,"CASA ROJA MONTEGON, S.L.",2024→2025,2024,2025,4000050331,null,prod_ganado,null,1035,1035,null,1.25,null,828
4738,"KATIGRES, S.L.",2024→2025,2024,2025,1210054031,null,prod_ganado,null,3096,3096,null,2.4,null,1290
10484,SEIRINGER ROLAND HERMANN ERICH,2024→2025,2024,2025,44310,null,sin_actividad,null,0,0,null,0.015,null,0
9811,"IDEAGRO, S.L.",2024→2025,2024,2025,4120054031,null,prod_ganado,null,5040,5040,null,6,null,840
10183,"ZUKAN INNOVATION, SLU",2024→2025,2024,2025,99128,null,sin_actividad,null,0,0,null,0.001,null,0
378,"FRIDUL, S.A.",2024→2025,2024,2025,5101002011,null,prod_ganado,null,1632,1632,null,2.4,null,680
9854,"NORDMANN PORTUGAL, S.A.",2024→2025,2024,2025,61289,null,sin_actividad,null,0,0,null,0.001,null,0
10278,INGREDION INCORPORATED,2024→2025,2024,2025,61200,null,sin_actividad,null,0,0,null,0.001,null,0
10562,SAS SILL,2024→2025,2024,2025,2210037021,null,sin_actividad,null,0,0,null,0.001,null,0
10399,INGREDION GERMANY GMBH,2024→2025,2024,2025,99950,null,sin_actividad,null,0,0,null,0.001,null,0
67,"TRANSADA, S.L.",2024→2025,2024,2025,1210054031,null,prod_ganado,null,1438.85,1438.85,null,1.2,null,1199.04
10362,NEW-IN CO. LTD,2024→2025,2024,2025,60302,null,sin_actividad,null,0,0,null,0,null,null
10148,"AYOLABS, S.L.",2024→2025,2024,2025,61200,null,sin_actividad,null,0,0,null,0.002,null,0
2767,"DULCEPLUS GOLOSINAS, S.A.",2024→2025,2024,2025,61200,null,sin_actividad,null,0,0,null,0.001,null,0
10443,"COMERCIAL PRODUCTOS DE LA VID, S.L.",2024→2025,2024,2025,60000,null,sin_actividad,null,0,0,null,0.005,null,0
432,"CHOCOLATES ALGARRA, S.L.",2024→2025,2024,2025,7400003011,null,prod_ganado,null,7616,7616,null,11.2,null,680
10197,"LEHMANN FOOD INGREDIENTS, LTD",2024→2025,2024,2025,2332065321,null,sin_actividad,null,0,0,null,0.003,null,0
7706,"RUIPAN, S.L.",2024→2025,2024,2025,7300005081,null,prod_ganado,null,68860,68860,null,103.4,null,665.96
1746,"PRIMITIVO PICO, S.A",2024→2025,2024,2025,61170,null,prod_ganado,null,28274.4,28274.4,null,23.76,null,1190
5438,PURATOS NV,2024→2025,2024,2025,61229,null,sin_actividad,null,0,0,null,0.001,null,0
10250,"ANTICH SPANISH FOOD, S.L.",2024→2025,2024,2025,3000050341,null,prod_ganado,null,215.63,215.63,null,0.125,null,1725.04
10270,AF NATURADEVISE WORLDWIDE S.L.U.,2024→2025,2024,2025,60000,null,sin_actividad,null,0,0,null,0.002,null,0
10338,KADERES PEASANT DEVELOPMENT PLC,2024→2025,2024,2025,44315,null,prod_ganado,null,350,350,null,0.28,null,1250
445,"PASTELERIA ARROYO SANCHEZ, S.L.U.",2024→2025,2024,2025,7300007131,null,prod_ganado,null,14520,14520,null,24,null,605
5727,"BOGNER, JOSEPH",2024→2025,2024,2025,44314,null,prod_ganado,null,3150,3150,null,2.1,null,1500
3777,"NATURVAL APICOLA, S.L.U.",2024→2025,2024,2025,61164,null,sin_actividad,null,0,0,null,0.001,null,0
595,"ROSCRIS BENIOPA, S.L",2024→2025,2024,2025,7400003011,null,prod_ganado,null,1800,1800,null,2.4,null,750
10025,"PRO ELITE BAITS INTERNATIONAL, S.L.",2024→2025,2024,2025,5101054011,null,prod_ganado,null,1140,1140,null,1.2,null,950
456,"HELADOS ESTIU, S.A.",2024→2025,2024,2025,61200,null,sin_actividad,null,0,0,null,0.001,null,0
9097,"CAFES MIÑANA, S.A.",2024→2025,2024,2025,7500003011,null,prod_ganado,null,3104,3104,null,3.2,null,970
7267,"GIDA, S.A.",2024→2025,2024,2025,61289,null,prod_ganado,null,2868,2868,null,1.2,null,2390
1529,"DULCESA, S.L. UNIPERSONAL",2024→2025,2024,2025,7300016111,null,prod_ganado,null,15533.94,15533.94,null,26.02,null,597
210,"POSTRES Y DULCES REINA, S.L.",2024→2025,2024,2025,61303,null,sin_actividad,null,0,0,null,0.001,null,0
6468,"DULCES LA CARTUJA, S.L.",2024→2025,2024,2025,7300037021,null,prod_ganado,null,6336,6336,null,9.6,null,660
10399,INGREDION GERMANY GMBH,2024→2025,2024,2025,61200,null,sin_actividad,null,0,0,null,0.001,null,0
9810,"ALLTECH CROP SCIENCE, S.L.U",2024→2025,2024,2025,4120002201,null,prod_ganado,null,2100,2100,null,2.525,null,831.68
297,"TARBAL FOOD, S.L.",2024→2025,2024,2025,7110009141,null,prod_ganado,null,36,36,null,0.025,null,1440
615,"PRODUCTOS DE VITICULTURA, S.A.",2024→2025,2024,2025,60000,null,prod_ganado,null,158509.14,158509.14,null,339.42,null,467
9157,"MAK FOOD COMPANY, S.L.",2024→2025,2024,2025,7400010031,null,prod_ganado,null,66920,66920,null,104,null,643.46
8507,PSIQUIS INNOVA S.L.N.E.,2024→2025,2024,2025,61289,null,sin_actividad,null,0,0,null,0.001,null,0
8251,APILINE DI FASSARI DOMINIQUE,2024→2025,2024,2025,44313,null,prod_ganado,null,77705.25,77705.25,null,75.69,null,1026.63
2518,"GRANALBE, S.L.",2024→2025,2024,2025,44310,null,prod_ganado,null,3780,3780,null,4.2,null,900
4002,"ABB MJ FERNANDEZ ARANDA, S.L.",2024→2025,2024,2025,3010050341,null,prod_ganado,null,11500,11500,null,10,null,1150
4002,"ABB MJ FERNANDEZ ARANDA, S.L.",2024→2025,2024,2025,1110066321,null,prod_ganado,null,1157,1157,null,1.3,null,890
770,"CASTER ALIMENTACION, S.L.",2024→2025,2024,2025,7500003011,null,prod_ganado,null,14112,14112,null,22.4,null,630
1661,"DELAVIUDA ALIMENTACION, S.A",2024→2025,2024,2025,1110073320,null,prod_ganado,null,2325.83,2325.83,null,2.456,null,947
2903,"MEDITERRANEA MELLIS, S.L.",2024→2025,2024,2025,61177,null,prod_ganado,null,11113.96,11113.96,null,14.74,null,754
516,"PAIARROP, S.L.",2024→2025,2024,2025,7400010031,null,prod_ganado,null,44100,44100,null,70,null,630
10471,"MIELES IBERICAS, S.L.U",2024→2025,2024,2025,44310,null,prod_ganado,null,3704.4,3704.4,null,4.2,null,882
3699,"GONZALEZ CARBALLAL, S.L.",2024→2025,2024,2025,62032,null,sin_actividad,null,0,0,null,0.045,null,0
6209,FELIX REVERTE S.A.,2024→2025,2024,2025,60105,null,sin_actividad,null,0,0,null,0.002,null,0
10383,"SIETEM, S.L.",2024→2025,2024,2025,7600004011,null,prod_ganado,null,747.75,747.75,null,0.75,null,997
6828,AGRUP.DEFENSA SANIT.APIC.REG.DE MURCIA,2024→2025,2024,2025,44315,null,prod_ganado,null,866.18,866.18,null,0.644,null,1345
1661,"DELAVIUDA ALIMENTACION, S.A",2024→2025,2024,2025,5100050031,null,prod_ganado,null,4065.6,4065.6,null,4.8,null,847
2763,"HERMANOS ROMAN ALAMINOS, S.L.",2024→2025,2024,2025,7300015111,null,prod_ganado,null,17452.2,17452.2,null,20.06,null,870
10109,DETRIGO PADARIA PASTELARIA LDA,2024→2025,2024,2025,62071,null,prod_ganado,null,1794,1794,null,1.2,null,1495
891,"MONTEALBOR ALIMENTACION, S.A.U",2024→2025,2024,2025,7400003011,null,prod_ganado,null,592,592,null,0.8,null,740
6251,"MIX PAK SYSTEM, S.L.",2024→2025,2024,2025,7402002031,null,sin_actividad,null,0,0,null,1.9,null,0
6558,"SOC CHEF, S.L.",2024→2025,2024,2025,5205002011,null,prod_ganado,null,3375.48,3375.48,null,3.669,null,920
10500,APIS INTERNATIONAL B.V.,2024→2025,2024,2025,62001,null,prod_ganado,null,59.5,59.5,null,0.07,null,850
1072,"GALVAN FERNANDEZ HERMANOS, S.L.",2024→2025,2024,2025,7500003011,null,prod_ganado,null,12790.8,12790.8,null,20.4,null,627
279,"DULCES Y GOLOSINAS GLORIA, S.L.",2024→2025,2024,2025,5201002011,null,prod_ganado,null,17465.35,17465.35,null,25.13,null,695
10259,"NUTRIS, WE CARE ABOUT YOU, S.L.",2024→2025,2024,2025,5200002011,null,prod_ganado,null,63777.6,63777.6,null,98.88,null,645
5245,"ELGORRIAGA BRANDS, S.A.",2024→2025,2024,2025,1110073320,null,prod_ganado,null,2592.2,2592.2,null,2.6,null,997
904,"DAMEL GROUP, S.L. ",2024→2025,2024,2025,7300015111,null,prod_ganado,null,32772.6,32772.6,null,52.02,null,630
517,"DUPAN, S.L.",2024→2025,2024,2025,7230007131,null,prod_ganado,null,1190,1190,null,1.001,null,1188.81
8247,"ALLJUICEMED, S.L.",2024→2025,2024,2025,64107,null,prod_ganado,null,38992.8,38992.8,null,50.64,null,770
1528,"JUAN Y JUAN INDUSTRIAL, S.L.U.",2024→2025,2024,2025,7300016111,null,prod_ganado,null,73550.4,73550.4,null,123.2,null,597
433,"SANCHIS MIRA, S.A.",2024→2025,2024,2025,7300016111,null,prod_ganado,null,14364,14364,null,22.8,null,630
9743,SAS NORDMANN FRANCE,2024→2025,2024,2025,61287,null,sin_actividad,null,0,0,null,0.003,null,0
6094,"ECOVINAL, S.L.U.",2024→2025,2024,2025,61177,null,sin_actividad,null,0,0,null,0.001,null,0
9770,HALO FOODS LTD,2024→2025,2024,2025,61303,null,prod_ganado,null,4152,4152,null,2.4,null,1730
466,"DULCES LA PONDEROSA, S.L.",2024→2025,2024,2025,7500004011,null,prod_ganado,null,7560,7560,null,12,null,630
10167,HILLCO BEES,2024→2025,2024,2025,44310,null,sin_actividad,null,0,0,null,0.525,null,0
775,"NATRA CACAO,S.L.",2024→2025,2024,2025,7300015111,null,prod_ganado,null,60341.5,60341.5,null,77.86,null,775
7897,"MANDIC OUTMILL MS4, S.L.",2024→2025,2024,2025,44303,null,prod_ganado,null,3437.5,3437.5,null,2.75,null,1250
3921,"IBERFRUTA MUERZA, S.A.",2024→2025,2024,2025,1110073320,null,prod_ganado,null,11115,11115,null,13,null,855
10170,"CLINICAL NUTRITION, S.A.U.",2024→2025,2024,2025,61303,null,sin_actividad,null,0,0,null,0.001,null,0
10192,"NEW GARDEN SYSTEM, S.L.",2024→2025,2024,2025,60105,null,prod_ganado,null,29023.2,29023.2,null,29.672,null,978.13
10580,INGREDION UK LIMITED,2024→2025,2024,2025,2331065321,null,sin_actividad,null,0,0,null,0.002,null,0
1253,"HORCHATA EL COSECHERO, S.L.",2024→2025,2024,2025,7400010171,null,prod_ganado,null,158190,158190,null,246,null,643.05
7897,"MANDIC OUTMILL MS4, S.L.",2024→2025,2024,2025,44301,null,prod_ganado,null,5566,5566,null,7.4,null,752.16
3699,"GONZALEZ CARBALLAL, S.L.",2024→2025,2024,2025,44355,null,sin_actividad,null,0,0,null,0.045,null,0
10250,"ANTICH SPANISH FOOD, S.L.",2024→2025,2024,2025,7800059261,null,prod_ganado,null,145,145,null,0.1,null,1450
10454,"GONZALEZ BYASS CHINCHON, S.A.",2024→2025,2024,2025,60010,null,prod_ganado,null,14743.6,14743.6,null,23.78,null,620
1771,"EL CASERIO, S.A",2024→2025,2024,2025,1110060321,null,prod_ganado,null,22735.4,22735.4,null,23.56,null,965
2975,"ARTUKOLUKE, S.L.",2024→2025,2024,2025,4000050331,null,prod_ganado,null,62280.25,62280.25,null,69.725,null,893.23
400,"ASOCIACION IND. ALICANTINA DEL HELADO, S.A.",2024→2025,2024,2025,7300016111,null,prod_ganado,null,31192.2,31192.2,null,53.32,null,585
609,"ALBORCHATA,S.L.",2024→2025,2024,2025,7400003011,null,prod_ganado,null,4984,4984,null,5.6,null,890
6884,"ENVASADOS SEGOVIA, S.L.",2024→2025,2024,2025,7230007131,null,sin_actividad,null,0,0,null,0.001,null,0
716,"PENALVA ALIMENTACION, S.A.",2024→2025,2024,2025,7800059261,null,prod_ganado,null,1370,1370,null,1,null,1370
6267,"JUMEL ALIMENTARIA, S.A.",2024→2025,2024,2025,7500004011,null,prod_ganado,null,112117,112117,null,191,null,587
432,"CHOCOLATES ALGARRA, S.L.",2024→2025,2024,2025,7500003011,null,prod_ganado,null,41120,41120,null,60.8,null,676.32
551,"ICE CREAM FACTORY COMAKER, S.A.",2024→2025,2024,2025,7400010031,null,prod_ganado,null,69404,69404,null,100.4,null,691.27
10500,APIS INTERNATIONAL B.V.,2024→2025,2024,2025,44315,null,prod_ganado,null,189,189,null,0.28,null,675
445,"PASTELERIA ARROYO SANCHEZ, S.L.U.",2024→2025,2024,2025,1110073320,null,prod_ganado,null,10920,10920,null,13,null,840
400,"ASOCIACION IND. ALICANTINA DEL HELADO, S.A.",2024→2025,2024,2025,5101054011,null,prod_ganado,null,10560,10560,null,12,null,880
200,MARIN GIMENEZ HNOS. S.A.,2024→2025,2024,2025,44093,null,prod_ganado,null,1176,1176,null,1.2,null,980
456,"HELADOS ESTIU, S.A.",2024→2025,2024,2025,43050,null,sin_actividad,null,0,0,null,0.001,null,0
595,"ROSCRIS BENIOPA, S.L",2024→2025,2024,2025,7110009141,null,prod_ganado,null,10549,10549,null,9.1,null,1159.23
9990,"POSTRES DE MESA, S.L.",2024→2025,2024,2025,62150,null,sin_actividad,null,0,0,null,0.005,null,0
194,"COFRUTOS, S.A.",2024→2025,2024,2025,61306,null,sin_actividad,null,0,0,null,0.002,null,0
10304,"ELABORADOS DIETETICOS, S.A.U.",2024→2025,2024,2025,2332065321,null,sin_actividad,null,0,0,null,0.001,null,0
10467,"SKJODT-BARRET FOODS, INC.",2024→2025,2024,2025,61287,null,sin_actividad,null,0,0,null,0.01,null,0
462,"ROMEDUL, S.L.",2024→2025,2024,2025,1210054031,null,prod_ganado,null,3480,3480,null,2.4,null,1450
10278,INGREDION INCORPORATED,2024→2025,2024,2025,61289,null,sin_actividad,null,0,0,null,0.003,null,0
197,"J. GARCIA CARRION, S.A.",2024→2025,2024,2025,60252,null,prod_ganado,null,84541.12,84541.12,null,173.24,null,488
401,"SOLER GIMENO, S.L.",2024→2025,2024,2025,7610010201,null,prod_ganado,null,408,408,null,0.3,null,1360
314,"PASDULCE, S.L.",2024→2025,2024,2025,1210054031,null,prod_ganado,null,8018.4,8018.4,null,6,null,1336.4
198,"JOSE SANDOVAL, S.L.U.",2024→2025,2024,2025,1110073320,null,prod_ganado,null,1729,1729,null,1.3,null,1330
9520,"GOLOSINAS MININOLAS, S.L.U.",2024→2025,2024,2025,5201054011,null,sin_actividad,null,0,0,null,0.005,null,0
3375,"EUROCHOC, S.L.",2024→2025,2024,2025,7500004011,null,prod_ganado,null,15312,15312,null,23.2,null,660
485,"POSTRES LACTEOS ROMAR, S.L.",2024→2025,2024,2025,60000,null,prod_ganado,null,1488,1488,null,2.408,null,617.94
237,"DULCES SANTA CRUZ, S.L.",2024→2025,2024,2025,1110071320,null,prod_ganado,null,1612,1612,null,1.3,null,1240
10187,"SCHMIDLI, DOMINIQUE SEBASTIEN",2024→2025,2024,2025,62022,null,prod_ganado,null,3840,3840,null,4.8,null,800
10147,"HERVAR LACTEOS Y ADITIVOS, S.L.",2024→2025,2024,2025,3000750341,null,prod_ganado,null,7080,7080,null,6,null,1180
542,"SDAD.ESPAÑOLA COLOR. NATURALES Y AFINES, S.A.U.",2024→2025,2024,2025,7300016111,null,prod_ganado,null,398004,398004,null,632.4,null,629.35
10257,"B-ORGANIC, S.L.",2024→2025,2024,2025,5201054011,null,prod_ganado,null,1196.4,1196.4,null,1.2,null,997
5528,"FERNANDEZ LOPEZ, ANTONIO",2024→2025,2024,2025,62035,null,prod_ganado,null,7560,7560,null,10.8,null,700
9273,"AGROQUIMICA CODIAGRO, S.L.",2024→2025,2024,2025,5206050031,null,sin_actividad,null,0,0,null,0.001,null,0
10580,INGREDION UK LIMITED,2024→2025,2024,2025,61298,null,sin_actividad,null,0,0,null,0.002,null,0
1470,"CROP SALSA, S.A.",2024→2025,2024,2025,7230007131,null,sin_actividad,null,0,0,null,0.001,null,0
1253,"HORCHATA EL COSECHERO, S.L.",2024→2025,2024,2025,7500003011,null,prod_ganado,null,3034.5,3034.5,null,5.1,null,595
9157,"MAK FOOD COMPANY, S.L.",2024→2025,2024,2025,7600004011,null,sin_actividad,null,0,0,null,0.001,null,0
904,"DAMEL GROUP, S.L. ",2024→2025,2024,2025,7300005081,null,prod_ganado,null,332640,332640,null,528,null,630
8003,"OBLEAS QUINTIN, S.L.",2024→2025,2024,2025,7600010031,null,prod_ganado,null,14760,14760,null,18,null,820
10283,IANSAGRO S.A,2024→2025,2024,2025,61289,null,sin_actividad,null,0,0,null,0.001,null,0
9868,"NORDMANN, RASSMANN HANDELSGES.M.B.H",2024→2025,2024,2025,61200,null,sin_actividad,null,0,0,null,0.001,null,0
10256,VELAMAR IMPORTACION-EXPORTACION SL,2024→2025,2024,2025,65005,null,prod_ganado,null,33540,33540,null,39,null,860
10269,"ENERYETI COMPANY, S.L.",2024→2025,2024,2025,7300016111,null,prod_ganado,null,2484,2484,null,3.6,null,690
3715,"BSI BODEGAS SAN ISIDRO, S.COOP.",2024→2025,2024,2025,60000,null,sin_actividad,null,0,0,null,0.001,null,0
7897,"MANDIC OUTMILL MS4, S.L.",2024→2025,2024,2025,44304,null,prod_ganado,null,5836.95,5836.95,null,5.355,null,1090
2618,"CALABUIG BLASCO, MIGUEL ANGEL",2024→2025,2024,2025,44301,null,prod_ganado,null,2640,2640,null,4,null,660
1728,"CEREALTO INDUSTRIAL SPAIN, S.A.",2024→2025,2024,2025,62070,null,sin_actividad,null,0,0,null,0.002,null,0
9429,TARTAS ANCANO S.L.,2024→2025,2024,2025,1210054031,null,prod_ganado,null,26120.4,26120.4,null,20.4,null,1280.41
10433,IL MONDO DELLE API,2024→2025,2024,2025,44310,null,prod_ganado,null,30510,30510,null,33.9,null,900
6267,"JUMEL ALIMENTARIA, S.A.",2024→2025,2024,2025,7300016111,null,prod_ganado,null,13383.6,13383.6,null,22.8,null,587
10183,"ZUKAN INNOVATION, SLU",2024→2025,2024,2025,2332065321,null,sin_actividad,null,0,0,null,0.001,null,0
523,"CORALIM INGREDIENTS, S.L.",2024→2025,2024,2025,3010050341,null,prod_ganado,null,135,135,null,0.1,null,1350
595,"ROSCRIS BENIOPA, S.L",2024→2025,2024,2025,7500003011,null,prod_ganado,null,9000,9000,null,12,null,750
3155,"HORTAMED, S.L.",2024→2025,2024,2025,5101054011,null,prod_ganado,null,3204,3204,null,3.6,null,890
7950,LES RUCHERS DU TALUS,2024→2025,2024,2025,44315,null,prod_ganado,null,1134,1134,null,0.84,null,1350
2642,"BONDIA SALVO, S.L.",2024→2025,2024,2025,2210037021,null,sin_actividad,null,0,0,null,0.002,null,0
8836,"AGROCENTROS LEON, S.L.",2024→2025,2024,2025,99958,null,sin_actividad,null,0,0,null,0.05,null,0
2366,"TEGAN BIPAL, S.L.",2024→2025,2024,2025,3010050341,null,prod_ganado,null,1737.5,1737.5,null,1.25,null,1390
8795,"ADISTAFARMA, S.L.",2024→2025,2024,2025,1110071320,null,prod_ganado,null,10428.6,10428.6,null,7.8,null,1337
10192,"NEW GARDEN SYSTEM, S.L.",2024→2025,2024,2025,40261,null,sin_actividad,null,0,0,null,0.001,null,0
9535,"COMPAÑIA CERVECERA DAMM, S.L.",2024→2025,2024,2025,7500003011,null,prod_ganado,null,576,576,null,0.8,null,720
10259,"NUTRIS, WE CARE ABOUT YOU, S.L.",2024→2025,2024,2025,7300016111,null,prod_ganado,null,38808,38808,null,58.8,null,660
10516,"AGROMEDITERRANEA CABO DE GATA, S.L.",2024→2025,2024,2025,60253,null,prod_ganado,null,65166.68,65166.68,null,125.08,null,521
1253,"HORCHATA EL COSECHERO, S.L.",2024→2025,2024,2025,5101054011,null,sin_actividad,null,0,0,null,0.001,null,0
2283,"ROENCAR, S.L.U.",2024→2025,2024,2025,3010050341,null,prod_ganado,null,956.55,956.55,null,0.525,null,1822
9816,AGRO APICULTURA,2024→2025,2024,2025,44315,null,prod_ganado,null,1050,1050,null,0.84,null,1250
1528,"JUAN Y JUAN INDUSTRIAL, S.L.U.",2024→2025,2024,2025,7400010171,null,prod_ganado,null,88590,88590,null,145,null,610.97
2344,"MIEL MONCABRER, S.L.",2024→2025,2024,2025,61177,null,prod_ganado,null,17037.04,17037.04,null,24.62,null,692
6884,"ENVASADOS SEGOVIA, S.L.",2024→2025,2024,2025,7250007131,null,sin_actividad,null,0,0,null,0.001,null,0
9157,"MAK FOOD COMPANY, S.L.",2024→2025,2024,2025,61315,null,prod_ganado,null,91618.5,91618.5,null,88.95,null,1030
1513,"AGROBIO, S.L.",2024→2025,2024,2025,62001,null,prod_ganado,null,1140,1140,null,1.2,null,950
10268,MILCHWERKE MITTELELBE GMBH,2024→2025,2024,2025,61289,null,sin_actividad,null,0,0,null,0.001,null,0
902,"MEMBRILLO EL QUIJOTE, S.A.",2024→2025,2024,2025,7300039291,null,prod_ganado,null,621.5,621.5,null,1.1,null,565
10399,INGREDION GERMANY GMBH,2024→2025,2024,2025,2332065321,null,sin_actividad,null,0,0,null,0.001,null,0
2577,"IMPORTACO CASA PONS, S.A.U.",2024→2025,2024,2025,3010050341,null,sin_actividad,null,0,0,null,0.002,null,0
6866,"TAMAYO SANCHEZ, Mª LUISA",2024→2025,2024,2025,44304,null,prod_ganado,null,965.25,965.25,null,0.975,null,990
7787,"ONES MAY SABORES, S.L",2024→2025,2024,2025,7500003011,null,prod_ganado,null,5600,5600,null,8,null,700
1410,"RAMON SABATER, S.A.U.",2024→2025,2024,2025,5100050031,null,prod_ganado,null,6840,6840,null,7.2,null,950
10337,AMERO FOODS MFG CORP DBA PASTRYSTAR,2024→2025,2024,2025,61287,null,prod_ganado,null,3420,3420,null,1.2,null,2850
10436,"PRODUCCIONES BIOLOGICAS, S.L.U.",2024→2025,2024,2025,62092,null,prod_ganado,null,924,924,null,1.2,null,770
9956,"NORDMANN, RASSMANN GMBH",2024→2025,2024,2025,99950,null,sin_actividad,null,0,0,null,0.001,null,0
10491,MIGADI MONOPROSOPI IKE,2024→2025,2024,2025,44314,null,sin_actividad,null,0,0,null,0.075,null,0
3753,"OLIVA NAVARRO, MIRIAM",2024→2025,2024,2025,62022,null,prod_ganado,null,6750,6750,null,9,null,750
1000,CLIENTES VARIOS (CONTADO),2024→2025,2024,2025,40203,null,prod_ganado,null,50,50,null,0.05,null,1000
428,"PASTELERIA INDUSTRIAL MONTE TURIA, S.A.",2024→2025,2024,2025,7600002031,null,prod_ganado,null,9870.3,9870.3,null,9.9,null,997
7115,"RIVERBEND ESPAÑA, S.A",2024→2025,2024,2025,61304,null,sin_actividad,null,0,0,null,0.002,null,0
1661,"DELAVIUDA ALIMENTACION, S.A",2024→2025,2024,2025,1110068321,null,prod_ganado,null,4564.54,4564.54,null,4.82,null,947
2007,"PAREDES CEREZO, MIGUEL ANGEL",2024→2025,2024,2025,1110073320,null,prod_ganado,null,1287,1287,null,1.3,null,990
9472,"NUTRARESEARCH 2011, S.L.",2024→2025,2024,2025,3010050341,null,prod_ganado,null,173988.75,173988.75,null,134.875,null,1290
466,"DULCES LA PONDEROSA, S.L.",2024→2025,2024,2025,7300005081,null,prod_ganado,null,14553,14553,null,23.1,null,630
1087,"TORRELLA SANCHEZ, RAFAELA",2024→2025,2024,2025,44301,null,prod_ganado,null,3456,3456,null,4.8,null,720
6249,"ANIA BOTANICALS, S.L.",2024→2025,2024,2025,3010050341,null,prod_ganado,null,3647.5,3647.5,null,2.75,null,1326.36
10558,"AMATO TECH, S.L.",2024→2025,2024,2025,1110071320,null,sin_actividad,null,0,0,null,0.001,null,0
3306,"INBIOLEV, S.L.",2024→2025,2024,2025,3010050341,null,prod_ganado,null,435,435,null,0.3,null,1450
3306,"INBIOLEV, S.L.",2024→2025,2024,2025,7500004011,null,prod_ganado,null,592,592,null,0.8,null,740
465,"INVESTIGACION Y DESARROLLO PANADERO, S.L.",2024→2025,2024,2025,7500003011,null,prod_ganado,null,600,600,null,0.8,null,750
9157,"MAK FOOD COMPANY, S.L.",2024→2025,2024,2025,61312,null,prod_ganado,null,87875.37,87875.37,null,72.662,null,1209.37
9263,"LOPEZ 1920 PASTELERÍA, S.L.",2024→2025,2024,2025,7500003011,null,prod_ganado,null,93800,93800,null,140,null,670
10172,"ALGMASTIA, S.L.",2024→2025,2024,2025,60105,null,sin_actividad,null,0,0,null,0.001,null,0
499,"MELS CARLET, S.L.",2024→2025,2024,2025,5100050031,null,prod_ganado,null,34387.27,34387.27,null,50.288,null,683.81
769,"ANGEL CAMACHO ALIMENTACION, S.L.",2024→2025,2024,2025,7500003011,null,prod_ganado,null,28225.6,28225.6,null,47.2,null,598
10259,"NUTRIS, WE CARE ABOUT YOU, S.L.",2024→2025,2024,2025,1110071320,null,prod_ganado,null,65894.04,65894.04,null,71.78,null,918
7765,SURINVER EL GRUPO S.COOP,2024→2025,2024,2025,7300037021,null,prod_ganado,null,1152,1152,null,1.6,null,720
418,"MANUFACTURAS CEYLAN, S.L.",2024→2025,2024,2025,40207,null,prod_ganado,null,797.5,797.5,null,0.5,null,1595
9576,TRINOVA AG,2024→2025,2024,2025,5201050031,null,prod_ganado,null,1,1,null,0.001,null,1000
7189,"PASTISART IBERIA, S.L.U",2024→2025,2024,2025,61260,null,sin_actividad,null,0,0,null,0.005,null,0
10259,"NUTRIS, WE CARE ABOUT YOU, S.L.",2024→2025,2024,2025,7500003011,null,prod_ganado,null,32880,32880,null,48,null,685
10250,"ANTICH SPANISH FOOD, S.L.",2024→2025,2024,2025,3000750341,null,prod_ganado,null,1460,1460,null,0.95,null,1536.84
2057,"BACK EUROP ESPAÑA, S.L",2024→2025,2024,2025,62400,null,prod_ganado,null,950.4,950.4,null,0.96,null,990
7897,"MANDIC OUTMILL MS4, S.L.",2024→2025,2024,2025,7500003011,null,prod_ganado,null,827.75,827.75,null,1.075,null,770
3479,"LA TAHONA DE UTIEL, S.L.",2024→2025,2024,2025,5101054011,null,sin_actividad,null,0,0,null,0.001,null,0
405,"CHOVI, S.L.",2024→2025,2024,2025,7300007131,null,prod_ganado,null,9425,9425,null,15,null,628.33
10397,"SIMON THE BEEKEEPER, LTD",2024→2025,2024,2025,44315,null,prod_ganado,null,23100,23100,null,18.48,null,1250
10306,"IBERIA INGREDIENTS, S.L.",2024→2025,2024,2025,60200,null,sin_actividad,null,0,0,null,0.004,null,0
566,"ALMACENES MIGUEZ 2005,S.L.",2024→2025,2024,2025,44340,null,prod_ganado,null,2305,2305,null,2.305,null,1000
2057,"BACK EUROP ESPAÑA, S.L",2024→2025,2024,2025,3000050341,null,prod_ganado,null,1612.5,1612.5,null,1.25,null,1290
1661,"DELAVIUDA ALIMENTACION, S.A",2024→2025,2024,2025,5205050031,null,prod_ganado,null,7206.29,7206.29,null,11.138,null,647
465,"INVESTIGACION Y DESARROLLO PANADERO, S.L.",2024→2025,2024,2025,65015,null,prod_ganado,null,1452.75,1452.75,null,0.975,null,1490
378,"FRIDUL, S.A.",2024→2025,2024,2025,62400,null,prod_ganado,null,22890.42,22890.42,null,23.115,null,990.28
405,"CHOVI, S.L.",2024→2025,2024,2025,7400010171,null,prod_ganado,null,73622,73622,null,122,null,603.46
9194,"HELADOS JOP, S.L.",2024→2025,2024,2025,3000050341,null,prod_ganado,null,2981.25,2981.25,null,1.875,null,1590
10397,"SIMON THE BEEKEEPER, LTD",2024→2025,2024,2025,62001,null,prod_ganado,null,672,672,null,0.84,null,800
9437,"EL CORTÍN DEL ABEYÓN, S.L.",2024→2025,2024,2025,62020,null,prod_ganado,null,11544,11544,null,15.6,null,740
1774,"BODEGAS VINIVAL, S.L.",2024→2025,2024,2025,60105,null,prod_ganado,null,54920.2,54920.2,null,98.601,null,556.99
8836,"AGROCENTROS LEON, S.L.",2024→2025,2024,2025,62032,null,sin_actividad,null,0,0,null,0.035,null,0
6162,BE ORGANIC KUWAIT FOR HEALTHY FOOD AND PLANTS COMPANY,2024→2025,2024,2025,44337,null,prod_ganado,null,2520,2520,null,2.1,null,1200
4505,"FIESTA COLOMBINA, S.L.U.",2024→2025,2024,2025,65031,null,sin_actividad,null,0,0,null,0.001,null,0
734,"HORCHATAS MERCADER,S.L.",2024→2025,2024,2025,4000050331,null,prod_ganado,null,1275,1275,null,1.25,null,1020
516,"PAIARROP, S.L.",2024→2025,2024,2025,40207,null,prod_ganado,null,1794,1794,null,1.15,null,1560
10277,AUSTRALIAN HONEYBEE PTY LTD,2024→2025,2024,2025,44315,null,prod_ganado,null,51689.4,51689.4,null,37.8,null,1367.44
9840,"FIESTA INGREDIENTS, S.L.U.",2024→2025,2024,2025,7500003011,null,prod_ganado,null,41.5,41.5,null,0.05,null,830
10278,INGREDION INCORPORATED,2024→2025,2024,2025,61298,null,sin_actividad,null,0,0,null,0.003,null,0
10190,"FOOD REBELS, S.L.",2024→2025,2024,2025,7600004011,null,prod_ganado,null,22525.76,22525.76,null,28.988,null,777.07
8621,"JUAN FERRI, JUAN JOSE",2024→2025,2024,2025,7400003011,null,prod_ganado,null,2376,2376,null,2.4,null,990
10262,"SIDORENKO INGREDIENTS, LTD.",2024→2025,2024,2025,61229,null,sin_actividad,null,0,0,null,0.006,null,0
4369,"LA TIENDA DEL APICULTOR, S.L.U.",2024→2025,2024,2025,5101054011,null,prod_ganado,null,1958.4,1958.4,null,2.4,null,816
1978,"ORUJOS PANIZO, S.L.",2024→2025,2024,2025,60010,null,sin_actividad,null,0,0,null,0.001,null,0
737,"COMERCIAL IBENSE, S.L.",2024→2025,2024,2025,4000050331,null,prod_ganado,null,4975,4975,null,5,null,995
10259,"NUTRIS, WE CARE ABOUT YOU, S.L.",2024→2025,2024,2025,1210054031,null,prod_ganado,null,66699.6,66699.6,null,37.2,null,1793
2473,"TORRE ORIA, S.L.U.",2024→2025,2024,2025,60000,null,sin_actividad,null,0,0,null,0.001,null,0
10259,"NUTRIS, WE CARE ABOUT YOU, S.L.",2024→2025,2024,2025,1110049321,null,prod_ganado,null,334133.64,334133.64,null,363.98,null,918
10494,GARTNERBUTIKKEN APS,2024→2025,2024,2025,44313,null,prod_ganado,null,1551,1551,null,1.41,null,1100
2577,"IMPORTACO CASA PONS, S.A.U.",2024→2025,2024,2025,7110009141,null,prod_ganado,null,184.5,184.5,null,0.151,null,1221.85
10576,"COMPAÑIA ARTESANA DE VINOS Y DESTILADOS DEL MEDITERRANEO, S.L.",2024→2025,2024,2025,60136,null,sin_actividad,null,0,0,null,0.002,null,0
6864,"TAMAYO SANCHEZ, JOAQUIN",2024→2025,2024,2025,44301,null,prod_ganado,null,5280,5280,null,8,null,660
2402,"DESTILERIAS RICARDO ROSAS, S.L.",2024→2025,2024,2025,60010,null,sin_actividad,null,0,0,null,0.001,null,0
2873,"FRUTOS SECOS AURO, S.L.",2024→2025,2024,2025,99950,null,prod_ganado,null,3396.6,3396.6,null,3.77,null,900.95
9157,"MAK FOOD COMPANY, S.L.",2024→2025,2024,2025,61320,null,prod_ganado,null,98424.56,98424.56,null,76.18,null,1292
4505,"FIESTA COLOMBINA, S.L.U.",2024→2025,2024,2025,7400010171,null,prod_ganado,null,30480,30480,null,48,null,635
7726,"ANKER FOOD, S.L.",2024→2025,2024,2025,7500004011,null,prod_ganado,null,14515.2,14515.2,null,22.4,null,648
551,"ICE CREAM FACTORY COMAKER, S.A.",2024→2025,2024,2025,61298,null,sin_actividad,null,0,0,null,0.07,null,0
1247,"TURRONES Y ESPECIALIDADES VIAR, S.A.",2024→2025,2024,2025,1210002031,null,prod_ganado,null,1620,1620,null,1.2,null,1350
10172,"ALGMASTIA, S.L.",2024→2025,2024,2025,5205750031,null,sin_actividad,null,0,0,null,0.001,null,0
904,"DAMEL GROUP, S.L. ",2024→2025,2024,2025,61298,null,sin_actividad,null,0,0,null,0.001,null,0
3715,"BSI BODEGAS SAN ISIDRO, S.COOP.",2024→2025,2024,2025,60105,null,sin_actividad,null,0,0,null,0.001,null,0
10346,BODEGAS MURVIEDRO S.A.,2024→2025,2024,2025,60010,null,prod_ganado,null,30290.98,30290.98,null,47.742,null,634.47
902,"MEMBRILLO EL QUIJOTE, S.A.",2024→2025,2024,2025,3010050341,null,prod_ganado,null,15500,15500,null,12.5,null,1240
9453,"COMERCIAL ALPAMATIAN, S.L.",2024→2025,2024,2025,5101050031,null,prod_ganado,null,1180.8,1180.8,null,1.2,null,984
1410,"RAMON SABATER, S.A.U.",2024→2025,2024,2025,5100750031,null,prod_ganado,null,4454.1,4454.1,null,4.545,null,980
10306,"IBERIA INGREDIENTS, S.L.",2024→2025,2024,2025,61284,null,sin_actividad,null,0,0,null,0.002,null,0
4203,SARL API-CULTURE,2024→2025,2024,2025,44351,null,prod_ganado,null,23244,23244,null,22.35,null,1040
3372,"GUFRESCO, S.L.",2024→2025,2024,2025,3000050341,null,prod_ganado,null,892.5,892.5,null,0.5,null,1785
10226,AFRICAN BEEKEEPERS LIMITED,2024→2025,2024,2025,44315,null,sin_actividad,null,0,0,null,0.21,null,0
10433,IL MONDO DELLE API,2024→2025,2024,2025,44313,null,prod_ganado,null,8820,8820,null,8.4,null,1050
10276,"OLYRA GREEK NUTRITION PRODUCTS SINGLE MEMBER, S.A.",2024→2025,2024,2025,61287,null,prod_ganado,null,162526.95,162526.95,null,57.027,null,2850
8175,"MENUDOS DUENDES, S.L.",2024→2025,2024,2025,5205050031,null,sin_actividad,null,0,0,null,0.02,null,0
4634,"MASQPAN EXCLUSIVAS, S.L.",2024→2025,2024,2025,7500003011,null,prod_ganado,null,3648,3648,null,5.6,null,651.43
10259,"NUTRIS, WE CARE ABOUT YOU, S.L.",2024→2025,2024,2025,7400003011,null,prod_ganado,null,8220,8220,null,12,null,685
5454,"ALIMENTACION Y NUTRICION FAMILIAR, S.L.",2024→2025,2024,2025,7500003011,null,prod_ganado,null,11401.6,11401.6,null,17.6,null,647.82
4505,"FIESTA COLOMBINA, S.L.U.",2024→2025,2024,2025,7600002031,null,prod_ganado,null,2247.3,2247.3,null,2.475,null,908
1787,"DULCES DEL TURIA, S.L.",2024→2025,2024,2025,7400003011,null,prod_ganado,null,10944,10944,null,15.2,null,720
3075,"OLIVA ANDRES, FILIBERTO",2024→2025,2024,2025,44310,null,prod_ganado,null,3864,3864,null,4.2,null,920
10222,"CHRISTIAN GRAZE, FABRIK FUR BIENENZUCHTGERATE UN MOBEL, OHG",2024→2025,2024,2025,44313,null,prod_ganado,null,1155,1155,null,1.05,null,1100
481,"EL CATETO, S.L.",2024→2025,2024,2025,1110073320,null,prod_ganado,null,975,975,null,1.3,null,750
10338,KADERES PEASANT DEVELOPMENT PLC,2024→2025,2024,2025,44313,null,prod_ganado,null,300,300,null,0.3,null,1000
10356,"COMA GLOBAL PLUS, S.L.",2024→2025,2024,2025,7300039291,null,prod_ganado,null,280008,280008,null,3733.44,null,75
1072,"GALVAN FERNANDEZ HERMANOS, S.L.",2024→2025,2024,2025,7500004011,null,prod_ganado,null,73080,73080,null,120,null,609
1072,"GALVAN FERNANDEZ HERMANOS, S.L.",2024→2025,2024,2025,7300019071,null,prod_ganado,null,15173.4,15173.4,null,24.2,null,627
10580,INGREDION UK LIMITED,2024→2025,2024,2025,61303,null,sin_actividad,null,0,0,null,0.002,null,0
215,"MARTIN BRAUN, S.A.",2024→2025,2024,2025,7600004011,null,prod_ganado,null,746.25,746.25,null,0.751,null,993.68
10163,EROSKI SOCIEDAD COOPERATIVA,2024→2025,2024,2025,45006,null,sin_actividad,null,0,0,null,0.01,null,0
528,"MANUFACTURAS COVISAL, S.L.",2024→2025,2024,2025,7300037021,null,prod_ganado,null,576,576,null,0.8,null,720
2916,"SUC. DE MUÑOZ Y PUJANTE, S.L.",2024→2025,2024,2025,7500003011,null,prod_ganado,null,99,99,null,0.1,null,990
846,"PRODUCTOS ORGANICOS NAT.,S.L.",2024→2025,2024,2025,7500003011,null,prod_ganado,null,300,300,null,0.25,null,1200
271,"LABORATORIOS ALMOND, S.L.",2024→2025,2024,2025,2331065321,null,prod_ganado,null,144.5,144.5,null,0.051,null,2833.33
10399,INGREDION GERMANY GMBH,2024→2025,2024,2025,61303,null,sin_actividad,null,0,0,null,0.001,null,0
10393,APIS BEE SUPPLIES LTD,2024→2025,2024,2025,44313,null,prod_ganado,null,2310,2310,null,2.1,null,1100
9867,"ALETTA DEVELOPMENTS, S.L.",2024→2025,2024,2025,61280,null,prod_ganado,null,364053.48,364053.48,null,379.5,null,959.3
769,"ANGEL CAMACHO ALIMENTACION, S.L.",2024→2025,2024,2025,99950,null,sin_actividad,null,0,0,null,0.083,null,0
492,"ENRIQUE GARRIGOS MONERRIS, S.A.",2024→2025,2024,2025,7810033151,null,prod_ganado,null,462.5,462.5,null,0.25,null,1850
1241,"ACEITES DEL SUR-COOSUR, S.A.",2024→2025,2024,2025,1110049321,null,sin_actividad,null,0,0,null,0.001,null,0
7115,"RIVERBEND ESPAÑA, S.A",2024→2025,2024,2025,61306,null,sin_actividad,null,0,0,null,0.002,null,0
10491,MIGADI MONOPROSOPI IKE,2024→2025,2024,2025,44313,null,prod_ganado,null,1155,1155,null,1.05,null,1100
8836,"AGROCENTROS LEON, S.L.",2024→2025,2024,2025,44355,null,sin_actividad,null,0,0,null,0.06,null,0
9091,"STOLLER EUROPE, S.L.U.",2024→2025,2024,2025,7300005081,null,prod_ganado,null,15754.2,15754.2,null,23.1,null,682
8003,"OBLEAS QUINTIN, S.L.",2024→2025,2024,2025,1110073320,null,prod_ganado,null,6162,6162,null,7.8,null,790
775,"NATRA CACAO,S.L.",2024→2025,2024,2025,61229,null,sin_actividad,null,0,0,null,0.001,null,0
9155,"CRESTAS LA GALETA, S.A.",2024→2025,2024,2025,3010050341,null,prod_ganado,null,1562.5,1562.5,null,1.25,null,1250
615,"PRODUCTOS DE VITICULTURA, S.A.",2024→2025,2024,2025,60136,null,sin_actividad,null,0,0,null,0.001,null,0
2832,DULCES LA ABUELA COOP VNA,2024→2025,2024,2025,7300016111,null,prod_ganado,null,68970,68970,null,114,null,605
445,"PASTELERIA ARROYO SANCHEZ, S.L.U.",2024→2025,2024,2025,7300016111,null,prod_ganado,null,89617.2,89617.2,null,150,null,597.45
1396,"BARCELONESA DE DROG. Y PRODUCT. QUIMICOS, S.A.",2024→2025,2024,2025,2331065321,null,sin_actividad,null,0,0,null,0.001,null,0
5528,"FERNANDEZ LOPEZ, ANTONIO",2024→2025,2024,2025,44310,null,prod_ganado,null,23743.86,23743.86,null,27.45,null,864.99
431,"DICARCONO, S.L.",2024→2025,2024,2025,7300016111,null,prod_ganado,null,57517.2,57517.2,null,98.32,null,585
10530,KINGS CROWN TRADING COMPANY,2024→2025,2024,2025,99957,null,sin_actividad,null,0,0,null,0.01,null,0
198,"JOSE SANDOVAL, S.L.U.",2024→2025,2024,2025,7500003011,null,prod_ganado,null,3096,3096,null,4.8,null,645
6249,"ANIA BOTANICALS, S.L.",2024→2025,2024,2025,3000050341,null,prod_ganado,null,1675,1675,null,1.25,null,1340
7562,"IN SIDE LOGISTICS, S.L.",2024→2025,2024,2025,7300016111,null,prod_ganado,null,2275.63,2275.63,null,3.6,null,632.12
9067,"SCHREIBER FOODS ESPAÑA, S.L.",2024→2025,2024,2025,7300015111,null,prod_ganado,null,15174.9,15174.9,null,25.94,null,585
10046,"SEÑORIO DEL JUCAR, S.L.",2024→2025,2024,2025,60000,null,prod_ganado,null,12480.38,12480.38,null,24.14,null,517
9157,"MAK FOOD COMPANY, S.L.",2024→2025,2024,2025,61260,null,sin_actividad,null,0,0,null,0.001,null,0
10264,G. G. CONSTANTINOU LTD,2024→2025,2024,2025,44315,null,prod_ganado,null,567,567,null,0.42,null,1350
6467,"CATALINA FOOD SOLUTIONS, S.L.",2024→2025,2024,2025,4000050331,null,prod_ganado,null,18359.63,18359.63,null,21.225,null,865
9867,"ALETTA DEVELOPMENTS, S.L.",2024→2025,2024,2025,61311,null,prod_ganado,null,804165.88,804165.88,null,809.02,null,994
10533,"MARIE BRIZARD WINE & SPIRITS ESPAÑA, S.A.",2024→2025,2024,2025,60019,null,sin_actividad,null,0,0,null,0.001,null,0
478,"MORENO RUIZ HERMANOS, S.L.",2024→2025,2024,2025,3010050341,null,prod_ganado,null,76521.9,76521.9,null,59.701,null,1281.75
847,"SORIA NATURAL, S.A.",2024→2025,2024,2025,3010050341,null,prod_ganado,null,1737.5,1737.5,null,1.25,null,1390
9956,"NORDMANN, RASSMANN GMBH",2024→2025,2024,2025,61303,null,sin_actividad,null,0,0,null,0.001,null,0
902,"MEMBRILLO EL QUIJOTE, S.A.",2024→2025,2024,2025,3000050341,null,prod_ganado,null,9300,9300,null,7.5,null,1240
7115,"RIVERBEND ESPAÑA, S.A",2024→2025,2024,2025,61278,null,sin_actividad,null,0,0,null,0.002,null,0
1000,CLIENTES VARIOS (CONTADO),2024→2025,2024,2025,44315,null,sin_actividad,null,0,0,null,0.07,null,0
321,"PRODUCTOS PEPITO, S.L.U.",2024→2025,2024,2025,7600002031,null,prod_ganado,null,701.25,701.25,null,0.825,null,850
7897,"MANDIC OUTMILL MS4, S.L.",2024→2025,2024,2025,3010050341,null,prod_ganado,null,625,625,null,0.5,null,1250
9274,SUSTAINABLE APIARIES,2024→2025,2024,2025,99958,null,sin_actividad,null,0,0,null,0.225,null,0
454,"SCKUESTRANCE, S.L.",2024→2025,2024,2025,5201054011,null,prod_ganado,null,954,954,null,1.2,null,795
9828,"GOODBEER, S.L.",2024→2025,2024,2025,7300037021,null,prod_ganado,null,3000,3000,null,4,null,750
317,"ESTUCHADOS FANNY, S.L.",2024→2025,2024,2025,7400010031,null,prod_ganado,null,7416,7416,null,12,null,618
10397,"SIMON THE BEEKEEPER, LTD",2024→2025,2024,2025,62035,null,prod_ganado,null,15000,15000,null,25,null,600
9956,"NORDMANN, RASSMANN GMBH",2024→2025,2024,2025,61298,null,sin_actividad,null,0,0,null,0.003,null,0
9067,"SCHREIBER FOODS ESPAÑA, S.L.",2024→2025,2024,2025,2332065321,null,prod_ganado,null,55931.25,55931.25,null,19.625,null,2850
6048,"BLENDAMA, S.L.",2024→2025,2024,2025,7300037021,null,prod_ganado,null,1235.2,1235.2,null,1.6,null,772
2074,"ALFREDO IÑESTA, S.L",2024→2025,2024,2025,5101054011,null,prod_ganado,null,8544,8544,null,9.6,null,890
10381,PRINOVA EUROPE LTD,2024→2025,2024,2025,60302,null,sin_actividad,null,0,0,null,0,null,null
455,"EMILIO PEÑA, S.A.",2024→2025,2024,2025,7110009141,null,prod_ganado,null,29.25,29.25,null,0.025,null,1170
2767,"DULCEPLUS GOLOSINAS, S.A.",2024→2025,2024,2025,1110049321,null,sin_actividad,null,0,0,null,0.005,null,0
10183,"ZUKAN INNOVATION, SLU",2024→2025,2024,2025,61289,null,sin_actividad,null,0,0,null,0.005,null,0
2767,"DULCEPLUS GOLOSINAS, S.A.",2024→2025,2024,2025,61289,null,sin_actividad,null,0,0,null,0.001,null,0
933,"DULCESTEPA, S.A.",2024→2025,2024,2025,5101050031,null,prod_ganado,null,14172.9,14172.9,null,23.82,null,595
10142,NORDMANN NORDIC AB,2024→2025,2024,2025,61200,null,sin_actividad,null,0,0,null,0.001,null,0
6151,"FRULACT, S.A.",2024→2025,2024,2025,61287,null,sin_actividad,null,0,0,null,0.001,null,0
7612,DPTO. COMERCIAL,2024→2025,2024,2025,44314,null,sin_actividad,null,0,0,null,0.015,null,0
9576,TRINOVA AG,2024→2025,2024,2025,61303,null,sin_actividad,null,0,0,null,0.005,null,0
9168,"BIO ALIMENTOS DE MURCIA, S.L.",2024→2025,2024,2025,7300005081,null,prod_ganado,null,712.8,712.8,null,1.1,null,648
9410,"NORDMANN, RASSMANN POLSKA SP. Z O.O.",2024→2025,2024,2025,61298,null,sin_actividad,null,0,0,null,0.006,null,0
10179,REACTA GROUP S.R.L.,2024→2025,2024,2025,61298,null,sin_actividad,null,0,0,null,0.025,null,0
595,"ROSCRIS BENIOPA, S.L",2024→2025,2024,2025,7300037021,null,prod_ganado,null,3600,3600,null,4.8,null,750
10190,"FOOD REBELS, S.L.",2024→2025,2024,2025,65015,null,prod_ganado,null,10.8,10.8,null,0.017,null,635.29
542,"SDAD.ESPAÑOLA COLOR. NATURALES Y AFINES, S.A.U.",2024→2025,2024,2025,40208,null,prod_ganado,null,5280,5280,null,4,null,1320
3478,"APICOLA LA PARRA, S.L.U.",2024→2025,2024,2025,44355,null,sin_actividad,null,0,0,null,0.045,null,0
609,"ALBORCHATA,S.L.",2024→2025,2024,2025,7300016111,null,prod_ganado,null,10890,10890,null,18,null,605
10197,"LEHMANN FOOD INGREDIENTS, LTD",2024→2025,2024,2025,61200,null,sin_actividad,null,0,0,null,0.001,null,0
9539,"ARTIPA FLECA, S.L",2024→2025,2024,2025,2340072321,null,prod_ganado,null,4350,4350,null,0.75,null,5800
3478,"APICOLA LA PARRA, S.L.U.",2024→2025,2024,2025,99958,null,sin_actividad,null,0,0,null,0.1,null,0
1253,"HORCHATA EL COSECHERO, S.L.",2024→2025,2024,2025,60105,null,sin_actividad,null,0,0,null,0.001,null,0
10500,APIS INTERNATIONAL B.V.,2024→2025,2024,2025,44310,null,prod_ganado,null,27.9,27.9,null,0.03,null,930
4566,"CONFETICAKES, S.L.",2024→2025,2024,2025,7400010031,null,prod_ganado,null,13455,13455,null,23,null,585
10285,"CAMPO REAL VITIVINICOLA, S.L.",2024→2025,2024,2025,61248,null,prod_ganado,null,4641433.09,4641433.09,null,4291.87,null,1081.45
200,MARIN GIMENEZ HNOS. S.A.,2024→2025,2024,2025,61272,null,prod_ganado,null,293989.28,293989.28,null,297.561,null,988
3140,"CELEPLAME, S.L.",2024→2025,2024,2025,7110009141,null,prod_ganado,null,545,545,null,0.5,null,1090
10433,IL MONDO DELLE API,2024→2025,2024,2025,62001,null,prod_ganado,null,1920,1920,null,2.4,null,800
4623,"FRATER ALIMENTOS, S.L.",2024→2025,2024,2025,7500003011,null,prod_ganado,null,12800,12800,null,20,null,640
290,"IGH FLAVOURS TECHNOLOGY, S.A.U.",2024→2025,2024,2025,60105,null,sin_actividad,null,0,0,null,0.005,null,0
9157,"MAK FOOD COMPANY, S.L.",2024→2025,2024,2025,61220,null,sin_actividad,null,0,0,null,0.002,null,0
4566,"CONFETICAKES, S.L.",2024→2025,2024,2025,99950,null,sin_actividad,null,0,0,null,0.1,null,0
10278,INGREDION INCORPORATED,2024→2025,2024,2025,61260,null,sin_actividad,null,0,0,null,0.001,null,0
7980,"AQUAPOOL CHEMICAL, S.L.",2024→2025,2024,2025,44015,null,sin_actividad,null,0,0,null,0.002,null,0
10306,"IBERIA INGREDIENTS, S.L.",2024→2025,2024,2025,99950,null,sin_actividad,null,0,0,null,0.002,null,0
428,"PASTELERIA INDUSTRIAL MONTE TURIA, S.A.",2024→2025,2024,2025,7600010031,null,prod_ganado,null,8973,8973,null,9,null,997
3673,"LATORRE GARCIA, RAUL",2024→2025,2024,2025,7500003011,null,prod_ganado,null,270,270,null,0.375,null,720
2337,"METAROM IBERICA, S.A.U.",2024→2025,2024,2025,5100002011,null,prod_ganado,null,1260,1260,null,1.2,null,1050
9535,"COMPAÑIA CERVECERA DAMM, S.L.",2024→2025,2024,2025,7300016111,null,prod_ganado,null,75775.44,75775.44,null,127.14,null,596
2801,"JOSE MARIA BOU, S.L.",2024→2025,2024,2025,7860064151,null,prod_ganado,null,112.13,112.13,null,0.075,null,1495.07
458,"CASTY, S.A.",2024→2025,2024,2025,7500003011,null,prod_ganado,null,31010.4,31010.4,null,47.2,null,657
716,"PENALVA ALIMENTACION, S.A.",2024→2025,2024,2025,7810033151,null,prod_ganado,null,1370,1370,null,1,null,1370
1000,CLIENTES VARIOS (CONTADO),2024→2025,2024,2025,44313,null,sin_actividad,null,0,0,null,0.075,null,0
4002,"ABB MJ FERNANDEZ ARANDA, S.L.",2024→2025,2024,2025,7230007131,null,prod_ganado,null,1197,1197,null,1,null,1197
4566,"CONFETICAKES, S.L.",2024→2025,2024,2025,62403,null,prod_ganado,null,66,66,null,0.06,null,1100
433,"SANCHIS MIRA, S.A.",2024→2025,2024,2025,7300005081,null,prod_ganado,null,217665,217665,null,345.5,null,630
827,"TOMAS JIMENEZ, IGNACIO GERMAN",2024→2025,2024,2025,7400002031,null,prod_ganado,null,197.6,197.6,null,0.26,null,760
8251,APILINE DI FASSARI DOMINIQUE,2024→2025,2024,2025,62028,null,prod_ganado,null,2880,2880,null,3.6,null,800
6270,"PANADERIA NTRA.SRA.DE LA CABEZA, S.L.",2024→2025,2024,2025,65005,null,prod_ganado,null,2710.5,2710.5,null,1.95,null,1390
9157,"MAK FOOD COMPANY, S.L.",2024→2025,2024,2025,61300,null,sin_actividad,null,0,0,null,0.002,null,0
1252,"APIGALOES, S.C.",2024→2025,2024,2025,62001,null,prod_ganado,null,3206,3206,null,3.82,null,839.27
418,"MANUFACTURAS CEYLAN, S.L.",2024→2025,2024,2025,65005,null,prod_ganado,null,72960.45,72960.45,null,92.355,null,790
458,"CASTY, S.A.",2024→2025,2024,2025,7500004011,null,prod_ganado,null,139284,139284,null,212,null,657
5314,"PROFESSIONAL DAIRY PRODUCTS, S.L.",2024→2025,2024,2025,1210054031,null,prod_ganado,null,10368,10368,null,9.6,null,1080
211,"MARTINEZ NIETO, S.A.",2024→2025,2024,2025,5200054011,null,prod_ganado,null,819.6,819.6,null,1.2,null,683
7897,"MANDIC OUTMILL MS4, S.L.",2024→2025,2024,2025,60208,null,sin_actividad,null,0,0,null,0.06,null,0
555,"FORTADUL, S.L.",2024→2025,2024,2025,7300019071,null,prod_ganado,null,15246,15246,null,24.2,null,630
9157,"MAK FOOD COMPANY, S.L.",2024→2025,2024,2025,64108,null,prod_ganado,null,352358.2,352358.2,null,316.3,null,1114
5110,"QUISABA, S.L.",2024→2025,2024,2025,1210054031,null,prod_ganado,null,3000,3000,null,2.4,null,1250
5179,"CUSTOM DRINKS, S.L.U.",2024→2025,2024,2025,7800059261,null,prod_ganado,null,28560,28560,null,24.001,null,1189.95
10298,CENTRAL GENERAL DE COMPRAS AGROPECUARIAS SLU,2024→2025,2024,2025,3010050341,null,sin_actividad,null,0,0,null,0.001,null,0
10139,PERMIX EU,2024→2025,2024,2025,60222,null,sin_actividad,null,0,0,null,0.02,null,0
10262,"SIDORENKO INGREDIENTS, LTD.",2024→2025,2024,2025,61303,null,sin_actividad,null,0,0,null,0.001,null,0
10306,"IBERIA INGREDIENTS, S.L.",2024→2025,2024,2025,61319,null,prod_ganado,null,3727.36,3727.36,null,4.16,null,896
7936,"FABRICA JAEN, S.L.U.",2024→2025,2024,2025,61289,null,sin_actividad,null,0,0,null,0.001,null,0
10264,G. G. CONSTANTINOU LTD,2024→2025,2024,2025,44313,null,prod_ganado,null,495,495,null,0.45,null,1100
582,"HIJOS DE SALVADOR COSTA, S.L.",2024→2025,2024,2025,7400003011,null,prod_ganado,null,2981.25,2981.25,null,3.975,null,750
10455,"ECOLIFE FOOD, S.L.",2024→2025,2024,2025,61289,null,sin_actividad,null,0,0,null,0.001,null,0
8258,"BRIOIXPAN, S.L.",2024→2025,2024,2025,7230007131,null,prod_ganado,null,75000,75000,null,82,null,914.63
271,"LABORATORIOS ALMOND, S.L.",2024→2025,2024,2025,61298,null,sin_actividad,null,0,0,null,0.001,null,0
9283,NUTRITIVE SOLUTIONS LLC,2024→2025,2024,2025,61298,null,sin_actividad,null,0,0,null,0.001,null,0
4002,"ABB MJ FERNANDEZ ARANDA, S.L.",2024→2025,2024,2025,7110009141,null,prod_ganado,null,3591,3591,null,3,null,1197
3111,"GOMEZ MARTIN, HUGO",2024→2025,2024,2025,62020,null,prod_ganado,null,5256,5256,null,7.2,null,730
10338,KADERES PEASANT DEVELOPMENT PLC,2024→2025,2024,2025,62001,null,prod_ganado,null,224,224,null,0.28,null,800
10457,APICOMP SRLS,2024→2025,2024,2025,44313,null,prod_ganado,null,11025,11025,null,10.5,null,1050
10147,"HERVAR LACTEOS Y ADITIVOS, S.L.",2024→2025,2024,2025,4000050331,null,prod_ganado,null,63640,63640,null,74,null,860
1117,COMERCIAL RUIZ ARRIBAS S. XXI. S.L.,2024→2025,2024,2025,7500004011,null,prod_ganado,null,528,528,null,0.8,null,660
10283,IANSAGRO S.A,2024→2025,2024,2025,99950,null,sin_actividad,null,0,0,null,0.002,null,0
462,"ROMEDUL, S.L.",2024→2025,2024,2025,1210049321,null,prod_ganado,null,1885,1885,null,1.3,null,1450
6094,"ECOVINAL, S.L.U.",2024→2025,2024,2025,60252,null,sin_actividad,null,0,0,null,0.001,null,0
6094,"ECOVINAL, S.L.U.",2024→2025,2024,2025,60003,null,sin_actividad,null,0,0,null,0.001,null,0
200,MARIN GIMENEZ HNOS. S.A.,2024→2025,2024,2025,60208,null,sin_actividad,null,0,0,null,0.001,null,0
577,"FARTONS POLO, S.L.",2024→2025,2024,2025,7500004011,null,prod_ganado,null,14520,14520,null,24,null,605
321,"PRODUCTOS PEPITO, S.L.U.",2024→2025,2024,2025,60105,null,prod_ganado,null,2520,2520,null,2.4,null,1050
3863,"LA TRADICION M&T, S.L.",2024→2025,2024,2025,3010050341,null,prod_ganado,null,6250,6250,null,5,null,1250
1305,"A. CENTAZZI, LDA",2024→2025,2024,2025,7230007131,null,prod_ganado,null,22584.45,22584.45,null,23.976,null,941.96
10187,"SCHMIDLI, DOMINIQUE SEBASTIEN",2024→2025,2024,2025,62001,null,prod_ganado,null,1920,1920,null,2.4,null,800
5373,"VERTICE DE INNOVACION Y DESAR.DE ALIMENTOS, S.A.U.",2024→2025,2024,2025,2332065321,null,sin_actividad,null,0,0,null,0,null,null
223,"PRODUCTOS CUATRO JOTAS, S.L.",2024→2025,2024,2025,1210054031,null,prod_ganado,null,1315.2,1315.2,null,1.2,null,1096
10170,"CLINICAL NUTRITION, S.A.U.",2024→2025,2024,2025,61289,null,sin_actividad,null,0,0,null,0.002,null,0
7171,"QUIRANTE FRUITS, S.L.",2024→2025,2024,2025,99950,null,prod_ganado,null,17893.44,17893.44,null,20.52,null,872
7228,"RETHINK FOODS COMPANY, S.L.",2024→2025,2024,2025,60105,null,prod_ganado,null,1047.6,1047.6,null,1.2,null,873
346,"PANARRO FOODS, S.L.",2024→2025,2024,2025,7300005081,null,prod_ganado,null,6635.75,6635.75,null,10.45,null,635
9520,"GOLOSINAS MININOLAS, S.L.U.",2024→2025,2024,2025,5200054011,null,sin_actividad,null,0,0,null,0.005,null,0
4505,"FIESTA COLOMBINA, S.L.U.",2024→2025,2024,2025,7110009141,null,prod_ganado,null,11960,11960,null,13,null,920
317,"ESTUCHADOS FANNY, S.L.",2024→2025,2024,2025,7500003011,null,prod_ganado,null,7416,7416,null,12,null,618
6865,"TAMAYO SANCHEZ, JESUS",2024→2025,2024,2025,44301,null,prod_ganado,null,5280,5280,null,8,null,660
9157,"MAK FOOD COMPANY, S.L.",2024→2025,2024,2025,65015,null,sin_actividad,null,0,0,null,0.001,null,0
8247,"ALLJUICEMED, S.L.",2024→2025,2024,2025,61248,null,prod_ganado,null,114620.42,114620.42,null,101.473,null,1129.57
8247,"ALLJUICEMED, S.L.",2024→2025,2024,2025,61311,null,prod_ganado,null,376089.84,376089.84,null,378.36,null,994
10471,"MIELES IBERICAS, S.L.U",2024→2025,2024,2025,44313,null,prod_ganado,null,77388,77388,null,72.15,null,1072.6
211,"MARTINEZ NIETO, S.A.",2024→2025,2024,2025,3010050341,null,prod_ganado,null,19050,19050,null,15,null,1270
6338,CENTRO NAC. TECNOLOGIA Y SEGURIDAD ALIMENTARIA,2024→2025,2024,2025,61200,null,sin_actividad,null,0,0,null,0.002,null,0
528,"MANUFACTURAS COVISAL, S.L.",2024→2025,2024,2025,7500003011,null,prod_ganado,null,4632,4632,null,6.5,null,712.62
418,"MANUFACTURAS CEYLAN, S.L.",2024→2025,2024,2025,7800059261,null,prod_ganado,null,1196.25,1196.25,null,0.75,null,1595
9910,"HERNANDEZ ORTIZ, DIOSDADO",2024→2025,2024,2025,7300039291,null,prod_ganado,null,760,760,null,0.8,null,950
534,"MC CONSTRUCTION CHEMICAL SPAIN, S.L.",2024→2025,2024,2025,7500003011,null,prod_ganado,null,24617.05,24617.05,null,37.55,null,655.58
9349,"GAVILA SOLER, JUAN MIGUEL",2024→2025,2024,2025,44301,null,prod_ganado,null,1757.5,1757.5,null,2.375,null,740
2490,"CANDIDO MIRO, S.A.",2024→2025,2024,2025,60105,null,prod_ganado,null,1152,1152,null,1.201,null,959.2
1534,"GOMEZ SILLERO, CARLOS",2024→2025,2024,2025,44301,null,prod_ganado,null,2240,2240,null,3.5,null,640
10383,"SIETEM, S.L.",2024→2025,2024,2025,7600002031,null,prod_ganado,null,2467.58,2467.58,null,2.475,null,997
1080,"VIDAL GOLOSINAS, S.A.",2024→2025,2024,2025,61289,null,prod_ganado,null,935,935,null,0.5,null,1870
10262,"SIDORENKO INGREDIENTS, LTD.",2024→2025,2024,2025,2331065321,null,prod_ganado,null,2137.5,2137.5,null,0.75,null,2850
9515,"INDUSTRIAS LACTEAS PASCUAL, S.L.U.",2024→2025,2024,2025,3010750341,null,prod_ganado,null,8950,8950,null,5,null,1790
6251,"MIX PAK SYSTEM, S.L.",2024→2025,2024,2025,3000050341,null,prod_ganado,null,36150,36150,null,30,null,1205
10591,NPTC CONFECTIONERY YORK,2024→2025,2024,2025,2331065321,null,sin_actividad,null,0,0,null,0.002,null,0
9811,"IDEAGRO, S.L.",2024→2025,2024,2025,65015,null,prod_ganado,null,19.2,19.2,null,0.015,null,1280
10484,SEIRINGER ROLAND HERMANN ERICH,2024→2025,2024,2025,62001,null,sin_actividad,null,0,0,null,0.01,null,0
418,"MANUFACTURAS CEYLAN, S.L.",2024→2025,2024,2025,7500003011,null,prod_ganado,null,28072,28072,null,46.4,null,605
7980,"AQUAPOOL CHEMICAL, S.L.",2024→2025,2024,2025,3010050341,null,prod_ganado,null,7145.6,7145.6,null,5.601,null,1275.77
10271,"LA NEWYORKINA, S.L.",2024→2025,2024,2025,61298,null,sin_actividad,null,0,0,null,0.006,null,0
6251,"MIX PAK SYSTEM, S.L.",2024→2025,2024,2025,4000050331,null,prod_ganado,null,1200,1200,null,1.255,null,956.18
2073,"PLATOS TRADICIONALES, S.A",2024→2025,2024,2025,7500003011,null,prod_ganado,null,59728,59728,null,90.4,null,660.71
8621,"JUAN FERRI, JUAN JOSE",2024→2025,2024,2025,7500003011,null,prod_ganado,null,792,792,null,0.8,null,990
9535,"COMPAÑIA CERVECERA DAMM, S.L.",2024→2025,2024,2025,7300015111,null,prod_ganado,null,31385.36,31385.36,null,52.66,null,596
10457,APICOMP SRLS,2024→2025,2024,2025,44310,null,prod_ganado,null,10530,10530,null,11.7,null,900
592,"FRAMAJOVA, S.L",2024→2025,2024,2025,60105,null,prod_ganado,null,15655.5,15655.5,null,14.91,null,1050
2337,"METAROM IBERICA, S.A.U.",2024→2025,2024,2025,5100750031,null,prod_ganado,null,1194,1194,null,1.2,null,995
10426,NORTRADE PHARMA SP. ZO.O.,2024→2025,2024,2025,60302,null,sin_actividad,null,0,0,null,0.0001,null,0
8641,"GALLETAS GULLÓN, S.A.",2024→2025,2024,2025,61303,null,prod_ganado,null,33586.2,33586.2,null,23.82,null,1410
10234,"GELATS EL VETERA, S.L.",2024→2025,2024,2025,7500003011,null,prod_ganado,null,2240,2240,null,3.2,null,700
534,"MC CONSTRUCTION CHEMICAL SPAIN, S.L.",2024→2025,2024,2025,7300016111,null,prod_ganado,null,17198.4,17198.4,null,27.6,null,623.13
5245,"ELGORRIAGA BRANDS, S.A.",2024→2025,2024,2025,62150,null,sin_actividad,null,0,0,null,0.003,null,0
10306,"IBERIA INGREDIENTS, S.L.",2024→2025,2024,2025,1200051321,null,prod_ganado,null,1549,1549,null,1,null,1549
9576,TRINOVA AG,2024→2025,2024,2025,61200,null,sin_actividad,null,0,0,null,0.003,null,0
10523,"MANZANERA GARCIA, GUILLERMO",2024→2025,2024,2025,99958,null,sin_actividad,null,0,0,null,0.2,null,0
212,"JARCA TURRONES Y DULCES, S.L.",2024→2025,2024,2025,7300039291,null,prod_ganado,null,529.25,529.25,null,0.725,null,730
2832,DULCES LA ABUELA COOP VNA,2024→2025,2024,2025,7300005081,null,prod_ganado,null,27104,27104,null,44.8,null,605
10226,AFRICAN BEEKEEPERS LIMITED,2024→2025,2024,2025,44313,null,sin_actividad,null,0,0,null,0.225,null,0
7775,"RUNAKAY PLUS, S.L.",2024→2025,2024,2025,7500003011,null,prod_ganado,null,1168,1168,null,1.6,null,730
455,"EMILIO PEÑA, S.A.",2024→2025,2024,2025,7500003011,null,prod_ganado,null,592,592,null,0.8,null,740
1342,"ELPOZO ALIMENTACION, S.A.",2024→2025,2024,2025,62150,null,prod_ganado,null,6900,6900,null,6.02,null,1146.18
1978,"ORUJOS PANIZO, S.L.",2024→2025,2024,2025,60000,null,sin_actividad,null,0,0,null,0.002,null,0
1253,"HORCHATA EL COSECHERO, S.L.",2024→2025,2024,2025,3010050341,null,sin_actividad,null,0,0,null,0.001,null,0
7612,DPTO. COMERCIAL,2024→2025,2024,2025,44310,null,sin_actividad,null,0,0,null,0.015,null,0
9476,BRASS EMPANADAS S.L.,2024→2025,2024,2025,7500004011,null,prod_ganado,null,13800,13800,null,20,null,690
10500,APIS INTERNATIONAL B.V.,2024→2025,2024,2025,44313,null,prod_ganado,null,66,66,null,0.21,null,314.29
10484,SEIRINGER ROLAND HERMANN ERICH,2024→2025,2024,2025,44313,null,sin_actividad,null,0,0,null,0.015,null,0
846,"PRODUCTOS ORGANICOS NAT.,S.L.",2024→2025,2024,2025,7300037021,null,prod_ganado,null,270,270,null,0.3,null,900
1415,"MEMBRILLO EMILY, S.L.",2024→2025,2024,2025,4000050331,null,sin_actividad,null,0,0,null,0.001,null,0
1000,CLIENTES VARIOS (CONTADO),2024→2025,2024,2025,62001,null,sin_actividad,null,0,0,null,0.445,null,0
2684,"INDUSTRIAS JIJONENCAS, S.A.",2024→2025,2024,2025,1110049321,null,prod_ganado,null,1157,1157,null,1.3,null,890
432,"CHOCOLATES ALGARRA, S.L.",2024→2025,2024,2025,7500004011,null,prod_ganado,null,36700,36700,null,57.2,null,641.61
5393,ICKOWICZ APICULTURE SAS,2024→2025,2024,2025,44310,null,prod_ganado,null,68806.5,68806.5,null,76.65,null,897.67
874,"COMERCIAL MAPROHELCO, S.L.",2024→2025,2024,2025,4000050331,null,prod_ganado,null,1150,1150,null,1.25,null,920
346,"PANARRO FOODS, S.L.",2024→2025,2024,2025,5100054011,null,prod_ganado,null,4888.8,4888.8,null,6,null,814.8
2891,"ALSOL IMPORT, S.L.",2024→2025,2024,2025,44301,null,prod_ganado,null,15312,15312,null,23.2,null,660
5445,COMPTOIR APICOLE LANGUEDOCIEN,2024→2025,2024,2025,44315,null,prod_ganado,null,1134,1134,null,0.84,null,1350
9313,"LOGY LOGISTICS SOLUTIONS, S.L.",2024→2025,2024,2025,7220030211,null,prod_ganado,null,292.25,292.25,null,0.35,null,835
10197,"LEHMANN FOOD INGREDIENTS, LTD",2024→2025,2024,2025,61229,null,sin_actividad,null,0,0,null,0.002,null,0
7115,"RIVERBEND ESPAÑA, S.A",2024→2025,2024,2025,64098,null,sin_actividad,null,0,0,null,0.002,null,0
237,"DULCES SANTA CRUZ, S.L.",2024→2025,2024,2025,60105,null,prod_ganado,null,3450,3450,null,3.012,null,1145.42
10167,HILLCO BEES,2024→2025,2024,2025,44313,null,sin_actividad,null,0,0,null,0.525,null,0
6828,AGRUP.DEFENSA SANIT.APIC.REG.DE MURCIA,2024→2025,2024,2025,44313,null,prod_ganado,null,88941.38,88941.38,null,81.225,null,1095
10304,"ELABORADOS DIETETICOS, S.A.U.",2024→2025,2024,2025,44092,null,sin_actividad,null,0,0,null,0.002,null,0
9828,"GOODBEER, S.L.",2024→2025,2024,2025,7500003011,null,prod_ganado,null,4200,4200,null,5.6,null,750
10265,"OFFSETSAN, LTD",2024→2025,2024,2025,44313,null,prod_ganado,null,12705,12705,null,11.55,null,1100
592,"FRAMAJOVA, S.L",2024→2025,2024,2025,65016,null,prod_ganado,null,7796.4,7796.4,null,8.76,null,890
1528,"JUAN Y JUAN INDUSTRIAL, S.L.U.",2024→2025,2024,2025,7400010031,null,prod_ganado,null,14328,14328,null,24,null,597
891,"MONTEALBOR ALIMENTACION, S.A.U",2024→2025,2024,2025,7500003011,null,prod_ganado,null,1184,1184,null,1.6,null,740
6338,CENTRO NAC. TECNOLOGIA Y SEGURIDAD ALIMENTARIA,2024→2025,2024,2025,61298,null,sin_actividad,null,0,0,null,0.001,null,0
10397,"SIMON THE BEEKEEPER, LTD",2024→2025,2024,2025,44310,null,prod_ganado,null,29700,29700,null,33.75,null,880
546,"E.MORENO, S.L.",2024→2025,2024,2025,7300019071,null,prod_ganado,null,93555,93555,null,148.5,null,630
10270,AF NATURADEVISE WORLDWIDE S.L.U.,2024→2025,2024,2025,44111,null,sin_actividad,null,0,0,null,0.002,null,0
2792,"CODAN, S.A.",2024→2025,2024,2025,2331065321,null,sin_actividad,null,0,0,null,0.001,null,0
10512,"SPECIAL FOOD FACTORY, S.L.",2024→2025,2024,2025,2331065321,null,sin_actividad,null,0,0,null,0.001,null,0
1832,"SIERRAS ANDALUZAS, S.C.A.",2024→2025,2024,2025,44304,null,prod_ganado,null,1121.25,1121.25,null,0.975,null,1150
7956,"STOCKMEIER QUIMICA, SLU",2024→2025,2024,2025,4000050331,null,prod_ganado,null,954,954,null,1,null,954
9849,MORALCO S.R.L.,2024→2025,2024,2025,61287,null,prod_ganado,null,2964,2964,null,1.202,null,2465.89
2081,"ZUMOS Y FRUTAS CONCENTRADOS, S.L.",2024→2025,2024,2025,64099,null,prod_ganado,null,509435,509435,null,733,null,695
3886,"COMPAÑIA AGRICOLA INDUSTRIAL SANTA ANA, S.A.",2024→2025,2024,2025,7250007131,null,sin_actividad,null,0,0,null,0.001,null,0
10572,"ALCOHOLERA DE LA PUEBLA, S.A.",2024→2025,2024,2025,5201054011,null,sin_actividad,null,0,0,null,0.001,null,0
9504,POWER NATURAL LIFE S.L.,2024→2025,2024,2025,3010050341,null,sin_actividad,null,0,0,null,0.001,null,0
773,"IBERCACAO, S.A.U.",2024→2025,2024,2025,60200,null,sin_actividad,null,0,0,null,0.002,null,0
1752,"ROYMY 21, S.L",2024→2025,2024,2025,7500003011,null,prod_ganado,null,30960,30960,null,48,null,645
1854,"ROYPAS BY NUTRIS, S.A.",2024→2025,2024,2025,7500003011,null,prod_ganado,null,8220,8220,null,12,null,685
10494,GARTNERBUTIKKEN APS,2024→2025,2024,2025,44310,null,prod_ganado,null,945,945,null,1.05,null,900
9157,"MAK FOOD COMPANY, S.L.",2024→2025,2024,2025,7300037021,null,prod_ganado,null,15720,15720,null,24,null,655
10580,INGREDION UK LIMITED,2024→2025,2024,2025,61289,null,sin_actividad,null,0,0,null,0.002,null,0
210,"POSTRES Y DULCES REINA, S.L.",2024→2025,2024,2025,61298,null,sin_actividad,null,0,0,null,0.001,null,0
10259,"NUTRIS, WE CARE ABOUT YOU, S.L.",2024→2025,2024,2025,7300005081,null,prod_ganado,null,418176,418176,null,633.6,null,660
346,"PANARRO FOODS, S.L.",2024→2025,2024,2025,7300016111,null,prod_ganado,null,53076,53076,null,80.4,null,660.15
2338,"PEREZ PEREZ, VALERIANO",2024→2025,2024,2025,1110066321,null,prod_ganado,null,1677,1677,null,1.3,null,1290
440,"MAZAPANES Y DULCES DE TOLEDO, S.A.",2024→2025,2024,2025,5101002011,null,prod_ganado,null,1500,1500,null,1.2,null,1250
1854,"ROYPAS BY NUTRIS, S.A.",2024→2025,2024,2025,7300016111,null,prod_ganado,null,64891.2,64891.2,null,98.32,null,660
1919,"MACIAS DE LA CORTE, MIRIAN",2024→2025,2024,2025,44335,null,prod_ganado,null,1160,1160,null,0.8,null,1450
346,"PANARRO FOODS, S.L.",2024→2025,2024,2025,7400002031,null,prod_ganado,null,17388,17388,null,25.2,null,690
2763,"HERMANOS ROMAN ALAMINOS, S.L.",2024→2025,2024,2025,7300005081,null,prod_ganado,null,96228,96228,null,118.8,null,810
2577,"IMPORTACO CASA PONS, S.A.U.",2024→2025,2024,2025,7300007131,null,prod_ganado,null,650,650,null,1,null,650
1544,"GALLEROS ARTESANOS DE RUTE, S.L",2024→2025,2024,2025,2331065321,null,sin_actividad,null,0,0,null,0.025,null,0
542,"SDAD.ESPAÑOLA COLOR. NATURALES Y AFINES, S.A.U.",2024→2025,2024,2025,7800059261,null,prod_ganado,null,7740,7740,null,6,null,1290
3367,"MAMERTO DE LA VARA, S.L.",2024→2025,2024,2025,5101050031,null,prod_ganado,null,12180.8,12180.8,null,21.2,null,574.57
4892,"COMEX BAKERY, S.L.U.",2024→2025,2024,2025,7500003011,null,prod_ganado,null,1052,1052,null,0.8,null,1315
10169,"RANSOM NATURALS, LTD",2024→2025,2024,2025,61289,null,sin_actividad,null,0,0,null,0.001,null,0
1919,"MACIAS DE LA CORTE, MIRIAN",2024→2025,2024,2025,44314,null,prod_ganado,null,945,945,null,0.525,null,1800
450,"LA FLOR BURGALESA, S.L.",2024→2025,2024,2025,1110073320,null,prod_ganado,null,7698.6,7698.6,null,7.8,null,987
2112,"LACASA, S.A.U.",2024→2025,2024,2025,7600004011,null,prod_ganado,null,622.05,622.05,null,0.65,null,957
2473,"TORRE ORIA, S.L.U.",2024→2025,2024,2025,7300005081,null,sin_actividad,null,0,0,null,0.001,null,0
1892,"BIMBO DONUTS IBERIA, S.A.U.",2024→2025,2024,2025,61260,null,prod_ganado,null,39729.2,39729.2,null,40.54,null,980
9157,"MAK FOOD COMPANY, S.L.",2024→2025,2024,2025,64104,null,prod_ganado,null,502380.04,502380.04,null,523.974,null,958.79
271,"LABORATORIOS ALMOND, S.L.",2024→2025,2024,2025,61289,null,sin_actividad,null,0,0,null,0.001,null,0
5892,"DISTRIBUCIONES BOLLFROST, S.L.",2024→2025,2024,2025,7500003011,null,prod_ganado,null,2240,2240,null,3.2,null,700
435,"R. MARSILLA, S.A.",2024→2025,2024,2025,7500003011,null,prod_ganado,null,7168,7168,null,11.2,null,640
4031,"ESPECIALITATS M. MASDEU, S.L.",2024→2025,2024,2025,2332065321,null,prod_ganado,null,165,165,null,0.05,null,3300
346,"PANARRO FOODS, S.L.",2024→2025,2024,2025,7400010171,null,prod_ganado,null,11650,11650,null,18,null,647.22
10547,FRULACT USA LLC,2024→2025,2024,2025,61287,null,prod_ganado,null,131354.14,131354.14,null,43.99,null,2986
1661,"DELAVIUDA ALIMENTACION, S.A",2024→2025,2024,2025,1110071320,null,prod_ganado,null,2462.2,2462.2,null,2.6,null,947
478,"MORENO RUIZ HERMANOS, S.L.",2024→2025,2024,2025,1110049321,null,sin_actividad,null,0,0,null,0.005,null,0
7189,"PASTISART IBERIA, S.L.U",2024→2025,2024,2025,7230007131,null,sin_actividad,null,0,0,null,0.002,null,0
10180,"GREEN ALCHEMY, S.L.U.",2024→2025,2024,2025,4000050331,null,prod_ganado,null,1612.5,1612.5,null,1.25,null,1290
10533,"MARIE BRIZARD WINE & SPIRITS ESPAÑA, S.A.",2024→2025,2024,2025,60010,null,sin_actividad,null,0,0,null,0.001,null,0
9539,"ARTIPA FLECA, S.L",2024→2025,2024,2025,61200,null,prod_ganado,null,5395,5395,null,2.65,null,2035.85
10384,"BARSALA FERRER, GERARD",2024→2025,2024,2025,60000,null,sin_actividad,null,0,0,null,0.002,null,0
2891,"ALSOL IMPORT, S.L.",2024→2025,2024,2025,44302,null,prod_ganado,null,8900,8900,null,10,null,890
6828,AGRUP.DEFENSA SANIT.APIC.REG.DE MURCIA,2024→2025,2024,2025,44314,null,prod_ganado,null,987,987,null,0.6,null,1645
8003,"OBLEAS QUINTIN, S.L.",2024→2025,2024,2025,1110068321,null,prod_ganado,null,4108,4108,null,5.2,null,790
1415,"MEMBRILLO EMILY, S.L.",2024→2025,2024,2025,7230007131,null,sin_actividad,null,0,0,null,0.007,null,0
10107,SAMECA PRODUTOS QUIMICOS SA,2024→2025,2024,2025,60251,null,prod_ganado,null,88212.32,88212.32,null,126.563,null,696.98
8479,FA. BLIESGAUBEUTE,2024→2025,2024,2025,62022,null,prod_ganado,null,2040,2040,null,2.4,null,850
10259,"NUTRIS, WE CARE ABOUT YOU, S.L.",2024→2025,2024,2025,7811070401,null,prod_ganado,null,28600,28600,null,20,null,1430
1661,"DELAVIUDA ALIMENTACION, S.A",2024→2025,2024,2025,61289,null,sin_actividad,null,0,0,null,0.013,null,0
9743,SAS NORDMANN FRANCE,2024→2025,2024,2025,61289,null,sin_actividad,null,0,0,null,0.022,null,0
9194,"HELADOS JOP, S.L.",2024→2025,2024,2025,4000050331,null,prod_ganado,null,1620,1620,null,1,null,1620
1241,"ACEITES DEL SUR-COOSUR, S.A.",2024→2025,2024,2025,7300016111,null,prod_ganado,null,126144,126144,null,192,null,657
396,"AGROTRANSFORMADOS, S.A.",2024→2025,2024,2025,7300016111,null,prod_ganado,null,30672,30672,null,48,null,639
10495,"ALCOHOLES DE TOMELLOSO, S.A.",2024→2025,2024,2025,60010,null,sin_actividad,null,0,0,null,0.001,null,0
595,"ROSCRIS BENIOPA, S.L",2024→2025,2024,2025,65015,null,prod_ganado,null,14.4,14.4,null,0.015,null,960
210,"POSTRES Y DULCES REINA, S.L.",2024→2025,2024,2025,61210,null,sin_actividad,null,0,0,null,0.001,null,0
9194,"HELADOS JOP, S.L.",2024→2025,2024,2025,1210054031,null,prod_ganado,null,5052,5052,null,3.6,null,1403.33
9463,"ADIEGO HERMANOS, S.A.",2024→2025,2024,2025,44015,null,sin_actividad,null,0,0,null,0.001,null,0
10337,AMERO FOODS MFG CORP DBA PASTRYSTAR,2024→2025,2024,2025,2340072321,null,sin_actividad,null,0,0,null,0.001,null,0
10424,AGRIAPISTICA MANFREDINI SOC. AGR. S.S.,2024→2025,2024,2025,44310,null,sin_actividad,null,0,0,null,0.015,null,0
9520,"GOLOSINAS MININOLAS, S.L.U.",2024→2025,2024,2025,1110073320,null,prod_ganado,null,26808.6,26808.6,null,27.3,null,982
10298,CENTRAL GENERAL DE COMPRAS AGROPECUARIAS SLU,2024→2025,2024,2025,4000050331,null,sin_actividad,null,0,0,null,0.001,null,0
2925,"BIGMAN NUTRITION, S.L.",2024→2025,2024,2025,3010050341,null,prod_ganado,null,1525,1525,null,1.25,null,1220
8247,"ALLJUICEMED, S.L.",2024→2025,2024,2025,64099,null,sin_actividad,null,0,0,null,0.005,null,0
8350,"MIGA FOODS COMMERCE, S.L.",2024→2025,2024,2025,62070,null,prod_ganado,null,1776,1776,null,1.2,null,1480
8641,"GALLETAS GULLÓN, S.A.",2024→2025,2024,2025,2332065321,null,prod_ganado,null,2141.25,2141.25,null,0.752,null,2847.41
212,"JARCA TURRONES Y DULCES, S.L.",2024→2025,2024,2025,5201054011,null,prod_ganado,null,2148,2148,null,2.4,null,895
9515,"INDUSTRIAS LACTEAS PASCUAL, S.L.U.",2024→2025,2024,2025,3000050341,null,prod_ganado,null,8950,8950,null,5,null,1790
9861,"ACROSS LOGISTICS, S.L.",2024→2025,2024,2025,7500004011,null,prod_ganado,null,572.5,572.5,null,1,null,572.5
6734,"COLONIALES EL SOL, S.L.",2024→2025,2024,2025,7500003011,null,prod_ganado,null,8992,8992,null,12.8,null,702.5
1528,"JUAN Y JUAN INDUSTRIAL, S.L.U.",2024→2025,2024,2025,7300015111,null,prod_ganado,null,15498.12,15498.12,null,25.96,null,597
3225,"SURIVAN FEEL THE TASTE, S.L.",2024→2025,2024,2025,3010050341,null,prod_ganado,null,1390,1390,null,1,null,1390
1643,"DULCES ARTESANALES LINARES, S.L",2024→2025,2024,2025,3000050341,null,prod_ganado,null,1737.5,1737.5,null,1.25,null,1390
10572,"ALCOHOLERA DE LA PUEBLA, S.A.",2024→2025,2024,2025,5200054011,null,sin_actividad,null,0,0,null,0.001,null,0
827,"TOMAS JIMENEZ, IGNACIO GERMAN",2024→2025,2024,2025,7500003011,null,prod_ganado,null,205,205,null,0.25,null,820
10190,"FOOD REBELS, S.L.",2024→2025,2024,2025,4000050331,null,sin_actividad,null,0,0,null,0.001,null,0
1661,"DELAVIUDA ALIMENTACION, S.A",2024→2025,2024,2025,7800059261,null,sin_actividad,null,0,0,null,0.001,null,0
10187,"SCHMIDLI, DOMINIQUE SEBASTIEN",2024→2025,2024,2025,44313,null,prod_ganado,null,30510,30510,null,28.8,null,1059.38
4709,"TURRONES PICO, S.A.",2024→2025,2024,2025,61170,null,prod_ganado,null,22956.06,22956.06,null,20.014,null,1147
194,"COFRUTOS, S.A.",2024→2025,2024,2025,99950,null,sin_actividad,null,0,0,null,0.002,null,0
10443,"COMERCIAL PRODUCTOS DE LA VID, S.L.",2024→2025,2024,2025,60010,null,sin_actividad,null,0,0,null,0.005,null,0
10044,"CREACIONES JUGAVI, S.L.",2024→2025,2024,2025,7500003011,null,prod_ganado,null,6336,6336,null,9.6,null,660
10259,"NUTRIS, WE CARE ABOUT YOU, S.L.",2024→2025,2024,2025,65015,null,prod_ganado,null,1374.72,1374.72,null,0.96,null,1432
7326,"ACTIVA FOOD TECH, S.A.",2024→2025,2024,2025,61229,null,sin_actividad,null,0,0,null,0.001,null,0
5346,"BODEGAS ELOSEGI, S.L.",2024→2025,2024,2025,60105,null,sin_actividad,null,0,0,null,0.001,null,0
10580,INGREDION UK LIMITED,2024→2025,2024,2025,61200,null,sin_actividad,null,0,0,null,0.002,null,0
1253,"HORCHATA EL COSECHERO, S.L.",2024→2025,2024,2025,4000050331,null,prod_ganado,null,488.75,488.75,null,0.425,null,1150
10261,"ECOVISTABELLA, S.L.",2024→2025,2024,2025,5101054011,null,prod_ganado,null,1068,1068,null,1.2,null,890
577,"FARTONS POLO, S.L.",2024→2025,2024,2025,7400010171,null,prod_ganado,null,4002,4002,null,6,null,667
252,"CONSERVAS ALGUAZAS, S.L.",2024→2025,2024,2025,7500003011,null,prod_ganado,null,551.2,551.2,null,0.8,null,689
317,"ESTUCHADOS FANNY, S.L.",2024→2025,2024,2025,7300016111,null,prod_ganado,null,3036.85,3036.85,null,4.914,null,618
378,"FRIDUL, S.A.",2024→2025,2024,2025,5101054011,null,prod_ganado,null,4080,4080,null,6,null,680
317,"ESTUCHADOS FANNY, S.L.",2024→2025,2024,2025,7400010171,null,prod_ganado,null,51261,51261,null,83,null,617.6
3479,"LA TAHONA DE UTIEL, S.L.",2024→2025,2024,2025,5201054011,null,sin_actividad,null,0,0,null,0.001,null,0
762,"VIOKOX, S.A",2024→2025,2024,2025,4000050331,null,prod_ganado,null,1150,1150,null,1.25,null,920
9168,"BIO ALIMENTOS DE MURCIA, S.L.",2024→2025,2024,2025,7811070401,null,prod_ganado,null,14400,14400,null,12,null,1200
3195,"HEINEKEN ESPAÑA, S.A",2024→2025,2024,2025,60005,null,prod_ganado,null,971605.36,971605.36,null,1521.62,null,638.53
10190,"FOOD REBELS, S.L.",2024→2025,2024,2025,7600010031,null,prod_ganado,null,68775,68775,null,105,null,655
473,"MAZALMENDRA, S.L.",2024→2025,2024,2025,7300016111,null,prod_ganado,null,16342.2,16342.2,null,25.94,null,630
6864,"TAMAYO SANCHEZ, JOAQUIN",2024→2025,2024,2025,44304,null,prod_ganado,null,965.25,965.25,null,0.975,null,990
3479,"LA TAHONA DE UTIEL, S.L.",2024→2025,2024,2025,7620010201,null,prod_ganado,null,19100,19100,null,14.201,null,1344.98
456,"HELADOS ESTIU, S.A.",2024→2025,2024,2025,61289,null,sin_actividad,null,0,0,null,0.001,null,0
904,"DAMEL GROUP, S.L. ",2024→2025,2024,2025,7300016111,null,prod_ganado,null,127713.6,127713.6,null,202.72,null,630
9535,"COMPAÑIA CERVECERA DAMM, S.L.",2024→2025,2024,2025,60000,null,prod_ganado,null,91767.6,91767.6,null,169.995,null,539.83
517,"DUPAN, S.L.",2024→2025,2024,2025,7110009141,null,prod_ganado,null,3570,3570,null,3,null,1190
7867,"SINBLAT ALIMENTACION SALUDABLE, S.L.",2024→2025,2024,2025,7500003011,null,prod_ganado,null,38544,38544,null,58.4,null,660
1821,"CHOCOLATES DEL NORTE, S.A.",2024→2025,2024,2025,65015,null,prod_ganado,null,962.33,962.33,null,0.975,null,987.01
8350,"MIGA FOODS COMMERCE, S.L.",2024→2025,2024,2025,1110049321,null,sin_actividad,null,0,0,null,0.005,null,0
10264,G. G. CONSTANTINOU LTD,2024→2025,2024,2025,62001,null,prod_ganado,null,357,357,null,0.42,null,850
462,"ROMEDUL, S.L.",2024→2025,2024,2025,7300037021,null,prod_ganado,null,8023.25,8023.25,null,11.975,null,670
10541,DOSMILNUEVE MIEL TCEA,2024→2025,2024,2025,62022,null,prod_ganado,null,11385,11385,null,15.18,null,750
10147,"HERVAR LACTEOS Y ADITIVOS, S.L.",2024→2025,2024,2025,1210054031,null,prod_ganado,null,1320,1320,null,1.2,null,1100
7440,"LOPEZ FOOD GROUP, S.L.",2024→2025,2024,2025,7400010171,null,prod_ganado,null,130505,130505,null,215,null,607
2975,"ARTUKOLUKE, S.L.",2024→2025,2024,2025,3010050341,null,prod_ganado,null,37225,37225,null,31.25,null,1191.2
9609,"VAMINTER, S.L.",2024→2025,2024,2025,1110071320,null,prod_ganado,null,1404,1404,null,1.3,null,1080
430,"MONZO LUIS, S.L.",2024→2025,2024,2025,5100002011,null,prod_ganado,null,1104,1104,null,1.2,null,920
10044,"CREACIONES JUGAVI, S.L.",2024→2025,2024,2025,7500004011,null,prod_ganado,null,2265.6,2265.6,null,3.2,null,708
10262,"SIDORENKO INGREDIENTS, LTD.",2024→2025,2024,2025,61298,null,sin_actividad,null,0,0,null,0.002,null,0
5346,"BODEGAS ELOSEGI, S.L.",2024→2025,2024,2025,60000,null,sin_actividad,null,0,0,null,0.001,null,0
283,"BOLLERIA BJV, S.L.",2024→2025,2024,2025,5101002011,null,prod_ganado,null,948,948,null,1.2,null,790
1918,"OLIVA SANTOS, CASTOR",2024→2025,2024,2025,44314,null,prod_ganado,null,2835,2835,null,1.575,null,1800
1325,"HIDA ALIMENTACION , S.A.",2024→2025,2024,2025,7500003011,null,prod_ganado,null,44528,44528,null,69.575,null,640
10109,DETRIGO PADARIA PASTELARIA LDA,2024→2025,2024,2025,99950,null,sin_actividad,null,0,0,null,0.001,null,0
8668,FERDINAND KREUTZER SABAMÜHLE GMBH,2024→2025,2024,2025,61289,null,sin_actividad,null,0,0,null,0.002,null,0
282,"PRODUCTOS LOZANO, S.L.",2024→2025,2024,2025,5100750031,null,prod_ganado,null,4140,4140,null,3.6,null,1150
10197,"LEHMANN FOOD INGREDIENTS, LTD",2024→2025,2024,2025,61289,null,sin_actividad,null,0,0,null,0.004,null,0
4566,"CONFETICAKES, S.L.",2024→2025,2024,2025,7300005081,null,prod_ganado,null,83655,83655,null,143,null,585
550,"REPOSTERIA PORTA, S.L.",2024→2025,2024,2025,3010050341,null,prod_ganado,null,1612.5,1612.5,null,1.25,null,1290
455,"EMILIO PEÑA, S.A.",2024→2025,2024,2025,65030,null,prod_ganado,null,2354.4,2354.4,null,2.16,null,1090
10142,NORDMANN NORDIC AB,2024→2025,2024,2025,61298,null,sin_actividad,null,0,0,null,0.001,null,0
428,"PASTELERIA INDUSTRIAL MONTE TURIA, S.A.",2024→2025,2024,2025,7300016111,null,prod_ganado,null,279624,279624,null,458.4,null,610
555,"FORTADUL, S.L.",2024→2025,2024,2025,7500004011,null,prod_ganado,null,30240,30240,null,48,null,630
8175,"MENUDOS DUENDES, S.L.",2024→2025,2024,2025,44131,null,sin_actividad,null,0,0,null,0.001,null,0
1253,"HORCHATA EL COSECHERO, S.L.",2024→2025,2024,2025,60000,null,sin_actividad,null,0,0,null,0.001,null,0
8507,PSIQUIS INNOVA S.L.N.E.,2024→2025,2024,2025,99950,null,sin_actividad,null,0,0,null,0.001,null,0
10378,IP INGREDIENTS S.R.L.,2024→2025,2024,2025,61287,null,sin_actividad,null,0,0,null,0.001,null,0
220,"PASTELERIA GIMAR, S.L.",2024→2025,2024,2025,62150,null,sin_actividad,null,0,0,null,0.001,null,0
9576,TRINOVA AG,2024→2025,2024,2025,61298,null,sin_actividad,null,0,0,null,0.005,null,0
9157,"MAK FOOD COMPANY, S.L.",2024→2025,2024,2025,64098,null,sin_actividad,null,0,0,null,0.009,null,0
551,"ICE CREAM FACTORY COMAKER, S.A.",2024→2025,2024,2025,7300005081,null,prod_ganado,null,386177.6,386177.6,null,602.66,null,640.79
1252,"APIGALOES, S.C.",2024→2025,2024,2025,44315,null,prod_ganado,null,8736,8736,null,6.72,null,1300
527,"CARNICAS SERRANO, S.L.",2024→2025,2024,2025,7500003011,null,prod_ganado,null,3048,3048,null,4,null,762
211,"MARTINEZ NIETO, S.A.",2024→2025,2024,2025,1210054031,null,prod_ganado,null,18945.6,18945.6,null,14.4,null,1315.67
1023,"TORRONS VICENS, S.L.",2024→2025,2024,2025,61289,null,prod_ganado,null,183.5,183.5,null,0.1,null,1835
593,"APISOL, S.A",2024→2025,2024,2025,5100050031,null,sin_actividad,null,0,0,null,0.005,null,0
3715,"BSI BODEGAS SAN ISIDRO, S.COOP.",2024→2025,2024,2025,44092,null,sin_actividad,null,0,0,null,0.001,null,0
7326,"ACTIVA FOOD TECH, S.A.",2024→2025,2024,2025,2340072321,null,sin_actividad,null,0,0,null,0.001,null,0
1023,"TORRONS VICENS, S.L.",2024→2025,2024,2025,7620010201,null,prod_ganado,null,592.5,592.5,null,0.375,null,1580
10356,"COMA GLOBAL PLUS, S.L.",2024→2025,2024,2025,7200039291,null,prod_ganado,null,29335.5,29335.5,null,391.14,null,75
10276,"OLYRA GREEK NUTRITION PRODUCTS SINGLE MEMBER, S.A.",2024→2025,2024,2025,7811070401,null,prod_ganado,null,64200,64200,null,60.001,null,1069.98
2682,"CARO CARO, CANDELARIA",2024→2025,2024,2025,44301,null,prod_ganado,null,1280,1280,null,2,null,640
8219,"FRUTOS SECOS EL LLANO, S.L.",2024→2025,2024,2025,7500004011,null,prod_ganado,null,7920,7920,null,12,null,660
4505,"FIESTA COLOMBINA, S.L.U.",2024→2025,2024,2025,7300007131,null,prod_ganado,null,60325,60325,null,95,null,635
1284,"FRUTAS Y TURRONES, S.A.",2024→2025,2024,2025,5205054011,null,prod_ganado,null,4650,4650,null,6,null,775
904,"DAMEL GROUP, S.L. ",2024→2025,2024,2025,61289,null,sin_actividad,null,0,0,null,0.001,null,0
10262,"SIDORENKO INGREDIENTS, LTD.",2024→2025,2024,2025,61260,null,sin_actividad,null,0,0,null,0.001,null,0
8349,"AGOTZAINA, S.L.",2024→2025,2024,2025,5205002011,null,prod_ganado,null,1428,1428,null,1.2,null,1190
775,"NATRA CACAO,S.L.",2024→2025,2024,2025,7300016111,null,prod_ganado,null,169076.5,169076.5,null,233.26,null,724.84
10397,"SIMON THE BEEKEEPER, LTD",2024→2025,2024,2025,44313,null,prod_ganado,null,32850,32850,null,32.85,null,1000
1528,"JUAN Y JUAN INDUSTRIAL, S.L.U.",2024→2025,2024,2025,7800059261,null,prod_ganado,null,11920,11920,null,8,null,1490
10527,"HORNO DE SAN JUAN, S.L.",2024→2025,2024,2025,60105,null,sin_actividad,null,0,0,null,0.001,null,0
9620,"BRAVA DRINKS, S.L.",2024→2025,2024,2025,7500003011,null,prod_ganado,null,72,72,null,0.1,null,720
2180,"AURUM PROCESS TECHNOLOGY, S.L.",2024→2025,2024,2025,7500003011,null,prod_ganado,null,18,18,null,0.025,null,720
2103,"JOSEFA ESTELLES MAYOR, S.L.",2024→2025,2024,2025,7500004011,null,prod_ganado,null,14732,14732,null,23.2,null,635
465,"INVESTIGACION Y DESARROLLO PANADERO, S.L.",2024→2025,2024,2025,7300037021,null,prod_ganado,null,584,584,null,0.8,null,730
473,"MAZALMENDRA, S.L.",2024→2025,2024,2025,7500004011,null,prod_ganado,null,15157.8,15157.8,null,24.06,null,630
10518,EVLIER B.V.,2024→2025,2024,2025,60105,null,sin_actividad,null,0,0,null,0.001,null,0
466,"DULCES LA PONDEROSA, S.L.",2024→2025,2024,2025,7300019071,null,prod_ganado,null,14553,14553,null,23.1,null,630
194,"COFRUTOS, S.A.",2024→2025,2024,2025,61304,null,sin_actividad,null,0,0,null,0.002,null,0
5679,"AB MAURI FOOD, S.A.",2024→2025,2024,2025,60105,null,sin_actividad,null,0,0,null,0.02,null,0
4997,"PRODUCTOS LA MULATA, S.L.",2024→2025,2024,2025,4000050331,null,prod_ganado,null,3700,3700,null,2.5,null,1480
10187,"SCHMIDLI, DOMINIQUE SEBASTIEN",2024→2025,2024,2025,44314,null,prod_ganado,null,8029.46,8029.46,null,5.25,null,1529.42
7452,"CONSERVAS EL RAAL, S.L.U.",2024→2025,2024,2025,7500003011,null,prod_ganado,null,3724,3724,null,5.6,null,665
432,"CHOCOLATES ALGARRA, S.L.",2024→2025,2024,2025,2100002011,null,prod_ganado,null,812.5,812.5,null,1.25,null,650
