cod_cliente,nombre_comercial,año_transicion,año_ant,año,cod_producto,descripcion_producto,efecto,facturacion_ant,facturacion_act,delta_fac,toneladas_ant,toneladas_act,pvp_eur_tn_ant,pvp_eur_tn_act
9157,"MAK FOOD COMPANY, S.L.",2025→2026,2025,2026,61245,Mixco Sweet 68-00.5050 I,prod_perdido,2781203.9,null,-2781203.9,2601.142,null,1069.22,null
405,"CHOVI, S.L.",2025→2026,2025,2026,4000050331,Dextrosa Maiz Cristal Monohidrato - ADM  Bulgaria,vol_precio,17859.25,3276,-14583.25,18.875,3.6,946.19,910
499,"MELS CARLET, S.L.",2025→2026,2025,2026,44302,Dextrosa Cristal –  Materia Prima para Piensos,vol_precio,63202.5,19152.5,-44050,70.225,23.5,900,815
874,"COMERCIAL MAPROHELCO, S.L.",2025→2026,2025,2026,7500003011,Correfino EEC Nº2 Caña/Rem - Acor  España,prod_perdido,1152,null,-1152,1.6,null,720,null
7706,"RUIPAN, S.L.",2025→2026,2025,2026,7300016111,Azúcar Blanco EEC Nº2 Caña - Santa Ana Guatemala,prod_perdido,9636.56,null,-9636.56,14.78,null,652,null
430,"MONZO LUIS, S.L.",2025→2026,2025,2026,61201,Fos y Stevia (72º),prod_perdido,8760,null,-8760,2.4,null,3650,null
9535,"COMPAÑIA CERVECERA DAMM, S.L.",2025→2026,2025,2026,7400003011,Azúcar Bl. EEC nº2 REMOL - ACOR ESPAÑA,prod_perdido,576,null,-576,0.8,null,720,null
9535,"COMPAÑIA CERVECERA DAMM, S.L.",2025→2026,2025,2026,7300039291,Azúcar Blanco EEC Nº2 Caña - Kampong Speu Camboya,prod_perdido,30801.28,null,-30801.28,51.68,null,596,null
10484,SEIRINGER ROLAND HERMANN ERICH,2025→2026,2025,2026,44314,Apipasta 90% - BIO - Pienso completo - Apicultura,sin_actividad,0,null,0,0.015,null,0,null
10190,"FOOD REBELS, S.L.",2025→2026,2025,2026,1200051321,Sorbitol Polvo-Shandong Lujian Biologic Tech China,sin_actividad,0,null,0,0.002,null,0,null
1000,CLIENTES VARIOS (CONTADO),2025→2026,2025,2026,45006,AZÚCAR BLANCO EEC Nº2 C - PQ01 RETAIL – JUST SUGAR,prod_perdido,13.8,null,-13.8,0.02,null,690,null
566,"ALMACENES MIGUEZ 2005,S.L.",2025→2026,2025,2026,44301,Azucar Blanco – Materia Prima para Piensos,prod_perdido,17776,null,-17776,28,null,634.86,null
577,"FARTONS POLO, S.L.",2025→2026,2025,2026,7300005081,Azúcar Blanco EEC Nº2 Caña - Cosumar  Marruecos,prod_perdido,56567.5,null,-56567.5,93.5,null,605,null
9867,"ALETTA DEVELOPMENTS, S.L.",2025→2026,2025,2026,61300,Mixco Sweet 65-00.5050 UH,vol_precio,11490723.26,453787.8,-11036935.459999999,9615.668,314.04,1195,1445
3699,"GONZALEZ CARBALLAL, S.L.",2025→2026,2025,2026,62000,Mix Idoneo - Pienso Completo - Apicultura,volumen,54314,35909.85,-18404.15,80.55,52.98,674.29,677.8
9157,"MAK FOOD COMPANY, S.L.",2025→2026,2025,2026,7400003011,Azúcar Bl. EEC nº2 REMOL - ACOR ESPAÑA,prod_perdido,53939.25,null,-53939.25,82.35,null,655,null
4505,"FIESTA COLOMBINA, S.L.U.",2025→2026,2025,2026,7300016111,Azúcar Blanco EEC Nº2 Caña - Santa Ana Guatemala,prod_perdido,150114,null,-150114,236.4,null,635,null
566,"ALMACENES MIGUEZ 2005,S.L.",2025→2026,2025,2026,44315,Apipasta PLUS - Pienso para Apicultura,vol_precio,36594.6,29904,-6690.5999999999985,37.773,25.368,968.8,1178.81
2975,"ARTUKOLUKE, S.L.",2025→2026,2025,2026,3020050341,Fructosa Maiz Cristal Disolving - ADM  Turquía,prod_perdido,11682,null,-11682,9.9,null,1180,null
6162,BE ORGANIC KUWAIT FOR HEALTHY FOOD AND PLANTS COMPANY,2025→2026,2025,2026,62001,Apimix - Pienso completo - Apicultura,prod_perdido,4032,null,-4032,5.04,null,800,null
10190,"FOOD REBELS, S.L.",2025→2026,2025,2026,43055,Maltitol,sin_actividad,0,null,0,0.001,null,0,null
7535,"DULCES LA RONDEÑA, S.L.",2025→2026,2025,2026,7500003011,Correfino EEC Nº2 Caña/Rem - Acor  España,prod_perdido,16080,null,-16080,24,null,670,null
1396,"BARCELONESA DE DROG. Y PRODUCT. QUIMICOS, S.A.",2025→2026,2025,2026,4000050331,Dextrosa Maiz Cristal Monohidrato - ADM  Bulgaria,vol_precio,28242.5,73625,45382.5,32.5,92.5,869,795.95
9157,"MAK FOOD COMPANY, S.L.",2025→2026,2025,2026,61314,Mixco Sweet 72-00.5050 M1A4,sin_actividad,0,0,0,0.015,0.028,0,0
465,"INVESTIGACION Y DESARROLLO PANADERO, S.L.",2025→2026,2025,2026,65007,Azúcar en polvo LS Pallet Plast. CHEP,vol_precio,4860,2178,-2682,3.6,1.8,1350,1210
534,"MC CONSTRUCTION CHEMICAL SPAIN, S.L.",2025→2026,2025,2026,7300007131,Azúcar Blanco EEC Nº2 Caña - Cassa  El Salvador,volumen,2496,33696,31200,4,54,624,624
9868,"NORDMANN, RASSMANN HANDELSGES.M.B.H",2025→2026,2025,2026,61303,Fosvitae R 85 - 74º,sin_actividad,0,0,0,0.001,0.002,0,0
516,"PAIARROP, S.L.",2025→2026,2025,2026,7300007131,Azúcar Blanco EEC Nº2 Caña - Cassa  El Salvador,volumen,25830,56234.77,30404.769999999997,41,89.579,630,627.77
5787,"FALCON, S.A.",2025→2026,2025,2026,2210037021,Melaza Caña - Sidul  Portugal,vol_precio,4128,5997.6,1869.6000000000004,4.8,7.14,860,840
10522,CARL FRITZ IMKERTECHNIK GMBH & CO. KG,2025→2026,2025,2026,44313,Apipasta Vitaminas 90% - Pienso para Apicultura,prod_ganado,0,8100,8100,0.105,8.1,0,1000
7936,"FABRICA JAEN, S.L.U.",2025→2026,2025,2026,61229,Fosvitae Plus Polvo,sin_actividad,0,null,0,0.001,null,0,null
10259,"NUTRIS, WE CARE ABOUT YOU, S.L.",2025→2026,2025,2026,7800059261,Azúcar BIO Caña NOP - Incauca Colombia,vol_precio,200200,373532,173332,140,244,1430,1530.87
266,"IBER COCKTAIL, S.L.",2025→2026,2025,2026,7500003011,Correfino EEC Nº2 Caña/Rem - Acor  España,prod_perdido,57.75,null,-57.75,0.075,null,770,null
484,"PRODUCTOS LA PILARICA, S.A.",2025→2026,2025,2026,40103,Azúcar Moreno >2500i - Brown (Dry Dem BLZ),sin_actividad,-250,null,250,-0.2,null,1250,null
4002,"ABB MJ FERNANDEZ ARANDA, S.L.",2025→2026,2025,2026,7500004011,Correfino EEC Nº2 Caña/Rem - Azucarera España,prod_perdido,29140,null,-29140,47,null,620,null
9157,"MAK FOOD COMPANY, S.L.",2025→2026,2025,2026,61266,Mixco Sweet 37-00.5050A,sin_actividad,0,0,0,0.004,0.006,0,0
6734,"COLONIALES EL SOL, S.L.",2025→2026,2025,2026,45006,AZÚCAR BLANCO EEC Nº2 C - PQ01 RETAIL – JUST SUGAR,vol_precio,11424,5510.4,-5913.6,13.44,6.72,850,820
2916,"SUC. DE MUÑOZ Y PUJANTE, S.L.",2025→2026,2025,2026,7300039291,Azúcar Blanco EEC Nº2 Caña - Kampong Speu Camboya,prod_perdido,3186,null,-3186,3.2,null,995.62,null
4561,"AGRICOM, S.R.L.",2025→2026,2025,2026,44315,Apipasta PLUS - Pienso para Apicultura,vol_precio,8925,4200,-4725,7.56,3.36,1180.56,1250
10471,"MIELES IBERICAS, S.L.U",2025→2026,2025,2026,44315,Apipasta PLUS - Pienso para Apicultura,sin_actividad,0,0,0,3.95,1.234,0,0
4505,"FIESTA COLOMBINA, S.L.U.",2025→2026,2025,2026,3010750341,Fructosa Maiz Cristal Polvo - ADM  Turquía CUATRIM,prod_perdido,2062.5,null,-2062.5,1.25,null,1650,null
9985,APIRIF SARL,2025→2026,2025,2026,44313,Apipasta Vitaminas 90% - Pienso para Apicultura,vol_precio,62842.5,61694.92,-1147.5800000000017,59.85,61.695,1050,1000
445,"PASTELERIA ARROYO SANCHEZ, S.L.U.",2025→2026,2025,2026,7500004011,Correfino EEC Nº2 Caña/Rem - Azucarera España,prod_perdido,71640,null,-71640,120,null,597,null
3833,"ASTURIAS APICOLA, S.L.",2025→2026,2025,2026,44313,Apipasta Vitaminas 90% - Pienso para Apicultura,prod_perdido,20505,null,-20505,20.4,null,1005.15,null
2057,"BACK EUROP ESPAÑA, S.L",2025→2026,2025,2026,3010050341,Fructosa Maiz Cristal Polvo - ADM  Turquía,prod_perdido,3934.5,null,-3934.5,3.05,null,1290,null
3302,"VINARCHY SPAIN, S.A.U.",2025→2026,2025,2026,61181,Mixco Sweet 67-75.0025,volumen,25677.38,37127.5,11450.119999999999,28.07,40.51,914.76,916.5
9520,"GOLOSINAS MININOLAS, S.L.U.",2025→2026,2025,2026,1110071320,Maltitol Liquido – Shandong Grain Rain China,vol_precio,8936.2,77532,68595.8,9.1,91,982,852
6557,"MAR FERTILIZANTES, S.L.",2025→2026,2025,2026,5101054011,Fructor 10/77 - Roquette España,prod_perdido,2304,null,-2304,2.4,null,960,null
846,"PRODUCTOS ORGANICOS NAT.,S.L.",2025→2026,2025,2026,3000750341,Fructosa Maiz Cristal Granulada-ADM Turquía CUATRI,prod_perdido,296.25,null,-296.25,0.15,null,1975,null
10352,"CONFISERIE TRIKI LE MOULIN, S.A.R.L.",2025→2026,2025,2026,62401,Fondant ES-R02,sin_actividad,0,null,0,0.015,null,0,null
9840,"FIESTA INGREDIENTS, S.L.U.",2025→2026,2025,2026,40206,Azúcar Blanco BIO ES-ECO-024-MU Ag No UE NOP,prod_perdido,46.5,null,-46.5,0.025,null,1860,null
10190,"FOOD REBELS, S.L.",2025→2026,2025,2026,3010050341,Fructosa Maiz Cristal Polvo - ADM  Turquía,sin_actividad,0,null,0,0.001,null,0,null
10285,"CAMPO REAL VITIVINICOLA, S.L.",2025→2026,2025,2026,61300,Mixco Sweet 65-00.5050 UH,vol_precio,5908645.24,5802575.2,-106070.04000000004,4944.473,4223.06,1195,1374.02
9863,"JUALEX CANARIAS, S.L.",2025→2026,2025,2026,7230007131,DC Raw Sugar >4000I - Cassa  El Salvador,vol_precio,120528,66432,-54096,129.6,76.8,930,865
9677,"PEBEMA FOODS, S.L.",2025→2026,2025,2026,65030,AZÚCAR EN POLVO LM 48m,prod_perdido,562.5,null,-562.5,0.45,null,1250,null
8837,"AMARITTA FOOD, S.L.",2025→2026,2025,2026,61260,Fosvitae R 60 %,volumen,25891.6,14945,-10946.599999999999,26.42,15.25,980,980
1029,"INTERVAN, S.A.",2025→2026,2025,2026,7500004011,Correfino EEC Nº2 Caña/Rem - Azucarera España,prod_perdido,81510,null,-81510,143,null,570,null
52,"CAMPILLO PALMERA, S.L.",2025→2026,2025,2026,5200054011,Glucor 60/82 - Roquette  España,sin_actividad,0,null,0,0,null,null,null
485,"POSTRES LACTEOS ROMAR, S.L.",2025→2026,2025,2026,61317,Mixco Sweet 82-40.2832,prod_perdido,1224,null,-1224,1.2,null,1020,null
10354,GENERAL MILLS INTERNATIONAL SARL,2025→2026,2025,2026,61298,Fosvitae 95% Plus 74º,prod_perdido,2006,null,-2006,1.18,null,1700,null
10197,"LEHMANN FOOD INGREDIENTS, LTD",2025→2026,2025,2026,61298,Fosvitae 95% Plus 74º,sin_actividad,0,0,0,0.009,0.002,0,0
10455,"ECOLIFE FOOD, S.L.",2025→2026,2025,2026,61200,Fosvitae 85%,sin_actividad,0,null,0,0.001,null,0,null
8258,"BRIOIXPAN, S.L.",2025→2026,2025,2026,60105,"Azúcar PI 73,5-67",volumen,4752,4870.8,118.80000000000018,4.814,4.92,987.12,990
215,"MARTIN BRAUN, S.A.",2025→2026,2025,2026,1210054031,Sorbitol Liquido - Roquette Francia,volumen,4284,2856,-1428,3.6,2.4,1190,1190
5528,"FERNANDEZ LOPEZ, ANTONIO",2025→2026,2025,2026,44315,Apipasta PLUS - Pienso para Apicultura,vol_precio,4965.27,7211.4,2246.129999999999,3.962,5.88,1253.22,1226.43
478,"MORENO RUIZ HERMANOS, S.L.",2025→2026,2025,2026,61298,Fosvitae 95% Plus 74º,sin_actividad,0,null,0,0.001,null,0,null
7558,HARINAS CASTILLA LA MANCHA S.L,2025→2026,2025,2026,1110049321,Maltitol Liquido - Shandong Tianli Pharm-China,prod_perdido,30420,null,-30420,31.2,null,975,null
2909,"MANIPULADOS DE CEBOLLAS Y DERIVADOS, S.L.",2025→2026,2025,2026,40102,Azúcar Moreno Dark Demerara,sin_actividad,0,null,0,0.001,null,0,null
10484,SEIRINGER ROLAND HERMANN ERICH,2025→2026,2025,2026,44315,Apipasta PLUS - Pienso para Apicultura,sin_actividad,0,null,0,0.294,null,0,null
6162,BE ORGANIC KUWAIT FOR HEALTHY FOOD AND PLANTS COMPANY,2025→2026,2025,2026,44315,Apipasta PLUS - Pienso para Apicultura,prod_perdido,3276,null,-3276,2.52,null,1300,null
445,"PASTELERIA ARROYO SANCHEZ, S.L.U.",2025→2026,2025,2026,5101050031,Fructor 10/77 - ADM  Francia,vol_precio,20401.8,23446.54,3044.7400000000016,36.628,48.344,557,484.99
775,"NATRA CACAO,S.L.",2025→2026,2025,2026,7300005081,Azúcar Blanco EEC Nº2 Caña - Cosumar  Marruecos,prod_perdido,2033400,null,-2033400,3253.44,null,625,null
3225,"SURIVAN FEEL THE TASTE, S.L.",2025→2026,2025,2026,65030,AZÚCAR EN POLVO LM 48m,prod_perdido,14716.8,null,-14716.8,20.16,null,730,null
432,"CHOCOLATES ALGARRA, S.L.",2025→2026,2025,2026,7300016111,Azúcar Blanco EEC Nº2 Caña - Santa Ana Guatemala,prod_perdido,10620,null,-10620,18,null,590,null
9868,"NORDMANN, RASSMANN HANDELSGES.M.B.H",2025→2026,2025,2026,61289,Fosvitae 95% Plus 78º,sin_actividad,0,null,0,0.002,null,0,null
5373,"VERTICE DE INNOVACION Y DESAR.DE ALIMENTOS, S.A.U.",2025→2026,2025,2026,61303,Fosvitae R 85 - 74º,prod_perdido,1680,null,-1680,1.201,null,1398.83,null
484,"PRODUCTOS LA PILARICA, S.A.",2025→2026,2025,2026,7300037021,Azúcar Blanco EEC Nº2 Caña - Sidul  Portugal,sin_cambio,7920,7800,-120,12,12,660,650
3225,"SURIVAN FEEL THE TASTE, S.L.",2025→2026,2025,2026,61118,Mixco Sweet 75-45.2431,sin_actividad,0,null,0,0.001,null,0,null
297,"TARBAL FOOD, S.L.",2025→2026,2025,2026,7500004011,Correfino EEC Nº2 Caña/Rem - Azucarera España,prod_perdido,7260,null,-7260,9,null,806.67,null
1854,"ROYPAS BY NUTRIS, S.A.",2025→2026,2025,2026,1110049321,Maltitol Liquido - Shandong Tianli Pharm-China,prod_perdido,138861,null,-138861,142.9,null,971.74,null
6558,"SOC CHEF, S.L.",2025→2026,2025,2026,5205050031,Glucor 37/79 - ADM  Francia,prod_perdido,1214.4,null,-1214.4,1.32,null,920,null
5981,"MAHOU, S.A.",2025→2026,2025,2026,60000,Azúcar Líquida Neutra 67º,prod_perdido,1095.59,null,-1095.59,1.231,null,890,null
4686,OMNIUM AGRICOLE DU SOUSS,2025→2026,2025,2026,99958,Producto Pruebas Apícola ZK-10,vol_precio,1,6000,5999,0.1,2,10,3000
10170,"CLINICAL NUTRITION, S.A.U.",2025→2026,2025,2026,61298,Fosvitae 95% Plus 74º,sin_actividad,0,null,0,0.002,null,0,null
10310,RISCOSSA LTD,2025→2026,2025,2026,44313,Apipasta Vitaminas 90% - Pienso para Apicultura,prod_perdido,1800,null,-1800,1.8,null,1000,null
10257,"B-ORGANIC, S.L.",2025→2026,2025,2026,7500003011,Correfino EEC Nº2 Caña/Rem - Acor  España,prod_perdido,712,null,-712,0.8,null,890,null
6162,BE ORGANIC KUWAIT FOR HEALTHY FOOD AND PLANTS COMPANY,2025→2026,2025,2026,44330,Apipasta 90% - Pienso completo - Apicul.-BE ORG KW,prod_perdido,4368,null,-4368,4.2,null,1040,null
2473,"TORRE ORIA, S.L.U.",2025→2026,2025,2026,7500003011,Correfino EEC Nº2 Caña/Rem - Acor  España,vol_precio,15510,29696,14186,23.5,46.4,660,640
1760,"GONZALEZ BYASS, S.A",2025→2026,2025,2026,60019,Azúcar Líquida Neutra 67º- Remolacha,prod_perdido,14997.84,null,-14997.84,25.08,null,598,null
9956,"NORDMANN, RASSMANN GMBH",2025→2026,2025,2026,1110049321,Maltitol Liquido - Shandong Tianli Pharm-China,sin_actividad,0,null,0,0.001,null,0,null
10277,AUSTRALIAN HONEYBEE PTY LTD,2025→2026,2025,2026,44313,Apipasta Vitaminas 90% - Pienso para Apicultura,prod_perdido,3722.25,null,-3722.25,3.15,null,1181.67,null
8251,APILINE DI FASSARI DOMINIQUE,2025→2026,2025,2026,62001,Apimix - Pienso completo - Apicultura,vol_precio,2880,1428,-1452,3.6,1.68,800,850
9520,"GOLOSINAS MININOLAS, S.L.U.",2025→2026,2025,2026,1110049321,Maltitol Liquido - Shandong Tianli Pharm-China,prod_perdido,92739.4,null,-92739.4,89.7,null,1033.88,null
1747,"FRUIT TECH NATURAL, S.A.",2025→2026,2025,2026,7400003011,Azúcar Bl. EEC nº2 REMOL - ACOR ESPAÑA,prod_perdido,31776,null,-31776,48,null,662,null
8836,"AGROCENTROS LEON, S.L.",2025→2026,2025,2026,44310,Apipasta 90% - Pienso completo - Apicultura,volumen,19216.56,25264.8,6048.239999999998,21.9,28.71,877.47,880
444,"LICORES SINC, S.A.",2025→2026,2025,2026,60010,Azúcar Liquida Neutra S.A.,vol_precio,22166.82,28438.9,6272.080000000002,38.31,45.7,578.62,622.3
194,"COFRUTOS, S.A.",2025→2026,2025,2026,64098,Mixco Sweet 72-53.2323 M5,prod_perdido,52453.8,null,-52453.8,50.68,null,1035,null
933,"DULCESTEPA, S.A.",2025→2026,2025,2026,7500004011,Correfino EEC Nº2 Caña/Rem - Azucarera España,prod_perdido,29052,null,-29052,48,null,605.25,null
7169,"MASTRIGO BIO GOURMET, S.L.",2025→2026,2025,2026,61298,Fosvitae 95% Plus 74º,sin_actividad,0,null,0,0.001,null,0,null
4505,"FIESTA COLOMBINA, S.L.U.",2025→2026,2025,2026,65015,Azúcar en polvo LM,sin_actividad,0,null,0,0.016,null,0,null
1080,"VIDAL GOLOSINAS, S.A.",2025→2026,2025,2026,2332065321,FOS 95% Granular-Shandong Starlight So True China,sin_actividad,0,null,0,0.001,null,0,null
378,"FRIDUL, S.A.",2025→2026,2025,2026,7300037021,Azúcar Blanco EEC Nº2 Caña - Sidul  Portugal,vol_precio,4788,1091.2,-3696.8,7.2,1.6,665,682
770,"CASTER ALIMENTACION, S.L.",2025→2026,2025,2026,60136,Mixco Sweet 71-01.4450,sin_actividad,0,null,0,0.001,null,0,null
9157,"MAK FOOD COMPANY, S.L.",2025→2026,2025,2026,60226,Azúcar Invertido 72º Remolacha,volumen,13497.6,63287.04,49789.44,14.06,65.934,960,959.85
10276,"OLYRA GREEK NUTRITION PRODUCTS SINGLE MEMBER, S.A.",2025→2026,2025,2026,2340072321,FOS 95% Polvo BIO NO UE-Baolingbao Biology China,prod_perdido,83746.55,null,-83746.55,14.226,null,5886.87,null
2642,"BONDIA SALVO, S.L.",2025→2026,2025,2026,7500003011,Correfino EEC Nº2 Caña/Rem - Acor  España,prod_perdido,75,null,-75,0.1,null,750,null
2903,"MEDITERRANEA MELLIS, S.L.",2025→2026,2025,2026,61166,Mixco Sweet Plus-M 82-05.5537,vol_precio,769584.12,28072,-741512.12,629.482,24.2,1222.57,1160
1771,"EL CASERIO, S.A",2025→2026,2025,2026,7300005081,Azúcar Blanco EEC Nº2 Caña - Cosumar  Marruecos,vol_precio,94719.9,34320,-60399.899999999994,154,52.8,615.06,650
889,"ESPECIALIDADES DEL OBRADOR, S.L.",2025→2026,2025,2026,7110009141,Azúcar Moreno >2500i - ASR  Belice,prod_perdido,3176.25,null,-3176.25,2.625,null,1210,null
10473,"JUAN RAMON LOZANO, S.A.",2025→2026,2025,2026,99950,Producto de Pruebas Líquido - 1,sin_actividad,0,null,0,0.005,null,0,null
421,"JOSE GARCIA E HIJOS, S.L.",2025→2026,2025,2026,7500004011,Correfino EEC Nº2 Caña/Rem - Azucarera España,prod_perdido,30240,null,-30240,48,null,630,null
3408,"RUIZ LEAL, MANUEL",2025→2026,2025,2026,44301,Azucar Blanco – Materia Prima para Piensos,prod_perdido,7000,null,-7000,10,null,700,null
5528,"FERNANDEZ LOPEZ, ANTONIO",2025→2026,2025,2026,62001,Apimix - Pienso completo - Apicultura,vol_precio,21050.47,4724.32,-16326.150000000001,27.816,6.01,756.78,786.08
570,"INDALVA, S.L.",2025→2026,2025,2026,7300039291,Azúcar Blanco EEC Nº2 Caña - Kampong Speu Camboya,prod_perdido,17802,null,-17802,25.8,null,690,null
5528,"FERNANDEZ LOPEZ, ANTONIO",2025→2026,2025,2026,44314,Apipasta 90% - BIO - Pienso completo - Apicultura,vol_precio,882,774,-108,0.6,0.51,1470,1517.65
614,"MANUFACTURAS TABERNER,S.A.",2025→2026,2025,2026,4000050331,Dextrosa Maiz Cristal Monohidrato - ADM  Bulgaria,volumen,52494.5,59617.5,7123,61.2,70,857.75,851.68
6151,"FRULACT, S.A.",2025→2026,2025,2026,5100050031,Fructor 10/81 - ADM  Francia,precio,22759.06,22458.4,-300.65999999999985,35.19,35.76,646.75,628.03
444,"LICORES SINC, S.A.",2025→2026,2025,2026,60013,Azúcar Liquida Neutra S.A. – pH 7,vol_precio,49497.88,37241.02,-12256.86,93.88,66.86,527.25,557
9157,"MAK FOOD COMPANY, S.L.",2025→2026,2025,2026,60225,Azúcar Invertido 72º Caña,volumen,3859.2,25359.36,21500.16,4.02,26.426,960,959.64
346,"PANARRO FOODS, S.L.",2025→2026,2025,2026,5100750031,Fructor 10/81 - ADM  Francia CUATRIMESTRAL,prod_perdido,984,null,-984,1.2,null,820,null
7936,"FABRICA JAEN, S.L.U.",2025→2026,2025,2026,61298,Fosvitae 95% Plus 74º,sin_actividad,0,0,0,0.001,0.001,0,0
9157,"MAK FOOD COMPANY, S.L.",2025→2026,2025,2026,61177,Mixco Sweet 81-00.0932 A-MI,sin_actividad,0,null,0,0.003,null,0,null
297,"TARBAL FOOD, S.L.",2025→2026,2025,2026,5201002011,Glucor 45/80 - Tereos España,vol_precio,46923.95,23121.8,-23802.149999999998,40.553,21.34,1157.1,1083.5
8247,"ALLJUICEMED, S.L.",2025→2026,2025,2026,61300,Mixco Sweet 65-00.5050 UH,volumen,472885.4,1249314.4,776428.9999999999,395.72,1061.325,1195,1177.13
4566,"CONFETICAKES, S.L.",2025→2026,2025,2026,7500004011,Correfino EEC Nº2 Caña/Rem - Azucarera España,prod_perdido,239775,null,-239775,405,null,592.04,null
716,"PENALVA ALIMENTACION, S.A.",2025→2026,2025,2026,5101050031,Fructor 10/77 - ADM  Francia,prod_perdido,14261.13,null,-14261.13,24.716,null,577,null
7924,"J.NORKEN,S.L.",2025→2026,2025,2026,3010050341,Fructosa Maiz Cristal Polvo - ADM  Turquía,prod_perdido,25987.5,null,-25987.5,22.501,null,1154.95,null
1023,"TORRONS VICENS, S.L.",2025→2026,2025,2026,60105,"Azúcar PI 73,5-67",volumen,3229.2,1076.4,-2152.7999999999997,3.6,1.2,897,897
9313,"LOGY LOGISTICS SOLUTIONS, S.L.",2025→2026,2025,2026,7200039291,Azúcar blanco - Kampong Speu Sugar Camboya,prod_perdido,42930.8,null,-42930.8,48.4,null,887,null
546,"E.MORENO, S.L.",2025→2026,2025,2026,7800059261,Azúcar BIO Caña NOP - Incauca Colombia,vol_precio,4590,1490,-3100,3,1,1530,1490
1470,"CROP SALSA, S.A.",2025→2026,2025,2026,7250007131,DC Raw Sugar 2000-3500i - Cassa El Salvador,sin_actividad,0,null,0,0.001,null,0,null
7440,"LOPEZ FOOD GROUP, S.L.",2025→2026,2025,2026,1210054031,Sorbitol Liquido - Roquette Francia,precio,4500,4104,-396,3.6,3.6,1250,1140
10183,"ZUKAN INNOVATION, SLU",2025→2026,2025,2026,2331065321,FOS 95% Polvo-Shandong Starlight So True China,sin_actividad,0,null,0,0.001,null,0,null
436,"TURRONES JOSE GARRIGOS, S.A.",2025→2026,2025,2026,60119,Azúcar PI 74-50,vol_precio,246263.6,159036.8,-87226.80000000002,507.76,305.84,485,520
10286,"BIOTECHNOLOGY AND SPECIALITIES, S.L.",2025→2026,2025,2026,60105,"Azúcar PI 73,5-67",prod_perdido,102.3,null,-102.3,0.111,null,921.62,null
6828,AGRUP.DEFENSA SANIT.APIC.REG.DE MURCIA,2025→2026,2025,2026,62000,Mix Idoneo - Pienso Completo - Apicultura,vol_precio,20268,14400,-5868,26.4,18,767.73,800
6558,"SOC CHEF, S.L.",2025→2026,2025,2026,5205054011,Glucor 37/79 - Roquette España,prod_perdido,4416,null,-4416,4.8,null,920,null
769,"ANGEL CAMACHO ALIMENTACION, S.L.",2025→2026,2025,2026,3000750341,Fructosa Maiz Cristal Granulada-ADM Turquía CUATRI,prod_perdido,81935.5,null,-81935.5,68.675,null,1193.09,null
1528,"JUAN Y JUAN INDUSTRIAL, S.L.U.",2025→2026,2025,2026,62150,Jarabe de Melaza de Caña,prod_perdido,105.75,null,-105.75,0.09,null,1175,null
566,"ALMACENES MIGUEZ 2005,S.L.",2025→2026,2025,2026,7300039291,Azúcar Blanco EEC Nº2 Caña - Kampong Speu Camboya,prod_perdido,7000,null,-7000,11.2,null,625,null
6036,SARL API-BOURGOGNE,2025→2026,2025,2026,44313,Apipasta Vitaminas 90% - Pienso para Apicultura,prod_perdido,13860,null,-13860,12.6,null,1100,null
9157,"MAK FOOD COMPANY, S.L.",2025→2026,2025,2026,61284,Mixco Sweet 72-09.6427 B2 SB2,vol_precio,3585310.26,1257025.88,-2328284.38,3319.296,1248.116,1080.14,1007.14
582,"HIJOS DE SALVADOR COSTA, S.L.",2025→2026,2025,2026,7401002031,Az. Bl. EEC nº2 Remol CON TURBIDEZ-Tereos Francia,prod_perdido,8760,null,-8760,12,null,730,null
2832,DULCES LA ABUELA COOP VNA,2025→2026,2025,2026,43101,Sorbitol Liquido 70% No cristalizable - EPSA,prod_perdido,3354,null,-3354,2.6,null,1290,null
445,"PASTELERIA ARROYO SANCHEZ, S.L.U.",2025→2026,2025,2026,1110068321,Maltitol Liquido – Luzhou Bio-Chem China,prod_perdido,9308,null,-9308,10.4,null,895,null
10393,APIS BEE SUPPLIES LTD,2025→2026,2025,2026,44310,Apipasta 90% - Pienso completo - Apicultura,prod_perdido,1890,null,-1890,2.1,null,900,null
7651,SARL API DISTRIBUTION,2025→2026,2025,2026,44310,Apipasta 90% - Pienso completo - Apicultura,volumen,12150,7560,-4590,13.5,8.4,900,900
10079,"APIGLASS ENVASES Y MATERIAL APICOLA, S.L.U.",2025→2026,2025,2026,62020,Mix Fructor Apicultor - Pienso completo - Apicult.,prod_perdido,2544,null,-2544,3.6,null,706.67,null
9107,"MARTIN PAVON, MARIA JOSE",2025→2026,2025,2026,44314,Apipasta 90% - BIO - Pienso completo - Apicultura,prod_perdido,1026,null,-1026,0.57,null,1800,null
531,"DESARROLLOS PANADEROS LEVANTINOS, S.L.L.",2025→2026,2025,2026,65005,Azúcar en polvo LS,volumen,1694.93,962.55,-732.3800000000001,1.215,0.69,1395,1395
4329,"ZAFRA SANTILLANA, ELOY",2025→2026,2025,2026,44310,Apipasta 90% - Pienso completo - Apicultura,prod_perdido,997.5,null,-997.5,1.05,null,950,null
10172,"ALGMASTIA, S.L.",2025→2026,2025,2026,5201750031,Glucor 45/80 - ADM  Francia CUATRIMESTRAL,sin_actividad,0,null,0,0.001,null,0,null
10308,ESP FRESH LOGISTICS S.L.,2025→2026,2025,2026,4140002201,Dextrosa Trigo Cristal Monoh. HI - Tereos Belgica,sin_actividad,0,null,0,0,null,null,null
4383,"MANUFRI, S.L.",2025→2026,2025,2026,61283,Mixco Sweet 67-00.5050 M2,prod_perdido,32497.2,null,-32497.2,20.06,null,1620,null
9463,"ADIEGO HERMANOS, S.A.",2025→2026,2025,2026,5101054011,Fructor 10/77 - Roquette España,vol_precio,1698,804,-894,2.4,1.2,707.5,670
1415,"MEMBRILLO EMILY, S.L.",2025→2026,2025,2026,61289,Fosvitae 95% Plus 78º,prod_ganado,0,732,732,0.005,0.41,0,1785.37
317,"ESTUCHADOS FANNY, S.L.",2025→2026,2025,2026,7300039291,Azúcar Blanco EEC Nº2 Caña - Kampong Speu Camboya,prod_perdido,7416,null,-7416,12,null,618,null
10542,"CINCO TENEDORES, S.L.",2025→2026,2025,2026,7300037021,Azúcar Blanco EEC Nº2 Caña - Sidul  Portugal,prod_perdido,560,null,-560,0.8,null,700,null
2103,"JOSEFA ESTELLES MAYOR, S.L.",2025→2026,2025,2026,4000050331,Dextrosa Maiz Cristal Monohidrato - ADM  Bulgaria,vol_precio,78502.5,23003.03,-55499.47,90,30.025,872.25,766.13
2577,"IMPORTACO CASA PONS, S.A.U.",2025→2026,2025,2026,7500004011,Correfino EEC Nº2 Caña/Rem - Azucarera España,prod_perdido,126430,null,-126430,206,null,613.74,null
10332,"PRODUCTOS NATURALES CAPELL, S.A.",2025→2026,2025,2026,3010050341,Fructosa Maiz Cristal Polvo - ADM  Turquía,precio,7593.75,7437.5,-156.25,6.25,6.25,1215,1190
485,"POSTRES LACTEOS ROMAR, S.L.",2025→2026,2025,2026,99950,Producto de Pruebas Líquido - 1,volumen,1122,2300.1,1178.1,1.204,2.46,931.89,935
8507,PSIQUIS INNOVA S.L.N.E.,2025→2026,2025,2026,61200,Fosvitae 85%,sin_actividad,0,null,0,0.001,null,0,null
211,"MARTINEZ NIETO, S.A.",2025→2026,2025,2026,3020050341,Fructosa Maiz Cristal Disolving - ADM  Turquía,prod_perdido,22944,null,-22944,19.2,null,1195,null
208,"LICORES Y DERIVADOS, S.A.",2025→2026,2025,2026,7400003011,Azúcar Bl. EEC nº2 REMOL - ACOR ESPAÑA,volumen,1076.8,2153.6,1076.8,1.6,3.2,673,673
9283,NUTRITIVE SOLUTIONS LLC,2025→2026,2025,2026,99950,Producto de Pruebas Líquido - 1,sin_actividad,0,null,0,0.002,null,0,null
8641,"GALLETAS GULLÓN, S.A.",2025→2026,2025,2026,61260,Fosvitae R 60 %,sin_actividad,0,null,0,0.002,null,0,null
566,"ALMACENES MIGUEZ 2005,S.L.",2025→2026,2025,2026,44328,Apipasta 90% - Pienso completo –  BABE APICULTURE,sin_actividad,0,null,0,0,null,null,null
321,"PRODUCTOS PEPITO, S.L.U.",2025→2026,2025,2026,7600004011,Azúcar Granulado Extrafino-Azucarera España,prod_perdido,2247.25,null,-2247.25,2.525,null,890,null
10268,MILCHWERKE MITTELELBE GMBH,2025→2026,2025,2026,61303,Fosvitae R 85 - 74º,sin_actividad,0,null,0,0.001,null,0,null
4587,"CARMAX GLASS, S.L.",2025→2026,2025,2026,44310,Apipasta 90% - Pienso completo - Apicultura,prod_perdido,14175,null,-14175,15.75,null,900,null
10306,"IBERIA INGREDIENTS, S.L.",2025→2026,2025,2026,60251,Azúcar TIEN 67-100 R,prod_perdido,4873.7,null,-4873.7,5.98,null,815,null
6603,"INDUSTRIAS ALIMENTICIAS SUFLI, S.L.",2025→2026,2025,2026,7110009141,Azúcar Moreno >2500i - ASR  Belice,prod_perdido,810,null,-810,0.6,null,1350,null
6645,"TURRONES EL ROMERO, S.A.",2025→2026,2025,2026,7500004011,Correfino EEC Nº2 Caña/Rem - Azucarera España,vol_precio,15600,14616,-984,24,23.2,650,630
9410,"NORDMANN, RASSMANN POLSKA SP. Z O.O.",2025→2026,2025,2026,61229,Fosvitae Plus Polvo,sin_actividad,0,null,0,0.005,null,0,null
2737,"ALFONSO MARTINEZ TORRANO, S.L.",2025→2026,2025,2026,5201002011,Glucor 45/80 - Tereos España,volumen,8436,3546,-4890,8.4,3.6,1004.29,985
7867,"SINBLAT ALIMENTACION SALUDABLE, S.L.",2025→2026,2025,2026,7500004011,Correfino EEC Nº2 Caña/Rem - Azucarera España,volumen,9691.2,33380.8,23689.600000000002,14.4,49.6,673,673
7765,SURINVER EL GRUPO S.COOP,2025→2026,2025,2026,7500003011,Correfino EEC Nº2 Caña/Rem - Acor  España,volumen,8640,4608,-4032,12,6.4,720,720
566,"ALMACENES MIGUEZ 2005,S.L.",2025→2026,2025,2026,44310,Apipasta 90% - Pienso completo - Apicultura,prod_perdido,121264.5,-9907.5,-131172,137.55,-11.28,881.6,878.32
4002,"ABB MJ FERNANDEZ ARANDA, S.L.",2025→2026,2025,2026,5101002011,Fructor 10/77 - Tereos  España,vol_precio,10428,12611.34,2183.34,13.2,20.42,790,617.6
7867,"SINBLAT ALIMENTACION SALUDABLE, S.L.",2025→2026,2025,2026,7300039291,Azúcar Blanco EEC Nº2 Caña - Kampong Speu Camboya,prod_perdido,4224,null,-4224,6.4,null,660,null
9309,"GUTSY CAPTAIN SPAIN, S.L.",2025→2026,2025,2026,7811070401,Azúcar BIO <500i NO UE - Mitr Laos NOP,prod_perdido,14531,null,-14531,11,null,1321,null
10259,"NUTRIS, WE CARE ABOUT YOU, S.L.",2025→2026,2025,2026,7500004011,Correfino EEC Nº2 Caña/Rem - Azucarera España,prod_perdido,32332,null,-32332,47.2,null,685,null
9437,"EL CORTÍN DEL ABEYÓN, S.L.",2025→2026,2025,2026,44313,Apipasta Vitaminas 90% - Pienso para Apicultura,vol_precio,630,2446.5,1816.5,0.525,2.1,1200,1165
10259,"NUTRIS, WE CARE ABOUT YOU, S.L.",2025→2026,2025,2026,1110073320,Maltitol Liquido-Huakang China,vol_precio,62662.68,249598.44,186935.76,68.26,312.78,918,798
10026,"MARHEV SRO, S.A.",2025→2026,2025,2026,7300039291,Azúcar Blanco EEC Nº2 Caña - Kampong Speu Camboya,prod_perdido,12100,null,-12100,20,null,605,null
511,FRUTALCARMO COMERC.IND. PROD.ALIMENTARES LTDA.,2025→2026,2025,2026,7300039291,Azúcar Blanco EEC Nº2 Caña - Kampong Speu Camboya,prod_perdido,199243,null,-199243,337.7,null,590,null
481,"EL CATETO, S.L.",2025→2026,2025,2026,60105,"Azúcar PI 73,5-67",vol_precio,10050,3748.5,-6301.5,8.4,3.62,1196.43,1035.5
9157,"MAK FOOD COMPANY, S.L.",2025→2026,2025,2026,61313,Mixco Sweet 72-00.5050 M1A3,sin_actividad,0,null,0,0.009,null,0,null
10187,"SCHMIDLI, DOMINIQUE SEBASTIEN",2025→2026,2025,2026,44315,Apipasta PLUS - Pienso para Apicultura,vol_precio,5418,3150,-2268,4.2,2.52,1290,1250
4369,"LA TIENDA DEL APICULTOR, S.L.U.",2025→2026,2025,2026,44303,Fructosa Cristal – Materia Prima para Piensos,prod_perdido,3312.5,null,-3312.5,2.5,null,1325,null
1826,"HERO ESPAÑA, S.A",2025→2026,2025,2026,5100054011,Fructor 10/81 -Roquette España,sin_actividad,0,null,0,0.003,null,0,null
4686,OMNIUM AGRICOLE DU SOUSS,2025→2026,2025,2026,62004,Mix Abejorros 65-30.4028 Pienso Completo - Apicult,precio,21763.9,20522.7,-1241.2000000000007,21.13,20.73,1030,990
9157,"MAK FOOD COMPANY, S.L.",2025→2026,2025,2026,61248,Mixco Sweet 65-00.5050 I,vol_precio,81070.9,147970.18,66899.28,76.94,153.46,1053.69,964.23
346,"PANARRO FOODS, S.L.",2025→2026,2025,2026,61170,Mix Maltitol Sorbitol MS 74-8020,vol_precio,15292.08,29436.52,14144.44,12.06,23.72,1268,1241
1470,"CROP SALSA, S.A.",2025→2026,2025,2026,62070,Mix Golden Jarabe,sin_actividad,0,null,0,0.003,null,0,null
10264,G. G. CONSTANTINOU LTD,2025→2026,2025,2026,44314,Apipasta 90% - BIO - Pienso completo - Apicultura,prod_perdido,990,null,-990,0.6,null,1650,null
8003,"OBLEAS QUINTIN, S.L.",2025→2026,2025,2026,60105,"Azúcar PI 73,5-67",prod_perdido,1164.4,null,-1164.4,0.82,null,1420,null
10192,"NEW GARDEN SYSTEM, S.L.",2025→2026,2025,2026,5205054011,Glucor 37/79 - Roquette España,sin_actividad,0,null,0,0.001,null,0,null
421,"JOSE GARCIA E HIJOS, S.L.",2025→2026,2025,2026,7300039291,Azúcar Blanco EEC Nº2 Caña - Kampong Speu Camboya,prod_perdido,14640,null,-14640,24,null,610,null
10079,"APIGLASS ENVASES Y MATERIAL APICOLA, S.L.U.",2025→2026,2025,2026,44313,Apipasta Vitaminas 90% - Pienso para Apicultura,volumen,277613.5,164310,-113303.5,274.74,164.31,1010.46,1000
4329,"ZAFRA SANTILLANA, ELOY",2025→2026,2025,2026,44313,Apipasta Vitaminas 90% - Pienso para Apicultura,volumen,11550,10500,-1050,11.55,10.5,1000,1000
499,"MELS CARLET, S.L.",2025→2026,2025,2026,5101002011,Fructor 10/77 - Tereos  España,vol_precio,7502,12673.5,5171.5,12.1,24.14,620,525
7326,"ACTIVA FOOD TECH, S.A.",2025→2026,2025,2026,2332065321,FOS 95% Granular-Shandong Starlight So True China,sin_actividad,0,null,0,0.001,null,0,null
846,"PRODUCTOS ORGANICOS NAT.,S.L.",2025→2026,2025,2026,4000050331,Dextrosa Maiz Cristal Monohidrato - ADM  Bulgaria,volumen,323.75,92.5,-231.25,0.175,0.05,1850,1850
3699,"GONZALEZ CARBALLAL, S.L.",2025→2026,2025,2026,44313,Apipasta Vitaminas 90% - Pienso para Apicultura,volumen,388480.05,282988.35,-105491.70000000001,405.3,296.85,958.5,953.3
566,"ALMACENES MIGUEZ 2005,S.L.",2025→2026,2025,2026,62001,Apimix - Pienso completo - Apicultura,volumen,81022.5,49758,-31264.5,103.65,64.34,781.69,773.36
4436,"INTERNACIONAL GRANADINA DE ALCAPARRA, S.L.",2025→2026,2025,2026,60105,"Azúcar PI 73,5-67",prod_perdido,1374,null,-1374,1.2,null,1145,null
9273,"AGROQUIMICA CODIAGRO, S.L.",2025→2026,2025,2026,7500003011,Correfino EEC Nº2 Caña/Rem - Acor  España,prod_perdido,3312,null,-3312,4.8,null,690,null
770,"CASTER ALIMENTACION, S.L.",2025→2026,2025,2026,1210054031,Sorbitol Liquido - Roquette Francia,vol_precio,58001.7,53202.65,-4799.049999999996,56.74,53.47,1022.24,995
10576,"COMPAÑIA ARTESANA DE VINOS Y DESTILADOS DEL MEDITERRANEO, S.L.",2025→2026,2025,2026,60251,Azúcar TIEN 67-100 R,sin_actividad,0,null,0,0.002,null,0,null
9810,"ALLTECH CROP SCIENCE, S.L.U",2025→2026,2025,2026,4000050331,Dextrosa Maiz Cristal Monohidrato - ADM  Bulgaria,volumen,4200,8550,4350,5,10,840,855
454,"SCKUESTRANCE, S.L.",2025→2026,2025,2026,5201050031,Glucor 45/80 - ADM  Francia,prod_perdido,9396.72,null,-9396.72,10.104,null,930,null
10302,"MARTINEZ REINA, SALVADOR ",2025→2026,2025,2026,44315,Apipasta PLUS - Pienso para Apicultura,sin_actividad,0,null,0,0,null,null,null
10540,"LIBERTINE BARCELONA, S.L",2025→2026,2025,2026,60000,Azúcar Líquida Neutra 67º,precio,2145.6,2476.8,331.2000000000003,3.6,3.6,596,688
4619,"EUROPEA DE APICULTURA, S.L.",2025→2026,2025,2026,44301,Azucar Blanco – Materia Prima para Piensos,prod_perdido,7548,null,-7548,11.6,null,650.69,null
7558,HARINAS CASTILLA LA MANCHA S.L,2025→2026,2025,2026,7300039291,Azúcar Blanco EEC Nº2 Caña - Kampong Speu Camboya,prod_perdido,15288,null,-15288,24,null,637,null
10399,INGREDION GERMANY GMBH,2025→2026,2025,2026,61298,Fosvitae 95% Plus 74º,sin_actividad,0,0,0,0.002,0.01,0,0
1252,"APIGALOES, S.C.",2025→2026,2025,2026,44313,Apipasta Vitaminas 90% - Pienso para Apicultura,prod_perdido,11550,null,-11550,10.5,null,1100,null
458,"CASTY, S.A.",2025→2026,2025,2026,3000050341,Fructosa Maiz Cristal Granulada - ADM  Turquía,vol_precio,33462,47880,14418,26,40,1287,1197
1513,"AGROBIO, S.L.",2025→2026,2025,2026,62091,Mix Abejorros 65-34.3333 Pienso Completo-Apicult,vol_precio,687324.65,460486.44,-226838.21000000002,1082.37,764.7,635.02,602.18
551,"ICE CREAM FACTORY COMAKER, S.A.",2025→2026,2025,2026,7300016111,Azúcar Blanco EEC Nº2 Caña - Santa Ana Guatemala,prod_perdido,29184,null,-29184,45.6,null,640,null
534,"MC CONSTRUCTION CHEMICAL SPAIN, S.L.",2025→2026,2025,2026,7300037021,Azúcar Blanco EEC Nº2 Caña - Sidul  Portugal,volumen,11323.2,25881.6,14558.399999999998,16.8,38.4,674,674
440,"MAZAPANES Y DULCES DE TOLEDO, S.A.",2025→2026,2025,2026,60105,"Azúcar PI 73,5-67",vol_precio,31552,8461.2,-23090.8,37.12,12.82,850,660
3699,"GONZALEZ CARBALLAL, S.L.",2025→2026,2025,2026,99958,Producto Pruebas Apícola ZK-10,sin_actividad,0,null,0,0.05,null,0,null
7897,"MANDIC OUTMILL MS4, S.L.",2025→2026,2025,2026,4000050331,Dextrosa Maiz Cristal Monohidrato - ADM  Bulgaria,prod_perdido,855,null,-855,0.9,null,950,null
7176,"COLOMINA LOPEZ, SOFIA",2025→2026,2025,2026,5101054011,Fructor 10/77 - Roquette España,sin_cambio,1428,1428,0,1.2,1.2,1190,1190
9097,"CAFES MIÑANA, S.A.",2025→2026,2025,2026,7300037021,Azúcar Blanco EEC Nº2 Caña - Sidul  Portugal,sin_cambio,1424,1424,0,1.6,1.6,890,890
577,"FARTONS POLO, S.L.",2025→2026,2025,2026,62401,Fondant ES-R02,vol_precio,6684.64,6894.72,210.07999999999993,4.785,5.76,1397,1197
9194,"HELADOS JOP, S.L.",2025→2026,2025,2026,3000750341,Fructosa Maiz Cristal Granulada-ADM Turquía CUATRI,prod_perdido,2852.5,null,-2852.5,1.75,null,1630,null
566,"ALMACENES MIGUEZ 2005,S.L.",2025→2026,2025,2026,62032,APIMIX INSTANT,sin_actividad,0,0,0,0.25,0.16,0,0
472,"CEREALTO VB6, S.L.",2025→2026,2025,2026,65016,Azúcar en polvo LM Pallet PLT,vol_precio,17638.73,17713.8,75.06999999999971,22.425,23.4,786.57,757
546,"E.MORENO, S.L.",2025→2026,2025,2026,7500004011,Correfino EEC Nº2 Caña/Rem - Azucarera España,prod_perdido,50940,null,-50940,84,null,606.43,null
208,"LICORES Y DERIVADOS, S.A.",2025→2026,2025,2026,7600010031,Azúcar Granulado Extrafino XF-Sudzucker Francia,volumen,2064,1376,-688,3,2,688,688
1787,"DULCES DEL TURIA, S.L.",2025→2026,2025,2026,65005,Azúcar en polvo LS,vol_precio,1519.8,1542,22.200000000000045,1.02,1.515,1490,1017.82
904,"DAMEL GROUP, S.L. ",2025→2026,2025,2026,7500003011,Correfino EEC Nº2 Caña/Rem - Acor  España,prod_perdido,226720,null,-226720,348.8,null,650,null
9792,OROSKER KFT.,2025→2026,2025,2026,44313,Apipasta Vitaminas 90% - Pienso para Apicultura,vol_precio,2145,3900,1755,1.95,3.902,1100,999.49
6467,"CATALINA FOOD SOLUTIONS, S.L.",2025→2026,2025,2026,7500004011,Correfino EEC Nº2 Caña/Rem - Azucarera España,prod_perdido,7176,null,-7176,10.4,null,690,null
10190,"FOOD REBELS, S.L.",2025→2026,2025,2026,43050,Maltitol en Polvo,sin_actividad,0,null,0,0.001,null,0,null
9863,"JUALEX CANARIAS, S.L.",2025→2026,2025,2026,65015,Azúcar en polvo LM,sin_cambio,15444,15444,0,21.45,21.45,720,720
7972,MOCHI LUXURY S.L,2025→2026,2025,2026,60105,"Azúcar PI 73,5-67",sin_cambio,11928,11870.1,-57.899999999999636,10.8,10.89,1104.44,1090
10471,"MIELES IBERICAS, S.L.U",2025→2026,2025,2026,62001,Apimix - Pienso completo - Apicultura,volumen,3840,1920,-1920,4.8,2.4,800,800
2832,DULCES LA ABUELA COOP VNA,2025→2026,2025,2026,7110009141,Azúcar Moreno >2500i - ASR  Belice,prod_perdido,1150,null,-1150,1,null,1150,null
10268,MILCHWERKE MITTELELBE GMBH,2025→2026,2025,2026,61229,Fosvitae Plus Polvo,sin_actividad,0,null,0,0.001,null,0,null
9157,"MAK FOOD COMPANY, S.L.",2025→2026,2025,2026,61308,Mixco Sweet 71-00.5050 RCI,prod_perdido,94884.66,0,-94884.66,95.946,0.005,988.94,0
9609,"VAMINTER, S.L.",2025→2026,2025,2026,1110049321,Maltitol Liquido - Shandong Tianli Pharm-China,prod_perdido,15444,null,-15444,14.3,null,1080,null
246,"CAMPO BETICA, S.L.",2025→2026,2025,2026,3000050341,Fructosa Maiz Cristal Granulada - ADM  Turquía,prod_perdido,6092.5,null,-6092.5,5,null,1218.5,null
5710,"BEACHOGA DHUN NA NGALL; DONEGAL BEES, LTD.",2025→2026,2025,2026,44310,Apipasta 90% - Pienso completo - Apicultura,prod_perdido,12726,null,-12726,13.65,null,932.31,null
2057,"BACK EUROP ESPAÑA, S.L",2025→2026,2025,2026,65005,Azúcar en polvo LS,vol_precio,5169.45,2447.25,-2722.2,3.825,1.95,1351.49,1255
10495,"ALCOHOLES DE TOMELLOSO, S.A.",2025→2026,2025,2026,60000,Azúcar Líquida Neutra 67º,sin_actividad,0,null,0,0.001,null,0,null
10549,"BIOEVER TOTAL, S.L.",2025→2026,2025,2026,7500003011,Correfino EEC Nº2 Caña/Rem - Acor  España,prod_perdido,15196,null,-15196,23.2,null,655,null
4045,HEINEKEN GLOBAL PROCUREMENT B.V.,2025→2026,2025,2026,60005,Azúcar Liquida Neutra en M.Seca,prod_perdido,659334.64,null,-659334.64,1032.671,null,638.48,null
516,"PAIARROP, S.L.",2025→2026,2025,2026,7400010171,Az. Bl. EEC nº2 Remol. PTE DEST-Sudzucker Alemania,prod_perdido,29610,null,-29610,47,null,630,null
2025,"VALLE BALLINA Y FERNANDEZ, S.A.",2025→2026,2025,2026,61142,Mixco Sweet 70-00.4252,volumen,11873.79,5832.09,-6041.700000000001,9.63,4.73,1233,1233
1314,"MANUFACTURAS PIBERNAT, S.L.",2025→2026,2025,2026,7500004011,Correfino EEC Nº2 Caña/Rem - Azucarera España,prod_perdido,30624,null,-30624,46.4,null,660,null
211,"MARTINEZ NIETO, S.A.",2025→2026,2025,2026,3020750341,Fructosa Maiz Cristal Disolving-ADM Turquía CUATRI,prod_perdido,22944,null,-22944,19.2,null,1195,null
1919,"MACIAS DE LA CORTE, MIRIAN",2025→2026,2025,2026,44301,Azucar Blanco – Materia Prima para Piensos,prod_perdido,5400,null,-5400,8,null,675,null
1747,"FRUIT TECH NATURAL, S.A.",2025→2026,2025,2026,7400010031,Azúcar Bl. EEC nº2 REMOL - SUDZUCKER FRANCIA,prod_perdido,14828.8,null,-14828.8,22.4,null,662,null
10259,"NUTRIS, WE CARE ABOUT YOU, S.L.",2025→2026,2025,2026,61289,Fosvitae 95% Plus 78º,vol_precio,545709.86,243009,-302700.86,211.5,130.65,2580.19,1860
609,"ALBORCHATA,S.L.",2025→2026,2025,2026,7300005081,Azúcar Blanco EEC Nº2 Caña - Cosumar  Marruecos,prod_perdido,3993,null,-3993,6.6,null,605,null
2767,"DULCEPLUS GOLOSINAS, S.A.",2025→2026,2025,2026,61298,Fosvitae 95% Plus 74º,sin_actividad,0,null,0,0.001,null,0,null
7115,"RIVERBEND ESPAÑA, S.A",2025→2026,2025,2026,61292,Mixco Sweet 72-00.5050 M1A,prod_perdido,217907.52,-28865.76,-246773.28,127.88,-16.94,1704,1704
10169,"RANSOM NATURALS, LTD",2025→2026,2025,2026,61200,Fosvitae 85%,sin_actividad,0,null,0,0.001,null,0,null
478,"MORENO RUIZ HERMANOS, S.L.",2025→2026,2025,2026,61303,Fosvitae R 85 - 74º,volumen,57646.05,176354.97,118708.92,33.827,103.434,1704.14,1705
4187,"AMILCAR & MORGADO, LDA",2025→2026,2025,2026,99958,Producto Pruebas Apícola ZK-10,sin_actividad,0,null,0,0.05,null,0,null
7918,"REFRESCO IBERIA, S.A.U. ",2025→2026,2025,2026,60000,Azúcar Líquida Neutra 67º,sin_actividad,0,null,0,0.001,null,0,null
7395,VECO PHARMA SHPK,2025→2026,2025,2026,44313,Apipasta Vitaminas 90% - Pienso para Apicultura,vol_precio,10920,22890,11970,10.5,23.1,1040,990.91
4709,"TURRONES PICO, S.A.",2025→2026,2025,2026,60119,Azúcar PI 74-50,precio,24949.4,29336.4,4387,50.2,50.58,497,580
3225,"SURIVAN FEEL THE TASTE, S.L.",2025→2026,2025,2026,99950,Producto de Pruebas Líquido - 1,sin_actividad,0,null,0,0.001,null,0,null
2473,"TORRE ORIA, S.L.U.",2025→2026,2025,2026,60010,Azúcar Liquida Neutra S.A.,prod_ganado,0,24781.8,24781.8,0.001,48.12,0,515
204,"PERNOD RICARD ESPAÑA, S.A.",2025→2026,2025,2026,60010,Azúcar Liquida Neutra S.A.,volumen,761948.4,466182.2,-295766.2,1454.1,887.5,524,525.28
10147,"HERVAR LACTEOS Y ADITIVOS, S.L.",2025→2026,2025,2026,3000050341,Fructosa Maiz Cristal Granulada - ADM  Turquía,vol_precio,26595,17600,-8995,22.75,16,1169.01,1100
10356,"COMA GLOBAL PLUS, S.L.",2025→2026,2025,2026,7200000411,>45 ICUMSA-Peru,prod_perdido,12724.5,null,-12724.5,169.66,null,75,null
534,"MC CONSTRUCTION CHEMICAL SPAIN, S.L.",2025→2026,2025,2026,7500004011,Correfino EEC Nº2 Caña/Rem - Azucarera España,prod_perdido,18332.8,null,-18332.8,27.2,null,674,null
9157,"MAK FOOD COMPANY, S.L.",2025→2026,2025,2026,7500004011,Correfino EEC Nº2 Caña/Rem - Azucarera España,prod_perdido,15720,null,-15720,24,null,655,null
7867,"SINBLAT ALIMENTACION SALUDABLE, S.L.",2025→2026,2025,2026,7300005081,Azúcar Blanco EEC Nº2 Caña - Cosumar  Marruecos,prod_perdido,4224,null,-4224,6.4,null,660,null
7558,HARINAS CASTILLA LA MANCHA S.L,2025→2026,2025,2026,7300016111,Azúcar Blanco EEC Nº2 Caña - Santa Ana Guatemala,prod_perdido,37455.6,null,-37455.6,58.8,null,637,null
499,"MELS CARLET, S.L.",2025→2026,2025,2026,4120002201,Dextrosa Trigo Cristal Monoh VTA-Tereos Belgica,prod_perdido,11250,null,-11250,12.5,null,900,null
450,"LA FLOR BURGALESA, S.L.",2025→2026,2025,2026,1110049321,Maltitol Liquido - Shandong Tianli Pharm-China,prod_perdido,30794.4,null,-30794.4,31.2,null,987,null
4369,"LA TIENDA DEL APICULTOR, S.L.U.",2025→2026,2025,2026,44315,Apipasta PLUS - Pienso para Apicultura,volumen,30534,28192.5,-2341.5,24.36,22.554,1253.45,1250
3699,"GONZALEZ CARBALLAL, S.L.",2025→2026,2025,2026,44335,Azúcar Blanco BIO MP para piensos,volumen,5655.3,2780,-2875.3,4.1,2,1379.34,1390
9658,"AT LA ESPADA, S.L.",2025→2026,2025,2026,4140002201,Dextrosa Trigo Cristal Monoh. HI - Tereos Belgica,prod_perdido,87.45,null,-87.45,0.1,null,874.5,null
4960,"MANUEL MATEO CANDEL, S.L.",2025→2026,2025,2026,1110049321,Maltitol Liquido - Shandong Tianli Pharm-China,prod_perdido,3679,null,-3679,2.6,null,1415,null
6467,"CATALINA FOOD SOLUTIONS, S.L.",2025→2026,2025,2026,7500003011,Correfino EEC Nº2 Caña/Rem - Acor  España,vol_precio,20208,7824,-12384,29.6,12,682.7,652
1635,"IMPEX EUROPA, S.L",2025→2026,2025,2026,65005,Azúcar en polvo LS,prod_perdido,1515.9,null,-1515.9,0.93,null,1630,null
1247,"TURRONES Y ESPECIALIDADES VIAR, S.A.",2025→2026,2025,2026,1210054031,Sorbitol Liquido - Roquette Francia,prod_perdido,1620,null,-1620,1.2,null,1350,null
1751,"ANTONIO ARRAEZ, S.L",2025→2026,2025,2026,60105,"Azúcar PI 73,5-67",volumen,1672.8,7379.14,5706.34,2.402,10.587,696.42,697
1072,"GALVAN FERNANDEZ HERMANOS, S.L.",2025→2026,2025,2026,7400010171,Az. Bl. EEC nº2 Remol. PTE DEST-Sudzucker Alemania,prod_perdido,45144,null,-45144,72,null,627,null
7395,VECO PHARMA SHPK,2025→2026,2025,2026,44315,Apipasta PLUS - Pienso para Apicultura,vol_precio,17178,43050,25872,13.44,34.44,1278.12,1250
430,"MONZO LUIS, S.L.",2025→2026,2025,2026,5100750031,Fructor 10/81 - ADM  Francia CUATRIMESTRAL,prod_perdido,1104,null,-1104,1.2,null,920,null
8350,"MIGA FOODS COMMERCE, S.L.",2025→2026,2025,2026,5205002011,Glucor 37/79 - Tereos  España,volumen,11840.4,31054.14,19213.739999999998,13.2,34.62,897,897
200,MARIN GIMENEZ HNOS. S.A.,2025→2026,2025,2026,61297,Mixco Sweet 72-34.3333,prod_perdido,249140.16,null,-249140.16,273.19,null,911.97,null
1774,"BODEGAS VINIVAL, S.L.",2025→2026,2025,2026,61293,Mixco Sweet 70-55.0045,prod_perdido,17732.22,null,-17732.22,24.06,null,737,null
1624,S.A.T. Nº8192 PEREGRI,2025→2026,2025,2026,62154,Mixco Sweet 80-31.3233 JM,prod_perdido,1548,null,-1548,1.2,null,1290,null
9832,FRANCISCO J. RUBIO JIMENEZ,2025→2026,2025,2026,7800059261,Azúcar BIO Caña NOP - Incauca Colombia,prod_perdido,108.75,null,-108.75,0.075,null,1450,null
9565,NORDIK BUCKFAST,2025→2026,2025,2026,44313,Apipasta Vitaminas 90% - Pienso para Apicultura,volumen,1050,2100,1050,1.05,2.1,1000,1000
10079,"APIGLASS ENVASES Y MATERIAL APICOLA, S.L.U.",2025→2026,2025,2026,44355,Apipasta Nozevit,sin_actividad,0,null,0,0.015,null,0,null
7755,SAS LA CHENERAIE,2025→2026,2025,2026,44313,Apipasta Vitaminas 90% - Pienso para Apicultura,volumen,15660,5850,-9810,15.45,5.85,1013.59,1000
4505,"FIESTA COLOMBINA, S.L.U.",2025→2026,2025,2026,7500004011,Correfino EEC Nº2 Caña/Rem - Azucarera España,prod_perdido,620395,null,-620395,977,null,635,null
4566,"CONFETICAKES, S.L.",2025→2026,2025,2026,60114,"Azúcar PI 73,5-67-C",volumen,19583.25,20364.3,781.0499999999993,23.41,23.958,836.53,850
6048,"BLENDAMA, S.L.",2025→2026,2025,2026,7500004011,Correfino EEC Nº2 Caña/Rem - Azucarera España,prod_perdido,3934.4,null,-3934.4,5.2,null,756.62,null
259,"EUROGRANIZADOS, S.L.U.",2025→2026,2025,2026,60102,Azúcar PI 67-15,vol_precio,340769.9,450142.84,109372.94,729.7,905.72,467,497
7706,"RUIPAN, S.L.",2025→2026,2025,2026,7620010201,Azúcar Perlado 2-Sudzucker Belgica,sin_actividad,0,null,0,0.001,null,0,null
1752,"ROYMY 21, S.L",2025→2026,2025,2026,62150,Jarabe de Melaza de Caña,prod_perdido,24477.75,null,-24477.75,22.77,null,1075,null
10399,INGREDION GERMANY GMBH,2025→2026,2025,2026,61289,Fosvitae 95% Plus 78º,sin_actividad,0,null,0,0.002,null,0,null
6866,"TAMAYO SANCHEZ, Mª LUISA",2025→2026,2025,2026,44301,Azucar Blanco – Materia Prima para Piensos,prod_perdido,4752,null,-4752,7.2,null,660,null
7651,SARL API DISTRIBUTION,2025→2026,2025,2026,44314,Apipasta 90% - BIO - Pienso completo - Apicultura,prod_perdido,8715,null,-8715,5.25,null,1660,null
555,"FORTADUL, S.L.",2025→2026,2025,2026,7500003011,Correfino EEC Nº2 Caña/Rem - Acor  España,prod_perdido,15120,null,-15120,24,null,630,null
8424,"MISSION FOODS IBERIA, S.A.U.",2025→2026,2025,2026,4120002201,Dextrosa Trigo Cristal Monoh VTA-Tereos Belgica,sin_actividad,0,null,0,0.002,null,0,null
9811,"IDEAGRO, S.L.",2025→2026,2025,2026,4120002201,Dextrosa Trigo Cristal Monoh VTA-Tereos Belgica,prod_perdido,8400,null,-8400,10,null,840,null
10265,"OFFSETSAN, LTD",2025→2026,2025,2026,62001,Apimix - Pienso completo - Apicultura,prod_ganado,0,714,714,0.01,0.84,0,850
10397,"SIMON THE BEEKEEPER, LTD",2025→2026,2025,2026,62032,APIMIX INSTANT,prod_perdido,1000,null,-1000,1,null,1000,null
455,"EMILIO PEÑA, S.A.",2025→2026,2025,2026,3010050341,Fructosa Maiz Cristal Polvo - ADM  Turquía,prod_perdido,127800,null,-127800,112.5,null,1136,null
419,"DISTRIBUCIONES JAIME SARRION, S.L.",2025→2026,2025,2026,65030,AZÚCAR EN POLVO LM 48m,prod_perdido,2793.6,null,-2793.6,2.88,null,970,null
5245,"ELGORRIAGA BRANDS, S.A.",2025→2026,2025,2026,7110009141,Azúcar Moreno >2500i - ASR  Belice,prod_perdido,460,null,-460,0.4,null,1150,null
200,MARIN GIMENEZ HNOS. S.A.,2025→2026,2025,2026,61303,Fosvitae R 85 - 74º,sin_actividad,0,null,0,0.001,null,0,null
8025,"SANCHEZ BRENES, MARIA ISABEL",2025→2026,2025,2026,44314,Apipasta 90% - BIO - Pienso completo - Apicultura,prod_perdido,513,null,-513,0.285,null,1800,null
297,"TARBAL FOOD, S.L.",2025→2026,2025,2026,5201054011,Glucor 45/80 - Roquette España,vol_precio,12852,13032,180,10.8,12,1190,1086
7874,"SUGAR GLOBAL TRADING, S.L.",2025→2026,2025,2026,45006,AZÚCAR BLANCO EEC Nº2 C - PQ01 RETAIL – JUST SUGAR,prod_perdido,1420.8,null,-1420.8,1.92,null,740,null
9854,"NORDMANN PORTUGAL, S.A.",2025→2026,2025,2026,61200,Fosvitae 85%,sin_actividad,0,null,0,0.002,null,0,null
577,"FARTONS POLO, S.L.",2025→2026,2025,2026,7300016111,Azúcar Blanco EEC Nº2 Caña - Santa Ana Guatemala,prod_perdido,33396,null,-33396,55.2,null,605,null
3144,"DALLANT, S.A.",2025→2026,2025,2026,3010050341,Fructosa Maiz Cristal Polvo - ADM  Turquía,vol_precio,8960,9060,100,7,7.5,1280,1208
430,"MONZO LUIS, S.L.",2025→2026,2025,2026,61289,Fosvitae 95% Plus 78º,vol_precio,12576.9,18210.2,5633.300000000001,3.71,6.04,3390,3014.93
9990,"POSTRES DE MESA, S.L.",2025→2026,2025,2026,65016,Azúcar en polvo LM Pallet PLT,sin_actividad,-42,null,42,-0.06,null,700,null
10545,"CONCENTRADOS FRUTEROS, S.L.",2025→2026,2025,2026,61302,Mixco Sweet 70-00.5050 UH,volumen,28602.6,953775.12,925172.52,24.7,823.64,1158,1158
7897,"MANDIC OUTMILL MS4, S.L.",2025→2026,2025,2026,44302,Dextrosa Cristal –  Materia Prima para Piensos,volumen,3277.5,3562.5,285,3.45,3.75,950,950
304,"FRANFER, S.A.",2025→2026,2025,2026,5101054011,Fructor 10/77 - Roquette España,vol_precio,1152,2153.8,1001.8000000000002,1.2,2.42,960,890
566,"ALMACENES MIGUEZ 2005,S.L.",2025→2026,2025,2026,62033,Jarabe Hive Alive,sin_actividad,0,0,0,0,9.083,null,0
10259,"NUTRIS, WE CARE ABOUT YOU, S.L.",2025→2026,2025,2026,5200050031,Glucor 60/82 - ADM  Francia,vol_precio,199900.98,273011.61,73110.62999999998,309.924,459.928,645,593.6
2679,"REINA KILAMA, SDAD. COOP.",2025→2026,2025,2026,44313,Apipasta Vitaminas 90% - Pienso para Apicultura,vol_precio,75952.5,73920,-2032.5,71.1,67.2,1068.25,1100
1661,"DELAVIUDA ALIMENTACION, S.A",2025→2026,2025,2026,44093,Fructor 100/80,vol_precio,11534,6960,-4574,7.3,4.8,1580,1450
484,"PRODUCTOS LA PILARICA, S.A.",2025→2026,2025,2026,7500003011,Correfino EEC Nº2 Caña/Rem - Acor  España,volumen,31531.5,7800,-23731.5,47.775,12,660,650
9468,"VALLE AGUIRRE, S.L.",2025→2026,2025,2026,62400,Fondant ES-R01,volumen,3312,1104,-2208,2.88,0.96,1150,1150
5393,ICKOWICZ APICULTURE SAS,2025→2026,2025,2026,44315,Apipasta PLUS - Pienso para Apicultura,volumen,7434,5250,-2184,5.88,4.2,1264.29,1250
582,"HIJOS DE SALVADOR COSTA, S.L.",2025→2026,2025,2026,7400010031,Azúcar Bl. EEC nº2 REMOL - SUDZUCKER FRANCIA,prod_perdido,3539,null,-3539,9.9,null,357.47,null
4002,"ABB MJ FERNANDEZ ARANDA, S.L.",2025→2026,2025,2026,44310,Apipasta 90% - Pienso completo - Apicultura,prod_perdido,1029,null,-1029,1.05,null,980,null
9446,"ALIMENTARIA ADIN, S.L.",2025→2026,2025,2026,7500004011,Correfino EEC Nº2 Caña/Rem - Azucarera España,prod_perdido,4352,null,-4352,6.4,null,680,null
10276,"OLYRA GREEK NUTRITION PRODUCTS SINGLE MEMBER, S.A.",2025→2026,2025,2026,61229,Fosvitae Plus Polvo,sin_actividad,0,null,0,0.001,null,0,null
542,"SDAD.ESPAÑOLA COLOR. NATURALES Y AFINES, S.A.U.",2025→2026,2025,2026,7811070401,Azúcar BIO <500i NO UE - Mitr Laos NOP,vol_precio,4348,10320,5972,4,8,1087,1290
6162,BE ORGANIC KUWAIT FOR HEALTHY FOOD AND PLANTS COMPANY,2025→2026,2025,2026,44310,Apipasta 90% - Pienso completo - Apicultura,prod_perdido,1890,null,-1890,2.1,null,900,null
2860,"ACEITUNAS KARINA, S.L.",2025→2026,2025,2026,3000050341,Fructosa Maiz Cristal Granulada - ADM  Turquía,vol_precio,25740,21310,-4430,20,17.5,1287,1217.71
8247,"ALLJUICEMED, S.L.",2025→2026,2025,2026,61305,Mixco Sweet 68-00.5050 UH,vol_precio,1834250,1459852,-374398,1467.403,1237.645,1250,1179.54
2081,"ZUMOS Y FRUTAS CONCENTRADOS, S.L.",2025→2026,2025,2026,64091,ATI 65º,prod_perdido,127213.63,null,-127213.63,151.99,null,836.99,null
10165,"CEREALTO VB1, S.L.U.",2025→2026,2025,2026,65016,Azúcar en polvo LM Pallet PLT,vol_precio,4308.53,4428.45,119.92000000000007,4.875,5.85,883.8,757
8507,PSIQUIS INNOVA S.L.N.E.,2025→2026,2025,2026,61298,Fosvitae 95% Plus 74º,sin_actividad,0,null,0,0.001,null,0,null
5528,"FERNANDEZ LOPEZ, ANTONIO",2025→2026,2025,2026,62022,Apimix 75 PyV Pienso completo – Apicultura,volumen,960,3500.9,2540.9,1.2,4.46,800,784.96
517,"DUPAN, S.L.",2025→2026,2025,2026,1210054031,Sorbitol Liquido - Roquette Francia,precio,1584,1548,-36,1.2,1.2,1320,1290
9194,"HELADOS JOP, S.L.",2025→2026,2025,2026,5205050031,Glucor 37/79 - ADM  Francia,prod_perdido,4284,null,-4284,3.6,null,1190,null
456,"HELADOS ESTIU, S.A.",2025→2026,2025,2026,61298,Fosvitae 95% Plus 74º,sin_actividad,0,null,0,0.001,null,0,null
566,"ALMACENES MIGUEZ 2005,S.L.",2025→2026,2025,2026,62020,Mix Fructor Apicultor - Pienso completo - Apicult.,volumen,20295.6,11396.8,-8898.8,29.81,16.76,680.83,680
5727,"BOGNER, JOSEPH",2025→2026,2025,2026,44313,Apipasta Vitaminas 90% - Pienso para Apicultura,prod_perdido,19372.5,null,-19372.5,18.9,null,1025,null
9468,"VALLE AGUIRRE, S.L.",2025→2026,2025,2026,65005,Azúcar en polvo LS,prod_perdido,1023.75,null,-1023.75,0.975,null,1050,null
3070,"NAVARRO OLIVA, JOSE",2025→2026,2025,2026,44301,Azucar Blanco – Materia Prima para Piensos,prod_perdido,2600,null,-2600,4,null,650,null
9157,"MAK FOOD COMPANY, S.L.",2025→2026,2025,2026,61310,Mixco Sweet 72-09.6427 M6,sin_actividad,0,null,0,0.02,null,0,null
8836,"AGROCENTROS LEON, S.L.",2025→2026,2025,2026,44313,Apipasta Vitaminas 90% - Pienso para Apicultura,volumen,225763.5,122730,-103033.5,225.6,122.73,1000.72,1000
4383,"MANUFRI, S.L.",2025→2026,2025,2026,44092,Fructor 100/69,vol_precio,5176.8,19375.2,14198.400000000001,3.6,15.6,1438,1242
10323,"GARCIA MARTINEZ, ANTONIO BONIFACIO",2025→2026,2025,2026,40261,Melaza de remolacha - Uso Animal y Agricultura,prod_perdido,7939.5,null,-7939.5,23.7,null,335,null
9257,"VHUMANA, S.A.",2025→2026,2025,2026,60135,"Azúcar PI 73,5-67 VH",vol_precio,54485.9,75530.58,21044.68,71.86,108.21,758.22,698
450,"LA FLOR BURGALESA, S.L.",2025→2026,2025,2026,7800059261,Azúcar BIO Caña NOP - Incauca Colombia,volumen,23123.25,27090,3966.75,17.925,21,1290,1290
6468,"DULCES LA CARTUJA, S.L.",2025→2026,2025,2026,3000750341,Fructosa Maiz Cristal Granulada-ADM Turquía CUATRI,prod_perdido,138.75,null,-138.75,0.075,null,1850,null
7956,"STOCKMEIER QUIMICA, SLU",2025→2026,2025,2026,5200054011,Glucor 60/82 - Roquette  España,sin_actividad,0,null,0,0.001,null,0,null
3111,"GOMEZ MARTIN, HUGO",2025→2026,2025,2026,44315,Apipasta PLUS - Pienso para Apicultura,sin_actividad,0,null,0,1.54,null,0,null
5680,"SALSA WOK, S.L.",2025→2026,2025,2026,62070,Mix Golden Jarabe,volumen,13706.25,7650,-6056.25,10.751,6,1274.88,1275
7115,"RIVERBEND ESPAÑA, S.A",2025→2026,2025,2026,61310,Mixco Sweet 72-09.6427 M6,sin_actividad,0,null,0,0.002,null,0,null
3699,"GONZALEZ CARBALLAL, S.L.",2025→2026,2025,2026,62001,Apimix - Pienso completo - Apicultura,volumen,49997.2,46823.35,-3173.8499999999985,68.24,62.73,732.67,746.43
367,"CASA ROJA MONTEGON, S.L.",2025→2026,2025,2026,5101054011,Fructor 10/77 - Roquette España,vol_precio,2875.2,1576.24,-1298.9599999999998,3.6,2.44,798.67,646
8247,"ALLJUICEMED, S.L.",2025→2026,2025,2026,61284,Mixco Sweet 72-09.6427 B2 SB2,volumen,1943137.2,508435.1,-1434702.1,1639.66,431.78,1185.09,1177.53
10259,"NUTRIS, WE CARE ABOUT YOU, S.L.",2025→2026,2025,2026,7300007131,Azúcar Blanco EEC Nº2 Caña - Cassa  El Salvador,vol_precio,62040,483870,421830,94,762,660,635
2832,DULCES LA ABUELA COOP VNA,2025→2026,2025,2026,1210054031,Sorbitol Liquido - Roquette Francia,vol_precio,27961.11,22149,-5812.110000000001,23.759,19.26,1176.86,1150
458,"CASTY, S.A.",2025→2026,2025,2026,5206050031,Maltor 70/80 - ADM  Francia,vol_precio,120701.9,147196.77,26494.869999999995,216.7,294.684,557,499.51
462,"ROMEDUL, S.L.",2025→2026,2025,2026,7610010201,Azúcar Perlado 1-Sudzucker Belgica,prod_perdido,1492,null,-1492,1,null,1492,null
10268,MILCHWERKE MITTELELBE GMBH,2025→2026,2025,2026,61298,Fosvitae 95% Plus 74º,sin_actividad,0,null,0,0.001,null,0,null
430,"MONZO LUIS, S.L.",2025→2026,2025,2026,7500003011,Correfino EEC Nº2 Caña/Rem - Acor  España,prod_perdido,17160,null,-17160,26.4,null,650,null
2027,"DESTILERIAS AGUILAR, S.A.",2025→2026,2025,2026,60010,Azúcar Liquida Neutra S.A.,vol_precio,32058.6,41606.5,9547.900000000001,46.2,64.01,693.91,650
3111,"GOMEZ MARTIN, HUGO",2025→2026,2025,2026,62001,Apimix - Pienso completo - Apicultura,prod_perdido,7680,null,-7680,9.6,null,800,null
8621,"JUAN FERRI, JUAN JOSE",2025→2026,2025,2026,7400002031,Az Bl. EEC Nº2 Remolacha PTE DEST-Tereos Franci,prod_perdido,792,null,-792,0.8,null,990,null
311,"PROBELTE, S.A.U.",2025→2026,2025,2026,1200051321,Sorbitol Polvo-Shandong Lujian Biologic Tech China,precio,13626,12060,-1566,9,9,1514,1340
473,"MAZALMENDRA, S.L.",2025→2026,2025,2026,7300005081,Azúcar Blanco EEC Nº2 Caña - Cosumar  Marruecos,prod_perdido,48510,null,-48510,77,null,630,null
1918,"OLIVA SANTOS, CASTOR",2025→2026,2025,2026,44301,Azucar Blanco – Materia Prima para Piensos,prod_perdido,5400,null,-5400,8,null,675,null
431,"DICARCONO, S.L.",2025→2026,2025,2026,7300015111,Azúcar Blanco EEC Nº2 Caña - Pantaleon  Guatemala,prod_perdido,14274,null,-14274,24.4,null,585,null
6251,"MIX PAK SYSTEM, S.L.",2025→2026,2025,2026,3010050341,Fructosa Maiz Cristal Polvo - ADM  Turquía,prod_perdido,36150,null,-36150,30,null,1205,null
8890,"AGROTAN NATURA, S.L.",2025→2026,2025,2026,2210037021,Melaza Caña - Sidul  Portugal,prod_perdido,966,null,-966,0.92,null,1050,null
5528,"FERNANDEZ LOPEZ, ANTONIO",2025→2026,2025,2026,99958,Producto Pruebas Apícola ZK-10,sin_actividad,0,null,0,0.05,null,0,null
499,"MELS CARLET, S.L.",2025→2026,2025,2026,44305,Fructor 10/81 – Pienso completo – Apicultura,vol_precio,12637.8,31441.72,18803.920000000002,20.06,59.324,630,530
271,"LABORATORIOS ALMOND, S.L.",2025→2026,2025,2026,65015,Azúcar en polvo LM,volumen,301222.8,206884.8,-94338,418.38,287.34,719.97,720
450,"LA FLOR BURGALESA, S.L.",2025→2026,2025,2026,65005,Azúcar en polvo LS,vol_precio,68334.78,46975.5,-21359.28,85.74,64.35,797,730
1854,"ROYPAS BY NUTRIS, S.A.",2025→2026,2025,2026,7300005081,Azúcar Blanco EEC Nº2 Caña - Cosumar  Marruecos,prod_perdido,42834,null,-42834,64.9,null,660,null
2684,"INDUSTRIAS JIJONENCAS, S.A.",2025→2026,2025,2026,3000050341,Fructosa Maiz Cristal Granulada - ADM  Turquía,vol_precio,7482,14540.75,7058.75,6,12.25,1247,1187
6338,CENTRO NAC. TECNOLOGIA Y SEGURIDAD ALIMENTARIA,2025→2026,2025,2026,61229,Fosvitae Plus Polvo,sin_actividad,0,null,0,0.001,null,0,null
10278,INGREDION INCORPORATED,2025→2026,2025,2026,61303,Fosvitae R 85 - 74º,sin_actividad,0,null,0,0.001,null,0,null
10192,"NEW GARDEN SYSTEM, S.L.",2025→2026,2025,2026,4000050331,Dextrosa Maiz Cristal Monohidrato - ADM  Bulgaria,sin_actividad,0,null,0,0.001,null,0,null
10148,"AYOLABS, S.L.",2025→2026,2025,2026,61229,Fosvitae Plus Polvo,sin_actividad,0,null,0,0.001,null,0,null
10170,"CLINICAL NUTRITION, S.A.U.",2025→2026,2025,2026,61200,Fosvitae 85%,sin_actividad,0,null,0,0.002,null,0,null
5727,"BOGNER, JOSEPH",2025→2026,2025,2026,44315,Apipasta PLUS - Pienso para Apicultura,prod_perdido,2184,null,-2184,1.68,null,1300,null
4561,"AGRICOM, S.R.L.",2025→2026,2025,2026,62035,PIAPI 74 Pienso completo – Apicultura,vol_precio,15876,36948,21072,22.68,61.58,700,600
2975,"ARTUKOLUKE, S.L.",2025→2026,2025,2026,44313,Apipasta Vitaminas 90% - Pienso para Apicultura,prod_perdido,2415,null,-2415,2.1,null,1150,null
9990,"POSTRES DE MESA, S.L.",2025→2026,2025,2026,65015,Azúcar en polvo LM,volumen,116182.5,96768,-19414.5,165.975,138.24,700,700
204,"PERNOD RICARD ESPAÑA, S.A.",2025→2026,2025,2026,60131,Azucar PI 77-50,volumen,1738022,767490.88,-970531.12,2266,1000.64,767,767
7612,DPTO. COMERCIAL,2025→2026,2025,2026,62001,Apimix - Pienso completo - Apicultura,sin_actividad,0,null,0,0.01,null,0,null
450,"LA FLOR BURGALESA, S.L.",2025→2026,2025,2026,5101002011,Fructor 10/77 - Tereos  España,vol_precio,1076.4,2646.5,1570.1,1.2,3.35,897,790
10385,THE QUALITY GROUP GMBH,2025→2026,2025,2026,60302,Lemonox,sin_actividad,0,null,0,0.0011,null,0,null
499,"MELS CARLET, S.L.",2025→2026,2025,2026,7500003011,Correfino EEC Nº2 Caña/Rem - Acor  España,prod_perdido,3360,null,-3360,4.8,null,700,null
2577,"IMPORTACO CASA PONS, S.A.U.",2025→2026,2025,2026,5201750031,Glucor 45/80 - ADM  Francia CUATRIMESTRAL,sin_actividad,0,null,0,0.001,null,0,null
4369,"LA TIENDA DEL APICULTOR, S.L.U.",2025→2026,2025,2026,62000,Mix Idoneo - Pienso Completo - Apicultura,sin_cambio,840,840,0,1.2,1.2,700,700
6314,"LOPEZ AGUDO, PILAR",2025→2026,2025,2026,44314,Apipasta 90% - BIO - Pienso completo - Apicultura,prod_perdido,1221,null,-1221,0.66,null,1850,null
846,"PRODUCTOS ORGANICOS NAT.,S.L.",2025→2026,2025,2026,3010050341,Fructosa Maiz Cristal Polvo - ADM  Turquía,volumen,246.88,395,148.12,0.125,0.2,1975.04,1975
9576,TRINOVA AG,2025→2026,2025,2026,61289,Fosvitae 95% Plus 78º,sin_actividad,0,null,0,0.003,null,0,null
1437,"CEREALTO AGUILAR, S.L.",2025→2026,2025,2026,62150,Jarabe de Melaza de Caña,volumen,89548.32,61526.59,-28021.73000000001,94.56,64.97,947,947
317,"ESTUCHADOS FANNY, S.L.",2025→2026,2025,2026,7230007131,DC Raw Sugar >4000I - Cassa  El Salvador,volumen,4246,5236,990,4.825,5.95,880,880
4561,"AGRICOM, S.R.L.",2025→2026,2025,2026,62001,Apimix - Pienso completo - Apicultura,vol_precio,6394.8,4032,-2362.8,8.28,5.04,772.32,800
428,"PASTELERIA INDUSTRIAL MONTE TURIA, S.A.",2025→2026,2025,2026,60105,"Azúcar PI 73,5-67",vol_precio,34185.04,21569.4,-12615.64,23.098,15.63,1480,1380
769,"ANGEL CAMACHO ALIMENTACION, S.L.",2025→2026,2025,2026,61289,Fosvitae 95% Plus 78º,sin_actividad,0,null,0,0.002,null,0,null
8668,FERDINAND KREUTZER SABAMÜHLE GMBH,2025→2026,2025,2026,61298,Fosvitae 95% Plus 74º,sin_actividad,0,0,0,0.002,0.002,0,0
10494,GARTNERBUTIKKEN APS,2025→2026,2025,2026,62001,Apimix - Pienso completo - Apicultura,prod_perdido,144.5,null,-144.5,0.17,null,850,null
7775,"RUNAKAY PLUS, S.L.",2025→2026,2025,2026,7110009141,Azúcar Moreno >2500i - ASR  Belice,prod_perdido,2300,null,-2300,2,null,1150,null
9520,"GOLOSINAS MININOLAS, S.L.U.",2025→2026,2025,2026,43054,MALTITOL EN POLVO E-965i,prod_perdido,1040,null,-1040,0.4,null,2600,null
9994,AUDE API,2025→2026,2025,2026,44310,Apipasta 90% - Pienso completo - Apicultura,volumen,1755,5751,3996,1.95,6.39,900,900
7558,HARINAS CASTILLA LA MANCHA S.L,2025→2026,2025,2026,5101002011,Fructor 10/77 - Tereos  España,vol_precio,4260,4672.8,412.8000000000002,6,7.2,710,649
4997,"PRODUCTOS LA MULATA, S.L.",2025→2026,2025,2026,5205002011,Glucor 37/79 - Tereos  España,vol_precio,3660.56,9044,5383.4400000000005,2.504,5.95,1461.88,1520
237,"DULCES SANTA CRUZ, S.L.",2025→2026,2025,2026,1210054031,Sorbitol Liquido - Roquette Francia,precio,4584,4458,-126,3.6,3.6,1273.33,1238.33
1385,"TRADING SURESTE, S.L.",2025→2026,2025,2026,45006,AZÚCAR BLANCO EEC Nº2 C - PQ01 RETAIL – JUST SUGAR,prod_perdido,16560,null,-16560,24,null,690,null
522,"MACROSNACKS, S.L.U.",2025→2026,2025,2026,7500003011,Correfino EEC Nº2 Caña/Rem - Acor  España,prod_perdido,19562.4,null,-19562.4,31.2,null,627,null
8003,"OBLEAS QUINTIN, S.L.",2025→2026,2025,2026,4000050331,Dextrosa Maiz Cristal Monohidrato - ADM  Bulgaria,prod_perdido,2223,null,-2223,2.525,null,880.4,null
614,"MANUFACTURAS TABERNER,S.A.",2025→2026,2025,2026,7110009141,Azúcar Moreno >2500i - ASR  Belice,prod_perdido,327.25,null,-327.25,0.275,null,1190,null
5528,"FERNANDEZ LOPEZ, ANTONIO",2025→2026,2025,2026,44355,Apipasta Nozevit,sin_actividad,0,null,0,0.015,null,0,null
2256,"DULCES Y CONSERVAS HELIOS, S.A.",2025→2026,2025,2026,1110073320,Maltitol Liquido-Huakang China,prod_perdido,20007,null,-20007,23.4,null,855,null
9463,"ADIEGO HERMANOS, S.A.",2025→2026,2025,2026,1210054031,Sorbitol Liquido - Roquette Francia,volumen,89916.6,70276.8,-19639.800000000003,91.896,73.13,978.46,960.98
8350,"MIGA FOODS COMMERCE, S.L.",2025→2026,2025,2026,5205050031,Glucor 37/79 - ADM  Francia,volumen,26083.2,17222.4,-8860.8,28.8,19.2,905.67,897
3479,"LA TAHONA DE UTIEL, S.L.",2025→2026,2025,2026,60105,"Azúcar PI 73,5-67",vol_precio,16008,30524.13,14516.130000000001,12,26.089,1334,1170
9463,"ADIEGO HERMANOS, S.A.",2025→2026,2025,2026,1200049321,Sorbitol Polvo-Shandong Tianli Pharm. China,prod_perdido,1395,null,-1395,0.9,null,1550,null
8424,"MISSION FOODS IBERIA, S.A.U.",2025→2026,2025,2026,4000050331,Dextrosa Maiz Cristal Monohidrato - ADM  Bulgaria,prod_perdido,23425,null,-23425,25,null,937,null
212,"JARCA TURRONES Y DULCES, S.L.",2025→2026,2025,2026,5201050031,Glucor 45/80 - ADM  Francia,prod_perdido,1127.7,null,-1127.7,1.26,null,895,null
516,"PAIARROP, S.L.",2025→2026,2025,2026,7300039291,Azúcar Blanco EEC Nº2 Caña - Kampong Speu Camboya,sin_actividad,-156.24,null,156.24,-0.248,null,630,null
367,"CASA ROJA MONTEGON, S.L.",2025→2026,2025,2026,5101002011,Fructor 10/77 - Tereos  España,prod_perdido,2325.6,null,-2325.6,3.6,null,646,null
10516,"AGROMEDITERRANEA CABO DE GATA, S.L.",2025→2026,2025,2026,60251,Azúcar TIEN 67-100 R,prod_perdido,12889.54,null,-12889.54,24.74,null,521,null
3225,"SURIVAN FEEL THE TASTE, S.L.",2025→2026,2025,2026,3000050341,Fructosa Maiz Cristal Granulada - ADM  Turquía,prod_perdido,1737.5,null,-1737.5,1.25,null,1390,null
542,"SDAD.ESPAÑOLA COLOR. NATURALES Y AFINES, S.A.U.",2025→2026,2025,2026,7401002031,Az. Bl. EEC nº2 Remol CON TURBIDEZ-Tereos Francia,prod_perdido,15120,null,-15120,24,null,630,null
8462,"CAPEL VINOS, S.A.",2025→2026,2025,2026,61255,Mixco Sweet 71-00.2446,prod_perdido,63452.4,null,-63452.4,96.141,null,659.99,null
10500,APIS INTERNATIONAL B.V.,2025→2026,2025,2026,44314,Apipasta 90% - BIO - Pienso completo - Apicultura,volumen,102,1785,1683,0.06,1.05,1700,1700
535,"FRIMAR PANADEROS, S.L.",2025→2026,2025,2026,4000050331,Dextrosa Maiz Cristal Monohidrato - ADM  Bulgaria,prod_perdido,7290,null,-7290,5.4,null,1350,null
10222,"CHRISTIAN GRAZE, FABRIK FUR BIENENZUCHTGERATE UN MOBEL, OHG",2025→2026,2025,2026,44315,Apipasta PLUS - Pienso para Apicultura,prod_perdido,1092,null,-1092,0.84,null,1300,null
8003,"OBLEAS QUINTIN, S.L.",2025→2026,2025,2026,1110049321,Maltitol Liquido - Shandong Tianli Pharm-China,prod_perdido,8047,null,-8047,7.8,null,1031.67,null
401,"SOLER GIMENO, S.L.",2025→2026,2025,2026,5205050031,Glucor 37/79 - ADM  Francia,vol_precio,14051.61,12822.47,-1229.1400000000012,23.938,24.898,587,515
4369,"LA TIENDA DEL APICULTOR, S.L.U.",2025→2026,2025,2026,44301,Azucar Blanco – Materia Prima para Piensos,vol_precio,15879,24115,8236,23.7,37.1,670,650
9833,DONNY G APICOLE SRL,2025→2026,2025,2026,44315,Apipasta PLUS - Pienso para Apicultura,vol_precio,7518,4200,-3318,5.88,3.36,1278.57,1250
5924,"GRUPO DISTRIBUIDOR GARAU, S.L.",2025→2026,2025,2026,45006,AZÚCAR BLANCO EEC Nº2 C - PQ01 RETAIL – JUST SUGAR,prod_perdido,109296,null,-109296,158.4,null,690,null
542,"SDAD.ESPAÑOLA COLOR. NATURALES Y AFINES, S.A.U.",2025→2026,2025,2026,43006,MALTITOL 55/72,vol_precio,49152.6,70326.96,21174.360000000008,49.8,75.88,987,926.82
5924,"GRUPO DISTRIBUIDOR GARAU, S.L.",2025→2026,2025,2026,7500004011,Correfino EEC Nº2 Caña/Rem - Azucarera España,prod_perdido,3120,null,-3120,4.8,null,650,null
10274,"ALVAREZ DIAZ, JACINTO",2025→2026,2025,2026,44314,Apipasta 90% - BIO - Pienso completo - Apicultura,prod_perdido,1536.75,null,-1536.75,0.84,null,1829.46,null
1023,"TORRONS VICENS, S.L.",2025→2026,2025,2026,5201002011,Glucor 45/80 - Tereos España,prod_perdido,1134,null,-1134,1.2,null,945,null
9743,SAS NORDMANN FRANCE,2025→2026,2025,2026,61298,Fosvitae 95% Plus 74º,sin_actividad,0,null,0,0.001,null,0,null
7171,"QUIRANTE FRUITS, S.L.",2025→2026,2025,2026,61302,Mixco Sweet 70-00.5050 UH,volumen,9653645.74,1713029.4,-7940616.34,8334.488,1479.3,1158.28,1158
266,"IBER COCKTAIL, S.L.",2025→2026,2025,2026,7300037021,Azúcar Blanco EEC Nº2 Caña - Sidul  Portugal,prod_perdido,57.75,null,-57.75,0.075,null,770,null
527,"CARNICAS SERRANO, S.L.",2025→2026,2025,2026,4000050331,Dextrosa Maiz Cristal Monohidrato - ADM  Bulgaria,vol_precio,17200,24400,7200,20.001,30,859.96,813.33
3154,"FRIAS NUTRICION, S.A.",2025→2026,2025,2026,44093,Fructor 100/80,prod_perdido,45357.2,null,-45357.2,46.76,null,970,null
2646,"PERALES RODRIGUEZ, JOSE LUIS",2025→2026,2025,2026,5201054011,Glucor 45/80 - Roquette España,sin_cambio,1380,1380,0,1.2,1.2,1150,1150
8836,"AGROCENTROS LEON, S.L.",2025→2026,2025,2026,44314,Apipasta 90% - BIO - Pienso completo - Apicultura,prod_perdido,3735,null,-3735,2.49,null,1500,null
6645,"TURRONES EL ROMERO, S.A.",2025→2026,2025,2026,7500003011,Correfino EEC Nº2 Caña/Rem - Acor  España,prod_perdido,14268.8,null,-14268.8,22.4,null,637,null
1864,MELAZAHAR COOP. V.,2025→2026,2025,2026,62001,Apimix - Pienso completo - Apicultura,vol_precio,11463.5,2896,-8567.5,13.91,3.62,824.12,800
1470,"CROP SALSA, S.A.",2025→2026,2025,2026,5101002011,Fructor 10/77 - Tereos  España,prod_ganado,0,5652,5652,0.002,7.2,0,785
6267,"JUMEL ALIMENTARIA, S.A.",2025→2026,2025,2026,2210037021,Melaza Caña - Sidul  Portugal,prod_perdido,1428,null,-1428,1.201,null,1189.01,null
430,"MONZO LUIS, S.L.",2025→2026,2025,2026,7300005081,Azúcar Blanco EEC Nº2 Caña - Cosumar  Marruecos,prod_perdido,84565,null,-84565,130.1,null,650,null
10558,"AMATO TECH, S.L.",2025→2026,2025,2026,5201002011,Glucor 45/80 - Tereos España,sin_actividad,0,null,0,0.001,null,0,null
3049,"LA GRANJA FOODS 1959, S.L.",2025→2026,2025,2026,7110009141,Azúcar Moreno >2500i - ASR  Belice,prod_perdido,18296.25,null,-18296.25,21.525,null,850,null
6151,"FRULACT, S.A.",2025→2026,2025,2026,7250007131,DC Raw Sugar 2000-3500i - Cassa El Salvador,sin_actividad,0,null,0,0.001,null,0,null
9811,"IDEAGRO, S.L.",2025→2026,2025,2026,4140054031,Dextrosa Trigo Cristal Monoh HI - Roquette Francia,prod_perdido,8400,null,-8400,10,null,840,null
5528,"FERNANDEZ LOPEZ, ANTONIO",2025→2026,2025,2026,62032,APIMIX INSTANT,sin_actividad,0,null,0,0.02,null,0,null
440,"MAZAPANES Y DULCES DE TOLEDO, S.A.",2025→2026,2025,2026,5101054011,Fructor 10/77 - Roquette España,sin_cambio,1500,1500,0,1.2,1.2,1250,1250
769,"ANGEL CAMACHO ALIMENTACION, S.L.",2025→2026,2025,2026,7500004011,Correfino EEC Nº2 Caña/Rem - Azucarera España,prod_perdido,194012,null,-194012,334,null,580.87,null
1000,CLIENTES VARIOS (CONTADO),2025→2026,2025,2026,7110009141,Azúcar Moreno >2500i - ASR  Belice,prod_perdido,5,null,-5,0.005,null,1000,null
10107,SAMECA PRODUTOS QUIMICOS SA,2025→2026,2025,2026,62070,Mix Golden Jarabe,sin_actividad,0,null,0,0.004,null,0,null
481,"EL CATETO, S.L.",2025→2026,2025,2026,1110071320,Maltitol Liquido – Shandong Grain Rain China,volumen,936,5538,4602,1.3,7.8,720,710
3790,"DULYMAZ, S.L.",2025→2026,2025,2026,5200054011,Glucor 60/82 - Roquette  España,vol_precio,2112,2808,696,2.4,3.6,880,780
4566,"CONFETICAKES, S.L.",2025→2026,2025,2026,7300016111,Azúcar Blanco EEC Nº2 Caña - Santa Ana Guatemala,prod_perdido,35100,null,-35100,60,null,585,null
5045,"DADELOS AGRICOLA, S.L.",2025→2026,2025,2026,44303,Fructosa Cristal – Materia Prima para Piensos,volumen,51996.5,23650,-28346.5,47.6,22,1092.36,1075
10044,"CREACIONES JUGAVI, S.L.",2025→2026,2025,2026,7600010031,Azúcar Granulado Extrafino XF-Sudzucker Francia,sin_actividad,0,null,0,0.001,null,0,null
430,"MONZO LUIS, S.L.",2025→2026,2025,2026,7500004011,Correfino EEC Nº2 Caña/Rem - Azucarera España,prod_perdido,1040,null,-1040,1.6,null,650,null
6449,"PRODEL AGRICOLA, S.L.",2025→2026,2025,2026,44313,Apipasta Vitaminas 90% - Pienso para Apicultura,vol_precio,16170,26250,10080,14.7,27.3,1100,961.54
5680,"SALSA WOK, S.L.",2025→2026,2025,2026,62071,Mix Golden Jarabe Alto Color,sin_actividad,0,null,0,0.001,null,0,null
1314,"MANUFACTURAS PIBERNAT, S.L.",2025→2026,2025,2026,7300037021,Azúcar Blanco EEC Nº2 Caña - Sidul  Portugal,volumen,30789,75400,44611,46.65,116,660,650
8795,"ADISTAFARMA, S.L.",2025→2026,2025,2026,61289,Fosvitae 95% Plus 78º,sin_actividad,0,null,0,0.001,null,0,null
2256,"DULCES Y CONSERVAS HELIOS, S.A.",2025→2026,2025,2026,1110049321,Maltitol Liquido - Shandong Tianli Pharm-China,prod_perdido,106359.2,null,-106359.2,117.38,null,906.11,null
1415,"MEMBRILLO EMILY, S.L.",2025→2026,2025,2026,2210037021,Melaza Caña - Sidul  Portugal,sin_actividad,0,null,0,0.002,null,0,null
523,"CORALIM INGREDIENTS, S.L.",2025→2026,2025,2026,5101002011,Fructor 10/77 - Tereos  España,prod_perdido,5100,null,-5100,6,null,850,null
418,"MANUFACTURAS CEYLAN, S.L.",2025→2026,2025,2026,7110009141,Azúcar Moreno >2500i - ASR  Belice,prod_perdido,4994,null,-4994,4,null,1248.5,null
496,"BODEGAS Y DESTILERIAS VIDAL, S.L.",2025→2026,2025,2026,60136,Mixco Sweet 71-01.4450,prod_ganado,0,56760,56760,0.001,189.201,0,300
546,"E.MORENO, S.L.",2025→2026,2025,2026,7500003011,Correfino EEC Nº2 Caña/Rem - Acor  España,prod_perdido,14364,null,-14364,22.8,null,630,null
10522,CARL FRITZ IMKERTECHNIK GMBH & CO. KG,2025→2026,2025,2026,44315,Apipasta PLUS - Pienso para Apicultura,prod_ganado,0,11550,11550,0.1,9.24,0,1250
9833,DONNY G APICOLE SRL,2025→2026,2025,2026,44313,Apipasta Vitaminas 90% - Pienso para Apicultura,vol_precio,5460,6300,840,5.25,6.3,1040,1000
10471,"MIELES IBERICAS, S.L.U",2025→2026,2025,2026,62020,Mix Fructor Apicultor - Pienso completo - Apicult.,sin_cambio,3504,3533.2,29.199999999999818,4.8,4.84,730,730
419,"DISTRIBUCIONES JAIME SARRION, S.L.",2025→2026,2025,2026,45006,AZÚCAR BLANCO EEC Nº2 C - PQ01 RETAIL – JUST SUGAR,prod_perdido,2294.4,null,-2294.4,2.88,null,796.67,null
317,"ESTUCHADOS FANNY, S.L.",2025→2026,2025,2026,7300007131,Azúcar Blanco EEC Nº2 Caña - Cassa  El Salvador,volumen,7380,51660,44280,12,84,615,615
1396,"BARCELONESA DE DROG. Y PRODUCT. QUIMICOS, S.A.",2025→2026,2025,2026,3010050341,Fructosa Maiz Cristal Polvo - ADM  Turquía,vol_precio,5950,20672.5,14722.5,5,18.725,1190,1104.01
297,"TARBAL FOOD, S.L.",2025→2026,2025,2026,7300005081,Azúcar Blanco EEC Nº2 Caña - Cosumar  Marruecos,vol_precio,7821,10945,3124,9.9,15.4,790,710.71
4561,"AGRICOM, S.R.L.",2025→2026,2025,2026,44314,Apipasta 90% - BIO - Pienso completo - Apicultura,vol_precio,38010,30922.5,-7087.5,25.2,19.95,1508.33,1550
10142,NORDMANN NORDIC AB,2025→2026,2025,2026,61289,Fosvitae 95% Plus 78º,sin_actividad,0,null,0,0.001,null,0,null
433,"SANCHIS MIRA, S.A.",2025→2026,2025,2026,61119,Mixco Sweet 76-45.2127,precio,58343.5,56220,-2123.5,60.965,60,957,937
4002,"ABB MJ FERNANDEZ ARANDA, S.L.",2025→2026,2025,2026,1110049321,Maltitol Liquido - Shandong Tianli Pharm-China,prod_perdido,2392,null,-2392,2.6,null,920,null
405,"CHOVI, S.L.",2025→2026,2025,2026,2210037021,Melaza Caña - Sidul  Portugal,prod_perdido,1428,null,-1428,1.2,null,1190,null
445,"PASTELERIA ARROYO SANCHEZ, S.L.U.",2025→2026,2025,2026,7500003011,Correfino EEC Nº2 Caña/Rem - Acor  España,prod_perdido,15000,null,-15000,24,null,625,null
1771,"EL CASERIO, S.A",2025→2026,2025,2026,7300016111,Azúcar Blanco EEC Nº2 Caña - Santa Ana Guatemala,prod_perdido,29754.48,null,-29754.48,49.84,null,597,null
2684,"INDUSTRIAS JIJONENCAS, S.A.",2025→2026,2025,2026,3010050341,Fructosa Maiz Cristal Polvo - ADM  Turquía,prod_perdido,1558.75,null,-1558.75,1.25,null,1247,null
297,"TARBAL FOOD, S.L.",2025→2026,2025,2026,5201050031,Glucor 45/80 - ADM  Francia,vol_precio,3974.6,16692,12717.4,3.34,15.6,1190,1070
208,"LICORES Y DERIVADOS, S.A.",2025→2026,2025,2026,60010,Azúcar Liquida Neutra S.A.,vol_precio,202462.56,164330.4,-38132.16,403.36,316.02,501.94,520
542,"SDAD.ESPAÑOLA COLOR. NATURALES Y AFINES, S.A.U.",2025→2026,2025,2026,2210037021,Melaza Caña - Sidul  Portugal,vol_precio,78034.4,49352.49,-28681.909999999996,74,51.57,1054.52,957
492,"ENRIQUE GARRIGOS MONERRIS, S.A.",2025→2026,2025,2026,60119,Azúcar PI 74-50,vol_precio,71512.24,52488.8,-19023.440000000002,143.96,100.94,496.75,520
3886,"COMPAÑIA AGRICOLA INDUSTRIAL SANTA ANA, S.A.",2025→2026,2025,2026,7230007131,DC Raw Sugar >4000I - Cassa  El Salvador,sin_actividad,0,null,0,0.001,null,0,null
1854,"ROYPAS BY NUTRIS, S.A.",2025→2026,2025,2026,5200050031,Glucor 60/82 - ADM  Francia,prod_perdido,113037.8,null,-113037.8,170.124,null,664.44,null
10519,"EPSA ADITIVOS ALIMENTARIOS, S.L.",2025→2026,2025,2026,3010050341,Fructosa Maiz Cristal Polvo - ADM  Turquía,volumen,49500,218798,169298,45,199.7,1100,1095.63
9535,"COMPAÑIA CERVECERA DAMM, S.L.",2025→2026,2025,2026,7500004011,Correfino EEC Nº2 Caña/Rem - Azucarera España,prod_perdido,32565.44,null,-32565.44,54.64,null,596,null
10079,"APIGLASS ENVASES Y MATERIAL APICOLA, S.L.U.",2025→2026,2025,2026,62032,APIMIX INSTANT,sin_actividad,0,null,0,0.025,null,0,null
9157,"MAK FOOD COMPANY, S.L.",2025→2026,2025,2026,61286,Mixco Sweet 72-66.1717,sin_actividad,0,0,0,0.002,0.019,0,0
2801,"JOSE MARIA BOU, S.L.",2025→2026,2025,2026,7800059261,Azúcar BIO Caña NOP - Incauca Colombia,vol_precio,4372.88,2700,-1672.88,2.925,2,1495,1350
8247,"ALLJUICEMED, S.L.",2025→2026,2025,2026,61282,Mixco Sweet 72-00.5050 RC V2,vol_precio,1262197.31,2548843.38,1286646.0699999998,1245.53,3216.54,1013.38,792.42
6045,"BODEGAS WILLIAMS & HUMBERT, S.A.",2025→2026,2025,2026,60010,Azúcar Liquida Neutra S.A.,vol_precio,480009.94,216491,-263518.94,1019.1,393.62,471.01,550
6338,CENTRO NAC. TECNOLOGIA Y SEGURIDAD ALIMENTARIA,2025→2026,2025,2026,99950,Producto de Pruebas Líquido - 1,sin_actividad,0,null,0,0.006,null,0,null
10262,"SIDORENKO INGREDIENTS, LTD.",2025→2026,2025,2026,61289,Fosvitae 95% Plus 78º,vol_precio,1061.2,2127.6,1066.3999999999999,0.562,1.2,1888.26,1773
6645,"TURRONES EL ROMERO, S.A.",2025→2026,2025,2026,61235,Mixco Sweet 74-50.0516,vol_precio,50324.82,39332.7,-10992.120000000003,99.26,79.46,507,495
933,"DULCESTEPA, S.A.",2025→2026,2025,2026,7300019071,Azúcar Blanco EEC Nº2 Caña - Antei/Cevital Argelia,prod_perdido,52668,null,-52668,83.6,null,630,null
10148,"AYOLABS, S.L.",2025→2026,2025,2026,61298,Fosvitae 95% Plus 74º,sin_actividad,0,null,0,0.002,null,0,null
4429,"UMBRELLA F&FI, S.L. ",2025→2026,2025,2026,3010050341,Fructosa Maiz Cristal Polvo - ADM  Turquía,prod_perdido,1687.5,null,-1687.5,1.25,null,1350,null
10514,"ARTESANOS VIRGEN DE EXTREMADURA, S.L.",2025→2026,2025,2026,5201002011,Glucor 45/80 - Tereos España,prod_perdido,1380,null,-1380,1.2,null,1150,null
9157,"MAK FOOD COMPANY, S.L.",2025→2026,2025,2026,64097,Mixco Sweet 72-30.3535 100 ICU,prod_perdido,756732.54,0,-756732.54,689.825,0.003,1096.99,0
9867,"ALETTA DEVELOPMENTS, S.L.",2025→2026,2025,2026,64091,ATI 65º,prod_perdido,317862.56,null,-317862.56,380,null,836.48,null
4383,"MANUFRI, S.L.",2025→2026,2025,2026,60000,Azúcar Líquida Neutra 67º,prod_perdido,90524.64,null,-90524.64,219.72,null,412,null
2577,"IMPORTACO CASA PONS, S.A.U.",2025→2026,2025,2026,65007,Azúcar en polvo LS Pallet Plast. CHEP,vol_precio,49395.75,30375,-19020.75,56.775,40.5,870.03,750
396,"AGROTRANSFORMADOS, S.A.",2025→2026,2025,2026,60000,Azúcar Líquida Neutra 67º,vol_precio,251043.64,252144,1100.359999999986,523.08,579.82,479.93,434.87
9811,"IDEAGRO, S.L.",2025→2026,2025,2026,4100002201,Dextrosa Trigo Cristal Monoh PTE DEST-Tereos Belgi,prod_perdido,8400,null,-8400,10,null,840,null
499,"MELS CARLET, S.L.",2025→2026,2025,2026,44301,Azucar Blanco – Materia Prima para Piensos,prod_perdido,10848,null,-10848,16,null,678,null
1661,"DELAVIUDA ALIMENTACION, S.A",2025→2026,2025,2026,61298,Fosvitae 95% Plus 74º,volumen,1775,20448,18673,1.251,14.4,1418.86,1420
8480,"FLORGALA, S.L.",2025→2026,2025,2026,62401,Fondant ES-R02,vol_precio,35707.71,42697.08,6989.370000000003,35.385,43.965,1009.12,971.16
455,"EMILIO PEÑA, S.A.",2025→2026,2025,2026,65015,Azúcar en polvo LM,prod_perdido,955.5,null,-955.5,0.975,null,980,null
9206,"TRIAS GALLETES-BISCUITS, S.A.",2025→2026,2025,2026,7300016111,Azúcar Blanco EEC Nº2 Caña - Santa Ana Guatemala,prod_perdido,14363.3,null,-14363.3,24.14,null,595,null
7775,"RUNAKAY PLUS, S.L.",2025→2026,2025,2026,7800059261,Azúcar BIO Caña NOP - Incauca Colombia,vol_precio,1248,1495,247,0.8,1,1560,1495
10487,"FABRICA DE LICORS LA MANRESANA, S.L.",2025→2026,2025,2026,5101054011,Fructor 10/77 - Roquette España,sin_actividad,0,null,0,0.002,null,0,null
3156,"FINI GOLOSINAS ESPAÑA, S.L.U.",2025→2026,2025,2026,2210037021,Melaza Caña - Sidul  Portugal,sin_actividad,0,null,0,0.011,null,0,null
775,"NATRA CACAO,S.L.",2025→2026,2025,2026,7300039291,Azúcar Blanco EEC Nº2 Caña - Kampong Speu Camboya,prod_perdido,25498,null,-25498,35.92,null,709.86,null
1774,"BODEGAS VINIVAL, S.L.",2025→2026,2025,2026,60000,Azúcar Líquida Neutra 67º,prod_perdido,17516.48,null,-17516.48,32.646,null,536.56,null
3187,"AZELIS ESPAÑA, S.A.",2025→2026,2025,2026,3010050341,Fructosa Maiz Cristal Polvo - ADM  Turquía,vol_precio,7550,4650,-2900,6.25,3.752,1208,1239.34
5998,"FRANCISCO ARAGON, S.L.U.",2025→2026,2025,2026,5201002011,Glucor 45/80 - Tereos España,volumen,3516,1758,-1758,2.4,1.2,1465,1465
609,"ALBORCHATA,S.L.",2025→2026,2025,2026,7500003011,Correfino EEC Nº2 Caña/Rem - Acor  España,prod_perdido,17800,null,-17800,20,null,890,null
9157,"MAK FOOD COMPANY, S.L.",2025→2026,2025,2026,61292,Mixco Sweet 72-00.5050 M1A,sin_actividad,0,null,0,0.008,null,0,null
8476,"ANITIN JEREZ, S.L.U.",2025→2026,2025,2026,7500004011,Correfino EEC Nº2 Caña/Rem - Azucarera España,prod_perdido,7404,null,-7404,12,null,617,null
8994,"NATURECO, S.L.",2025→2026,2025,2026,61287,Fosvitae 95% Plus BIO ES-ECO-024-MU Agric. UE,sin_actividad,0,null,0,0.001,null,0,null
1538,"GOMEZ SILLERO, JOSE ANTONIO",2025→2026,2025,2026,44301,Azucar Blanco – Materia Prima para Piensos,prod_perdido,6080,null,-6080,9.5,null,640,null
1430,"BYC CHEMICAL, S.L.",2025→2026,2025,2026,4000050331,Dextrosa Maiz Cristal Monohidrato - ADM  Bulgaria,vol_precio,35512.5,27217.5,-8295,33.75,28.65,1052.22,950
10348,"SCHREIBER DE CANARIAS, S.L.",2025→2026,2025,2026,2331065321,FOS 95% Polvo-Shandong Starlight So True China,volumen,4342.5,2171.25,-2171.25,1.5,0.75,2895,2895
5528,"FERNANDEZ LOPEZ, ANTONIO",2025→2026,2025,2026,44313,Apipasta Vitaminas 90% - Pienso para Apicultura,volumen,153351.6,76746.75,-76604.85,156.15,78.9,982.08,972.71
4369,"LA TIENDA DEL APICULTOR, S.L.U.",2025→2026,2025,2026,44304,Azucar Polvo LS – Pienso completo – Apicultura,volumen,3071.25,1023.75,-2047.5,2.925,0.975,1050,1050
450,"LA FLOR BURGALESA, S.L.",2025→2026,2025,2026,65008,Azúcar en polvo LS Pallet EUR,prod_perdido,4303.8,null,-4303.8,5.4,null,797,null
7884,"SONTRAVENTO, LLC",2025→2026,2025,2026,44315,Apipasta PLUS - Pienso para Apicultura,sin_cambio,1134,1134,0,0.84,0.84,1350,1350
418,"MANUFACTURAS CEYLAN, S.L.",2025→2026,2025,2026,7600004011,Azúcar Granulado Extrafino-Azucarera España,prod_perdido,4914,null,-4914,5.4,null,910,null
10500,APIS INTERNATIONAL B.V.,2025→2026,2025,2026,62032,APIMIX INSTANT,vol_precio,70,236.25,166.25,0.07,0.225,1000,1050
455,"EMILIO PEÑA, S.A.",2025→2026,2025,2026,5101002011,Fructor 10/77 - Tereos  España,prod_perdido,2844,null,-2844,3.6,null,790,null
528,"MANUFACTURAS COVISAL, S.L.",2025→2026,2025,2026,7500004011,Correfino EEC Nº2 Caña/Rem - Azucarera España,prod_perdido,1152,null,-1152,1.6,null,720,null
1646,"NAVARRO SALA, JOSE",2025→2026,2025,2026,44301,Azucar Blanco – Materia Prima para Piensos,prod_perdido,536,null,-536,0.8,null,670,null
215,"MARTIN BRAUN, S.A.",2025→2026,2025,2026,1210002031,Sorbitol Liquido - Tereos Francia,prod_perdido,1428,null,-1428,1.2,null,1190,null
8795,"ADISTAFARMA, S.L.",2025→2026,2025,2026,1110049321,Maltitol Liquido - Shandong Tianli Pharm-China,prod_perdido,30992,null,-30992,20.8,null,1490,null
10486,"GRANJA SAN FRANCISCO, S.L.U.",2025→2026,2025,2026,65015,Azúcar en polvo LM,sin_actividad,0,null,0,0.005,null,0,null
3203,ASOCIACION DE APICULTORES DE GORBEA,2025→2026,2025,2026,44313,Apipasta Vitaminas 90% - Pienso para Apicultura,sin_actividad,0,null,0,0,null,null,null
4002,"ABB MJ FERNANDEZ ARANDA, S.L.",2025→2026,2025,2026,7300019071,Azúcar Blanco EEC Nº2 Caña - Antei/Cevital Argelia,vol_precio,34782,9680,-25102,56.1,17.6,620,550
211,"MARTINEZ NIETO, S.A.",2025→2026,2025,2026,2331065321,FOS 95% Polvo-Shandong Starlight So True China,sin_actividad,0,null,0,0.001,null,0,null
8003,"OBLEAS QUINTIN, S.L.",2025→2026,2025,2026,7600002031,Azúcar Granulado Extrafino-Tereos Francia,prod_perdido,6744.5,null,-6744.5,8.225,null,820,null
2850,"AMC NATURAL DRINKS, S.L.",2025→2026,2025,2026,60000,Azúcar Líquida Neutra 67º,prod_perdido,55776.82,null,-55776.82,97.46,null,572.3,null
2057,"BACK EUROP ESPAÑA, S.L",2025→2026,2025,2026,5205054011,Glucor 37/79 - Roquette España,prod_perdido,1740,null,-1740,1.2,null,1450,null
430,"MONZO LUIS, S.L.",2025→2026,2025,2026,7300016111,Azúcar Blanco EEC Nº2 Caña - Santa Ana Guatemala,prod_perdido,10400,null,-10400,16,null,650,null
10491,MIGADI MONOPROSOPI IKE,2025→2026,2025,2026,44310,Apipasta 90% - Pienso completo - Apicultura,vol_precio,9765,37245,27480,10.5,41.25,930,902.91
1661,"DELAVIUDA ALIMENTACION, S.A",2025→2026,2025,2026,40207,Azúcar BIO <45 ES-ECO-024-MU Ag UE REMOLACHA,prod_perdido,2842.5,null,-2842.5,2.25,null,1263.33,null
10530,KINGS CROWN TRADING COMPANY,2025→2026,2025,2026,62032,APIMIX INSTANT,sin_actividad,0,null,0,0.01,null,0,null
7950,LES RUCHERS DU TALUS,2025→2026,2025,2026,44314,Apipasta 90% - BIO - Pienso completo - Apicultura,vol_precio,1732.5,3060,1327.5,1.05,1.8,1650,1700
10079,"APIGLASS ENVASES Y MATERIAL APICOLA, S.L.U.",2025→2026,2025,2026,99958,Producto Pruebas Apícola ZK-10,sin_actividad,0,null,0,0.025,null,0,null
248,"CONSERVAS EL VALLE, S.L.",2025→2026,2025,2026,61170,Mix Maltitol Sorbitol MS 74-8020,prod_perdido,1698,null,-1698,1.2,null,1415,null
1294,"SOREAL-ILOU, S.A.U.",2025→2026,2025,2026,62150,Jarabe de Melaza de Caña,volumen,27158.4,20213.84,-6944.560000000001,23.88,17.92,1137.29,1128
2007,"PAREDES CEREZO, MIGUEL ANGEL",2025→2026,2025,2026,1110049321,Maltitol Liquido - Shandong Tianli Pharm-China,prod_perdido,10296,null,-10296,10.4,null,990,null
8668,FERDINAND KREUTZER SABAMÜHLE GMBH,2025→2026,2025,2026,61303,Fosvitae R 85 - 74º,vol_precio,3858,88785.2,84927.2,4.75,68.567,812.21,1294.87
400,"ASOCIACION IND. ALICANTINA DEL HELADO, S.A.",2025→2026,2025,2026,3000050341,Fructosa Maiz Cristal Granulada - ADM  Turquía,vol_precio,78778.25,134160,55381.75,56.675,104,1390,1290
10109,DETRIGO PADARIA PASTELARIA LDA,2025→2026,2025,2026,61167,Mixco Sweet 80-01.7227,volumen,38137.59,6427.2,-31710.389999999996,28.48,4.8,1339.1,1339
3014,"NAVALON REIG, JOSE",2025→2026,2025,2026,44301,Azucar Blanco – Materia Prima para Piensos,prod_perdido,2070,null,-2070,3,null,690,null
10099,"AGUARDIENTES DE GALICIA, S. A.",2025→2026,2025,2026,60010,Azúcar Liquida Neutra S.A.,prod_perdido,7095.6,null,-7095.6,10.8,null,657,null
1787,"DULCES DEL TURIA, S.L.",2025→2026,2025,2026,60105,"Azúcar PI 73,5-67",prod_perdido,2392,null,-2392,2.12,null,1128.3,null
3478,"APICOLA LA PARRA, S.L.U.",2025→2026,2025,2026,44315,Apipasta PLUS - Pienso para Apicultura,vol_precio,39900,24150,-15750,32.64,19.32,1222.43,1250
450,"LA FLOR BURGALESA, S.L.",2025→2026,2025,2026,7230007131,DC Raw Sugar >4000I - Cassa  El Salvador,sin_actividad,0,null,0,0.001,null,0,null
237,"DULCES SANTA CRUZ, S.L.",2025→2026,2025,2026,1110049321,Maltitol Liquido - Shandong Tianli Pharm-China,prod_perdido,11479,null,-11479,9.1,null,1261.43,null
10287,"LA CLANDESTILERIA, S.L.",2025→2026,2025,2026,60000,Azúcar Líquida Neutra 67º,sin_actividad,0,null,0,0.001,null,0,null
448,"ESGIR, S.L.",2025→2026,2025,2026,7300016111,Azúcar Blanco EEC Nº2 Caña - Santa Ana Guatemala,vol_precio,18252,4680,-13572,28.8,7.2,633.75,650
9123,S.A.T. Nº9779 CARREÑO PEÑALVER HNOS,2025→2026,2025,2026,3000050341,Fructosa Maiz Cristal Granulada - ADM  Turquía,prod_perdido,1650,null,-1650,1,null,1650,null
7950,LES RUCHERS DU TALUS,2025→2026,2025,2026,44310,Apipasta 90% - Pienso completo - Apicultura,volumen,936,1872,936,0.9,1.8,1040,1040
436,"TURRONES JOSE GARRIGOS, S.A.",2025→2026,2025,2026,61189,Mixco Sweet 77-50.1825,vol_precio,16208.7,6302.4,-9906.300000000001,33.42,12.12,485,520
10283,IANSAGRO S.A,2025→2026,2025,2026,61229,Fosvitae Plus Polvo,sin_actividad,0,null,0,0.001,null,0,null
10148,"AYOLABS, S.L.",2025→2026,2025,2026,61289,Fosvitae 95% Plus 78º,sin_actividad,0,null,0,0.002,null,0,null
10397,"SIMON THE BEEKEEPER, LTD",2025→2026,2025,2026,44314,Apipasta 90% - BIO - Pienso completo - Apicultura,prod_perdido,1575,null,-1575,1.05,null,1500,null
2832,DULCES LA ABUELA COOP VNA,2025→2026,2025,2026,5101054011,Fructor 10/77 - Roquette España,prod_perdido,9912,null,-9912,12,null,826,null
935,"MANZANO GAMITO HNOS, S.L.",2025→2026,2025,2026,7300019071,Azúcar Blanco EEC Nº2 Caña - Antei/Cevital Argelia,prod_perdido,45012,null,-45012,72.6,null,620,null
3921,"IBERFRUTA MUERZA, S.A.",2025→2026,2025,2026,1110066321,Maltitol Liquido-Yusweet China,prod_perdido,17784,null,-17784,20.8,null,855,null
448,"ESGIR, S.L.",2025→2026,2025,2026,5201050031,Glucor 45/80 - ADM  Francia,vol_precio,13749.84,6284.22,-7465.62,24.336,12.322,565,510
9828,"GOODBEER, S.L.",2025→2026,2025,2026,4000050331,Dextrosa Maiz Cristal Monohidrato - ADM  Bulgaria,prod_perdido,19600,null,-19600,20,null,980,null
10387,"MUREDA ALIMENTACION, S.L.",2025→2026,2025,2026,7810033151,Azúcar BIO 300-500 ICUMSA Elite India,prod_perdido,1550,null,-1550,1,null,1550,null
5679,"AB MAURI FOOD, S.A.",2025→2026,2025,2026,7230007131,DC Raw Sugar >4000I - Cassa  El Salvador,sin_actividad,0,null,0,0.001,null,0,null
3863,"LA TRADICION M&T, S.L.",2025→2026,2025,2026,62400,Fondant ES-R01,volumen,310.65,1046.4,735.7500000000001,0.285,0.96,1090,1090
3699,"GONZALEZ CARBALLAL, S.L.",2025→2026,2025,2026,62020,Mix Fructor Apicultor - Pienso completo - Apicult.,volumen,124384.89,112200.45,-12184.440000000002,192.41,173.32,646.46,647.36
8251,APILINE DI FASSARI DOMINIQUE,2025→2026,2025,2026,44310,Apipasta 90% - Pienso completo - Apicultura,vol_precio,62406,26118,-36288,68.7,29.7,908.38,879.39
10079,"APIGLASS ENVASES Y MATERIAL APICOLA, S.L.U.",2025→2026,2025,2026,44315,Apipasta PLUS - Pienso para Apicultura,volumen,6342,14700,8358,5.04,11.76,1258.33,1250
7867,"SINBLAT ALIMENTACION SALUDABLE, S.L.",2025→2026,2025,2026,60105,"Azúcar PI 73,5-67",prod_perdido,15996,null,-15996,15.6,null,1025.38,null
200,MARIN GIMENEZ HNOS. S.A.,2025→2026,2025,2026,44090,Fructor 100/75,sin_actividad,0,null,0,0.005,null,0,null
499,"MELS CARLET, S.L.",2025→2026,2025,2026,5101050031,Fructor 10/77 - ADM  Francia,vol_precio,14201.72,6249.6,-7952.119999999999,22.906,11.904,620,525
2577,"IMPORTACO CASA PONS, S.A.U.",2025→2026,2025,2026,2210037021,Melaza Caña - Sidul  Portugal,sin_actividad,0,null,0,0.001,null,0,null
6557,"MAR FERTILIZANTES, S.L.",2025→2026,2025,2026,5101002011,Fructor 10/77 - Tereos  España,vol_precio,1068,937.5,-130.5,1.2,1.25,890,750
7115,"RIVERBEND ESPAÑA, S.A",2025→2026,2025,2026,61297,Mixco Sweet 72-34.3333,sin_actividad,0,null,0,0.002,null,0,null
10471,"MIELES IBERICAS, S.L.U",2025→2026,2025,2026,44340,Apipasta PLUS-Pienso Apicultura(Bajo Peso/Sellado),sin_actividad,0,null,0,0.84,null,0,null
3070,"NAVARRO OLIVA, JOSE",2025→2026,2025,2026,44313,Apipasta Vitaminas 90% - Pienso para Apicultura,prod_perdido,8452.5,null,-8452.5,7.35,null,1150,null
559,"DULCES OLMEDO GARCIA, S.L.",2025→2026,2025,2026,65015,Azúcar en polvo LM,prod_perdido,8287.5,null,-8287.5,9.75,null,850,null
490,"FRUCOPASA, S.A.",2025→2026,2025,2026,60000,Azúcar Líquida Neutra 67º,prod_perdido,279997.8,null,-279997.8,595.74,null,470,null
10190,"FOOD REBELS, S.L.",2025→2026,2025,2026,61289,Fosvitae 95% Plus 78º,sin_actividad,0,null,0,0.001,null,0,null
1314,"MANUFACTURAS PIBERNAT, S.L.",2025→2026,2025,2026,7500003011,Correfino EEC Nº2 Caña/Rem - Acor  España,vol_precio,68460,20345,-48115,102.4,31.3,668.55,650
9867,"ALETTA DEVELOPMENTS, S.L.",2025→2026,2025,2026,61248,Mixco Sweet 65-00.5050 I,prod_perdido,203494.48,null,-203494.48,177.26,null,1148,null
9565,NORDIK BUCKFAST,2025→2026,2025,2026,44315,Apipasta PLUS - Pienso para Apicultura,vol_precio,5950,11550,5600,5.04,9.24,1180.56,1250
1786,"ANITIN PANES ESPECIALES, S.L.",2025→2026,2025,2026,7500003011,Correfino EEC Nº2 Caña/Rem - Acor  España,prod_perdido,20565.6,null,-20565.6,32.8,null,627,null
8668,FERDINAND KREUTZER SABAMÜHLE GMBH,2025→2026,2025,2026,2332065321,FOS 95% Granular-Shandong Starlight So True China,sin_actividad,0,null,0,0.007,null,0,null
2734,"MORENO REGOLF, MARIA JOSE",2025→2026,2025,2026,44314,Apipasta 90% - BIO - Pienso completo - Apicultura,prod_perdido,1942.5,null,-1942.5,1.05,null,1850,null
614,"MANUFACTURAS TABERNER,S.A.",2025→2026,2025,2026,7300037021,Azúcar Blanco EEC Nº2 Caña - Sidul  Portugal,prod_perdido,8040,null,-8040,12,null,670,null
2392,"COATO, S.C.L.",2025→2026,2025,2026,65015,Azúcar en polvo LM,prod_perdido,537.6,null,-537.6,0.42,null,1280,null
271,"LABORATORIOS ALMOND, S.L.",2025→2026,2025,2026,7300005081,Azúcar Blanco EEC Nº2 Caña - Cosumar  Marruecos,sin_actividad,0,null,0,0.001,null,0,null
542,"SDAD.ESPAÑOLA COLOR. NATURALES Y AFINES, S.A.U.",2025→2026,2025,2026,1110049321,Maltitol Liquido - Shandong Tianli Pharm-China,prod_perdido,72544.28,null,-72544.28,72.12,null,1005.88,null
10271,"LA NEWYORKINA, S.L.",2025→2026,2025,2026,61289,Fosvitae 95% Plus 78º,sin_actividad,0,0,0,0.001,0.003,0,0
10346,BODEGAS MURVIEDRO S.A.,2025→2026,2025,2026,60000,Azúcar Líquida Neutra 67º,sin_actividad,0,null,0,0.002,null,0,null
6270,"PANADERIA NTRA.SRA.DE LA CABEZA, S.L.",2025→2026,2025,2026,7500004011,Correfino EEC Nº2 Caña/Rem - Azucarera España,prod_perdido,543.75,null,-543.75,0.725,null,750,null
9816,AGRO APICULTURA,2025→2026,2025,2026,44313,Apipasta Vitaminas 90% - Pienso para Apicultura,prod_perdido,1050,null,-1050,1.05,null,1000,null
7755,SAS LA CHENERAIE,2025→2026,2025,2026,62001,Apimix - Pienso completo - Apicultura,prod_perdido,672,null,-672,0.84,null,800,null
762,"VIOKOX, S.A",2025→2026,2025,2026,5200054011,Glucor 60/82 - Roquette  España,prod_perdido,5880,null,-5880,6,null,980,null
1854,"ROYPAS BY NUTRIS, S.A.",2025→2026,2025,2026,61289,Fosvitae 95% Plus 78º,prod_perdido,325683.36,null,-325683.36,117.12,null,2780.77,null
6267,"JUMEL ALIMENTARIA, S.A.",2025→2026,2025,2026,1210054031,Sorbitol Liquido - Roquette Francia,volumen,23460,8418,-15042,20.4,7.32,1150,1150
5393,ICKOWICZ APICULTURE SAS,2025→2026,2025,2026,44314,Apipasta 90% - BIO - Pienso completo - Apicultura,volumen,137235,66727.5,-70507.5,90.3,43.05,1519.77,1550
2074,"ALFREDO IÑESTA, S.L",2025→2026,2025,2026,5101002011,Fructor 10/77 - Tereos  España,prod_perdido,3204,null,-3204,3.6,null,890,null
4187,"AMILCAR & MORGADO, LDA",2025→2026,2025,2026,62001,Apimix - Pienso completo - Apicultura,vol_precio,26011.44,11340,-14671.439999999999,33.36,15,779.72,756
9567,SIKA S.A.U.,2025→2026,2025,2026,7500003011,Correfino EEC Nº2 Caña/Rem - Acor  España,prod_perdido,7180.8,null,-7180.8,9.6,null,748,null
559,"DULCES OLMEDO GARCIA, S.L.",2025→2026,2025,2026,65016,Azúcar en polvo LM Pallet PLT,volumen,36572.63,9189.38,-27383.25,50.445,12.675,725,725
846,"PRODUCTOS ORGANICOS NAT.,S.L.",2025→2026,2025,2026,5101054011,Fructor 10/77 - Roquette España,prod_perdido,1068,null,-1068,1.2,null,890,null
6734,"COLONIALES EL SOL, S.L.",2025→2026,2025,2026,7400003011,Azúcar Bl. EEC nº2 REMOL - ACOR ESPAÑA,prod_perdido,1136,null,-1136,1.6,null,710,null
4634,"MASQPAN EXCLUSIVAS, S.L.",2025→2026,2025,2026,7500004011,Correfino EEC Nº2 Caña/Rem - Azucarera España,prod_perdido,2304,null,-2304,3.2,null,720,null
7614,"HIJOS DE FRANCISCO SERRANO, S.A.",2025→2026,2025,2026,60010,Azúcar Liquida Neutra S.A.,vol_precio,97476.18,75927.3,-21548.87999999999,197.26,145.98,494.15,520.12
9272,FIRMENICH BELGIUM S.A,2025→2026,2025,2026,60224,Azúcar invertido 76º,prod_perdido,18208.5,null,-18208.5,13.29,null,1370.09,null
9263,"LOPEZ 1920 PASTELERÍA, S.L.",2025→2026,2025,2026,7500004011,Correfino EEC Nº2 Caña/Rem - Azucarera España,prod_perdido,80400,null,-80400,120,null,670,null
5454,"ALIMENTACION Y NUTRICION FAMILIAR, S.L.",2025→2026,2025,2026,7500004011,Correfino EEC Nº2 Caña/Rem - Azucarera España,prod_perdido,5056,null,-5056,8,null,632,null
3478,"APICOLA LA PARRA, S.L.U.",2025→2026,2025,2026,62001,Apimix - Pienso completo - Apicultura,vol_precio,7392,16232,8840,9.24,24.82,800,653.99
10397,"SIMON THE BEEKEEPER, LTD",2025→2026,2025,2026,62022,Apimix 75 PyV Pienso completo – Apicultura,vol_precio,34780,46008,11228,46.6,57.51,746.35,800
2975,"ARTUKOLUKE, S.L.",2025→2026,2025,2026,44314,Apipasta 90% - BIO - Pienso completo - Apicultura,vol_precio,3675,7560,3885,2.1,4.2,1750,1800
8479,FA. BLIESGAUBEUTE,2025→2026,2025,2026,62001,Apimix - Pienso completo - Apicultura,prod_perdido,714,null,-714,1.2,null,595,null
6467,"CATALINA FOOD SOLUTIONS, S.L.",2025→2026,2025,2026,99950,Producto de Pruebas Líquido - 1,sin_actividad,0,null,0,0.001,null,0,null
581,TURRON.Y CARAMEL. DE HELLIN SL,2025→2026,2025,2026,5201002011,Glucor 45/80 - Tereos España,vol_precio,4785.6,1014.42,-3771.1800000000003,4.8,1.06,997,957
10494,GARTNERBUTIKKEN APS,2025→2026,2025,2026,44315,Apipasta PLUS - Pienso para Apicultura,prod_perdido,1512,null,-1512,1.12,null,1350,null
889,"ESPECIALIDADES DEL OBRADOR, S.L.",2025→2026,2025,2026,3000750341,Fructosa Maiz Cristal Granulada-ADM Turquía CUATRI,prod_perdido,30.25,null,-30.25,0.025,null,1210,null
5230,"MARCHUET PALMERO, CARLOS",2025→2026,2025,2026,44301,Azucar Blanco – Materia Prima para Piensos,prod_perdido,2144,null,-2144,3.2,null,670,null
3156,"FINI GOLOSINAS ESPAÑA, S.L.U.",2025→2026,2025,2026,61289,Fosvitae 95% Plus 78º,prod_ganado,0,425,425,0.066,0.25,0,1700
455,"EMILIO PEÑA, S.A.",2025→2026,2025,2026,5101054011,Fructor 10/77 - Roquette España,prod_perdido,3834,null,-3834,4.8,null,798.75,null
566,"ALMACENES MIGUEZ 2005,S.L.",2025→2026,2025,2026,99958,Producto Pruebas Apícola ZK-10,sin_actividad,0,null,0,0.175,null,0,null
1528,"JUAN Y JUAN INDUSTRIAL, S.L.U.",2025→2026,2025,2026,60105,"Azúcar PI 73,5-67",prod_perdido,13659.36,null,-13659.36,22.88,null,597,null
367,"CASA ROJA MONTEGON, S.L.",2025→2026,2025,2026,4000050331,Dextrosa Maiz Cristal Monohidrato - ADM  Bulgaria,prod_perdido,1035,null,-1035,1.25,null,828,null
9157,"MAK FOOD COMPANY, S.L.",2025→2026,2025,2026,61304,Mixco Sweet 72-40.3030 M1A4,prod_perdido,808046.4,0,-808046.4,480.98,0.03,1680,0
4738,"KATIGRES, S.L.",2025→2026,2025,2026,1210054031,Sorbitol Liquido - Roquette Francia,sin_cambio,3096,3096,0,2.4,2.4,1290,1290
435,"R. MARSILLA, S.A.",2025→2026,2025,2026,7600004011,Azúcar Granulado Extrafino-Azucarera España,prod_perdido,78,null,-78,0.1,null,780,null
10484,SEIRINGER ROLAND HERMANN ERICH,2025→2026,2025,2026,44310,Apipasta 90% - Pienso completo - Apicultura,sin_actividad,0,null,0,0.015,null,0,null
9811,"IDEAGRO, S.L.",2025→2026,2025,2026,4120054031,Dextrosa Trigo Cristal Monoh VTA-Roquette Francia,prod_perdido,5040,null,-5040,6,null,840,null
7558,HARINAS CASTILLA LA MANCHA S.L,2025→2026,2025,2026,7300005081,Azúcar Blanco EEC Nº2 Caña - Cosumar  Marruecos,prod_perdido,289389.1,null,-289389.1,454.3,null,637,null
10183,"ZUKAN INNOVATION, SLU",2025→2026,2025,2026,99128,Rechazo produccion RETAIL,sin_actividad,0,null,0,0.001,null,0,null
2518,"GRANALBE, S.L.",2025→2026,2025,2026,44315,Apipasta PLUS - Pienso para Apicultura,volumen,4578,3402,-1176,3.36,2.52,1362.5,1350
4455,"AGRO CONSULTING DEL MEDITERRANEO, S.L.",2025→2026,2025,2026,60105,"Azúcar PI 73,5-67",precio,2904,2616,-288,2.4,2.4,1210,1090
595,"ROSCRIS BENIOPA, S.L",2025→2026,2025,2026,40103,Azúcar Moreno >2500i - Brown (Dry Dem BLZ),vol_precio,1150,6496,5346,1,5.8,1150,1120
378,"FRIDUL, S.A.",2025→2026,2025,2026,5101002011,Fructor 10/77 - Tereos  España,sin_cambio,1632,1632,0,2.4,2.4,680,680
9854,"NORDMANN PORTUGAL, S.A.",2025→2026,2025,2026,61289,Fosvitae 95% Plus 78º,sin_actividad,0,null,0,0.001,null,0,null
5393,ICKOWICZ APICULTURE SAS,2025→2026,2025,2026,44313,Apipasta Vitaminas 90% - Pienso para Apicultura,volumen,102072,30000,-72072,103.8,30,983.35,1000
592,"FRAMAJOVA, S.L",2025→2026,2025,2026,65030,AZÚCAR EN POLVO LM 48m,prod_perdido,30104.25,null,-30104.25,33.825,null,890,null
2057,"BACK EUROP ESPAÑA, S.L",2025→2026,2025,2026,5205050031,Glucor 37/79 - ADM  Francia,vol_precio,7105,2673,-4432,4.9,1.98,1450,1350
9792,OROSKER KFT.,2025→2026,2025,2026,44310,Apipasta 90% - Pienso completo - Apicultura,vol_precio,1755,3432,1677,1.95,3.902,900,879.55
10278,INGREDION INCORPORATED,2025→2026,2025,2026,61200,Fosvitae 85%,sin_actividad,0,null,0,0.001,null,0,null
10562,SAS SILL,2025→2026,2025,2026,2210037021,Melaza Caña - Sidul  Portugal,sin_actividad,0,null,0,0.001,null,0,null
10399,INGREDION GERMANY GMBH,2025→2026,2025,2026,99950,Producto de Pruebas Líquido - 1,sin_actividad,0,null,0,0.001,null,0,null
67,"TRANSADA, S.L.",2025→2026,2025,2026,1210054031,Sorbitol Liquido - Roquette Francia,prod_perdido,1438.85,null,-1438.85,1.2,null,1199.04,null
10362,NEW-IN CO. LTD,2025→2026,2025,2026,60302,Lemonox,sin_actividad,0,null,0,0,null,null,null
9539,"ARTIPA FLECA, S.L",2025→2026,2025,2026,61291,Fosfruit Plus Bio,volumen,9313.2,4031.74,-5281.460000000001,2.34,1.013,3980,3980
9157,"MAK FOOD COMPANY, S.L.",2025→2026,2025,2026,99950,Producto de Pruebas Líquido - 1,sin_actividad,0,0,0,0.062,0.06,0,0
3699,"GONZALEZ CARBALLAL, S.L.",2025→2026,2025,2026,44310,Apipasta 90% - Pienso completo - Apicultura,vol_precio,46005.6,23727,-22278.6,55.2,27.6,833.43,859.67
10148,"AYOLABS, S.L.",2025→2026,2025,2026,61200,Fosvitae 85%,sin_actividad,0,null,0,0.002,null,0,null
5083,"ESPECIAS EL RELOJ, S.L.",2025→2026,2025,2026,65005,Azúcar en polvo LS,vol_precio,9235.2,6142.5,-3092.7000000000007,7.8,5.85,1184,1050
2767,"DULCEPLUS GOLOSINAS, S.A.",2025→2026,2025,2026,61200,Fosvitae 85%,sin_actividad,0,0,0,0.001,0.005,0,0
7440,"LOPEZ FOOD GROUP, S.L.",2025→2026,2025,2026,5101054011,Fructor 10/77 - Roquette España,vol_precio,76512,25188.84,-51323.16,96,33.72,797,747
3699,"GONZALEZ CARBALLAL, S.L.",2025→2026,2025,2026,44315,Apipasta PLUS - Pienso para Apicultura,volumen,52181.22,37972.2,-14209.020000000004,43.428,31.08,1201.56,1221.76
1661,"DELAVIUDA ALIMENTACION, S.A",2025→2026,2025,2026,1110049321,Maltitol Liquido - Shandong Tianli Pharm-China,prod_perdido,45901.09,null,-45901.09,48.47,null,947,null
6734,"COLONIALES EL SOL, S.L.",2025→2026,2025,2026,7500004011,Correfino EEC Nº2 Caña/Rem - Azucarera España,prod_perdido,2822.25,null,-2822.25,3.975,null,710,null
10443,"COMERCIAL PRODUCTOS DE LA VID, S.L.",2025→2026,2025,2026,60000,Azúcar Líquida Neutra 67º,sin_actividad,0,null,0,0.005,null,0,null
400,"ASOCIACION IND. ALICANTINA DEL HELADO, S.A.",2025→2026,2025,2026,7300039291,Azúcar Blanco EEC Nº2 Caña - Kampong Speu Camboya,prod_perdido,15186.6,null,-15186.6,25.96,null,585,null
432,"CHOCOLATES ALGARRA, S.L.",2025→2026,2025,2026,7400003011,Azúcar Bl. EEC nº2 REMOL - ACOR ESPAÑA,prod_perdido,7616,null,-7616,11.2,null,680,null
592,"FRAMAJOVA, S.L",2025→2026,2025,2026,65015,Azúcar en polvo LM,prod_perdido,2603.25,null,-2603.25,2.925,null,890,null
10197,"LEHMANN FOOD INGREDIENTS, LTD",2025→2026,2025,2026,2332065321,FOS 95% Granular-Shandong Starlight So True China,sin_actividad,0,null,0,0.003,null,0,null
9157,"MAK FOOD COMPANY, S.L.",2025→2026,2025,2026,61306,Mixco Sweet 72-40.3030 M1A3,volumen,1586592,116560,-1470032,944.405,68.617,1679.99,1698.7
4369,"LA TIENDA DEL APICULTOR, S.L.U.",2025→2026,2025,2026,62001,Apimix - Pienso completo - Apicultura,volumen,66056,53328.5,-12727.5,84.62,68.77,780.62,775.46
7706,"RUIPAN, S.L.",2025→2026,2025,2026,7300005081,Azúcar Blanco EEC Nº2 Caña - Cosumar  Marruecos,prod_perdido,68860,null,-68860,103.4,null,665.96,null
400,"ASOCIACION IND. ALICANTINA DEL HELADO, S.A.",2025→2026,2025,2026,7500004011,Correfino EEC Nº2 Caña/Rem - Azucarera España,prod_perdido,92605.5,null,-92605.5,158.3,null,585,null
1746,"PRIMITIVO PICO, S.A",2025→2026,2025,2026,61170,Mix Maltitol Sorbitol MS 74-8020,vol_precio,28274.4,13189,-15085.400000000001,23.76,12.1,1190,1090
5438,PURATOS NV,2025→2026,2025,2026,61229,Fosvitae Plus Polvo,sin_actividad,0,null,0,0.001,null,0,null
10250,"ANTICH SPANISH FOOD, S.L.",2025→2026,2025,2026,3000050341,Fructosa Maiz Cristal Granulada - ADM  Turquía,prod_perdido,215.63,null,-215.63,0.125,null,1725.04,null
10270,AF NATURADEVISE WORLDWIDE S.L.U.,2025→2026,2025,2026,60000,Azúcar Líquida Neutra 67º,sin_actividad,0,null,0,0.002,null,0,null
8479,FA. BLIESGAUBEUTE,2025→2026,2025,2026,44315,Apipasta PLUS - Pienso para Apicultura,prod_perdido,1134,null,-1134,0.84,null,1350,null
10338,KADERES PEASANT DEVELOPMENT PLC,2025→2026,2025,2026,44315,Apipasta PLUS - Pienso para Apicultura,prod_perdido,350,null,-350,0.28,null,1250,null
445,"PASTELERIA ARROYO SANCHEZ, S.L.U.",2025→2026,2025,2026,7300007131,Azúcar Blanco EEC Nº2 Caña - Cassa  El Salvador,prod_perdido,14520,null,-14520,24,null,605,null
5727,"BOGNER, JOSEPH",2025→2026,2025,2026,44314,Apipasta 90% - BIO - Pienso completo - Apicultura,prod_perdido,3150,null,-3150,2.1,null,1500,null
3777,"NATURVAL APICOLA, S.L.U.",2025→2026,2025,2026,61164,Mixco Sweet Plus-M 82-05.5141,sin_actividad,0,null,0,0.001,null,0,null
595,"ROSCRIS BENIOPA, S.L",2025→2026,2025,2026,7400003011,Azúcar Bl. EEC nº2 REMOL - ACOR ESPAÑA,prod_perdido,1800,null,-1800,2.4,null,750,null
10025,"PRO ELITE BAITS INTERNATIONAL, S.L.",2025→2026,2025,2026,5101054011,Fructor 10/77 - Roquette España,prod_perdido,1140,null,-1140,1.2,null,950,null
2767,"DULCEPLUS GOLOSINAS, S.A.",2025→2026,2025,2026,62400,Fondant ES-R01,volumen,7603.2,6652.8,-950.3999999999996,7.68,6.72,990,990
456,"HELADOS ESTIU, S.A.",2025→2026,2025,2026,61200,Fosvitae 85%,sin_actividad,0,null,0,0.001,null,0,null
9097,"CAFES MIÑANA, S.A.",2025→2026,2025,2026,7500003011,Correfino EEC Nº2 Caña/Rem - Acor  España,vol_precio,3104,1424,-1680,3.2,1.6,970,890
9157,"MAK FOOD COMPANY, S.L.",2025→2026,2025,2026,64095,Mixco Sweet 70-50.2525 100 Icu,sin_actividad,0,0,0,0.01,0.019,0,0
7267,"GIDA, S.A.",2025→2026,2025,2026,61289,Fosvitae 95% Plus 78º,prod_perdido,2868,null,-2868,1.2,null,2390,null
1529,"DULCESA, S.L. UNIPERSONAL",2025→2026,2025,2026,7300016111,Azúcar Blanco EEC Nº2 Caña - Santa Ana Guatemala,prod_perdido,15533.94,null,-15533.94,26.02,null,597,null
210,"POSTRES Y DULCES REINA, S.L.",2025→2026,2025,2026,61303,Fosvitae R 85 - 74º,sin_actividad,0,null,0,0.001,null,0,null
6468,"DULCES LA CARTUJA, S.L.",2025→2026,2025,2026,7300037021,Azúcar Blanco EEC Nº2 Caña - Sidul  Portugal,prod_perdido,6336,null,-6336,9.6,null,660,null
7706,"RUIPAN, S.L.",2025→2026,2025,2026,7300039291,Azúcar Blanco EEC Nº2 Caña - Kampong Speu Camboya,prod_perdido,10302.6,null,-10302.6,15.4,null,669,null
522,"MACROSNACKS, S.L.U.",2025→2026,2025,2026,7300039291,Azúcar Blanco EEC Nº2 Caña - Kampong Speu Camboya,prod_perdido,13041.6,null,-13041.6,20.8,null,627,null
9273,"AGROQUIMICA CODIAGRO, S.L.",2025→2026,2025,2026,7300039291,Azúcar Blanco EEC Nº2 Caña - Kampong Speu Camboya,prod_perdido,3450,null,-3450,5,null,690,null
10399,INGREDION GERMANY GMBH,2025→2026,2025,2026,61200,Fosvitae 85%,sin_actividad,0,null,0,0.001,null,0,null
9810,"ALLTECH CROP SCIENCE, S.L.U",2025→2026,2025,2026,4120002201,Dextrosa Trigo Cristal Monoh VTA-Tereos Belgica,prod_perdido,2100,null,-2100,2.525,null,831.68,null
297,"TARBAL FOOD, S.L.",2025→2026,2025,2026,7110009141,Azúcar Moreno >2500i - ASR  Belice,prod_perdido,36,null,-36,0.025,null,1440,null
2916,"SUC. DE MUÑOZ Y PUJANTE, S.L.",2025→2026,2025,2026,7500004011,Correfino EEC Nº2 Caña/Rem - Azucarera España,prod_perdido,195.3,null,-195.3,0.186,null,1050,null
615,"PRODUCTOS DE VITICULTURA, S.A.",2025→2026,2025,2026,60000,Azúcar Líquida Neutra 67º,vol_precio,158509.14,157966.56,-542.5800000000163,339.42,323.04,467,489
8247,"ALLJUICEMED, S.L.",2025→2026,2025,2026,99950,Producto de Pruebas Líquido - 1,sin_actividad,0,0,0,0.01,0.01,0,0
9157,"MAK FOOD COMPANY, S.L.",2025→2026,2025,2026,7400010031,Azúcar Bl. EEC nº2 REMOL - SUDZUCKER FRANCIA,prod_perdido,66920,null,-66920,104,null,643.46,null
8507,PSIQUIS INNOVA S.L.N.E.,2025→2026,2025,2026,61289,Fosvitae 95% Plus 78º,sin_actividad,0,null,0,0.001,null,0,null
419,"DISTRIBUCIONES JAIME SARRION, S.L.",2025→2026,2025,2026,65015,Azúcar en polvo LM,vol_precio,1891.5,3705,1813.5,1.95,3.9,970,950
8251,APILINE DI FASSARI DOMINIQUE,2025→2026,2025,2026,44313,Apipasta Vitaminas 90% - Pienso para Apicultura,volumen,77705.25,39942,-37763.25,75.69,38.85,1026.63,1028.11
2518,"GRANALBE, S.L.",2025→2026,2025,2026,44310,Apipasta 90% - Pienso completo - Apicultura,volumen,3780,6615,2835,4.2,7.35,900,900
4002,"ABB MJ FERNANDEZ ARANDA, S.L.",2025→2026,2025,2026,3010050341,Fructosa Maiz Cristal Polvo - ADM  Turquía,vol_precio,11500,9712.5,-1787.5,10,8.75,1150,1110
769,"ANGEL CAMACHO ALIMENTACION, S.L.",2025→2026,2025,2026,3000050341,Fructosa Maiz Cristal Granulada - ADM  Turquía,volumen,110625,221350,110725,93.75,190,1180,1165
198,"JOSE SANDOVAL, S.L.U.",2025→2026,2025,2026,1110049321,Maltitol Liquido - Shandong Tianli Pharm-China,prod_perdido,6916,null,-6916,5.2,null,1330,null
7755,SAS LA CHENERAIE,2025→2026,2025,2026,44310,Apipasta 90% - Pienso completo - Apicultura,volumen,78561,16552.8,-62008.2,88.8,18.81,884.7,880
4002,"ABB MJ FERNANDEZ ARANDA, S.L.",2025→2026,2025,2026,1110066321,Maltitol Liquido-Yusweet China,precio,1157,936,-221,1.3,1.3,890,720
770,"CASTER ALIMENTACION, S.L.",2025→2026,2025,2026,7500003011,Correfino EEC Nº2 Caña/Rem - Acor  España,prod_perdido,14112,null,-14112,22.4,null,630,null
8021,"LOPEZ MARTINEZ, GABRIEL",2025→2026,2025,2026,44314,Apipasta 90% - BIO - Pienso completo - Apicultura,prod_perdido,1599,null,-1599,0.975,null,1640,null
1661,"DELAVIUDA ALIMENTACION, S.A",2025→2026,2025,2026,1110073320,Maltitol Liquido-Huakang China,vol_precio,2325.83,28730,26404.17,2.456,32.5,947,884
2903,"MEDITERRANEA MELLIS, S.L.",2025→2026,2025,2026,61177,Mixco Sweet 81-00.0932 A-MI,prod_perdido,11113.96,null,-11113.96,14.74,null,754,null
401,"SOLER GIMENO, S.L.",2025→2026,2025,2026,5205002011,Glucor 37/79 - Tereos  España,vol_precio,86099.22,44835.9,-41263.32,148.14,87.06,581.2,515
400,"ASOCIACION IND. ALICANTINA DEL HELADO, S.A.",2025→2026,2025,2026,3000750341,Fructosa Maiz Cristal Granulada-ADM Turquía CUATRI,prod_perdido,57824,null,-57824,41.6,null,1390,null
516,"PAIARROP, S.L.",2025→2026,2025,2026,7400010031,Azúcar Bl. EEC nº2 REMOL - SUDZUCKER FRANCIA,prod_perdido,44100,null,-44100,70,null,630,null
6585,"GONZALEZ REVIRIEGO, OLMO",2025→2026,2025,2026,44314,Apipasta 90% - BIO - Pienso completo - Apicultura,prod_perdido,638.25,null,-638.25,0.345,null,1850,null
10471,"MIELES IBERICAS, S.L.U",2025→2026,2025,2026,44310,Apipasta 90% - Pienso completo - Apicultura,prod_perdido,3704.4,null,-3704.4,4.2,null,882,null
3699,"GONZALEZ CARBALLAL, S.L.",2025→2026,2025,2026,62032,APIMIX INSTANT,sin_actividad,0,null,0,0.045,null,0,null
9410,"NORDMANN, RASSMANN POLSKA SP. Z O.O.",2025→2026,2025,2026,2331065321,FOS 95% Polvo-Shandong Starlight So True China,prod_ganado,0,123091.25,123091.25,0.003,45.811,0,2686.94
2737,"ALFONSO MARTINEZ TORRANO, S.L.",2025→2026,2025,2026,5201054011,Glucor 45/80 - Roquette España,volumen,1182,7092,5910,1.2,7.2,985,985
6209,FELIX REVERTE S.A.,2025→2026,2025,2026,60105,"Azúcar PI 73,5-67",sin_actividad,0,null,0,0.002,null,0,null
10383,"SIETEM, S.L.",2025→2026,2025,2026,7600004011,Azúcar Granulado Extrafino-Azucarera España,prod_perdido,747.75,null,-747.75,0.75,null,997,null
9796,"DULCES GIL, S.A.",2025→2026,2025,2026,5201050031,Glucor 45/80 - ADM  Francia,vol_precio,6898.28,5723.3,-1174.9799999999996,11.692,10.406,590,550
9994,AUDE API,2025→2026,2025,2026,44313,Apipasta Vitaminas 90% - Pienso para Apicultura,volumen,3300,15147,11847,3,13.77,1100,1100
6828,AGRUP.DEFENSA SANIT.APIC.REG.DE MURCIA,2025→2026,2025,2026,44315,Apipasta PLUS - Pienso para Apicultura,volumen,866.18,1606.5,740.32,0.644,1.19,1345,1350
7980,"AQUAPOOL CHEMICAL, S.L.",2025→2026,2025,2026,60105,"Azúcar PI 73,5-67",volumen,10997.14,3242.4,-7754.74,8.14,2.4,1351,1351
1661,"DELAVIUDA ALIMENTACION, S.A",2025→2026,2025,2026,5100050031,Fructor 10/81 - ADM  Francia,vol_precio,4065.6,5488.8,1423.2000000000003,4.8,7.2,847,762.33
8836,"AGROCENTROS LEON, S.L.",2025→2026,2025,2026,62020,Mix Fructor Apicultor - Pienso completo - Apicult.,vol_precio,21780,38910.4,17130.4,31,56.78,702.58,685.28
9206,"TRIAS GALLETES-BISCUITS, S.A.",2025→2026,2025,2026,7300005081,Azúcar Blanco EEC Nº2 Caña - Cosumar  Marruecos,prod_perdido,58902.8,null,-58902.8,96.8,null,608.5,null
8854,JOHANNES LÜHDERS KG,2025→2026,2025,2026,61289,Fosvitae 95% Plus 78º,prod_perdido,17231.3,null,-17231.3,4.81,null,3582.39,null
2763,"HERMANOS ROMAN ALAMINOS, S.L.",2025→2026,2025,2026,7300015111,Azúcar Blanco EEC Nº2 Caña - Pantaleon  Guatemala,prod_perdido,17452.2,null,-17452.2,20.06,null,870,null
433,"SANCHIS MIRA, S.A.",2025→2026,2025,2026,7300039291,Azúcar Blanco EEC Nº2 Caña - Kampong Speu Camboya,prod_perdido,16128,null,-16128,25.6,null,630,null
9437,"EL CORTÍN DEL ABEYÓN, S.L.",2025→2026,2025,2026,62001,Apimix - Pienso completo - Apicultura,volumen,4913.2,4169.3,-743.8999999999996,5.68,4.82,865,865
10109,DETRIGO PADARIA PASTELARIA LDA,2025→2026,2025,2026,62071,Mix Golden Jarabe Alto Color,prod_perdido,1794,null,-1794,1.2,null,1495,null
891,"MONTEALBOR ALIMENTACION, S.A.U",2025→2026,2025,2026,7400003011,Azúcar Bl. EEC nº2 REMOL - ACOR ESPAÑA,prod_perdido,592,null,-592,0.8,null,740,null
6251,"MIX PAK SYSTEM, S.L.",2025→2026,2025,2026,7402002031,Az. Bl. EEC nº2 Remol SIN TURBIDEZ-Tereos Francia,sin_actividad,0,null,0,1.9,null,0,null
6558,"SOC CHEF, S.L.",2025→2026,2025,2026,5205002011,Glucor 37/79 - Tereos  España,sin_cambio,3375.48,3404,28.519999999999982,3.669,3.7,920,920
10500,APIS INTERNATIONAL B.V.,2025→2026,2025,2026,62001,Apimix - Pienso completo - Apicultura,prod_perdido,59.5,0,-59.5,0.07,0.01,850,0
454,"SCKUESTRANCE, S.L.",2025→2026,2025,2026,5201002011,Glucor 45/80 - Tereos España,sin_cambio,8029.5,7870.5,-159,10.1,9.9,795,795
1072,"GALVAN FERNANDEZ HERMANOS, S.L.",2025→2026,2025,2026,7500003011,Correfino EEC Nº2 Caña/Rem - Acor  España,prod_perdido,12790.8,null,-12790.8,20.4,null,627,null
279,"DULCES Y GOLOSINAS GLORIA, S.L.",2025→2026,2025,2026,5201002011,Glucor 45/80 - Tereos España,precio,17465.35,12425,-5040.3499999999985,25.13,25,695,497
10259,"NUTRIS, WE CARE ABOUT YOU, S.L.",2025→2026,2025,2026,5200002011,Glucor 60/82 - Tereos  España,vol_precio,63777.6,88919.1,25141.500000000007,98.88,149.38,645,595.25
2925,"BIGMAN NUTRITION, S.L.",2025→2026,2025,2026,4000050331,Dextrosa Maiz Cristal Monohidrato - ADM  Bulgaria,prod_perdido,3667.5,null,-3667.5,3.75,null,978,null
2364,"M&C BAKERY, S.L",2025→2026,2025,2026,60105,"Azúcar PI 73,5-67",vol_precio,80235.95,60950.12,-19285.829999999994,90.85,71.96,883.17,847
7440,"LOPEZ FOOD GROUP, S.L.",2025→2026,2025,2026,5101002011,Fructor 10/77 - Tereos  España,vol_precio,23910,10450.53,-13459.47,30,13.99,797,747
1529,"DULCESA, S.L. UNIPERSONAL",2025→2026,2025,2026,60105,"Azúcar PI 73,5-67",prod_perdido,67443.09,null,-67443.09,112.97,null,597,null
5245,"ELGORRIAGA BRANDS, S.A.",2025→2026,2025,2026,1110073320,Maltitol Liquido-Huakang China,volumen,2592.2,3888.3,1296.1000000000004,2.6,3.9,997,997
904,"DAMEL GROUP, S.L. ",2025→2026,2025,2026,7300015111,Azúcar Blanco EEC Nº2 Caña - Pantaleon  Guatemala,prod_perdido,32772.6,null,-32772.6,52.02,null,630,null
716,"PENALVA ALIMENTACION, S.A.",2025→2026,2025,2026,4000050331,Dextrosa Maiz Cristal Monohidrato - ADM  Bulgaria,volumen,46637.5,3843.75,-42793.75,45.5,3.75,1025,1025
517,"DUPAN, S.L.",2025→2026,2025,2026,7230007131,DC Raw Sugar >4000I - Cassa  El Salvador,volumen,1190,9520,8330,1.001,8,1188.81,1190
3658,"NAVALON FERRER, CRISTIAN",2025→2026,2025,2026,44301,Azucar Blanco – Materia Prima para Piensos,prod_perdido,3519,null,-3519,5.1,null,690,null
8247,"ALLJUICEMED, S.L.",2025→2026,2025,2026,64107,ATI 72º CBY,volumen,38992.8,57395.8,18403,50.64,74.54,770,770
1854,"ROYPAS BY NUTRIS, S.A.",2025→2026,2025,2026,1210054031,Sorbitol Liquido - Roquette Francia,prod_perdido,21516,null,-21516,12,null,1793,null
7972,MOCHI LUXURY S.L,2025→2026,2025,2026,5206750031,Maltor 70/80 - ADM  Francia CUATRIMESTRAL,prod_perdido,2280,null,-2280,2.4,null,950,null
1528,"JUAN Y JUAN INDUSTRIAL, S.L.U.",2025→2026,2025,2026,7300016111,Azúcar Blanco EEC Nº2 Caña - Santa Ana Guatemala,prod_perdido,73550.4,null,-73550.4,123.2,null,597,null
433,"SANCHIS MIRA, S.A.",2025→2026,2025,2026,7300016111,Azúcar Blanco EEC Nº2 Caña - Santa Ana Guatemala,prod_perdido,14364,null,-14364,22.8,null,630,null
9743,SAS NORDMANN FRANCE,2025→2026,2025,2026,61287,Fosvitae 95% Plus BIO ES-ECO-024-MU Agric. UE,sin_actividad,0,null,0,0.003,null,0,null
7558,HARINAS CASTILLA LA MANCHA S.L,2025→2026,2025,2026,62150,Jarabe de Melaza de Caña,vol_precio,16115.44,17954.4,1838.960000000001,16.88,19.38,954.71,926.44
7059,"NUFRI, S.A.T. Nº 1596",2025→2026,2025,2026,44099,Fructor 100/78,vol_precio,363260.84,116815.6,-246445.24000000002,366.44,122.32,991.32,955
496,"BODEGAS Y DESTILERIAS VIDAL, S.L.",2025→2026,2025,2026,60019,Azúcar Líquida Neutra 67º- Remolacha,precio,54054.4,51540,-2514.4000000000015,104.96,103.08,515,500
6094,"ECOVINAL, S.L.U.",2025→2026,2025,2026,61177,Mixco Sweet 81-00.0932 A-MI,sin_actividad,0,null,0,0.001,null,0,null
9770,HALO FOODS LTD,2025→2026,2025,2026,61303,Fosvitae R 85 - 74º,prod_perdido,4152,null,-4152,2.4,null,1730,null
6468,"DULCES LA CARTUJA, S.L.",2025→2026,2025,2026,40207,Azúcar BIO <45 ES-ECO-024-MU Ag UE REMOLACHA,prod_perdido,290,null,-290,0.2,null,1450,null
466,"DULCES LA PONDEROSA, S.L.",2025→2026,2025,2026,7500004011,Correfino EEC Nº2 Caña/Rem - Azucarera España,prod_perdido,7560,null,-7560,12,null,630,null
10039,"FULLERTON LOGISTICS, S.L.U.",2025→2026,2025,2026,63101,PEP58 - LM,volumen,565137,433380.38,-131756.62,837.24,642.045,675,675
198,"JOSE SANDOVAL, S.L.U.",2025→2026,2025,2026,7300039291,Azúcar Blanco EEC Nº2 Caña - Kampong Speu Camboya,prod_perdido,269204,null,-269204,482.5,null,557.94,null
10167,HILLCO BEES,2025→2026,2025,2026,44310,Apipasta 90% - Pienso completo - Apicultura,sin_actividad,0,null,0,0.525,null,0,null
775,"NATRA CACAO,S.L.",2025→2026,2025,2026,7300015111,Azúcar Blanco EEC Nº2 Caña - Pantaleon  Guatemala,prod_perdido,60341.5,null,-60341.5,77.86,null,775,null
7897,"MANDIC OUTMILL MS4, S.L.",2025→2026,2025,2026,44303,Fructosa Cristal – Materia Prima para Piensos,volumen,3437.5,4687.5,1250,2.75,3.75,1250,1250
462,"ROMEDUL, S.L.",2025→2026,2025,2026,5101002011,Fructor 10/77 - Tereos  España,vol_precio,900,14974.4,14074.4,1.2,25.36,750,590.47
7476,GOBIOTICS BV,2025→2026,2025,2026,61289,Fosvitae 95% Plus 78º,volumen,6624.76,10010.4,3385.6399999999994,2.38,3.6,2783.51,2780.67
517,"DUPAN, S.L.",2025→2026,2025,2026,7610010201,Azúcar Perlado 1-Sudzucker Belgica,sin_actividad,-810,null,810,-0.5,null,1620,null
3921,"IBERFRUTA MUERZA, S.A.",2025→2026,2025,2026,1110073320,Maltitol Liquido-Huakang China,sin_cambio,11115,11115,0,13,13,855,855
10170,"CLINICAL NUTRITION, S.A.U.",2025→2026,2025,2026,61303,Fosvitae R 85 - 74º,sin_actividad,0,null,0,0.001,null,0,null
6147,"ANDALUZA DE MIELES, S.L.",2025→2026,2025,2026,62154,Mixco Sweet 80-31.3233 JM,vol_precio,52914.6,29820,-23094.6,43.02,24.85,1230,1200
10192,"NEW GARDEN SYSTEM, S.L.",2025→2026,2025,2026,60105,"Azúcar PI 73,5-67",vol_precio,29023.2,6169.8,-22853.4,29.672,6.78,978.13,910
7755,SAS LA CHENERAIE,2025→2026,2025,2026,44314,Apipasta 90% - BIO - Pienso completo - Apicultura,volumen,17587.5,9765,-7822.5,11.55,6.3,1522.73,1550
1253,"HORCHATA EL COSECHERO, S.L.",2025→2026,2025,2026,7500004011,Correfino EEC Nº2 Caña/Rem - Azucarera España,prod_perdido,131571,null,-131571,223.8,null,587.9,null
566,"ALMACENES MIGUEZ 2005,S.L.",2025→2026,2025,2026,62000,Mix Idoneo - Pienso Completo - Apicultura,vol_precio,7440,2520,-4920,10.2,3.6,729.41,700
10580,INGREDION UK LIMITED,2025→2026,2025,2026,2331065321,FOS 95% Polvo-Shandong Starlight So True China,sin_actividad,0,null,0,0.002,null,0,null
9770,HALO FOODS LTD,2025→2026,2025,2026,61298,Fosvitae 95% Plus 74º,prod_perdido,36364.6,null,-36364.6,21.02,null,1730,null
432,"CHOCOLATES ALGARRA, S.L.",2025→2026,2025,2026,7300039291,Azúcar Blanco EEC Nº2 Caña - Kampong Speu Camboya,prod_perdido,6986,null,-6986,11.8,null,592.03,null
10079,"APIGLASS ENVASES Y MATERIAL APICOLA, S.L.U.",2025→2026,2025,2026,44314,Apipasta 90% - BIO - Pienso completo - Apicultura,vol_precio,54180,32550,-21630,35.7,21,1517.65,1550
1253,"HORCHATA EL COSECHERO, S.L.",2025→2026,2025,2026,7400010171,Az. Bl. EEC nº2 Remol. PTE DEST-Sudzucker Alemania,prod_perdido,158190,null,-158190,246,null,643.05,null
7897,"MANDIC OUTMILL MS4, S.L.",2025→2026,2025,2026,44301,Azucar Blanco – Materia Prima para Piensos,vol_precio,5566,3053,-2513,7.4,4.2,752.16,726.9
3699,"GONZALEZ CARBALLAL, S.L.",2025→2026,2025,2026,44355,Apipasta Nozevit,sin_actividad,0,null,0,0.045,null,0,null
10250,"ANTICH SPANISH FOOD, S.L.",2025→2026,2025,2026,7800059261,Azúcar BIO Caña NOP - Incauca Colombia,prod_perdido,145,null,-145,0.1,null,1450,null
9469,FLOURMILLS THRAKIS I OUZOUNOPOULOS SA,2025→2026,2025,2026,61287,Fosvitae 95% Plus BIO ES-ECO-024-MU Agric. UE,prod_perdido,68029.5,null,-68029.5,23.87,null,2850,null
10454,"GONZALEZ BYASS CHINCHON, S.A.",2025→2026,2025,2026,60010,Azúcar Liquida Neutra S.A.,vol_precio,14743.6,49518.26,34774.66,23.78,95.78,620,517
5445,COMPTOIR APICOLE LANGUEDOCIEN,2025→2026,2025,2026,44310,Apipasta 90% - Pienso completo - Apicultura,prod_perdido,12276,null,-12276,13.5,null,909.33,null
1751,"ANTONIO ARRAEZ, S.L",2025→2026,2025,2026,61900,Mix Fru-Dex 67º,vol_precio,30009.2,20064,-9945.2,26.3,18.24,1141.03,1100
1771,"EL CASERIO, S.A",2025→2026,2025,2026,1110060321,Maltitol Liquido-Huangfa China,prod_perdido,22735.4,null,-22735.4,23.56,null,965,null
2975,"ARTUKOLUKE, S.L.",2025→2026,2025,2026,4000050331,Dextrosa Maiz Cristal Monohidrato - ADM  Bulgaria,vol_precio,62280.25,18742.75,-43537.5,69.725,23.725,893.23,790
7171,"QUIRANTE FRUITS, S.L.",2025→2026,2025,2026,64506,COMPO LE,prod_perdido,16854.88,null,-16854.88,11.92,null,1414,null
400,"ASOCIACION IND. ALICANTINA DEL HELADO, S.A.",2025→2026,2025,2026,7300016111,Azúcar Blanco EEC Nº2 Caña - Santa Ana Guatemala,prod_perdido,31192.2,null,-31192.2,53.32,null,585,null
609,"ALBORCHATA,S.L.",2025→2026,2025,2026,7400003011,Azúcar Bl. EEC nº2 REMOL - ACOR ESPAÑA,prod_perdido,4984,null,-4984,5.6,null,890,null
6884,"ENVASADOS SEGOVIA, S.L.",2025→2026,2025,2026,7230007131,DC Raw Sugar >4000I - Cassa  El Salvador,prod_ganado,0,4224,4224,0.001,4.8,0,880
716,"PENALVA ALIMENTACION, S.A.",2025→2026,2025,2026,7800059261,Azúcar BIO Caña NOP - Incauca Colombia,volumen,1370,4170,2800,1,3,1370,1390
7440,"LOPEZ FOOD GROUP, S.L.",2025→2026,2025,2026,60105,"Azúcar PI 73,5-67",vol_precio,139328.4,99969.72,-39358.67999999999,157.2,118.028,886.31,847
297,"TARBAL FOOD, S.L.",2025→2026,2025,2026,60105,"Azúcar PI 73,5-67",vol_precio,3012,2236.65,-775.3499999999999,2.4,1.95,1255,1147
6267,"JUMEL ALIMENTARIA, S.A.",2025→2026,2025,2026,7500004011,Correfino EEC Nº2 Caña/Rem - Azucarera España,prod_perdido,112117,null,-112117,191,null,587,null
432,"CHOCOLATES ALGARRA, S.L.",2025→2026,2025,2026,7500003011,Correfino EEC Nº2 Caña/Rem - Acor  España,precio,41120,39520,-1600,60.8,60.8,676.32,650
5245,"ELGORRIAGA BRANDS, S.A.",2025→2026,2025,2026,1110049321,Maltitol Liquido - Shandong Tianli Pharm-China,prod_perdido,14257.1,null,-14257.1,14.3,null,997,null
551,"ICE CREAM FACTORY COMAKER, S.A.",2025→2026,2025,2026,7400010031,Azúcar Bl. EEC nº2 REMOL - SUDZUCKER FRANCIA,prod_perdido,69404,null,-69404,100.4,null,691.27,null
9067,"SCHREIBER FOODS ESPAÑA, S.L.",2025→2026,2025,2026,61229,Fosvitae Plus Polvo,sin_actividad,0,null,0,0.001,null,0,null
10500,APIS INTERNATIONAL B.V.,2025→2026,2025,2026,44315,Apipasta PLUS - Pienso para Apicultura,vol_precio,189,1134,945,0.28,0.84,675,1350
445,"PASTELERIA ARROYO SANCHEZ, S.L.U.",2025→2026,2025,2026,1110073320,Maltitol Liquido-Huakang China,prod_perdido,10920,null,-10920,13,null,840,null
400,"ASOCIACION IND. ALICANTINA DEL HELADO, S.A.",2025→2026,2025,2026,5101054011,Fructor 10/77 - Roquette España,prod_perdido,10560,null,-10560,12,null,880,null
200,MARIN GIMENEZ HNOS. S.A.,2025→2026,2025,2026,44093,Fructor 100/80,prod_perdido,1176,null,-1176,1.2,null,980,null
456,"HELADOS ESTIU, S.A.",2025→2026,2025,2026,43050,Maltitol en Polvo,sin_actividad,0,null,0,0.001,null,0,null
7972,MOCHI LUXURY S.L,2025→2026,2025,2026,5206050031,Maltor 70/80 - ADM  Francia,vol_precio,68981,39744,-29237,84.1,55.2,820.23,720
595,"ROSCRIS BENIOPA, S.L",2025→2026,2025,2026,7110009141,Azúcar Moreno >2500i - ASR  Belice,prod_perdido,10549,null,-10549,9.1,null,1159.23,null
904,"DAMEL GROUP, S.L. ",2025→2026,2025,2026,7500004011,Correfino EEC Nº2 Caña/Rem - Azucarera España,prod_perdido,125386.4,null,-125386.4,196.08,null,639.47,null
9990,"POSTRES DE MESA, S.L.",2025→2026,2025,2026,62150,Jarabe de Melaza de Caña,sin_actividad,0,null,0,0.005,null,0,null
2855,"AGRO CONTROL 2007, S,L.",2025→2026,2025,2026,4000050331,Dextrosa Maiz Cristal Monohidrato - ADM  Bulgaria,vol_precio,31537.5,32700,1162.5,26.25,30,1201.43,1090
3375,"EUROCHOC, S.L.",2025→2026,2025,2026,61185,Mixco Sweet 70-93.0000,vol_precio,12314.84,7722.4,-4592.4400000000005,11.93,7.88,1032.26,980
194,"COFRUTOS, S.A.",2025→2026,2025,2026,61306,Mixco Sweet 72-40.3030 M1A3,sin_actividad,0,null,0,0.002,null,0,null
2975,"ARTUKOLUKE, S.L.",2025→2026,2025,2026,65015,Azúcar en polvo LM,volumen,21375,33738.75,12363.75,28.5,44.985,750,750
10304,"ELABORADOS DIETETICOS, S.A.U.",2025→2026,2025,2026,2332065321,FOS 95% Granular-Shandong Starlight So True China,sin_actividad,0,null,0,0.001,null,0,null
10467,"SKJODT-BARRET FOODS, INC.",2025→2026,2025,2026,61287,Fosvitae 95% Plus BIO ES-ECO-024-MU Agric. UE,sin_actividad,0,null,0,0.01,null,0,null
462,"ROMEDUL, S.L.",2025→2026,2025,2026,1210054031,Sorbitol Liquido - Roquette Francia,vol_precio,3480,1548,-1932,2.4,1.2,1450,1290
4587,"CARMAX GLASS, S.L.",2025→2026,2025,2026,44313,Apipasta Vitaminas 90% - Pienso para Apicultura,volumen,13362,8085,-5277,11.97,7.35,1116.29,1100
10278,INGREDION INCORPORATED,2025→2026,2025,2026,61289,Fosvitae 95% Plus 78º,sin_actividad,0,null,0,0.003,null,0,null
5989,"T500 PURATOS, S.A.",2025→2026,2025,2026,65005,Azúcar en polvo LS,volumen,58930.05,55209.15,-3720.9000000000015,74.595,69.885,790,790
197,"J. GARCIA CARRION, S.A.",2025→2026,2025,2026,60252,Azúcar TIEN 67.100 Caña,volumen,84541.12,341551.2,257010.08000000002,173.24,699.9,488,488
401,"SOLER GIMENO, S.L.",2025→2026,2025,2026,7610010201,Azúcar Perlado 1-Sudzucker Belgica,prod_perdido,408,null,-408,0.3,null,1360,null
346,"PANARRO FOODS, S.L.",2025→2026,2025,2026,5100002011,Fructor 10/81 - Tereos  España,volumen,17305.2,4140,-13165.2,25.08,6,690,690
4002,"ABB MJ FERNANDEZ ARANDA, S.L.",2025→2026,2025,2026,5101054011,Fructor 10/77 - Roquette España,vol_precio,27508.8,1683.6,-25825.2,34.8,2.44,790.48,690
314,"PASDULCE, S.L.",2025→2026,2025,2026,1210054031,Sorbitol Liquido - Roquette Francia,volumen,8018.4,6376.86,-1641.54,6,4.82,1336.4,1323
198,"JOSE SANDOVAL, S.L.U.",2025→2026,2025,2026,1110073320,Maltitol Liquido-Huakang China,precio,1729,1092,-637,1.3,1.3,1330,840
9520,"GOLOSINAS MININOLAS, S.L.U.",2025→2026,2025,2026,5201054011,Glucor 45/80 - Roquette España,sin_actividad,0,null,0,0.005,null,0,null
7612,DPTO. COMERCIAL,2025→2026,2025,2026,44313,Apipasta Vitaminas 90% - Pienso para Apicultura,sin_actividad,0,null,0,0.51,null,0,null
1752,"ROYMY 21, S.L",2025→2026,2025,2026,1210054031,Sorbitol Liquido - Roquette Francia,prod_perdido,17316,null,-17316,15.6,null,1110,null
4002,"ABB MJ FERNANDEZ ARANDA, S.L.",2025→2026,2025,2026,62400,Fondant ES-R01,vol_precio,55334.4,37413.6,-17920.800000000003,53.76,40.26,1029.29,929.3
3375,"EUROCHOC, S.L.",2025→2026,2025,2026,7500004011,Correfino EEC Nº2 Caña/Rem - Azucarera España,prod_perdido,15312,null,-15312,23.2,null,660,null
485,"POSTRES LACTEOS ROMAR, S.L.",2025→2026,2025,2026,60000,Azúcar Líquida Neutra 67º,prod_perdido,1488,null,-1488,2.408,null,617.94,null
5998,"FRANCISCO ARAGON, S.L.U.",2025→2026,2025,2026,61104,Mixco Sweet 81-05.5041 A-MI,sin_actividad,0,null,0,0.001,null,0,null
237,"DULCES SANTA CRUZ, S.L.",2025→2026,2025,2026,1110071320,Maltitol Liquido – Shandong Grain Rain China,vol_precio,1612,4732,3120,1.3,3.9,1240,1213.33
6323,SARL BABE APICULTURE ET EMBALLAGES,2025→2026,2025,2026,44328,Apipasta 90% - Pienso completo –  BABE APICULTURE,prod_perdido,1872,null,-1872,1.8,null,1040,null
10187,"SCHMIDLI, DOMINIQUE SEBASTIEN",2025→2026,2025,2026,62022,Apimix 75 PyV Pienso completo – Apicultura,prod_perdido,3840,null,-3840,4.8,null,800,null
10147,"HERVAR LACTEOS Y ADITIVOS, S.L.",2025→2026,2025,2026,3000750341,Fructosa Maiz Cristal Granulada-ADM Turquía CUATRI,prod_perdido,7080,null,-7080,6,null,1180,null
9921,"PRODUCTOS SUR, S.L.",2025→2026,2025,2026,4000050331,Dextrosa Maiz Cristal Monohidrato - ADM  Bulgaria,vol_precio,507341.5,365312.5,-142029,539.725,417.5,940,875
9410,"NORDMANN, RASSMANN POLSKA SP. Z O.O.",2025→2026,2025,2026,61289,Fosvitae 95% Plus 78º,vol_precio,218526,155636.1,-62889.899999999994,108.483,87.954,2014.38,1769.52
8734,"VMPS AGUAS E TURISMO, S.A",2025→2026,2025,2026,44092,Fructor 100/69,vol_precio,817658.18,472362,-345296.18000000005,862.1,555.72,948.45,850
542,"SDAD.ESPAÑOLA COLOR. NATURALES Y AFINES, S.A.U.",2025→2026,2025,2026,7300016111,Azúcar Blanco EEC Nº2 Caña - Santa Ana Guatemala,volumen,398004,238824,-159180,632.4,385.2,629.35,620
10257,"B-ORGANIC, S.L.",2025→2026,2025,2026,5201054011,Glucor 45/80 - Roquette España,prod_perdido,1196.4,null,-1196.4,1.2,null,997,null
5528,"FERNANDEZ LOPEZ, ANTONIO",2025→2026,2025,2026,62035,PIAPI 74 Pienso completo – Apicultura,vol_precio,7560,14400,6840,10.8,21.6,700,666.67
9273,"AGROQUIMICA CODIAGRO, S.L.",2025→2026,2025,2026,5206050031,Maltor 70/80 - ADM  Francia,sin_actividad,0,null,0,0.001,null,0,null
10580,INGREDION UK LIMITED,2025→2026,2025,2026,61298,Fosvitae 95% Plus 74º,sin_actividad,0,null,0,0.002,null,0,null
1470,"CROP SALSA, S.A.",2025→2026,2025,2026,7230007131,DC Raw Sugar >4000I - Cassa  El Salvador,sin_actividad,0,null,0,0.001,null,0,null
1253,"HORCHATA EL COSECHERO, S.L.",2025→2026,2025,2026,7500003011,Correfino EEC Nº2 Caña/Rem - Acor  España,prod_perdido,3034.5,null,-3034.5,5.1,null,595,null
9157,"MAK FOOD COMPANY, S.L.",2025→2026,2025,2026,7600004011,Azúcar Granulado Extrafino-Azucarera España,sin_actividad,0,null,0,0.001,null,0,null
405,"CHOVI, S.L.",2025→2026,2025,2026,60000,Azúcar Líquida Neutra 67º,prod_perdido,11676,null,-11676,16.8,null,695,null
904,"DAMEL GROUP, S.L. ",2025→2026,2025,2026,7300005081,Azúcar Blanco EEC Nº2 Caña - Cosumar  Marruecos,prod_perdido,332640,null,-332640,528,null,630,null
8003,"OBLEAS QUINTIN, S.L.",2025→2026,2025,2026,7600010031,Azúcar Granulado Extrafino XF-Sudzucker Francia,volumen,14760,54120,39360,18,66,820,820
10283,IANSAGRO S.A,2025→2026,2025,2026,61289,Fosvitae 95% Plus 78º,sin_actividad,0,null,0,0.001,null,0,null
3111,"GOMEZ MARTIN, HUGO",2025→2026,2025,2026,44313,Apipasta Vitaminas 90% - Pienso para Apicultura,prod_perdido,28875,null,-28875,26.25,null,1100,null
9868,"NORDMANN, RASSMANN HANDELSGES.M.B.H",2025→2026,2025,2026,61200,Fosvitae 85%,sin_actividad,0,null,0,0.001,null,0,null
5365,"COMORALI, S.L.",2025→2026,2025,2026,5206050031,Maltor 70/80 - ADM  Francia,volumen,24768,19584,-5184,24,19.2,1032,1020
10256,VELAMAR IMPORTACION-EXPORTACION SL,2025→2026,2025,2026,65005,Azúcar en polvo LS,prod_perdido,33540,null,-33540,39,null,860,null
10269,"ENERYETI COMPANY, S.L.",2025→2026,2025,2026,7300016111,Azúcar Blanco EEC Nº2 Caña - Santa Ana Guatemala,prod_perdido,2484,null,-2484,3.6,null,690,null
3715,"BSI BODEGAS SAN ISIDRO, S.COOP.",2025→2026,2025,2026,60000,Azúcar Líquida Neutra 67º,sin_actividad,0,null,0,0.001,null,0,null
6449,"PRODEL AGRICOLA, S.L.",2025→2026,2025,2026,44314,Apipasta 90% - BIO - Pienso completo - Apicultura,vol_precio,1732.5,3150,1417.5,1.05,2.1,1650,1500
247,"PEDRO GUILLEN GOMARIZ, S.L.",2025→2026,2025,2026,60000,Azúcar Líquida Neutra 67º,vol_precio,295190.16,290502.1,-4688.059999999998,644.52,682.1,458,425.89
405,"CHOVI, S.L.",2025→2026,2025,2026,7500004011,Correfino EEC Nº2 Caña/Rem - Azucarera España,prod_perdido,11940,null,-11940,20,null,597,null
7897,"MANDIC OUTMILL MS4, S.L.",2025→2026,2025,2026,44304,Azucar Polvo LS – Pienso completo – Apicultura,volumen,5836.95,6474.6,637.6500000000005,5.355,5.94,1090,1090
2618,"CALABUIG BLASCO, MIGUEL ANGEL",2025→2026,2025,2026,44301,Azucar Blanco – Materia Prima para Piensos,prod_perdido,2640,null,-2640,4,null,660,null
1728,"CEREALTO INDUSTRIAL SPAIN, S.A.",2025→2026,2025,2026,62070,Mix Golden Jarabe,sin_actividad,0,null,0,0.002,null,0,null
4350,"BARBERA NOGUES, ERIC",2025→2026,2025,2026,44301,Azucar Blanco – Materia Prima para Piensos,sin_cambio,576,576,0,0.8,0.8,720,720
432,"CHOCOLATES ALGARRA, S.L.",2025→2026,2025,2026,7220032231,Raw Sugar <2500ICUMSA - Eswatini Ubombo Sugar,vol_precio,65130,42120,-23010,114,72,571.32,585
6734,"COLONIALES EL SOL, S.L.",2025→2026,2025,2026,7300039291,Azúcar Blanco EEC Nº2 Caña - Kampong Speu Camboya,prod_perdido,2792,null,-2792,4,null,698,null
9429,TARTAS ANCANO S.L.,2025→2026,2025,2026,1210054031,Sorbitol Liquido - Roquette Francia,volumen,26120.4,18988.08,-7132.32,20.4,14.64,1280.41,1297
10433,IL MONDO DELLE API,2025→2026,2025,2026,44310,Apipasta 90% - Pienso completo - Apicultura,volumen,30510,27567,-2943,33.9,30.63,900,900
6267,"JUMEL ALIMENTARIA, S.A.",2025→2026,2025,2026,7300016111,Azúcar Blanco EEC Nº2 Caña - Santa Ana Guatemala,prod_perdido,13383.6,null,-13383.6,22.8,null,587,null
10183,"ZUKAN INNOVATION, SLU",2025→2026,2025,2026,2332065321,FOS 95% Granular-Shandong Starlight So True China,sin_actividad,0,null,0,0.001,null,0,null
566,"ALMACENES MIGUEZ 2005,S.L.",2025→2026,2025,2026,7200017111,>45 ICUMSA - Palo Gordo Guatemala,prod_perdido,5664,null,-5664,9.6,null,590,null
5787,"FALCON, S.A.",2025→2026,2025,2026,62408,Fondant ES-R04 EN/EL,precio,16843.2,16512,-331.2000000000007,19.14,19.2,880,860
523,"CORALIM INGREDIENTS, S.L.",2025→2026,2025,2026,3010050341,Fructosa Maiz Cristal Polvo - ADM  Turquía,prod_perdido,135,null,-135,0.1,null,1350,null
595,"ROSCRIS BENIOPA, S.L",2025→2026,2025,2026,7500003011,Correfino EEC Nº2 Caña/Rem - Acor  España,volumen,9000,3600,-5400,12,4.8,750,750
3155,"HORTAMED, S.L.",2025→2026,2025,2026,5101054011,Fructor 10/77 - Roquette España,prod_perdido,3204,null,-3204,3.6,null,890,null
9157,"MAK FOOD COMPANY, S.L.",2025→2026,2025,2026,61207,Mixco Sweet 74-00.5050 M1,vol_precio,32330,335410.9,303080.9,24.407,259.3,1324.62,1293.52
7950,LES RUCHERS DU TALUS,2025→2026,2025,2026,44315,Apipasta PLUS - Pienso para Apicultura,sin_cambio,1134,1134,0,0.84,0.84,1350,1350
7115,"RIVERBEND ESPAÑA, S.A",2025→2026,2025,2026,61207,Mixco Sweet 74-00.5050 M1,prod_perdido,282338.64,-28682.64,-311021.28,173.64,-17.64,1626,1626
9157,"MAK FOOD COMPANY, S.L.",2025→2026,2025,2026,61200,Fosvitae 85%,sin_actividad,0,0,0,0.02,0.037,0,0
2642,"BONDIA SALVO, S.L.",2025→2026,2025,2026,2210037021,Melaza Caña - Sidul  Portugal,sin_actividad,0,null,0,0.002,null,0,null
8836,"AGROCENTROS LEON, S.L.",2025→2026,2025,2026,99958,Producto Pruebas Apícola ZK-10,sin_actividad,0,null,0,0.05,null,0,null
2366,"TEGAN BIPAL, S.L.",2025→2026,2025,2026,3010050341,Fructosa Maiz Cristal Polvo - ADM  Turquía,sin_cambio,1737.5,1737.5,0,1.25,1.25,1390,1390
8795,"ADISTAFARMA, S.L.",2025→2026,2025,2026,1110071320,Maltitol Liquido – Shandong Grain Rain China,sin_cambio,10428.6,10428.6,0,7.8,7.8,1337,1337
10192,"NEW GARDEN SYSTEM, S.L.",2025→2026,2025,2026,40261,Melaza de remolacha - Uso Animal y Agricultura,sin_actividad,0,null,0,0.001,null,0,null
9535,"COMPAÑIA CERVECERA DAMM, S.L.",2025→2026,2025,2026,7500003011,Correfino EEC Nº2 Caña/Rem - Acor  España,volumen,576,1728,1152,0.8,2.4,720,720
10259,"NUTRIS, WE CARE ABOUT YOU, S.L.",2025→2026,2025,2026,7300016111,Azúcar Blanco EEC Nº2 Caña - Santa Ana Guatemala,prod_perdido,38808,null,-38808,58.8,null,660,null
8350,"MIGA FOODS COMMERCE, S.L.",2025→2026,2025,2026,60105,"Azúcar PI 73,5-67",prod_perdido,1912.8,null,-1912.8,2.4,null,797,null
1000,CLIENTES VARIOS (CONTADO),2025→2026,2025,2026,40030,Azucar azucarera trimestral,prod_perdido,3.5,null,-3.5,0.005,null,700,null
10516,"AGROMEDITERRANEA CABO DE GATA, S.L.",2025→2026,2025,2026,60253,TIEN 67-100 R,prod_perdido,65166.68,null,-65166.68,125.08,null,521,null
7558,HARINAS CASTILLA LA MANCHA S.L,2025→2026,2025,2026,7500004011,Correfino EEC Nº2 Caña/Rem - Azucarera España,prod_perdido,137592,null,-137592,216,null,637,null
385,"BIOMIP BIOLOGICAL QUALITY, S.L.",2025→2026,2025,2026,62004,Mix Abejorros 65-30.4028 Pienso Completo - Apicult,vol_precio,129677.44,76821.16,-52856.28,198.84,125.32,652.17,613
1253,"HORCHATA EL COSECHERO, S.L.",2025→2026,2025,2026,5101054011,Fructor 10/77 - Roquette España,sin_actividad,0,null,0,0.001,null,0,null
1528,"JUAN Y JUAN INDUSTRIAL, S.L.U.",2025→2026,2025,2026,7300039291,Azúcar Blanco EEC Nº2 Caña - Kampong Speu Camboya,prod_perdido,29551.5,null,-29551.5,49.5,null,597,null
2283,"ROENCAR, S.L.U.",2025→2026,2025,2026,3010050341,Fructosa Maiz Cristal Polvo - ADM  Turquía,prod_perdido,956.55,null,-956.55,0.525,null,1822,null
9816,AGRO APICULTURA,2025→2026,2025,2026,44315,Apipasta PLUS - Pienso para Apicultura,prod_perdido,1050,null,-1050,0.84,null,1250,null
5998,"FRANCISCO ARAGON, S.L.U.",2025→2026,2025,2026,5201054011,Glucor 45/80 - Roquette España,sin_cambio,1758,1758,0,1.2,1.2,1465,1465
2860,"ACEITUNAS KARINA, S.L.",2025→2026,2025,2026,3000750341,Fructosa Maiz Cristal Granulada-ADM Turquía CUATRI,prod_perdido,13435,null,-13435,10,null,1343.5,null
5822,"CIVAN ARICILIK TEKSTIL, SALIP SAN TIC LTD STI",2025→2026,2025,2026,44332,Apipasta Vitaminas 90% - Pienso Apicultura -CIVAN,prod_perdido,11550,null,-11550,11.55,null,1000,null
401,"SOLER GIMENO, S.L.",2025→2026,2025,2026,7620010201,Azúcar Perlado 2-Sudzucker Belgica,volumen,14960,12104,-2856,11,8.9,1360,1360
6338,CENTRO NAC. TECNOLOGIA Y SEGURIDAD ALIMENTARIA,2025→2026,2025,2026,61289,Fosvitae 95% Plus 78º,sin_actividad,0,null,0,0.005,null,0,null
1528,"JUAN Y JUAN INDUSTRIAL, S.L.U.",2025→2026,2025,2026,7400010171,Az. Bl. EEC nº2 Remol. PTE DEST-Sudzucker Alemania,prod_perdido,88590,null,-88590,145,null,610.97,null
2344,"MIEL MONCABRER, S.L.",2025→2026,2025,2026,61177,Mixco Sweet 81-00.0932 A-MI,prod_perdido,17037.04,null,-17037.04,24.62,null,692,null
6884,"ENVASADOS SEGOVIA, S.L.",2025→2026,2025,2026,7250007131,DC Raw Sugar 2000-3500i - Cassa El Salvador,sin_actividad,0,null,0,0.001,null,0,null
9157,"MAK FOOD COMPANY, S.L.",2025→2026,2025,2026,61315,Mixco Sweet 65-00.5050 RCI,prod_perdido,91618.5,null,-91618.5,88.95,null,1030,null
1513,"AGROBIO, S.L.",2025→2026,2025,2026,62001,Apimix - Pienso completo - Apicultura,prod_perdido,1140,null,-1140,1.2,null,950,null
551,"ICE CREAM FACTORY COMAKER, S.A.",2025→2026,2025,2026,3000750341,Fructosa Maiz Cristal Granulada-ADM Turquía CUATRI,prod_perdido,13140,null,-13140,9,null,1460,null
10268,MILCHWERKE MITTELELBE GMBH,2025→2026,2025,2026,61289,Fosvitae 95% Plus 78º,sin_actividad,0,null,0,0.001,null,0,null
452,"TEICHENNE, S.A.",2025→2026,2025,2026,60010,Azúcar Liquida Neutra S.A.,vol_precio,134159.16,103481.72,-30677.440000000002,273.48,196.36,490.56,527
902,"MEMBRILLO EL QUIJOTE, S.A.",2025→2026,2025,2026,7300039291,Azúcar Blanco EEC Nº2 Caña - Kampong Speu Camboya,prod_perdido,621.5,null,-621.5,1.1,null,565,null
10399,INGREDION GERMANY GMBH,2025→2026,2025,2026,2332065321,FOS 95% Granular-Shandong Starlight So True China,sin_actividad,0,null,0,0.001,null,0,null
2577,"IMPORTACO CASA PONS, S.A.U.",2025→2026,2025,2026,3010050341,Fructosa Maiz Cristal Polvo - ADM  Turquía,sin_actividad,0,null,0,0.002,null,0,null
6866,"TAMAYO SANCHEZ, Mª LUISA",2025→2026,2025,2026,44304,Azucar Polvo LS – Pienso completo – Apicultura,prod_perdido,965.25,null,-965.25,0.975,null,990,null
7787,"ONES MAY SABORES, S.L",2025→2026,2025,2026,7500003011,Correfino EEC Nº2 Caña/Rem - Acor  España,prod_perdido,5600,null,-5600,8,null,700,null
1410,"RAMON SABATER, S.A.U.",2025→2026,2025,2026,5100050031,Fructor 10/81 - ADM  Francia,prod_perdido,6840,null,-6840,7.2,null,950,null
1747,"FRUIT TECH NATURAL, S.A.",2025→2026,2025,2026,61208,Mixco Sweet 74-00.5050 I,prod_perdido,205160.48,null,-205160.48,174.16,null,1178,null
10337,AMERO FOODS MFG CORP DBA PASTRYSTAR,2025→2026,2025,2026,61287,Fosvitae 95% Plus BIO ES-ECO-024-MU Agric. UE,prod_perdido,3420,null,-3420,1.2,null,2850,null
10436,"PRODUCCIONES BIOLOGICAS, S.L.U.",2025→2026,2025,2026,62092,Mix Abejorros 60-34.3333 Pienso Completo - Apicult,prod_perdido,924,null,-924,1.2,null,770,null
9792,OROSKER KFT.,2025→2026,2025,2026,44315,Apipasta PLUS - Pienso para Apicultura,precio,2268,2100,-168,1.68,1.681,1350,1249.26
9956,"NORDMANN, RASSMANN GMBH",2025→2026,2025,2026,99950,Producto de Pruebas Líquido - 1,sin_actividad,0,null,0,0.001,null,0,null
10491,MIGADI MONOPROSOPI IKE,2025→2026,2025,2026,44314,Apipasta 90% - BIO - Pienso completo - Apicultura,sin_actividad,0,0,0,0.075,0.015,0,0
3753,"OLIVA NAVARRO, MIRIAM",2025→2026,2025,2026,62022,Apimix 75 PyV Pienso completo – Apicultura,prod_perdido,6750,null,-6750,9,null,750,null
1000,CLIENTES VARIOS (CONTADO),2025→2026,2025,2026,40203,Azúcar BIO 300-500 -ES-ECO-024-MU (Agric No EU),prod_perdido,50,null,-50,0.05,null,1000,null
428,"PASTELERIA INDUSTRIAL MONTE TURIA, S.A.",2025→2026,2025,2026,7600002031,Azúcar Granulado Extrafino-Tereos Francia,prod_perdido,9870.3,null,-9870.3,9.9,null,997,null
7115,"RIVERBEND ESPAÑA, S.A",2025→2026,2025,2026,61304,Mixco Sweet 72-40.3030 M1A4,sin_actividad,0,null,0,0.002,null,0,null
1661,"DELAVIUDA ALIMENTACION, S.A",2025→2026,2025,2026,1110068321,Maltitol Liquido – Luzhou Bio-Chem China,prod_perdido,4564.54,null,-4564.54,4.82,null,947,null
2007,"PAREDES CEREZO, MIGUEL ANGEL",2025→2026,2025,2026,1110073320,Maltitol Liquido-Huakang China,prod_perdido,1287,null,-1287,1.3,null,990,null
9472,"NUTRARESEARCH 2011, S.L.",2025→2026,2025,2026,3010050341,Fructosa Maiz Cristal Polvo - ADM  Turquía,vol_precio,173988.75,77625,-96363.75,134.875,67.5,1290,1150
594,"CERVERO AUSINA, JULIO",2025→2026,2025,2026,60010,Azúcar Liquida Neutra S.A.,vol_precio,18711.1,16028.9,-2682.199999999999,20.45,18.01,914.97,890
4187,"AMILCAR & MORGADO, LDA",2025→2026,2025,2026,44315,Apipasta PLUS - Pienso para Apicultura,volumen,27170.5,16464,-10706.5,21.938,13.44,1238.51,1225
1513,"AGROBIO, S.L.",2025→2026,2025,2026,99950,Producto de Pruebas Líquido - 1,sin_actividad,0,null,0,0.06,null,0,null
7897,"MANDIC OUTMILL MS4, S.L.",2025→2026,2025,2026,65005,Azúcar en polvo LS,prod_perdido,1635,null,-1635,1.5,null,1090,null
466,"DULCES LA PONDEROSA, S.L.",2025→2026,2025,2026,7300005081,Azúcar Blanco EEC Nº2 Caña - Cosumar  Marruecos,prod_perdido,14553,null,-14553,23.1,null,630,null
2691,"CAMPILLO MONDEJAR, C.B.",2025→2026,2025,2026,65005,Azúcar en polvo LS,prod_perdido,594,null,-594,0.45,null,1320,null
1087,"TORRELLA SANCHEZ, RAFAELA",2025→2026,2025,2026,44301,Azucar Blanco – Materia Prima para Piensos,prod_perdido,3456,null,-3456,4.8,null,720,null
194,"COFRUTOS, S.A.",2025→2026,2025,2026,64094,Mixco Sweet 72-53.2323 100 Icu,volumen,103957.74,153872.1,49914.36,102.22,151.3,1017,1017
6249,"ANIA BOTANICALS, S.L.",2025→2026,2025,2026,3010050341,Fructosa Maiz Cristal Polvo - ADM  Turquía,vol_precio,3647.5,3225,-422.5,2.75,2.5,1326.36,1290
10558,"AMATO TECH, S.L.",2025→2026,2025,2026,1110071320,Maltitol Liquido – Shandong Grain Rain China,sin_actividad,0,null,0,0.001,null,0,null
354,"DESTILERIAS LA HUERTANA, S.L.",2025→2026,2025,2026,60010,Azúcar Liquida Neutra S.A.,volumen,60193.7,37056.6,-23137.1,118.96,72.66,506,510
3306,"INBIOLEV, S.L.",2025→2026,2025,2026,3010050341,Fructosa Maiz Cristal Polvo - ADM  Turquía,prod_perdido,435,null,-435,0.3,null,1450,null
3306,"INBIOLEV, S.L.",2025→2026,2025,2026,7500004011,Correfino EEC Nº2 Caña/Rem - Azucarera España,prod_perdido,592,null,-592,0.8,null,740,null
465,"INVESTIGACION Y DESARROLLO PANADERO, S.L.",2025→2026,2025,2026,7500003011,Correfino EEC Nº2 Caña/Rem - Acor  España,prod_perdido,600,null,-600,0.8,null,750,null
9157,"MAK FOOD COMPANY, S.L.",2025→2026,2025,2026,61312,Mixco Sweet 72-00.5050 I,vol_precio,87875.37,160878.76,73003.39000000001,72.662,145.46,1209.37,1106
428,"PASTELERIA INDUSTRIAL MONTE TURIA, S.A.",2025→2026,2025,2026,7600004011,Azúcar Granulado Extrafino-Azucarera España,prod_perdido,57601.68,null,-57601.68,57.775,null,997,null
9263,"LOPEZ 1920 PASTELERÍA, S.L.",2025→2026,2025,2026,7500003011,Correfino EEC Nº2 Caña/Rem - Acor  España,prod_perdido,93800,null,-93800,140,null,670,null
5992,"CHOZAS CARRASCAL GR, S.L.",2025→2026,2025,2026,40207,Azúcar BIO <45 ES-ECO-024-MU Ag UE REMOLACHA,sin_actividad,0,null,0,0,null,null,null
10172,"ALGMASTIA, S.L.",2025→2026,2025,2026,60105,"Azúcar PI 73,5-67",sin_actividad,0,null,0,0.001,null,0,null
200,MARIN GIMENEZ HNOS. S.A.,2025→2026,2025,2026,61231,Mixco Sweet 67-05.5045,prod_perdido,20632.92,null,-20632.92,24.361,null,846.97,null
499,"MELS CARLET, S.L.",2025→2026,2025,2026,5100050031,Fructor 10/81 - ADM  Francia,prod_perdido,34387.27,null,-34387.27,50.288,null,683.81,null
769,"ANGEL CAMACHO ALIMENTACION, S.L.",2025→2026,2025,2026,7500003011,Correfino EEC Nº2 Caña/Rem - Acor  España,prod_perdido,28225.6,null,-28225.6,47.2,null,598,null
10259,"NUTRIS, WE CARE ABOUT YOU, S.L.",2025→2026,2025,2026,1110071320,Maltitol Liquido – Shandong Grain Rain China,vol_precio,65894.04,306607.56,240713.52000000002,71.78,384.22,918,798
7765,SURINVER EL GRUPO S.COOP,2025→2026,2025,2026,7300037021,Azúcar Blanco EEC Nº2 Caña - Sidul  Portugal,volumen,1152,4608,3456,1.6,6.4,720,720
2916,"SUC. DE MUÑOZ Y PUJANTE, S.L.",2025→2026,2025,2026,7200017111,>45 ICUMSA - Palo Gordo Guatemala,prod_perdido,52.5,null,-52.5,0.4,null,131.25,null
418,"MANUFACTURAS CEYLAN, S.L.",2025→2026,2025,2026,40207,Azúcar BIO <45 ES-ECO-024-MU Ag UE REMOLACHA,prod_perdido,797.5,null,-797.5,0.5,null,1595,null
9576,TRINOVA AG,2025→2026,2025,2026,5201050031,Glucor 45/80 - ADM  Francia,prod_perdido,1,null,-1,0.001,null,1000,null
7189,"PASTISART IBERIA, S.L.U",2025→2026,2025,2026,61260,Fosvitae R 60 %,prod_ganado,0,3460.8,3460.8,0.005,2.4,0,1442
4507,"ALMACEN DE CONFITERIA Y PASTELERIA, S.L.",2025→2026,2025,2026,62400,Fondant ES-R01,prod_perdido,2284.8,null,-2284.8,1.92,null,1190,null
10259,"NUTRIS, WE CARE ABOUT YOU, S.L.",2025→2026,2025,2026,7500003011,Correfino EEC Nº2 Caña/Rem - Acor  España,vol_precio,32880,39072,6192,48,59.2,685,660
10250,"ANTICH SPANISH FOOD, S.L.",2025→2026,2025,2026,3000750341,Fructosa Maiz Cristal Granulada-ADM Turquía CUATRI,prod_perdido,1460,null,-1460,0.95,null,1536.84,null
252,"CONSERVAS ALGUAZAS, S.L.",2025→2026,2025,2026,7500004011,Correfino EEC Nº2 Caña/Rem - Azucarera España,prod_perdido,1127.2,null,-1127.2,1.6,null,704.5,null
2057,"BACK EUROP ESPAÑA, S.L",2025→2026,2025,2026,62400,Fondant ES-R01,prod_perdido,950.4,null,-950.4,0.96,null,990,null
4383,"MANUFRI, S.L.",2025→2026,2025,2026,61207,Mixco Sweet 74-00.5050 M1,prod_perdido,19588,null,-19588,11.8,null,1660,null
2073,"PLATOS TRADICIONALES, S.A",2025→2026,2025,2026,4000050331,Dextrosa Maiz Cristal Monohidrato - ADM  Bulgaria,vol_precio,20906.63,15130,-5776.630000000001,21.225,17,985,890
2518,"GRANALBE, S.L.",2025→2026,2025,2026,44313,Apipasta Vitaminas 90% - Pienso para Apicultura,precio,11865,11550,-315,10.5,10.5,1130,1100
9811,"IDEAGRO, S.L.",2025→2026,2025,2026,4000050331,Dextrosa Maiz Cristal Monohidrato - ADM  Bulgaria,volumen,8400,46200,37800,10,55,840,840
7897,"MANDIC OUTMILL MS4, S.L.",2025→2026,2025,2026,7500003011,Correfino EEC Nº2 Caña/Rem - Acor  España,prod_perdido,827.75,null,-827.75,1.075,null,770,null
3479,"LA TAHONA DE UTIEL, S.L.",2025→2026,2025,2026,5101054011,Fructor 10/77 - Roquette España,sin_actividad,0,null,0,0.001,null,0,null
405,"CHOVI, S.L.",2025→2026,2025,2026,7300007131,Azúcar Blanco EEC Nº2 Caña - Cassa  El Salvador,volumen,9425,112208.5,102783.5,15,177.1,628.33,633.59
10397,"SIMON THE BEEKEEPER, LTD",2025→2026,2025,2026,44315,Apipasta PLUS - Pienso para Apicultura,vol_precio,23100,9450,-13650,18.48,7.896,1250,1196.81
2684,"INDUSTRIAS JIJONENCAS, S.A.",2025→2026,2025,2026,3000750341,Fructosa Maiz Cristal Granulada-ADM Turquía CUATRI,prod_perdido,3741,null,-3741,3,null,1247,null
10306,"IBERIA INGREDIENTS, S.L.",2025→2026,2025,2026,60200,Azúcar Invertido 67º,sin_actividad,0,null,0,0.004,null,0,null
566,"ALMACENES MIGUEZ 2005,S.L.",2025→2026,2025,2026,44340,Apipasta PLUS-Pienso Apicultura(Bajo Peso/Sellado),vol_precio,2305,1428,-877,2.305,2.856,1000,500
8247,"ALLJUICEMED, S.L.",2025→2026,2025,2026,61280,Mixco Sweet 68-00.5050 RC V2,sin_actividad,0,null,0,0,null,null,null
2057,"BACK EUROP ESPAÑA, S.L",2025→2026,2025,2026,3000050341,Fructosa Maiz Cristal Granulada - ADM  Turquía,precio,1612.5,1525,-87.5,1.25,1.25,1290,1220
1661,"DELAVIUDA ALIMENTACION, S.A",2025→2026,2025,2026,5205050031,Glucor 37/79 - ADM  Francia,prod_perdido,7206.29,null,-7206.29,11.138,null,647,null
465,"INVESTIGACION Y DESARROLLO PANADERO, S.L.",2025→2026,2025,2026,65015,Azúcar en polvo LM,prod_perdido,1452.75,null,-1452.75,0.975,null,1490,null
378,"FRIDUL, S.A.",2025→2026,2025,2026,62400,Fondant ES-R01,volumen,22890.42,11301.12,-11589.299999999997,23.115,11.52,990.28,981
9567,SIKA S.A.U.,2025→2026,2025,2026,7300039291,Azúcar Blanco EEC Nº2 Caña - Kampong Speu Camboya,prod_perdido,1795.2,null,-1795.2,2.4,null,748,null
405,"CHOVI, S.L.",2025→2026,2025,2026,7400010171,Az. Bl. EEC nº2 Remol. PTE DEST-Sudzucker Alemania,vol_precio,73622,3175,-70447,122,5,603.46,635
9194,"HELADOS JOP, S.L.",2025→2026,2025,2026,3000050341,Fructosa Maiz Cristal Granulada - ADM  Turquía,vol_precio,2981.25,3412.5,431.25,1.875,2.5,1590,1365
551,"ICE CREAM FACTORY COMAKER, S.A.",2025→2026,2025,2026,3000050341,Fructosa Maiz Cristal Granulada - ADM  Turquía,vol_precio,23360,21060,-2300,16,15,1460,1404
10397,"SIMON THE BEEKEEPER, LTD",2025→2026,2025,2026,62001,Apimix - Pienso completo - Apicultura,prod_perdido,672,null,-672,0.84,null,800,null
9437,"EL CORTÍN DEL ABEYÓN, S.L.",2025→2026,2025,2026,62020,Mix Fructor Apicultor - Pienso completo - Apicult.,prod_perdido,11544,null,-11544,15.6,null,740,null
1774,"BODEGAS VINIVAL, S.L.",2025→2026,2025,2026,60105,"Azúcar PI 73,5-67",volumen,54920.2,41206.86,-13713.339999999997,98.601,73.98,556.99,557
8836,"AGROCENTROS LEON, S.L.",2025→2026,2025,2026,62032,APIMIX INSTANT,sin_actividad,0,null,0,0.035,null,0,null
6162,BE ORGANIC KUWAIT FOR HEALTHY FOOD AND PLANTS COMPANY,2025→2026,2025,2026,44337,Apipasta Vitaminas - Pienso Apicultura - BE ORG KW,prod_perdido,2520,null,-2520,2.1,null,1200,null
4505,"FIESTA COLOMBINA, S.L.U.",2025→2026,2025,2026,65031,AZÚCAR EN POLVO LM 25-35m,sin_actividad,0,null,0,0.001,null,0,null
734,"HORCHATAS MERCADER,S.L.",2025→2026,2025,2026,4000050331,Dextrosa Maiz Cristal Monohidrato - ADM  Bulgaria,vol_precio,1275,1638.75,363.75,1.25,1.725,1020,950
516,"PAIARROP, S.L.",2025→2026,2025,2026,40207,Azúcar BIO <45 ES-ECO-024-MU Ag UE REMOLACHA,prod_perdido,1794,null,-1794,1.15,null,1560,null
10277,AUSTRALIAN HONEYBEE PTY LTD,2025→2026,2025,2026,44315,Apipasta PLUS - Pienso para Apicultura,prod_perdido,51689.4,null,-51689.4,37.8,null,1367.44,null
9840,"FIESTA INGREDIENTS, S.L.U.",2025→2026,2025,2026,7500003011,Correfino EEC Nº2 Caña/Rem - Acor  España,vol_precio,41.5,592,550.5,0.05,0.8,830,740
4507,"ALMACEN DE CONFITERIA Y PASTELERIA, S.L.",2025→2026,2025,2026,65005,Azúcar en polvo LS,vol_precio,6084,2242.5,-3841.5,4.875,1.95,1248,1150
10278,INGREDION INCORPORATED,2025→2026,2025,2026,61298,Fosvitae 95% Plus 74º,sin_actividad,0,null,0,0.003,null,0,null
10190,"FOOD REBELS, S.L.",2025→2026,2025,2026,7600004011,Azúcar Granulado Extrafino-Azucarera España,prod_perdido,22525.76,null,-22525.76,28.988,null,777.07,null
8621,"JUAN FERRI, JUAN JOSE",2025→2026,2025,2026,7400003011,Azúcar Bl. EEC nº2 REMOL - ACOR ESPAÑA,volumen,2376,792,-1584,2.4,0.8,990,990
10262,"SIDORENKO INGREDIENTS, LTD.",2025→2026,2025,2026,61229,Fosvitae Plus Polvo,sin_actividad,0,null,0,0.006,null,0,null
4369,"LA TIENDA DEL APICULTOR, S.L.U.",2025→2026,2025,2026,5101054011,Fructor 10/77 - Roquette España,prod_perdido,1958.4,null,-1958.4,2.4,null,816,null
517,"DUPAN, S.L.",2025→2026,2025,2026,7620010201,Azúcar Perlado 2-Sudzucker Belgica,prod_perdido,2720,null,-2720,2,null,1360,null
790,"ARLUY, S.L.",2025→2026,2025,2026,61200,Fosvitae 85%,vol_precio,39869.06,28579.2,-11289.859999999997,21.56,16.8,1849.21,1701.14
1978,"ORUJOS PANIZO, S.L.",2025→2026,2025,2026,60010,Azúcar Liquida Neutra S.A.,sin_actividad,0,null,0,0.001,null,0,null
737,"COMERCIAL IBENSE, S.L.",2025→2026,2025,2026,4000050331,Dextrosa Maiz Cristal Monohidrato - ADM  Bulgaria,vol_precio,4975,2387.5,-2587.5,5,2.5,995,955
3294,"PUNTO GOFRE, S.L.",2025→2026,2025,2026,4000050331,Dextrosa Maiz Cristal Monohidrato - ADM  Bulgaria,prod_perdido,16818.75,null,-16818.75,18.75,null,897,null
10259,"NUTRIS, WE CARE ABOUT YOU, S.L.",2025→2026,2025,2026,1210054031,Sorbitol Liquido - Roquette Francia,volumen,66699.6,56515.36,-10184.240000000005,37.2,31.52,1793,1793
7394,"ACTIVIDAD APICOLA ECOLOGICA M.F., S.L.",2025→2026,2025,2026,44314,Apipasta 90% - BIO - Pienso completo - Apicultura,prod_perdido,918,null,-918,0.51,null,1800,null
473,"MAZALMENDRA, S.L.",2025→2026,2025,2026,7300039291,Azúcar Blanco EEC Nº2 Caña - Kampong Speu Camboya,prod_perdido,16228.8,null,-16228.8,25.76,null,630,null
1771,"EL CASERIO, S.A",2025→2026,2025,2026,1110049321,Maltitol Liquido - Shandong Tianli Pharm-China,prod_perdido,24009.2,null,-24009.2,24.88,null,965,null
2473,"TORRE ORIA, S.L.U.",2025→2026,2025,2026,60000,Azúcar Líquida Neutra 67º,sin_actividad,0,null,0,0.001,null,0,null
2832,DULCES LA ABUELA COOP VNA,2025→2026,2025,2026,62401,Fondant ES-R02,vol_precio,13372.8,16674.3,3301.5,13.44,17.19,995,970
10259,"NUTRIS, WE CARE ABOUT YOU, S.L.",2025→2026,2025,2026,1110049321,Maltitol Liquido - Shandong Tianli Pharm-China,prod_perdido,334133.64,null,-334133.64,363.98,null,918,null
7183,"INTERCASA, S.A.",2025→2026,2025,2026,62150,Jarabe de Melaza de Caña,volumen,7320,1464,-5856,6,1.2,1220,1220
1023,"TORRONS VICENS, S.L.",2025→2026,2025,2026,61184,Mixco Sweet 74-44.1225,prod_perdido,67446.4,null,-67446.4,120.44,null,560,null
10494,GARTNERBUTIKKEN APS,2025→2026,2025,2026,44313,Apipasta Vitaminas 90% - Pienso para Apicultura,prod_perdido,1551,null,-1551,1.41,null,1100,null
2577,"IMPORTACO CASA PONS, S.A.U.",2025→2026,2025,2026,7110009141,Azúcar Moreno >2500i - ASR  Belice,prod_perdido,184.5,null,-184.5,0.151,null,1221.85,null
10576,"COMPAÑIA ARTESANA DE VINOS Y DESTILADOS DEL MEDITERRANEO, S.L.",2025→2026,2025,2026,60136,Mixco Sweet 71-01.4450,sin_actividad,0,null,0,0.002,null,0,null
484,"PRODUCTOS LA PILARICA, S.A.",2025→2026,2025,2026,7500004011,Correfino EEC Nº2 Caña/Rem - Azucarera España,prod_perdido,7920,null,-7920,12,null,660,null
6864,"TAMAYO SANCHEZ, JOAQUIN",2025→2026,2025,2026,44301,Azucar Blanco – Materia Prima para Piensos,prod_perdido,5280,null,-5280,8,null,660,null
2402,"DESTILERIAS RICARDO ROSAS, S.L.",2025→2026,2025,2026,60010,Azúcar Liquida Neutra S.A.,sin_actividad,0,null,0,0.001,null,0,null
2873,"FRUTOS SECOS AURO, S.L.",2025→2026,2025,2026,99950,Producto de Pruebas Líquido - 1,vol_precio,3396.6,1023.6,-2373,3.77,1.2,900.95,853
9157,"MAK FOOD COMPANY, S.L.",2025→2026,2025,2026,61320,Mixco Sweet 55-00.5050 A,volumen,98424.56,166432.68,68008.12,76.18,128.505,1292,1295.15
4505,"FIESTA COLOMBINA, S.L.U.",2025→2026,2025,2026,7400010171,Az. Bl. EEC nº2 Remol. PTE DEST-Sudzucker Alemania,prod_perdido,30480,null,-30480,48,null,635,null
7726,"ANKER FOOD, S.L.",2025→2026,2025,2026,7500004011,Correfino EEC Nº2 Caña/Rem - Azucarera España,prod_perdido,14515.2,null,-14515.2,22.4,null,648,null
551,"ICE CREAM FACTORY COMAKER, S.A.",2025→2026,2025,2026,61298,Fosvitae 95% Plus 74º,sin_actividad,0,null,0,0.07,null,0,null
428,"PASTELERIA INDUSTRIAL MONTE TURIA, S.A.",2025→2026,2025,2026,7300039291,Azúcar Blanco EEC Nº2 Caña - Kampong Speu Camboya,prod_perdido,13908,null,-13908,22.8,null,610,null
1247,"TURRONES Y ESPECIALIDADES VIAR, S.A.",2025→2026,2025,2026,1210002031,Sorbitol Liquido - Tereos Francia,prod_perdido,1620,null,-1620,1.2,null,1350,null
10172,"ALGMASTIA, S.L.",2025→2026,2025,2026,5205750031,Glucor 37/79 - ADM  Francia CUATRIMESTRAL,sin_actividad,0,null,0,0.001,null,0,null
904,"DAMEL GROUP, S.L. ",2025→2026,2025,2026,61298,Fosvitae 95% Plus 74º,sin_actividad,0,null,0,0.001,null,0,null
3715,"BSI BODEGAS SAN ISIDRO, S.COOP.",2025→2026,2025,2026,60105,"Azúcar PI 73,5-67",sin_actividad,0,null,0,0.001,null,0,null
10346,BODEGAS MURVIEDRO S.A.,2025→2026,2025,2026,60010,Azúcar Liquida Neutra S.A.,volumen,30290.98,106641.9,76350.92,47.742,167.94,634.47,635
902,"MEMBRILLO EL QUIJOTE, S.A.",2025→2026,2025,2026,3010050341,Fructosa Maiz Cristal Polvo - ADM  Turquía,vol_precio,15500,10412.5,-5087.5,12.5,8.75,1240,1190
7651,SARL API DISTRIBUTION,2025→2026,2025,2026,44313,Apipasta Vitaminas 90% - Pienso para Apicultura,volumen,16170,9075,-7095,14.7,8.25,1100,1100
1375,"JACOBO LOZANO, S.L.",2025→2026,2025,2026,62413,Fondant ES-R04 - Jacobo Lozano (Etiq. Cliente),prod_perdido,5145,null,-5145,5.25,null,980,null
4997,"PRODUCTOS LA MULATA, S.L.",2025→2026,2025,2026,5205054011,Glucor 37/79 - Roquette España,prod_perdido,3696,null,-3696,2.4,null,1540,null
3156,"FINI GOLOSINAS ESPAÑA, S.L.U.",2025→2026,2025,2026,62152,Jarabe de Melaza- Extra Soft (Rojo),volumen,58693.28,56152.45,-2540.8300000000017,40.7,39.35,1442.1,1427
9453,"COMERCIAL ALPAMATIAN, S.L.",2025→2026,2025,2026,5101050031,Fructor 10/77 - ADM  Francia,prod_perdido,1180.8,null,-1180.8,1.2,null,984,null
401,"SOLER GIMENO, S.L.",2025→2026,2025,2026,65005,Azúcar en polvo LS,prod_perdido,3627,null,-3627,2.925,null,1240,null
5981,"MAHOU, S.A.",2025→2026,2025,2026,60011,Azúcar Líquida Integral de Caña,vol_precio,270710.22,199597.27,-71112.94999999998,259.86,213.23,1041.75,936.07
2832,DULCES LA ABUELA COOP VNA,2025→2026,2025,2026,5101002011,Fructor 10/77 - Tereos  España,prod_perdido,3888,null,-3888,4.8,null,810,null
6748,"QUIMIND GREEN, LDA.",2025→2026,2025,2026,61200,Fosvitae 85%,precio,7680,5208,-2472,2.4,2.4,3200,2170
5794,"LOPEZ DOMINGUEZ, MARIA ANGELES",2025→2026,2025,2026,44313,Apipasta Vitaminas 90% - Pienso para Apicultura,prod_perdido,3622.5,null,-3622.5,3.15,null,1150,null
1410,"RAMON SABATER, S.A.U.",2025→2026,2025,2026,5100750031,Fructor 10/81 - ADM  Francia CUATRIMESTRAL,prod_perdido,4454.1,null,-4454.1,4.545,null,980,null
10306,"IBERIA INGREDIENTS, S.L.",2025→2026,2025,2026,61284,Mixco Sweet 72-09.6427 B2 SB2,sin_actividad,0,null,0,0.002,null,0,null
4203,SARL API-CULTURE,2025→2026,2025,2026,44351,Apipasta 90% - Pienso completo – APICANDI,prod_perdido,23244,null,-23244,22.35,null,1040,null
3372,"GUFRESCO, S.L.",2025→2026,2025,2026,3000050341,Fructosa Maiz Cristal Granulada - ADM  Turquía,volumen,892.5,2231.25,1338.75,0.5,1.25,1785,1785
10226,AFRICAN BEEKEEPERS LIMITED,2025→2026,2025,2026,44315,Apipasta PLUS - Pienso para Apicultura,sin_actividad,0,null,0,0.21,null,0,null
4997,"PRODUCTOS LA MULATA, S.L.",2025→2026,2025,2026,5205050031,Glucor 37/79 - ADM  Francia,volumen,9394,1824,-7570,6.1,1.2,1540,1520
10433,IL MONDO DELLE API,2025→2026,2025,2026,44313,Apipasta Vitaminas 90% - Pienso para Apicultura,volumen,8820,16537.5,7717.5,8.4,15.75,1050,1050
10276,"OLYRA GREEK NUTRITION PRODUCTS SINGLE MEMBER, S.A.",2025→2026,2025,2026,61287,Fosvitae 95% Plus BIO ES-ECO-024-MU Agric. UE,prod_perdido,162526.95,null,-162526.95,57.027,null,2850,null
8175,"MENUDOS DUENDES, S.L.",2025→2026,2025,2026,5205050031,Glucor 37/79 - ADM  Francia,sin_actividad,0,null,0,0.02,null,0,null
4634,"MASQPAN EXCLUSIVAS, S.L.",2025→2026,2025,2026,7500003011,Correfino EEC Nº2 Caña/Rem - Acor  España,vol_precio,3648,2336,-1312,5.6,3.2,651.43,730
4329,"ZAFRA SANTILLANA, ELOY",2025→2026,2025,2026,62001,Apimix - Pienso completo - Apicultura,volumen,7384,1344,-6040,9.23,1.68,800,800
433,"SANCHIS MIRA, S.A.",2025→2026,2025,2026,61222,Fosfruit,volumen,23698,18496,-5202,8.2,6.4,2890,2890
566,"ALMACENES MIGUEZ 2005,S.L.",2025→2026,2025,2026,44314,Apipasta 90% - BIO - Pienso completo - Apicultura,prod_perdido,1575,null,-1575,1.11,null,1418.92,null
3071,"NAVARRO OLIVA, BERNABE",2025→2026,2025,2026,44301,Azucar Blanco – Materia Prima para Piensos,prod_perdido,2080,null,-2080,3.2,null,650,null
10259,"NUTRIS, WE CARE ABOUT YOU, S.L.",2025→2026,2025,2026,7400003011,Azúcar Bl. EEC nº2 REMOL - ACOR ESPAÑA,prod_perdido,8220,null,-8220,12,null,685,null
9157,"MAK FOOD COMPANY, S.L.",2025→2026,2025,2026,61297,Mixco Sweet 72-34.3333,vol_precio,2619514.06,642350.35,-1977163.71,2756.466,700.55,950.32,916.92
7171,"QUIRANTE FRUITS, S.L.",2025→2026,2025,2026,60250,Compotienz-2106,volumen,1845284.4,85079.28,-1760205.1199999999,2116.55,99.16,871.84,858
8349,"AGOTZAINA, S.L.",2025→2026,2025,2026,7610010201,Azúcar Perlado 1-Sudzucker Belgica,sin_cambio,27660,27800,140,20,20,1383,1390
5454,"ALIMENTACION Y NUTRICION FAMILIAR, S.L.",2025→2026,2025,2026,7500003011,Correfino EEC Nº2 Caña/Rem - Acor  España,vol_precio,11401.6,13161.6,1760,17.6,19.2,647.82,685.5
4505,"FIESTA COLOMBINA, S.L.U.",2025→2026,2025,2026,7600002031,Azúcar Granulado Extrafino-Tereos Francia,prod_perdido,2247.3,null,-2247.3,2.475,null,908,null
1787,"DULCES DEL TURIA, S.L.",2025→2026,2025,2026,7400003011,Azúcar Bl. EEC nº2 REMOL - ACOR ESPAÑA,prod_perdido,10944,null,-10944,15.2,null,720,null
3075,"OLIVA ANDRES, FILIBERTO",2025→2026,2025,2026,44310,Apipasta 90% - Pienso completo - Apicultura,prod_perdido,3864,null,-3864,4.2,null,920,null
2577,"IMPORTACO CASA PONS, S.A.U.",2025→2026,2025,2026,7230007131,DC Raw Sugar >4000I - Cassa  El Salvador,prod_perdido,82.5,null,-82.5,0.076,null,1085.53,null
10222,"CHRISTIAN GRAZE, FABRIK FUR BIENENZUCHTGERATE UN MOBEL, OHG",2025→2026,2025,2026,44313,Apipasta Vitaminas 90% - Pienso para Apicultura,prod_perdido,1155,null,-1155,1.05,null,1100,null
481,"EL CATETO, S.L.",2025→2026,2025,2026,1110073320,Maltitol Liquido-Huakang China,prod_perdido,975,null,-975,1.3,null,750,null
1752,"ROYMY 21, S.L",2025→2026,2025,2026,60105,"Azúcar PI 73,5-67",prod_perdido,2384.4,null,-2384.4,2.4,null,993.5,null
10338,KADERES PEASANT DEVELOPMENT PLC,2025→2026,2025,2026,44313,Apipasta Vitaminas 90% - Pienso para Apicultura,prod_perdido,300,null,-300,0.3,null,1000,null
1854,"ROYPAS BY NUTRIS, S.A.",2025→2026,2025,2026,7840046301,Azúcar BIO 200-800 IC - Azucarera El Viejo C.Rica,prod_perdido,34580,null,-34580,28,null,1235,null
10356,"COMA GLOBAL PLUS, S.L.",2025→2026,2025,2026,7300039291,Azúcar Blanco EEC Nº2 Caña - Kampong Speu Camboya,volumen,280008,397658.25,117650.25,3733.44,5302.11,75,75
10079,"APIGLASS ENVASES Y MATERIAL APICOLA, S.L.U.",2025→2026,2025,2026,44310,Apipasta 90% - Pienso completo - Apicultura,volumen,35436,12936,-22500,39.6,14.7,894.85,880
1072,"GALVAN FERNANDEZ HERMANOS, S.L.",2025→2026,2025,2026,7500004011,Correfino EEC Nº2 Caña/Rem - Azucarera España,prod_perdido,73080,null,-73080,120,null,609,null
1072,"GALVAN FERNANDEZ HERMANOS, S.L.",2025→2026,2025,2026,7300019071,Azúcar Blanco EEC Nº2 Caña - Antei/Cevital Argelia,prod_perdido,15173.4,0,-15173.4,24.2,0,627,null
10580,INGREDION UK LIMITED,2025→2026,2025,2026,61303,Fosvitae R 85 - 74º,sin_actividad,0,null,0,0.002,null,0,null
215,"MARTIN BRAUN, S.A.",2025→2026,2025,2026,7600004011,Azúcar Granulado Extrafino-Azucarera España,prod_perdido,746.25,null,-746.25,0.751,null,993.68,null
10163,EROSKI SOCIEDAD COOPERATIVA,2025→2026,2025,2026,45006,AZÚCAR BLANCO EEC Nº2 C - PQ01 RETAIL – JUST SUGAR,sin_actividad,0,null,0,0.01,null,0,null
528,"MANUFACTURAS COVISAL, S.L.",2025→2026,2025,2026,7300037021,Azúcar Blanco EEC Nº2 Caña - Sidul  Portugal,volumen,576,1728,1152,0.8,2.4,720,720
2081,"ZUMOS Y FRUTAS CONCENTRADOS, S.L.",2025→2026,2025,2026,61300,Mixco Sweet 65-00.5050 UH,prod_perdido,1877488.4,null,-1877488.4,1571.12,null,1195,null
2916,"SUC. DE MUÑOZ Y PUJANTE, S.L.",2025→2026,2025,2026,7500003011,Correfino EEC Nº2 Caña/Rem - Acor  España,prod_perdido,99,null,-99,0.1,null,990,null
846,"PRODUCTOS ORGANICOS NAT.,S.L.",2025→2026,2025,2026,7500003011,Correfino EEC Nº2 Caña/Rem - Acor  España,prod_perdido,300,null,-300,0.25,null,1200,null
1386,"SCENTIUM FLAVOURS, S.L",2025→2026,2025,2026,63500,Jarabe de Azucar Invertido BIO,volumen,4072.8,5730.77,1657.9700000000003,2.4,3.377,1697,1697
271,"LABORATORIOS ALMOND, S.L.",2025→2026,2025,2026,2331065321,FOS 95% Polvo-Shandong Starlight So True China,vol_precio,144.5,2167.5,2023,0.051,0.75,2833.33,2890
10399,INGREDION GERMANY GMBH,2025→2026,2025,2026,61303,Fosvitae R 85 - 74º,sin_actividad,0,null,0,0.001,null,0,null
4587,"CARMAX GLASS, S.L.",2025→2026,2025,2026,62001,Apimix - Pienso completo - Apicultura,volumen,1428,2142,714,1.68,2.52,850,850
9168,"BIO ALIMENTOS DE MURCIA, S.L.",2025→2026,2025,2026,7840046301,Azúcar BIO 200-800 IC - Azucarera El Viejo C.Rica,prod_perdido,25470,null,-25470,21,null,1212.86,null
10393,APIS BEE SUPPLIES LTD,2025→2026,2025,2026,44313,Apipasta Vitaminas 90% - Pienso para Apicultura,prod_perdido,2310,null,-2310,2.1,null,1100,null
9867,"ALETTA DEVELOPMENTS, S.L.",2025→2026,2025,2026,61280,Mixco Sweet 68-00.5050 RC V2,prod_perdido,364053.48,null,-364053.48,379.5,null,959.3,null
7765,SURINVER EL GRUPO S.COOP,2025→2026,2025,2026,7300039291,Azúcar Blanco EEC Nº2 Caña - Kampong Speu Camboya,prod_perdido,2304,null,-2304,3.2,null,720,null
769,"ANGEL CAMACHO ALIMENTACION, S.L.",2025→2026,2025,2026,99950,Producto de Pruebas Líquido - 1,prod_ganado,0,7062.5,7062.5,0.083,6.25,0,1130
396,"AGROTRANSFORMADOS, S.A.",2025→2026,2025,2026,61220,Mixco Sweet 65-00.5050,vol_precio,247948.34,347584.54,99636.19999999998,338.46,487.2,732.58,713.43
1387,"CHERUBINO VALSANGIACOMO, S.A.",2025→2026,2025,2026,99950,Producto de Pruebas Líquido - 1,sin_actividad,0,null,0,0.002,null,0,null
4329,"ZAFRA SANTILLANA, ELOY",2025→2026,2025,2026,62000,Mix Idoneo - Pienso Completo - Apicultura,prod_perdido,600,null,-600,0.75,null,800,null
492,"ENRIQUE GARRIGOS MONERRIS, S.A.",2025→2026,2025,2026,7810033151,Azúcar BIO 300-500 ICUMSA Elite India,prod_perdido,462.5,null,-462.5,0.25,null,1850,null
4383,"MANUFRI, S.L.",2025→2026,2025,2026,60022,Azúcar Líquida Neutra 67º - ACB,volumen,64353,22610,-41743,67.74,23.8,950,950
445,"PASTELERIA ARROYO SANCHEZ, S.L.U.",2025→2026,2025,2026,7300005081,Azúcar Blanco EEC Nº2 Caña - Cosumar  Marruecos,prod_perdido,14447.4,null,-14447.4,24.2,null,597,null
1241,"ACEITES DEL SUR-COOSUR, S.A.",2025→2026,2025,2026,1110049321,Maltitol Liquido - Shandong Tianli Pharm-China,sin_actividad,0,null,0,0.001,null,0,null
7115,"RIVERBEND ESPAÑA, S.A",2025→2026,2025,2026,61306,Mixco Sweet 72-40.3030 M1A3,sin_actividad,0,null,0,0.002,null,0,null
10491,MIGADI MONOPROSOPI IKE,2025→2026,2025,2026,44313,Apipasta Vitaminas 90% - Pienso para Apicultura,volumen,1155,5775,4620,1.05,5.25,1100,1100
1864,MELAZAHAR COOP. V.,2025→2026,2025,2026,44301,Azucar Blanco – Materia Prima para Piensos,vol_precio,3088,2112,-976,4.4,3.2,701.82,660
8836,"AGROCENTROS LEON, S.L.",2025→2026,2025,2026,44355,Apipasta Nozevit,sin_actividad,0,null,0,0.06,null,0,null
9091,"STOLLER EUROPE, S.L.U.",2025→2026,2025,2026,7300005081,Azúcar Blanco EEC Nº2 Caña - Cosumar  Marruecos,prod_perdido,15754.2,null,-15754.2,23.1,null,682,null
8003,"OBLEAS QUINTIN, S.L.",2025→2026,2025,2026,1110073320,Maltitol Liquido-Huakang China,prod_perdido,6162,null,-6162,7.8,null,790,null
9956,"NORDMANN, RASSMANN GMBH",2025→2026,2025,2026,61289,Fosvitae 95% Plus 78º,sin_actividad,0,null,0,0.003,null,0,null
775,"NATRA CACAO,S.L.",2025→2026,2025,2026,61229,Fosvitae Plus Polvo,sin_actividad,0,null,0,0.001,null,0,null
4566,"CONFETICAKES, S.L.",2025→2026,2025,2026,7300015111,Azúcar Blanco EEC Nº2 Caña - Pantaleon  Guatemala,prod_perdido,14157,null,-14157,24.2,null,585,null
9155,"CRESTAS LA GALETA, S.A.",2025→2026,2025,2026,3010050341,Fructosa Maiz Cristal Polvo - ADM  Turquía,prod_perdido,1562.5,null,-1562.5,1.25,null,1250,null
7880,"DULCES EL AVION, S.A.",2025→2026,2025,2026,5201050031,Glucor 45/80 - ADM  Francia,volumen,11655.37,11229.58,-425.7900000000009,24.746,23.842,471,471
499,"MELS CARLET, S.L.",2025→2026,2025,2026,44309,Mixco Sweet 75-10.4545 - Pienso completo – Apicult,volumen,139636.4,48434.4,-91202,224.02,78.12,623.32,620
6147,"ANDALUZA DE MIELES, S.L.",2025→2026,2025,2026,5100050031,Fructor 10/81 - ADM  Francia,vol_precio,141511.61,37184.9,-104326.70999999999,240.666,72.336,588,514.06
615,"PRODUCTOS DE VITICULTURA, S.A.",2025→2026,2025,2026,60136,Mixco Sweet 71-01.4450,sin_actividad,0,null,0,0.001,null,0,null
2832,DULCES LA ABUELA COOP VNA,2025→2026,2025,2026,7300016111,Azúcar Blanco EEC Nº2 Caña - Santa Ana Guatemala,prod_perdido,68970,null,-68970,114,null,605,null
445,"PASTELERIA ARROYO SANCHEZ, S.L.U.",2025→2026,2025,2026,7300016111,Azúcar Blanco EEC Nº2 Caña - Santa Ana Guatemala,prod_perdido,89617.2,null,-89617.2,150,null,597.45,null
1396,"BARCELONESA DE DROG. Y PRODUCT. QUIMICOS, S.A.",2025→2026,2025,2026,2331065321,FOS 95% Polvo-Shandong Starlight So True China,sin_actividad,0,null,0,0.001,null,0,null
5528,"FERNANDEZ LOPEZ, ANTONIO",2025→2026,2025,2026,44310,Apipasta 90% - Pienso completo - Apicultura,volumen,23743.86,924,-22819.86,27.45,1.05,864.99,880
9620,"BRAVA DRINKS, S.L.",2025→2026,2025,2026,40207,Azúcar BIO <45 ES-ECO-024-MU Ag UE REMOLACHA,prod_perdido,253.2,null,-253.2,0.15,null,1688,null
431,"DICARCONO, S.L.",2025→2026,2025,2026,7300016111,Azúcar Blanco EEC Nº2 Caña - Santa Ana Guatemala,prod_perdido,57517.2,null,-57517.2,98.32,null,585,null
10530,KINGS CROWN TRADING COMPANY,2025→2026,2025,2026,99957,Producto Pruebas Apícola ZK-09,sin_actividad,0,null,0,0.01,null,0,null
198,"JOSE SANDOVAL, S.L.U.",2025→2026,2025,2026,7500003011,Correfino EEC Nº2 Caña/Rem - Acor  España,prod_perdido,3096,null,-3096,4.8,null,645,null
2216,"APIHURDES, S.COOP.",2025→2026,2025,2026,44313,Apipasta Vitaminas 90% - Pienso para Apicultura,prod_perdido,25410,null,-25410,23.1,null,1100,null
1832,"SIERRAS ANDALUZAS, S.C.A.",2025→2026,2025,2026,44302,Dextrosa Cristal –  Materia Prima para Piensos,sin_cambio,1312.5,1312.5,0,1.25,1.25,1050,1050
6249,"ANIA BOTANICALS, S.L.",2025→2026,2025,2026,3000050341,Fructosa Maiz Cristal Granulada - ADM  Turquía,prod_perdido,1675,null,-1675,1.25,null,1340,null
4505,"FIESTA COLOMBINA, S.L.U.",2025→2026,2025,2026,3010050341,Fructosa Maiz Cristal Polvo - ADM  Turquía,volumen,25043.75,26812.5,1768.75,15,16.25,1669.58,1650
6151,"FRULACT, S.A.",2025→2026,2025,2026,60105,"Azúcar PI 73,5-67",volumen,11407.2,4230.16,-7177.040000000001,13.2,4.84,864.18,874
7562,"IN SIDE LOGISTICS, S.L.",2025→2026,2025,2026,7300016111,Azúcar Blanco EEC Nº2 Caña - Santa Ana Guatemala,prod_perdido,2275.63,null,-2275.63,3.6,null,632.12,null
9067,"SCHREIBER FOODS ESPAÑA, S.L.",2025→2026,2025,2026,7300015111,Azúcar Blanco EEC Nº2 Caña - Pantaleon  Guatemala,prod_perdido,15174.9,null,-15174.9,25.94,null,585,null
10046,"SEÑORIO DEL JUCAR, S.L.",2025→2026,2025,2026,60000,Azúcar Líquida Neutra 67º,prod_perdido,12480.38,null,-12480.38,24.14,null,517,null
9157,"MAK FOOD COMPANY, S.L.",2025→2026,2025,2026,61260,Fosvitae R 60 %,sin_actividad,0,null,0,0.001,null,0,null
10264,G. G. CONSTANTINOU LTD,2025→2026,2025,2026,44315,Apipasta PLUS - Pienso para Apicultura,prod_perdido,567,null,-567,0.42,null,1350,null
6467,"CATALINA FOOD SOLUTIONS, S.L.",2025→2026,2025,2026,4000050331,Dextrosa Maiz Cristal Monohidrato - ADM  Bulgaria,vol_precio,18359.63,18976.25,616.619999999999,21.225,23.75,865,799
194,"COFRUTOS, S.A.",2025→2026,2025,2026,60015,Azúcar Líquida Neutra - Cofrutos,volumen,649345.48,584590.16,-64755.31999999995,1364.48,1235.92,475.89,473
9157,"MAK FOOD COMPANY, S.L.",2025→2026,2025,2026,64096,Mixco Sweet 70-01.5050 Caña,sin_actividad,null,null,0,1528.224,0.006,null,null
8247,"ALLJUICEMED, S.L.",2025→2026,2025,2026,64094,Mixco Sweet 72-53.2323 100 Icu,vol_precio,2268826.4,337983,-1930843.4,2324.68,360.1,975.97,938.58
9867,"ALETTA DEVELOPMENTS, S.L.",2025→2026,2025,2026,61311,Mixco Sweet 68-00.5050 RC V2 100 IC,prod_perdido,804165.88,null,-804165.88,809.02,null,994,null
10533,"MARIE BRIZARD WINE & SPIRITS ESPAÑA, S.A.",2025→2026,2025,2026,60019,Azúcar Líquida Neutra 67º- Remolacha,sin_actividad,0,null,0,0.001,null,0,null
478,"MORENO RUIZ HERMANOS, S.L.",2025→2026,2025,2026,3010050341,Fructosa Maiz Cristal Polvo - ADM  Turquía,volumen,76521.9,107268,30746.100000000006,59.701,84,1281.75,1277
522,"MACROSNACKS, S.L.U.",2025→2026,2025,2026,7500004011,Correfino EEC Nº2 Caña/Rem - Azucarera España,volumen,13665.6,27331.2,13665.6,20.8,41.6,657,657
847,"SORIA NATURAL, S.A.",2025→2026,2025,2026,3010050341,Fructosa Maiz Cristal Polvo - ADM  Turquía,precio,1737.5,1658.75,-78.75,1.25,1.25,1390,1327
9956,"NORDMANN, RASSMANN GMBH",2025→2026,2025,2026,61303,Fosvitae R 85 - 74º,sin_actividad,0,null,0,0.001,null,0,null
902,"MEMBRILLO EL QUIJOTE, S.A.",2025→2026,2025,2026,3000050341,Fructosa Maiz Cristal Granulada - ADM  Turquía,prod_perdido,9300,null,-9300,7.5,null,1240,null
7115,"RIVERBEND ESPAÑA, S.A",2025→2026,2025,2026,61278,Mixco Sweet 72-00.5050,sin_actividad,0,null,0,0.002,null,0,null
1000,CLIENTES VARIOS (CONTADO),2025→2026,2025,2026,44315,Apipasta PLUS - Pienso para Apicultura,sin_actividad,0,null,0,0.07,null,0,null
321,"PRODUCTOS PEPITO, S.L.U.",2025→2026,2025,2026,7600002031,Azúcar Granulado Extrafino-Tereos Francia,prod_perdido,701.25,null,-701.25,0.825,null,850,null
7897,"MANDIC OUTMILL MS4, S.L.",2025→2026,2025,2026,3010050341,Fructosa Maiz Cristal Polvo - ADM  Turquía,prod_perdido,625,null,-625,0.5,null,1250,null
3699,"GONZALEZ CARBALLAL, S.L.",2025→2026,2025,2026,44314,Apipasta 90% - BIO - Pienso completo - Apicultura,vol_precio,61161.45,27768.9,-33392.549999999996,42,18.42,1456.22,1507.54
455,"EMILIO PEÑA, S.A.",2025→2026,2025,2026,4000050331,Dextrosa Maiz Cristal Monohidrato - ADM  Bulgaria,prod_perdido,58902.5,null,-58902.5,68.75,null,856.76,null
9443,ANTONIO NADAL DESTIL.LERIES S.L.,2025→2026,2025,2026,60019,Azúcar Líquida Neutra 67º- Remolacha,prod_perdido,158131.2,null,-158131.2,247.08,null,640,null
9274,SUSTAINABLE APIARIES,2025→2026,2025,2026,99958,Producto Pruebas Apícola ZK-10,prod_ganado,0,3500,3500,0.225,1,0,3500
454,"SCKUESTRANCE, S.L.",2025→2026,2025,2026,5201054011,Glucor 45/80 - Roquette España,prod_perdido,954,null,-954,1.2,null,795,null
9828,"GOODBEER, S.L.",2025→2026,2025,2026,7300037021,Azúcar Blanco EEC Nº2 Caña - Sidul  Portugal,prod_perdido,3000,null,-3000,4,null,750,null
1787,"DULCES DEL TURIA, S.L.",2025→2026,2025,2026,7400002031,Az Bl. EEC Nº2 Remolacha PTE DEST-Tereos Franci,prod_perdido,3280,null,-3280,4.8,null,683.33,null
317,"ESTUCHADOS FANNY, S.L.",2025→2026,2025,2026,7400010031,Azúcar Bl. EEC nº2 REMOL - SUDZUCKER FRANCIA,prod_perdido,7416,null,-7416,12,null,618,null
10397,"SIMON THE BEEKEEPER, LTD",2025→2026,2025,2026,62035,PIAPI 74 Pienso completo – Apicultura,vol_precio,15000,5887,-9113,25,8.41,600,700
9956,"NORDMANN, RASSMANN GMBH",2025→2026,2025,2026,61298,Fosvitae 95% Plus 74º,sin_actividad,0,0,0,0.003,0.005,0,0
8247,"ALLJUICEMED, S.L.",2025→2026,2025,2026,64091,ATI 65º,prod_perdido,21632,null,-21632,25.6,null,845,null
9067,"SCHREIBER FOODS ESPAÑA, S.L.",2025→2026,2025,2026,2332065321,FOS 95% Granular-Shandong Starlight So True China,prod_perdido,55931.25,null,-55931.25,19.625,null,2850,null
1284,"FRUTAS Y TURRONES, S.A.",2025→2026,2025,2026,1110049321,Maltitol Liquido - Shandong Tianli Pharm-China,prod_perdido,15007.2,null,-15007.2,15.6,null,962,null
6818,"DULCES LA FAVORITA FINCA OLIVAR EL RECREO, S.L.",2025→2026,2025,2026,60105,"Azúcar PI 73,5-67",volumen,8568,4343.5,-4224.5,7.2,3.65,1190,1190
5445,COMPTOIR APICOLE LANGUEDOCIEN,2025→2026,2025,2026,44313,Apipasta Vitaminas 90% - Pienso para Apicultura,prod_perdido,22590,null,-22590,19.8,null,1140.91,null
6048,"BLENDAMA, S.L.",2025→2026,2025,2026,7300037021,Azúcar Blanco EEC Nº2 Caña - Sidul  Portugal,sin_cambio,1235.2,1235.2,0,1.6,1.6,772,772
3683,"MADRID JULVE, LUIS",2025→2026,2025,2026,62001,Apimix - Pienso completo - Apicultura,prod_perdido,313.5,null,-313.5,0.33,null,950,null
542,"SDAD.ESPAÑOLA COLOR. NATURALES Y AFINES, S.A.U.",2025→2026,2025,2026,7300039291,Azúcar Blanco EEC Nº2 Caña - Kampong Speu Camboya,prod_perdido,18900,null,-18900,30,null,630,null
2074,"ALFREDO IÑESTA, S.L",2025→2026,2025,2026,5101054011,Fructor 10/77 - Roquette España,vol_precio,8544,4199,-4345,9.6,4.84,890,867.56
10381,PRINOVA EUROPE LTD,2025→2026,2025,2026,60302,Lemonox,sin_actividad,0,null,0,0,null,null,null
455,"EMILIO PEÑA, S.A.",2025→2026,2025,2026,7110009141,Azúcar Moreno >2500i - ASR  Belice,prod_perdido,29.25,null,-29.25,0.025,null,1170,null
2767,"DULCEPLUS GOLOSINAS, S.A.",2025→2026,2025,2026,1110049321,Maltitol Liquido - Shandong Tianli Pharm-China,sin_actividad,0,null,0,0.005,null,0,null
10183,"ZUKAN INNOVATION, SLU",2025→2026,2025,2026,61289,Fosvitae 95% Plus 78º,sin_actividad,0,null,0,0.005,null,0,null
2767,"DULCEPLUS GOLOSINAS, S.A.",2025→2026,2025,2026,61289,Fosvitae 95% Plus 78º,sin_actividad,0,0,0,0.001,0.005,0,0
933,"DULCESTEPA, S.A.",2025→2026,2025,2026,5101050031,Fructor 10/77 - ADM  Francia,precio,14172.9,12488.7,-1684.199999999999,23.82,23.788,595,525
10142,NORDMANN NORDIC AB,2025→2026,2025,2026,61200,Fosvitae 85%,sin_actividad,0,null,0,0.001,null,0,null
6151,"FRULACT, S.A.",2025→2026,2025,2026,61287,Fosvitae 95% Plus BIO ES-ECO-024-MU Agric. UE,sin_actividad,0,null,0,0.001,null,0,null
7612,DPTO. COMERCIAL,2025→2026,2025,2026,44314,Apipasta 90% - BIO - Pienso completo - Apicultura,sin_actividad,0,null,0,0.015,null,0,null
9576,TRINOVA AG,2025→2026,2025,2026,61303,Fosvitae R 85 - 74º,sin_actividad,0,0,0,0.005,0.002,0,0
9781,ADVANCE SCIENCE LIMITED,2025→2026,2025,2026,62033,Jarabe Hive Alive,vol_precio,1546.3,34855.2,33308.899999999994,1.88,29.68,822.5,1174.37
9168,"BIO ALIMENTOS DE MURCIA, S.L.",2025→2026,2025,2026,7300005081,Azúcar Blanco EEC Nº2 Caña - Cosumar  Marruecos,prod_perdido,712.8,null,-712.8,1.1,null,648,null
9410,"NORDMANN, RASSMANN POLSKA SP. Z O.O.",2025→2026,2025,2026,61298,Fosvitae 95% Plus 74º,sin_actividad,0,null,0,0.006,null,0,null
346,"PANARRO FOODS, S.L.",2025→2026,2025,2026,5100050031,Fructor 10/81 - ADM  Francia,vol_precio,34913.82,46058.88,11145.059999999998,49.572,66.752,704.31,690
9263,"LOPEZ 1920 PASTELERÍA, S.L.",2025→2026,2025,2026,60105,"Azúcar PI 73,5-67",prod_perdido,15069.6,null,-15069.6,16.8,null,897,null
7558,HARINAS CASTILLA LA MANCHA S.L,2025→2026,2025,2026,4000050331,Dextrosa Maiz Cristal Monohidrato - ADM  Bulgaria,vol_precio,18500,8460,-10040,20,10,925,846
595,"ROSCRIS BENIOPA, S.L",2025→2026,2025,2026,7500004011,Correfino EEC Nº2 Caña/Rem - Azucarera España,prod_perdido,5400,null,-5400,7.2,null,750,null
10179,REACTA GROUP S.R.L.,2025→2026,2025,2026,61298,Fosvitae 95% Plus 74º,prod_ganado,0,520,520,0.025,0.2,0,2600
6235,"ATRILE 21, S.L.",2025→2026,2025,2026,65005,Azúcar en polvo LS,volumen,3650.4,2737.8,-912.5999999999999,3.9,2.925,936,936
4369,"LA TIENDA DEL APICULTOR, S.L.U.",2025→2026,2025,2026,44335,Azúcar Blanco BIO MP para piensos,prod_perdido,2640,null,-2640,2,null,1320,null
4567,"CARBONELL ANTICH, MARIA GRACIA",2025→2026,2025,2026,3000750341,Fructosa Maiz Cristal Granulada-ADM Turquía CUATRI,prod_perdido,942.5,null,-942.5,0.65,null,1450,null
3089,"CANTIN CEBRIAN, JESUS MIGUEL",2025→2026,2025,2026,44301,Azucar Blanco – Materia Prima para Piensos,prod_perdido,1280,null,-1280,1.6,null,800,null
595,"ROSCRIS BENIOPA, S.L",2025→2026,2025,2026,7300037021,Azúcar Blanco EEC Nº2 Caña - Sidul  Portugal,volumen,3600,7200,3600,4.8,9.6,750,750
1660,"BEAM SUNTORY SPAIN, S.L.",2025→2026,2025,2026,60010,Azúcar Liquida Neutra S.A.,volumen,287264.4,179256.6,-108007.80000000002,551.06,338.22,521.29,530
225,"FRUTAS Y CONSERVAS DE MURCIA, S.L.",2025→2026,2025,2026,61220,Mixco Sweet 65-00.5050,prod_perdido,36085.5,null,-36085.5,49.5,null,729,null
10190,"FOOD REBELS, S.L.",2025→2026,2025,2026,65015,Azúcar en polvo LM,prod_perdido,10.8,0,-10.8,0.017,0.03,635.29,0
542,"SDAD.ESPAÑOLA COLOR. NATURALES Y AFINES, S.A.U.",2025→2026,2025,2026,40208,Azucar Blanco BIO NordZucker ES-ECO-024-MU Ag NoUE,prod_perdido,5280,null,-5280,4,null,1320,null
7765,SURINVER EL GRUPO S.COOP,2025→2026,2025,2026,7500004011,Correfino EEC Nº2 Caña/Rem - Azucarera España,prod_perdido,1152,null,-1152,1.6,null,720,null
3478,"APICOLA LA PARRA, S.L.U.",2025→2026,2025,2026,44355,Apipasta Nozevit,sin_actividad,0,null,0,0.045,null,0,null
609,"ALBORCHATA,S.L.",2025→2026,2025,2026,7300016111,Azúcar Blanco EEC Nº2 Caña - Santa Ana Guatemala,prod_perdido,10890,null,-10890,18,null,605,null
10197,"LEHMANN FOOD INGREDIENTS, LTD",2025→2026,2025,2026,61200,Fosvitae 85%,sin_actividad,0,null,0,0.001,null,0,null
9539,"ARTIPA FLECA, S.L",2025→2026,2025,2026,2340072321,FOS 95% Polvo BIO NO UE-Baolingbao Biology China,prod_perdido,4350,null,-4350,0.75,null,5800,null
3478,"APICOLA LA PARRA, S.L.U.",2025→2026,2025,2026,99958,Producto Pruebas Apícola ZK-10,sin_actividad,0,null,0,0.1,null,0,null
1253,"HORCHATA EL COSECHERO, S.L.",2025→2026,2025,2026,60105,"Azúcar PI 73,5-67",sin_actividad,0,null,0,0.001,null,0,null
10500,APIS INTERNATIONAL B.V.,2025→2026,2025,2026,44310,Apipasta 90% - Pienso completo - Apicultura,volumen,27.9,976.5,948.6,0.03,1.05,930,930
4566,"CONFETICAKES, S.L.",2025→2026,2025,2026,7400010031,Azúcar Bl. EEC nº2 REMOL - SUDZUCKER FRANCIA,prod_perdido,13455,null,-13455,23,null,585,null
10285,"CAMPO REAL VITIVINICOLA, S.L.",2025→2026,2025,2026,61248,Mixco Sweet 65-00.5050 I,prod_perdido,4641433.09,null,-4641433.09,4291.87,null,1081.45,null
200,MARIN GIMENEZ HNOS. S.A.,2025→2026,2025,2026,61272,Mixco Sweet 72-00.5050 RC,prod_perdido,293989.28,0,-293989.28,297.561,0.001,988,0
3140,"CELEPLAME, S.L.",2025→2026,2025,2026,7110009141,Azúcar Moreno >2500i - ASR  Belice,prod_perdido,545,null,-545,0.5,null,1090,null
10433,IL MONDO DELLE API,2025→2026,2025,2026,62001,Apimix - Pienso completo - Apicultura,prod_perdido,1920,null,-1920,2.4,null,800,null
4623,"FRATER ALIMENTOS, S.L.",2025→2026,2025,2026,7500003011,Correfino EEC Nº2 Caña/Rem - Acor  España,prod_perdido,12800,null,-12800,20,null,640,null
290,"IGH FLAVOURS TECHNOLOGY, S.A.U.",2025→2026,2025,2026,60105,"Azúcar PI 73,5-67",sin_actividad,0,null,0,0.005,null,0,null
9157,"MAK FOOD COMPANY, S.L.",2025→2026,2025,2026,61220,Mixco Sweet 65-00.5050,sin_actividad,0,0,0,0.002,0.005,0,0
4566,"CONFETICAKES, S.L.",2025→2026,2025,2026,99950,Producto de Pruebas Líquido - 1,sin_actividad,0,null,0,0.1,null,0,null
10278,INGREDION INCORPORATED,2025→2026,2025,2026,61260,Fosvitae R 60 %,sin_actividad,0,null,0,0.001,null,0,null
7980,"AQUAPOOL CHEMICAL, S.L.",2025→2026,2025,2026,44015,Fructor 10/77,sin_actividad,0,null,0,0.002,null,0,null
7171,"QUIRANTE FRUITS, S.L.",2025→2026,2025,2026,61212,Mixco Sweet 72-09.6427 B2 SB20,vol_precio,6014428.14,488862,-5525566.14,5136.9,493.8,1170.83,990
3287,"DELAFRUIT, S.L.U",2025→2026,2025,2026,40207,Azúcar BIO <45 ES-ECO-024-MU Ag UE REMOLACHA,prod_perdido,742.5,null,-742.5,0.55,null,1350,null
10306,"IBERIA INGREDIENTS, S.L.",2025→2026,2025,2026,99950,Producto de Pruebas Líquido - 1,sin_actividad,0,null,0,0.002,null,0,null
428,"PASTELERIA INDUSTRIAL MONTE TURIA, S.A.",2025→2026,2025,2026,7600010031,Azúcar Granulado Extrafino XF-Sudzucker Francia,sin_cambio,8973,8973,0,9,9,997,997
3673,"LATORRE GARCIA, RAUL",2025→2026,2025,2026,7500003011,Correfino EEC Nº2 Caña/Rem - Acor  España,prod_perdido,270,null,-270,0.375,null,720,null
9609,"VAMINTER, S.L.",2025→2026,2025,2026,1200049321,Sorbitol Polvo-Shandong Tianli Pharm. China,prod_perdido,1320,null,-1320,0.8,null,1650,null
4369,"LA TIENDA DEL APICULTOR, S.L.U.",2025→2026,2025,2026,44310,Apipasta 90% - Pienso completo - Apicultura,volumen,22323,13860,-8463,25.2,15.75,885.83,880
2337,"METAROM IBERICA, S.A.U.",2025→2026,2025,2026,5100002011,Fructor 10/81 - Tereos  España,prod_perdido,1260,null,-1260,1.2,null,1050,null
9535,"COMPAÑIA CERVECERA DAMM, S.L.",2025→2026,2025,2026,7300016111,Azúcar Blanco EEC Nº2 Caña - Santa Ana Guatemala,prod_perdido,75775.44,null,-75775.44,127.14,null,596,null
2801,"JOSE MARIA BOU, S.L.",2025→2026,2025,2026,7860064151,Azúcar BIO Caña <45i NO UE-MRN Cane India,prod_perdido,112.13,null,-112.13,0.075,null,1495.07,null
458,"CASTY, S.A.",2025→2026,2025,2026,7500003011,Correfino EEC Nº2 Caña/Rem - Acor  España,prod_perdido,31010.4,null,-31010.4,47.2,null,657,null
1854,"ROYPAS BY NUTRIS, S.A.",2025→2026,2025,2026,65015,Azúcar en polvo LM,prod_perdido,1396.2,null,-1396.2,0.975,null,1432,null
716,"PENALVA ALIMENTACION, S.A.",2025→2026,2025,2026,7810033151,Azúcar BIO 300-500 ICUMSA Elite India,prod_perdido,1370,null,-1370,1,null,1370,null
1000,CLIENTES VARIOS (CONTADO),2025→2026,2025,2026,44313,Apipasta Vitaminas 90% - Pienso para Apicultura,sin_actividad,0,null,0,0.075,null,0,null
4002,"ABB MJ FERNANDEZ ARANDA, S.L.",2025→2026,2025,2026,7230007131,DC Raw Sugar >4000I - Cassa  El Salvador,vol_precio,1197,3960,2763,1,4,1197,990
9157,"MAK FOOD COMPANY, S.L.",2025→2026,2025,2026,61272,Mixco Sweet 72-00.5050 RC,vol_precio,2275952.5,1568977.35,-706975.1499999999,2368.684,1696.088,960.85,925.06
4566,"CONFETICAKES, S.L.",2025→2026,2025,2026,62403,Fondant ES-R04,prod_perdido,66,null,-66,0.06,null,1100,null
433,"SANCHIS MIRA, S.A.",2025→2026,2025,2026,7300005081,Azúcar Blanco EEC Nº2 Caña - Cosumar  Marruecos,prod_perdido,217665,null,-217665,345.5,null,630,null
1747,"FRUIT TECH NATURAL, S.A.",2025→2026,2025,2026,61211,Mixco Sweet 74-01.5050 REMOLACHA,prod_perdido,428600.4,null,-428600.4,419,null,1022.91,null
2916,"SUC. DE MUÑOZ Y PUJANTE, S.L.",2025→2026,2025,2026,65005,Azúcar en polvo LS,prod_perdido,4687.43,null,-4687.43,3.735,null,1255,null
827,"TOMAS JIMENEZ, IGNACIO GERMAN",2025→2026,2025,2026,7400002031,Az Bl. EEC Nº2 Remolacha PTE DEST-Tereos Franci,prod_perdido,197.6,null,-197.6,0.26,null,760,null
481,"EL CATETO, S.L.",2025→2026,2025,2026,1110049321,Maltitol Liquido - Shandong Tianli Pharm-China,prod_perdido,5213,null,-5213,5.2,null,1002.5,null
8251,APILINE DI FASSARI DOMINIQUE,2025→2026,2025,2026,62028,Apimix Pienso Completo (ESP-ITA),volumen,2880,9584,6704,3.6,11.98,800,800
6270,"PANADERIA NTRA.SRA.DE LA CABEZA, S.L.",2025→2026,2025,2026,65005,Azúcar en polvo LS,prod_perdido,2710.5,null,-2710.5,1.95,null,1390,null
9157,"MAK FOOD COMPANY, S.L.",2025→2026,2025,2026,61300,Mixco Sweet 65-00.5050 UH,sin_actividad,0,null,0,0.002,null,0,null
4561,"AGRICOM, S.R.L.",2025→2026,2025,2026,44310,Apipasta 90% - Pienso completo - Apicultura,volumen,166915.2,132673.2,-34242,192.09,151.74,868.94,874.35
1252,"APIGALOES, S.C.",2025→2026,2025,2026,62001,Apimix - Pienso completo - Apicultura,prod_perdido,3206,null,-3206,3.82,null,839.27,null
418,"MANUFACTURAS CEYLAN, S.L.",2025→2026,2025,2026,65005,Azúcar en polvo LS,prod_perdido,72960.45,null,-72960.45,92.355,null,790,null
458,"CASTY, S.A.",2025→2026,2025,2026,7500004011,Correfino EEC Nº2 Caña/Rem - Azucarera España,prod_perdido,139284,null,-139284,212,null,657,null
5314,"PROFESSIONAL DAIRY PRODUCTS, S.L.",2025→2026,2025,2026,1210054031,Sorbitol Liquido - Roquette Francia,prod_perdido,10368,null,-10368,9.6,null,1080,null
8787,"NOARA MEDITERRANEAN DISTILLERY, S.L.",2025→2026,2025,2026,60010,Azúcar Liquida Neutra S.A.,volumen,73039.2,62992.8,-10046.399999999994,140.46,121.14,520,520
211,"MARTINEZ NIETO, S.A.",2025→2026,2025,2026,5200054011,Glucor 60/82 - Roquette  España,vol_precio,819.6,17582.4,16762.800000000003,1.2,26.4,683,666
7897,"MANDIC OUTMILL MS4, S.L.",2025→2026,2025,2026,60208,Azúcar TIEN 72.100 - CAÑA,sin_actividad,0,null,0,0.06,null,0,null
5989,"T500 PURATOS, S.A.",2025→2026,2025,2026,61200,Fosvitae 85%,sin_cambio,6600,6600,0,2.4,2.4,2750,2750
4187,"AMILCAR & MORGADO, LDA",2025→2026,2025,2026,44310,Apipasta 90% - Pienso completo - Apicultura,volumen,12000.6,24750.3,12749.699999999999,13.995,29.31,857.49,844.43
2903,"MEDITERRANEA MELLIS, S.L.",2025→2026,2025,2026,99950,Producto de Pruebas Líquido - 1,prod_ganado,0,29833.68,29833.68,0.002,23.64,0,1262
194,"COFRUTOS, S.A.",2025→2026,2025,2026,61307,Mixco Sweet 65-50.2525,volumen,62509.86,48003.3,-14506.559999999998,100.66,77.3,621,621
555,"FORTADUL, S.L.",2025→2026,2025,2026,7300019071,Azúcar Blanco EEC Nº2 Caña - Antei/Cevital Argelia,prod_perdido,15246,null,-15246,24.2,null,630,null
9157,"MAK FOOD COMPANY, S.L.",2025→2026,2025,2026,64108,"Mixco Sweet 70,5-30.3535 100 ICU FIL",volumen,352358.2,589884.17,237525.97000000003,316.3,529.529,1114,1113.98
5110,"QUISABA, S.L.",2025→2026,2025,2026,1210054031,Sorbitol Liquido - Roquette Francia,prod_perdido,3000,null,-3000,2.4,null,1250,null
5179,"CUSTOM DRINKS, S.L.U.",2025→2026,2025,2026,7800059261,Azúcar BIO Caña NOP - Incauca Colombia,volumen,28560,48400,19840,24.001,40,1189.95,1210
10298,CENTRAL GENERAL DE COMPRAS AGROPECUARIAS SLU,2025→2026,2025,2026,3010050341,Fructosa Maiz Cristal Polvo - ADM  Turquía,sin_actividad,0,null,0,0.001,null,0,null
2112,"LACASA, S.A.U.",2025→2026,2025,2026,65016,Azúcar en polvo LM Pallet PLT,volumen,4811.63,1924.65,-2886.98,4.875,1.95,987,987
1205,"MERCADONA, S.A.",2025→2026,2025,2026,45005,Azucar Blanco EEC nº2 - PQ01 RETAIL HACENDADO,volumen,8618024.22,4976387.94,-3641636.2800000003,12526.198,7233.122,688,688
431,"DICARCONO, S.L.",2025→2026,2025,2026,7300005081,Azúcar Blanco EEC Nº2 Caña - Cosumar  Marruecos,prod_perdido,255754.4,null,-255754.4,426.8,null,599.24,null
4002,"ABB MJ FERNANDEZ ARANDA, S.L.",2025→2026,2025,2026,5101050031,Fructor 10/77 - ADM  Francia,vol_precio,7748,12502.8,4754.799999999999,11.92,18.12,650,690
1023,"TORRONS VICENS, S.L.",2025→2026,2025,2026,61170,Mix Maltitol Sorbitol MS 74-8020,prod_perdido,7344,null,-7344,4.8,null,1530,null
10139,PERMIX EU,2025→2026,2025,2026,60222,Azúcar invertido 71º Caña,sin_actividad,0,null,0,0.02,null,0,null
10262,"SIDORENKO INGREDIENTS, LTD.",2025→2026,2025,2026,61303,Fosvitae R 85 - 74º,sin_actividad,0,null,0,0.001,null,0,null
10306,"IBERIA INGREDIENTS, S.L.",2025→2026,2025,2026,61319,Mixco Sweet 72-00.5050 B3,prod_perdido,3727.36,null,-3727.36,4.16,null,896,null
7936,"FABRICA JAEN, S.L.U.",2025→2026,2025,2026,61289,Fosvitae 95% Plus 78º,sin_actividad,0,null,0,0.001,null,0,null
10264,G. G. CONSTANTINOU LTD,2025→2026,2025,2026,44313,Apipasta Vitaminas 90% - Pienso para Apicultura,prod_perdido,495,null,-495,0.45,null,1100,null
582,"HIJOS DE SALVADOR COSTA, S.L.",2025→2026,2025,2026,7400003011,Azúcar Bl. EEC nº2 REMOL - ACOR ESPAÑA,prod_perdido,2981.25,null,-2981.25,3.975,null,750,null
10455,"ECOLIFE FOOD, S.L.",2025→2026,2025,2026,61289,Fosvitae 95% Plus 78º,sin_actividad,0,null,0,0.001,null,0,null
8258,"BRIOIXPAN, S.L.",2025→2026,2025,2026,7230007131,DC Raw Sugar >4000I - Cassa  El Salvador,vol_precio,75000,42771.4,-32228.6,82,47.95,914.63,892
581,TURRON.Y CARAMEL. DE HELLIN SL,2025→2026,2025,2026,5201054011,Glucor 45/80 - Roquette España,precio,2392.8,2296.8,-96,2.4,2.4,997,957
891,"MONTEALBOR ALIMENTACION, S.A.U",2025→2026,2025,2026,4000050331,Dextrosa Maiz Cristal Monohidrato - ADM  Bulgaria,volumen,912,1187.5,275.5,0.95,1.25,960,950
271,"LABORATORIOS ALMOND, S.L.",2025→2026,2025,2026,61298,Fosvitae 95% Plus 74º,sin_actividad,0,null,0,0.001,null,0,null
8003,"OBLEAS QUINTIN, S.L.",2025→2026,2025,2026,60114,"Azúcar PI 73,5-67-C",prod_perdido,1512,null,-1512,1.2,null,1260,null
9283,NUTRITIVE SOLUTIONS LLC,2025→2026,2025,2026,61298,Fosvitae 95% Plus 74º,sin_actividad,0,null,0,0.001,null,0,null
566,"ALMACENES MIGUEZ 2005,S.L.",2025→2026,2025,2026,44313,Apipasta Vitaminas 90% - Pienso para Apicultura,volumen,398782.5,230504.25,-168278.25,399.15,233.941,999.08,985.31
2073,"PLATOS TRADICIONALES, S.A",2025→2026,2025,2026,7500004011,Correfino EEC Nº2 Caña/Rem - Azucarera España,volumen,52080,90304,38224,77.6,132.8,671.13,680
7440,"LOPEZ FOOD GROUP, S.L.",2025→2026,2025,2026,7400010031,Azúcar Bl. EEC nº2 REMOL - SUDZUCKER FRANCIA,prod_perdido,182100,null,-182100,300,null,607,null
535,"FRIMAR PANADEROS, S.L.",2025→2026,2025,2026,60216,Azúcar invertido 67% - COBOPA,vol_precio,77841,38775.38,-39065.62,119.14,57.445,653.36,675
4002,"ABB MJ FERNANDEZ ARANDA, S.L.",2025→2026,2025,2026,7110009141,Azúcar Moreno >2500i - ASR  Belice,prod_perdido,3591,null,-3591,3,null,1197,null
3111,"GOMEZ MARTIN, HUGO",2025→2026,2025,2026,62020,Mix Fructor Apicultor - Pienso completo - Apicult.,prod_perdido,5256,null,-5256,7.2,null,730,null
311,"PROBELTE, S.A.U.",2025→2026,2025,2026,4000050331,Dextrosa Maiz Cristal Monohidrato - ADM  Bulgaria,volumen,1231.25,7387.5,6156.25,1.25,7.5,985,985
1023,"TORRONS VICENS, S.L.",2025→2026,2025,2026,5201054011,Glucor 45/80 - Roquette España,prod_perdido,2268,null,-2268,2.4,null,945,null
10338,KADERES PEASANT DEVELOPMENT PLC,2025→2026,2025,2026,62001,Apimix - Pienso completo - Apicultura,prod_perdido,224,null,-224,0.28,null,800,null
10457,APICOMP SRLS,2025→2026,2025,2026,44313,Apipasta Vitaminas 90% - Pienso para Apicultura,prod_perdido,11025,null,-11025,10.5,null,1050,null
6043,COOPERATIVE APICOLE DU JURA,2025→2026,2025,2026,44314,Apipasta 90% - BIO - Pienso completo - Apicultura,prod_perdido,5302.5,null,-5302.5,3.15,null,1683.33,null
10147,"HERVAR LACTEOS Y ADITIVOS, S.L.",2025→2026,2025,2026,4000050331,Dextrosa Maiz Cristal Monohidrato - ADM  Bulgaria,vol_precio,63640,24600,-39040,74,30,860,820
1786,"ANITIN PANES ESPECIALES, S.L.",2025→2026,2025,2026,65007,Azúcar en polvo LS Pallet Plast. CHEP,prod_perdido,913.5,null,-913.5,0.63,null,1450,null
1529,"DULCESA, S.L. UNIPERSONAL",2025→2026,2025,2026,7300005081,Azúcar Blanco EEC Nº2 Caña - Cosumar  Marruecos,prod_perdido,15760.8,null,-15760.8,26.4,null,597,null
1117,COMERCIAL RUIZ ARRIBAS S. XXI. S.L.,2025→2026,2025,2026,7500004011,Correfino EEC Nº2 Caña/Rem - Azucarera España,prod_perdido,528,null,-528,0.8,null,660,null
10283,IANSAGRO S.A,2025→2026,2025,2026,99950,Producto de Pruebas Líquido - 1,sin_actividad,0,null,0,0.002,null,0,null
1832,"SIERRAS ANDALUZAS, S.C.A.",2025→2026,2025,2026,44315,Apipasta PLUS - Pienso para Apicultura,prod_perdido,3528,null,-3528,2.52,null,1400,null
462,"ROMEDUL, S.L.",2025→2026,2025,2026,1210049321,Sorbitol Liquido - Shandong Tianli Pharm - China,prod_perdido,1885,null,-1885,1.3,null,1450,null
9994,AUDE API,2025→2026,2025,2026,44314,Apipasta 90% - BIO - Pienso completo - Apicultura,vol_precio,1732.5,3570,1837.5,1.05,2.1,1650,1700
6094,"ECOVINAL, S.L.U.",2025→2026,2025,2026,60252,Azúcar TIEN 67.100 Caña,sin_actividad,0,null,0,0.001,null,0,null
6094,"ECOVINAL, S.L.U.",2025→2026,2025,2026,60003,Azúcar Líq. Neutra 67º- BIO - ES-ECO-024-MU(No UE),sin_actividad,0,null,0,0.001,null,0,null
200,MARIN GIMENEZ HNOS. S.A.,2025→2026,2025,2026,60208,Azúcar TIEN 72.100 - CAÑA,sin_actividad,0,null,0,0.001,null,0,null
577,"FARTONS POLO, S.L.",2025→2026,2025,2026,7500004011,Correfino EEC Nº2 Caña/Rem - Azucarera España,prod_perdido,14520,null,-14520,24,null,605,null
321,"PRODUCTOS PEPITO, S.L.U.",2025→2026,2025,2026,60105,"Azúcar PI 73,5-67",volumen,2520,3780,1260,2.4,3.6,1050,1050
405,"CHOVI, S.L.",2025→2026,2025,2026,7400010031,Azúcar Bl. EEC nº2 REMOL - SUDZUCKER FRANCIA,prod_perdido,52536,null,-52536,88,null,597,null
3479,"LA TAHONA DE UTIEL, S.L.",2025→2026,2025,2026,1210054031,Sorbitol Liquido - Roquette Francia,vol_precio,38700,12696.8,-26003.2,30,10.76,1290,1180
3375,"EUROCHOC, S.L.",2025→2026,2025,2026,62400,Fondant ES-R01,vol_precio,67890,41616.9,-26273.1,67.89,43.485,1000,957.04
3863,"LA TRADICION M&T, S.L.",2025→2026,2025,2026,3010050341,Fructosa Maiz Cristal Polvo - ADM  Turquía,precio,6250,5950,-300,5,5,1250,1190
194,"COFRUTOS, S.A.",2025→2026,2025,2026,61284,Mixco Sweet 72-09.6427 B2 SB2,volumen,126114.78,155350.14,29235.360000000015,101.46,124.98,1243,1243
3478,"APICOLA LA PARRA, S.L.U.",2025→2026,2025,2026,44310,Apipasta 90% - Pienso completo - Apicultura,volumen,65047.5,42504,-22543.5,73.5,48.3,885,880
1305,"A. CENTAZZI, LDA",2025→2026,2025,2026,7230007131,DC Raw Sugar >4000I - Cassa  El Salvador,prod_perdido,22584.45,null,-22584.45,23.976,null,941.96,null
10187,"SCHMIDLI, DOMINIQUE SEBASTIEN",2025→2026,2025,2026,62001,Apimix - Pienso completo - Apicultura,vol_precio,1920,2700,780,2.4,3.6,800,750
279,"DULCES Y GOLOSINAS GLORIA, S.L.",2025→2026,2025,2026,5201050031,Glucor 45/80 - ADM  Francia,vol_precio,27881.33,11902.16,-15979.170000000002,47.498,23.948,587,497
5373,"VERTICE DE INNOVACION Y DESAR.DE ALIMENTOS, S.A.U.",2025→2026,2025,2026,2332065321,FOS 95% Granular-Shandong Starlight So True China,sin_actividad,0,null,0,0,null,null,null
223,"PRODUCTOS CUATRO JOTAS, S.L.",2025→2026,2025,2026,1210054031,Sorbitol Liquido - Roquette Francia,prod_perdido,1315.2,null,-1315.2,1.2,null,1096,null
10170,"CLINICAL NUTRITION, S.A.U.",2025→2026,2025,2026,61289,Fosvitae 95% Plus 78º,sin_actividad,0,null,0,0.002,null,0,null
7171,"QUIRANTE FRUITS, S.L.",2025→2026,2025,2026,99950,Producto de Pruebas Líquido - 1,prod_perdido,17893.44,null,-17893.44,20.52,null,872,null
7228,"RETHINK FOODS COMPANY, S.L.",2025→2026,2025,2026,60105,"Azúcar PI 73,5-67",prod_perdido,1047.6,null,-1047.6,1.2,null,873,null
2642,"BONDIA SALVO, S.L.",2025→2026,2025,2026,2100002011,Almidon Maiz - Tereos España,volumen,3819.25,1340,-2479.25,5.775,2,661.34,670
346,"PANARRO FOODS, S.L.",2025→2026,2025,2026,7300005081,Azúcar Blanco EEC Nº2 Caña - Cosumar  Marruecos,volumen,6635.75,13816,7180.25,10.45,22,635,628
9520,"GOLOSINAS MININOLAS, S.L.U.",2025→2026,2025,2026,5200054011,Glucor 60/82 - Roquette  España,sin_actividad,0,null,0,0.005,null,0,null
512,"SUGAR'S MAGIC, S.L.",2025→2026,2025,2026,5201002011,Glucor 45/80 - Tereos España,vol_precio,13039,16463.2,3424.2000000000007,22.1,31.66,590,520
4505,"FIESTA COLOMBINA, S.L.U.",2025→2026,2025,2026,7110009141,Azúcar Moreno >2500i - ASR  Belice,prod_perdido,11960,null,-11960,13,null,920,null
1832,"SIERRAS ANDALUZAS, S.C.A.",2025→2026,2025,2026,44313,Apipasta Vitaminas 90% - Pienso para Apicultura,prod_perdido,24727.5,null,-24727.5,22.05,null,1121.43,null
317,"ESTUCHADOS FANNY, S.L.",2025→2026,2025,2026,7500003011,Correfino EEC Nº2 Caña/Rem - Acor  España,prod_perdido,7416,null,-7416,12,null,618,null
6865,"TAMAYO SANCHEZ, JESUS",2025→2026,2025,2026,44301,Azucar Blanco – Materia Prima para Piensos,prod_perdido,5280,null,-5280,8,null,660,null
9157,"MAK FOOD COMPANY, S.L.",2025→2026,2025,2026,65015,Azúcar en polvo LM,sin_actividad,0,null,0,0.001,null,0,null
9576,TRINOVA AG,2025→2026,2025,2026,61287,Fosvitae 95% Plus BIO ES-ECO-024-MU Agric. UE,sin_actividad,0,null,0,0.003,null,0,null
8247,"ALLJUICEMED, S.L.",2025→2026,2025,2026,61248,Mixco Sweet 65-00.5050 I,vol_precio,114620.42,206967,92346.58,101.473,199.32,1129.57,1038.37
8247,"ALLJUICEMED, S.L.",2025→2026,2025,2026,61311,Mixco Sweet 68-00.5050 RC V2 100 IC,vol_precio,376089.84,909733.32,533643.48,378.36,1083.62,994,839.53
1284,"FRUTAS Y TURRONES, S.A.",2025→2026,2025,2026,61138,Mixco Sweet 75-45.0718,prod_perdido,109017.4,null,-109017.4,126.18,null,863.98,null
10471,"MIELES IBERICAS, S.L.U",2025→2026,2025,2026,44313,Apipasta Vitaminas 90% - Pienso para Apicultura,vol_precio,77388,15015,-62373,72.15,14.685,1072.6,1022.47
4587,"CARMAX GLASS, S.L.",2025→2026,2025,2026,44314,Apipasta 90% - BIO - Pienso completo - Apicultura,vol_precio,49.5,1785,1735.5,0.03,1.05,1650,1700
8629,"CASCALES GALVEZ, ANTONIO JESUS",2025→2026,2025,2026,44314,Apipasta 90% - BIO - Pienso completo - Apicultura,prod_perdido,702,null,-702,0.39,null,1800,null
773,"IBERCACAO, S.A.U.",2025→2026,2025,2026,65016,Azúcar en polvo LM Pallet PLT,sin_cambio,962.33,962.33,0,0.975,0.975,987.01,987.01
211,"MARTINEZ NIETO, S.A.",2025→2026,2025,2026,3010050341,Fructosa Maiz Cristal Polvo - ADM  Turquía,prod_perdido,19050,null,-19050,15,null,1270,null
6338,CENTRO NAC. TECNOLOGIA Y SEGURIDAD ALIMENTARIA,2025→2026,2025,2026,61200,Fosvitae 85%,sin_actividad,0,null,0,0.002,null,0,null
8278,"GRUPO OSBORNE, S.A.",2025→2026,2025,2026,60016,Azúcar Líquida Neutra S.A. - OSBORNE,vol_precio,553240,342559,-210681,1163.2,699.1,475.62,490
462,"ROMEDUL, S.L.",2025→2026,2025,2026,5101050031,Fructor 10/77 - ADM  Francia,prod_perdido,24563.5,null,-24563.5,37.79,null,650,null
610,"TURRONES DOS HERMANOS,S.L.",2025→2026,2025,2026,61170,Mix Maltitol Sorbitol MS 74-8020,sin_cambio,1908,1908,0,1.2,1.2,1590,1590
528,"MANUFACTURAS COVISAL, S.L.",2025→2026,2025,2026,7500003011,Correfino EEC Nº2 Caña/Rem - Acor  España,volumen,4632,3456,-1176,6.5,4.8,712.62,720
8389,"CASCALES SANCHEZ, JESUS MANUEL",2025→2026,2025,2026,44314,Apipasta 90% - BIO - Pienso completo - Apicultura,prod_perdido,1026,null,-1026,0.57,null,1800,null
418,"MANUFACTURAS CEYLAN, S.L.",2025→2026,2025,2026,7800059261,Azúcar BIO Caña NOP - Incauca Colombia,prod_perdido,1196.25,null,-1196.25,0.75,null,1595,null
9910,"HERNANDEZ ORTIZ, DIOSDADO",2025→2026,2025,2026,7300039291,Azúcar Blanco EEC Nº2 Caña - Kampong Speu Camboya,prod_perdido,760,null,-760,0.8,null,950,null
3478,"APICOLA LA PARRA, S.L.U.",2025→2026,2025,2026,62000,Mix Idoneo - Pienso Completo - Apicultura,prod_perdido,7774.8,null,-7774.8,12.54,null,620,null
534,"MC CONSTRUCTION CHEMICAL SPAIN, S.L.",2025→2026,2025,2026,7500003011,Correfino EEC Nº2 Caña/Rem - Acor  España,vol_precio,24617.05,25881.6,1264.5499999999993,37.55,38.4,655.58,674
5365,"COMORALI, S.L.",2025→2026,2025,2026,5206750031,Maltor 70/80 - ADM  Francia CUATRIMESTRAL,prod_perdido,3780,null,-3780,3.6,null,1050,null
9349,"GAVILA SOLER, JUAN MIGUEL",2025→2026,2025,2026,44301,Azucar Blanco – Materia Prima para Piensos,prod_perdido,1757.5,null,-1757.5,2.375,null,740,null
2490,"CANDIDO MIRO, S.A.",2025→2026,2025,2026,60105,"Azúcar PI 73,5-67",volumen,1152,11520,10368,1.201,12,959.2,960
1534,"GOMEZ SILLERO, CARLOS",2025→2026,2025,2026,44301,Azucar Blanco – Materia Prima para Piensos,prod_perdido,2240,null,-2240,3.5,null,640,null
10383,"SIETEM, S.L.",2025→2026,2025,2026,7600002031,Azúcar Granulado Extrafino-Tereos Francia,prod_perdido,2467.58,null,-2467.58,2.475,null,997,null
1080,"VIDAL GOLOSINAS, S.A.",2025→2026,2025,2026,61289,Fosvitae 95% Plus 78º,volumen,935,2393.6,1458.6,0.5,1.28,1870,1870
10262,"SIDORENKO INGREDIENTS, LTD.",2025→2026,2025,2026,2331065321,FOS 95% Polvo-Shandong Starlight So True China,sin_cambio,2137.5,2137.5,0,0.75,0.75,2850,2850
9515,"INDUSTRIAS LACTEAS PASCUAL, S.L.U.",2025→2026,2025,2026,3010750341,Fructosa Maiz Cristal Polvo - ADM  Turquía CUATRIM,prod_perdido,8950,null,-8950,5,null,1790,null
6251,"MIX PAK SYSTEM, S.L.",2025→2026,2025,2026,3000050341,Fructosa Maiz Cristal Granulada - ADM  Turquía,volumen,36150,47037.5,10887.5,30,38.75,1205,1213.87
484,"PRODUCTOS LA PILARICA, S.A.",2025→2026,2025,2026,7600004011,Azúcar Granulado Extrafino-Azucarera España,prod_perdido,4935,null,-4935,4.2,null,1175,null
10591,NPTC CONFECTIONERY YORK,2025→2026,2025,2026,2331065321,FOS 95% Polvo-Shandong Starlight So True China,sin_actividad,0,null,0,0.002,null,0,null
9811,"IDEAGRO, S.L.",2025→2026,2025,2026,65015,Azúcar en polvo LM,prod_perdido,19.2,null,-19.2,0.015,null,1280,null
10484,SEIRINGER ROLAND HERMANN ERICH,2025→2026,2025,2026,62001,Apimix - Pienso completo - Apicultura,sin_actividad,0,null,0,0.01,null,0,null
534,"MC CONSTRUCTION CHEMICAL SPAIN, S.L.",2025→2026,2025,2026,7300039291,Azúcar Blanco EEC Nº2 Caña - Kampong Speu Camboya,prod_perdido,16291.6,null,-16291.6,26,null,626.6,null
9854,"NORDMANN PORTUGAL, S.A.",2025→2026,2025,2026,61229,Fosvitae Plus Polvo,sin_actividad,0,null,0,0.001,null,0,null
1922,"PSITTACUS CATALONIA, S.L.",2025→2026,2025,2026,3010050341,Fructosa Maiz Cristal Polvo - ADM  Turquía,volumen,53600,40200,-13400,40,30,1340,1340
433,"SANCHIS MIRA, S.A.",2025→2026,2025,2026,62406,Fondant ES-R01 Palet Chep Plástico 80x120,volumen,225065.93,205113.6,-19952.329999999987,188.025,172.8,1197,1187
9157,"MAK FOOD COMPANY, S.L.",2025→2026,2025,2026,64094,Mixco Sweet 72-53.2323 100 Icu,volumen,4180306.85,475467.4,-3704839.45,4400.363,500.492,949.99,950
9195,"ASM NATURAL EXPERIENCE FRANCHISES, S.L.",2025→2026,2025,2026,65005,Azúcar en polvo LS,prod_perdido,612.9,null,-612.9,0.45,null,1362,null
3868,"EMPURIA GEL, S.L.",2025→2026,2025,2026,60105,"Azúcar PI 73,5-67",vol_precio,4740,3096,-1644,3.6,2.4,1316.67,1290
3155,"HORTAMED, S.L.",2025→2026,2025,2026,5101002011,Fructor 10/77 - Tereos  España,prod_perdido,3204,null,-3204,3.6,null,890,null
418,"MANUFACTURAS CEYLAN, S.L.",2025→2026,2025,2026,7500003011,Correfino EEC Nº2 Caña/Rem - Acor  España,prod_perdido,28072,null,-28072,46.4,null,605,null
7980,"AQUAPOOL CHEMICAL, S.L.",2025→2026,2025,2026,3010050341,Fructosa Maiz Cristal Polvo - ADM  Turquía,prod_perdido,7145.6,null,-7145.6,5.601,null,1275.77,null
10271,"LA NEWYORKINA, S.L.",2025→2026,2025,2026,61298,Fosvitae 95% Plus 74º,sin_actividad,0,null,0,0.006,null,0,null
6251,"MIX PAK SYSTEM, S.L.",2025→2026,2025,2026,4000050331,Dextrosa Maiz Cristal Monohidrato - ADM  Bulgaria,prod_perdido,1200,null,-1200,1.255,null,956.18,null
6338,CENTRO NAC. TECNOLOGIA Y SEGURIDAD ALIMENTARIA,2025→2026,2025,2026,3010050341,Fructosa Maiz Cristal Polvo - ADM  Turquía,sin_actividad,0,null,0,0.002,null,0,null
9097,"CAFES MIÑANA, S.A.",2025→2026,2025,2026,7500004011,Correfino EEC Nº2 Caña/Rem - Azucarera España,prod_perdido,1424,null,-1424,1.6,null,890,null
8247,"ALLJUICEMED, S.L.",2025→2026,2025,2026,61279,Mixco Sweet 65-00.5050 RCP V2,vol_precio,5234121,1308371.8,-3925749.2,6131.7,1944.68,853.62,672.8
2073,"PLATOS TRADICIONALES, S.A",2025→2026,2025,2026,7500003011,Correfino EEC Nº2 Caña/Rem - Acor  España,prod_perdido,59728,null,-59728,90.4,null,660.71,null
4561,"AGRICOM, S.R.L.",2025→2026,2025,2026,44313,Apipasta Vitaminas 90% - Pienso para Apicultura,volumen,130935,104910,-26025,130.8,105.81,1001.03,991.49
1080,"VIDAL GOLOSINAS, S.A.",2025→2026,2025,2026,62150,Jarabe de Melaza de Caña,volumen,56580,53475,-3105,49.2,46.5,1150,1150
8621,"JUAN FERRI, JUAN JOSE",2025→2026,2025,2026,7500003011,Correfino EEC Nº2 Caña/Rem - Acor  España,vol_precio,792,1512,720,0.8,1.6,990,945
7956,"STOCKMEIER QUIMICA, SLU",2025→2026,2025,2026,60105,"Azúcar PI 73,5-67",prod_perdido,2269.2,null,-2269.2,2.4,null,945.5,null
9535,"COMPAÑIA CERVECERA DAMM, S.L.",2025→2026,2025,2026,7300015111,Azúcar Blanco EEC Nº2 Caña - Pantaleon  Guatemala,prod_perdido,31385.36,null,-31385.36,52.66,null,596,null
827,"TOMAS JIMENEZ, IGNACIO GERMAN",2025→2026,2025,2026,4000050331,Dextrosa Maiz Cristal Monohidrato - ADM  Bulgaria,prod_perdido,306.75,null,-306.75,0.3,null,1022.5,null
7558,HARINAS CASTILLA LA MANCHA S.L,2025→2026,2025,2026,7300015111,Azúcar Blanco EEC Nº2 Caña - Pantaleon  Guatemala,prod_perdido,15415.4,null,-15415.4,24.2,null,637,null
6094,"ECOVINAL, S.L.U.",2025→2026,2025,2026,60123,"Azúcar PI 73,5-67 - BIO",sin_actividad,0,null,0,0.001,null,0,null
10457,APICOMP SRLS,2025→2026,2025,2026,44310,Apipasta 90% - Pienso completo - Apicultura,prod_perdido,10530,null,-10530,11.7,null,900,null
592,"FRAMAJOVA, S.L",2025→2026,2025,2026,60105,"Azúcar PI 73,5-67",vol_precio,15655.5,29939.55,14284.05,14.91,30.09,1050,995
4542,"COMERCIAL FONT, C.B.",2025→2026,2025,2026,65005,Azúcar en polvo LS,prod_perdido,782.25,null,-782.25,0.525,null,1490,null
2767,"DULCEPLUS GOLOSINAS, S.A.",2025→2026,2025,2026,62150,Jarabe de Melaza de Caña,vol_precio,19742.34,17158.8,-2583.540000000001,17.58,15.6,1123,1099.92
2570,"NATRA OÑATI, S.A.",2025→2026,2025,2026,62404,Fondant ES-R05,volumen,111646.08,156308.58,44662.499999999985,112.32,159.57,994,979.56
2337,"METAROM IBERICA, S.A.U.",2025→2026,2025,2026,5100750031,Fructor 10/81 - ADM  Francia CUATRIMESTRAL,prod_perdido,1194,null,-1194,1.2,null,995,null
10426,NORTRADE PHARMA SP. ZO.O.,2025→2026,2025,2026,60302,Lemonox,sin_actividad,0,null,0,0.0001,null,0,null
1864,MELAZAHAR COOP. V.,2025→2026,2025,2026,44313,Apipasta Vitaminas 90% - Pienso para Apicultura,vol_precio,34965,20790,-14175,32.55,18.9,1074.19,1100
1247,"TURRONES Y ESPECIALIDADES VIAR, S.A.",2025→2026,2025,2026,61170,Mix Maltitol Sorbitol MS 74-8020,prod_perdido,27756,null,-27756,18,null,1542,null
2081,"ZUMOS Y FRUTAS CONCENTRADOS, S.L.",2025→2026,2025,2026,61280,Mixco Sweet 68-00.5050 RC V2,prod_perdido,226115.12,null,-226115.12,227.48,null,994,null
8641,"GALLETAS GULLÓN, S.A.",2025→2026,2025,2026,61303,Fosvitae R 85 - 74º,vol_precio,33586.2,242607.96,209021.76,23.82,202.681,1410,1196.99
10234,"GELATS EL VETERA, S.L.",2025→2026,2025,2026,7500003011,Correfino EEC Nº2 Caña/Rem - Acor  España,sin_cambio,2240,2208,-32,3.2,3.2,700,690
534,"MC CONSTRUCTION CHEMICAL SPAIN, S.L.",2025→2026,2025,2026,7300016111,Azúcar Blanco EEC Nº2 Caña - Santa Ana Guatemala,prod_perdido,17198.4,null,-17198.4,27.6,null,623.13,null
5245,"ELGORRIAGA BRANDS, S.A.",2025→2026,2025,2026,62150,Jarabe de Melaza de Caña,sin_actividad,0,null,0,0.003,null,0,null
10306,"IBERIA INGREDIENTS, S.L.",2025→2026,2025,2026,1200051321,Sorbitol Polvo-Shandong Lujian Biologic Tech China,vol_precio,1549,2574,1025,1,1.8,1549,1430
9576,TRINOVA AG,2025→2026,2025,2026,61200,Fosvitae 85%,sin_actividad,0,null,0,0.003,null,0,null
10523,"MANZANERA GARCIA, GUILLERMO",2025→2026,2025,2026,99958,Producto Pruebas Apícola ZK-10,sin_actividad,0,null,0,0.2,null,0,null
3833,"ASTURIAS APICOLA, S.L.",2025→2026,2025,2026,62001,Apimix - Pienso completo - Apicultura,prod_perdido,1428,null,-1428,1.68,null,850,null
212,"JARCA TURRONES Y DULCES, S.L.",2025→2026,2025,2026,7300039291,Azúcar Blanco EEC Nº2 Caña - Kampong Speu Camboya,prod_perdido,529.25,null,-529.25,0.725,null,730,null
1786,"ANITIN PANES ESPECIALES, S.L.",2025→2026,2025,2026,7500004011,Correfino EEC Nº2 Caña/Rem - Azucarera España,prod_perdido,27729.6,null,-27729.6,44.8,null,618.96,null
9195,"ASM NATURAL EXPERIENCE FRANCHISES, S.L.",2025→2026,2025,2026,4000050331,Dextrosa Maiz Cristal Monohidrato - ADM  Bulgaria,prod_perdido,185.25,null,-185.25,0.125,null,1482,null
7189,"PASTISART IBERIA, S.L.U",2025→2026,2025,2026,60105,"Azúcar PI 73,5-67",vol_precio,55329.6,33980.2,-21349.4,62.4,40.94,886.69,830
9567,SIKA S.A.U.,2025→2026,2025,2026,7500004011,Correfino EEC Nº2 Caña/Rem - Azucarera España,prod_perdido,10771.2,null,-10771.2,14.4,null,748,null
3478,"APICOLA LA PARRA, S.L.U.",2025→2026,2025,2026,44313,Apipasta Vitaminas 90% - Pienso para Apicultura,volumen,429390,141195,-288195,426.45,141.195,1006.89,1000
2832,DULCES LA ABUELA COOP VNA,2025→2026,2025,2026,7300005081,Azúcar Blanco EEC Nº2 Caña - Cosumar  Marruecos,prod_perdido,27104,null,-27104,44.8,null,605,null
10226,AFRICAN BEEKEEPERS LIMITED,2025→2026,2025,2026,44313,Apipasta Vitaminas 90% - Pienso para Apicultura,sin_actividad,0,null,0,0.225,null,0,null
7775,"RUNAKAY PLUS, S.L.",2025→2026,2025,2026,7500003011,Correfino EEC Nº2 Caña/Rem - Acor  España,volumen,1168,576,-592,1.6,0.8,730,720
455,"EMILIO PEÑA, S.A.",2025→2026,2025,2026,7500003011,Correfino EEC Nº2 Caña/Rem - Acor  España,prod_perdido,592,null,-592,0.8,null,740,null
1342,"ELPOZO ALIMENTACION, S.A.",2025→2026,2025,2026,62150,Jarabe de Melaza de Caña,prod_perdido,6900,null,-6900,6.02,null,1146.18,null
1978,"ORUJOS PANIZO, S.L.",2025→2026,2025,2026,60000,Azúcar Líquida Neutra 67º,sin_actividad,0,null,0,0.002,null,0,null
1253,"HORCHATA EL COSECHERO, S.L.",2025→2026,2025,2026,3010050341,Fructosa Maiz Cristal Polvo - ADM  Turquía,sin_actividad,0,null,0,0.001,null,0,null
7612,DPTO. COMERCIAL,2025→2026,2025,2026,44310,Apipasta 90% - Pienso completo - Apicultura,sin_actividad,0,null,0,0.015,null,0,null
9476,BRASS EMPANADAS S.L.,2025→2026,2025,2026,7500004011,Correfino EEC Nº2 Caña/Rem - Azucarera España,prod_perdido,13800,null,-13800,20,null,690,null
10500,APIS INTERNATIONAL B.V.,2025→2026,2025,2026,44313,Apipasta Vitaminas 90% - Pienso para Apicultura,vol_precio,66,1155,1089,0.21,1.05,314.29,1100
1752,"ROYMY 21, S.L",2025→2026,2025,2026,7300039291,Azúcar Blanco EEC Nº2 Caña - Kampong Speu Camboya,prod_perdido,14036,null,-14036,24.2,null,580,null
10484,SEIRINGER ROLAND HERMANN ERICH,2025→2026,2025,2026,44313,Apipasta Vitaminas 90% - Pienso para Apicultura,sin_actividad,0,null,0,0.015,null,0,null
1241,"ACEITES DEL SUR-COOSUR, S.A.",2025→2026,2025,2026,7300005081,Azúcar Blanco EEC Nº2 Caña - Cosumar  Marruecos,prod_perdido,15173.4,null,-15173.4,24.2,null,627,null
846,"PRODUCTOS ORGANICOS NAT.,S.L.",2025→2026,2025,2026,7300037021,Azúcar Blanco EEC Nº2 Caña - Sidul  Portugal,volumen,270,382.5,112.5,0.3,0.425,900,900
302,"BODEGAS Y DESTILERIAS DEL SUR, S.A.",2025→2026,2025,2026,60010,Azúcar Liquida Neutra S.A.,vol_precio,241348.1,156560.58,-84787.52000000002,478.98,287.82,503.88,543.95
9535,"COMPAÑIA CERVECERA DAMM, S.L.",2025→2026,2025,2026,7300005081,Azúcar Blanco EEC Nº2 Caña - Cosumar  Marruecos,vol_precio,329695.28,162888,-166807.28000000003,553.18,264,596,617
1415,"MEMBRILLO EMILY, S.L.",2025→2026,2025,2026,4000050331,Dextrosa Maiz Cristal Monohidrato - ADM  Bulgaria,prod_ganado,0,21.5,21.5,0.001,0.025,0,860
1000,CLIENTES VARIOS (CONTADO),2025→2026,2025,2026,62001,Apimix - Pienso completo - Apicultura,prod_ganado,0,17,17,0.445,0.02,0,850
2684,"INDUSTRIAS JIJONENCAS, S.A.",2025→2026,2025,2026,1110049321,Maltitol Liquido - Shandong Tianli Pharm-China,prod_perdido,1157,null,-1157,1.3,null,890,null
430,"MONZO LUIS, S.L.",2025→2026,2025,2026,61228,Fosvitae 95% Plus,prod_perdido,3590.01,null,-3590.01,1.059,null,3390,null
432,"CHOCOLATES ALGARRA, S.L.",2025→2026,2025,2026,7500004011,Correfino EEC Nº2 Caña/Rem - Azucarera España,prod_perdido,36700,null,-36700,57.2,null,641.61,null
5393,ICKOWICZ APICULTURE SAS,2025→2026,2025,2026,44310,Apipasta 90% - Pienso completo - Apicultura,volumen,68806.5,34293.6,-34512.9,76.65,38.97,897.67,880
4369,"LA TIENDA DEL APICULTOR, S.L.U.",2025→2026,2025,2026,44314,Apipasta 90% - BIO - Pienso completo - Apicultura,vol_precio,56490,43942.5,-12547.5,37.485,28.35,1507,1550
2518,"GRANALBE, S.L.",2025→2026,2025,2026,62001,Apimix - Pienso completo - Apicultura,volumen,3816,4792,976,4.56,5.78,836.84,829.07
874,"COMERCIAL MAPROHELCO, S.L.",2025→2026,2025,2026,4000050331,Dextrosa Maiz Cristal Monohidrato - ADM  Bulgaria,prod_perdido,1150,null,-1150,1.25,null,920,null
346,"PANARRO FOODS, S.L.",2025→2026,2025,2026,5100054011,Fructor 10/81 -Roquette España,prod_perdido,4888.8,null,-4888.8,6,null,814.8,null
2891,"ALSOL IMPORT, S.L.",2025→2026,2025,2026,44301,Azucar Blanco – Materia Prima para Piensos,volumen,15312,7637.5,-7674.5,23.2,11.75,660,650
775,"NATRA CACAO,S.L.",2025→2026,2025,2026,7500004011,Correfino EEC Nº2 Caña/Rem - Azucarera España,prod_perdido,16500,null,-16500,26.4,null,625,null
5445,COMPTOIR APICOLE LANGUEDOCIEN,2025→2026,2025,2026,44315,Apipasta PLUS - Pienso para Apicultura,prod_perdido,1134,null,-1134,0.84,null,1350,null
9313,"LOGY LOGISTICS SOLUTIONS, S.L.",2025→2026,2025,2026,7220030211,>150 ICUMSA - Wilmar  Myanmar,prod_perdido,292.25,0,-292.25,0.35,0,835,null
10197,"LEHMANN FOOD INGREDIENTS, LTD",2025→2026,2025,2026,61229,Fosvitae Plus Polvo,sin_actividad,0,null,0,0.002,null,0,null
7115,"RIVERBEND ESPAÑA, S.A",2025→2026,2025,2026,64098,Mixco Sweet 72-53.2323 M5,sin_actividad,0,null,0,0.002,null,0,null
6043,COOPERATIVE APICOLE DU JURA,2025→2026,2025,2026,44313,Apipasta Vitaminas 90% - Pienso para Apicultura,prod_perdido,16905,null,-16905,14.7,null,1150,null
8476,"ANITIN JEREZ, S.L.U.",2025→2026,2025,2026,7300039291,Azúcar Blanco EEC Nº2 Caña - Kampong Speu Camboya,sin_actividad,-617,null,617,-1,null,617,null
237,"DULCES SANTA CRUZ, S.L.",2025→2026,2025,2026,60105,"Azúcar PI 73,5-67",vol_precio,3450,2451,-999,3.012,2.22,1145.42,1104.05
10167,HILLCO BEES,2025→2026,2025,2026,44313,Apipasta Vitaminas 90% - Pienso para Apicultura,sin_actividad,0,null,0,0.525,null,0,null
6828,AGRUP.DEFENSA SANIT.APIC.REG.DE MURCIA,2025→2026,2025,2026,44313,Apipasta Vitaminas 90% - Pienso para Apicultura,volumen,88941.38,60624.68,-28316.700000000004,81.225,55.365,1095,1095
10304,"ELABORADOS DIETETICOS, S.A.U.",2025→2026,2025,2026,44092,Fructor 100/69,prod_ganado,0,2284.83,2284.83,0.002,2.385,0,958
3049,"LA GRANJA FOODS 1959, S.L.",2025→2026,2025,2026,60105,"Azúcar PI 73,5-67",vol_precio,21105,17164.8,-3940.2000000000007,28.6,23.84,737.94,720
4505,"FIESTA COLOMBINA, S.L.U.",2025→2026,2025,2026,7600004011,Azúcar Granulado Extrafino-Azucarera España,prod_perdido,4630.8,null,-4630.8,5.156,null,898.14,null
8349,"AGOTZAINA, S.L.",2025→2026,2025,2026,5205054011,Glucor 37/79 - Roquette España,prod_perdido,1428,null,-1428,1.2,null,1190,null
237,"DULCES SANTA CRUZ, S.L.",2025→2026,2025,2026,60200,Azúcar Invertido 67º,prod_perdido,460,null,-460,0.4,null,1150,null
9437,"EL CORTÍN DEL ABEYÓN, S.L.",2025→2026,2025,2026,44315,Apipasta PLUS - Pienso para Apicultura,prod_perdido,588,0,-588,0.42,0.056,1400,0
9828,"GOODBEER, S.L.",2025→2026,2025,2026,7500003011,Correfino EEC Nº2 Caña/Rem - Acor  España,prod_perdido,4200,null,-4200,5.6,null,750,null
2081,"ZUMOS Y FRUTAS CONCENTRADOS, S.L.",2025→2026,2025,2026,61248,Mixco Sweet 65-00.5050 I,prod_perdido,203425.6,null,-203425.6,177.2,null,1148,null
10265,"OFFSETSAN, LTD",2025→2026,2025,2026,44313,Apipasta Vitaminas 90% - Pienso para Apicultura,volumen,12705,10395,-2310,11.55,9.45,1100,1100
10079,"APIGLASS ENVASES Y MATERIAL APICOLA, S.L.U.",2025→2026,2025,2026,62001,Apimix - Pienso completo - Apicultura,volumen,33669,19690.5,-13978.5,44.22,25.75,761.4,764.68
592,"FRAMAJOVA, S.L",2025→2026,2025,2026,65016,Azúcar en polvo LM Pallet PLT,vol_precio,7796.4,44721.9,36925.5,8.76,56.61,890,790
1528,"JUAN Y JUAN INDUSTRIAL, S.L.U.",2025→2026,2025,2026,7400010031,Azúcar Bl. EEC nº2 REMOL - SUDZUCKER FRANCIA,prod_perdido,14328,null,-14328,24,null,597,null
523,"CORALIM INGREDIENTS, S.L.",2025→2026,2025,2026,4000050331,Dextrosa Maiz Cristal Monohidrato - ADM  Bulgaria,volumen,470,23.5,-446.5,0.5,0.025,940,940
891,"MONTEALBOR ALIMENTACION, S.A.U",2025→2026,2025,2026,7500003011,Correfino EEC Nº2 Caña/Rem - Acor  España,volumen,1184,2400,1216,1.6,3.2,740,750
6338,CENTRO NAC. TECNOLOGIA Y SEGURIDAD ALIMENTARIA,2025→2026,2025,2026,61298,Fosvitae 95% Plus 74º,sin_actividad,0,null,0,0.001,null,0,null
10397,"SIMON THE BEEKEEPER, LTD",2025→2026,2025,2026,44310,Apipasta 90% - Pienso completo - Apicultura,volumen,29700,18638.4,-11061.599999999999,33.75,21.18,880,880
546,"E.MORENO, S.L.",2025→2026,2025,2026,7300019071,Azúcar Blanco EEC Nº2 Caña - Antei/Cevital Argelia,vol_precio,93555,13310,-80245,148.5,24.2,630,550
10270,AF NATURADEVISE WORLDWIDE S.L.U.,2025→2026,2025,2026,44111,Glucor 60/82,sin_actividad,0,null,0,0.002,null,0,null
3225,"SURIVAN FEEL THE TASTE, S.L.",2025→2026,2025,2026,65015,Azúcar en polvo LM,vol_precio,33060.53,48897.22,15836.690000000002,46.035,71.175,718.16,687
2792,"CODAN, S.A.",2025→2026,2025,2026,2331065321,FOS 95% Polvo-Shandong Starlight So True China,sin_actividad,0,0,0,0.001,0.001,0,0
10512,"SPECIAL FOOD FACTORY, S.L.",2025→2026,2025,2026,2331065321,FOS 95% Polvo-Shandong Starlight So True China,prod_ganado,0,72.5,72.5,0.001,0.025,0,2900
1832,"SIERRAS ANDALUZAS, S.C.A.",2025→2026,2025,2026,44304,Azucar Polvo LS – Pienso completo – Apicultura,volumen,1121.25,2242.5,1121.25,0.975,1.95,1150,1150
7956,"STOCKMEIER QUIMICA, SLU",2025→2026,2025,2026,4000050331,Dextrosa Maiz Cristal Monohidrato - ADM  Bulgaria,vol_precio,954,42622,41668,1,54,954,789.3
9849,MORALCO S.R.L.,2025→2026,2025,2026,61287,Fosvitae 95% Plus BIO ES-ECO-024-MU Agric. UE,prod_perdido,2964,null,-2964,1.202,null,2465.89,null
2081,"ZUMOS Y FRUTAS CONCENTRADOS, S.L.",2025→2026,2025,2026,64099,ATI 65º CBY,prod_perdido,509435,null,-509435,733,null,695,null
3886,"COMPAÑIA AGRICOLA INDUSTRIAL SANTA ANA, S.A.",2025→2026,2025,2026,7250007131,DC Raw Sugar 2000-3500i - Cassa El Salvador,sin_actividad,0,null,0,0.001,null,0,null
440,"MAZAPANES Y DULCES DE TOLEDO, S.A.",2025→2026,2025,2026,1210054031,Sorbitol Liquido - Roquette Francia,volumen,12348,7144.2,-5203.8,8.4,4.86,1470,1470
8003,"OBLEAS QUINTIN, S.L.",2025→2026,2025,2026,7600004011,Azúcar Granulado Extrafino-Azucarera España,prod_perdido,85508.5,null,-85508.5,96.25,null,888.4,null
10572,"ALCOHOLERA DE LA PUEBLA, S.A.",2025→2026,2025,2026,5201054011,Glucor 45/80 - Roquette España,sin_actividad,0,null,0,0.001,null,0,null
6828,AGRUP.DEFENSA SANIT.APIC.REG.DE MURCIA,2025→2026,2025,2026,62001,Apimix - Pienso completo - Apicultura,volumen,17060.55,18938,1877.4500000000007,20.19,22.28,845,850
9504,POWER NATURAL LIFE S.L.,2025→2026,2025,2026,3010050341,Fructosa Maiz Cristal Polvo - ADM  Turquía,sin_actividad,0,null,0,0.001,null,0,null
773,"IBERCACAO, S.A.U.",2025→2026,2025,2026,60200,Azúcar Invertido 67º,sin_actividad,0,null,0,0.002,null,0,null
1752,"ROYMY 21, S.L",2025→2026,2025,2026,7500003011,Correfino EEC Nº2 Caña/Rem - Acor  España,prod_perdido,30960,null,-30960,48,null,645,null
1854,"ROYPAS BY NUTRIS, S.A.",2025→2026,2025,2026,7500003011,Correfino EEC Nº2 Caña/Rem - Acor  España,prod_perdido,8220,null,-8220,12,null,685,null
428,"PASTELERIA INDUSTRIAL MONTE TURIA, S.A.",2025→2026,2025,2026,7300005081,Azúcar Blanco EEC Nº2 Caña - Cosumar  Marruecos,prod_perdido,36234,null,-36234,59.4,null,610,null
8253,"ALVAREZ PONCE, ROCIO",2025→2026,2025,2026,44314,Apipasta 90% - BIO - Pienso completo - Apicultura,prod_perdido,1026,null,-1026,0.57,null,1800,null
10494,GARTNERBUTIKKEN APS,2025→2026,2025,2026,44310,Apipasta 90% - Pienso completo - Apicultura,volumen,945,1917,972,1.05,2.13,900,900
9157,"MAK FOOD COMPANY, S.L.",2025→2026,2025,2026,7300037021,Azúcar Blanco EEC Nº2 Caña - Sidul  Portugal,prod_perdido,15720,null,-15720,24,null,655,null
10580,INGREDION UK LIMITED,2025→2026,2025,2026,61289,Fosvitae 95% Plus 78º,sin_actividad,0,null,0,0.002,null,0,null
210,"POSTRES Y DULCES REINA, S.L.",2025→2026,2025,2026,61298,Fosvitae 95% Plus 74º,sin_actividad,0,null,0,0.001,null,0,null
10259,"NUTRIS, WE CARE ABOUT YOU, S.L.",2025→2026,2025,2026,7300005081,Azúcar Blanco EEC Nº2 Caña - Cosumar  Marruecos,vol_precio,418176,50292,-367884,633.6,79.2,660,635
346,"PANARRO FOODS, S.L.",2025→2026,2025,2026,7300016111,Azúcar Blanco EEC Nº2 Caña - Santa Ana Guatemala,prod_perdido,53076,null,-53076,80.4,null,660.15,null
9067,"SCHREIBER FOODS ESPAÑA, S.L.",2025→2026,2025,2026,7250007131,DC Raw Sugar 2000-3500i - Cassa El Salvador,vol_precio,1072824,1079725.2,6901.199999999953,1137.6,1221.6,943.06,883.86
6251,"MIX PAK SYSTEM, S.L.",2025→2026,2025,2026,3000750341,Fructosa Maiz Cristal Granulada-ADM Turquía CUATRI,prod_perdido,6450,null,-6450,5,null,1290,null
2338,"PEREZ PEREZ, VALERIANO",2025→2026,2025,2026,1110066321,Maltitol Liquido-Yusweet China,prod_perdido,1677,null,-1677,1.3,null,1290,null
7755,SAS LA CHENERAIE,2025→2026,2025,2026,44315,Apipasta PLUS - Pienso para Apicultura,volumen,5334,2100,-3234,4.2,1.68,1270,1250
440,"MAZAPANES Y DULCES DE TOLEDO, S.A.",2025→2026,2025,2026,5101002011,Fructor 10/77 - Tereos  España,prod_perdido,1500,null,-1500,1.2,null,1250,null
6427,"PRODUCTOS OLE Y OLE, S.L.",2025→2026,2025,2026,60105,"Azúcar PI 73,5-67",prod_perdido,2424,null,-2424,2.4,null,1010,null
6395,SEITENBACHER KG NATURKOST,2025→2026,2025,2026,61200,Fosvitae 85%,prod_perdido,8938.8,null,-8938.8,3.6,null,2483,null
1854,"ROYPAS BY NUTRIS, S.A.",2025→2026,2025,2026,7300016111,Azúcar Blanco EEC Nº2 Caña - Santa Ana Guatemala,prod_perdido,64891.2,null,-64891.2,98.32,null,660,null
215,"MARTIN BRAUN, S.A.",2025→2026,2025,2026,65013,Azúcar en polvo LS Pallet Plast. CHEP 100x120,prod_perdido,31616.18,null,-31616.18,46.155,null,685,null
1919,"MACIAS DE LA CORTE, MIRIAN",2025→2026,2025,2026,44335,Azúcar Blanco BIO MP para piensos,prod_perdido,1160,null,-1160,0.8,null,1450,null
346,"PANARRO FOODS, S.L.",2025→2026,2025,2026,7400002031,Az Bl. EEC Nº2 Remolacha PTE DEST-Tereos Franci,prod_perdido,17388,null,-17388,25.2,null,690,null
1786,"ANITIN PANES ESPECIALES, S.L.",2025→2026,2025,2026,4000050331,Dextrosa Maiz Cristal Monohidrato - ADM  Bulgaria,prod_perdido,12169.7,null,-12169.7,12.25,null,993.44,null
2763,"HERMANOS ROMAN ALAMINOS, S.L.",2025→2026,2025,2026,7300005081,Azúcar Blanco EEC Nº2 Caña - Cosumar  Marruecos,vol_precio,96228,27324,-68904,118.8,39.6,810,690
2577,"IMPORTACO CASA PONS, S.A.U.",2025→2026,2025,2026,7300007131,Azúcar Blanco EEC Nº2 Caña - Cassa  El Salvador,prod_perdido,650,null,-650,1,null,650,null
192,"AZUCREN, S.L.",2025→2026,2025,2026,62413,Fondant ES-R04 - Jacobo Lozano (Etiq. Cliente),volumen,14185.5,16464,2278.5,14.475,16.8,980,980
1544,"GALLEROS ARTESANOS DE RUTE, S.L",2025→2026,2025,2026,2331065321,FOS 95% Polvo-Shandong Starlight So True China,sin_actividad,0,null,0,0.025,null,0,null
542,"SDAD.ESPAÑOLA COLOR. NATURALES Y AFINES, S.A.U.",2025→2026,2025,2026,7800059261,Azúcar BIO Caña NOP - Incauca Colombia,prod_perdido,7740,null,-7740,6,null,1290,null
3367,"MAMERTO DE LA VARA, S.L.",2025→2026,2025,2026,5101050031,Fructor 10/77 - ADM  Francia,prod_perdido,12180.8,null,-12180.8,21.2,null,574.57,null
4892,"COMEX BAKERY, S.L.U.",2025→2026,2025,2026,7500003011,Correfino EEC Nº2 Caña/Rem - Acor  España,prod_perdido,1052,null,-1052,0.8,null,1315,null
4031,"ESPECIALITATS M. MASDEU, S.L.",2025→2026,2025,2026,61289,Fosvitae 95% Plus 78º,volumen,46284,34771,-11513,15.96,11.99,2900,2900
10169,"RANSOM NATURALS, LTD",2025→2026,2025,2026,61289,Fosvitae 95% Plus 78º,sin_actividad,0,null,0,0.001,null,0,null
1919,"MACIAS DE LA CORTE, MIRIAN",2025→2026,2025,2026,44314,Apipasta 90% - BIO - Pienso completo - Apicultura,prod_perdido,945,null,-945,0.525,null,1800,null
2057,"BACK EUROP ESPAÑA, S.L",2025→2026,2025,2026,65008,Azúcar en polvo LS Pallet EUR,precio,1333.8,1386,52.200000000000045,0.9,0.9,1482,1540
450,"LA FLOR BURGALESA, S.L.",2025→2026,2025,2026,1110073320,Maltitol Liquido-Huakang China,vol_precio,7698.6,13572,5873.4,7.8,15.6,987,870
9575,"GREEN BEVERAGES ESPAÑA, SL",2025→2026,2025,2026,7300039291,Azúcar Blanco EEC Nº2 Caña - Kampong Speu Camboya,prod_perdido,3312,null,-3312,4.8,null,690,null
2112,"LACASA, S.A.U.",2025→2026,2025,2026,7600004011,Azúcar Granulado Extrafino-Azucarera España,prod_perdido,622.05,null,-622.05,0.65,null,957,null
2473,"TORRE ORIA, S.L.U.",2025→2026,2025,2026,7300005081,Azúcar Blanco EEC Nº2 Caña - Cosumar  Marruecos,sin_actividad,0,null,0,0.001,null,0,null
1892,"BIMBO DONUTS IBERIA, S.A.U.",2025→2026,2025,2026,61260,Fosvitae R 60 %,volumen,39729.2,70628.6,30899.40000000001,40.54,72.08,980,979.86
200,MARIN GIMENEZ HNOS. S.A.,2025→2026,2025,2026,61260,Fosvitae R 60 %,volumen,13861.64,18004.4,4142.760000000002,15.86,20.6,874,874
9157,"MAK FOOD COMPANY, S.L.",2025→2026,2025,2026,64104,Mixco Sweet 70.5-53.2323 FIL 100 Icu,volumen,502380.04,221742,-280638.04,523.974,228.6,958.79,970
7440,"LOPEZ FOOD GROUP, S.L.",2025→2026,2025,2026,7500004011,Correfino EEC Nº2 Caña/Rem - Azucarera España,prod_perdido,27922,null,-27922,46,null,607,null
9565,NORDIK BUCKFAST,2025→2026,2025,2026,62001,Apimix - Pienso completo - Apicultura,sin_cambio,672,672,0,0.84,0.84,800,800
7115,"RIVERBEND ESPAÑA, S.A",2025→2026,2025,2026,7400002031,Az Bl. EEC Nº2 Remolacha PTE DEST-Tereos Franci,prod_perdido,22968,null,-22968,34.8,null,660,null
3225,"SURIVAN FEEL THE TASTE, S.L.",2025→2026,2025,2026,60105,"Azúcar PI 73,5-67",volumen,3846.8,2832,-1014.8000000000002,3.26,2.4,1180,1180
271,"LABORATORIOS ALMOND, S.L.",2025→2026,2025,2026,61289,Fosvitae 95% Plus 78º,sin_actividad,0,null,0,0.001,null,0,null
5892,"DISTRIBUCIONES BOLLFROST, S.L.",2025→2026,2025,2026,7500003011,Correfino EEC Nº2 Caña/Rem - Acor  España,prod_perdido,2240,null,-2240,3.2,null,700,null
891,"MONTEALBOR ALIMENTACION, S.A.U",2025→2026,2025,2026,7300039291,Azúcar Blanco EEC Nº2 Caña - Kampong Speu Camboya,prod_perdido,1149.5,null,-1149.5,1.575,null,729.84,null
1528,"JUAN Y JUAN INDUSTRIAL, S.L.U.",2025→2026,2025,2026,7300005081,Azúcar Blanco EEC Nº2 Caña - Cosumar  Marruecos,prod_perdido,130731.06,null,-130731.06,218.98,null,597,null
435,"R. MARSILLA, S.A.",2025→2026,2025,2026,7500003011,Correfino EEC Nº2 Caña/Rem - Acor  España,prod_perdido,7168,null,-7168,11.2,null,640,null
4031,"ESPECIALITATS M. MASDEU, S.L.",2025→2026,2025,2026,2332065321,FOS 95% Granular-Shandong Starlight So True China,prod_perdido,165,null,-165,0.05,null,3300,null
346,"PANARRO FOODS, S.L.",2025→2026,2025,2026,7400010171,Az. Bl. EEC nº2 Remol. PTE DEST-Sudzucker Alemania,prod_perdido,11650,null,-11650,18,null,647.22,null
432,"CHOCOLATES ALGARRA, S.L.",2025→2026,2025,2026,7300005081,Azúcar Blanco EEC Nº2 Caña - Cosumar  Marruecos,prod_perdido,10620,null,-10620,18,null,590,null
8349,"AGOTZAINA, S.L.",2025→2026,2025,2026,5205050031,Glucor 37/79 - ADM  Francia,volumen,3034.5,1428,-1606.5,2.55,1.2,1190,1190
9067,"SCHREIBER FOODS ESPAÑA, S.L.",2025→2026,2025,2026,2331065321,FOS 95% Polvo-Shandong Starlight So True China,volumen,47238.75,164587.5,117348.75,16.575,57.75,2850,2850
10547,FRULACT USA LLC,2025→2026,2025,2026,61287,Fosvitae 95% Plus BIO ES-ECO-024-MU Agric. UE,volumen,131354.14,35891.72,-95462.42000000001,43.99,12.02,2986,2986
1661,"DELAVIUDA ALIMENTACION, S.A",2025→2026,2025,2026,1110071320,Maltitol Liquido – Shandong Grain Rain China,vol_precio,2462.2,34476,32013.8,2.6,39,947,884
478,"MORENO RUIZ HERMANOS, S.L.",2025→2026,2025,2026,1110049321,Maltitol Liquido - Shandong Tianli Pharm-China,sin_actividad,0,0,0,0.005,0.001,0,0
7189,"PASTISART IBERIA, S.L.U",2025→2026,2025,2026,7230007131,DC Raw Sugar >4000I - Cassa  El Salvador,sin_actividad,0,null,0,0.002,null,0,null
10180,"GREEN ALCHEMY, S.L.U.",2025→2026,2025,2026,4000050331,Dextrosa Maiz Cristal Monohidrato - ADM  Bulgaria,prod_perdido,1612.5,null,-1612.5,1.25,null,1290,null
10533,"MARIE BRIZARD WINE & SPIRITS ESPAÑA, S.A.",2025→2026,2025,2026,60010,Azúcar Liquida Neutra S.A.,prod_ganado,0,15240,15240,0.001,24.001,0,634.97
7164,"FELIX SOLIS, S.L.",2025→2026,2025,2026,60105,"Azúcar PI 73,5-67",volumen,65178,90866.7,25688.699999999997,85.208,118.78,764.93,765
4587,"CARMAX GLASS, S.L.",2025→2026,2025,2026,44315,Apipasta PLUS - Pienso para Apicultura,volumen,6860,5670,-1190,5.04,4.2,1361.11,1350
9539,"ARTIPA FLECA, S.L",2025→2026,2025,2026,61200,Fosvitae 85%,volumen,5395,2400,-2995,2.65,1.2,2035.85,2000
10384,"BARSALA FERRER, GERARD",2025→2026,2025,2026,60000,Azúcar Líquida Neutra 67º,sin_actividad,0,null,0,0.002,null,0,null
2891,"ALSOL IMPORT, S.L.",2025→2026,2025,2026,44302,Dextrosa Cristal –  Materia Prima para Piensos,vol_precio,8900,6980,-1920,10,8.725,890,800
6828,AGRUP.DEFENSA SANIT.APIC.REG.DE MURCIA,2025→2026,2025,2026,44314,Apipasta 90% - BIO - Pienso completo - Apicultura,precio,987,1020,33,0.6,0.6,1645,1700
8003,"OBLEAS QUINTIN, S.L.",2025→2026,2025,2026,1110068321,Maltitol Liquido – Luzhou Bio-Chem China,prod_perdido,4108,null,-4108,5.2,null,790,null
4002,"ABB MJ FERNANDEZ ARANDA, S.L.",2025→2026,2025,2026,65005,Azúcar en polvo LS,vol_precio,24862.5,25509.9,647.4000000000015,29.25,32.16,850,793.22
1415,"MEMBRILLO EMILY, S.L.",2025→2026,2025,2026,7230007131,DC Raw Sugar >4000I - Cassa  El Salvador,sin_actividad,0,null,0,0.007,null,0,null
10107,SAMECA PRODUTOS QUIMICOS SA,2025→2026,2025,2026,60251,Azúcar TIEN 67-100 R,vol_precio,88212.32,37333.54,-50878.780000000006,126.563,46.54,696.98,802.18
570,"INDALVA, S.L.",2025→2026,2025,2026,7300005081,Azúcar Blanco EEC Nº2 Caña - Cosumar  Marruecos,prod_perdido,6831,null,-6831,9.9,null,690,null
8479,FA. BLIESGAUBEUTE,2025→2026,2025,2026,62022,Apimix 75 PyV Pienso completo – Apicultura,prod_perdido,2040,null,-2040,2.4,null,850,null
10259,"NUTRIS, WE CARE ABOUT YOU, S.L.",2025→2026,2025,2026,7811070401,Azúcar BIO <500i NO UE - Mitr Laos NOP,volumen,28600,120655,92055,20,84,1430,1436.37
1661,"DELAVIUDA ALIMENTACION, S.A",2025→2026,2025,2026,61289,Fosvitae 95% Plus 78º,prod_ganado,0,2109.45,2109.45,0.013,1.23,0,1715
9743,SAS NORDMANN FRANCE,2025→2026,2025,2026,61289,Fosvitae 95% Plus 78º,prod_ganado,0,4017.6,4017.6,0.022,2.43,0,1653.33
9194,"HELADOS JOP, S.L.",2025→2026,2025,2026,4000050331,Dextrosa Maiz Cristal Monohidrato - ADM  Bulgaria,prod_perdido,1620,null,-1620,1,null,1620,null
563,"PROD.BIONATUR.DE CALASPARRA,SA",2025→2026,2025,2026,60105,"Azúcar PI 73,5-67",volumen,15752.22,18450.96,2698.74,16.46,19.28,957,957
3891,"NESTLE ESPAÑA, S.A.",2025→2026,2025,2026,4000050331,Dextrosa Maiz Cristal Monohidrato - ADM  Bulgaria,precio,16740,15050,-1690,15,15,1116,1003.33
1241,"ACEITES DEL SUR-COOSUR, S.A.",2025→2026,2025,2026,7300016111,Azúcar Blanco EEC Nº2 Caña - Santa Ana Guatemala,vol_precio,126144,15120,-111024,192,24,657,630
3372,"GUFRESCO, S.L.",2025→2026,2025,2026,3000750341,Fructosa Maiz Cristal Granulada-ADM Turquía CUATRI,prod_perdido,892.5,null,-892.5,0.5,null,1785,null
1661,"DELAVIUDA ALIMENTACION, S.A",2025→2026,2025,2026,61287,Fosvitae 95% Plus BIO ES-ECO-024-MU Agric. UE,sin_actividad,0,null,0,0.002,null,0,null
396,"AGROTRANSFORMADOS, S.A.",2025→2026,2025,2026,7300016111,Azúcar Blanco EEC Nº2 Caña - Santa Ana Guatemala,volumen,30672,29905.2,-766.7999999999993,48,46.8,639,639
9157,"MAK FOOD COMPANY, S.L.",2025→2026,2025,2026,61247,Mixco Sweet 65-00.5050 U,sin_actividad,0,null,0,0.003,null,0,null
10495,"ALCOHOLES DE TOMELLOSO, S.A.",2025→2026,2025,2026,60010,Azúcar Liquida Neutra S.A.,sin_actividad,0,null,0,0.001,null,0,null
595,"ROSCRIS BENIOPA, S.L",2025→2026,2025,2026,65015,Azúcar en polvo LM,prod_perdido,14.4,null,-14.4,0.015,null,960,null
210,"POSTRES Y DULCES REINA, S.L.",2025→2026,2025,2026,61210,Fosvitae Polvo,sin_actividad,0,null,0,0.001,null,0,null
1854,"ROYPAS BY NUTRIS, S.A.",2025→2026,2025,2026,5200002011,Glucor 60/82 - Tereos  España,prod_perdido,16331.4,null,-16331.4,25.32,null,645,null
4369,"LA TIENDA DEL APICULTOR, S.L.U.",2025→2026,2025,2026,44302,Dextrosa Cristal –  Materia Prima para Piensos,volumen,2450,3675,1225,2.5,3.75,980,980
9194,"HELADOS JOP, S.L.",2025→2026,2025,2026,1210054031,Sorbitol Liquido - Roquette Francia,vol_precio,5052,1573.8,-3478.2,3.6,1.22,1403.33,1290
9463,"ADIEGO HERMANOS, S.A.",2025→2026,2025,2026,44015,Fructor 10/77,sin_actividad,0,null,0,0.001,null,0,null
10337,AMERO FOODS MFG CORP DBA PASTRYSTAR,2025→2026,2025,2026,2340072321,FOS 95% Polvo BIO NO UE-Baolingbao Biology China,sin_actividad,0,null,0,0.001,null,0,null
10424,AGRIAPISTICA MANFREDINI SOC. AGR. S.S.,2025→2026,2025,2026,44310,Apipasta 90% - Pienso completo - Apicultura,sin_actividad,0,null,0,0.015,null,0,null
9520,"GOLOSINAS MININOLAS, S.L.U.",2025→2026,2025,2026,1110073320,Maltitol Liquido-Huakang China,vol_precio,26808.6,31012.8,4204.200000000001,27.3,36.4,982,852
10298,CENTRAL GENERAL DE COMPRAS AGROPECUARIAS SLU,2025→2026,2025,2026,4000050331,Dextrosa Maiz Cristal Monohidrato - ADM  Bulgaria,sin_actividad,0,null,0,0.001,null,0,null
2925,"BIGMAN NUTRITION, S.L.",2025→2026,2025,2026,3010050341,Fructosa Maiz Cristal Polvo - ADM  Turquía,prod_perdido,1525,null,-1525,1.25,null,1220,null
8247,"ALLJUICEMED, S.L.",2025→2026,2025,2026,64099,ATI 65º CBY,sin_actividad,0,null,0,0.005,null,0,null
8350,"MIGA FOODS COMMERCE, S.L.",2025→2026,2025,2026,62070,Mix Golden Jarabe,prod_perdido,1776,null,-1776,1.2,null,1480,null
8836,"AGROCENTROS LEON, S.L.",2025→2026,2025,2026,62001,Apimix - Pienso completo - Apicultura,vol_precio,12448,13200,752,16.02,16.5,777.03,800
9833,DONNY G APICOLE SRL,2025→2026,2025,2026,44310,Apipasta 90% - Pienso completo - Apicultura,vol_precio,2919,1848,-1071,3.15,2.1,926.67,880
2570,"NATRA OÑATI, S.A.",2025→2026,2025,2026,7320015111,Az Blanco EEC Nº2 CÑ Bonsucro-Pantaleon Guatemala,prod_perdido,139821.6,null,-139821.6,202.64,null,690,null
566,"ALMACENES MIGUEZ 2005,S.L.",2025→2026,2025,2026,62022,Apimix 75 PyV Pienso completo – Apicultura,volumen,65072,57048,-8024,81.34,71.31,800,800
7612,DPTO. COMERCIAL,2025→2026,2025,2026,44315,Apipasta PLUS - Pienso para Apicultura,sin_actividad,0,null,0,0.518,null,0,null
8641,"GALLETAS GULLÓN, S.A.",2025→2026,2025,2026,2332065321,FOS 95% Granular-Shandong Starlight So True China,prod_perdido,2141.25,null,-2141.25,0.752,null,2847.41,null
884,"INTERNAC. DE COMERCIO Y DESTILERIAS J BORRAJO, S.A",2025→2026,2025,2026,60010,Azúcar Liquida Neutra S.A.,sin_actividad,0,null,0,0.004,null,0,null
212,"JARCA TURRONES Y DULCES, S.L.",2025→2026,2025,2026,5201054011,Glucor 45/80 - Roquette España,prod_perdido,2148,null,-2148,2.4,null,895,null
9515,"INDUSTRIAS LACTEAS PASCUAL, S.L.U.",2025→2026,2025,2026,3000050341,Fructosa Maiz Cristal Granulada - ADM  Turquía,vol_precio,8950,15540,6590,5,10,1790,1554
450,"LA FLOR BURGALESA, S.L.",2025→2026,2025,2026,5101054011,Fructor 10/77 - Roquette España,prod_perdido,9687.6,null,-9687.6,10.8,null,897,null
9861,"ACROSS LOGISTICS, S.L.",2025→2026,2025,2026,7500004011,Correfino EEC Nº2 Caña/Rem - Azucarera España,prod_perdido,572.5,-62.98,-635.48,1,-0.11,572.5,572.55
6734,"COLONIALES EL SOL, S.L.",2025→2026,2025,2026,7500003011,Correfino EEC Nº2 Caña/Rem - Acor  España,volumen,8992,6152,-2840,12.8,8.8,702.5,699.09
1528,"JUAN Y JUAN INDUSTRIAL, S.L.U.",2025→2026,2025,2026,7300015111,Azúcar Blanco EEC Nº2 Caña - Pantaleon  Guatemala,prod_perdido,15498.12,null,-15498.12,25.96,null,597,null
3225,"SURIVAN FEEL THE TASTE, S.L.",2025→2026,2025,2026,3010050341,Fructosa Maiz Cristal Polvo - ADM  Turquía,sin_cambio,1390,1390,0,1,1,1390,1390
1643,"DULCES ARTESANALES LINARES, S.L",2025→2026,2025,2026,3000050341,Fructosa Maiz Cristal Granulada - ADM  Turquía,prod_perdido,1737.5,null,-1737.5,1.25,null,1390,null
827,"TOMAS JIMENEZ, IGNACIO GERMAN",2025→2026,2025,2026,7300039291,Azúcar Blanco EEC Nº2 Caña - Kampong Speu Camboya,prod_perdido,180,null,-180,0.25,null,720,null
1353,"DESTILERIAS VEGA ALTA, S.L.",2025→2026,2025,2026,60010,Azúcar Liquida Neutra S.A.,prod_perdido,4214.4,null,-4214.4,4.8,null,878,null
10572,"ALCOHOLERA DE LA PUEBLA, S.A.",2025→2026,2025,2026,5200054011,Glucor 60/82 - Roquette  España,sin_actividad,0,null,0,0.001,null,0,null
3187,"AZELIS ESPAÑA, S.A.",2025→2026,2025,2026,4000050331,Dextrosa Maiz Cristal Monohidrato - ADM  Bulgaria,volumen,30628.75,5875,-24753.75,32.5,6.25,942.42,940
827,"TOMAS JIMENEZ, IGNACIO GERMAN",2025→2026,2025,2026,7500003011,Correfino EEC Nº2 Caña/Rem - Acor  España,prod_perdido,205,null,-205,0.25,null,820,null
1787,"DULCES DEL TURIA, S.L.",2025→2026,2025,2026,60114,"Azúcar PI 73,5-67-C",sin_cambio,1320,1320,0,1.2,1.2,1100,1100
2909,"MANIPULADOS DE CEBOLLAS Y DERIVADOS, S.L.",2025→2026,2025,2026,7230007131,DC Raw Sugar >4000I - Cassa  El Salvador,volumen,331716,285252,-46464,376.95,324.15,880,880
9683,SCHWARTAUER WERKE GMBH & CO. KG,2025→2026,2025,2026,61303,Fosvitae R 85 - 74º,vol_precio,30916.8,119831.14,88914.34,18.24,76.18,1695,1573
5373,"VERTICE DE INNOVACION Y DESAR.DE ALIMENTOS, S.A.U.",2025→2026,2025,2026,60118,Azúcar PI 71-90,vol_precio,45680.28,43059.37,-2620.909999999996,75.38,78.82,606,546.3
10190,"FOOD REBELS, S.L.",2025→2026,2025,2026,4000050331,Dextrosa Maiz Cristal Monohidrato - ADM  Bulgaria,sin_actividad,0,null,0,0.001,null,0,null
1661,"DELAVIUDA ALIMENTACION, S.A",2025→2026,2025,2026,7800059261,Azúcar BIO Caña NOP - Incauca Colombia,sin_actividad,0,null,0,0.001,null,0,null
1513,"AGROBIO, S.L.",2025→2026,2025,2026,62092,Mix Abejorros 60-34.3333 Pienso Completo - Apicult,vol_precio,561950.34,450752,-111198.33999999997,927.62,781.86,605.8,576.51
9274,SUSTAINABLE APIARIES,2025→2026,2025,2026,44315,Apipasta PLUS - Pienso para Apicultura,sin_cambio,1050,1050,0,0.84,0.84,1250,1250
10187,"SCHMIDLI, DOMINIQUE SEBASTIEN",2025→2026,2025,2026,44313,Apipasta Vitaminas 90% - Pienso para Apicultura,vol_precio,30510,34620,4110,28.8,34.62,1059.38,1000
4709,"TURRONES PICO, S.A.",2025→2026,2025,2026,61170,Mix Maltitol Sorbitol MS 74-8020,prod_perdido,22956.06,null,-22956.06,20.014,null,1147,null
194,"COFRUTOS, S.A.",2025→2026,2025,2026,99950,Producto de Pruebas Líquido - 1,sin_actividad,0,null,0,0.002,null,0,null
10443,"COMERCIAL PRODUCTOS DE LA VID, S.L.",2025→2026,2025,2026,60010,Azúcar Liquida Neutra S.A.,sin_actividad,0,null,0,0.005,null,0,null
10044,"CREACIONES JUGAVI, S.L.",2025→2026,2025,2026,7500003011,Correfino EEC Nº2 Caña/Rem - Acor  España,prod_perdido,6336,null,-6336,9.6,null,660,null
10259,"NUTRIS, WE CARE ABOUT YOU, S.L.",2025→2026,2025,2026,65015,Azúcar en polvo LM,prod_perdido,1374.72,0,-1374.72,0.96,0,1432,null
7326,"ACTIVA FOOD TECH, S.A.",2025→2026,2025,2026,61229,Fosvitae Plus Polvo,sin_actividad,0,null,0,0.001,null,0,null
5346,"BODEGAS ELOSEGI, S.L.",2025→2026,2025,2026,60105,"Azúcar PI 73,5-67",sin_actividad,0,null,0,0.001,null,0,null
7395,VECO PHARMA SHPK,2025→2026,2025,2026,62001,Apimix - Pienso completo - Apicultura,volumen,1344,3360,2016,1.68,4.2,800,800
10580,INGREDION UK LIMITED,2025→2026,2025,2026,61200,Fosvitae 85%,sin_actividad,0,null,0,0.002,null,0,null
1253,"HORCHATA EL COSECHERO, S.L.",2025→2026,2025,2026,4000050331,Dextrosa Maiz Cristal Monohidrato - ADM  Bulgaria,prod_perdido,488.75,null,-488.75,0.425,null,1150,null
10261,"ECOVISTABELLA, S.L.",2025→2026,2025,2026,5101054011,Fructor 10/77 - Roquette España,prod_perdido,1068,null,-1068,1.2,null,890,null
577,"FARTONS POLO, S.L.",2025→2026,2025,2026,7400010171,Az. Bl. EEC nº2 Remol. PTE DEST-Sudzucker Alemania,prod_perdido,4002,null,-4002,6,null,667,null
252,"CONSERVAS ALGUAZAS, S.L.",2025→2026,2025,2026,7500003011,Correfino EEC Nº2 Caña/Rem - Acor  España,prod_perdido,551.2,null,-551.2,0.8,null,689,null
317,"ESTUCHADOS FANNY, S.L.",2025→2026,2025,2026,7300016111,Azúcar Blanco EEC Nº2 Caña - Santa Ana Guatemala,prod_perdido,3036.85,null,-3036.85,4.914,null,618,null
378,"FRIDUL, S.A.",2025→2026,2025,2026,5101054011,Fructor 10/77 - Roquette España,volumen,4080,829.6,-3250.4,6,1.22,680,680
3534,"ITURRATE VEA, INES",2025→2026,2025,2026,44313,Apipasta Vitaminas 90% - Pienso para Apicultura,prod_perdido,1152,null,-1152,0.9,null,1280,null
317,"ESTUCHADOS FANNY, S.L.",2025→2026,2025,2026,7400010171,Az. Bl. EEC nº2 Remol. PTE DEST-Sudzucker Alemania,prod_perdido,51261,null,-51261,83,null,617.6,null
1233,"VALENCIANA PASTELERA, S.L.",2025→2026,2025,2026,7200017111,>45 ICUMSA - Palo Gordo Guatemala,prod_perdido,8640,null,-8640,14.4,null,600,null
3479,"LA TAHONA DE UTIEL, S.L.",2025→2026,2025,2026,5201054011,Glucor 45/80 - Roquette España,sin_actividad,0,null,0,0.001,null,0,null
762,"VIOKOX, S.A",2025→2026,2025,2026,4000050331,Dextrosa Maiz Cristal Monohidrato - ADM  Bulgaria,prod_perdido,1150,null,-1150,1.25,null,920,null
4634,"MASQPAN EXCLUSIVAS, S.L.",2025→2026,2025,2026,7300037021,Azúcar Blanco EEC Nº2 Caña - Sidul  Portugal,vol_precio,576,1776,1200,0.8,2.4,720,740
5794,"LOPEZ DOMINGUEZ, MARIA ANGELES",2025→2026,2025,2026,44301,Azucar Blanco – Materia Prima para Piensos,prod_perdido,520,null,-520,0.8,null,650,null
8836,"AGROCENTROS LEON, S.L.",2025→2026,2025,2026,44315,Apipasta PLUS - Pienso para Apicultura,volumen,14742,10500,-4242,11.76,8.4,1253.57,1250
8150,"BODEGAS MONASTRELL, S.L",2025→2026,2025,2026,40207,Azúcar BIO <45 ES-ECO-024-MU Ag UE REMOLACHA,prod_perdido,67.9,null,-67.9,0.05,null,1358,null
9168,"BIO ALIMENTOS DE MURCIA, S.L.",2025→2026,2025,2026,7811070401,Azúcar BIO <500i NO UE - Mitr Laos NOP,volumen,14400,18000,3600,12,15,1200,1200
770,"CASTER ALIMENTACION, S.L.",2025→2026,2025,2026,7300039291,Azúcar Blanco EEC Nº2 Caña - Kampong Speu Camboya,prod_perdido,14616,null,-14616,23.2,null,630,null
4960,"MANUEL MATEO CANDEL, S.L.",2025→2026,2025,2026,61170,Mix Maltitol Sorbitol MS 74-8020,prod_perdido,1220.55,null,-1220.55,1.03,null,1185,null
3195,"HEINEKEN ESPAÑA, S.A",2025→2026,2025,2026,60005,Azúcar Liquida Neutra en M.Seca,volumen,971605.36,1431431.25,459825.89,1521.62,2221.468,638.53,644.36
225,"FRUTAS Y CONSERVAS DE MURCIA, S.L.",2025→2026,2025,2026,60000,Azúcar Líquida Neutra 67º,vol_precio,472878.6,312783.9,-160094.69999999995,1028.3,734.82,459.86,425.66
10190,"FOOD REBELS, S.L.",2025→2026,2025,2026,7600010031,Azúcar Granulado Extrafino XF-Sudzucker Francia,volumen,68775,324880,256105,105,496,655,655
4709,"TURRONES PICO, S.A.",2025→2026,2025,2026,65005,Azúcar en polvo LS,volumen,11553.75,18061.88,6508.130000000001,11.85,18.525,975,975
9825,"KOMVIDA KOMBUCHA, S.L.",2025→2026,2025,2026,40207,Azúcar BIO <45 ES-ECO-024-MU Ag UE REMOLACHA,prod_perdido,21244,null,-21244,18.8,null,1130,null
473,"MAZALMENDRA, S.L.",2025→2026,2025,2026,7300016111,Azúcar Blanco EEC Nº2 Caña - Santa Ana Guatemala,prod_perdido,16342.2,null,-16342.2,25.94,null,630,null
6864,"TAMAYO SANCHEZ, JOAQUIN",2025→2026,2025,2026,44304,Azucar Polvo LS – Pienso completo – Apicultura,prod_perdido,965.25,null,-965.25,0.975,null,990,null
3479,"LA TAHONA DE UTIEL, S.L.",2025→2026,2025,2026,7620010201,Azúcar Perlado 2-Sudzucker Belgica,prod_perdido,19100,null,-19100,14.201,null,1344.98,null
8247,"ALLJUICEMED, S.L.",2025→2026,2025,2026,61245,Mixco Sweet 68-00.5050 I,vol_precio,28575,215316,186741,25.405,198.16,1124.78,1086.58
456,"HELADOS ESTIU, S.A.",2025→2026,2025,2026,61289,Fosvitae 95% Plus 78º,sin_actividad,0,null,0,0.001,null,0,null
904,"DAMEL GROUP, S.L. ",2025→2026,2025,2026,7300016111,Azúcar Blanco EEC Nº2 Caña - Santa Ana Guatemala,prod_perdido,127713.6,null,-127713.6,202.72,null,630,null
9535,"COMPAÑIA CERVECERA DAMM, S.L.",2025→2026,2025,2026,60000,Azúcar Líquida Neutra 67º,prod_perdido,91767.6,null,-91767.6,169.995,null,539.83,null
517,"DUPAN, S.L.",2025→2026,2025,2026,7110009141,Azúcar Moreno >2500i - ASR  Belice,prod_perdido,3570,null,-3570,3,null,1190,null
7867,"SINBLAT ALIMENTACION SALUDABLE, S.L.",2025→2026,2025,2026,7500003011,Correfino EEC Nº2 Caña/Rem - Acor  España,prod_perdido,38544,null,-38544,58.4,null,660,null
1821,"CHOCOLATES DEL NORTE, S.A.",2025→2026,2025,2026,65015,Azúcar en polvo LM,prod_perdido,962.33,null,-962.33,0.975,null,987.01,null
8350,"MIGA FOODS COMMERCE, S.L.",2025→2026,2025,2026,1110049321,Maltitol Liquido - Shandong Tianli Pharm-China,sin_actividad,0,null,0,0.005,null,0,null
10264,G. G. CONSTANTINOU LTD,2025→2026,2025,2026,62001,Apimix - Pienso completo - Apicultura,prod_perdido,357,null,-357,0.42,null,850,null
462,"ROMEDUL, S.L.",2025→2026,2025,2026,7300037021,Azúcar Blanco EEC Nº2 Caña - Sidul  Portugal,prod_perdido,8023.25,null,-8023.25,11.975,null,670,null
10541,DOSMILNUEVE MIEL TCEA,2025→2026,2025,2026,62022,Apimix 75 PyV Pienso completo – Apicultura,prod_perdido,11385,null,-11385,15.18,null,750,null
10147,"HERVAR LACTEOS Y ADITIVOS, S.L.",2025→2026,2025,2026,1210054031,Sorbitol Liquido - Roquette Francia,vol_precio,1320,6300,4980,1.2,6,1100,1050
4600,"JALANCINA NATURE, S.L.",2025→2026,2025,2026,3000750341,Fructosa Maiz Cristal Granulada-ADM Turquía CUATRI,prod_perdido,330.75,null,-330.75,0.175,null,1890,null
1339,COOP. VINICOLA LA VIÑA,2025→2026,2025,2026,60000,Azúcar Líquida Neutra 67º,prod_perdido,5357.8,null,-5357.8,6.02,null,890,null
458,"CASTY, S.A.",2025→2026,2025,2026,3000750341,Fructosa Maiz Cristal Granulada-ADM Turquía CUATRI,prod_perdido,15444,null,-15444,12,null,1287,null
4187,"AMILCAR & MORGADO, LDA",2025→2026,2025,2026,44313,Apipasta Vitaminas 90% - Pienso para Apicultura,vol_precio,274639.95,160312.5,-114327.45000000001,273.66,170.28,1003.58,941.46
3156,"FINI GOLOSINAS ESPAÑA, S.L.U.",2025→2026,2025,2026,62151,Jarabe de Melaza- Soft Treacle (Negro),vol_precio,155695.66,94816.46,-60879.2,127.16,100.3,1224.41,945.33
9157,"MAK FOOD COMPANY, S.L.",2025→2026,2025,2026,61278,Mixco Sweet 72-00.5050,vol_precio,1058258.35,470150.4,-588107.9500000001,931.467,422.585,1136.12,1112.56
7440,"LOPEZ FOOD GROUP, S.L.",2025→2026,2025,2026,7400010171,Az. Bl. EEC nº2 Remol. PTE DEST-Sudzucker Alemania,prod_perdido,130505,null,-130505,215,null,607,null
8350,"MIGA FOODS COMMERCE, S.L.",2025→2026,2025,2026,5205054011,Glucor 37/79 - Roquette España,prod_perdido,28548,null,-28548,31.2,null,915,null
2975,"ARTUKOLUKE, S.L.",2025→2026,2025,2026,3010050341,Fructosa Maiz Cristal Polvo - ADM  Turquía,volumen,37225,26550,-10675,31.25,22.5,1191.2,1180
9609,"VAMINTER, S.L.",2025→2026,2025,2026,1110071320,Maltitol Liquido – Shandong Grain Rain China,volumen,1404,4212,2808,1.3,3.9,1080,1080
430,"MONZO LUIS, S.L.",2025→2026,2025,2026,5100002011,Fructor 10/81 - Tereos  España,prod_perdido,1104,null,-1104,1.2,null,920,null
1728,"CEREALTO INDUSTRIAL SPAIN, S.A.",2025→2026,2025,2026,62150,Jarabe de Melaza de Caña,sin_actividad,0,null,0,0.02,null,0,null
10044,"CREACIONES JUGAVI, S.L.",2025→2026,2025,2026,7500004011,Correfino EEC Nº2 Caña/Rem - Azucarera España,prod_perdido,2265.6,null,-2265.6,3.2,null,708,null
10262,"SIDORENKO INGREDIENTS, LTD.",2025→2026,2025,2026,61298,Fosvitae 95% Plus 74º,sin_actividad,0,null,0,0.002,null,0,null
3071,"NAVARRO OLIVA, BERNABE",2025→2026,2025,2026,44313,Apipasta Vitaminas 90% - Pienso para Apicultura,prod_perdido,4830,null,-4830,4.2,null,1150,null
5346,"BODEGAS ELOSEGI, S.L.",2025→2026,2025,2026,60000,Azúcar Líquida Neutra 67º,sin_actividad,0,null,0,0.001,null,0,null
283,"BOLLERIA BJV, S.L.",2025→2026,2025,2026,5101002011,Fructor 10/77 - Tereos  España,prod_perdido,948,null,-948,1.2,null,790,null
1918,"OLIVA SANTOS, CASTOR",2025→2026,2025,2026,44314,Apipasta 90% - BIO - Pienso completo - Apicultura,prod_perdido,2835,null,-2835,1.575,null,1800,null
433,"SANCHIS MIRA, S.A.",2025→2026,2025,2026,61170,Mix Maltitol Sorbitol MS 74-8020,vol_precio,92947.05,34920,-58027.05,77.65,36,1197,970
3225,"SURIVAN FEEL THE TASTE, S.L.",2025→2026,2025,2026,62154,Mixco Sweet 80-31.3233 JM,volumen,32875.2,2707.2,-30167.999999999996,28.8,2.4,1141.5,1128
1325,"HIDA ALIMENTACION , S.A.",2025→2026,2025,2026,7500003011,Correfino EEC Nº2 Caña/Rem - Acor  España,prod_perdido,44528,null,-44528,69.575,null,640,null
10109,DETRIGO PADARIA PASTELARIA LDA,2025→2026,2025,2026,99950,Producto de Pruebas Líquido - 1,sin_actividad,0,0,0,0.001,0.01,0,0
8668,FERDINAND KREUTZER SABAMÜHLE GMBH,2025→2026,2025,2026,61289,Fosvitae 95% Plus 78º,sin_actividad,0,0,0,0.002,0.001,0,0
282,"PRODUCTOS LOZANO, S.L.",2025→2026,2025,2026,5100750031,Fructor 10/81 - ADM  Francia CUATRIMESTRAL,prod_perdido,4140,null,-4140,3.6,null,1150,null
10197,"LEHMANN FOOD INGREDIENTS, LTD",2025→2026,2025,2026,61289,Fosvitae 95% Plus 78º,sin_actividad,0,null,0,0.004,null,0,null
2073,"PLATOS TRADICIONALES, S.A",2025→2026,2025,2026,7300039291,Azúcar Blanco EEC Nº2 Caña - Kampong Speu Camboya,prod_perdido,2112,null,-2112,3.2,null,660,null
4566,"CONFETICAKES, S.L.",2025→2026,2025,2026,7300005081,Azúcar Blanco EEC Nº2 Caña - Cosumar  Marruecos,prod_perdido,83655,null,-83655,143,null,585,null
550,"REPOSTERIA PORTA, S.L.",2025→2026,2025,2026,3010050341,Fructosa Maiz Cristal Polvo - ADM  Turquía,volumen,1612.5,3225,1612.5,1.25,2.5,1290,1290
455,"EMILIO PEÑA, S.A.",2025→2026,2025,2026,65030,AZÚCAR EN POLVO LM 48m,prod_perdido,2354.4,null,-2354.4,2.16,null,1090,null
10142,NORDMANN NORDIC AB,2025→2026,2025,2026,61298,Fosvitae 95% Plus 74º,sin_actividad,0,null,0,0.001,null,0,null
428,"PASTELERIA INDUSTRIAL MONTE TURIA, S.A.",2025→2026,2025,2026,7300016111,Azúcar Blanco EEC Nº2 Caña - Santa Ana Guatemala,prod_perdido,279624,null,-279624,458.4,null,610,null
1832,"SIERRAS ANDALUZAS, S.C.A.",2025→2026,2025,2026,44303,Fructosa Cristal – Materia Prima para Piensos,volumen,10937.5,3125,-7812.5,8.75,2.5,1250,1250
555,"FORTADUL, S.L.",2025→2026,2025,2026,7500004011,Correfino EEC Nº2 Caña/Rem - Azucarera España,prod_perdido,30240,null,-30240,48,null,630,null
4623,"FRATER ALIMENTOS, S.L.",2025→2026,2025,2026,45006,AZÚCAR BLANCO EEC Nº2 C - PQ01 RETAIL – JUST SUGAR,prod_perdido,2880,null,-2880,3.84,null,750,null
8175,"MENUDOS DUENDES, S.L.",2025→2026,2025,2026,44131,Glucor 37/79,sin_actividad,0,null,0,0.001,null,0,null
527,"CARNICAS SERRANO, S.L.",2025→2026,2025,2026,7500004011,Correfino EEC Nº2 Caña/Rem - Azucarera España,prod_perdido,666,null,-666,0.9,null,740,null
1253,"HORCHATA EL COSECHERO, S.L.",2025→2026,2025,2026,60000,Azúcar Líquida Neutra 67º,sin_actividad,0,null,0,0.001,null,0,null
1218,"RAMIRO LARRIO, JAVIER",2025→2026,2025,2026,62001,Apimix - Pienso completo - Apicultura,prod_perdido,8196.02,null,-8196.02,9.02,null,908.65,null
9565,NORDIK BUCKFAST,2025→2026,2025,2026,44310,Apipasta 90% - Pienso completo - Apicultura,volumen,10164,7524,-2640,11.55,8.55,880,880
8507,PSIQUIS INNOVA S.L.N.E.,2025→2026,2025,2026,99950,Producto de Pruebas Líquido - 1,sin_actividad,0,null,0,0.001,null,0,null
10378,IP INGREDIENTS S.R.L.,2025→2026,2025,2026,61287,Fosvitae 95% Plus BIO ES-ECO-024-MU Agric. UE,sin_actividad,0,null,0,0.001,null,0,null
220,"PASTELERIA GIMAR, S.L.",2025→2026,2025,2026,62150,Jarabe de Melaza de Caña,sin_actividad,0,null,0,0.001,null,0,null
9576,TRINOVA AG,2025→2026,2025,2026,61298,Fosvitae 95% Plus 74º,sin_actividad,0,0,0,0.005,0.003,0,0
9157,"MAK FOOD COMPANY, S.L.",2025→2026,2025,2026,64098,Mixco Sweet 72-53.2323 M5,sin_actividad,0,0,0,0.009,0.01,0,0
551,"ICE CREAM FACTORY COMAKER, S.A.",2025→2026,2025,2026,7300005081,Azúcar Blanco EEC Nº2 Caña - Cosumar  Marruecos,volumen,386177.6,178611.2,-207566.39999999997,602.66,279.08,640.79,640
1252,"APIGALOES, S.C.",2025→2026,2025,2026,44315,Apipasta PLUS - Pienso para Apicultura,prod_perdido,8736,null,-8736,6.72,null,1300,null
527,"CARNICAS SERRANO, S.L.",2025→2026,2025,2026,7500003011,Correfino EEC Nº2 Caña/Rem - Acor  España,vol_precio,3048,1776,-1272,4,2.4,762,740
211,"MARTINEZ NIETO, S.A.",2025→2026,2025,2026,1210054031,Sorbitol Liquido - Roquette Francia,vol_precio,18945.6,6714,-12231.599999999999,14.4,6,1315.67,1119
484,"PRODUCTOS LA PILARICA, S.A.",2025→2026,2025,2026,4000050331,Dextrosa Maiz Cristal Monohidrato - ADM  Bulgaria,vol_precio,96019.63,59885.05,-36134.58,107.425,74.95,893.83,799
239,"ASOCIACION DE APICULTORES DE VIZCAYA, B.E.",2025→2026,2025,2026,62001,Apimix - Pienso completo - Apicultura,prod_perdido,1428,null,-1428,1.68,null,850,null
1023,"TORRONS VICENS, S.L.",2025→2026,2025,2026,61289,Fosvitae 95% Plus 78º,prod_perdido,183.5,null,-183.5,0.1,null,1835,null
593,"APISOL, S.A",2025→2026,2025,2026,5100050031,Fructor 10/81 - ADM  Francia,sin_actividad,0,null,0,0.005,null,0,null
9446,"ALIMENTARIA ADIN, S.L.",2025→2026,2025,2026,65015,Azúcar en polvo LM,vol_precio,4002.38,13893.75,9891.369999999999,4.875,17.55,821,791.67
3715,"BSI BODEGAS SAN ISIDRO, S.COOP.",2025→2026,2025,2026,44092,Fructor 100/69,sin_actividad,0,null,0,0.001,null,0,null
7326,"ACTIVA FOOD TECH, S.A.",2025→2026,2025,2026,2340072321,FOS 95% Polvo BIO NO UE-Baolingbao Biology China,sin_actividad,0,null,0,0.001,null,0,null
1023,"TORRONS VICENS, S.L.",2025→2026,2025,2026,7620010201,Azúcar Perlado 2-Sudzucker Belgica,prod_perdido,592.5,null,-592.5,0.375,null,1580,null
10356,"COMA GLOBAL PLUS, S.L.",2025→2026,2025,2026,7200039291,Azúcar blanco - Kampong Speu Sugar Camboya,prod_perdido,29335.5,null,-29335.5,391.14,null,75,null
10276,"OLYRA GREEK NUTRITION PRODUCTS SINGLE MEMBER, S.A.",2025→2026,2025,2026,7811070401,Azúcar BIO <500i NO UE - Mitr Laos NOP,prod_perdido,64200,null,-64200,60.001,null,1069.98,null
528,"MANUFACTURAS COVISAL, S.L.",2025→2026,2025,2026,7300039291,Azúcar Blanco EEC Nº2 Caña - Kampong Speu Camboya,prod_perdido,576,null,-576,0.8,null,720,null
2283,"ROENCAR, S.L.U.",2025→2026,2025,2026,65005,Azúcar en polvo LS,prod_perdido,259.05,null,-259.05,0.21,null,1233.57,null
2682,"CARO CARO, CANDELARIA",2025→2026,2025,2026,44301,Azucar Blanco – Materia Prima para Piensos,prod_perdido,1280,null,-1280,2,null,640,null
8219,"FRUTOS SECOS EL LLANO, S.L.",2025→2026,2025,2026,7500004011,Correfino EEC Nº2 Caña/Rem - Azucarera España,prod_perdido,7920,null,-7920,12,null,660,null
4505,"FIESTA COLOMBINA, S.L.U.",2025→2026,2025,2026,7300007131,Azúcar Blanco EEC Nº2 Caña - Cassa  El Salvador,prod_perdido,60325,null,-60325,95,null,635,null
1284,"FRUTAS Y TURRONES, S.A.",2025→2026,2025,2026,5205054011,Glucor 37/79 - Roquette España,prod_perdido,4650,null,-4650,6,null,775,null
904,"DAMEL GROUP, S.L. ",2025→2026,2025,2026,61289,Fosvitae 95% Plus 78º,sin_actividad,0,0,0,0.001,0.005,0,0
10262,"SIDORENKO INGREDIENTS, LTD.",2025→2026,2025,2026,61260,Fosvitae R 60 %,sin_actividad,0,null,0,0.001,null,0,null
8349,"AGOTZAINA, S.L.",2025→2026,2025,2026,5205002011,Glucor 37/79 - Tereos  España,sin_cambio,1428,1428,0,1.2,1.2,1190,1190
1787,"DULCES DEL TURIA, S.L.",2025→2026,2025,2026,7500004011,Correfino EEC Nº2 Caña/Rem - Azucarera España,prod_perdido,1152,null,-1152,1.6,null,720,null
775,"NATRA CACAO,S.L.",2025→2026,2025,2026,7300016111,Azúcar Blanco EEC Nº2 Caña - Santa Ana Guatemala,prod_perdido,169076.5,null,-169076.5,233.26,null,724.84,null
10397,"SIMON THE BEEKEEPER, LTD",2025→2026,2025,2026,44313,Apipasta Vitaminas 90% - Pienso para Apicultura,vol_precio,32850,19590,-13260,32.85,20.19,1000,970.28
1233,"VALENCIANA PASTELERA, S.L.",2025→2026,2025,2026,60105,"Azúcar PI 73,5-67",volumen,9000,7562.5,-1437.5,7.2,6.05,1250,1250
1528,"JUAN Y JUAN INDUSTRIAL, S.L.U.",2025→2026,2025,2026,7800059261,Azúcar BIO Caña NOP - Incauca Colombia,prod_perdido,11920,null,-11920,8,null,1490,null
10527,"HORNO DE SAN JUAN, S.L.",2025→2026,2025,2026,60105,"Azúcar PI 73,5-67",sin_actividad,0,null,0,0.001,null,0,null
9620,"BRAVA DRINKS, S.L.",2025→2026,2025,2026,7500003011,Correfino EEC Nº2 Caña/Rem - Acor  España,prod_perdido,72,null,-72,0.1,null,720,null
2180,"AURUM PROCESS TECHNOLOGY, S.L.",2025→2026,2025,2026,7500003011,Correfino EEC Nº2 Caña/Rem - Acor  España,prod_perdido,18,null,-18,0.025,null,720,null
2103,"JOSEFA ESTELLES MAYOR, S.L.",2025→2026,2025,2026,7500004011,Correfino EEC Nº2 Caña/Rem - Azucarera España,prod_perdido,14732,null,-14732,23.2,null,635,null
465,"INVESTIGACION Y DESARROLLO PANADERO, S.L.",2025→2026,2025,2026,7300037021,Azúcar Blanco EEC Nº2 Caña - Sidul  Portugal,volumen,584,1168,584,0.8,1.6,730,730
9868,"NORDMANN, RASSMANN HANDELSGES.M.B.H",2025→2026,2025,2026,61298,Fosvitae 95% Plus 74º,sin_actividad,0,0,0,0.002,0.003,0,0
473,"MAZALMENDRA, S.L.",2025→2026,2025,2026,7500004011,Correfino EEC Nº2 Caña/Rem - Azucarera España,prod_perdido,15157.8,null,-15157.8,24.06,null,630,null
1765,"CHOST, S.L",2025→2026,2025,2026,7300039291,Azúcar Blanco EEC Nº2 Caña - Kampong Speu Camboya,prod_perdido,600,null,-600,0.8,null,750,null
10518,EVLIER B.V.,2025→2026,2025,2026,60105,"Azúcar PI 73,5-67",sin_actividad,0,null,0,0.001,null,0,null
466,"DULCES LA PONDEROSA, S.L.",2025→2026,2025,2026,7300019071,Azúcar Blanco EEC Nº2 Caña - Antei/Cevital Argelia,prod_perdido,14553,null,-14553,23.1,null,630,null
1481,"BARDINET, S.A.",2025→2026,2025,2026,60010,Azúcar Liquida Neutra S.A.,volumen,71677.34,47835.8,-23841.539999999994,144.22,95,497,503.53
223,"PRODUCTOS CUATRO JOTAS, S.L.",2025→2026,2025,2026,60105,"Azúcar PI 73,5-67",vol_precio,1338.65,3426.41,2087.7599999999998,2.05,4.67,653,733.71
194,"COFRUTOS, S.A.",2025→2026,2025,2026,61304,Mixco Sweet 72-40.3030 M1A4,sin_actividad,0,null,0,0.002,null,0,null
5679,"AB MAURI FOOD, S.A.",2025→2026,2025,2026,60105,"Azúcar PI 73,5-67",sin_actividad,0,null,0,0.02,null,0,null
4369,"LA TIENDA DEL APICULTOR, S.L.U.",2025→2026,2025,2026,44313,Apipasta Vitaminas 90% - Pienso para Apicultura,volumen,265545,205500,-60045,264.6,205.5,1003.57,1000
4561,"AGRICOM, S.R.L.",2025→2026,2025,2026,62028,Apimix Pienso Completo (ESP-ITA),volumen,1710,2436,726,2.4,3.48,712.5,700
4997,"PRODUCTOS LA MULATA, S.L.",2025→2026,2025,2026,4000050331,Dextrosa Maiz Cristal Monohidrato - ADM  Bulgaria,volumen,3700,1850,-1850,2.5,1.25,1480,1480
10187,"SCHMIDLI, DOMINIQUE SEBASTIEN",2025→2026,2025,2026,44314,Apipasta 90% - BIO - Pienso completo - Apicultura,volumen,8029.46,1627.5,-6401.96,5.25,1.05,1529.42,1550
716,"PENALVA ALIMENTACION, S.A.",2025→2026,2025,2026,40207,Azúcar BIO <45 ES-ECO-024-MU Ag UE REMOLACHA,prod_perdido,4110,null,-4110,3,null,1370,null
7452,"CONSERVAS EL RAAL, S.L.U.",2025→2026,2025,2026,7500003011,Correfino EEC Nº2 Caña/Rem - Acor  España,vol_precio,3724,22320,18596,5.6,36,665,620
430,"MONZO LUIS, S.L.",2025→2026,2025,2026,1110049321,Maltitol Liquido - Shandong Tianli Pharm-China,prod_perdido,18564,null,-18564,15.6,null,1190,null
432,"CHOCOLATES ALGARRA, S.L.",2025→2026,2025,2026,2100002011,Almidon Maiz - Tereos España,prod_perdido,812.5,null,-812.5,1.25,null,650,null
9673,"SANTOS CASTILLA, HERMINIA MARIA",2025→2026,2025,2026,44314,Apipasta 90% - BIO - Pienso completo - Apicultura,prod_perdido,999,null,-999,0.555,null,1800,null
9068,GEENG GINGERS INTERNATIONAL,2025→2026,2025,2026,60011,null,sin_actividad,null,0,0,null,0.001,null,0
4706,"HERMINIO MENDAÑA, S.L.",2025→2026,2025,2026,7230007131,null,sin_actividad,null,0,0,null,0.001,null,0
10706,APITEC JERZY RUGALA,2025→2026,2025,2026,62001,null,prod_ganado,null,336,336,null,0.42,null,800
390,"PASTELERIA MANDUL, S.L.",2025→2026,2025,2026,61289,null,sin_actividad,null,0,0,null,0.001,null,0
1386,"SCENTIUM FLAVOURS, S.L",2025→2026,2025,2026,60105,null,sin_actividad,null,0,0,null,0.001,null,0
769,"ANGEL CAMACHO ALIMENTACION, S.L.",2025→2026,2025,2026,7300007131,null,prod_ganado,null,42840,42840,null,68,null,630
3195,"HEINEKEN ESPAÑA, S.A",2025→2026,2025,2026,60025,null,prod_ganado,null,63824.08,63824.08,null,147.96,null,431.36
10519,"EPSA ADITIVOS ALIMENTARIOS, S.L.",2025→2026,2025,2026,4000050331,null,prod_ganado,null,17623.25,17623.25,null,22.45,null,785
5109,"INDUSTRIAS ROKO, S.A.",2025→2026,2025,2026,4000050331,null,prod_ganado,null,2200,2200,null,2.5,null,880
10786,"DIBAQ DIPROTEG, S.A.",2025→2026,2025,2026,61289,null,sin_actividad,null,0,0,null,0.001,null,0
1774,"BODEGAS VINIVAL, S.L.",2025→2026,2025,2026,61256,null,prod_ganado,null,20208,20208,null,25.26,null,800
8003,"OBLEAS QUINTIN, S.L.",2025→2026,2025,2026,4010050331,null,sin_actividad,null,0,0,null,0.025,null,0
10309,ASOCIACION PROVINCIAL DE APICULTORES DE ALBACETE,2025→2026,2025,2026,44310,null,sin_actividad,null,0,0,null,0.255,null,0
8003,"OBLEAS QUINTIN, S.L.",2025→2026,2025,2026,1100051321,null,sin_actividad,null,0,0,null,0.001,null,0
3084,ARTENAY BARS SAS,2025→2026,2025,2026,61298,null,prod_ganado,null,31155.84,31155.84,null,24.04,null,1296
902,"MEMBRILLO EL QUIJOTE, S.A.",2025→2026,2025,2026,61222,null,sin_actividad,null,0,0,null,0.001,null,0
10187,"SCHMIDLI, DOMINIQUE SEBASTIEN",2025→2026,2025,2026,62400,null,sin_actividad,null,0,0,null,0.015,null,0
10658,"AZELIS GREECE SINGLE MEMBER, S.A.",2025→2026,2025,2026,61303,null,sin_actividad,null,0,0,null,0.002,null,0
5521,"F. MORENO CANDIED FRUITS, S.L.",2025→2026,2025,2026,1110071320,null,prod_ganado,null,7034.3,7034.3,null,9.1,null,773
7326,"ACTIVA FOOD TECH, S.A.",2025→2026,2025,2026,2331065321,null,prod_ganado,null,345,345,null,0.102,null,3382.35
10190,"FOOD REBELS, S.L.",2025→2026,2025,2026,60105,null,sin_actividad,null,0,0,null,0.005,null,0
9849,MORALCO S.R.L.,2025→2026,2025,2026,2331065321,null,prod_ganado,null,1682.5,1682.5,null,0.525,null,3204.76
1826,"HERO ESPAÑA, S.A",2025→2026,2025,2026,99950,null,sin_actividad,null,0,0,null,0.002,null,0
3478,"APICOLA LA PARRA, S.L.U.",2025→2026,2025,2026,44314,null,prod_ganado,null,3255,3255,null,2.1,null,1550
523,"CORALIM INGREDIENTS, S.L.",2025→2026,2025,2026,60105,null,sin_actividad,null,0,0,null,0.001,null,0
9956,"NORDMANN, RASSMANN GMBH",2025→2026,2025,2026,1110066321,null,sin_actividad,null,0,0,null,0.01,null,0
10743,BLISS POINT S.L.,2025→2026,2025,2026,2331065321,null,sin_actividad,null,0,0,null,0.005,null,0
10044,"CREACIONES JUGAVI, S.L.",2025→2026,2025,2026,2331065321,null,sin_actividad,null,0,0,null,0.001,null,0
4383,"MANUFRI, S.L.",2025→2026,2025,2026,5205002011,null,sin_actividad,null,0,0,null,0.005,null,0
9823,"ADAM FOODS, S.L.U",2025→2026,2025,2026,99950,null,sin_actividad,null,0,0,null,0.002,null,0
10012,"HERMEN EUROPA, S.R.L.",2025→2026,2025,2026,99951,null,sin_actividad,null,0,0,null,0,null,null
450,"LA FLOR BURGALESA, S.L.",2025→2026,2025,2026,5101050031,null,prod_ganado,null,8800.6,8800.6,null,11.14,null,790
10662,"AIROS DELICATESSEN, S.L.",2025→2026,2025,2026,7230007131,null,sin_actividad,null,0,0,null,0.001,null,0
10754,"BODEGAS VEREDA REAL, S.L.",2025→2026,2025,2026,60010,null,sin_actividad,null,0,0,null,0.001,null,0
282,"PRODUCTOS LOZANO, S.L.",2025→2026,2025,2026,60105,null,prod_ganado,null,1800,1800,null,2.4,null,750
314,"PASDULCE, S.L.",2025→2026,2025,2026,5201050031,null,sin_actividad,null,0,0,null,0.05,null,0
7245,CHESTE AGRARIA COOP. V,2025→2026,2025,2026,60000,null,prod_ganado,null,9665.7,9665.7,null,19.14,null,505
6820,"GOLYDUL, S.L.",2025→2026,2025,2026,61303,null,prod_ganado,null,1946.4,1946.4,null,1.201,null,1620.65
9849,MORALCO S.R.L.,2025→2026,2025,2026,61321,null,prod_ganado,null,630,630,null,0.2,null,3150
7534,"A FACTORIA ECOLOXICA, S.L.",2025→2026,2025,2026,2331065321,null,prod_ganado,null,72.5,72.5,null,0.026,null,2788.46
10706,APITEC JERZY RUGALA,2025→2026,2025,2026,44313,null,prod_ganado,null,480,480,null,0.48,null,1000
2832,DULCES LA ABUELA COOP VNA,2025→2026,2025,2026,7300007131,null,prod_ganado,null,52200,52200,null,90,null,580
9157,"MAK FOOD COMPANY, S.L.",2025→2026,2025,2026,61326,null,prod_ganado,null,96542.79,96542.79,null,90.824,null,1062.97
516,"PAIARROP, S.L.",2025→2026,2025,2026,7800059261,null,prod_ganado,null,901.6,901.6,null,0.575,null,1568
1825,"LOPEZ MORENAS, S.L",2025→2026,2025,2026,61147,null,prod_ganado,null,196967.1,196967.1,null,351.1,null,561
499,"MELS CARLET, S.L.",2025→2026,2025,2026,61106,null,prod_ganado,null,15772.8,15772.8,null,25.44,null,620
4505,"FIESTA COLOMBINA, S.L.U.",2025→2026,2025,2026,7400002031,null,prod_ganado,null,15600,15600,null,24,null,650
1787,"DULCES DEL TURIA, S.L.",2025→2026,2025,2026,62401,null,sin_actividad,null,0,0,null,0.015,null,0
512,"SUGAR'S MAGIC, S.L.",2025→2026,2025,2026,5201050031,null,prod_ganado,null,6162,6162,null,11.85,null,520
1,"ZUKAN, S.L.U.",2025→2026,2025,2026,7230007131,null,sin_actividad,null,0,0,null,0.001,null,0
3647,"NAVARRO NAVARRO, FLORENTINO AGUSTIN",2025→2026,2025,2026,62035,null,prod_ganado,null,8625,8625,null,12.5,null,690
9157,"MAK FOOD COMPANY, S.L.",2025→2026,2025,2026,61330,null,prod_ganado,null,57453.76,57453.76,null,39.47,null,1455.63
10197,"LEHMANN FOOD INGREDIENTS, LTD",2025→2026,2025,2026,2331065321,null,sin_actividad,null,0,0,null,0.003,null,0
712,"CARAMELOS CERDAN, S.L.",2025→2026,2025,2026,2331065321,null,sin_actividad,null,0,0,null,0.001,null,0
430,"MONZO LUIS, S.L.",2025→2026,2025,2026,7300019071,null,prod_ganado,null,29040,29040,null,48.4,null,600
430,"MONZO LUIS, S.L.",2025→2026,2025,2026,5100050031,null,prod_ganado,null,1896,1896,null,2.4,null,790
10304,"ELABORADOS DIETETICOS, S.A.U.",2025→2026,2025,2026,2331065321,null,sin_actividad,null,0,0,null,0.001,null,0
485,"POSTRES LACTEOS ROMAR, S.L.",2025→2026,2025,2026,61289,null,sin_actividad,null,0,0,null,0.001,null,0
284,"PRODUCTOS CABEZAS RIVAS, S.C.A.",2025→2026,2025,2026,62400,null,sin_actividad,null,0,0,null,0.015,null,0
9609,"VAMINTER, S.L.",2025→2026,2025,2026,3010050341,null,prod_ganado,null,331.25,331.25,null,0.25,null,1325
7775,"RUNAKAY PLUS, S.L.",2025→2026,2025,2026,7300037021,null,prod_ganado,null,592,592,null,0.8,null,740
889,"ESPECIALIDADES DEL OBRADOR, S.L.",2025→2026,2025,2026,40103,null,prod_ganado,null,3630,3630,null,3,null,1210
10309,ASOCIACION PROVINCIAL DE APICULTORES DE ALBACETE,2025→2026,2025,2026,44313,null,sin_actividad,null,0,0,null,1.05,null,0
448,"ESGIR, S.L.",2025→2026,2025,2026,61289,null,prod_ganado,null,43,43,null,0.026,null,1653.85
8889,COOP. AGRICOLA DE VILLAR DEL ARZOBISPO,2025→2026,2025,2026,7300007131,null,prod_ganado,null,12760,12760,null,22,null,580
450,"LA FLOR BURGALESA, S.L.",2025→2026,2025,2026,61303,null,prod_ganado,null,5760,5760,null,3.6,null,1600
10698,"VIDA BRANDS FOOD, S.L.",2025→2026,2025,2026,2331065321,null,sin_actividad,null,0,0,null,0.001,null,0
3156,"FINI GOLOSINAS ESPAÑA, S.L.U.",2025→2026,2025,2026,60105,null,prod_ganado,null,1076.4,1076.4,null,1.205,null,893.28
7912,"HUELLA ECOLOGICA, S.L.",2025→2026,2025,2026,5201054011,null,sin_actividad,null,0,0,null,0.001,null,0
448,"ESGIR, S.L.",2025→2026,2025,2026,2331065321,null,prod_ganado,null,140,140,null,0.051,null,2745.1
8372,"IFF MURCIA NATURAL INGREDIENTS, SAU",2025→2026,2025,2026,5201050031,null,sin_actividad,null,0,0,null,0.001,null,0
1437,"CEREALTO AGUILAR, S.L.",2025→2026,2025,2026,61200,null,prod_ganado,null,7560,7560,null,4.804,null,1573.69
396,"AGROTRANSFORMADOS, S.A.",2025→2026,2025,2026,61208,null,prod_ganado,null,85937.22,85937.22,null,74.02,null,1161
10775,"CEREALTO VB1, S.L.U.",2025→2026,2025,2026,65016,null,sin_actividad,null,0,0,null,0,null,null
9194,"HELADOS JOP, S.L.",2025→2026,2025,2026,1210002031,null,prod_ganado,null,1548,1548,null,1.2,null,1290
6449,"PRODEL AGRICOLA, S.L.",2025→2026,2025,2026,62001,null,prod_ganado,null,714,714,null,0.84,null,850
436,"TURRONES JOSE GARRIGOS, S.A.",2025→2026,2025,2026,1210002031,null,prod_ganado,null,2376,2376,null,2.4,null,990
297,"TARBAL FOOD, S.L.",2025→2026,2025,2026,7300037021,null,prod_ganado,null,5941.38,5941.38,null,7.975,null,745
1023,"TORRONS VICENS, S.L.",2025→2026,2025,2026,1210054031,null,prod_ganado,null,1620,1620,null,1.2,null,1350
1,"ZUKAN, S.L.U.",2025→2026,2025,2026,7250069391,null,sin_actividad,null,0,0,null,0.001,null,0
10599,"WACKER LEON, S.L.U.",2025→2026,2025,2026,7300037021,null,prod_ganado,null,940,940,null,1.175,null,800
10519,"EPSA ADITIVOS ALIMENTARIOS, S.L.",2025→2026,2025,2026,5101054011,null,prod_ganado,null,816,816,null,1.2,null,680
6251,"MIX PAK SYSTEM, S.L.",2025→2026,2025,2026,7800059261,null,sin_actividad,null,0,0,null,0.001,null,0
10658,"AZELIS GREECE SINGLE MEMBER, S.A.",2025→2026,2025,2026,2331065321,null,sin_actividad,null,0,0,null,0.003,null,0
10645,ASTERISCOS E RETICENCIAS S.A.,2025→2026,2025,2026,60208,null,prod_ganado,null,17460.3,17460.3,null,24.05,null,726
10197,"LEHMANN FOOD INGREDIENTS, LTD",2025→2026,2025,2026,61303,null,sin_actividad,null,0,0,null,0.001,null,0
353,"QUALITY SPICES, S.L.",2025→2026,2025,2026,7230007131,null,sin_actividad,null,0,0,null,0.001,null,0
9811,"IDEAGRO, S.L.",2025→2026,2025,2026,65005,null,prod_ganado,null,15.75,15.75,null,0.015,null,1050
1845,"NATURAL D' MEZCLAS, S.L.",2025→2026,2025,2026,60105,null,sin_actividad,null,0,0,null,0.005,null,0
7817,GENERAL MILLS,2025→2026,2025,2026,60105,null,sin_actividad,null,0,0,null,0.001,null,0
10794,BIEMME SRL,2025→2026,2025,2026,61289,null,prod_ganado,null,700,700,null,0.4,null,1750
303,"J.R. SABATER, S.A.",2025→2026,2025,2026,4000050331,null,prod_ganado,null,20000,20000,null,25,null,800
463,"REY ALIMENTACION, S.L.",2025→2026,2025,2026,61289,null,sin_actividad,null,0,0,null,0.001,null,0
265,"BLENDHUB, S.L",2025→2026,2025,2026,7500003011,null,prod_ganado,null,10168.8,10168.8,null,15.2,null,669
9609,"VAMINTER, S.L.",2025→2026,2025,2026,1110066321,null,prod_ganado,null,2808,2808,null,2.6,null,1080
10743,BLISS POINT S.L.,2025→2026,2025,2026,61260,null,sin_actividad,null,0,0,null,0.01,null,0
9410,"NORDMANN, RASSMANN POLSKA SP. Z O.O.",2025→2026,2025,2026,61200,null,sin_actividad,null,0,0,null,0.001,null,0
7956,"STOCKMEIER QUIMICA, SLU",2025→2026,2025,2026,3010050341,null,prod_ganado,null,60537.5,60537.5,null,58.75,null,1030.43
4002,"ABB MJ FERNANDEZ ARANDA, S.L.",2025→2026,2025,2026,1110071320,null,prod_ganado,null,936,936,null,1.3,null,720
237,"DULCES SANTA CRUZ, S.L.",2025→2026,2025,2026,1110073320,null,prod_ganado,null,3224,3224,null,2.6,null,1240
10808,"ARTTPA, S.L.",2025→2026,2025,2026,2331065321,null,sin_actividad,null,0,0,null,0.001,null,0
9792,OROSKER KFT.,2025→2026,2025,2026,44314,null,prod_ganado,null,1627.5,1627.5,null,1.052,null,1547.05
546,"E.MORENO, S.L.",2025→2026,2025,2026,2331065321,null,sin_actividad,null,0,0,null,0.001,null,0
10519,"EPSA ADITIVOS ALIMENTARIOS, S.L.",2025→2026,2025,2026,60105,null,prod_ganado,null,1938,1938,null,2.4,null,807.5
1826,"HERO ESPAÑA, S.A",2025→2026,2025,2026,61329,null,prod_ganado,null,1687.5,1687.5,null,1.35,null,1250
566,"ALMACENES MIGUEZ 2005,S.L.",2025→2026,2025,2026,44341,null,prod_ganado,null,153,153,null,0.306,null,500
10519,"EPSA ADITIVOS ALIMENTARIOS, S.L.",2025→2026,2025,2026,65005,null,prod_ganado,null,867.75,867.75,null,0.975,null,890
10079,"APIGLASS ENVASES Y MATERIAL APICOLA, S.L.U.",2025→2026,2025,2026,62022,null,prod_ganado,null,336,336,null,0.42,null,800
5454,"ALIMENTACION Y NUTRICION FAMILIAR, S.L.",2025→2026,2025,2026,61298,null,sin_actividad,null,0,0,null,0.002,null,0
769,"ANGEL CAMACHO ALIMENTACION, S.L.",2025→2026,2025,2026,61325,null,prod_ganado,null,6791.3,6791.3,null,6.01,null,1130
10623,DAAN'S HONING,2025→2026,2025,2026,62001,null,prod_ganado,null,714,714,null,0.84,null,850
10834,"JOINT CELLARS, S.L.",2025→2026,2025,2026,60010,null,prod_ganado,null,15850.08,15850.08,null,24.46,null,648
7708,"MARTIN BERNAL, LAURA",2025→2026,2025,2026,65030,null,prod_ganado,null,396,396,null,0.72,null,550
10265,"OFFSETSAN, LTD",2025→2026,2025,2026,44315,null,prod_ganado,null,1134,1134,null,0.84,null,1350
10754,"BODEGAS VEREDA REAL, S.L.",2025→2026,2025,2026,60000,null,sin_actividad,null,0,0,null,0.001,null,0
7921,"GRANIZADOS MARESME, S.L.",2025→2026,2025,2026,61200,null,sin_actividad,null,0,0,null,0.001,null,0
10600,GONZALO RIOS S.L.,2025→2026,2025,2026,2331065321,null,prod_ganado,null,2362.5,2362.5,null,0.8,null,2953.12
4709,"TURRONES PICO, S.A.",2025→2026,2025,2026,61289,null,prod_ganado,null,70,70,null,0.04,null,1750
10491,MIGADI MONOPROSOPI IKE,2025→2026,2025,2026,44315,null,sin_actividad,null,0,0,null,0.014,null,0
9956,"NORDMANN, RASSMANN GMBH",2025→2026,2025,2026,2331065321,null,sin_actividad,null,0,0,null,0.001,null,0
10706,APITEC JERZY RUGALA,2025→2026,2025,2026,44314,null,prod_ganado,null,232.5,232.5,null,0.15,null,1550
1513,"AGROBIO, S.L.",2025→2026,2025,2026,44313,null,prod_ganado,null,1155,1155,null,1.05,null,1100
1284,"FRUTAS Y TURRONES, S.A.",2025→2026,2025,2026,60119,null,prod_ganado,null,974.4,974.4,null,1.2,null,812
4002,"ABB MJ FERNANDEZ ARANDA, S.L.",2025→2026,2025,2026,40103,null,prod_ganado,null,1980,1980,null,2,null,990
2037,"INDUSTRIAS ESPADAFOR, S.A",2025→2026,2025,2026,60136,null,sin_actividad,null,0,0,null,0.002,null,0
531,"DESARROLLOS PANADEROS LEVANTINOS, S.L.L.",2025→2026,2025,2026,7500003011,null,prod_ganado,null,544,544,null,0.8,null,680
4369,"LA TIENDA DEL APICULTOR, S.L.U.",2025→2026,2025,2026,44343,null,prod_ganado,null,2025,2025,null,0.81,null,2500
198,"JOSE SANDOVAL, S.L.U.",2025→2026,2025,2026,62070,null,prod_ganado,null,1384.8,1384.8,null,6.924,null,200
10754,"BODEGAS VEREDA REAL, S.L.",2025→2026,2025,2026,60136,null,sin_actividad,null,0,0,null,0.001,null,0
10767,"EXPLOTACIONES HERMANOS DELGADO, S.L.",2025→2026,2025,2026,60123,null,sin_actividad,null,0,0,null,0.001,null,0
9157,"MAK FOOD COMPANY, S.L.",2025→2026,2025,2026,61289,null,sin_actividad,null,0,0,null,0.004,null,0
10542,"CINCO TENEDORES, S.L.",2025→2026,2025,2026,7500003011,null,prod_ganado,null,560,560,null,0.8,null,700
440,"MAZAPANES Y DULCES DE TOLEDO, S.A.",2025→2026,2025,2026,1210002031,null,prod_ganado,null,1764,1764,null,1.2,null,1470
1773,"SOLUBLES INSTANTANEOS, S.L.",2025→2026,2025,2026,65005,null,prod_ganado,null,965.25,965.25,null,0.975,null,990
8175,"MENUDOS DUENDES, S.L.",2025→2026,2025,2026,5205002011,null,prod_ganado,null,64.5,64.5,null,0.05,null,1290
10777,APILINE S.R.L.,2025→2026,2025,2026,44313,null,prod_ganado,null,30555,30555,null,29.4,null,1039.29
933,"DULCESTEPA, S.A.",2025→2026,2025,2026,7300004011,null,prod_ganado,null,40700,40700,null,74,null,550
517,"DUPAN, S.L.",2025→2026,2025,2026,7500004011,null,prod_ganado,null,10836,10836,null,16.8,null,645
7867,"SINBLAT ALIMENTACION SALUDABLE, S.L.",2025→2026,2025,2026,7300037021,null,prod_ganado,null,13998.4,13998.4,null,20.8,null,673
10694,ARCHROMA IBERICA S.L.,2025→2026,2025,2026,3010050341,null,sin_actividad,null,0,0,null,0.001,null,0
10819,INFINITE CHOICE LDA.,2025→2026,2025,2026,3010050341,null,prod_ganado,null,1555,1555,null,1.25,null,1244
10743,BLISS POINT S.L.,2025→2026,2025,2026,61200,null,prod_ganado,null,43200,43200,null,21.6,null,2000
448,"ESGIR, S.L.",2025→2026,2025,2026,1100051321,null,prod_ganado,null,22379.5,22379.5,null,15.65,null,1430
10706,APITEC JERZY RUGALA,2025→2026,2025,2026,44315,null,prod_ganado,null,875,875,null,0.7,null,1250
10657,"GASCON VERMUYTEN, S.L.",2025→2026,2025,2026,1210054031,null,prod_ganado,null,18786.6,18786.6,null,17.1,null,1098.63
3699,"GONZALEZ CARBALLAL, S.L.",2025→2026,2025,2026,62022,null,sin_actividad,null,0,0,null,0.01,null,0
265,"BLENDHUB, S.L",2025→2026,2025,2026,7300037021,null,prod_ganado,null,1078.4,1078.4,null,1.6,null,674
1304,"EMPRESA DE TRANSFORMACIÓN AGRARIA, S.A., S.M.E., M.P (TRAGSA)",2025→2026,2025,2026,7500003011,null,prod_ganado,null,3456,3456,null,4.8,null,720
450,"LA FLOR BURGALESA, S.L.",2025→2026,2025,2026,60105,null,sin_actividad,null,0,0,null,0.005,null,0
1386,"SCENTIUM FLAVOURS, S.L",2025→2026,2025,2026,60000,null,sin_actividad,null,0,0,null,0.001,null,0
8462,"CAPEL VINOS, S.A.",2025→2026,2025,2026,5104050031,null,prod_ganado,null,26880.12,26880.12,null,49.778,null,540
9157,"MAK FOOD COMPANY, S.L.",2025→2026,2025,2026,61282,null,prod_ganado,null,2450,2450,null,2.45,null,1000
546,"E.MORENO, S.L.",2025→2026,2025,2026,7300004011,null,prod_ganado,null,92400,92400,null,168,null,550
2824,"MAINGLAS, S.L.",2025→2026,2025,2026,5101002011,null,prod_ganado,null,6497.7,6497.7,null,12.1,null,537
4709,"TURRONES PICO, S.A.",2025→2026,2025,2026,2331065321,null,prod_ganado,null,77.5,77.5,null,0.026,null,2980.77
10660,HIVEIQ PTY LTD,2025→2026,2025,2026,44357,null,prod_ganado,null,27300,27300,null,21,null,1300
614,"MANUFACTURAS TABERNER,S.A.",2025→2026,2025,2026,65005,null,sin_actividad,null,0,0,null,0.001,null,0
7440,"LOPEZ FOOD GROUP, S.L.",2025→2026,2025,2026,61200,null,sin_actividad,null,0,0,null,0.001,null,0
321,"PRODUCTOS PEPITO, S.L.U.",2025→2026,2025,2026,7600010031,null,prod_ganado,null,2550,2550,null,3,null,850
7936,"FABRICA JAEN, S.L.U.",2025→2026,2025,2026,61303,null,sin_actividad,null,0,0,null,0.001,null,0
10681,TFT FOOD S.L.,2025→2026,2025,2026,61260,null,prod_ganado,null,7,7,null,0.006,null,1166.67
485,"POSTRES LACTEOS ROMAR, S.L.",2025→2026,2025,2026,2331065321,null,sin_actividad,null,0,0,null,0.001,null,0
9183,"VIVER KOMBUCHA, S.L.",2025→2026,2025,2026,60003,null,sin_actividad,null,0,0,null,0.001,null,0
6235,"ATRILE 21, S.L.",2025→2026,2025,2026,7230007131,null,sin_actividad,null,0,0,null,0.001,null,0
445,"PASTELERIA ARROYO SANCHEZ, S.L.U.",2025→2026,2025,2026,1110071320,null,prod_ganado,null,23621,23621,null,29.9,null,790
561,"JOSE MIGUEL POVEDA, S.A.",2025→2026,2025,2026,7300037021,null,prod_ganado,null,1152,1152,null,1.6,null,720
2722,"BUDENHEIM IBERICA, S.L.U.",2025→2026,2025,2026,65015,null,prod_ganado,null,12.3,12.3,null,0.015,null,820
7115,"RIVERBEND ESPAÑA, S.A",2025→2026,2025,2026,7401002031,null,prod_ganado,null,5544,5544,null,8.4,null,660
8344,"PA DE MEL, S.L.",2025→2026,2025,2026,61200,null,sin_actividad,null,0,0,null,0.001,null,0
1396,"BARCELONESA DE DROG. Y PRODUCT. QUIMICOS, S.A.",2025→2026,2025,2026,4010050331,null,prod_ganado,null,36729,36729,null,46.225,null,794.57
3478,"APICOLA LA PARRA, S.L.U.",2025→2026,2025,2026,61177,null,sin_actividad,null,0,0,null,0.001,null,0
2873,"FRUTOS SECOS AURO, S.L.",2025→2026,2025,2026,60105,null,sin_actividad,null,0,0,null,0.056,null,0
10354,GENERAL MILLS INTERNATIONAL SARL,2025→2026,2025,2026,99950,null,sin_actividad,null,0,0,null,0.001,null,0
2763,"HERMANOS ROMAN ALAMINOS, S.L.",2025→2026,2025,2026,7300007131,null,prod_ganado,null,41400,41400,null,60,null,690
10626,ALBERTA HONEY PRODUCERS CO-OPERATIVE LTD.,2025→2026,2025,2026,44315,null,prod_ganado,null,2688,2688,null,1.68,null,1600
10309,ASOCIACION PROVINCIAL DE APICULTORES DE ALBACETE,2025→2026,2025,2026,62001,null,sin_actividad,null,0,0,null,0.31,null,0
2112,"LACASA, S.A.U.",2025→2026,2025,2026,61303,null,sin_actividad,null,0,0,null,0.006,null,0
3144,"DALLANT, S.A.",2025→2026,2025,2026,60000,null,sin_actividad,null,0,0,null,0.007,null,0
1661,"DELAVIUDA ALIMENTACION, S.A",2025→2026,2025,2026,5205002011,null,prod_ganado,null,6167.2,6167.2,null,11.86,null,520
10610,"EL PASTORET DE LA SEGARRA, S.L.",2025→2026,2025,2026,2331065321,null,sin_actividad,null,0,0,null,0.001,null,0
405,"CHOVI, S.L.",2025→2026,2025,2026,7300037021,null,prod_ganado,null,10160,10160,null,16,null,635
2873,"FRUTOS SECOS AURO, S.L.",2025→2026,2025,2026,7500003011,null,prod_ganado,null,5960,5960,null,8,null,745
10491,MIGADI MONOPROSOPI IKE,2025→2026,2025,2026,62001,null,sin_actividad,null,0,0,null,0.01,null,0
9956,"NORDMANN, RASSMANN GMBH",2025→2026,2025,2026,1110071320,null,sin_actividad,null,0,0,null,0.004,null,0
2975,"ARTUKOLUKE, S.L.",2025→2026,2025,2026,62001,null,prod_ganado,null,2856,2856,null,3.36,null,850
2103,"JOSEFA ESTELLES MAYOR, S.L.",2025→2026,2025,2026,4010050331,null,sin_actividad,null,0,0,null,0.002,null,0
466,"DULCES LA PONDEROSA, S.L.",2025→2026,2025,2026,7300004011,null,prod_ganado,null,28320,28320,null,48,null,590
4203,SARL API-CULTURE,2025→2026,2025,2026,44310,null,prod_ganado,null,22950,22950,null,22.95,null,1000
10578,APITRADE LTD,2025→2026,2025,2026,44315,null,prod_ganado,null,1134,1134,null,0.84,null,1350
10197,"LEHMANN FOOD INGREDIENTS, LTD",2025→2026,2025,2026,61287,null,sin_actividad,null,0,0,null,0.001,null,0
424,"PRODUCTOS MARITOÑI, S.L.",2025→2026,2025,2026,61289,null,sin_actividad,null,0,0,null,0.001,null,0
2722,"BUDENHEIM IBERICA, S.L.U.",2025→2026,2025,2026,7300037021,null,prod_ganado,null,584,584,null,0.8,null,730
2832,DULCES LA ABUELA COOP VNA,2025→2026,2025,2026,40103,null,prod_ganado,null,2300,2300,null,2,null,1150
4030,"ATO FERNANDEZ, ALBERTO JOAQUIN",2025→2026,2025,2026,5101050031,null,sin_actividad,null,0,0,null,0.001,null,0
8480,"FLORGALA, S.L.",2025→2026,2025,2026,5101054011,null,prod_ganado,null,972,972,null,1.2,null,810
448,"ESGIR, S.L.",2025→2026,2025,2026,61298,null,sin_actividad,null,0,0,null,0.001,null,0
9453,"COMERCIAL ALPAMATIAN, S.L.",2025→2026,2025,2026,5101054011,null,prod_ganado,null,1085.8,1085.8,null,1.22,null,890
10777,APILINE S.R.L.,2025→2026,2025,2026,62028,null,prod_ganado,null,960,960,null,1.2,null,800
546,"E.MORENO, S.L.",2025→2026,2025,2026,61289,null,sin_actividad,null,0,0,null,0.001,null,0
10675,FRULACT SWITZERLAND AG,2025→2026,2025,2026,61303,null,sin_actividad,null,0,0,null,0.002,null,0
6151,"FRULACT, S.A.",2025→2026,2025,2026,61321,null,prod_ganado,null,109.2,109.2,null,0.081,null,1348.15
6899,"HNOS. NAVARRO AYORA, S.L.",2025→2026,2025,2026,99958,null,sin_actividad,null,0,0,null,0.1,null,0
484,"PRODUCTOS LA PILARICA, S.A.",2025→2026,2025,2026,7600010012,null,sin_actividad,null,0,0,null,0,null,null
481,"EL CATETO, S.L.",2025→2026,2025,2026,43055,null,prod_ganado,null,15048,15048,null,12.54,null,1200
385,"BIOMIP BIOLOGICAL QUALITY, S.L.",2025→2026,2025,2026,62007,null,prod_ganado,null,2088,2088,null,3.605,null,579.2
10623,DAAN'S HONING,2025→2026,2025,2026,44313,null,prod_ganado,null,577.5,577.5,null,0.525,null,1100
284,"PRODUCTOS CABEZAS RIVAS, S.C.A.",2025→2026,2025,2026,62401,null,sin_actividad,null,0,0,null,0.015,null,0
6467,"CATALINA FOOD SOLUTIONS, S.L.",2025→2026,2025,2026,3010050341,null,prod_ganado,null,31.25,31.25,null,0.025,null,1250
3861,"DIEGO PEREZ RIQUELME E HIJOS, S.L.",2025→2026,2025,2026,65015,null,prod_ganado,null,767.33,767.33,null,0.975,null,787.01
1661,"DELAVIUDA ALIMENTACION, S.A",2025→2026,2025,2026,2331065321,null,prod_ganado,null,446.25,446.25,null,0.15,null,2975
1787,"DULCES DEL TURIA, S.L.",2025→2026,2025,2026,7500003011,null,prod_ganado,null,4896,4896,null,7.2,null,680
10805,F CHOICE P.C.,2025→2026,2025,2026,61200,null,sin_actividad,null,0,0,null,0.001,null,0
1825,"LOPEZ MORENAS, S.L",2025→2026,2025,2026,60019,null,prod_ganado,null,510575.96,510575.96,null,1038.561,null,491.62
9664,"JGH SOLUCIONES LOGISTICAS, S.L.",2025→2026,2025,2026,61298,null,sin_actividad,null,0,0,null,0,null,null
3478,"APICOLA LA PARRA, S.L.U.",2025→2026,2025,2026,44335,null,prod_ganado,null,1350,1350,null,1,null,1350
484,"PRODUCTOS LA PILARICA, S.A.",2025→2026,2025,2026,7600010031,null,prod_ganado,null,4676.5,4676.5,null,3.98,null,1175
445,"PASTELERIA ARROYO SANCHEZ, S.L.U.",2025→2026,2025,2026,5101002011,null,prod_ganado,null,5529.2,5529.2,null,12.02,null,460
6603,"INDUSTRIAS ALIMENTICIAS SUFLI, S.L.",2025→2026,2025,2026,40103,null,prod_ganado,null,1246,1246,null,1,null,1246
6147,"ANDALUZA DE MIELES, S.L.",2025→2026,2025,2026,44131,null,sin_actividad,null,0,0,null,0.002,null,0
10190,"FOOD REBELS, S.L.",2025→2026,2025,2026,7300005081,null,sin_actividad,null,0,0,null,0,null,null
1908,"JAKE, S.A.",2025→2026,2025,2026,60105,null,prod_ganado,null,836.4,836.4,null,1.2,null,697
1513,"AGROBIO, S.L.",2025→2026,2025,2026,7300037021,null,prod_ganado,null,592,592,null,0.8,null,740
555,"FORTADUL, S.L.",2025→2026,2025,2026,7300004011,null,prod_ganado,null,49980,49980,null,84,null,595
2057,"BACK EUROP ESPAÑA, S.L",2025→2026,2025,2026,5205002011,null,prod_ganado,null,4927.5,4927.5,null,3.65,null,1350
10791,"CHOCOLATES & NUTS, S.L.",2025→2026,2025,2026,5101002011,null,sin_actividad,null,0,0,null,0,null,null
10519,"EPSA ADITIVOS ALIMENTARIOS, S.L.",2025→2026,2025,2026,62150,null,prod_ganado,null,38650.45,38650.45,null,47.57,null,812.5
7987,"MATOS INDUSTRIA E COMERCIO ALIMENTAR, LDA",2025→2026,2025,2026,2210037021,null,prod_ganado,null,961.2,961.2,null,1.08,null,890
2007,"PAREDES CEREZO, MIGUEL ANGEL",2025→2026,2025,2026,5201002011,null,prod_ganado,null,12643.56,12643.56,null,24.84,null,509
9535,"COMPAÑIA CERVECERA DAMM, S.L.",2025→2026,2025,2026,7300007131,null,prod_ganado,null,401050,401050,null,650,null,617
3478,"APICOLA LA PARRA, S.L.U.",2025→2026,2025,2026,5100050031,null,sin_actividad,null,0,0,null,0.001,null,0
7476,GOBIOTICS BV,2025→2026,2025,2026,2331065321,null,sin_actividad,null,0,0,null,0.001,null,0
10046,"SEÑORIO DEL JUCAR, S.L.",2025→2026,2025,2026,61256,null,prod_ganado,null,19184,19184,null,23.98,null,800
7817,GENERAL MILLS,2025→2026,2025,2026,62070,null,sin_actividad,null,0,0,null,0.001,null,0
6734,"COLONIALES EL SOL, S.L.",2025→2026,2025,2026,7300037021,null,prod_ganado,null,3344,3344,null,4.8,null,696.67
566,"ALMACENES MIGUEZ 2005,S.L.",2025→2026,2025,2026,44329,null,prod_ganado,null,3990,3990,null,4.2,null,950
8260,OBRADOR HERMANOS HIGON S.L.U.,2025→2026,2025,2026,2340072321,null,sin_actividad,null,0,0,null,0.001,null,0
2679,"REINA KILAMA, SDAD. COOP.",2025→2026,2025,2026,44315,null,prod_ganado,null,1848,1848,null,1.68,null,1100
8350,"MIGA FOODS COMMERCE, S.L.",2025→2026,2025,2026,1210054031,null,prod_ganado,null,18.9,18.9,null,0.015,null,1260
5892,"DISTRIBUCIONES BOLLFROST, S.L.",2025→2026,2025,2026,60136,null,prod_ganado,null,1521,1521,null,2.34,null,650
7440,"LOPEZ FOOD GROUP, S.L.",2025→2026,2025,2026,5101050031,null,prod_ganado,null,17031.6,17031.6,null,22.8,null,747
265,"BLENDHUB, S.L",2025→2026,2025,2026,65005,null,prod_ganado,null,3069.3,3069.3,null,3.9,null,787
10706,APITEC JERZY RUGALA,2025→2026,2025,2026,62032,null,sin_actividad,null,0,0,null,0.035,null,0
2832,DULCES LA ABUELA COOP VNA,2025→2026,2025,2026,60136,null,sin_actividad,null,0,0,null,0.02,null,0
198,"JOSE SANDOVAL, S.L.U.",2025→2026,2025,2026,61292,null,prod_ganado,null,732,732,null,3.66,null,200
10786,"DIBAQ DIPROTEG, S.A.",2025→2026,2025,2026,4000050331,null,sin_actividad,null,0,0,null,0.001,null,0
9576,TRINOVA AG,2025→2026,2025,2026,61321,null,prod_ganado,null,20160,20160,null,7.2,null,2800
448,"ESGIR, S.L.",2025→2026,2025,2026,61303,null,sin_actividad,null,0,0,null,0.001,null,0
1117,COMERCIAL RUIZ ARRIBAS S. XXI. S.L.,2025→2026,2025,2026,7500003011,null,prod_ganado,null,544,544,null,0.8,null,680
8247,"ALLJUICEMED, S.L.",2025→2026,2025,2026,64109,null,prod_ganado,null,68935.94,68935.94,null,100.545,null,685.62
246,"CAMPO BETICA, S.L.",2025→2026,2025,2026,61289,null,sin_actividad,null,0,0,null,0.001,null,0
609,"ALBORCHATA,S.L.",2025→2026,2025,2026,7800059261,null,prod_ganado,null,2740,2740,null,2,null,1370
448,"ESGIR, S.L.",2025→2026,2025,2026,7300007131,null,prod_ganado,null,3900,3900,null,6,null,650
9683,SCHWARTAUER WERKE GMBH & CO. KG,2025→2026,2025,2026,99950,null,sin_actividad,null,0,0,null,0.002,null,0
2684,"INDUSTRIAS JIJONENCAS, S.A.",2025→2026,2025,2026,4000050331,null,prod_ganado,null,11407.5,11407.5,null,13.5,null,845
10381,PRINOVA EUROPE LTD,2025→2026,2025,2026,2331065321,null,sin_actividad,null,0,0,null,0.003,null,0
9683,SCHWARTAUER WERKE GMBH & CO. KG,2025→2026,2025,2026,61289,null,sin_actividad,null,0,0,null,0.002,null,0
8095,"WILD FERMENT, S.L.",2025→2026,2025,2026,7800059261,null,prod_ganado,null,1390,1390,null,1,null,1390
9157,"MAK FOOD COMPANY, S.L.",2025→2026,2025,2026,61323,null,prod_ganado,null,754681.12,754681.12,null,582.7,null,1295.15
10777,APILINE S.R.L.,2025→2026,2025,2026,44310,null,prod_ganado,null,111887.4,111887.4,null,127.83,null,875.28
6251,"MIX PAK SYSTEM, S.L.",2025→2026,2025,2026,61289,null,sin_actividad,null,0,0,null,0.002,null,0
9868,"NORDMANN, RASSMANN HANDELSGES.M.B.H",2025→2026,2025,2026,2331065321,null,sin_actividad,null,0,0,null,0.001,null,0
10190,"FOOD REBELS, S.L.",2025→2026,2025,2026,5101054011,null,sin_actividad,null,0,0,null,0.005,null,0
1117,COMERCIAL RUIZ ARRIBAS S. XXI. S.L.,2025→2026,2025,2026,7300037021,null,prod_ganado,null,544,544,null,0.8,null,680
10259,"NUTRIS, WE CARE ABOUT YOU, S.L.",2025→2026,2025,2026,1210002031,null,prod_ganado,null,21784.95,21784.95,null,12.15,null,1793
8668,FERDINAND KREUTZER SABAMÜHLE GMBH,2025→2026,2025,2026,60136,null,sin_actividad,null,0,0,null,0.002,null,0
1661,"DELAVIUDA ALIMENTACION, S.A",2025→2026,2025,2026,2210037021,null,sin_actividad,null,0,0,null,0.001,null,0
9849,MORALCO S.R.L.,2025→2026,2025,2026,2340065321,null,prod_ganado,null,95,95,null,0.025,null,3800
1328,"3A BIOTECH, S.L.",2025→2026,2025,2026,7400048311,null,sin_actividad,null,0,0,null,0.05,null,0
10767,"EXPLOTACIONES HERMANOS DELGADO, S.L.",2025→2026,2025,2026,60003,null,sin_actividad,null,0,0,null,0.001,null,0
282,"PRODUCTOS LOZANO, S.L.",2025→2026,2025,2026,5100050031,null,prod_ganado,null,1380,1380,null,1.2,null,1150
5454,"ALIMENTACION Y NUTRICION FAMILIAR, S.L.",2025→2026,2025,2026,7300037021,null,prod_ganado,null,3312,3312,null,4.8,null,690
10681,TFT FOOD S.L.,2025→2026,2025,2026,61200,null,sin_actividad,null,0,0,null,0.008,null,0
10818,"NEOINGREDIENTES - MATERIAS PRIMAS ALIMENTARES, LDA",2025→2026,2025,2026,5101050031,null,sin_actividad,null,0,0,null,0.001,null,0
8350,"MIGA FOODS COMMERCE, S.L.",2025→2026,2025,2026,61298,null,sin_actividad,null,0,0,null,0.001,null,0
430,"MONZO LUIS, S.L.",2025→2026,2025,2026,1110066321,null,prod_ganado,null,3685.5,3685.5,null,3.9,null,945
10190,"FOOD REBELS, S.L.",2025→2026,2025,2026,5101002011,null,sin_actividad,null,0,0,null,0.01,null,0
7897,"MANDIC OUTMILL MS4, S.L.",2025→2026,2025,2026,99958,null,sin_actividad,null,0,0,null,0.2,null,0
2684,"INDUSTRIAS JIJONENCAS, S.A.",2025→2026,2025,2026,5101050031,null,prod_ganado,null,11876.62,11876.62,null,24.238,null,490
9157,"MAK FOOD COMPANY, S.L.",2025→2026,2025,2026,3100063381,null,sin_actividad,null,0,0,null,0.001,null,0
9410,"NORDMANN, RASSMANN POLSKA SP. Z O.O.",2025→2026,2025,2026,61303,null,sin_actividad,null,0,0,null,0.003,null,0
10658,"AZELIS GREECE SINGLE MEMBER, S.A.",2025→2026,2025,2026,61298,null,prod_ganado,null,5316.5,5316.5,null,3.432,null,1549.1
10276,"OLYRA GREEK NUTRITION PRODUCTS SINGLE MEMBER, S.A.",2025→2026,2025,2026,61321,null,prod_ganado,null,74716.8,74716.8,null,27.52,null,2715
7022,"FRUTOS SECOS EMPERADOR, S.L.",2025→2026,2025,2026,7500003011,null,prod_ganado,null,1620,1620,null,2.4,null,675
424,"PRODUCTOS MARITOÑI, S.L.",2025→2026,2025,2026,1110073320,null,sin_actividad,null,0,0,null,0.001,null,0
10304,"ELABORADOS DIETETICOS, S.A.U.",2025→2026,2025,2026,1110073320,null,sin_actividad,null,0,0,null,0.001,null,0
478,"MORENO RUIZ HERMANOS, S.L.",2025→2026,2025,2026,1110071320,null,sin_actividad,null,0,0,null,0.001,null,0
1253,"HORCHATA EL COSECHERO, S.L.",2025→2026,2025,2026,7300037021,null,prod_ganado,null,1152,1152,null,1.6,null,720
265,"BLENDHUB, S.L",2025→2026,2025,2026,3010050341,null,prod_ganado,null,141,141,null,0.1,null,1410
7115,"RIVERBEND ESPAÑA, S.A",2025→2026,2025,2026,7800059261,null,prod_ganado,null,7000,7000,null,5,null,1400
9833,DONNY G APICOLE SRL,2025→2026,2025,2026,62032,null,prod_ganado,null,722.4,722.4,null,0.86,null,840
712,"CARAMELOS CERDAN, S.L.",2025→2026,2025,2026,61289,null,sin_actividad,null,0,0,null,0.001,null,0
9816,AGRO APICULTURA,2025→2026,2025,2026,44353,null,prod_ganado,null,35700,35700,null,35.7,null,1000
7874,"SUGAR GLOBAL TRADING, S.L.",2025→2026,2025,2026,7300005081,null,prod_ganado,null,914239.1,914239.1,null,1244.1,null,734.86
10660,HIVEIQ PTY LTD,2025→2026,2025,2026,44356,null,prod_ganado,null,24675.84,24675.84,null,23.5008,null,1050
10767,"EXPLOTACIONES HERMANOS DELGADO, S.L.",2025→2026,2025,2026,7800059261,null,sin_actividad,null,0,0,null,0.001,null,0
902,"MEMBRILLO EL QUIJOTE, S.A.",2025→2026,2025,2026,2331065321,null,sin_actividad,null,0,0,null,0.001,null,0
1325,"HIDA ALIMENTACION , S.A.",2025→2026,2025,2026,7230007131,null,prod_ganado,null,43240,43240,null,47.001,null,919.98
10666,"AURORA VEIL, S.L.",2025→2026,2025,2026,7500003011,null,prod_ganado,null,3240,3240,null,4.8,null,675
237,"DULCES SANTA CRUZ, S.L.",2025→2026,2025,2026,1110066321,null,prod_ganado,null,1612,1612,null,1.3,null,1240
3861,"DIEGO PEREZ RIQUELME E HIJOS, S.L.",2025→2026,2025,2026,7500003011,null,prod_ganado,null,1152,1152,null,1.6,null,720
2473,"TORRE ORIA, S.L.U.",2025→2026,2025,2026,7300037021,null,prod_ganado,null,30690,30690,null,46.5,null,660
9520,"GOLOSINAS MININOLAS, S.L.U.",2025→2026,2025,2026,1210054031,null,sin_actividad,null,0,0,null,0.006,null,0
9157,"MAK FOOD COMPANY, S.L.",2025→2026,2025,2026,61256,null,prod_ganado,null,59504.63,59504.63,null,67.3,null,884.17
5438,PURATOS NV,2025→2026,2025,2026,2331065321,null,sin_actividad,null,0,0,null,0.001,null,0
4030,"ATO FERNANDEZ, ALBERTO JOAQUIN",2025→2026,2025,2026,7500003011,null,prod_ganado,null,592,592,null,0.8,null,740
10822,"HANNA ENTERPRISES ESPAÑA, S.L.",2025→2026,2025,2026,60010,null,prod_ganado,null,780,780,null,1,null,780
1825,"LOPEZ MORENAS, S.L",2025→2026,2025,2026,60000,null,sin_actividad,null,0,0,null,0.001,null,0
2154,"AB AZUCARERA IBERIA, S.L.",2025→2026,2025,2026,60010,null,prod_ganado,null,12620,12620,null,25.24,null,500
9562,"BIO DARMA, S.L.",2025→2026,2025,2026,2340072321,null,sin_actividad,null,0,0,null,0.001,null,0
4002,"ABB MJ FERNANDEZ ARANDA, S.L.",2025→2026,2025,2026,43055,null,sin_actividad,null,0,0,null,0.001,null,0
2338,"PEREZ PEREZ, VALERIANO",2025→2026,2025,2026,1110071320,null,prod_ganado,null,1677,1677,null,1.3,null,1290
1864,MELAZAHAR COOP. V.,2025→2026,2025,2026,62035,null,prod_ganado,null,14139.8,14139.8,null,23.18,null,610
6251,"MIX PAK SYSTEM, S.L.",2025→2026,2025,2026,7300037021,null,prod_ganado,null,1104,1104,null,1.6,null,690
3155,"HORTAMED, S.L.",2025→2026,2025,2026,5101050031,null,prod_ganado,null,5419.5,5419.5,null,6.63,null,817.42
8003,"OBLEAS QUINTIN, S.L.",2025→2026,2025,2026,2331065321,null,sin_actividad,null,0,0,null,0.001,null,0
1284,"FRUTAS Y TURRONES, S.A.",2025→2026,2025,2026,1110073320,null,prod_ganado,null,8217.3,8217.3,null,9.1,null,903
10736,"G&G SPIRITS, S.L.",2025→2026,2025,2026,60019,null,prod_ganado,null,841.34,841.34,null,1.18,null,713
10626,ALBERTA HONEY PRODUCERS CO-OPERATIVE LTD.,2025→2026,2025,2026,44313,null,prod_ganado,null,26250,26250,null,21,null,1250
463,"REY ALIMENTACION, S.L.",2025→2026,2025,2026,61200,null,sin_actividad,null,0,0,null,0.001,null,0
9183,"VIVER KOMBUCHA, S.L.",2025→2026,2025,2026,60136,null,sin_actividad,null,0,0,null,0.002,null,0
3552,"VERDU RUIZ, ANTONIO",2025→2026,2025,2026,44343,null,prod_ganado,null,282.5,282.5,null,0.113,null,2500
7817,GENERAL MILLS,2025→2026,2025,2026,7230007131,null,sin_actividad,null,0,0,null,0.001,null,0
10808,"ARTTPA, S.L.",2025→2026,2025,2026,61260,null,sin_actividad,null,0,0,null,0.001,null,0
1284,"FRUTAS Y TURRONES, S.A.",2025→2026,2025,2026,61146,null,prod_ganado,null,35319.42,35319.42,null,43.02,null,821
3375,"EUROCHOC, S.L.",2025→2026,2025,2026,7300037021,null,prod_ganado,null,1628,1628,null,2.4,null,678.33
10637,"SOLINA, S.L.U.",2025→2026,2025,2026,2331065321,null,sin_actividad,null,0,0,null,0.001,null,0
10304,"ELABORADOS DIETETICOS, S.A.U.",2025→2026,2025,2026,1100051321,null,sin_actividad,null,0,0,null,0.001,null,0
10190,"FOOD REBELS, S.L.",2025→2026,2025,2026,5101050031,null,prod_ganado,null,816,816,null,1.2,null,680
4002,"ABB MJ FERNANDEZ ARANDA, S.L.",2025→2026,2025,2026,7300004011,null,prod_ganado,null,47390,47390,null,82,null,577.93
9833,DONNY G APICOLE SRL,2025→2026,2025,2026,62001,null,prod_ganado,null,672,672,null,0.84,null,800
10698,"VIDA BRANDS FOOD, S.L.",2025→2026,2025,2026,61289,null,sin_actividad,null,0,0,null,0.001,null,0
10522,CARL FRITZ IMKERTECHNIK GMBH & CO. KG,2025→2026,2025,2026,44314,null,prod_ganado,null,8137.5,8137.5,null,5.25,null,1550
10599,"WACKER LEON, S.L.U.",2025→2026,2025,2026,7500003011,null,prod_ganado,null,2508.8,2508.8,null,3.2,null,784
1908,"JAKE, S.A.",2025→2026,2025,2026,61289,null,sin_actividad,null,0,0,null,0.001,null,0
10190,"FOOD REBELS, S.L.",2025→2026,2025,2026,2331065321,null,sin_actividad,null,0,0,null,0.001,null,0
3375,"EUROCHOC, S.L.",2025→2026,2025,2026,5101050031,null,prod_ganado,null,4080,4080,null,6,null,680
2832,DULCES LA ABUELA COOP VNA,2025→2026,2025,2026,5101050031,null,prod_ganado,null,8794.5,8794.5,null,9.85,null,892.84
10012,"HERMEN EUROPA, S.R.L.",2025→2026,2025,2026,65005,null,sin_actividad,null,0,0,null,0,null,null
1661,"DELAVIUDA ALIMENTACION, S.A",2025→2026,2025,2026,62150,null,sin_actividad,null,0,0,null,0.001,null,0
1,"ZUKAN, S.L.U.",2025→2026,2025,2026,7250007131,null,sin_actividad,null,0,0,null,0.001,null,0
400,"ASOCIACION IND. ALICANTINA DEL HELADO, S.A.",2025→2026,2025,2026,1100051321,null,prod_ganado,null,11433,11433,null,7.725,null,1480
10666,"AURORA VEIL, S.L.",2025→2026,2025,2026,3000050341,null,prod_ganado,null,48200,48200,null,40,null,1205
10234,"GELATS EL VETERA, S.L.",2025→2026,2025,2026,7300037021,null,prod_ganado,null,2760,2760,null,4,null,690
473,"MAZALMENDRA, S.L.",2025→2026,2025,2026,5101050031,null,prod_ganado,null,712.5,712.5,null,1.25,null,570
1396,"BARCELONESA DE DROG. Y PRODUCT. QUIMICOS, S.A.",2025→2026,2025,2026,1110071320,null,prod_ganado,null,1846,1846,null,2.6,null,710
10623,DAAN'S HONING,2025→2026,2025,2026,44315,null,prod_ganado,null,1134,1134,null,0.84,null,1350
450,"LA FLOR BURGALESA, S.L.",2025→2026,2025,2026,1210054031,null,sin_actividad,null,0,0,null,0.005,null,0
2180,"AURUM PROCESS TECHNOLOGY, S.L.",2025→2026,2025,2026,7300037021,null,prod_ganado,null,18,18,null,0.025,null,720
3375,"EUROCHOC, S.L.",2025→2026,2025,2026,5101002011,null,prod_ganado,null,2448,2448,null,3.6,null,680
233,"FAROLIVA, S.L.",2025→2026,2025,2026,7300037021,null,prod_ganado,null,13344,13344,null,19.2,null,695
9810,"ALLTECH CROP SCIENCE, S.L.U",2025→2026,2025,2026,62150,null,sin_actividad,null,0,0,null,0.001,null,0
8553,"NATURAL BEE SPAIN, S.L",2025→2026,2025,2026,44301,null,prod_ganado,null,6225,6225,null,9.5,null,655.26
3478,"APICOLA LA PARRA, S.L.U.",2025→2026,2025,2026,44343,null,prod_ganado,null,1342.5,1342.5,null,0.537,null,2500
7115,"RIVERBEND ESPAÑA, S.A",2025→2026,2025,2026,7402002031,null,prod_ganado,null,28416,28416,null,42,null,676.57
10706,APITEC JERZY RUGALA,2025→2026,2025,2026,44310,null,prod_ganado,null,1214.4,1214.4,null,1.38,null,880
246,"CAMPO BETICA, S.L.",2025→2026,2025,2026,2331065321,null,sin_actividad,null,0,0,null,0.001,null,0
128,"J.J. FORWARDER, S.L.",2025→2026,2025,2026,7400002031,null,sin_actividad,null,0,0,null,0,null,null
428,"PASTELERIA INDUSTRIAL MONTE TURIA, S.A.",2025→2026,2025,2026,7300007131,null,prod_ganado,null,25300,25300,null,44,null,575
470,"PASTELERIA INDUSTRIAL SAN NARCISO, S.A.",2025→2026,2025,2026,2331065321,null,sin_actividad,null,0,0,null,0.001,null,0
7987,"MATOS INDUSTRIA E COMERCIO ALIMENTAR, LDA",2025→2026,2025,2026,5101054011,null,prod_ganado,null,898.8,898.8,null,1.201,null,748.38
436,"TURRONES JOSE GARRIGOS, S.A.",2025→2026,2025,2026,1210054031,null,prod_ganado,null,4752,4752,null,4.8,null,990
8350,"MIGA FOODS COMMERCE, S.L.",2025→2026,2025,2026,61303,null,prod_ganado,null,12255.8,12255.8,null,7.25,null,1690.46
492,"ENRIQUE GARRIGOS MONERRIS, S.A.",2025→2026,2025,2026,7800059261,null,prod_ganado,null,1850,1850,null,1,null,1850
10716,"BUSTAMANTE LIRIA, JORGE",2025→2026,2025,2026,44315,null,sin_actividad,null,0,0,null,0.002,null,0
511,FRUTALCARMO COMERC.IND. PROD.ALIMENTARES LTDA.,2025→2026,2025,2026,60136,null,sin_actividad,null,0,0,null,0.002,null,0
8795,"ADISTAFARMA, S.L.",2025→2026,2025,2026,5200054011,null,prod_ganado,null,871.2,871.2,null,1.2,null,726
2007,"PAREDES CEREZO, MIGUEL ANGEL",2025→2026,2025,2026,1110071320,null,prod_ganado,null,4888,4888,null,5.2,null,940
10190,"FOOD REBELS, S.L.",2025→2026,2025,2026,44092,null,sin_actividad,null,0,0,null,0.007,null,0
445,"PASTELERIA ARROYO SANCHEZ, S.L.U.",2025→2026,2025,2026,7300019071,null,prod_ganado,null,45540,45540,null,79.2,null,575
314,"PASDULCE, S.L.",2025→2026,2025,2026,2331065321,null,prod_ganado,null,150,150,null,0.05,null,3000
10600,GONZALO RIOS S.L.,2025→2026,2025,2026,61289,null,sin_actividad,null,0,0,null,0.001,null,0
9520,"GOLOSINAS MININOLAS, S.L.U.",2025→2026,2025,2026,1110066321,null,prod_ganado,null,7753.2,7753.2,null,9.1,null,852
10519,"EPSA ADITIVOS ALIMENTARIOS, S.L.",2025→2026,2025,2026,7300037021,null,prod_ganado,null,1184,1184,null,1.6,null,740
10662,"AIROS DELICATESSEN, S.L.",2025→2026,2025,2026,61260,null,prod_ganado,null,1530,1530,null,1.231,null,1242.89
6151,"FRULACT, S.A.",2025→2026,2025,2026,2331065321,null,sin_actividad,null,0,0,null,0.002,null,0
8795,"ADISTAFARMA, S.L.",2025→2026,2025,2026,7500003011,null,prod_ganado,null,576,576,null,0.8,null,720
566,"ALMACENES MIGUEZ 2005,S.L.",2025→2026,2025,2026,44353,null,prod_ganado,null,8220,8220,null,8.88,null,925.68
614,"MANUFACTURAS TABERNER,S.A.",2025→2026,2025,2026,65015,null,sin_actividad,null,0,0,null,0.001,null,0
7326,"ACTIVA FOOD TECH, S.A.",2025→2026,2025,2026,2340065321,null,prod_ganado,null,500,500,null,0.1,null,5000
10699,"BALLARA, S.L.",2025→2026,2025,2026,61222,null,sin_actividad,null,0,0,null,0.001,null,0
5998,"FRANCISCO ARAGON, S.L.U.",2025→2026,2025,2026,5201050031,null,prod_ganado,null,1758,1758,null,1.2,null,1465
5046,"CEREALTO SINTRA FOODS, S.A.",2025→2026,2025,2026,65016,null,prod_ganado,null,52617.6,52617.6,null,60.48,null,870
2737,"ALFONSO MARTINEZ TORRANO, S.L.",2025→2026,2025,2026,5201050031,null,prod_ganado,null,3546,3546,null,3.6,null,985
1415,"MEMBRILLO EMILY, S.L.",2025→2026,2025,2026,60000,null,sin_actividad,null,0,0,null,0.001,null,0
3022,"LACTEOS DE NAVARRA, S.L.",2025→2026,2025,2026,7230007131,null,sin_actividad,null,0,0,null,0.001,null,0
4566,"CONFETICAKES, S.L.",2025→2026,2025,2026,7300019071,null,prod_ganado,null,27975.2,27975.2,null,48.4,null,578
432,"CHOCOLATES ALGARRA, S.L.",2025→2026,2025,2026,7300037021,null,prod_ganado,null,36120,36120,null,55.2,null,654.35
10630,"BODEVICI, S.L.",2025→2026,2025,2026,2340072321,null,sin_actividad,null,0,0,null,0.001,null,0
8003,"OBLEAS QUINTIN, S.L.",2025→2026,2025,2026,1110066321,null,prod_ganado,null,5577,5577,null,7.8,null,715
5454,"ALIMENTACION Y NUTRICION FAMILIAR, S.L.",2025→2026,2025,2026,2331065321,null,sin_actividad,null,0,0,null,0.001,null,0
198,"JOSE SANDOVAL, S.L.U.",2025→2026,2025,2026,62071,null,prod_ganado,null,382,382,null,1.91,null,200
1396,"BARCELONESA DE DROG. Y PRODUCT. QUIMICOS, S.A.",2025→2026,2025,2026,1210054031,null,sin_actividad,null,0,0,null,0.002,null,0
200,MARIN GIMENEZ HNOS. S.A.,2025→2026,2025,2026,61298,null,sin_actividad,null,0,0,null,0.001,null,0
2873,"FRUTOS SECOS AURO, S.L.",2025→2026,2025,2026,61322,null,prod_ganado,null,5416.55,5416.55,null,6.35,null,853
271,"LABORATORIOS ALMOND, S.L.",2025→2026,2025,2026,7500003011,null,prod_ganado,null,576,576,null,0.8,null,720
1080,"VIDAL GOLOSINAS, S.A.",2025→2026,2025,2026,7880075151,null,sin_actividad,null,0,0,null,0.001,null,0
10012,"HERMEN EUROPA, S.R.L.",2025→2026,2025,2026,3010050341,null,sin_actividad,null,0,0,null,0,null,null
10012,"HERMEN EUROPA, S.R.L.",2025→2026,2025,2026,4000050331,null,sin_actividad,null,0,0,null,0,null,null
1415,"MEMBRILLO EMILY, S.L.",2025→2026,2025,2026,99950,null,sin_actividad,null,0,0,null,0.005,null,0
2873,"FRUTOS SECOS AURO, S.L.",2025→2026,2025,2026,60000,null,sin_actividad,null,0,0,null,0.05,null,0
10687,BRIOCHE PASQUIER ETOILE,2025→2026,2025,2026,61200,null,sin_actividad,null,0,0,null,0.001,null,0
1396,"BARCELONESA DE DROG. Y PRODUCT. QUIMICOS, S.A.",2025→2026,2025,2026,1110073320,null,prod_ganado,null,11076,11076,null,15.6,null,710
10619,"RON MONTERO, S.L.",2025→2026,2025,2026,60105,null,prod_ganado,null,1800,1800,null,2.4,null,750
3279,"BODEGAS GONZALEZ BYASS JEREZ, S.L.U",2025→2026,2025,2026,60010,null,prod_ganado,null,1672.8,1672.8,null,2.481,null,674.24
10578,APITRADE LTD,2025→2026,2025,2026,44313,null,prod_ganado,null,1155,1155,null,1.05,null,1100
10044,"CREACIONES JUGAVI, S.L.",2025→2026,2025,2026,61289,null,prod_ganado,null,27,27,null,0.017,null,1588.24
7558,HARINAS CASTILLA LA MANCHA S.L,2025→2026,2025,2026,5101054011,null,prod_ganado,null,9423.48,9423.48,null,14.52,null,649
7912,"HUELLA ECOLOGICA, S.L.",2025→2026,2025,2026,62070,null,sin_actividad,null,0,0,null,0.001,null,0
6959,"TANA, S.A.",2025→2026,2025,2026,60000,null,sin_actividad,null,0,0,null,0.001,null,0
1825,"LOPEZ MORENAS, S.L",2025→2026,2025,2026,99950,null,sin_actividad,null,0,0,null,0.001,null,0
7556,"DESTILACIONES BORDAS CHINCHURRETA, S.A.",2025→2026,2025,2026,3010050341,null,sin_actividad,null,0,0,null,0.025,null,0
481,"EL CATETO, S.L.",2025→2026,2025,2026,1100051321,null,prod_ganado,null,2574,2574,null,1.8,null,1430
8003,"OBLEAS QUINTIN, S.L.",2025→2026,2025,2026,1110071320,null,prod_ganado,null,15847,15847,null,20.8,null,761.88
3154,"FRIAS NUTRICION, S.A.",2025→2026,2025,2026,61289,null,sin_actividad,null,0,0,null,0.001,null,0
3022,"LACTEOS DE NAVARRA, S.L.",2025→2026,2025,2026,2331065321,null,sin_actividad,null,0,0,null,0.001,null,0
10699,"BALLARA, S.L.",2025→2026,2025,2026,2331065321,null,sin_actividad,null,0,0,null,0.003,null,0
2642,"BONDIA SALVO, S.L.",2025→2026,2025,2026,2100050331,null,prod_ganado,null,837.5,837.5,null,1.25,null,670
9768,"SHAR PRODUCTOS ALIMENTARIOS, S.L.",2025→2026,2025,2026,7500003011,null,prod_ganado,null,2176,2176,null,3.2,null,680
1241,"ACEITES DEL SUR-COOSUR, S.A.",2025→2026,2025,2026,7300007131,null,prod_ganado,null,85680,85680,null,136,null,630
10753,"TIRMA, S.A.",2025→2026,2025,2026,5201050031,null,sin_actividad,null,0,0,null,0.001,null,0
7924,"J.NORKEN,S.L.",2025→2026,2025,2026,4000050331,null,prod_ganado,null,4215,4215,null,5,null,843
448,"ESGIR, S.L.",2025→2026,2025,2026,43052,null,prod_ganado,null,146,146,null,0.1,null,1460
470,"PASTELERIA INDUSTRIAL SAN NARCISO, S.A.",2025→2026,2025,2026,61289,null,sin_actividad,null,0,0,null,0.001,null,0
7534,"A FACTORIA ECOLOXICA, S.L.",2025→2026,2025,2026,2340065321,null,prod_ganado,null,2290,2290,null,0.5,null,4580
237,"DULCES SANTA CRUZ, S.L.",2025→2026,2025,2026,1210002031,null,prod_ganado,null,1518,1518,null,1.2,null,1265
10309,ASOCIACION PROVINCIAL DE APICULTORES DE ALBACETE,2025→2026,2025,2026,44315,null,sin_actividad,null,0,0,null,4.718,null,0
10660,HIVEIQ PTY LTD,2025→2026,2025,2026,44315,null,prod_ganado,null,949.2,949.2,null,0.84,null,1130
353,"QUALITY SPICES, S.L.",2025→2026,2025,2026,40103,null,sin_actividad,null,0,0,null,0.001,null,0
215,"MARTIN BRAUN, S.A.",2025→2026,2025,2026,7600010031,null,prod_ganado,null,895.5,895.5,null,0.9,null,995
2684,"INDUSTRIAS JIJONENCAS, S.A.",2025→2026,2025,2026,5101002011,null,prod_ganado,null,36485.4,36485.4,null,74.46,null,490
9157,"MAK FOOD COMPANY, S.L.",2025→2026,2025,2026,44092,null,sin_actividad,null,0,0,null,0.002,null,0
448,"ESGIR, S.L.",2025→2026,2025,2026,61200,null,prod_ganado,null,39.75,39.75,null,0.026,null,1528.85
5245,"ELGORRIAGA BRANDS, S.A.",2025→2026,2025,2026,1110071320,null,prod_ganado,null,7776.6,7776.6,null,7.8,null,997
430,"MONZO LUIS, S.L.",2025→2026,2025,2026,1110071320,null,prod_ganado,null,13513.5,13513.5,null,14.3,null,945
200,MARIN GIMENEZ HNOS. S.A.,2025→2026,2025,2026,5200054011,null,sin_actividad,null,0,0,null,0.001,null,0
6519,SAS IRATI INTERNATIONAL,2025→2026,2025,2026,61289,null,sin_actividad,null,0,0,null,0.005,null,0
570,"INDALVA, S.L.",2025→2026,2025,2026,7400010171,null,prod_ganado,null,7436,7436,null,11,null,676
9792,OROSKER KFT.,2025→2026,2025,2026,62032,null,sin_actividad,null,0,0,null,0.1,null,0
1787,"DULCES DEL TURIA, S.L.",2025→2026,2025,2026,7300037021,null,prod_ganado,null,12072,12072,null,17.6,null,685.91
3154,"FRIAS NUTRICION, S.A.",2025→2026,2025,2026,2331065321,null,sin_actividad,null,0,0,null,0.001,null,0
6468,"DULCES LA CARTUJA, S.L.",2025→2026,2025,2026,1100051321,null,prod_ganado,null,1350,1350,null,0.9,null,1500
9567,SIKA S.A.U.,2025→2026,2025,2026,7300037021,null,prod_ganado,null,2393.6,2393.6,null,3.2,null,748
7765,SURINVER EL GRUPO S.COOP,2025→2026,2025,2026,7800059261,null,prod_ganado,null,2700,2700,null,2,null,1350
6467,"CATALINA FOOD SOLUTIONS, S.L.",2025→2026,2025,2026,7300037021,null,prod_ganado,null,8376,8376,null,12,null,698
566,"ALMACENES MIGUEZ 2005,S.L.",2025→2026,2025,2026,44355,null,prod_ganado,null,427.5,427.5,null,0.855,null,500
5521,"F. MORENO CANDIED FRUITS, S.L.",2025→2026,2025,2026,1110066321,null,prod_ganado,null,2009.8,2009.8,null,2.6,null,773
2007,"PAREDES CEREZO, MIGUEL ANGEL",2025→2026,2025,2026,1110066321,null,prod_ganado,null,1222,1222,null,1.3,null,940
297,"TARBAL FOOD, S.L.",2025→2026,2025,2026,7500003011,null,prod_ganado,null,13708,13708,null,18.4,null,745
314,"PASDULCE, S.L.",2025→2026,2025,2026,61289,null,prod_ganado,null,34,34,null,0.02,null,1700
7049,"LACREM, S.A.",2025→2026,2025,2026,2331065321,null,sin_actividad,null,0,0,null,0.001,null,0
463,"REY ALIMENTACION, S.L.",2025→2026,2025,2026,5101002011,null,prod_ganado,null,6120,6120,null,12,null,510
10623,DAAN'S HONING,2025→2026,2025,2026,44310,null,prod_ganado,null,488.25,488.25,null,0.525,null,930
10681,TFT FOOD S.L.,2025→2026,2025,2026,61222,null,sin_actividad,null,0,0,null,0.001,null,0
10743,BLISS POINT S.L.,2025→2026,2025,2026,61328,null,prod_ganado,null,2587.38,2587.38,null,0.875,null,2957.01
9683,SCHWARTAUER WERKE GMBH & CO. KG,2025→2026,2025,2026,61200,null,sin_actividad,null,0,0,null,0.002,null,0
570,"INDALVA, S.L.",2025→2026,2025,2026,7300037021,null,prod_ganado,null,4060,4060,null,6,null,676.67
428,"PASTELERIA INDUSTRIAL MONTE TURIA, S.A.",2025→2026,2025,2026,7300019071,null,prod_ganado,null,14399,14399,null,24.2,null,595
10276,"OLYRA GREEK NUTRITION PRODUCTS SINGLE MEMBER, S.A.",2025→2026,2025,2026,2340065321,null,prod_ganado,null,4165,4165,null,0.85,null,4900
9609,"VAMINTER, S.L.",2025→2026,2025,2026,7500003011,null,prod_ganado,null,58.5,58.5,null,0.075,null,780
1253,"HORCHATA EL COSECHERO, S.L.",2025→2026,2025,2026,7300007131,null,prod_ganado,null,13090,13090,null,22,null,595
9743,SAS NORDMANN FRANCE,2025→2026,2025,2026,2331065321,null,sin_actividad,null,0,0,null,0.002,null,0
10012,"HERMEN EUROPA, S.R.L.",2025→2026,2025,2026,49015,null,sin_actividad,null,0,0,null,0,null,null
9792,OROSKER KFT.,2025→2026,2025,2026,62001,null,sin_actividad,null,0,0,null,0.002,null,0
2857,"NAVALON FRANCES, JESUS",2025→2026,2025,2026,7300037021,null,prod_ganado,null,576,576,null,0.8,null,720
10621,"SAVI AGRICOLA DEL SUR, S.L.",2025→2026,2025,2026,60105,null,sin_actividad,null,0,0,null,0.001,null,0
473,"MAZALMENDRA, S.L.",2025→2026,2025,2026,5101002011,null,prod_ganado,null,6292,6292,null,12.1,null,520
3049,"LA GRANJA FOODS 1959, S.L.",2025→2026,2025,2026,60000,null,sin_actividad,null,0,0,null,0.001,null,0
3022,"LACTEOS DE NAVARRA, S.L.",2025→2026,2025,2026,7250007131,null,sin_actividad,null,0,0,null,0.001,null,0
7049,"LACREM, S.A.",2025→2026,2025,2026,99950,null,sin_actividad,null,0,0,null,0.001,null,0
10454,"GONZALEZ BYASS CHINCHON, S.A.",2025→2026,2025,2026,60019,null,prod_ganado,null,34005.06,34005.06,null,69.54,null,489
10187,"SCHMIDLI, DOMINIQUE SEBASTIEN",2025→2026,2025,2026,44310,null,prod_ganado,null,1734,1734,null,1.95,null,889.23
3170,"MOSCA MARITIMO, S.L.",2025→2026,2025,2026,5206050031,null,prod_ganado,null,127.18,127.18,null,0.2,null,635.9
1080,"VIDAL GOLOSINAS, S.A.",2025→2026,2025,2026,7600010031,null,sin_actividad,null,0,0,null,0.003,null,0
902,"MEMBRILLO EL QUIJOTE, S.A.",2025→2026,2025,2026,61289,null,sin_actividad,null,0,0,null,0.001,null,0
9463,"ADIEGO HERMANOS, S.A.",2025→2026,2025,2026,1200051321,null,prod_ganado,null,1251,1251,null,0.901,null,1388.46
7440,"LOPEZ FOOD GROUP, S.L.",2025→2026,2025,2026,61289,null,sin_actividad,null,0,0,null,0.001,null,0
314,"PASDULCE, S.L.",2025→2026,2025,2026,60000,null,sin_actividad,null,0,0,null,0.05,null,0
2103,"JOSEFA ESTELLES MAYOR, S.L.",2025→2026,2025,2026,7300037021,null,prod_ganado,null,44381.6,44381.6,null,69.6,null,637.67
10779,AZELIS CROATIA D.O.O.,2025→2026,2025,2026,2331065321,null,sin_actividad,null,0,0,null,0.01,null,0
4505,"FIESTA COLOMBINA, S.L.U.",2025→2026,2025,2026,62400,null,sin_actividad,null,0,0,null,0.015,null,0
1771,"EL CASERIO, S.A",2025→2026,2025,2026,7300007131,null,prod_ganado,null,50700,50700,null,78,null,650
6147,"ANDALUZA DE MIELES, S.L.",2025→2026,2025,2026,5205050031,null,sin_actividad,null,0,0,null,0.001,null,0
5679,"AB MAURI FOOD, S.A.",2025→2026,2025,2026,60136,null,sin_actividad,null,0,0,null,0.015,null,0
9816,AGRO APICULTURA,2025→2026,2025,2026,44354,null,prod_ganado,null,42000,42000,null,33.6,null,1250
10519,"EPSA ADITIVOS ALIMENTARIOS, S.L.",2025→2026,2025,2026,5101002011,null,prod_ganado,null,816,816,null,1.2,null,680
346,"PANARRO FOODS, S.L.",2025→2026,2025,2026,7300007131,null,prod_ganado,null,13618,13618,null,22,null,619
448,"ESGIR, S.L.",2025→2026,2025,2026,1110071320,null,sin_actividad,null,0,0,null,0.01,null,0
4616,"IMPAG IBERIA, S.L.",2025→2026,2025,2026,4010050331,null,sin_actividad,null,0,0,null,0.002,null,0
10662,"AIROS DELICATESSEN, S.L.",2025→2026,2025,2026,61289,null,sin_actividad,null,0,0,null,0.001,null,0
3073,"NAVARRO NAVARRO, JOSE",2025→2026,2025,2026,62035,null,prod_ganado,null,8625,8625,null,12.5,null,690
4002,"ABB MJ FERNANDEZ ARANDA, S.L.",2025→2026,2025,2026,5200054011,null,prod_ganado,null,2484,2484,null,3.6,null,690
430,"MONZO LUIS, S.L.",2025→2026,2025,2026,1110073320,null,prod_ganado,null,4914,4914,null,5.2,null,945
430,"MONZO LUIS, S.L.",2025→2026,2025,2026,7300007131,null,prod_ganado,null,89490,89490,null,148,null,604.66
7921,"GRANIZADOS MARESME, S.L.",2025→2026,2025,2026,61289,null,sin_actividad,null,0,0,null,0.001,null,0
8888,"N. KRALLIS, S.A.",2025→2026,2025,2026,61289,null,prod_ganado,null,1785,1785,null,0.852,null,2095.07
4505,"FIESTA COLOMBINA, S.L.U.",2025→2026,2025,2026,7600010031,null,prod_ganado,null,9080,9080,null,10,null,908
396,"AGROTRANSFORMADOS, S.A.",2025→2026,2025,2026,7300007131,null,prod_ganado,null,40854,40854,null,66,null,619
390,"PASTELERIA MANDUL, S.L.",2025→2026,2025,2026,61200,null,sin_actividad,null,0,0,null,0.001,null,0
1437,"CEREALTO AGUILAR, S.L.",2025→2026,2025,2026,61298,null,sin_actividad,null,0,0,null,0.001,null,0
198,"JOSE SANDOVAL, S.L.U.",2025→2026,2025,2026,1110071320,null,prod_ganado,null,3913,3913,null,3.9,null,1003.33
4616,"IMPAG IBERIA, S.L.",2025→2026,2025,2026,4000050331,null,sin_actividad,null,0,0,null,0.001,null,0
7558,HARINAS CASTILLA LA MANCHA S.L,2025→2026,2025,2026,5101050031,null,prod_ganado,null,9559.77,9559.77,null,14.73,null,649
7867,"SINBLAT ALIMENTACION SALUDABLE, S.L.",2025→2026,2025,2026,60136,null,sin_actividad,null,0,0,null,0.001,null,0
418,"MANUFACTURAS CEYLAN, S.L.",2025→2026,2025,2026,7230007131,null,prod_ganado,null,5922,5922,null,6,null,987
2283,"ROENCAR, S.L.U.",2025→2026,2025,2026,5200054011,null,prod_ganado,null,878.4,878.4,null,1.2,null,732
10259,"NUTRIS, WE CARE ABOUT YOU, S.L.",2025→2026,2025,2026,7300037021,null,prod_ganado,null,47520,47520,null,72,null,660
2832,DULCES LA ABUELA COOP VNA,2025→2026,2025,2026,60105,null,sin_actividad,null,0,0,null,0.02,null,0
3367,"MAMERTO DE LA VARA, S.L.",2025→2026,2025,2026,5101002011,null,prod_ganado,null,5993.82,5993.82,null,12.06,null,497
3306,"INBIOLEV, S.L.",2025→2026,2025,2026,7500003011,null,prod_ganado,null,1184,1184,null,1.6,null,740
10818,"NEOINGREDIENTES - MATERIAS PRIMAS ALIMENTARES, LDA",2025→2026,2025,2026,3010050341,null,prod_ganado,null,25717.5,25717.5,null,22.5,null,1143
445,"PASTELERIA ARROYO SANCHEZ, S.L.U.",2025→2026,2025,2026,7300004011,null,prod_ganado,null,129000,129000,null,216,null,597.22
1787,"DULCES DEL TURIA, S.L.",2025→2026,2025,2026,62400,null,sin_actividad,null,0,0,null,0.015,null,0
7867,"SINBLAT ALIMENTACION SALUDABLE, S.L.",2025→2026,2025,2026,61260,null,sin_actividad,null,0,0,null,0.001,null,0
2722,"BUDENHEIM IBERICA, S.L.U.",2025→2026,2025,2026,7500003011,null,prod_ganado,null,584,584,null,0.8,null,730
1430,"BYC CHEMICAL, S.L.",2025→2026,2025,2026,7300007131,null,sin_actividad,null,0,0,null,0.001,null,0
1774,"BODEGAS VINIVAL, S.L.",2025→2026,2025,2026,61279,null,sin_actividad,null,0,0,null,0.005,null,0
9565,NORDIK BUCKFAST,2025→2026,2025,2026,62022,null,prod_ganado,null,960,960,null,1.2,null,800
485,"POSTRES LACTEOS ROMAR, S.L.",2025→2026,2025,2026,61327,null,prod_ganado,null,27008.3,27008.3,null,32.68,null,826.45
4561,"AGRICOM, S.R.L.",2025→2026,2025,2026,62032,null,prod_ganado,null,1980,1980,null,2,null,990
1072,"GALVAN FERNANDEZ HERMANOS, S.L.",2025→2026,2025,2026,7300004011,null,prod_ganado,null,84960,84960,null,144,null,590
6959,"TANA, S.A.",2025→2026,2025,2026,60202,null,sin_actividad,null,0,0,null,0.001,null,0
4505,"FIESTA COLOMBINA, S.L.U.",2025→2026,2025,2026,62401,null,prod_ganado,null,6814.08,6814.08,null,6.735,null,1011.74
3154,"FRIAS NUTRICION, S.A.",2025→2026,2025,2026,61200,null,sin_actividad,null,0,0,null,0.001,null,0
2103,"JOSEFA ESTELLES MAYOR, S.L.",2025→2026,2025,2026,65015,null,prod_ganado,null,160.2,160.2,null,0.136,null,1177.94
10519,"EPSA ADITIVOS ALIMENTARIOS, S.L.",2025→2026,2025,2026,65015,null,prod_ganado,null,955.5,955.5,null,0.975,null,980
535,"FRIMAR PANADEROS, S.L.",2025→2026,2025,2026,1210054031,null,prod_ganado,null,1284,1284,null,1.2,null,1070
602,"DUPON BISCUITS IBERICA, S.A.U.",2025→2026,2025,2026,60224,null,prod_ganado,null,16866.85,16866.85,null,21.905,null,770
10716,"BUSTAMANTE LIRIA, JORGE",2025→2026,2025,2026,44343,null,sin_actividad,null,0,0,null,0.002,null,0
9157,"MAK FOOD COMPANY, S.L.",2025→2026,2025,2026,61324,null,prod_ganado,null,22667.68,22667.68,null,21.88,null,1036
1437,"CEREALTO AGUILAR, S.L.",2025→2026,2025,2026,61303,null,sin_actividad,null,0,0,null,0.001,null,0
8889,COOP. AGRICOLA DE VILLAR DEL ARZOBISPO,2025→2026,2025,2026,60136,null,sin_actividad,null,0,0,null,0.002,null,0
6267,"JUMEL ALIMENTARIA, S.A.",2025→2026,2025,2026,40103,null,sin_actividad,null,0,0,null,0.001,null,0
5245,"ELGORRIAGA BRANDS, S.A.",2025→2026,2025,2026,1110066321,null,prod_ganado,null,3888.3,3888.3,null,3.9,null,997
445,"PASTELERIA ARROYO SANCHEZ, S.L.U.",2025→2026,2025,2026,1110066321,null,prod_ganado,null,8216,8216,null,10.4,null,790
6468,"DULCES LA CARTUJA, S.L.",2025→2026,2025,2026,7500003011,null,prod_ganado,null,6336,6336,null,9.6,null,660
10674,"RIVERA JOVE, JORDI ",2025→2026,2025,2026,61321,null,prod_ganado,null,3870,3870,null,1.2,null,3225
6899,"HNOS. NAVARRO AYORA, S.L.",2025→2026,2025,2026,62035,null,prod_ganado,null,15250,15250,null,25,null,610
6467,"CATALINA FOOD SOLUTIONS, S.L.",2025→2026,2025,2026,2210037021,null,sin_actividad,null,0,0,null,0.001,null,0
8795,"ADISTAFARMA, S.L.",2025→2026,2025,2026,7300037021,null,prod_ganado,null,576,576,null,0.8,null,720
9274,SUSTAINABLE APIARIES,2025→2026,2025,2026,62032,null,prod_ganado,null,3150,3150,null,3,null,1050
9609,"VAMINTER, S.L.",2025→2026,2025,2026,5206050031,null,prod_ganado,null,1224,1224,null,1.2,null,1020
3478,"APICOLA LA PARRA, S.L.U.",2025→2026,2025,2026,62020,null,prod_ganado,null,816,816,null,1.2,null,680
1386,"SCENTIUM FLAVOURS, S.L",2025→2026,2025,2026,5101050031,null,prod_ganado,null,816,816,null,1.2,null,680
450,"LA FLOR BURGALESA, S.L.",2025→2026,2025,2026,1110071320,null,prod_ganado,null,27144,27144,null,31.2,null,870
2103,"JOSEFA ESTELLES MAYOR, S.L.",2025→2026,2025,2026,65005,null,sin_actividad,null,0,0,null,0.001,null,0
10547,FRULACT USA LLC,2025→2026,2025,2026,61321,null,prod_ganado,null,136161.6,136161.6,null,45.6,null,2986
577,"FARTONS POLO, S.L.",2025→2026,2025,2026,5101050031,null,prod_ganado,null,12982.99,12982.99,null,23.822,null,545
10147,"HERVAR LACTEOS Y ADITIVOS, S.L.",2025→2026,2025,2026,1210002031,null,prod_ganado,null,4284,4284,null,3.6,null,1190
10399,INGREDION GERMANY GMBH,2025→2026,2025,2026,2331065321,null,sin_actividad,null,0,0,null,0.025,null,0
10805,F CHOICE P.C.,2025→2026,2025,2026,61228,null,sin_actividad,null,0,0,null,0.001,null,0
10791,"CHOCOLATES & NUTS, S.L.",2025→2026,2025,2026,62400,null,sin_actividad,null,0,0,null,0,null,null
6151,"FRULACT, S.A.",2025→2026,2025,2026,61303,null,sin_actividad,null,0,0,null,0.002,null,0
1325,"HIDA ALIMENTACION , S.A.",2025→2026,2025,2026,99950,null,sin_actividad,null,0,0,null,0.004,null,0
4002,"ABB MJ FERNANDEZ ARANDA, S.L.",2025→2026,2025,2026,60105,null,prod_ganado,null,876,876,null,1.2,null,730
7867,"SINBLAT ALIMENTACION SALUDABLE, S.L.",2025→2026,2025,2026,61298,null,sin_actividad,null,0,0,null,0.001,null,0
271,"LABORATORIOS ALMOND, S.L.",2025→2026,2025,2026,7300037021,null,prod_ganado,null,576,576,null,0.8,null,720
10687,BRIOCHE PASQUIER ETOILE,2025→2026,2025,2026,61289,null,sin_actividad,null,0,0,null,0.001,null,0
10837,HERBA RICEMILLS S.L.U.,2025→2026,2025,2026,7230007131,null,sin_actividad,null,0,0,null,0.001,null,0
10739,REPOSTERIA KETYDUL S.L.,2025→2026,2025,2026,1210054031,null,prod_ganado,null,1548,1548,null,1.2,null,1290
10821,BLAGDEN SPECIALTY CHEMICALS LTD,2025→2026,2025,2026,2331065321,null,sin_actividad,null,0,0,null,0.001,null,0
4369,"LA TIENDA DEL APICULTOR, S.L.U.",2025→2026,2025,2026,62032,null,prod_ganado,null,1428,1428,null,1.36,null,1050
1294,"SOREAL-ILOU, S.A.U.",2025→2026,2025,2026,60019,null,prod_ganado,null,2113.2,2113.2,null,3.6,null,587
9828,"GOODBEER, S.L.",2025→2026,2025,2026,5206050031,null,prod_ganado,null,26280,26280,null,36,null,730
891,"MONTEALBOR ALIMENTACION, S.A.U",2025→2026,2025,2026,7300037021,null,prod_ganado,null,592,592,null,0.8,null,740
10786,"DIBAQ DIPROTEG, S.A.",2025→2026,2025,2026,2331065321,null,sin_actividad,null,0,0,null,0.001,null,0
609,"ALBORCHATA,S.L.",2025→2026,2025,2026,3000050341,null,prod_ganado,null,2409.75,2409.75,null,2.025,null,1190
6468,"DULCES LA CARTUJA, S.L.",2025→2026,2025,2026,7800059261,null,prod_ganado,null,1390,1390,null,1,null,1390
430,"MONZO LUIS, S.L.",2025→2026,2025,2026,99950,null,sin_actividad,null,0,0,null,0.002,null,0
1845,"NATURAL D' MEZCLAS, S.L.",2025→2026,2025,2026,5201002011,null,sin_actividad,null,0,0,null,0.005,null,0
8889,COOP. AGRICOLA DE VILLAR DEL ARZOBISPO,2025→2026,2025,2026,7300019071,null,prod_ganado,null,14036,14036,null,24.2,null,580
252,"CONSERVAS ALGUAZAS, S.L.",2025→2026,2025,2026,7300037021,null,prod_ganado,null,576,576,null,0.8,null,720
297,"TARBAL FOOD, S.L.",2025→2026,2025,2026,65015,null,prod_ganado,null,8775,8775,null,11.7,null,750
1774,"BODEGAS VINIVAL, S.L.",2025→2026,2025,2026,60136,null,sin_actividad,null,0,0,null,0.002,null,0
10190,"FOOD REBELS, S.L.",2025→2026,2025,2026,60136,null,sin_actividad,null,0,0,null,0.005,null,0
7775,"RUNAKAY PLUS, S.L.",2025→2026,2025,2026,7230007131,null,sin_actividad,null,0,0,null,0.001,null,0
2073,"PLATOS TRADICIONALES, S.A",2025→2026,2025,2026,7300037021,null,prod_ganado,null,2176,2176,null,3.2,null,680
9157,"MAK FOOD COMPANY, S.L.",2025→2026,2025,2026,3100055351,null,prod_ganado,null,2145,2145,null,1.1,null,1950
