leadid,empresa,sectores_zukan,url_web,n_productos,ingredientes_zukan_detectados,n_ingredientes,status,origen,es_cliente,n_productos_potenciales,alimarket_ventas_eur,alimarket_empleados
fe501427-30db-f011-8543-7c1e52123808,LNK,"lacteos, yogures y postres lacteos",https://lautan-natural-krimerindo.com,26,Azúcar,1,ok,web_scraping,desconocido,26,,
69b53445-e7ce-46f8-baaf-884e3d296450,PARADISE HONEY LTD,miel,https://www.paradisehoney.fi,10,Miel pura de abejas,1,ok,web_scraping,desconocido,10,,
929c9938-c28d-440b-8278-a031915c3cd4,BEEXPERT,piensos ganaderia,https://www.beexpert.ro,60,,0,ok,web_scraping,desconocido,60,,
14511427-30db-f011-8543-7c1e52123808,Pladis,nutraceuticos,https://www.pladisglobal.com,15,,0,ok,web_scraping,desconocido,15,,
42beb256-c7fe-ed11-8f6e-000d3aaab965,SANY GmbH,,https://www.sanyeurope.com/es,13,,0,ok,web_scraping,desconocido,13,,
3ec4dc58-4454-400d-a8a7-dcaa8db9fd31,Arquivet,piensos mascotas,https://arquivet.com/en,60,,0,ok,web_scraping,desconocido,60,,
2ebeb256-c7fe-ed11-8f6e-000d3aaab965,Banketbakkerij Merba B.V.,galleteros,https://www.merba.com,19,Caramelo natural,1,ok,web_scraping,desconocido,19,,
09eb3558-d352-f111-bec6-000d3abe319d,Astron Chemicals,suplementos deportivos,https://astronchemicals.gr/en,15,,0,ok,web_scraping,desconocido,15,,
8b068ef1-f00f-47df-9760-213497d36bff,"SEOUL PROPOLIS Co., Ltd.",nutraceuticos,https://www.probee.kr,4,,0,ok,web_scraping,desconocido,4,,
6ceb3558-d352-f111-bec6-000d3abe319d,Wellma,suplementos deportivos,https://www.wellma.com,14,,0,ok,web_scraping,desconocido,14,,
aac28f91-e157-f011-877a-6045bd92f5a8,Nordicpurepro,nutraceuticos,https://www.nordicpurepro.dk,7,,0,ok,web_scraping,desconocido,7,,
acc28f91-e157-f011-877a-6045bd92f5a8,Mazhar,cereales,https://www.mazhar.ma,6,,0,ok,web_scraping,desconocido,6,,
9480f87e-f284-f111-ab0e-70a8a53a0b30,Gof Hungary Kft.,cereales,https://www.avenagofit.com,33,,0,ok,web_scraping,desconocido,33,,
1deb3558-d352-f111-bec6-000d3abe319d,DONAUCHEM s.r.o.,suplementos deportivos,https://www.donauchem.cz,17,,0,ok,web_scraping,desconocido,17,,
ada46b26-5a9b-ef11-8a6b-000d3aaab965,65 OATS,cereales,https://www.65oats.com,10,,0,ok,web_scraping,desconocido,10,,
d13e1274-0c06-ef11-9f89-6045bd92bc7a,Kuchenmeister GmbH,pasteleria,https://www.kuchenmeister.de,43,,0,ok,web_scraping,desconocido,43,,
bac28f91-e157-f011-877a-6045bd92f5a8,Laïta Nutrition,bolleria,https://www.laita.com,7,,0,ok,web_scraping,desconocido,7,,
8469da37-a044-4bf4-aecb-62628f660141,THERMOSOLAR HIVE,"especias, aromas y colorantes",https://www.thermosolarhive.com/en,32,Miel pura de abejas,1,ok,web_scraping,desconocido,32,,
355b8a6a-1ce0-ec11-bb3d-000d3a43e7af,Solara Labs,nutraceuticos,https://www.solaralabs.com,41,,0,ok,web_scraping,desconocido,41,,
9080f87e-f284-f111-ab0e-70a8a53a0b30,Equanto,alternativas a lacteos,https://www.equanto.pt,18,,0,ok,web_scraping,desconocido,18,,
86c49a9f-3f7e-ee11-8179-000d3aaab965,Laperva Food & Supplements,licores,https://www.laperva.net,9,,0,ok,web_scraping,desconocido,9,,
7895a2ba-f1e1-42c6-9116-b2e35a3b56e9,Ines Rosales,"especias, aromas y colorantes",https://inesrosales.com,60,"Azúcar, Miel pura de abejas",2,ok,web_scraping,desconocido,60,,
ae1df3fe-99dc-4323-8691-7fde2424c138,DairyPet,piensos mascotas,https://yowup.com,9,,0,ok,web_scraping,desconocido,9,,
10511427-30db-f011-8543-7c1e52123808,Purasana,"especias, aromas y colorantes",https://www.purasana.com,60,,0,ok,web_scraping,desconocido,60,,
99d7cfdd-b49d-ee11-be37-000d3aaab965,PHODE,"especias, aromas y colorantes",https://www.phode.com,20,,0,ok,web_scraping,desconocido,20,,
d73e1274-0c06-ef11-9f89-6045bd92bc7a,White's Oats,mermeladas y confituras,https://www.whitesoats.co.uk,37,"Azúcar, Caramelo natural, Miel pura de abejas",3,ok,web_scraping,desconocido,37,,
8fa46b26-5a9b-ef11-8a6b-000d3aaab965,Helsinki Mills Ltd,nutraceuticos,https://www.helsinkimills.fi,10,,0,ok,web_scraping,desconocido,10,,
4b20235d-fbdf-f011-8544-7ced8d0c5f55,Luxlait,miel,https://www.luxlait.lu,54,,0,ok,web_scraping,desconocido,54,,
4920235d-fbdf-f011-8544-7ced8d0c5f55,FOSTER CLARK PRODUCTS LIMITED,golosinas,https://www.fosterclark.com,15,,0,ok,web_scraping,desconocido,15,,
97a46b26-5a9b-ef11-8a6b-000d3aaab965,The Skinny Food Co.,"especias, aromas y colorantes",https://www.theskinnyfoodco.com,60,Azúcar,1,ok,web_scraping,desconocido,60,,
395b8a6a-1ce0-ec11-bb3d-000d3a43e7af,Gianluca Mech,nutraceuticos,https://www.gianlucamech.com,5,,0,ok,web_scraping,desconocido,5,,
26beb256-c7fe-ed11-8f6e-000d3aaab965,Dan Cake Poland,bolleria,https://www.dancake.pl,18,,0,ok,web_scraping,desconocido,18,,
01ffc101-1b3b-4fd8-a6d7-ee3993adc519,VAST-OIL,nutraceuticos,https://www.vastoil.cz,37,,0,ok,web_scraping,desconocido,37,,
555b8a6a-1ce0-ec11-bb3d-000d3a43e7af,Elementa,nutraceuticos,https://www.elementa-ingredients.com/en,37,,0,ok,web_scraping,desconocido,37,,
3b5b8a6a-1ce0-ec11-bb3d-000d3a43e7af,NUTRIS,,https://www.nutris.es,51,,0,ok,web_scraping,desconocido,51,,
6eeb3558-d352-f111-bec6-000d3abe319d,Polmlek,"lacteos, yogures y postres lacteos",https://www.polmlek.com,18,,0,ok,web_scraping,desconocido,18,,
bc21982a-4a61-4307-bfb0-ef66424dde88,Botanica Nutrients,nutraceuticos,http://www.botanicanutrients.com,59,,0,ok,web_scraping,desconocido,59,,
72c28f91-e157-f011-877a-6045bd92f5a8,Santiveri,frutos secos y snacks,https://www.santiveri.es,46,Miel pura de abejas,1,ok,web_scraping,desconocido,46,,
3ebeb256-c7fe-ed11-8f6e-000d3aaab965,GERIO,chocolate,https://www.gerio.com/es,57,"Azúcar, Miel pura de abejas",2,ok,web_scraping,desconocido,57,,
3feb3558-d352-f111-bec6-000d3abe319d,Evonik Operation GmbH sucursal en España,nutraceuticos,https://www.evonik.com/en.html,60,,0,ok,web_scraping,desconocido,60,,
22beb256-c7fe-ed11-8f6e-000d3aaab965,Confectis - P & D MOUZAKIS OE,golosinas,https://www.confectis.com,7,,0,ok,web_scraping,desconocido,7,,
13eb3558-d352-f111-bec6-000d3abe319d,Suplemania DOO,nutraceuticos,https://suplemania.rs,21,,0,ok,web_scraping,desconocido,21,,
7ba46b26-5a9b-ef11-8a6b-000d3aaab965,"LIQUATS VEGETALS, S.A",alternativas a lacteos,https://www.liquats.com,3,,0,ok,web_scraping,desconocido,3,,
c0bdffd2-212b-f011-8c4e-6045bd92f5a8,FORTUIN,golosinas,https://www.fortuin.nl,5,,0,ok,web_scraping,desconocido,5,,
65394d4d-6f33-40db-83b8-0b26a504fd64,"Primo Trading Co., LTD",,https://www.primotrading.co.th,6,,0,ok,web_scraping,desconocido,6,,
4f5b8a6a-1ce0-ec11-bb3d-000d3a43e7af,Vendeis,nutraceuticos,https://www.vendeis.com,5,,0,ok,web_scraping,desconocido,5,,
e7ea3558-d352-f111-bec6-000d3abe319d,Selias,nutraceuticos,https://www.selias.com.tr,8,,0,ok,web_scraping,desconocido,8,,
535b8a6a-1ce0-ec11-bb3d-000d3a43e7af,Hyang Rim,nutraceuticos,https://www.hyangrim.co.kr,2,,0,ok,web_scraping,desconocido,2,,
35fb86bb-d005-4896-b75c-6ca8f23c3c90,Bijenhof,piensos ganaderia,https://www.divislabs.com,10,,0,ok,web_scraping,desconocido,10,,
045b8a6a-1ce0-ec11-bb3d-000d3a43e7af,TOPGUM,golosinas,https://tgum.com,42,Azúcar,1,ok,web_scraping,desconocido,42,,
4b5b8a6a-1ce0-ec11-bb3d-000d3a43e7af,BADOR Food Ingredients & Chemicals,chocolate,https://chocolateorganiko.com,29,"Caramelo natural, Miel pura de abejas",2,ok,web_scraping,desconocido,29,,
34beb256-c7fe-ed11-8f6e-000d3aaab965,Hellema - Hallum B.V.,galleteros,https://www.hellema.com,17,,0,ok,web_scraping,desconocido,17,,
52beb256-c7fe-ed11-8f6e-000d3aaab965,URBANDIET,pasteleria,https://www.urbandiet.es,56,,0,ok,web_scraping,desconocido,56,,
1f5b8a6a-1ce0-ec11-bb3d-000d3a43e7af,Nutreine SAS,nutraceuticos,https://www.nutreine.fr,13,,0,ok,web_scraping,desconocido,13,,
ff0c6bd0-01ed-418e-9072-a1bf19865c31,VCELARSTVI JEZOV,piensos ganaderia,https://www.uvcelky.cz,28,,0,ok,web_scraping,desconocido,28,,
9680f87e-f284-f111-ab0e-70a8a53a0b30,VITAE KOMBUCHA,refrescos,https://www.vitaekombucha.com,17,,0,ok,web_scraping,desconocido,17,,
a480f87e-f284-f111-ab0e-70a8a53a0b30,PERRONILLAS JESUS ANDES,bolleria,https://www.perronillasjesusandres.com,5,,0,ok,web_scraping,desconocido,5,,
b3d7cfdd-b49d-ee11-be37-000d3aaab965,Lotus Bakeries België NV,frutos secos y snacks,https://www.lotusbakeries.com,3,,0,ok,web_scraping,desconocido,3,,
18511427-30db-f011-8543-7c1e52123808,OHO,frutos secos y snacks,https://www.ohogroup.lt/en,17,,0,ok,web_scraping,desconocido,17,,
57eb3558-d352-f111-bec6-000d3abe319d,SINTACTICA S.R.L.,nutraceuticos,https://sintactica.it,3,,0,ok,web_scraping,desconocido,3,,
76eb3558-d352-f111-bec6-000d3abe319d,Prime Solution,"especias, aromas y colorantes",https://www.prime-solution.si,7,,0,ok,web_scraping,desconocido,7,,
9880f87e-f284-f111-ab0e-70a8a53a0b30,EL ARRIERO MARAGATO,bolleria,https://elarrieromaragato.com,20,,0,ok,web_scraping,desconocido,20,,
a1e6711d-345d-4f77-88a3-675b92a615d8,HSN STORE,,https://www.hsnstore.com,60,,0,ok,web_scraping,desconocido,60,,
dfbdffd2-212b-f011-8c4e-6045bd92f5a8,IRONMAXX,"especias, aromas y colorantes",https://www.ironmaxx.de,38,Caramelo natural,1,ok,web_scraping,desconocido,38,,
07eb3558-d352-f111-bec6-000d3abe319d,UNIPRO SP.ZO.O,nutraceuticos,https://www.uniprosupplement.com,27,,0,ok,web_scraping,desconocido,27,,
0abeb256-c7fe-ed11-8f6e-000d3aaab965,Karma Karma bvba,galleteros,https://www.karmakarma.be,60,,0,ok,web_scraping,desconocido,60,,
575b8a6a-1ce0-ec11-bb3d-000d3a43e7af,Natural Ingredient Solutions,nutraceuticos,https://naturalingredientssolution.com,10,,0,ok,web_scraping,desconocido,10,,
515b8a6a-1ce0-ec11-bb3d-000d3a43e7af,LutécieTechologies Naturelles,nutraceuticos,https://lutecie.fr,6,,0,ok,web_scraping,desconocido,6,,
9ac28f91-e157-f011-877a-6045bd92f5a8,Nutricraft,galleteros,https://www.nutricraft.swiss,7,,0,ok,web_scraping,desconocido,7,,
9280f87e-f284-f111-ab0e-70a8a53a0b30,Abo nett,frutos secos y snacks,https://www.abonett.eu,9,,0,ok,web_scraping,desconocido,9,,
353d8c6f-60d4-4c6e-925a-7c5c3bc5eb25,MORETH Sdn Bhd,nutraceuticos,https://moreth.com,21,,0,ok,web_scraping,desconocido,21,,
2b5b8a6a-1ce0-ec11-bb3d-000d3a43e7af,Pharmalink,nutraceuticos,https://www.stepharmaceuticals.com,22,Azúcar,1,ok,web_scraping,desconocido,22,,
5904969d-db9b-4183-a33f-733ebd8fc086,BEE NECTAR,piensos ganaderia,https://beenectar.com,7,,0,ok,web_scraping,desconocido,7,,
335bcc5c-a72e-41ae-b712-f86f9359baa5,BEE NECTAR,piensos ganaderia,https://www.beenectar.com,7,,0,ok,web_scraping,desconocido,7,,
4d79e6b4-b1a0-418c-a57e-5c998edc3c6a,BARIATRIX NUTRITION EUROPE,nutraceuticos,https://www.bariatrixeurope.com/es,15,,0,ok,web_scraping,desconocido,15,,
2fbea86b-b7a8-ef11-b8e9-000d3aaab1fa,Saarioinen,cereales,https://www.saarioinen.fi,18,,0,ok,web_scraping,desconocido,18,,
00beb256-c7fe-ed11-8f6e-000d3aaab965,Van Vliet BV,golosinas,https://www.van-vliet.com/en,6,,0,ok,web_scraping,desconocido,6,,
5d79e0e8-9f1b-4a86-85ef-94502e8d8914,Orkla Confectionery & Snacks Norge AS,frutos secos y snacks,https://www.orklasnacks.com,16,,0,ok,web_scraping,desconocido,16,,
0b5b8a6a-1ce0-ec11-bb3d-000d3a43e7af,AFI,"especias, aromas y colorantes",https://www.iclfood.com,2,,0,ok,web_scraping,desconocido,2,,
50f6487f-d8d5-f011-8543-00224882d38d,Sunday Natural Products GmbH,"especias, aromas y colorantes",https://www.sunday.de,3,,0,ok,web_scraping,desconocido,3,,
23eb3558-d352-f111-bec6-000d3abe319d,Resindion S.r.l.,nutraceuticos,https://resindion.com/index.php,5,,0,ok,web_scraping,desconocido,5,,
0d56f9f7-6540-406a-ac43-dc45944cbe0e,Academia Apícola de Eslovenia,piensos ganaderia,https://sca.kis.si/en,6,,0,ok,web_scraping,desconocido,6,,
96c28f91-e157-f011-877a-6045bd92f5a8,Nordmann,nutraceuticos,https://www.nordmann.global,14,,0,ok,web_scraping,desconocido,14,,
92c28f91-e157-f011-877a-6045bd92f5a8,mmPRODUKT,bolleria,https://www.mmprodukt.pl,10,,0,ok,web_scraping,desconocido,10,,
8cc28f91-e157-f011-877a-6045bd92f5a8,Bestmedicaldiet,nutraceuticos,https://www.Bestmedicaldiet.com,5,,0,ok,web_scraping,desconocido,5,,
a680f87e-f284-f111-ab0e-70a8a53a0b30,ANIS LA VIOLETERA,licores,https://www.anislavioletera.com,26,,0,ok,web_scraping,desconocido,26,,
12511427-30db-f011-8543-7c1e52123808,Graci,panaderia,https://www.muesligraci.com,4,,0,ok,web_scraping,desconocido,4,,
375b8a6a-1ce0-ec11-bb3d-000d3a43e7af,WINSOR HEALTHCARE LTD,nutraceuticos,https://www.uroxbladderhealth.co.uk,60,,0,ok,web_scraping,desconocido,60,,
33eb3558-d352-f111-bec6-000d3abe319d,BGG Europe SA,suplementos deportivos,https://www.farmaindustriaticino.ch/en/members/ordinary-members/bgg-europe-sa,8,,0,ok,web_scraping,desconocido,8,,
3d5b8a6a-1ce0-ec11-bb3d-000d3a43e7af,Innovation X Solutions,nutraceuticos,https://innovationxsolutions.com,5,,0,ok,web_scraping,desconocido,5,,
a280603c-bad6-41df-8dbc-692e9d9c89ce,El Granero,nutraceuticos,https://elgranero.com,22,,0,ok,web_scraping,desconocido,22,,
16511427-30db-f011-8543-7c1e52123808,Laboratorios Ynsadiet,"lacteos, yogures y postres lacteos",https://www.ynsadiet.com,9,,0,ok,web_scraping,desconocido,9,,
1b5b8a6a-1ce0-ec11-bb3d-000d3a43e7af,Lo Bello Fosfovit Srl,galleteros,https://fosfovit.com/en,14,,0,ok,web_scraping,desconocido,14,,
ead652f9-2e04-40fc-b9bc-3bb41deed2c8,NONGHYUP - Federación Cooperativas Apícolas de Corea,miel,https://www.nonghyup.com/eng/main/engMain.do,7,,0,ok,web_scraping,desconocido,7,,
a0c28f91-e157-f011-877a-6045bd92f5a8,Promerca,panaderia,https://www.promerca.com,28,Azúcar,1,ok,web_scraping,desconocido,28,,
a2c28f91-e157-f011-877a-6045bd92f5a8,Pisa,nutraceuticos,https://www.pisa.com.mx,14,,0,ok,web_scraping,desconocido,14,,
f8b50faf-aeda-4d44-b446-e0fa75d0b26f,NEOH,,https://www.neoh.com,60,,0,ok,web_scraping,desconocido,60,,
21eb3558-d352-f111-bec6-000d3abe319d,NUTRALAB S.R.L,nutraceuticos,https://nutralab.com,29,,0,ok,web_scraping,desconocido,29,,
76c28f91-e157-f011-877a-6045bd92f5a8,mmPRODUKT,bolleria,https://www.mmprodukt.pl,10,,0,ok,web_scraping,desconocido,10,,
a2d6ef7a-6fe3-43ab-8e67-6410cb8d87b3,GINYATOGHULLARI - AZERIBAL,miel,https://www.azeribal.az,17,,0,ok,web_scraping,desconocido,17,,
59eb3558-d352-f111-bec6-000d3abe319d,Sirio Europe GmbH & Co. KG,nutraceuticos,https://sirio-europe.com,9,,0,ok,web_scraping,desconocido,9,,
80e1a55d-814d-4493-ae4c-4ee6fae24341,LABORATORIOS NORMON S.A.,medicamentos,https://www.normon.com,8,,0,ok,web_scraping,desconocido,8,,
5680f87e-f284-f111-ab0e-70a8a53a0b30,PASTAS Y HOJALDRES UKO,bolleria,https://www.pastasyhojaldresuko.com,19,,0,ok,web_scraping,desconocido,19,,
8da46b26-5a9b-ef11-8a6b-000d3aaab965,Kuchenmeister,frutos secos y snacks,https://www.kuchenmeister.de,43,,0,ok,web_scraping,desconocido,43,,
12beb256-c7fe-ed11-8f6e-000d3aaab965,Van Slooten International B.V.,ecologico,https://www.vanslooten.eu,2,,0,ok,web_scraping,desconocido,2,,
18beb256-c7fe-ed11-8f6e-000d3aaab965,Food2smile,golosinas,https://www.food2smile.com,24,,0,ok,web_scraping,desconocido,24,,
4d5b8a6a-1ce0-ec11-bb3d-000d3a43e7af,Vabo-N Gmbh,nutraceuticos,https://www.vabo-n.com,6,,0,ok,web_scraping,desconocido,6,,
1ebeb256-c7fe-ed11-8f6e-000d3aaab965,ELBISCO,galleteros,https://www.elbisco.gr,7,,0,ok,web_scraping,desconocido,7,,
f7ea3558-d352-f111-bec6-000d3abe319d,Vitagold,nutraceuticos,https://www.vitagold.bg,35,,0,ok,web_scraping,desconocido,35,,
70eb3558-d352-f111-bec6-000d3abe319d,Veracetics,nutraceuticos,https://www.veracetics.es,15,,0,ok,web_scraping,desconocido,15,,
215b8a6a-1ce0-ec11-bb3d-000d3a43e7af,PIM Brands,frutos secos y snacks,https://www.pimbrands.com,16,Azúcar,1,ok,web_scraping,desconocido,16,,
c8869ac9-21af-483d-9d40-d0aeef70b537,ROYAL FASSIN B.V.,golosinas,https://www.royalfassin.com,11,,0,ok,web_scraping,desconocido,11,,
72eb3558-d352-f111-bec6-000d3abe319d,DKSH,pasteleria,https://www.dksh.com,33,,0,ok,web_scraping,desconocido,33,,
20beb256-c7fe-ed11-8f6e-000d3aaab965,Ravazzi S.p.a.,golosinas,https://www.ravazzigummy.it,6,,0,ok,web_scraping,desconocido,6,,
24beb256-c7fe-ed11-8f6e-000d3aaab965,Bob Snail,golosinas,https://www.bob-snail.com,25,Azúcar,1,ok,web_scraping,desconocido,25,,
28beb256-c7fe-ed11-8f6e-000d3aaab965,Karumu Fabrika,galleteros,https://www.mons.lv,8,,0,ok,web_scraping,desconocido,8,,
25bea86b-b7a8-ef11-b8e9-000d3aaab1fa,Hellema,galleteros,https://www.hellema.nl,11,,0,ok,web_scraping,desconocido,11,,
74c28f91-e157-f011-877a-6045bd92f5a8,TATA,"lacteos, yogures y postres lacteos",https://www.tatanq.com,3,,0,ok,web_scraping,desconocido,3,,
4feb3558-d352-f111-bec6-000d3abe319d,HERMES ARZNEIMITTEL GMBH,nutraceuticos,https://hermes-arzneimittel.com,18,,0,ok,web_scraping,desconocido,18,,
519cf976-adea-ee11-a203-000d3aaab59f,The Foods of Athenry,nutraceuticos,https://www.foodsofathenry.ie,47,Caramelo natural,1,ok,web_scraping,desconocido,47,,
1abeb256-c7fe-ed11-8f6e-000d3aaab965,Buiteman BV,galleteros,https://www.buiteman.com,3,,0,ok,web_scraping,desconocido,3,,
5bd098d0-9b5b-445d-98d9-a8475ee45eb1,BARANIK,carnico,https://www.baranik.sk/sk,60,,0,ok,web_scraping,desconocido,60,,
78c28f91-e157-f011-877a-6045bd92f5a8,Quimivita,nutraceuticos,https://www.quimivita.com,8,,0,ok,web_scraping,desconocido,8,,
8680f87e-f284-f111-ab0e-70a8a53a0b30,Alexakis,panaderia,https://www.alexakis-pittes.gr,3,,0,ok,web_scraping,desconocido,3,,
1cbeb256-c7fe-ed11-8f6e-000d3aaab965,JAWLINER,golosinas,https://www.jawliner.com,42,Azúcar,1,ok,web_scraping,desconocido,42,,
02511427-30db-f011-8543-7c1e52123808,Innovita Nutrition,golosinas,https://www.innovitanutrition.com,9,,0,ok,web_scraping,desconocido,9,,
b57626f8-2f79-49f9-b878-f942135461c0,UBUSI BEEKEEPING,frutos secos y snacks,https://ubusibeekeeping.com,24,Miel pura de abejas,1,ok,web_scraping,desconocido,24,,
fa501427-30db-f011-8543-7c1e52123808,Prinova,suplementos deportivos,https://www.prinovaglobal.com,47,,0,ok,web_scraping,desconocido,47,,
51eb3558-d352-f111-bec6-000d3abe319d,Stada,nutraceuticos,https://www.stada.es,12,,0,ok,web_scraping,desconocido,12,,
036b4ad3-a909-4c17-85ec-455b4460e9b7,SAHDAG,miel,https://www.shahdag.net,11,,0,ok,web_scraping,desconocido,11,,
08511427-30db-f011-8543-7c1e52123808,Setexam,nutraceuticos,https://www.setexam.com,12,,0,ok,web_scraping,desconocido,12,,
495b8a6a-1ce0-ec11-bb3d-000d3a43e7af,Nayaa Ingredients,"especias, aromas y colorantes",https://www.nayaa.com.mx,26,,0,ok,web_scraping,desconocido,26,,
20144747-7b62-ec11-8f8f-6045bd8a321b,More Foods,platos preparados,https://www.more-foods.co,12,,0,ok,web_scraping,desconocido,12,,
29bea86b-b7a8-ef11-b8e9-000d3aaab1fa,Generous,,https://www.generous.eu,49,,0,ok,web_scraping,desconocido,49,,
9e80f87e-f284-f111-ab0e-70a8a53a0b30,LIBER DESTILERIAS,licores,https://www.destileriasliber.com,42,Miel pura de abejas,1,ok,web_scraping,desconocido,42,,
06beb256-c7fe-ed11-8f6e-000d3aaab965,BioTechUSA BioTechUSA,suplementos deportivos,https://www.biotechusa.com,1,,0,ok,web_scraping,desconocido,1,,
9a80f87e-f284-f111-ab0e-70a8a53a0b30,TORRONS I MIEL ALEMANY,turron,https://www.alemany.com,6,Miel pura de abejas,1,ok,web_scraping,desconocido,6,,
8ec28f91-e157-f011-877a-6045bd92f5a8,Nutrifundiet,,https://www.nutrifundiet.com,4,,0,ok,web_scraping,desconocido,4,,
1c511427-30db-f011-8543-7c1e52123808,Luxlait,miel,https://www.luxlait.lu,54,,0,ok,web_scraping,desconocido,54,,
0049408d-6435-4a4c-ad19-ee197416b5af,Cotecnica,conservas vegetales,https://www.cotecnica.es,2,,0,ok,web_scraping,desconocido,2,,
0ebeb256-c7fe-ed11-8f6e-000d3aaab965,Fruitfunk,golosinas,https://www.fruitfunk.com,60,,0,ok,web_scraping,desconocido,60,,
90c28f91-e157-f011-877a-6045bd92f5a8,Salengei,nutraceuticos,https://www.salengei.com,60,,0,ok,web_scraping,desconocido,60,,
94c28f91-e157-f011-877a-6045bd92f5a8,Savino Del Bene,"especias, aromas y colorantes",https://www.savinodelbene.com,55,,0,ok,web_scraping,desconocido,55,,
a65b47c0-b3c0-485d-9347-1616aae7d7a4,DOLEZALUV MED,agroquimico,https://www.dolezaluvmed.cz,17,,0,ok,web_scraping,desconocido,17,,
475b8a6a-1ce0-ec11-bb3d-000d3a43e7af,Vivatis Pharma GmbH,nutraceuticos,https://www.vivatis.de,19,,0,ok,web_scraping,desconocido,19,,
c4bdffd2-212b-f011-8c4e-6045bd92f5a8,SEITENBACHER,carnico,https://www.seitenbacher.de,60,,0,ok,web_scraping,desconocido,60,,
776cad97-d9dc-40ba-baa5-584de334c080,Dr. Schär,ecologico,https://www.drschaer.com/en,10,,0,ok,web_scraping,desconocido,10,,
39bea86b-b7a8-ef11-b8e9-000d3aaab1fa,Carlier,bolleria,https://www.fudex.com,7,,0,ok,web_scraping,desconocido,7,,
a280f87e-f284-f111-ab0e-70a8a53a0b30,HELADOS GRANADA,helados,https://www.heladosgranada.com,16,,0,ok,web_scraping,desconocido,16,,
0c511427-30db-f011-8543-7c1e52123808,Kymuba,nutraceuticos,https://www.kymuba.com,6,,0,ok,web_scraping,desconocido,6,,
23bea86b-b7a8-ef11-b8e9-000d3aaab1fa,Haitoglou family foods,golosinas,https://www.haitoglou.gr,1,,0,ok,web_scraping,desconocido,1,,
02beb256-c7fe-ed11-8f6e-000d3aaab965,Broderick's Broderick's,bolleria,https://broderickbrothers.shop,60,,0,ok,web_scraping,desconocido,60,,
5253e8d8-be85-496f-853e-ebfb1262ee5e,Nanta,nutraceuticos,https://www.nanta.es/es-es,24,,0,ok,web_scraping,desconocido,24,,
45dab9bc-ea79-495f-9dbf-7d913786aefc,IPARLAT,"lacteos, yogures y postres lacteos",https://www.iparlat.com,13,,0,ok,web_scraping,desconocido,13,,
455b8a6a-1ce0-ec11-bb3d-000d3a43e7af,Pharmachem P. Ltd.,agroquimico,https://www.sapharmachem.com,12,,0,ok,web_scraping,desconocido,12,,
8080f87e-f284-f111-ab0e-70a8a53a0b30,Felfoldi,pasteleria,https://www.felfoldi.hu,7,,0,ok,web_scraping,desconocido,7,,
98c28f91-e157-f011-877a-6045bd92f5a8,Rener,zumos y nectares,https://www.rener.gr,12,,0,ok,web_scraping,desconocido,12,,
d1820414-003e-4ae7-b853-c57330de0336,HELADOS LIC,helados,https://heladoslic.es,39,,0,ok,web_scraping,desconocido,39,,
a4c28f91-e157-f011-877a-6045bd92f5a8,Vica,"especias, aromas y colorantes",https://www.vica.co.id,7,,0,ok,web_scraping,desconocido,7,,
50beb256-c7fe-ed11-8f6e-000d3aaab965,"Chocolate Organiko, S.L",chocolate,https://chocolateorganiko.com,29,"Caramelo natural, Miel pura de abejas",2,ok,web_scraping,desconocido,29,,
415b8a6a-1ce0-ec11-bb3d-000d3a43e7af,Pharmeko,zumos y nectares,https://www.pharmeko-group.com,12,,0,ok,web_scraping,desconocido,12,,
00511427-30db-f011-8543-7c1e52123808,LNK,"lacteos, yogures y postres lacteos",https://lautan-natural-krimerindo.com,26,Azúcar,1,ok,web_scraping,desconocido,26,,
86c28f91-e157-f011-877a-6045bd92f5a8,Laerbium,galleteros,https://www.assistenza@laerbium.com,60,,0,ok,web_scraping,desconocido,60,,
2beb3558-d352-f111-bec6-000d3abe319d,LABOMAR S.P.A.,nutraceuticos,https://labomar.com/en,14,,0,ok,web_scraping,desconocido,14,,
84c28f91-e157-f011-877a-6045bd92f5a8,Ckfood,"especias, aromas y colorantes",https://www.ckfood.it,3,,0,ok,web_scraping,desconocido,3,,
1d5b8a6a-1ce0-ec11-bb3d-000d3a43e7af,Alphalink,,http://www.alpha-link.co.jp,10,,0,ok,web_scraping,desconocido,10,,
255b8a6a-1ce0-ec11-bb3d-000d3a43e7af,Nestlé,chocolate,https://www.nestle.com,44,,0,ok,web_scraping,desconocido,44,,
175e2fa5-f637-4a20-8bc3-47848370c79c,Mousaffa,piensos ganaderia,https://www.Mousaffa.com,1,,0,ok,web_scraping,desconocido,1,,
8ac28f91-e157-f011-877a-6045bd92f5a8,Sternlife,"especias, aromas y colorantes",https://www.sternlife.de,11,,0,ok,web_scraping,desconocido,11,,
04beb256-c7fe-ed11-8f6e-000d3aaab965,Van Vliet,golosinas,https://www.van-vliet.com/en,6,,0,ok,web_scraping,desconocido,6,,
315b8a6a-1ce0-ec11-bb3d-000d3a43e7af,nako naturals GmbH,nutraceuticos,https://www.nakonaturals.com,60,,0,ok,web_scraping,desconocido,60,,
dc3e1274-0c06-ef11-9f89-6045bd92bc7a,Nairn's LTD,nutraceuticos,https://www.nairns-oatcakes.com,60,"Caramelo natural, Miel pura de abejas",2,ok,web_scraping,desconocido,60,,
5b5b8a6a-1ce0-ec11-bb3d-000d3a43e7af,Kaminds Nutrichem Private Limited,nutraceuticos,https://www.kaminds.com,60,,0,ok,web_scraping,desconocido,60,,
9a3351a2-61f5-40ae-b297-b5089c91532e,PARADISE HONEY LTD,miel,https://www.paradisehoney.fi,10,Miel pura de abejas,1,ok,web_scraping,desconocido,10,,
97d7cfdd-b49d-ee11-be37-000d3aaab965,PHODE,,https://www.phode.com,20,,0,ok,web_scraping,desconocido,20,,
4cf2aec0-35a5-4ef0-a6c2-15e5248db30f,IMPERVET LTD,miel,https://futkara.ge/en,45,,0,ok,web_scraping,desconocido,45,,
9bcd37d1-184f-42a5-b50e-6144a9bf93b0,NATIONAL BEE SUPPLIES,piensos ganaderia,https://www.beekeeping.co.uk,60,Miel pura de abejas,1,ok,web_scraping,desconocido,60,,
a9a46b26-5a9b-ef11-8a6b-000d3aaab965,Laboratoria Natury,"lacteos, yogures y postres lacteos",https://www.laboratorianatury.pl,8,,0,ok,web_scraping,desconocido,8,,
d6bdffd2-212b-f011-8c4e-6045bd92f5a8,NATRA,galleteros,https://www.natra.com,14,,0,ok,web_scraping,desconocido,14,,
335b8a6a-1ce0-ec11-bb3d-000d3a43e7af,Ck Food srl,galleteros,https://ckfood.it,3,,0,ok,web_scraping,desconocido,3,,
11eb3558-d352-f111-bec6-000d3abe319d,Eggnovo,nutraceuticos,https://eggnovo.com/es,5,,0,ok,web_scraping,desconocido,5,,
2ebff48d-b72f-426b-b784-96619fa8e780,DULCES ANAHUAC,golosinas,https://www.dulcesanahuac.com,30,,0,ok,web_scraping,desconocido,30,,
549cf976-adea-ee11-a203-000d3aaab59f,ANDROS Confiserie,mermeladas y confituras,https://www.beotanics.com,14,,0,ok,web_scraping,desconocido,14,,
f33e1274-0c06-ef11-9f89-6045bd92bc7a,"Ekofrukt Slany, spol. S.r.o",ecologico,https://www.natapura.com,13,,0,ok,web_scraping,desconocido,13,,
7ec28f91-e157-f011-877a-6045bd92f5a8,Bifido,nutraceuticos,https://www.bifido.com,6,,0,ok,web_scraping,desconocido,6,,
1a511427-30db-f011-8543-7c1e52123808,Luxlait,miel,https://www.luxlait.lu,54,,0,ok,web_scraping,desconocido,54,,
61c49a9f-3f7e-ee11-8179-000d3aaab965,ELITE GREEN PRIVATE LIMITED,,https://www.ncc.ie,24,,0,ok,web_scraping,desconocido,24,,
2d5b8a6a-1ce0-ec11-bb3d-000d3a43e7af,Unifarco,medicamentos,https://www.unifarco.it,28,,0,ok,web_scraping,desconocido,28,,
a64b8d86-39c3-499c-9b7c-0b50c9cd1f36,BEEHIVE FARMS,miel,https://beehivefarms.com,37,Miel pura de abejas,1,ok,web_scraping,desconocido,37,,
55eb3558-d352-f111-bec6-000d3abe319d,Hepatica,suplementos deportivos,https://hepatica.pl,47,,0,ok,web_scraping,desconocido,47,,
4cbeb256-c7fe-ed11-8f6e-000d3aaab965,Carolina Foods SL,galleteros,https://carolinahonest.com,60,Azúcar,1,ok,web_scraping,desconocido,60,,
9cc28f91-e157-f011-877a-6045bd92f5a8,Carameloscerdan,bolleria,https://www.carameloscerdan.com,27,,0,ok,web_scraping,desconocido,27,,
e83e1274-0c06-ef11-9f89-6045bd92bc7a,EUROVO Srl,"especias, aromas y colorantes",https://www.eurovo.com,40,,0,ok,web_scraping,desconocido,40,,
6feadd0d-a7e4-f011-8543-7ced8d0c1dc6,Puratos,"especias, aromas y colorantes",https://www.puratos.com,44,,0,ok,web_scraping,desconocido,44,,
bcbdffd2-212b-f011-8c4e-6045bd92f5a8,Hellema,galleteros,https://www.hellema.nl,11,,0,ok,web_scraping,desconocido,11,,
f5454f23-002b-4b30-91ab-1b432b93823d,Asociación Apicultores Eslovenia,miel,https://en.czs.si,1,,0,ok,web_scraping,desconocido,1,,
6aeb3558-d352-f111-bec6-000d3abe319d,ANKUSH,nutraceuticos,https://www.ankushindia.in,21,,0,ok,web_scraping,desconocido,21,,
500247dc-1786-4334-89a1-a06085a5fa44,Asociación Apicultores Eslovenia,miel,https://en.czs.si,1,,0,ok,web_scraping,desconocido,1,,
80c28f91-e157-f011-877a-6045bd92f5a8,Blauver,nutraceuticos,https://www.blauver.com,23,,0,ok,web_scraping,desconocido,23,,
91d7cfdd-b49d-ee11-be37-000d3aaab965,VIMTO,,https://www.vimto.co.uk,25,Azúcar,1,ok,web_scraping,desconocido,25,,
180a63b4-5c77-425b-81b8-d3b13bf972ef,MANFREDINI MARIAO S.T.L,,https://www.manfrediniapicoltura.it,20,Miel pura de abejas,1,ok,web_scraping,desconocido,20,,
b3094a0d-baa4-49c1-9af1-fe4d99f413b7,PreGel S.P.A.,,https://pregel.it/en/home-page,4,,0,ok,web_scraping,desconocido,4,,
810a18ad-aee8-4a4f-85e1-653b62aafac9,SALSA RICA,,https://salsarica.es,6,,0,ok,web_scraping,desconocido,6,,
345f1e6d-ef51-4034-a3e6-c2bf8a48fb26,SAI NUTRITION,,https://www.sai-nutrition.com,21,,0,ok,web_scraping,desconocido,21,,
78268c1d-18ab-ef11-b8e9-000d3aaab59f,Indena,,https://www.indena.com,60,,0,ok,web_scraping,desconocido,60,,
667a588a-e1ab-ef11-b8e9-000d3aaab59f,HTBA,,https://www.htba.com,28,,0,ok,web_scraping,desconocido,28,,
ee00f41b-e9ab-ef11-b8e9-000d3aaab59f,Quimidroga,,https://www.quimidroga.com,55,,0,ok,web_scraping,desconocido,55,,
0beb3558-d352-f111-bec6-000d3abe319d,Globulinks Ltd․,"especias, aromas y colorantes",https://www.globulinks.com/en,5,,0,ok,web_scraping,desconocido,5,,
39eb3558-d352-f111-bec6-000d3abe319d,Iris ventures,"especias, aromas y colorantes",https://www.weareiris.com,27,,0,ok,web_scraping,desconocido,27,,
41eb3558-d352-f111-bec6-000d3abe319d,Neovital Health - Neo Kids,nutraceuticos,https://www.neovitalhealth.com,60,,0,ok,web_scraping,desconocido,60,,
262c304a-dcaa-4a06-b689-0b660337a800,APIMON LLC,,https://apimonllc.com,19,,0,ok,web_scraping,desconocido,19,,
a77c0831-2e04-4a14-8db9-2375e132da52,INGREDIS TUNISE SARL,,https://www.ingredis.tn,6,,0,ok,web_scraping,desconocido,6,,
d1acaf2a-a485-4310-9250-28ac785e23d6,HUMBLE BEE,refrescos,https://www.humblebee.buzz,60,Miel pura de abejas,1,ok,web_scraping,desconocido,60,,
28d4a904-565d-47cd-adfb-29bd918813e2,ELIT FOODS,,https://elit-p.com,12,,0,ok,web_scraping,desconocido,12,,
d9304167-3039-4ed0-b79c-44176184eb42,EH THORNE,,https://www.thorne.co.uk,60,Miel pura de abejas,1,ok,web_scraping,desconocido,60,,
27929758-65f5-4952-9fe7-5f1a5c73d63a,"FOPELDA, S.A.",,https://WWW.PANETTO.PT,9,,0,ok,web_scraping,desconocido,9,,
164b4ca4-52fc-4dc6-81dd-638004ec1d79,WEGOCHEM EUROPE B.V.,,https://wegochem.com,48,,0,ok,web_scraping,desconocido,48,,
8730884b-d358-4b7b-80fc-6753089de8bd,"NORDMANN PORTUGAL, S.A.",,https://www.nordmann.global,14,,0,ok,web_scraping,desconocido,14,,
5a01962d-1012-480d-8b70-6c9214804a4f,"CALAF NUANCES, SL",,https://www.calafnuances.com/es,8,,0,ok,web_scraping,desconocido,8,,
7120235d-fbdf-f011-8544-7ced8d0c5f55,Ynsadiet,refrescos,https://www.ynsadiet.com,9,,0,ok,web_scraping,desconocido,9,,
7151f9ef-2e5d-4312-ab1a-875171ca81ee,PUUILO OY LTD,,https://www.puuilo.fi,60,,0,ok,web_scraping,desconocido,60,,
612a4fa4-8bbb-4607-945a-a1482748466b,Propolis Etc,quesos,https://propolis-etc.ca,10,,0,ok,web_scraping,desconocido,10,,
62e63cc2-c491-4080-8c15-e550aab70e66,"DESTILADORES Y BODEGUEROS, S.L.",vino y derivados del vino,https://www.edrington.com/en,17,,0,ok,web_scraping,desconocido,17,,
5a24c6c3-e8b3-4555-95de-0f71cddf2819,Dama Food Factory SLU,,https://damafoodfactory.com,32,,0,ok,web_scraping,desconocido,32,,
967e54f3-fb8b-463a-8735-2771169f60a5,FRIT RAVICH S.L,frutos secos y snacks,https://www.fritravich.com,60,Miel pura de abejas,1,ok,web_scraping,desconocido,60,,
4880cc28-4df2-4188-bd66-38e7fdf5c225,SONCINI SRL,,https://www.sonciniweb.it/en,16,,0,ok,web_scraping,desconocido,16,,
914897d0-0fc1-40cc-a6b0-8d63a5f48817,THOMAS APICULTURE,,https://www.thomas-apiculture.com,9,Miel pura de abejas,1,ok,web_scraping,desconocido,9,,
b7c8608d-f3bc-4795-bdac-905a8f7f0798,"HISPANOAMERICAN BROKERS, S.L.",,https://hispanoamerican.com,4,,0,ok,web_scraping,desconocido,4,,
61252b09-3a8e-47a5-993c-d5e4f78f662e,BUTT FLOWER S.L.,,https://buttflowers.es,3,,0,ok,web_scraping,desconocido,3,,
64268c1d-18ab-ef11-b8e9-000d3aaab59f,SamecaPQ,,https://www.sameca.com,5,,0,ok,web_scraping,desconocido,5,,
80268c1d-18ab-ef11-b8e9-000d3aaab59f,Tuchel & Sohn,,https://www.tuchel-sohn.com,8,,0,ok,web_scraping,desconocido,8,,
f5f9791b-8cb1-ef11-b8e9-000d3aaab59f,Blagden Specialty Chemicals LTD,"especias, aromas y colorantes",https://www.elton-group.com,1,,0,ok,web_scraping,desconocido,1,,
17fa791b-8cb1-ef11-b8e9-000d3aaab59f,Milchwerke Mittelelbe GmbH,,https://www.elb-milch.de,24,,0,ok,web_scraping,desconocido,24,,
7dc85ce4-c09b-ed11-aad1-000d3aaab651,Trinova AG,,https://www.trinova.ch,8,,0,ok,web_scraping,desconocido,8,,
f5c85ce4-c09b-ed11-aad1-000d3aaab651,Smart Organic AD,,https://smartorganic.com,60,"Azúcar, Caramelo natural",2,ok,web_scraping,desconocido,60,,
bd56232f-494f-4277-8ee2-06757c5bd180,KIND INDUSTRY,,https://dlabparis.com,60,,0,ok,web_scraping,desconocido,60,,
a963ee89-b900-4a24-9e59-1104e33d192d,JUALEX CANARIAS S.L.,,https://jualex.es,22,,0,ok,web_scraping,desconocido,22,,
3d90c1c5-5909-42d5-a8b1-70bc45bb9513,ADVANCE SCIENCE,,https://hivealivebees.com,60,,0,ok,web_scraping,desconocido,60,,
3e5f5bac-54cf-4bbd-87c4-9eb6b0c02ec9,HiveIQ,,https://www.hiveiq.com.au,60,Miel pura de abejas,1,ok,web_scraping,desconocido,60,,
aceb0884-8806-4868-9efe-f00e5f9e4f4b,Alnahal Aljwal Company,,https://www.alnahalaljwal.com.sa,5,,0,ok,web_scraping,desconocido,5,,
3440374b-530a-482e-87bf-16d9f8cc1aa4,GRUPO DISTRIBUIDOR GARAU S.L.,,http://www.garau.es,55,,0,ok,web_scraping,desconocido,55,,
ec85fbd9-d17c-436c-a243-488a86a0ce0d,"FOODPLUS - Ingredientes e Aditivos, Lda",,https://www.foodplus.pt,16,,0,ok,web_scraping,desconocido,16,,
8d50675c-9e38-4890-91c5-6215c51d8065,IFF MURCIA NATURAL INGREDIENTS S.L.,,https://www.iff.com,60,,0,ok,web_scraping,desconocido,60,,
bd0923fc-074c-4ac1-93ac-9caeba5c3bc2,"BIMBO DONUTS IBERIA, S.A.U.",,https://www.grupobimbo.es,11,,0,ok,web_scraping,desconocido,11,,
e8704823-f011-4e4d-a97a-bd14841580bd,African Beekeepers Limited,,https://africanbeekeepers.co.ke,23,Miel pura de abejas,1,ok,web_scraping,desconocido,23,,
28a5a0b5-8400-480f-b5f9-38320dd75f09,"EXPLOTACIONES HERMANOS DELGADO, S.L.",vino y derivados del vino,https://www.bodegaehd.com,41,,0,ok,web_scraping,desconocido,41,,
7599ee0f-693a-4938-9696-588356913118,APITEC,piensos ganaderia,https://apitec.pl,22,,0,ok,web_scraping,desconocido,22,,
9ec28f91-e157-f011-877a-6045bd92f5a8,Blagden Specialty Chemicals LTD,nutraceuticos,https://www.elton-group.com,1,,0,ok,web_scraping,desconocido,1,,
8480f87e-f284-f111-ab0e-70a8a53a0b30,Sesamis,barritas y bebidas deportivas,https://www.sesamis.gr,2,,0,ok,web_scraping,desconocido,2,,
594d57b6-320a-4745-aa82-710c7be4ccb4,ARCHROMA IBERICA S.L.,agroquimico,https://www.archroma.com,46,,0,ok,web_scraping,desconocido,46,,
bbfa2051-17c3-4a39-a8d8-a06d93f08fed,GROUPEMENT APIBIO,piensos ganaderia,https://www.groupement-apibio.org,3,,0,ok,web_scraping,desconocido,3,,
bd758494-8687-4585-b983-0168b7354e72,MIGADI MONOPROSOPI IKE,,https://www.beecrete.gr,60,,0,ok,web_scraping,desconocido,60,,
bd6f4fe4-82f5-4278-a881-03435f2dff24,GENBA TASTE,,https://www.genbataste.lt,13,,0,ok,web_scraping,desconocido,13,,
42433238-fa77-4e93-9ccb-05b19f4c1769,"J.M. PALAU, S.A.",,http://jmpalau.com,33,,0,ok,web_scraping,desconocido,33,,
93e54c89-1c54-47ff-a727-0ba52a4fe952,SYMRISE IBÉRICA,,https://www.symrise.com,60,,0,ok,web_scraping,desconocido,60,,
e098939f-5217-409d-9884-1201558ef7a0,COMAPIS,,https://comapis.com,60,,0,ok,web_scraping,desconocido,60,,
f8714d97-f6c5-45c2-898a-1ae30a2096c3,APICOMP SRLS,,https://www.apicomp.it,60,Miel pura de abejas,1,ok,web_scraping,desconocido,60,,
de2e2006-22c4-4c0a-a449-260014320682,"MUNDAKA HELADOS, S.L.",,https://www.heladeriascassata.es,20,,0,ok,web_scraping,desconocido,20,,
2d941417-1d7a-4496-92b1-516daf4af955,ASTERISCOS E RETICENCIAS S.A.,,https://gutsycaptain.com,1,,0,ok,web_scraping,desconocido,1,,
8636c5c7-6b5a-4ea4-a085-55a7f798de45,ALBERTA HONEY PRODUCERS CO-OPERATIVE LTD.,,https://www.beemaidbeesupplies.com,60,Miel pura de abejas,1,ok,web_scraping,desconocido,60,,
fee4e0d6-2d51-41f9-980a-63dca25841a1,IL MONDO DELLE API,,https://www.ilmondodelleapi.com,21,Miel pura de abejas,1,ok,web_scraping,desconocido,21,,
7be58217-d972-422c-97a5-655d18e8f5eb,ROTTERDAMS HONING,,https://www.rotterdamhoning.nl,32,Miel pura de abejas,1,ok,web_scraping,desconocido,32,,
61026edf-4327-4a8c-995f-6968a9d521a5,"JOSE MARIA BOU, S.L.",,https://www.chufasbou.com,37,,0,ok,web_scraping,desconocido,37,,
6d075d46-8ac1-4b92-8f88-6f94df82a00b,CARL FRITZ,,https://www.carl-fritz.de,60,,0,ok,web_scraping,desconocido,60,,
dae4bd49-2ef1-4cac-b4d3-727ee2f5b301,Hillco Bees,,https://www.hillco.buzz,60,Miel pura de abejas,1,ok,web_scraping,desconocido,60,,
9e38eac6-6889-4249-9cc8-7af28f7c3e6f,"RON MONTERO, S.L.",,https://ronmontero.com,9,,0,ok,web_scraping,desconocido,9,,
64c7a77f-86ba-40d9-ac91-865be6df87d7,Laboratorios Viñas,,https://www.vinas.es,10,,0,ok,web_scraping,desconocido,10,,
75aab949-24ae-4463-816f-8830e8754ee5,IMKERSHOP.NL,,https://www.imkershop.nl,22,Miel pura de abejas,1,ok,web_scraping,desconocido,22,,
5c7aa85a-2a32-4ad5-9205-8f0b1f03a80b,GARTNERBUTIKKEN,,https://gartnerbutikken.dk,60,,0,ok,web_scraping,desconocido,60,,
ec9a62b1-80c3-42b2-844f-90e9f1c63ab7,KOPPERT ESPAÑA,,https://www.koppert.es,24,,0,ok,web_scraping,desconocido,24,,
97e51d33-ea3a-4931-bf10-9de00946e7c6,General Mills,,https://www.generalmills.es,47,,0,ok,web_scraping,desconocido,47,,
289e6483-a096-47d6-8103-afdb07f26add,Ferdinand Kreutzer Sabamühle GmbH,,http://www.saba.de,29,,0,ok,web_scraping,desconocido,29,,
45545777-1df9-4bc4-9340-b13effc01261,APITRADE LTD,,https://www.simid.bg,25,,0,ok,web_scraping,desconocido,25,,
eeeb72ee-8d16-45c1-949e-b5f74233b3b2,Bitio Project S.L.,,https://www.zenement.com,36,,0,ok,web_scraping,desconocido,36,,
cb5acfa3-82cc-4e7c-950d-be831c01f243,Imkereibedarf Seiringer e.U.,,https://www.imkerei-seiringer.com/produkt-kategorie/bienenfutter,50,,0,ok,web_scraping,desconocido,50,,
62ed87fc-0404-4363-9b6b-d7aa444a51d0,Lehmann Food ingredients Ltd,,https://lehmanningredients.co.uk/dietary-fibre,60,"Caramelo natural, Dextrosa, Jarabe de glucosa, Jarabe de maltitol, Maltitol",5,ok,web_scraping,desconocido,60,,
e835f4a7-147e-4844-9195-de7602308788,BARCELONA BEER COMPANY,,https://www.barcelonabeercompany.com,1,,0,ok,web_scraping,desconocido,1,,
0f514c89-5175-4357-8bc4-e986150c9849,GOLOSINAS MININOLAS S.L,,https://mininolas.com,7,Azúcar,1,ok,web_scraping,desconocido,7,,
98eb3558-d352-f111-bec6-000d3abe319d,Guts Biotech,,https://www.gutsbiotech.com,43,,0,ok,web_scraping,desconocido,43,,
26180b51-884b-45e3-a5ea-b09beac817ef,STELISIA,nutraceuticos,https://stelisia.eu/en/home,9,,0,ok,web_scraping,desconocido,9,,
6f20235d-fbdf-f011-8544-7ced8d0c5f55,Nu-Mega Ingredient B.V.,nutraceuticos,https://www.nu-mega.com,13,,0,ok,web_scraping,desconocido,13,,
7320235d-fbdf-f011-8544-7ced8d0c5f55,Fratelli Castellino,frutos secos y snacks,https://www.fratellicastellino.it,8,,0,ok,web_scraping,desconocido,8,,
7f20235d-fbdf-f011-8544-7ced8d0c5f55,LESAFFRE,"lacteos, yogures y postres lacteos",https://www.lesaffre.com,22,,0,ok,web_scraping,desconocido,22,,
5ae59d68-c144-4ba5-9b78-a129a4d6b4f7,BRAIN Biotech AG,nutraceuticos,https://www.brain-biotech.com/en,40,,0,ok,web_scraping,desconocido,40,,
d520235d-fbdf-f011-8544-7ced8d0c5f55,NOVONESIS,,https://www.novonesis.com,60,Azúcar,1,ok,web_scraping,desconocido,60,,
40f6487f-d8d5-f011-8543-00224882d38d,Protina Pharmazeutische,"especias, aromas y colorantes",https://www.protina.de,17,,0,ok,web_scraping,desconocido,17,,
8dc85ce4-c09b-ed11-aad1-000d3aaab651,Mathiesen SAC,panaderia,https://www.grupomathiesen.com/espana,60,,0,ok,web_scraping,desconocido,60,,
e520235d-fbdf-f011-8544-7ced8d0c5f55,Yeo Valley,panaderia,https://www.yeovalley.co.uk,34,Miel pura de abejas,1,ok,web_scraping,desconocido,34,,
4edecfc5-98de-48cb-98f8-c9c2e5962f40,CENTSWEETS BV,,https://www.centsweets.nl,3,,0,ok,web_scraping,desconocido,3,,
0bc85ce4-c09b-ed11-aad1-000d3aaab651,Spice o life,"especias, aromas y colorantes",https://spiceolife.ie,13,,0,ok,web_scraping,desconocido,13,,
297cd1be-93f5-4db6-afc6-00d4f7023e94,Vandemoortele (Vamix),panaderia,https://www.vandemoortele.com,45,,0,ok,web_scraping,desconocido,45,,
69c85ce4-c09b-ed11-aad1-000d3aaab651,CBC GROUP,platos preparados,https://www.gedimex.com/es,19,,0,ok,web_scraping,desconocido,19,,
38beb256-c7fe-ed11-8f6e-000d3aaab965,CONRAD SCHULTE GMBH & Co. KG,galleteros,https://www.schulte-feingebaeck.de,14,,0,ok,web_scraping,desconocido,14,,
313272b4-3e7e-4fef-83c0-eb60340185b4,,bolleria,https://arocarepresentaciones.com,7,,0,ok,web_scraping,desconocido,7,,
40beb256-c7fe-ed11-8f6e-000d3aaab965,Bohlsener Muehle,nutraceuticos,https://www.naturitas.es,43,Miel pura de abejas,1,ok,web_scraping,desconocido,43,,
b1eb3558-d352-f111-bec6-000d3abe319d,Sam's Club,,https://www.samsclub.com,38,,0,ok,web_scraping,desconocido,38,,
bb55068d-be6c-4f3f-908c-2a11b7f3492f,AQURATE INGREDIENTS INTL (M) SDN. BHD.,zumos y nectares,https://www.akvile.lt,6,,0,ok,web_scraping,desconocido,6,,
92eb3558-d352-f111-bec6-000d3abe319d,EYM SRL,,https://eymperu.com/es/home,56,Azúcar,1,ok,web_scraping,desconocido,56,,
d273e8f5-b538-f111-88b4-000d3a2998e3,Apple,,https://www.biologon.at,21,,0,ok,web_scraping,desconocido,21,,
7bfa791b-8cb1-ef11-b8e9-000d3aaab59f,M&C Bakery,bolleria,https://www.mcbakery.es,21,,0,ok,web_scraping,desconocido,21,,
7aeb3558-d352-f111-bec6-000d3abe319d,Wellnessbev Limited,nutraceuticos,https://wellness-bev.com/index.html,12,,0,ok,web_scraping,desconocido,12,,
84eb3558-d352-f111-bec6-000d3abe319d,Biominerals,nutraceuticos,https://biominerals.net,5,,0,ok,web_scraping,desconocido,5,,
2dc95ce4-c09b-ed11-aad1-000d3aaab651,GreenField Natural Ingredients,"especias, aromas y colorantes",https://greenfield.eu.com,16,,0,ok,web_scraping,desconocido,16,,
0f150384-3aa9-4e21-82a9-a067c449d9ce,M&S TRADING SK,panaderia,https://mssk.sk,8,,0,ok,web_scraping,desconocido,8,,
4cf6487f-d8d5-f011-8543-00224882d38d,Vitals Voedingssupplementen BV,platos preparados,https://www.vitals.eu,32,,0,ok,web_scraping,desconocido,32,,
a9035281-afff-ed11-8f6e-000d3aaab571,PROMOPHARMA,nutraceuticos,https://www.promopharma.it,60,,0,ok,web_scraping,desconocido,60,,
50fa791b-8cb1-ef11-b8e9-000d3aaab59f,HIFOOD SpA,miel,https://www.hifood.it,60,Azúcar,1,ok,web_scraping,desconocido,60,,
41b8ca9e-7a2e-4e1e-a327-de51c3f7a7ad,,,https://www.julianprice.com,6,,0,ok,web_scraping,desconocido,6,,
24144747-7b62-ec11-8f8f-6045bd8a321b,Hirshberg Brothers & Co. Chemicals Ltd.,agroquimico,https://hbc.co.il/about,9,,0,ok,web_scraping,desconocido,9,,
58e02d95-7753-40b9-8886-485b1c9fa450,ALLOS,mermeladas y confituras,https://www.piccantino.es/allos-hof-manufaktur,60,"Azúcar, Miel pura de abejas",2,ok,web_scraping,desconocido,60,,
5589e93d-e848-40ca-918f-0abcbf23a1a6,CIUCIU Bonbonwerk GmbH,golosinas,https://ciuciu.de,10,,0,ok,web_scraping,desconocido,10,,
9f035281-afff-ed11-8f6e-000d3aaab571,Cell biotech,nutraceuticos,https://www.cellbiotech.com,32,,0,ok,web_scraping,desconocido,32,,
73c85ce4-c09b-ed11-aad1-000d3aaab651,Berner Ltd,medicamentos,https://www.berner.fi/en/home,4,,0,ok,web_scraping,desconocido,4,,
b3c85ce4-c09b-ed11-aad1-000d3aaab651,REDA INDUSTRIAL MATERIALS,panaderia,https://redachem.com,7,,0,ok,web_scraping,desconocido,7,,
b14cd454-38f9-4945-b265-2ef231c37941,ORKLA Latvija,pasteleria,https://www.orkla.lv/eng,9,,0,ok,web_scraping,desconocido,9,,
8bc85ce4-c09b-ed11-aad1-000d3aaab651,Redox,panaderia,https://www.redox.com,24,,0,ok,web_scraping,desconocido,24,,
ec3e1274-0c06-ef11-9f89-6045bd92bc7a,Bakemart FZ LLC,bolleria,https://www.chrisanthidis.gr,13,,0,ok,web_scraping,desconocido,13,,
595431ab-a7b2-45d7-8755-3052077b5618,"DALAN ANIMAL HEALTH, INC.",medicamentos,https://www.dalan.com,15,,0,ok,web_scraping,desconocido,15,,
13c85ce4-c09b-ed11-aad1-000d3aaab651,Global Foods SAL,bolleria,https://globalfoods.com.lb,22,,0,ok,web_scraping,desconocido,22,,
a0eb3558-d352-f111-bec6-000d3abe319d,L'Oréal,,https://www.loreal-finance.com/en/annual-report-2025,33,,0,ok,web_scraping,desconocido,33,,
1dc85ce4-c09b-ed11-aad1-000d3aaab651,Nutribio,barritas y bebidas deportivas,https://www.nutribio.com/fr,1,,0,ok,web_scraping,desconocido,1,,
66f6487f-d8d5-f011-8543-00224882d38d,impag,nutraceuticos,https://www.impag.com,12,,0,ok,web_scraping,desconocido,12,,
99a159a6-0bd5-408c-b2db-59013a19051b,GALAMED,galleteros,https://www.galamed.hr,3,,0,ok,web_scraping,desconocido,3,,
6deadd0d-a7e4-f011-8543-7ced8d0c1dc6,TFTAK,chocolate,https://www.tftak.eu,10,,0,ok,web_scraping,desconocido,10,,
518c06dd-a9a2-442e-8381-5b0ebf28bb67,Bordas,,https://www.bordas-sa.com,12,,0,ok,web_scraping,desconocido,12,,
1103c703-5719-f111-8341-000d3a20f344,POSTBIOTICA SRL,nutraceuticos,https://www.postbiotica.com,16,,0,ok,web_scraping,desconocido,16,,
b720235d-fbdf-f011-8544-7ced8d0c5f55,Asahi Group Holdings,cervezas,https://www.candianuts.gr,31,Miel pura de abejas,1,ok,web_scraping,desconocido,31,,
4af6487f-d8d5-f011-8543-00224882d38d,Givaudan,helados,https://www.givaudan.com,51,,0,ok,web_scraping,desconocido,51,,
df25320e-5055-4f40-97ca-02e3f23bda49,Sonneveld Group B.V.,panaderia,https://www.sonneveld.com,50,,0,ok,web_scraping,desconocido,50,,
abeb3558-d352-f111-bec6-000d3abe319d,Qimondo,suplementos deportivos,https://www.qimondo.eu/es,37,,0,ok,web_scraping,desconocido,37,,
1e18b1ae-c4cb-486c-91c5-71edf720ca1b,AMI INGREDIENTS,pasteleria,https://ami-ingredients.fr,4,,0,ok,web_scraping,desconocido,4,,
abc85ce4-c09b-ed11-aad1-000d3aaab651,URAI S.p.A.,"especias, aromas y colorantes",https://www.urai.it,16,,0,ok,web_scraping,desconocido,16,,
c2c28f91-e157-f011-877a-6045bd92f5a8,Uriach,,https://www.uriach.com,5,,0,ok,web_scraping,desconocido,5,,
1c261b56-02bd-4e24-85cb-dfe67bb87dd8,CONFECTIS,golosinas,https://confectis.com/products,12,,0,ok,web_scraping,desconocido,12,,
bf8b9fc4-53ac-4a57-b6e2-23635a4f435a,cosun,agroquimico,https://www.cosun.com,26,,0,ok,web_scraping,desconocido,26,,
f467c53c-c3a5-44b8-ab3c-28600e20b5ab,DERMISIS,galleteros,https://www.dermisis.gr,41,"Azúcar, Azúcar Integral, Miel pura de abejas",3,ok,web_scraping,desconocido,41,,
64d45ef8-a8a9-4624-be13-250748e4d3e1,CODILAB,,https://www.hsh-chemie.com,37,,0,ok,web_scraping,desconocido,37,,
3abd60a4-6ae6-4fe5-abcc-c0b78fe15134,REVOLUCION SOSTENIBLE S.L. - GLOOP,"especias, aromas y colorantes",https://www.gloop.site/cucharitas-comestibles-mini-gloops,8,,0,ok,web_scraping,desconocido,8,,
82eb3558-d352-f111-bec6-000d3abe319d,Ars Pharmae,nutraceuticos,https://www.arspharmae.com,8,,0,ok,web_scraping,desconocido,8,,
2b68af19-9ec9-4b14-b008-86a252ddf719,BEEBOX WORLD,miel,https://www.beeboxworld.com,60,Miel pura de abejas,1,ok,web_scraping,desconocido,60,,
9dc85ce4-c09b-ed11-aad1-000d3aaab651,Obegi Chemicals,panaderia,https://www.obegichem.com,3,,0,ok,web_scraping,desconocido,3,,
cac54d63-3ab0-f111-aaac-7ced8d0bdcda,La colmena de cristal (MDP HONEY),miel,https://www.mdphoney.ar,10,,0,ok,web_scraping,desconocido,10,,
8feadd0d-a7e4-f011-8543-7ced8d0c1dc6,Tirlan,agroquimico,https://www.tirlan.com,28,,0,ok,web_scraping,desconocido,28,,
b3717bd7-bdff-4d54-aed7-ef10f6ac6f76,CSM Ingredients,panaderia,https://csmingredients.com/international/en_en/homepage,34,,0,ok,web_scraping,desconocido,34,,
0dc85ce4-c09b-ed11-aad1-000d3aaab651,Spice O' Life Limited,"especias, aromas y colorantes",https://spiceolife.ie,13,,0,ok,web_scraping,desconocido,13,,
a7eb3558-d352-f111-bec6-000d3abe319d,P&G Health Austria GmbH. & Co. OG,nutraceuticos,https://www.pg-personal-healthcare.com,1,,0,ok,web_scraping,desconocido,1,,
2dfde01e-78cf-4129-a3e5-9d4a04eda7c4,PETROW FOOD GROUP,barritas y bebidas deportivas,https://petrowfoodgroup.com,15,,0,ok,web_scraping,desconocido,15,,
0a3ecd47-7382-470a-9740-4449c7faf14c,EL ORIGEN FOOD GMBH,,https://www.elorigenfood.de/collections/shop,60,,0,ok,web_scraping,desconocido,60,,
8520235d-fbdf-f011-8544-7ced8d0c5f55,Sunar,"especias, aromas y colorantes",https://www.sunar.com.tr,1,,0,ok,web_scraping,desconocido,1,,
ac50c925-1665-48d0-8556-3bfffd7e60c1,SPITZ,refrescos,https://www.spitz.at,5,,0,ok,web_scraping,desconocido,5,,
c8c54d63-3ab0-f111-aaac-7ced8d0bdcda,IWIK S.A (MDP HONEY),miel,https://www.mdphoney.ar,10,,0,ok,web_scraping,desconocido,10,,
9aeb3558-d352-f111-bec6-000d3abe319d,Kline + Company,,https://klinegroup.com,60,,0,ok,web_scraping,desconocido,60,,
fbea3558-d352-f111-bec6-000d3abe319d,Colostrum Processing,"lacteos, yogures y postres lacteos",https://www.colostrumprocessing.nl,5,,0,ok,web_scraping,desconocido,5,,
3c66bd0b-9141-4466-ac1c-403ae52a6e51,ALIANZA NACIONAL APÍCOLA DE KAZAKSTAN,piensos ganaderia,https://www.bal-ara.kz,7,,0,ok,web_scraping,desconocido,7,,
2fc85ce4-c09b-ed11-aad1-000d3aaab651,Chili Produkt Kft.,"especias, aromas y colorantes",https://chiliprodukt.hu,8,,0,ok,web_scraping,desconocido,8,,
ea6c862f-b9ec-496d-9dc0-66569dda0bb3,Bienenhaus Tani,agroquimico,https://www.dilus.com,32,,0,ok,web_scraping,desconocido,32,,
b1c85ce4-c09b-ed11-aad1-000d3aaab651,Inexall Company,panaderia,https://en.inexall-company.com,14,,0,ok,web_scraping,desconocido,14,,
4ef6487f-d8d5-f011-8543-00224882d38d,Vitals Voedingssupplementen BV,chocolate,https://www.vitals.eu,32,,0,ok,web_scraping,desconocido,32,,
309e6511-7973-44b3-a8b4-b83a7981c732,ACTOVERCO,medicamentos,https://www.actoverco.com,52,,0,ok,web_scraping,desconocido,52,,
37fa791b-8cb1-ef11-b8e9-000d3aaab59f,Ilmor,"especias, aromas y colorantes",https://ilmor.com.tr,15,,0,ok,web_scraping,desconocido,15,,
e120235d-fbdf-f011-8544-7ced8d0c5f55,USA Pulses,conservas vegetales,https://www.usapulses.org,36,,0,ok,web_scraping,desconocido,36,,
40fa791b-8cb1-ef11-b8e9-000d3aaab59f,"Symrise Ibérica, s.l.",,https://www.symrise.com,60,,0,ok,web_scraping,desconocido,60,,
9df528b2-f96b-41ae-a3d6-af69e2bc6e50,SALVE GLOBAL,suplementos deportivos,https://www.salveglobal.com,9,,0,ok,web_scraping,desconocido,9,,
1dfa791b-8cb1-ef11-b8e9-000d3aaab59f,Pomona Keepers,,https://www.pomonakeepers.com,13,,0,ok,web_scraping,desconocido,13,,
af035281-afff-ed11-8f6e-000d3aaab571,CHICKLES GUM,golosinas,https://chic-kles.com,14,Azúcar,1,ok,web_scraping,desconocido,14,,
86eb3558-d352-f111-bec6-000d3abe319d,Biotexia,nutraceuticos,https://www.biotexia.com/en,8,,0,ok,web_scraping,desconocido,8,,
a61a9c52-ef5b-4bcb-8eed-ece18ac36104,Mondelez,galleteros,https://www.mondelezinternational.com,15,,0,ok,web_scraping,desconocido,15,,
88eb3558-d352-f111-bec6-000d3abe319d,Bonusan,nutraceuticos,https://www.bonusan.es,60,Azúcar,1,ok,web_scraping,desconocido,60,,
5af6487f-d8d5-f011-8543-00224882d38d,Glanbia,,https://www.glanbia.com,6,,0,ok,web_scraping,desconocido,6,,
fdc75ce4-c09b-ed11-aad1-000d3aaab651,AllinAll Ingredients,"especias, aromas y colorantes",https://allinall.ie,2,,0,ok,web_scraping,desconocido,2,,
a5eb3558-d352-f111-bec6-000d3abe319d,Nature's Way Brands,suplementos deportivos,https://naturesway.com,60,"Azúcar, Dextrosa",2,ok,web_scraping,desconocido,60,,
adc85ce4-c09b-ed11-aad1-000d3aaab651,Inexall Company,panaderia,https://en.inexall-company.com,14,,0,ok,web_scraping,desconocido,14,,
48fa791b-8cb1-ef11-b8e9-000d3aaab59f,ITS Nutriscience,"especias, aromas y colorantes",https://www.its-nutriscience.com,60,"Azúcar, Maltitol, Sorbitol",3,ok,web_scraping,desconocido,60,,
142da7d3-68ab-4180-8b33-0a598929e8c3,TFTAK,,https://www.tftak.eu,10,,0,ok,web_scraping,desconocido,10,,
f9f9791b-8cb1-ef11-b8e9-000d3aaab59f,"Symrise Ibérica, s.l.",,https://www.symrise.com,60,,0,ok,web_scraping,desconocido,60,,
b6c28f91-e157-f011-877a-6045bd92f5a8,Nutrinovex Sport Innovations S.L.,,https://nutrinovex.es,60,,0,ok,web_scraping,desconocido,60,,
57c85ce4-c09b-ed11-aad1-000d3aaab651,DSM Food & Beverage,pasteleria,https://www.dsm-firmenich.com,38,,0,ok,web_scraping,desconocido,38,,
7dfa791b-8cb1-ef11-b8e9-000d3aaab59f,Neoingredientes Lda,refrescos,https://www.neoingredientes.com,7,,0,ok,web_scraping,desconocido,7,,
21c95ce4-c09b-ed11-aad1-000d3aaab651,esarom gmbh,helados,https://www.esarom.com,23,,0,ok,web_scraping,desconocido,23,,
afeb3558-d352-f111-bec6-000d3abe319d,Rapid  Biotechnologies,suplementos deportivos,https://rapidbiotechnologies.com,29,Azúcar,1,ok,web_scraping,desconocido,29,,
a6c54d63-3ab0-f111-aaac-7ced8d0bdcda,Nutrelar,miel,https://www.nutrelar.com.ar,11,,0,ok,web_scraping,desconocido,11,,
41c85ce4-c09b-ed11-aad1-000d3aaab651,INOFEA,medicamentos,https://www.inofea.com,12,,0,ok,web_scraping,desconocido,12,,
71c85ce4-c09b-ed11-aad1-000d3aaab651,ORGANO FOOD TECH CORPORATION,barritas y bebidas deportivas,https://oft.organo.co.jp/english,7,,0,ok,web_scraping,desconocido,7,,
fa4bfc6f-e649-4a3d-a914-9cfe3a294fd6,Harrapi,frutos secos y snacks,https://www.harrapi.com,22,,0,ok,web_scraping,desconocido,22,,
b3035281-afff-ed11-8f6e-000d3aaab571,LABORATORIOS ANUR,,https://laboratoriosanur.es,12,,0,ok,web_scraping,desconocido,12,,
73fa791b-8cb1-ef11-b8e9-000d3aaab59f,GACHES CHIMIE,bolleria,https://www.gaches.com,5,,0,ok,web_scraping,desconocido,5,,
25ffa0b2-f396-4e21-9083-5aeb51d1924f,Bang & Bonsomer,"especias, aromas y colorantes",https://food-ingredients.bangbonsomer.com/food-ingredients,5,,0,ok,web_scraping,desconocido,5,,
f68e46f1-ac2c-46de-85f3-192f214aa242,NCC FOOD INGREDIENTS,"especias, aromas y colorantes",https://nccingredients.com,25,Azúcar,1,ok,web_scraping,desconocido,25,,
09fa791b-8cb1-ef11-b8e9-000d3aaab59f,M&C Bakery,bolleria,https://www.mcbakery.es,21,,0,ok,web_scraping,desconocido,21,,
23fa791b-8cb1-ef11-b8e9-000d3aaab59f,San-Ei Gen FFI UK Ltd,cereales,https://www.saneigen.com/net_cont.html,12,,0,ok,web_scraping,desconocido,12,,
5afa791b-8cb1-ef11-b8e9-000d3aaab59f,Pladis Global,galleteros,https://www.pladisglobal.com,15,,0,ok,web_scraping,desconocido,15,,
fb5566e1-ec54-44c4-9c89-b139666d2bd8,BEEAMOND,,https://beeamond.com,16,,0,ok,web_scraping,desconocido,16,,
15fa791b-8cb1-ef11-b8e9-000d3aaab59f,Heidelberger Chlorella GmbH,galleteros,https://www.heidelberger-chlorella.de,53,,0,ok,web_scraping,desconocido,53,,
f121ff3f-a7dd-4194-ab8e-e6417ec4c5f2,HITSCHLER INTERNATIONAL GMBH&CO. KG,,https://www.hitschler.de,31,,0,ok,web_scraping,desconocido,31,,
49c85ce4-c09b-ed11-aad1-000d3aaab651,AGRANA Beteiligungs-AG,zumos y nectares,https://www.agrana.com,60,"Dextrosa, Fructosa, Jarabe de glucosa y fructosa",3,ok,web_scraping,desconocido,60,,
8120235d-fbdf-f011-8544-7ced8d0c5f55,LESAFFRE,,https://www.lesaffre.com,22,,0,ok,web_scraping,desconocido,22,,
b86f6a67-16ef-451d-896e-79b3bbfc1662,BALVITEN GLUTEN FREE S.P.,panaderia,https://www.codan.es,3,,0,ok,web_scraping,desconocido,3,,
01fa791b-8cb1-ef11-b8e9-000d3aaab59f,Foodology by Univar Solutions,galleteros,https://www.univarsolutions.com,45,,0,ok,web_scraping,desconocido,45,,
e29d0ecf-afa2-42c5-95c6-ac1eb55220f2,IMKERSHOP WIEN,helados,https://imkershop-wien.at,60,,0,ok,web_scraping,desconocido,60,,
a3035281-afff-ed11-8f6e-000d3aaab571,The Coca-Cola Company,refrescos,https://www.coca-colacompany.com,22,,0,ok,web_scraping,desconocido,22,,
1772975b-0beb-478c-b611-003b2b329b7e,SIDEMA,,https://www.sidema.lt,2,,0,ok,web_scraping,desconocido,2,,
30c06e28-55ff-434c-acd8-c693d2a66e51,İLKO PHARMACEUTICALS,medicamentos,https://www.ilko.com.tr,5,,0,ok,web_scraping,desconocido,5,,
7b5d22a9-b046-43b4-84b0-fba1e17ac57c,FIDA CANDIES,golosinas,https://www.fidacandies.it,15,,0,ok,web_scraping,desconocido,15,,
68f6487f-d8d5-f011-8543-00224882d38d,impag,bolleria,https://www.impag.com,12,,0,ok,web_scraping,desconocido,12,,
a1035281-afff-ed11-8f6e-000d3aaab571,Grupo Nueva Dietetica,nutraceuticos,https://www.nuevadietetica.com,5,,0,ok,web_scraping,desconocido,5,,
1cc9af22-d898-45c6-8dcb-4c232a0b7826,CROP'S,platos preparados,https://www.cropsfrozenfoods.com,12,,0,ok,web_scraping,desconocido,12,,
7b20235d-fbdf-f011-8544-7ced8d0c5f55,Lactalis Food,pasteleria,https://www.lactalis.com,19,,0,ok,web_scraping,desconocido,19,,
99c85ce4-c09b-ed11-aad1-000d3aaab651,Mercantil Continental SAS,pasteleria,https://mercantil-continental.com,24,,0,ok,web_scraping,desconocido,24,,
b7c85ce4-c09b-ed11-aad1-000d3aaab651,REDACHEM EGYPT LTD,panaderia,https://redachem.com,7,,0,ok,web_scraping,desconocido,7,,
12771659-987e-4436-820a-288f4b0d677e,ALVAS,frutos secos y snacks,http://www.alvas.lt/en,14,Azúcar,1,ok,web_scraping,desconocido,14,,
dd20235d-fbdf-f011-8544-7ced8d0c5f55,Tereos,nutraceuticos,https://www.tereos.com,7,,0,ok,web_scraping,desconocido,7,,
6c702cd6-ea2b-4afb-9251-da1cbaa5cd8a,STAYIA FARM,piensos ganaderia,https://www.stayiafarm.com,2,,0,ok,web_scraping,desconocido,2,,
7f3024d7-2533-4be0-aba4-61776f0aec7a,APIHAPPY,piensos ganaderia,https://apihappy.fr,30,,0,ok,web_scraping,desconocido,30,,
1fc85ce4-c09b-ed11-aad1-000d3aaab651,FLAVOR DISTRICT,"especias, aromas y colorantes",https://flavor-district.fr/en,5,Azúcar,1,ok,web_scraping,desconocido,5,,
8ceb3558-d352-f111-bec6-000d3abe319d,Döhler GmbH,"especias, aromas y colorantes",https://www.doehler.com/en,19,,0,ok,web_scraping,desconocido,19,,
b696e50c-9417-4887-a818-e512ed22d5d9,ALASEAL HONEY,piensos ganaderia,https://www.aronpharma.pl,22,,0,ok,web_scraping,desconocido,22,,
752cac65-bc2e-4024-8d5a-65dca2c6b998,Freedom Confectionery Limited,golosinas,https://freedomconfectionery.com,24,,0,ok,web_scraping,desconocido,24,,
75c85ce4-c09b-ed11-aad1-000d3aaab651,Berner Ltd,medicamentos,https://www.berner.fi/en/home,4,,0,ok,web_scraping,desconocido,4,,
b5eb3558-d352-f111-bec6-000d3abe319d,Spiruella,"especias, aromas y colorantes",https://www.spiruella.nl,60,,0,ok,web_scraping,desconocido,60,,
7eeb3558-d352-f111-bec6-000d3abe319d,"Anderson Advanced Ingredients, LLC",nutraceuticos,https://www.advancedingredients.com,28,Glucósidos de esteviol (E-960a),1,ok,web_scraping,desconocido,28,,
8eeb3558-d352-f111-bec6-000d3abe319d,Euroserum,"especias, aromas y colorantes",https://www.euroserum.com/en,23,,0,ok,web_scraping,desconocido,23,,
89c85ce4-c09b-ed11-aad1-000d3aaab651,Redox,panaderia,https://www.redox.com,24,,0,ok,web_scraping,desconocido,24,,
9bc85ce4-c09b-ed11-aad1-000d3aaab651,Obegi Chemicals,panaderia,https://www.obegichem.com,3,,0,ok,web_scraping,desconocido,3,,
3dc85ce4-c09b-ed11-aad1-000d3aaab651,Danone Nutricia Research,"lacteos, yogures y postres lacteos",https://www.danoneresearch.com,24,,0,ok,web_scraping,desconocido,24,,
48f6487f-d8d5-f011-8543-00224882d38d,Givaudan,"especias, aromas y colorantes",https://www.givaudan.com,51,,0,ok,web_scraping,desconocido,51,,
b6f90436-44ea-f011-8544-7ced8d952735,Saftschmiede.at GmbH,nutraceuticos,https://www.saftschmiede.at,9,,0,ok,web_scraping,desconocido,9,,
90eb3558-d352-f111-bec6-000d3abe319d,Euroserum,"especias, aromas y colorantes",https://www.euroserum.com/en,23,,0,ok,web_scraping,desconocido,23,,
52fa791b-8cb1-ef11-b8e9-000d3aaab59f,GRANOTEC,,https://www.granotec.com,15,,0,ok,web_scraping,desconocido,15,,
ccc54d63-3ab0-f111-aaac-7ced8d0bdcda,Apicola Danangie,miel,https://tienda.apicola-danangie.com.ar,12,,0,ok,web_scraping,desconocido,12,,
849cf976-adea-ee11-a203-000d3aaab59f,VAN VLIET Candy Brands,nutraceuticos,https://www.vanvliet.nl,23,,0,ok,web_scraping,desconocido,23,,
8deadd0d-a7e4-f011-8543-7ced8d0c1dc6,Agthia,refrescos,https://www.aplinova.com,11,,0,ok,web_scraping,desconocido,11,,
d2ff6b01-4be8-471a-8171-85f32a5665b5,Fit Ingredients GmbH,,https://www.fitingredients.com,9,,0,ok,web_scraping,desconocido,9,,
b3eb3558-d352-f111-bec6-000d3abe319d,Sirio Europe GmbH & Co. KG,nutraceuticos,https://sirio-europe.com,9,,0,ok,web_scraping,desconocido,9,,
a9eb3558-d352-f111-bec6-000d3abe319d,Provital,,https://www.weareprovital.com/es,10,,0,ok,web_scraping,desconocido,10,,
e128add8-8531-4811-8ec4-cdb86fc3c53d,LUKER CHOCOLATE,chocolate,https://lukerchocolate.com/es,37,,0,ok,web_scraping,desconocido,37,,
66eb3558-d352-f111-bec6-000d3abe319d,Lakeside Valley Distillery,licores,https://www.lakesidevalley.ch,12,,0,ok,web_scraping,desconocido,12,,
0d5d228b-bee0-4140-8ab6-616773567afa,BRAIN FOODS,barritas y bebidas deportivas,https://www.brainfoods.com,40,Caramelo natural,1,ok,web_scraping,desconocido,40,,
b8ab9879-1408-f111-8406-000d3a20fac2,MANE Polska SP. z o.o.,pasteleria,https://www.mane.com,21,,0,ok,web_scraping,desconocido,21,,
c320235d-fbdf-f011-8544-7ced8d0c5f55,IRCA S.P.A,nutraceuticos,https://www.irca.eu,60,Caramelo natural,1,ok,web_scraping,desconocido,60,,
74bfa41c-fa88-4ce6-b9d7-87aa53872e74,PARLASCA,galleteros,https://parlasca-keks.de,2,,0,ok,web_scraping,desconocido,2,,
0fc85ce4-c09b-ed11-aad1-000d3aaab651,PAKOLA PRODUCTS LIMITED,refrescos,https://www.pakola.com.pk,60,,0,ok,web_scraping,desconocido,60,,
a7c85ce4-c09b-ed11-aad1-000d3aaab651,URAI S.p.A.,"especias, aromas y colorantes",https://www.urai.it,16,,0,ok,web_scraping,desconocido,16,,
f1d32835-2ea6-4e10-9fac-ef2d65e43ac7,TaglerFood,"especias, aromas y colorantes",https://www.taglerfood.com/soluciones,40,,0,ok,web_scraping,desconocido,40,,
8aeb3558-d352-f111-bec6-000d3abe319d,Cloetta,golosinas,https://www.cloetta.com/en,20,,0,ok,web_scraping,desconocido,20,,
de2590e8-c9f6-493b-9781-74c7e020c3e6,RC TREATT,refrescos,https://www.treatt.com,56,Azúcar,1,ok,web_scraping,desconocido,56,,
2bc95ce4-c09b-ed11-aad1-000d3aaab651,VALRHONA,chocolate,https://www.valrhona.com/es,16,,0,ok,web_scraping,desconocido,16,,
ca33a3d5-f770-4b84-a90f-43d930ff11db,MASKIMYA,mermeladas y confituras,https://www.maskimya.com/en/corporate/about-us,9,,0,ok,web_scraping,desconocido,9,,
7a641f1b-0b58-4209-affd-fd2f2753cae7,NUHEALTH JSC,barritas y bebidas deportivas,https://rice-up.zone,6,,0,ok,web_scraping,desconocido,6,,
2a0fe3ca-55ee-493e-a7ef-4e169eb313fc,Sirio Europe GmbH & Co. KG,pasteleria,https://www.siriopharma.com,56,,0,ok,web_scraping,desconocido,56,,
9eeb3558-d352-f111-bec6-000d3abe319d,Limitless Naturals,nutraceuticos,https://shop.limitlessnaturals.com,60,,0,ok,web_scraping,desconocido,60,,
11fa791b-8cb1-ef11-b8e9-000d3aaab59f,Enervit SpA,agroquimico,https://www.enervit.com/it,24,Caramelo natural,1,ok,web_scraping,desconocido,24,,
f5ea3558-d352-f111-bec6-000d3abe319d,Apimar,miel,https://www.apimar.pl,2,Miel pura de abejas,1,ok,web_scraping,desconocido,2,,
2bc85ce4-c09b-ed11-aad1-000d3aaab651,APLINOVA,"especias, aromas y colorantes",https://aplinova.com.br,15,,0,ok,web_scraping,desconocido,15,,
f3f9791b-8cb1-ef11-b8e9-000d3aaab59f,"FARMAQUIMICA ESPAÑOLA,S.A.",medicamentos,https://farmaquimicabcn.es,2,,0,ok,web_scraping,desconocido,2,,
bfeb3558-d352-f111-bec6-000d3abe319d,Viessman Generation Group,,https://www.viessmann.group,12,,0,ok,web_scraping,desconocido,12,,
04bb9a12-490f-4b00-98fc-8cc24af57bd0,KANIVA SP Z.O.O.,piensos mascotas,https://kanivapetfood.com/en/contact-company.html,50,,0,ok,web_scraping,desconocido,50,,
7720235d-fbdf-f011-8544-7ced8d0c5f55,Zentis,cereales,https://www.zentis.de,10,,0,ok,web_scraping,desconocido,10,,
a9c85ce4-c09b-ed11-aad1-000d3aaab651,URAI S.p.A.,"especias, aromas y colorantes",https://www.urai.it,16,,0,ok,web_scraping,desconocido,16,,
cd20235d-fbdf-f011-8544-7ced8d0c5f55,Kerry Dairy Ireland,bolleria,https://www.kerrydairyireland.com,6,,0,ok,web_scraping,desconocido,6,,
5cfa791b-8cb1-ef11-b8e9-000d3aaab59f,Emmi Schweiz AG Emmen,suplementos deportivos,https://group.emmi.com/che/de,4,,0,ok,web_scraping,desconocido,4,,
dccc4628-6242-49a3-9dd0-31c07fcc4f70,Multicatering,,https://www.multicatering.eu,9,,0,ok,web_scraping,desconocido,9,,
ebea3558-d352-f111-bec6-000d3abe319d,Tarapharm,medicamentos,https://www.tarapharm.rs,4,,0,ok,web_scraping,desconocido,4,,
7ffa791b-8cb1-ef11-b8e9-000d3aaab59f,ITS Nutriscience,nutraceuticos,https://www.its-nutriscience.com,60,"Azúcar, Maltitol, Sorbitol",3,ok,web_scraping,desconocido,60,,
47c85ce4-c09b-ed11-aad1-000d3aaab651,Euroingredientes - Ingredientes para a Industria Alimentar Lda,"especias, aromas y colorantes",https://www.euroingredientes.pt,18,,0,ok,web_scraping,desconocido,18,,
9ceb3558-d352-f111-bec6-000d3abe319d,Leone,helados,https://incomleone.com,14,,0,ok,web_scraping,desconocido,14,,
21c85ce4-c09b-ed11-aad1-000d3aaab651,PT. BUDI STARCH & SWEETENER TBK.,agroquimico,https://budistarchsweetener.com,1,,0,ok,web_scraping,desconocido,1,,
fef89b73-7695-4562-a4b6-1193a86bb8ac,ITOCHU EUROPE,cereales,https://www.itochu.com,1,,0,ok,web_scraping,desconocido,1,,
a7d005dc-8cf7-497b-b650-cb8dd1670994,SWIENTY A/S,miel,https://en.swienty.com,31,,0,ok,web_scraping,desconocido,31,,
a3c85ce4-c09b-ed11-aad1-000d3aaab651,1-2-Taste,"especias, aromas y colorantes",https://www.12taste.com,60,,0,ok,web_scraping,desconocido,60,,
8733bfcd-0d11-43d0-932b-8ba2ae28b094,ATTIKI BEE CULTURING CO.,piensos ganaderia,https://www.attiki-pittas.gr/en,16,Miel pura de abejas,1,ok,web_scraping,desconocido,16,,
afc85ce4-c09b-ed11-aad1-000d3aaab651,Inexall Company,panaderia,https://en.inexall-company.com,14,,0,ok,web_scraping,desconocido,14,,
88c28f91-e157-f011-877a-6045bd92f5a8,Terezia,nutraceuticos,https://www.terezia.eu/en,18,,0,ok,web_scraping,desconocido,18,,
c4a89c72-eaf4-4db2-9bae-eb0f605a8015,FOODS CONSULTING,,http://www.foodconsultingspain.com,8,,0,ok,web_scraping,desconocido,8,,
adeb3558-d352-f111-bec6-000d3abe319d,Qimondo,suplementos deportivos,https://www.qimondo.eu/es,37,,0,ok,web_scraping,desconocido,37,,
b63229e4-109e-4437-8e7a-e094dc9eb326,Chemical Plus SAL,agroquimico,https://www.qwenka-chemicalplus.com,15,,0,ok,web_scraping,desconocido,15,,
2f918789-b866-4236-945d-eadb1b6f1aef,Ipsa Spa,helados,https://www.ipsa.it,30,,0,ok,web_scraping,desconocido,30,,
799cf976-adea-ee11-a203-000d3aaab59f,ZPC Flis Sp. Z o.o.,golosinas,https://www.flis.pl,6,,0,ok,web_scraping,desconocido,6,,
d4c54d63-3ab0-f111-aaac-7ced8d0bdcda,Hermes Honey S.A,miel,https://www.hermeshoney.com,3,,0,ok,web_scraping,desconocido,3,,
09c85ce4-c09b-ed11-aad1-000d3aaab651,Nexira,zumos y nectares,https://www.nexira.com,16,,0,ok,web_scraping,desconocido,16,,
6dc85ce4-c09b-ed11-aad1-000d3aaab651,St Michel,,https://www.st-michel.fr,7,,0,ok,web_scraping,desconocido,7,,
61c85ce4-c09b-ed11-aad1-000d3aaab651,Vimax Malgorzata Rogiewicz,"especias, aromas y colorantes",https://www.vimax.pl,11,,0,ok,web_scraping,desconocido,11,,
85d7cfdd-b49d-ee11-be37-000d3aaab965,DORMECO,panaderia,https://www.makulaku.fi,10,,0,ok,web_scraping,desconocido,10,,
c520235d-fbdf-f011-8544-7ced8d0c5f55,IRCA S.P.A,nutraceuticos,https://www.irca.eu,60,Caramelo natural,1,ok,web_scraping,desconocido,60,,
a0b4c951-5a86-4f6f-8a7b-71e74363d1f5,DURR,agroquimico,https://www.durr-group.com/en/company/overview,1,,0,ok,web_scraping,desconocido,1,,
81c85ce4-c09b-ed11-aad1-000d3aaab651,GERBER-RAUTH,alternativas a lacteos,https://gerber-rauth.com,6,,0,ok,web_scraping,desconocido,6,,
23c95ce4-c09b-ed11-aad1-000d3aaab651,"Chaipattana Solution Co., Ltd.",nutraceuticos,http://www.fenchem.com,4,,0,ok,web_scraping,desconocido,4,,
79eadd0d-a7e4-f011-8543-7ced8d0c1dc6,Sunar,nutraceuticos,https://www.sunar.com.tr,1,,0,ok,web_scraping,desconocido,1,,
b8967f84-a2fd-ef11-bae4-7c1e52270551,Sameca PQ,galleteros,https://www.sameca.com,5,,0,ok,web_scraping,desconocido,5,,
84268c1d-18ab-ef11-b8e9-000d3aaab59f,Azelis,,https://www.azelis.com,40,,0,ok,web_scraping,desconocido,40,,
4efa791b-8cb1-ef11-b8e9-000d3aaab59f,GRANOTEC,nutraceuticos,https://www.granotec.com,15,,0,ok,web_scraping,desconocido,15,,
b1967f84-a2fd-ef11-bae4-7c1e52270551,Vivatis Pharma SL,panaderia,https://www.vivatis.es,19,,0,ok,web_scraping,desconocido,19,,
1dc95ce4-c09b-ed11-aad1-000d3aaab651,Kerry,,https://www.kerry.com,32,,0,ok,web_scraping,desconocido,32,,
af967f84-a2fd-ef11-bae4-7c1e52270551,Vivatis Pharma SL,"lacteos, yogures y postres lacteos",https://www.vivatis.es,19,,0,ok,web_scraping,desconocido,19,,
8ec49a9f-3f7e-ee11-8179-000d3aaab965,La Lorraine,medicamentos,https://www.lalorraine.be,5,,0,ok,web_scraping,desconocido,5,,
29c95ce4-c09b-ed11-aad1-000d3aaab651,Wellsanté,nutraceuticos,https://www.wellsante.com,21,Miel pura de abejas,1,ok,web_scraping,desconocido,21,,
de5f83df-0825-4464-bd7e-03ef0d878a1a,Bodegas Valdepablo,vino y derivados del vino,https://valdepablo.com,27,,0,ok,web_scraping,desconocido,27,,
ffc85ce4-c09b-ed11-aad1-000d3aaab651,Toren Food Industry,chocolate,https://toren.com.tr,23,Caramelo natural,1,ok,web_scraping,desconocido,23,,
9cc95ce4-c09b-ed11-aad1-000d3aaab651,COMPAÑIA INDUSTRIAL DE CEREALES SA,"especias, aromas y colorantes",https://www.cocereales.com.co,1,,0,ok,web_scraping,desconocido,1,,
4a144747-7b62-ec11-8f8f-6045bd8a321b,Allos Hoff Manufaktur Gmbh,ecologico,https://www.ecotone.bio,4,,0,ok,web_scraping,desconocido,4,,
13906f19-213a-f011-b4cc-6045bdf32f25,IFF,agroquimico,https://www.iff.com,60,,0,ok,web_scraping,desconocido,60,,
e1df29c5-c171-46b2-bbf1-280f38e53275,PROMOLAC,platos preparados,https://promolac.com,22,,0,ok,web_scraping,desconocido,22,,
8dd7cfdd-b49d-ee11-be37-000d3aaab965,INTERSNACK Nederland B.V.,"especias, aromas y colorantes",https://www.intersnack.com,41,,0,ok,web_scraping,desconocido,41,,
0f906f19-213a-f011-b4cc-6045bdf32f25,Glatt,nutraceuticos,https://www.glatt.com,60,,0,ok,web_scraping,desconocido,60,,
69c95ce4-c09b-ed11-aad1-000d3aaab651,APLINOVA,"especias, aromas y colorantes",https://aplinova.com.br,15,,0,ok,web_scraping,desconocido,15,,
47c95ce4-c09b-ed11-aad1-000d3aaab651,GEDIMEX bv,conservas vegetales,https://www.gedimex.com,18,,0,ok,web_scraping,desconocido,18,,
a4967f84-a2fd-ef11-bae4-7c1e52270551,Derworld (Derquimica),nutraceuticos,https://www.derworldbcn.com,56,,0,ok,web_scraping,desconocido,56,,
8a268c1d-18ab-ef11-b8e9-000d3aaab59f,Pladis Global,galleteros,https://www.pladisglobal.com,15,,0,ok,web_scraping,desconocido,15,,
07c95ce4-c09b-ed11-aad1-000d3aaab651,Zygouropoulos,,https://www.zygouropoulos.gr/en/home,3,,0,ok,web_scraping,desconocido,3,,
6af6487f-d8d5-f011-8543-00224882d38d,ProDigest,"especias, aromas y colorantes",https://www.prodigest.eu,26,,0,ok,web_scraping,desconocido,26,,
96c95ce4-c09b-ed11-aad1-000d3aaab651,PROVA,"especias, aromas y colorantes",https://www.prova.fr/es,29,,0,ok,web_scraping,desconocido,29,,
4d3340bc-ba36-47b4-ab78-cf30d9130c29,Weider Nutrition,panaderia,https://www.weider.es,60,,0,ok,web_scraping,desconocido,60,,
6fc85ce4-c09b-ed11-aad1-000d3aaab651,Blattmann Schweiz AG,panaderia,https://www.blattmannschweiz.com,24,"Dextrosa, Jarabe de glucosa",2,ok,web_scraping,desconocido,24,,
65b988b0-b884-489c-8ad6-139fa191a7de,PROSUR,"especias, aromas y colorantes",https://www.prosur.com,31,,0,ok,web_scraping,desconocido,31,,
fbc85ce4-c09b-ed11-aad1-000d3aaab651,Ruitenberg Basiqs,"especias, aromas y colorantes",https://ruitenberg-basiqs.com,25,,0,ok,web_scraping,desconocido,25,,
19c85ce4-c09b-ed11-aad1-000d3aaab651,Novozymes,nutraceuticos,https://www.novonesis.com,60,Azúcar,1,ok,web_scraping,desconocido,60,,
0dc95ce4-c09b-ed11-aad1-000d3aaab651,ANKUSH ENTERPRISE,,http://ankush-enterprises.com,14,,0,ok,web_scraping,desconocido,14,,
e7f9791b-8cb1-ef11-b8e9-000d3aaab59f,Fermentalg,golosinas,https://www.fermentalg.com,22,,0,ok,web_scraping,desconocido,22,,
5e144747-7b62-ec11-8f8f-6045bd8a321b,Chemical Plus SAL,agroquimico,https://www.qwenka-chemicalplus.com,15,,0,ok,web_scraping,desconocido,15,,
72268c1d-18ab-ef11-b8e9-000d3aaab59f,Unichimie,bolleria,https://unichimie.com,10,,0,ok,web_scraping,desconocido,10,,
03c95ce4-c09b-ed11-aad1-000d3aaab651,Solico group,carnico,https://www.solico-group.com,25,,0,ok,web_scraping,desconocido,25,,
8711ee92-b5fe-43a3-818c-8095f0a466c7,Farmalider,medicamentos,https://farmalider.com,45,,0,ok,web_scraping,desconocido,45,,
6bc95ce4-c09b-ed11-aad1-000d3aaab651,BFTI,galleteros,https://www.dermisis.gr,41,"Azúcar, Azúcar Integral, Miel pura de abejas",3,ok,web_scraping,desconocido,41,,
dff9791b-8cb1-ef11-b8e9-000d3aaab59f,TopGum Industries LTD,"especias, aromas y colorantes",https://www.topgum.com,18,,0,ok,web_scraping,desconocido,18,,
f1f9791b-8cb1-ef11-b8e9-000d3aaab59f,Flower & White Ltd,,https://www.flowerandwhite.co.uk,60,Caramelo natural,1,ok,web_scraping,desconocido,60,,
691cf27d-24ed-ef11-9341-00224880d526,Intervan (Pictolin),agroquimico,https://www.pictolin.com,26,,0,ok,web_scraping,desconocido,26,,
dfd939bf-aa9c-4835-9409-c20b9a8a5157,Dohler,conservas vegetales,https://www.doehler.com/es,24,,0,ok,web_scraping,desconocido,24,,
8fc7e62b-a411-4c09-8925-25a5c475ebd9,"DESTILLERIES MARESME BRANDS, S.L.",licores,https://dmbrands.es,11,,0,ok,web_scraping,desconocido,11,,
aec95ce4-c09b-ed11-aad1-000d3aaab651,Compañía Nacional de Chocolates,chocolate,https://chocolates.com.co,2,,0,ok,web_scraping,desconocido,2,,
31c95ce4-c09b-ed11-aad1-000d3aaab651,VitoBest,nutraceuticos,https://www.vitobest.com,60,Caramelo natural,1,ok,web_scraping,desconocido,60,,
7ac95ce4-c09b-ed11-aad1-000d3aaab651,SHREE YAMUNA ENTERPRISE,,https://www.shreeyamunaenterprise.com,28,,0,ok,web_scraping,desconocido,28,,
60144747-7b62-ec11-8f8f-6045bd8a321b,Opply,,https://www.opply.com,19,,0,ok,web_scraping,desconocido,19,,
62268c1d-18ab-ef11-b8e9-000d3aaab59f,Aromaplant,nutraceuticos,https://aromaplant.de,13,,0,ok,web_scraping,desconocido,13,,
461cf27d-24ed-ef11-9341-00224880d526,Bisuiterie Maison Bruyere (Heritage),galleteros,https://www.elementa-ingredients.com,37,,0,ok,web_scraping,desconocido,37,,
a7967f84-a2fd-ef11-bae4-7c1e52270551,Derworld (Derquimica),nutraceuticos,https://www.lagranjafoods.com,52,"Maltitol, Miel pura de abejas",2,ok,web_scraping,desconocido,52,,
07c85ce4-c09b-ed11-aad1-000d3aaab651,Novozymes,nutraceuticos,https://www.novonesis.com,60,Azúcar,1,ok,web_scraping,desconocido,60,,
0fc95ce4-c09b-ed11-aad1-000d3aaab651,Go-Tan,salsas y aderezos,https://www.go-tan.com/nl,24,,0,ok,web_scraping,desconocido,24,,
6dc95ce4-c09b-ed11-aad1-000d3aaab651,AGRO MELANGES TECHNOLOGIES  AMT,cereales,https://rose-blanche.com/nos-filieres/cereales-et-derives/amt,1,,0,ok,web_scraping,desconocido,1,,
3e144747-7b62-ec11-8f8f-6045bd8a321b,IDS Borjomi International,barritas y bebidas deportivas,https://www.borjomi.com,4,,0,ok,web_scraping,desconocido,4,,
bbc85ce4-c09b-ed11-aad1-000d3aaab651,"KALLAS INCORPORATION, S.A.",carnico,https://kallas.com.cy,29,,0,ok,web_scraping,desconocido,29,,
59c95ce4-c09b-ed11-aad1-000d3aaab651,wona corporation,zumos y nectares,https://www.wonacorp.com,11,,0,ok,web_scraping,desconocido,11,,
4e1cf27d-24ed-ef11-9341-00224880d526,Interdoces,,https://www.interdoces.pt,10,,0,ok,web_scraping,desconocido,10,,
6a268c1d-18ab-ef11-b8e9-000d3aaab59f,FGF Trapani,zumos y nectares,https://fgftrapani.com/es,27,,0,ok,web_scraping,desconocido,27,,
0bc95ce4-c09b-ed11-aad1-000d3aaab651,Inhalation health Pvt Ltd,nutraceuticos,https://inhalationhealth.com,11,,0,ok,web_scraping,desconocido,11,,
fff9791b-8cb1-ef11-b8e9-000d3aaab59f,EPIC CHEMICALS,nutraceuticos,https://www.noble-chocolates.com,6,,0,ok,web_scraping,desconocido,6,,
cb362ab7-5dcb-43c9-871b-a417b08a6a88,Emilio Esteban,suplementos deportivos,https://emilioesteban.com,8,,0,ok,web_scraping,desconocido,8,,
1bc95ce4-c09b-ed11-aad1-000d3aaab651,Cloetta,pasteleria,https://www.cloetta.com,20,,0,ok,web_scraping,desconocido,20,,
22144747-7b62-ec11-8f8f-6045bd8a321b,Deimos Food / EverGrain Ingredients,nutraceuticos,https://deimossrl.it,1,,0,ok,web_scraping,desconocido,1,,
33bea86b-b7a8-ef11-b8e9-000d3aaab1fa,The Skinny Food,cafe,https://www.theskinnyfoodco.com,60,Azúcar,1,ok,web_scraping,desconocido,60,,
6924b966-46c5-48b1-86d4-32ec14384bb1,Quimidroga,salsas y aderezos,https://www.quimidroga.com,55,,0,ok,web_scraping,desconocido,55,,
65c95ce4-c09b-ed11-aad1-000d3aaab651,Sunar Misir,,https://www.sunarmisir.com.tr/en,51,"Caramelo natural, Dextrosa, Fructosa, Jarabe de fructosa, Jarabe de glucosa, Jarabe de glucosa y fructosa, Maltitol, Sorbitol",8,ok,web_scraping,desconocido,51,,
a2c95ce4-c09b-ed11-aad1-000d3aaab651,Kwangil,"especias, aromas y colorantes",https://www.kwangil.co.kr,3,,0,ok,web_scraping,desconocido,3,,
ad967f84-a2fd-ef11-bae4-7c1e52270551,Solchem Nature SL,"especias, aromas y colorantes",https://www.solchem.es,20,,0,ok,web_scraping,desconocido,20,,
0875aff6-1274-43a8-89d6-f99179d746d4,FORNO BONOMI,galleteros,https://www.fornobonomi.com,4,,0,ok,web_scraping,desconocido,4,,
1cdcc842-1bb6-474c-8fa8-acae345c7cd2,Laboratorios Ynsadiet,"lacteos, yogures y postres lacteos",https://www.ynsadiet.com,9,,0,ok,web_scraping,desconocido,9,,
60268c1d-18ab-ef11-b8e9-000d3aaab59f,CTCGroup Vietnam,zumos y nectares,https://ctc-group.com.vn/en/homepage,9,,0,ok,web_scraping,desconocido,9,,
5c144747-7b62-ec11-8f8f-6045bd8a321b,Orchem,medicamentos,https://orchem.com/eng/main.php,10,,0,ok,web_scraping,desconocido,10,,
c08732ce-d8a1-ef11-8a6b-000d3aaab1fa,ZUMUB,barritas y bebidas deportivas,https://www.zumub.com/ES,60,,0,ok,web_scraping,desconocido,60,,
e4de3fcc-48c7-4540-93d2-884b6e6f7ed6,Cidacos,conservas vegetales,https://www.cidacos.com,31,,0,ok,web_scraping,desconocido,31,,
3cfa791b-8cb1-ef11-b8e9-000d3aaab59f,Opply,panaderia,https://www.opply.com,19,,0,ok,web_scraping,desconocido,19,,
601cf27d-24ed-ef11-9341-00224880d526,Grupo Bimbo,refrescos,https://www.grupobimbo.com,8,,0,ok,web_scraping,desconocido,8,,
74268c1d-18ab-ef11-b8e9-000d3aaab59f,Rader,,https://www.rader.it,1,,0,ok,web_scraping,desconocido,1,,
f9c85ce4-c09b-ed11-aad1-000d3aaab651,Puratos,,https://www.puratos.es/es,60,,0,ok,web_scraping,desconocido,60,,
15906f19-213a-f011-b4cc-6045bdf32f25,Uriach,bolleria,https://www.uriach.com,5,,0,ok,web_scraping,desconocido,5,,
80eb3558-d352-f111-bec6-000d3abe319d,Angelo Solution Dis Ticaret Ltd. Sti,nutraceuticos,https://angelosolution.com,8,,0,ok,web_scraping,desconocido,8,,
01906f19-213a-f011-b4cc-6045bdf32f25,Euromed,pasteleria,https://www.euromed.es,23,,0,ok,web_scraping,desconocido,23,,
ab967f84-a2fd-ef11-bae4-7c1e52270551,Tradichem Group,agroquimico,https://www.tradichemgroup.com,7,,0,ok,web_scraping,desconocido,7,,
94c95ce4-c09b-ed11-aad1-000d3aaab651,MASPEX,zumos y nectares,https://www.maspex.com,52,,0,ok,web_scraping,desconocido,52,,
cec54d63-3ab0-f111-aaac-7ced8d0bdcda,Apicola Vairolatti,miel,https://vairolatti.com.ar,42,Miel pura de abejas,1,ok,web_scraping,desconocido,42,,
5fc95ce4-c09b-ed11-aad1-000d3aaab651,Rigas Piena Kombinats,"lacteos, yogures y postres lacteos",https://www.piens.lv,7,,0,ok,web_scraping,desconocido,7,,
7680f87e-f284-f111-ab0e-70a8a53a0b30,DAMM SA,cervezas,https://www.dammcorporate.com,60,,0,ok,web_scraping,desconocido,60,,
b33e1274-0c06-ef11-9f89-6045bd92bc7a,KUWAIT FLOUR MILLS & BAKERIES CO,"especias, aromas y colorantes",https://kuwaitflourmills.com/Home,60,,0,ok,web_scraping,desconocido,60,,
9ac95ce4-c09b-ed11-aad1-000d3aaab651,LABONATHUS,nutraceuticos,https://labonathus.com.br/en/home-en,16,,0,ok,web_scraping,desconocido,16,,
0148a7e4-1901-4594-a93a-e1c5b15b4da9,Laboratorios Ordesa,nutraceuticos,https://www.ordesa.es,3,,0,ok,web_scraping,desconocido,3,,
abd7cfdd-b49d-ee11-be37-000d3aaab965,GOLD NUTRITION,refrescos,https://www.goldnutrition.pt,60,,0,ok,web_scraping,desconocido,60,,
b6de7ec5-08b6-4cb0-aa94-3b2fe2083c68,Alvinesa,vino y derivados del vino,https://www.alvinesa.com,37,,0,ok,web_scraping,desconocido,37,,
cf956490-a420-4f87-9e02-f5831c759078,Cosami,salsas y aderezos,https://cosamiweb.com,23,,0,ok,web_scraping,desconocido,23,,
7cc95ce4-c09b-ed11-aad1-000d3aaab651,Rimon chemicals,nutraceuticos,https://rimonchemicals.com,60,,0,ok,web_scraping,desconocido,60,,
a9967f84-a2fd-ef11-bae4-7c1e52270551,Indena,"especias, aromas y colorantes",https://www.indena.com,60,,0,ok,web_scraping,desconocido,60,,
f1d44363-fd79-f111-ab0e-7ced8d8bccd9,Balkan Agricultural,"lacteos, yogures y postres lacteos",https://balkanag.com,26,,0,ok,web_scraping,desconocido,26,,
82268c1d-18ab-ef11-b8e9-000d3aaab59f,La Margarita,"especias, aromas y colorantes",https://lamargarita.es,14,,0,ok,web_scraping,desconocido,14,,
70268c1d-18ab-ef11-b8e9-000d3aaab59f,Kallas Inc,nutraceuticos,https://kallasinc.com/en,56,,0,ok,web_scraping,desconocido,56,,
45c95ce4-c09b-ed11-aad1-000d3aaab651,WARP,frutos secos y snacks,https://www.warpuniverso.com,49,Azúcar,1,ok,web_scraping,desconocido,49,,
e21b5dd6-2116-4d6f-a37e-1231225b01ed,Grupo Rives Distillery,licores,https://www.rives.es/es,7,,0,ok,web_scraping,desconocido,7,,
29c85ce4-c09b-ed11-aad1-000d3aaab651,"JB Co., Ltd.",chocolate,https://www.jbcocoa.com,6,,0,ok,web_scraping,desconocido,6,,
20def323-f441-4a4c-ac74-0925f3afc105,Grupo Damm,licores,https://www.damm.com,23,,0,ok,web_scraping,desconocido,23,,
65c85ce4-c09b-ed11-aad1-000d3aaab651,E.J.PAPADOPOULOS S.A.,galleteros,https://papadopoulou.gr/en,6,,0,ok,web_scraping,desconocido,6,,
7207a75c-945a-4cd8-baf8-98b7fd79c9c7,"THE GB FOODS EUROPA, S.L.U.",platos preparados,https://thegbfoodseurope.com/es,21,,0,ok,web_scraping,desconocido,21,,
74c95ce4-c09b-ed11-aad1-000d3aaab651,Noble Chocolates nv,"especias, aromas y colorantes",https://www.noble-food-group.com/en,32,Caramelo natural,1,ok,web_scraping,desconocido,32,,
d7d6c7a5-a916-470d-a72b-a9bfa952c2ae,"AGRUPACIÓN DE COOPERATIVAS DEL VALLE DEL JERTE, S.C.L.",licores,https://ac-vallejerte.es,42,,0,ok,web_scraping,desconocido,42,,
b6c95ce4-c09b-ed11-aad1-000d3aaab651,CHOCO GROUP,chocolate,https://chocogroup.eu/about-us,60,"Azúcar, Caramelo natural",2,ok,web_scraping,desconocido,60,,
a8c95ce4-c09b-ed11-aad1-000d3aaab651,RABELER FRUCHTCHIPS GmbH,cereales,https://www.rabeler-fruchtchips.de/en,18,,0,ok,web_scraping,desconocido,18,,
7ac928d0-c09f-4aa7-9c62-3a0d5a9291ab,Hellema - Hallum B.V.,,https://www.hellema.nl,11,,0,ok,web_scraping,desconocido,11,,
25c95ce4-c09b-ed11-aad1-000d3aaab651,Helwa wafelbakkerij,galleteros,https://www.helwa-wafers.com,39,Azúcar,1,ok,web_scraping,desconocido,39,,
94268c1d-18ab-ef11-b8e9-000d3aaab59f,Prima Food Ingredients Ltd,zumos y nectares,https://www.primagood.com,28,"Azúcar, Azúcar Integral, Caramelo natural, Dextrosa",4,ok,web_scraping,desconocido,28,,
0c3b3e37-1204-44d3-a97d-d6f0901f37ee,Lotus Bakeries België NV,,https://www.lotusbakeries.com,3,,0,ok,web_scraping,desconocido,3,,
f9ea3558-d352-f111-bec6-000d3abe319d,Wish Pharma,nutraceuticos,https://www.wishpharma.pl,32,,0,ok,web_scraping,desconocido,32,,
2dfa791b-8cb1-ef11-b8e9-000d3aaab59f,1-2-Taste,"especias, aromas y colorantes",https://www.12taste.com,60,,0,ok,web_scraping,desconocido,60,,
49c95ce4-c09b-ed11-aad1-000d3aaab651,Oy Lantmannen Unibake Ab Finland,pasteleria,https://www.unibake.com,52,,0,ok,web_scraping,desconocido,52,,
f000f41b-e9ab-ef11-b8e9-000d3aaab59f,Quimidroga,salsas y aderezos,https://www.quimidroga.com,55,,0,ok,web_scraping,desconocido,55,,
05c85ce4-c09b-ed11-aad1-000d3aaab651,Fuji Oil Europe,chocolate,https://www.fujioil.co.jp,13,,0,ok,web_scraping,desconocido,13,,
4dc95ce4-c09b-ed11-aad1-000d3aaab651,Zeelandia,pasteleria,https://www.zeelandia.es,14,,0,ok,web_scraping,desconocido,14,,
aac95ce4-c09b-ed11-aad1-000d3aaab651,Mantinga,bolleria,https://www.mantinga.lt,9,,0,ok,web_scraping,desconocido,9,,
89a9fccf-ce84-4ebb-b2a8-ff2d4e15dac8,Sigma,carnico,https://www.sigmafoods.com,18,,0,ok,web_scraping,desconocido,18,,
679dba44-d263-47c0-96e3-b20ac86411e4,Fruselva,"especias, aromas y colorantes",https://www.fruselva.com,1,,0,ok,web_scraping,desconocido,1,,
8c268c1d-18ab-ef11-b8e9-000d3aaab59f,Dominion Chemicals Corporation,"especias, aromas y colorantes",https://www.dominionchemicals.com,16,,0,ok,web_scraping,desconocido,16,,
a6c95ce4-c09b-ed11-aad1-000d3aaab651,LA VIE FOODS,frutos secos y snacks,https://www.laviefoods.com/en,21,,0,ok,web_scraping,desconocido,21,,
17c85ce4-c09b-ed11-aad1-000d3aaab651,PT. Lautan Natural Krimerindo,"lacteos, yogures y postres lacteos",https://lautan-natural-krimerindo.com/products,6,,0,ok,web_scraping,desconocido,6,,
8bd7cfdd-b49d-ee11-be37-000d3aaab965,VIMAX,cereales,https://www.vimax.pl,11,,0,ok,web_scraping,desconocido,11,,
fce9353d-33f0-ef11-9342-000d3aaab59f,Greeneries,frutos secos y snacks,https://www.thegreenery.com,14,,0,ok,web_scraping,desconocido,14,,
3dc95ce4-c09b-ed11-aad1-000d3aaab651,Wyldsson,suplementos deportivos,https://www.wyldsson.com,48,,0,ok,web_scraping,desconocido,48,,
50144747-7b62-ec11-8f8f-6045bd8a321b,Foodcom SA,,https://www.foodcom.pl,9,,0,ok,web_scraping,desconocido,9,,
ba967f84-a2fd-ef11-bae4-7c1e52270551,Deretil Vitatech,nutraceuticos,https://www.deretilnature.com,28,,0,ok,web_scraping,desconocido,28,,
6e268c1d-18ab-ef11-b8e9-000d3aaab59f,Kallas Inc,nutraceuticos,https://kallasinc.com/en,56,,0,ok,web_scraping,desconocido,56,,
35c95ce4-c09b-ed11-aad1-000d3aaab651,European Foods OU,nutraceuticos,https://www.iconfit.eu,60,,0,ok,web_scraping,desconocido,60,,
15c85ce4-c09b-ed11-aad1-000d3aaab651,Makymat,panaderia,https://makymat.com/alimento,2,,0,ok,web_scraping,desconocido,2,,
fdc85ce4-c09b-ed11-aad1-000d3aaab651,Toren Food Industry,chocolate,https://toren.com.tr,23,Caramelo natural,1,ok,web_scraping,desconocido,23,,
c7b23697-a1b8-4b7a-b081-de4c4bbe20c1,Griffith Foods Spain,"especias, aromas y colorantes",https://griffithfoods.com/es,27,Azúcar,1,ok,web_scraping,desconocido,27,,
41c95ce4-c09b-ed11-aad1-000d3aaab651,Sluys International NV,refrescos,https://www.sluys.eu,3,,0,ok,web_scraping,desconocido,3,,
39c95ce4-c09b-ed11-aad1-000d3aaab651,Lakeland Dairies,"lacteos, yogures y postres lacteos",https://www.lakelanddairies.com,7,,0,ok,web_scraping,desconocido,7,,
671cf27d-24ed-ef11-9341-00224880d526,Intervan (Pictolin),agroquimico,https://www.pictolin.com,26,,0,ok,web_scraping,desconocido,26,,
fbf9791b-8cb1-ef11-b8e9-000d3aaab59f,UAB Mantinga,chocolate,https://www.mantinga.lt,9,,0,ok,web_scraping,desconocido,9,,
88268c1d-18ab-ef11-b8e9-000d3aaab59f,Aminola,,https://www.beekeepertech.com,8,,0,ok,web_scraping,desconocido,8,,
68fa791b-8cb1-ef11-b8e9-000d3aaab59f,HELWA WAFELBAKKERIJ BV,nutraceuticos,https://www.helwa.nl,6,,0,ok,web_scraping,desconocido,6,,
1f906f19-213a-f011-b4cc-6045bdf32f25,Kemin,golosinas,https://www.kemin.com,28,,0,ok,web_scraping,desconocido,28,,
90e2f802-5b6d-40fc-be89-aae61d33a9ce,InLeit Ingredients,"lacteos, yogures y postres lacteos",https://inleitingredients.com,44,,0,ok,web_scraping,desconocido,44,,
0b906f19-213a-f011-b4cc-6045bdf32f25,Beetopia,miel,https://www.deemah.com,5,,0,ok,web_scraping,desconocido,5,,
b6967f84-a2fd-ef11-bae4-7c1e52270551,Sameca PQ,galleteros,https://www.sameca.com,5,,0,ok,web_scraping,desconocido,5,,
7c268c1d-18ab-ef11-b8e9-000d3aaab59f,Didden,salsas y aderezos,https://diddenfood.com/en,60,Miel pura de abejas,1,ok,web_scraping,desconocido,60,,
e1d7cfdd-b49d-ee11-be37-000d3aaab965,AJINOMOTO JAPAN,nutraceuticos,https://www.arabfood.com,5,,0,ok,web_scraping,desconocido,5,,
54144747-7b62-ec11-8f8f-6045bd8a321b,Inexall d.o.o.,nutraceuticos,https://en.inexall-company.com,14,,0,ok,web_scraping,desconocido,14,,
63c95ce4-c09b-ed11-aad1-000d3aaab651,Sunar Misir,,https://www.sunarmisir.com.tr/en,49,"Caramelo natural, Dextrosa, Fructosa, Jarabe de fructosa, Jarabe de glucosa, Jarabe de glucosa y fructosa, Maltitol, Sorbitol",8,ok,web_scraping,desconocido,49,,
43c95ce4-c09b-ed11-aad1-000d3aaab651,United Chemicals,,https://www.omya.com,26,,0,ok,web_scraping,desconocido,26,,
90268c1d-18ab-ef11-b8e9-000d3aaab59f,PPHU DARPOL Sp. z o.o.,"especias, aromas y colorantes",https://www.darpol.eu/en,15,,0,ok,web_scraping,desconocido,15,,
11906f19-213a-f011-b4cc-6045bdf32f25,IFF,medicamentos,https://www.iff.com,60,,0,ok,web_scraping,desconocido,60,,
3c144747-7b62-ec11-8f8f-6045bd8a321b,UTS,,https://utsrus.com,60,,0,ok,web_scraping,desconocido,60,,
62144747-7b62-ec11-8f8f-6045bd8a321b,Chemco Ireland,,https://www.chemco.ie,2,,0,ok,web_scraping,desconocido,2,,
6f89f2b2-f69b-4cf5-a1c9-9fe4c96d5e09,Beurrespa SLU,"lacteos, yogures y postres lacteos",https://www.beurrespa.es,48,,0,ok,web_scraping,desconocido,48,,
8cc95ce4-c09b-ed11-aad1-000d3aaab651,HELWA WAFELBAKKERIJ BV,panaderia,https://www.helwa.nl,6,,0,ok,web_scraping,desconocido,6,,
15c95ce4-c09b-ed11-aad1-000d3aaab651,LABONATHUS BIOT. INTER. LTDA,nutraceuticos,https://labonathus.com.br/products,1,,0,ok,web_scraping,desconocido,1,,
17c95ce4-c09b-ed11-aad1-000d3aaab651,First Stevia Sweet Shop,pasteleria,https://stevialux.eu,19,,0,ok,web_scraping,desconocido,19,,
bdc85ce4-c09b-ed11-aad1-000d3aaab651,"KALLAS INCORPORATION, S.A.",platos preparados,https://kallas.com.cy,29,,0,ok,web_scraping,desconocido,29,,
86c95ce4-c09b-ed11-aad1-000d3aaab651,SEMPIO FOODS COMPANY,frutos secos y snacks,https://www.sempio.com,59,,0,ok,web_scraping,desconocido,59,,
d1d7cfdd-b49d-ee11-be37-000d3aaab965,HERMES PHARMA,agroquimico,https://www.hermes-pharma.com,17,,0,ok,web_scraping,desconocido,17,,
8ac95ce4-c09b-ed11-aad1-000d3aaab651,FOOD UNION,helados,https://www.foodunion.com,23,,0,ok,web_scraping,desconocido,23,,
3eb91060-3944-4dd1-a845-3e761817b699,Glanbia,,https://www.glanbia.com,6,,0,ok,web_scraping,desconocido,6,,
6ffa791b-8cb1-ef11-b8e9-000d3aaab59f,Mantinga,nutraceuticos,https://www.mantinga.lt,9,,0,ok,web_scraping,desconocido,9,,
98c95ce4-c09b-ed11-aad1-000d3aaab651,PROVA,"especias, aromas y colorantes",https://www.prova.fr/es,29,,0,ok,web_scraping,desconocido,29,,
c6c28f91-e157-f011-877a-6045bd92f5a8,RHEI LIFE DOO,"especias, aromas y colorantes",https://www.rhei.life,7,,0,ok,web_scraping,desconocido,7,,
4a1cf27d-24ed-ef11-9341-00224880d526,Sucralliance,frutos secos y snacks,https://www.sucralliance.com,11,,0,ok,web_scraping,desconocido,11,,
ace021a4-0eb8-4adb-bde1-50a5013d73f3,Rimon chemicals,nutraceuticos,https://rimonchemicals.com,60,,0,ok,web_scraping,desconocido,60,,
ec55d735-b8b8-43f8-9eae-b9498d4ed0c4,IRONMAXX,"especias, aromas y colorantes",https://www.ironmaxx.de,38,Caramelo natural,1,ok,web_scraping,desconocido,38,,
95c85ce4-c09b-ed11-aad1-000d3aaab651,Givaudan,suplementos deportivos,https://www.givaudan.com,51,,0,ok,web_scraping,desconocido,51,,
0e906771-764f-47af-93f9-6d6e66c10ac5,DataSweet Online GmbH,,https://www.datasweet.info,14,,0,ok,web_scraping,desconocido,14,,
be8732ce-d8a1-ef11-8a6b-000d3aaab1fa,HTBA (HealthTech BioActives),nutraceuticos,https://htba.com,60,,0,ok,web_scraping,desconocido,60,,
9a268c1d-18ab-ef11-b8e9-000d3aaab59f,JK Tradelink (PVT) LTD,panaderia,https://www.jktradelink.com,1,,0,ok,web_scraping,desconocido,1,,
76c95ce4-c09b-ed11-aad1-000d3aaab651,Ingrade Global Supply SRL,panaderia,https://www.igs.gs,9,,0,ok,web_scraping,desconocido,9,,
7e268c1d-18ab-ef11-b8e9-000d3aaab59f,Summit Chemical Company Limited,nutraceuticos,https://www.summitchemical.co.th,13,,0,ok,web_scraping,desconocido,13,,
33c85ce4-c09b-ed11-aad1-000d3aaab651,Tilia Chemicals LTD,medicamentos,https://www.tiliaingredients.com,7,,0,ok,web_scraping,desconocido,7,,
e1919ddc-958a-4cc0-b518-6705c379ec78,FARÜCHOC Schokoladenfabrik GmbH & Co. KG,cereales,https://www.faruechoc.de,22,,0,ok,web_scraping,desconocido,22,,
63c85ce4-c09b-ed11-aad1-000d3aaab651,E.J. Papadopoulos S.A.,galleteros,https://papadopoulou.gr/en,6,,0,ok,web_scraping,desconocido,6,,
7a268c1d-18ab-ef11-b8e9-000d3aaab59f,Lácrima,"lacteos, yogures y postres lacteos",https://www.lacrimadairy.com,9,,0,ok,web_scraping,desconocido,9,,
7150d432-4451-4c1f-b3c9-8500dba9a494,BTSA,nutraceuticos,https://www.btsa.com,60,,0,ok,web_scraping,desconocido,60,,
1cb44090-598e-4775-84ca-0e4ac7823b3e,DAY AND NIGHT WAFERS,barritas y bebidas deportivas,https://dayandnightwafers.com,60,,0,ok,web_scraping,desconocido,60,,
7bec560a-f227-4a75-8595-c5eeb373c3bb,Zeelandia,panaderia,https://www.zeelandia.com,5,,0,ok,web_scraping,desconocido,5,,
98268c1d-18ab-ef11-b8e9-000d3aaab59f,Select Botanical,medicamentos,https://www.selectbotanical.com/es,7,,0,ok,web_scraping,desconocido,7,,
a5901214-ef4f-40af-b346-023f194a10c4,Elementa Ingredients,nutraceuticos,https://www.elementa-ingredients.com/en,37,,0,ok,web_scraping,desconocido,37,,
6ca6eb88-6b77-4567-b146-7f7337cec746,YOUNIQUE FOODS,galleteros,https://www.youniquefoods.com,11,,0,ok,web_scraping,desconocido,11,,
58144747-7b62-ec11-8f8f-6045bd8a321b,Design,,https://www.labonathus.com.br,7,,0,ok,web_scraping,desconocido,7,,
98b85c10-d278-454c-b481-871640f2d868,Panamar,piensos mascotas,https://www.panamar.com,2,,0,ok,web_scraping,desconocido,2,,
3efa791b-8cb1-ef11-b8e9-000d3aaab59f,KSMC Laboratories,pasteleria,https://www.ksmc.eu,7,,0,ok,web_scraping,desconocido,7,,
90c49a9f-3f7e-ee11-8179-000d3aaab965,Moara Cibin S.A,galleteros,https://www.moaracibin.ro,46,Miel pura de abejas,1,ok,web_scraping,desconocido,46,,
3fc85ce4-c09b-ed11-aad1-000d3aaab651,Mondelez International,chocolate,https://www.mondelezinternational.com,15,,0,ok,web_scraping,desconocido,15,,
bfd7cfdd-b49d-ee11-be37-000d3aaab965,AQUAPHARM Health & Nutrition GmbH,nutraceuticos,https://www.biologon.at,21,,0,ok,web_scraping,desconocido,21,,
15c9036c-163b-469b-84dc-005721206549,Lácteas Cobreros,quesos,https://www.lacteascobreros.com,25,Miel pura de abejas,1,ok,web_scraping,desconocido,25,,
f7d61761-fd79-f111-ab0e-70a8a5a01590,Globalk Farma,medicamentos,https://globalk.es,12,,0,ok,web_scraping,desconocido,12,,
33c95ce4-c09b-ed11-aad1-000d3aaab651,PT. DIAN CIPTA PERKASA,,https://www.dianciptaperkasa.com,6,,0,ok,web_scraping,desconocido,6,,
0431aaa7-3625-424b-b1e7-2de0c3970b51,Lactogal,"lacteos, yogures y postres lacteos",https://www.grupolactogal.com/es,35,,0,ok,web_scraping,desconocido,35,,
61c95ce4-c09b-ed11-aad1-000d3aaab651,ETİ,galleteros,https://www.etietieti.com,9,,0,ok,web_scraping,desconocido,9,,
03c85ce4-c09b-ed11-aad1-000d3aaab651,Dr. Schaer,panaderia,https://www.drschaer.com,10,,0,ok,web_scraping,desconocido,10,,
d8408fcd-d6d5-40e4-b0dc-169cc6f92f9c,Grupo Luis Caballero,licores,https://caballero.es,37,Caramelo natural,1,ok,web_scraping,desconocido,37,,
96268c1d-18ab-ef11-b8e9-000d3aaab59f,Select Botanical,medicamentos,https://www.selectbotanical.com/es,7,,0,ok,web_scraping,desconocido,7,,
d9d7cfdd-b49d-ee11-be37-000d3aaab965,"DO BE IND CO., LTD.",ecologico,https://www.lobello.it,1,,0,ok,web_scraping,desconocido,1,,
b3967f84-a2fd-ef11-bae4-7c1e52270551,Blendhub,"especias, aromas y colorantes",https://www.empwrnutrition.com,20,,0,ok,web_scraping,desconocido,20,,
c9d7cfdd-b49d-ee11-be37-000d3aaab965,Moara Cibin S.A.,,https://www.moaracibin.ro,46,Miel pura de abejas,1,ok,web_scraping,desconocido,46,,
bc967f84-a2fd-ef11-bae4-7c1e52270551,Korott,golosinas,https://www.korott.com,22,,0,ok,web_scraping,desconocido,22,,
0bf896dc-0c8b-433b-8b8c-73d7f35667ad,Naturvega,platos preparados,https://naturvega.es,17,,0,ok,web_scraping,desconocido,17,,
09c95ce4-c09b-ed11-aad1-000d3aaab651,IRCA SPA,helados,https://www.irca.eu/en,60,Caramelo natural,1,ok,web_scraping,desconocido,60,,
68268c1d-18ab-ef11-b8e9-000d3aaab59f,Itochu,conservas vegetales,https://www.itochu.co.jp/en/index.html,5,,0,ok,web_scraping,desconocido,5,,
fdf9791b-8cb1-ef11-b8e9-000d3aaab59f,Pladis,nutraceuticos,https://www.pladis.com,5,,0,ok,web_scraping,desconocido,5,,
27c85ce4-c09b-ed11-aad1-000d3aaab651,DouxMatok,pasteleria,https://www.incredo.com/incredo-sugar,17,Azúcar,1,ok,web_scraping,desconocido,17,,
6babf150-69f5-4721-aa2c-6665d5927abb,OMTIGO SRO,panaderia,https://www.vcelino.cz,60,,0,ok,web_scraping,desconocido,60,,
4f801c7b-47f8-4c9c-8741-f5f5b01e1f86,Gumlink Confectionery Company A/S,golosinas,https://www.gumlinkcc.com,10,,0,ok,web_scraping,desconocido,10,,
6c5bd6df-cbf5-4729-b1d1-bd2179204791,KORONA M LTD,barritas y bebidas deportivas,https://korona-m.eu,20,,0,ok,web_scraping,desconocido,20,,
60eb3558-d352-f111-bec6-000d3abe319d,"Inleit Ingredients, S.L.U.","lacteos, yogures y postres lacteos",https://www.inleitingredients.com,38,,0,ok,web_scraping,desconocido,38,,
e6bd0b81-2509-43e8-8e9f-467006f8e0b8,Stanabbey,golosinas,https://www.stanabbey.com,18,,0,ok,web_scraping,desconocido,18,,
520e2ad6-1ebd-4d36-9d80-47cf3ba2edb9,Metagenics,carnico,https://www.nutriadvanced.co.uk,26,,0,ok,web_scraping,desconocido,26,,
913e1274-0c06-ef11-9f89-6045bd92bc7a,GLOBAL SWISS GROUP,galleteros,https://swissenergy-vitamins.com,37,,0,ok,web_scraping,desconocido,37,,
e607d2d8-87fe-4c53-b147-a6f8bd0c7c90,Foodcom S.A.,"especias, aromas y colorantes",https://www.foodcom.pl,9,,0,ok,web_scraping,desconocido,9,,
913cc6b4-60d3-4151-a983-7cacd0be82c1,LPS BIODLING AB,carnico,https://lpsbiodling.se,7,,0,ok,web_scraping,desconocido,7,,
a95482a7-34ed-4256-ac3e-a16169230ec5,B HEALTHY LTD,barritas y bebidas deportivas,https://www.diablosugarfree.com,60,Azúcar,1,ok,web_scraping,desconocido,60,,
e6501427-30db-f011-8543-7c1e52123808,Rimon Chemicals Co.LTD,"especias, aromas y colorantes",https://www.rimonchemicals.com,15,,0,ok,web_scraping,desconocido,15,,
7f472d59-3e03-f111-8406-7ced8d5c84f3,Delibreads,panaderia,https://www.kingregal.com,22,,0,ok,web_scraping,desconocido,22,,
62eb3558-d352-f111-bec6-000d3abe319d,LATEX - RIZES S.A,nutraceuticos,https://www.rizes.eu,5,,0,ok,web_scraping,desconocido,5,,
7a80f87e-f284-f111-ab0e-70a8a53a0b30,Proex Drinks Group SA,refrescos,https://www.proexdg.com,12,,0,ok,web_scraping,desconocido,12,,
4586602b-3461-407c-b3fb-59cca6dc9ea4,"HARINERA CANARIA, S.A.",nutraceuticos,https://haricana.es,8,,0,ok,web_scraping,desconocido,8,,
a120235d-fbdf-f011-8544-7ced8d0c5f55,Katoen Natie,miel,https://www.katoennatie.com,1,,0,ok,web_scraping,desconocido,1,,
2feb3558-d352-f111-bec6-000d3abe319d,Nfingredients,nutraceuticos,https://www.nutrafoodingredients.com,25,,0,ok,web_scraping,desconocido,25,,
730c73c4-da37-477d-9dc9-3dd4238a0595,Galletas Birba,"especias, aromas y colorantes",https://www.birba.es,19,Azúcar,1,ok,web_scraping,desconocido,19,,
77472d59-3e03-f111-8406-7ced8d5c84f3,Mr Brownie,piensos mascotas,https://www.mr-brownie.com,9,,0,ok,web_scraping,desconocido,9,,
54bae010-8862-4d86-b5a8-e4673fe65089,Sensilab farmacevtska družba d. o. o.,nutraceuticos,https://www.tummy-tox.com,20,,0,ok,web_scraping,desconocido,20,,
7280f87e-f284-f111-ab0e-70a8a53a0b30,Kassatly Chtaura,licores,https://www.kassatly.net,17,,0,ok,web_scraping,desconocido,17,,
03eb3558-d352-f111-bec6-000d3abe319d,Synercore Holdings,"especias, aromas y colorantes",https://synercore.co.za,47,,0,ok,web_scraping,desconocido,47,,
28c72d61-332b-4fcb-8648-4fba1c66fb2d,CLUN - Agrupación de Cooperativas Lácteas,"lacteos, yogures y postres lacteos",https://www.hertzflavors.com,6,,0,ok,web_scraping,desconocido,6,,
40144747-7b62-ec11-8f8f-6045bd8a321b,Lavazza,cafe,https://www.lavazza.com,56,Miel pura de abejas,1,ok,web_scraping,desconocido,56,,
5880f87e-f284-f111-ab0e-70a8a53a0b30,Jovianes,pasteleria,https://www.jovianes.es,29,,0,ok,web_scraping,desconocido,29,,
23511427-30db-f011-8543-7c1e52123808,Fundació Eurecat,medicamentos,https://www.eurecat.org,34,,0,ok,web_scraping,desconocido,34,,
8c68be4c-a34a-4c05-a430-c859f1d40967,Wassy Himalaya,"especias, aromas y colorantes",https://wassyhimalaya.com,7,,0,ok,web_scraping,desconocido,7,,
a35d3202-9305-4205-b059-cb7ad261afa7,Nutrigums Ltd,miel,https://www.nutrigums.co.uk,60,Azúcar,1,ok,web_scraping,desconocido,60,,
4e558c86-c1a7-41e8-acba-721294f961c2,OLD CASTLE FARM,piensos ganaderia,https://www.oldcastlefarmhives.com,60,Miel pura de abejas,1,ok,web_scraping,desconocido,60,,
63c49a9f-3f7e-ee11-8179-000d3aaab965,Moara Cibin SA,galleteros,https://www.moaracibin.ro,19,,0,ok,web_scraping,desconocido,19,,
1feb3558-d352-f111-bec6-000d3abe319d,Oatly AB,alternativas a lacteos,https://www.oatly.com,56,Caramelo natural,1,ok,web_scraping,desconocido,56,,
d6d4bacf-46d5-47eb-9ef8-6685ebfd3a87,INCOM d.o.o.,helados,https://incomleone.com,14,,0,ok,web_scraping,desconocido,14,,
5beb3558-d352-f111-bec6-000d3abe319d,NOVONESIS,nutraceuticos,https://www.novonesis.com/en,60,Azúcar,1,ok,web_scraping,desconocido,60,,
35eb3558-d352-f111-bec6-000d3abe319d,3 Topole,golosinas,https://www.3topole.pl,7,,0,ok,web_scraping,desconocido,7,,
c73e1274-0c06-ef11-9f89-6045bd92bc7a,MOLINO NICOLI,ecologico,https://www.molinonicoli.com,11,,0,ok,web_scraping,desconocido,11,,
31eb3558-d352-f111-bec6-000d3abe319d,Fresh Balck,refrescos,https://freshblack.shop/en,60,,0,ok,web_scraping,desconocido,60,,
58cfaffc-dfcf-4b7c-9538-ed7c7029d904,Softi Wellness Gummies SL.,,https://softi.io,6,,0,ok,web_scraping,desconocido,6,,
1f511427-30db-f011-8543-7c1e52123808,SIA Smartfoody,refrescos,https://www.thebeginnings.com,60,,0,ok,web_scraping,desconocido,60,,
9920235d-fbdf-f011-8544-7ced8d0c5f55,Soprole,,https://www.soprole.cl,46,,0,ok,web_scraping,desconocido,46,,
2c144747-7b62-ec11-8f8f-6045bd8a321b,Stockeld Dreamery,"lacteos, yogures y postres lacteos",https://www.stockeld.com,8,,0,ok,web_scraping,desconocido,8,,
43eb3558-d352-f111-bec6-000d3abe319d,L Cell Longevity Supplements,golosinas,https://omgbubbletea.com,47,,0,ok,web_scraping,desconocido,47,,
26144747-7b62-ec11-8f8f-6045bd8a321b,Vanilini,pasteleria,https://www.vanilini.ge,36,,0,ok,web_scraping,desconocido,36,,
19eb3558-d352-f111-bec6-000d3abe319d,Tnuva,"lacteos, yogures y postres lacteos",https://tnuvausa.com,6,,0,ok,web_scraping,desconocido,6,,
8f3e1274-0c06-ef11-9f89-6045bd92bc7a,THE SKINNY FOOD CO,miel,https://www.theskinnyfoodco.com,60,Azúcar,1,ok,web_scraping,desconocido,60,,
10ff391b-4fcc-4036-99c0-88758d83da57,LABORATORIOS REIG JOFRE S.A.,ecologico,https://reigjofre.com,4,,0,ok,web_scraping,desconocido,4,,
28df5db4-3f5f-4e95-828e-300c37e4d381,Hranom do zdravlja,piensos ganaderia,https://www.untz.ba,30,,0,ok,web_scraping,desconocido,30,,
9961f07e-5730-42d7-97e9-4c50eae0f214,LIFE FOUNTAIN,piensos ganaderia,https://lifefountain-eg.com,34,Miel pura de abejas,1,ok,web_scraping,desconocido,34,,
fa88a112-9e3e-403c-b0cb-b292e353aa47,LE APINE,piensos ganaderia,https://www.leapine.com,40,Miel pura de abejas,1,ok,web_scraping,desconocido,40,,
f8688c11-de23-4b01-811b-f7bcffdcc059,A. N. M KHAN S.L.,pasteleria,https://www.anmkhan.es,5,,0,ok,web_scraping,desconocido,5,,
f76a8b05-c9b3-4858-b29f-e3680ad1c6c2,CONFIDAS,golosinas,https://confidas.com/fr,22,,0,ok,web_scraping,desconocido,22,,
9efc02d6-c10d-4b1b-90bc-4b5387515a0a,HALVA LTD,golosinas,https://halva.fi/en,60,Caramelo natural,1,ok,web_scraping,desconocido,60,,
83472d59-3e03-f111-8406-7ced8d5c84f3,Yarych,"lacteos, yogures y postres lacteos",https://www.yarych.com,10,,0,ok,web_scraping,desconocido,10,,
e90a1ad1-8378-49a7-afc0-969a70de6a66,ATS Kimya,"especias, aromas y colorantes",https://atskimya.com,12,,0,ok,web_scraping,desconocido,12,,
53eb3558-d352-f111-bec6-000d3abe319d,RSL Distillers Pvt Ltd,licores,https://rsldistillery.com,50,,0,ok,web_scraping,desconocido,50,,
bb02cb14-114b-4fcf-9832-a16c716eac32,INFINITE CHOICE Lda.,nutraceuticos,https://www.infinitechoice.pt,9,,0,ok,web_scraping,desconocido,9,,
15eb3558-d352-f111-bec6-000d3abe319d,Onyva,refrescos,https://onyvacoffee.com,60,,0,ok,web_scraping,desconocido,60,,
7c80f87e-f284-f111-ab0e-70a8a53a0b30,Milkimi (Industrias Salumi Simonini S.p.A),quesos,https://www.milkimi.com,7,,0,ok,web_scraping,desconocido,7,,
fa91df84-b59a-4e1e-b043-b8c4220a263a,API DOUCEUR,miel,https://www.api-douceur.com,11,Miel pura de abejas,1,ok,web_scraping,desconocido,11,,
47eb3558-d352-f111-bec6-000d3abe319d,Orange Country,golosinas,https://orangecounty-cbd.com,60,,0,ok,web_scraping,desconocido,60,,
75472d59-3e03-f111-8406-7ced8d5c84f3,Caramelos Cerdán,golosinas,https://www.carameloscerdan.com,27,,0,ok,web_scraping,desconocido,27,,
64eb3558-d352-f111-bec6-000d3abe319d,Mitsui & Co Europe Plc,nutraceuticos,https://www.mitsui.com,41,,0,ok,web_scraping,desconocido,41,,
f0501427-30db-f011-8543-7c1e52123808,Inexall ompany,"especias, aromas y colorantes",https://www.inexall-company.com,5,,0,ok,web_scraping,desconocido,5,,
3f8b8c9f-e16e-4ebd-a3af-ebfaacabb9e2,Euro Patisserie Producties,galleteros,https://www.europatisserie.nl/es,20,Azúcar,1,ok,web_scraping,desconocido,20,,
1a1fa557-86ac-422d-868d-db0278583623,Cortex Chemicals,agroquimico,https://cortexch.com/the-company,36,,0,ok,web_scraping,desconocido,36,,
fff30821-c885-4003-b5f1-a6fe721a1955,ALSACE LAIT,"lacteos, yogures y postres lacteos",https://www.alsace-lait.com,6,,0,ok,web_scraping,desconocido,6,,
f8501427-30db-f011-8543-7c1e52123808,Alta Kraina,zumos y nectares,https://www.altakraina.com,3,,0,ok,web_scraping,desconocido,3,,
fdea3558-d352-f111-bec6-000d3abe319d,Do It Organic,ecologico,https://www.doitorganic.com,42,,0,ok,web_scraping,desconocido,42,,
28144747-7b62-ec11-8f8f-6045bd8a321b,Fi Dubai International FZE LLC,,https://fidubai.ae,60,Dextrosa,1,ok,web_scraping,desconocido,60,,
6900fba3-6117-4048-985a-dcead4351fb1,Castillo de Jijona,turron,https://castillodejijona.com,60,"Azúcar, Miel pura de abejas",2,ok,web_scraping,desconocido,60,,
85eadd0d-a7e4-f011-8543-7ced8d0c1dc6,YesYouCan,agroquimico,https://www.yesyoucan.com,23,,0,ok,web_scraping,desconocido,23,,
ffea3558-d352-f111-bec6-000d3abe319d,naVitalo GmbH,alternativas a lacteos,https://www.navitalo.com,42,Azúcar,1,ok,web_scraping,desconocido,42,,
9f3e1274-0c06-ef11-9f89-6045bd92bc7a,MALSENA,medicamentos,https://www.malsena.lt,11,,0,ok,web_scraping,desconocido,11,,
8880f87e-f284-f111-ab0e-70a8a53a0b30,PanePast,pasteleria,https://www.panepast.com,9,,0,ok,web_scraping,desconocido,9,,
f19a0099-951d-41b5-b668-0ee716f0e0d6,"IMPAG IBERIA, S.L.",nutraceuticos,https://www.impag.com/es-es,19,,0,ok,web_scraping,desconocido,19,,
df501a20-0b79-40bd-b61c-04033e963f5f,LANDGARTEN GmbH & Co. KG,frutos secos y snacks,https://www.landgarten.at/en,17,,0,ok,web_scraping,desconocido,17,,
44e19762-5e0c-45cd-9db0-673b822def2d,Cloetta,pasteleria,https://www.cloetta.com,20,,0,ok,web_scraping,desconocido,20,,
7e80f87e-f284-f111-ab0e-70a8a53a0b30,General Fruit,zumos y nectares,https://www.generalfruit.es,3,,0,ok,web_scraping,desconocido,3,,
3788d917-c445-4074-bfa5-25ba0f6ac523,"G&G SPIRITS, S.L.",licores,https://gg-spirits.com,27,,0,ok,web_scraping,desconocido,27,,
2deb3558-d352-f111-bec6-000d3abe319d,SPA La Bergere,"lacteos, yogures y postres lacteos",https://labergere.dz,11,,0,ok,web_scraping,desconocido,11,,
fa01df64-c489-4b71-aeb0-12f7ca7cd30b,RESET LABS S.L.,nutraceuticos,https://resetvitamins.com,60,Azúcar,1,ok,web_scraping,desconocido,60,,
6a6990bb-fefa-418d-8ed0-56214cdbd66e,UCC Coffee Spain SLU,frutos secos y snacks,https://www.ucc-coffee.co.uk,17,,0,ok,web_scraping,desconocido,17,,
3beb3558-d352-f111-bec6-000d3abe319d,BAGNARESE SPA,vino y derivados del vino,https://www.bagnarese.com,19,,0,ok,web_scraping,desconocido,19,,
1da58e84-23c4-4888-8beb-511c7d598bc0,All Supplements srls unip,nutraceuticos,https://www.astrixpharma.com,4,,0,ok,web_scraping,desconocido,4,,
f0716f09-71b0-4a12-9b5a-13ada36650fa,AREAFAR S.L.,medicamentos,https://www.maison-bruyere.fr,2,,0,ok,web_scraping,desconocido,2,,
f1ea3558-d352-f111-bec6-000d3abe319d,INCOM d.o.o.,helados,https://www.incomleone.com,14,,0,ok,web_scraping,desconocido,14,,
e8501427-30db-f011-8543-7c1e52123808,Lanordija,miel,https://www.lanordija.lv,1,,0,ok,web_scraping,desconocido,1,,
01eb3558-d352-f111-bec6-000d3abe319d,Colostrumprocessing,suplementos deportivos,https://www.colostrumprocessing.nl,8,,0,ok,web_scraping,desconocido,8,,
50b6e1f4-5e78-4ce8-a94d-3b9ba4f96631,FUDEX,frutos secos y snacks,https://www.fudex.com/it,7,,0,ok,web_scraping,desconocido,7,,
37eb3558-d352-f111-bec6-000d3abe319d,Groupe Bel,quesos,https://www.groupe-bel.com,15,,0,ok,web_scraping,desconocido,15,,
e4af54a7-2ab1-4a2d-b3b6-2cf97e463caf,"SNACKS EL VALLE, S.L.",agroquimico,https://www.snackselvalle.com,16,,0,ok,web_scraping,desconocido,16,,
e9ea3558-d352-f111-bec6-000d3abe319d,Kronos S.A.,conservas vegetales,https://www.kronos.com.gr,7,,0,ok,web_scraping,desconocido,7,,
7d472d59-3e03-f111-8406-7ced8d5c84f3,Delibreads,panaderia,https://www.delibreads.com,20,,0,ok,web_scraping,desconocido,20,,
2a144747-7b62-ec11-8f8f-6045bd8a321b,Vieira de Castro,frutos secos y snacks,https://vieiradecastro.pt,60,Miel pura de abejas,1,ok,web_scraping,desconocido,60,,
79472d59-3e03-f111-8406-7ced8d5c84f3,Mr Brownie,nutraceuticos,https://www.mr-brownie.com,9,,0,ok,web_scraping,desconocido,9,,
b679c509-4321-457a-a9f7-06857d133728,MESI MESTARIN,"lacteos, yogures y postres lacteos",https://www.mesi.fi,54,Miel pura de abejas,1,ok,web_scraping,desconocido,54,,
83d7cfdd-b49d-ee11-be37-000d3aaab965,Pladis / Verkade,nutraceuticos,https://www.pladis.com,5,,0,ok,web_scraping,desconocido,5,,
46144747-7b62-ec11-8f8f-6045bd8a321b,Mlekoprodukt,"lacteos, yogures y postres lacteos",https://www.mlekoprodukt.rs,9,,0,ok,web_scraping,desconocido,9,,
29eb3558-d352-f111-bec6-000d3abe319d,parkville,nutraceuticos,https://www.parkvillepharma.com,1,,0,ok,web_scraping,desconocido,1,,
fea6a6eb-50eb-4c58-8c53-c06f29876a1e,Novomins. Innocent Health Ltd.,,https://www.novomins.com,60,Azúcar,1,ok,web_scraping,desconocido,60,,
4beb3558-d352-f111-bec6-000d3abe319d,WEEKONTROL,nutraceuticos,https://weekontrol.com,29,,0,ok,web_scraping,desconocido,29,,
dcf342e7-0f46-423a-a1d7-9adc588ea7d0,COLMENARES NAHUELCURA,cereales,https://www.htba.com,28,,0,ok,web_scraping,desconocido,28,,
25eb3558-d352-f111-bec6-000d3abe319d,SPG Innovation Limited,"especias, aromas y colorantes",https://www.spginnovation.co.uk,17,,0,ok,web_scraping,desconocido,17,,
7480f87e-f284-f111-ab0e-70a8a53a0b30,Deleitas,licores,https://www.deleitas.com,56,Caramelo natural,1,ok,web_scraping,desconocido,56,,
4f6d1601-e0a0-4abb-90c2-7e61b21034d3,HERBORA S.L.,"especias, aromas y colorantes",https://herbora.es,30,,0,ok,web_scraping,desconocido,30,,
ec501427-30db-f011-8543-7c1e52123808,Samoral Co.,nutraceuticos,https://www.samoral.com,11,,0,ok,web_scraping,desconocido,11,,
5a80f87e-f284-f111-ab0e-70a8a53a0b30,AGROFRESC Productes de la llet SL,"lacteos, yogures y postres lacteos",https://www.agrofresc.com,9,,0,ok,web_scraping,desconocido,9,,
ad733d63-f2d1-4b1a-b465-dcb379b55c8f,Zpc Milanowek sp. z o.o.,turron,http://zpcmilanowek.pl,11,,0,ok,web_scraping,desconocido,11,,
59169dca-bbbc-46df-8f92-2179b3b8adb4,Nature's Best Health Products Ltd,nutraceuticos,https://www.naturesbest.co.uk,56,Azúcar,1,ok,web_scraping,desconocido,56,,
ea501427-30db-f011-8543-7c1e52123808,Barcelonesa,"especias, aromas y colorantes",https://www.barcelonesa.com,21,,0,ok,web_scraping,desconocido,21,,
45eb3558-d352-f111-bec6-000d3abe319d,Dr. Oetker,pasteleria,https://www.oetker.es,4,,0,ok,web_scraping,desconocido,4,,
58880ba7-6185-4b60-8a25-dbc4bdf7ca07,GELITA AG,nutraceuticos,https://www.gelita.com,60,Azúcar,1,ok,web_scraping,desconocido,60,,
8720235d-fbdf-f011-8544-7ced8d0c5f55,Grassa,frutos secos y snacks,https://www.grassa.nl,16,,0,ok,web_scraping,desconocido,16,,
84b94960-a76f-4efa-bd1f-ec5f68accb21,Lamberts Healthcare Ltd.,bolleria,https://www.bio-kult.com,34,,0,ok,web_scraping,desconocido,34,,
06511427-30db-f011-8543-7c1e52123808,VMM,nutraceuticos,https://www.vmm.ma,1,,0,ok,web_scraping,desconocido,1,,
4da5ce2a-b89c-4330-b835-85c06197576b,HEALTHWAY LTD,,https://health-way.gr/en/home-2,3,,0,ok,web_scraping,desconocido,3,,
93fa791b-8cb1-ef11-b8e9-000d3aaab59f,Maarud,frutos secos y snacks,https://www.maarud.no,22,,0,ok,web_scraping,desconocido,22,,
7b472d59-3e03-f111-8406-7ced8d5c84f3,Inpanasa,,https://www.inpanasa.com,22,Miel pura de abejas,1,ok,web_scraping,desconocido,22,,
a48f0637-cab2-4adb-a876-b62aa495cb10,NOSTOC BIOTECHNOLOGIES S.L.,agroquimico,https://nostoc.es,25,,0,ok,web_scraping,desconocido,25,,
9c80f87e-f284-f111-ab0e-70a8a53a0b30,Manjare Nuts & Cream SL,salsas y aderezos,https://manjarecreams.com,20,,0,ok,web_scraping,desconocido,20,,
2e144747-7b62-ec11-8f8f-6045bd8a321b,AS TFTAK,barritas y bebidas deportivas,https://www.tftak.eu,10,,0,ok,web_scraping,desconocido,10,,
edc1e46d-f4ee-4135-a92d-8bcbecb25840,BIO-KULT,nutraceuticos,https://www.bio-kult.com,34,,0,ok,web_scraping,desconocido,34,,
ee501427-30db-f011-8543-7c1e52123808,Samoral Co.,nutraceuticos,https://www.samoral.com,11,,0,ok,web_scraping,desconocido,11,,
1beb3558-d352-f111-bec6-000d3abe319d,Froneri Adriatic,helados,https://www.icecreamland.eu,12,,0,ok,web_scraping,desconocido,12,,
4deb3558-d352-f111-bec6-000d3abe319d,"Anderson Advanced Ingredients, LLC","especias, aromas y colorantes",https://www.advancedingredients.com,28,Glucósidos de esteviol (E-960a),1,ok,web_scraping,desconocido,28,,
b991ce68-8df6-4084-bea0-46c9f74fdca3,Arrua Barrena,pasteleria,https://www.arruabarrena.com,22,,0,ok,web_scraping,desconocido,22,,
5c80f87e-f284-f111-ab0e-70a8a53a0b30,Helados Viva,helados,https://www.heladosviva.com,9,,0,ok,web_scraping,desconocido,9,,
7ae98fa7-1606-489c-a7f7-3a232c0d184a,Optibac Probiotics,miel,https://www.optibacprobiotics.com,34,,0,ok,web_scraping,desconocido,34,,
da9e8e7d-9702-4297-a3a4-f7524d31ef3f,Novadiet,,https://novadiet.es,14,,0,ok,web_scraping,desconocido,14,,
3583a370-54f0-4ddb-8c8d-7859e35793d7,Bio-Dis Pharma,suplementos deportivos,https://www.bio-dis.com,32,,0,ok,web_scraping,desconocido,32,,
04511427-30db-f011-8543-7c1e52123808,Vitaminka,chocolate,https://www.vitaminka.com.mk,20,,0,ok,web_scraping,desconocido,20,,
e8caf19a-ea5f-4abd-a859-f412bade0827,Rexim Lebensmittelproduktion KG,golosinas,https://www.rexim-lebensmittel.de/en,7,,0,ok,web_scraping,desconocido,7,,
5280f87e-f284-f111-ab0e-70a8a53a0b30,Arwen Food Group,panaderia,https://www.arwemfoodgroup.com,24,,0,ok,web_scraping,desconocido,24,,
5dc49a9f-3f7e-ee11-8179-000d3aaab965,ANDROS SNC FRANCE,mermeladas y confituras,https://www.berner.fi,3,,0,ok,web_scraping,desconocido,3,,
5d9b378e-6685-4ea3-b657-b62684d675ab,Ametller Origen,ecologico,https://www.ametllerorigen.com,13,,0,ok,web_scraping,desconocido,13,,
b4f32b5f-d9c3-46a2-aa4b-056fac6ec4e6,Dino Corsini,bolleria,https://www.dinocorsini.it/index-en,26,Azúcar,1,ok,web_scraping,desconocido,26,,
0feb3558-d352-f111-bec6-000d3abe319d,Leone,helados,https://incomleone.com,14,,0,ok,web_scraping,desconocido,14,,
0a511427-30db-f011-8543-7c1e52123808,PT Sinergi Multi Lestarindo TBK,,https://www.ptsml.id,4,,0,ok,web_scraping,desconocido,4,,
b73e1274-0c06-ef11-9f89-6045bd92bc7a,SC VILNIAUS PERGALE,nutraceuticos,https://www.pergale.lt,10,,0,ok,web_scraping,desconocido,10,,
ce8b1b33-15d5-4179-99db-553902fd1409,LABORATORIOS BEST MEDICAL S.L.U.,nutraceuticos,https://laboratoriosbestmedical.com,5,,0,ok,web_scraping,desconocido,5,,
27eb3558-d352-f111-bec6-000d3abe319d,Sunar Misir Entegre Tesisleri San.ve Tic.AS.,"especias, aromas y colorantes",https://www.sunarmisir.com.tr,8,,0,ok,web_scraping,desconocido,8,,
81472d59-3e03-f111-8406-7ced8d5c84f3,Simón Coll,galleteros,https://www.simoncoll.com,35,,0,ok,web_scraping,desconocido,35,,
b15517f0-4630-4fc2-88df-afe1675270a6,ECOSTUP SRL,,https://ecostup.md,59,,0,ok,web_scraping,desconocido,59,,
ec9adce6-8f1a-4b9c-8ad0-955f661f2931,GALLETAS TEJEDOR S.A.,medicamentos,https://www.galletastejedor.es,18,,0,ok,web_scraping,desconocido,18,,
1a7e4c99-8fab-42b2-91eb-37c14462516f,CONSERVAS HOLA,,https://conservashola.com,6,,0,ok,web_scraping,desconocido,6,,
a151152d-43d1-4dfb-bb8f-bccd29941dae,CARAMELOS VIUDA PIFARRÉ,,https://v-pifarre.com,41,"Azúcar, Miel pura de abejas",2,ok,web_scraping,desconocido,41,,
a0190852-08db-4b91-bfdd-0e51b7e9a676,KOMVIDA KOMBUCHA,,https://www.komvida.com,60,,0,ok,web_scraping,desconocido,60,,
