leadid,companyname,sector,websiteurl,productos,n_productos,paginas_visitadas,status
fe501427-30db-f011-8543-7c1e52123808,LNK,"lacteos, yogures y postres lacteos",https://lautan-natural-krimerindo.com,"Explore Industry Insights | Staying Healthy Goes Beyond Diet: LNK Encourages Employees to Stay Active | Healthy Is the New “Flex”, FiberCreme Invites Indonesians to Get Active with the FiberCreme Tennis Cup 2026 | Industrial Engineering UNS Students Explore Industry Practices Through Visit to LNK | The Brands | Lautan Krimer | Lautan Naturale | FiberCreme | Lautan Premix | Lautan Dairy | Wellington Pro | Best QualityNon Dairy Creamers | 10 kg | 25 kg | 500 kg | 12 – 24 Months | Non Dairy Creamer | Features | Applications | Variants | 1. Creamer | 2. Foaming Creamer | 3. Fat Powder | Speciality Creamers | 1. Low Sugar Creamer | 2. Acid Stable Creamer | Industrial Packaging | Application Suggestion",26,https://lautan-natural-krimerindo.com | https://lautan-natural-krimerindo.com/products/ | https://lautan-natural-krimerindo.com/product/ | https://lautan-natural-krimerindo.com/product/lautan-krimer/,ok
9da46b26-5a9b-ef11-8a6b-000d3aaab965,Fuchs,nan,https://www.fuchs.com,,0,https://www.fuchs.com,ok_sin_productos
69b53445-e7ce-46f8-baaf-884e3d296450,PARADISE HONEY LTD,miel,https://www.paradisehoney.fi,EPS BEEBOX BEEHIVES | EXTRACTING LINES | UNCAPPING EQUIPMENT | WAX PRESS SYSTEMS | HONEY ROCKETS | CENTRIFUGE SYSTEMS | MOBILE EXTRACTING | OTHER EQUIPMENT | NEW PRODUCTS | PRODUCTS,10,https://www.paradisehoney.fi,ok
929c9938-c28d-440b-8278-a031915c3cd4,BEEXPERT,piensos ganaderia,https://www.beexpert.ro,"Hrana albine | Pachet completare rezerve de hrana (Sirop, Apicomplex) | Adauga in cos | Turta Beefonda extra proteina 1 kg | Alege varianta | Turta Apiluk proteica Plus 1 kg | Turta cu Ultra Bee pentru Formare Corp Gras si puiet larvar Apiboost | Produse recomandate | Pachet dezvoltare roiuri (3 x Sirop, Startovit, Promotor) P1 | Sirop F40 | Ultra Bee hrana proteica albine | Acid formic 85% | Acid oxalic | Pasul FINAL. „Finalizarea solicitării” | Stupi si accesorii | Polistiren | Poliuretan | Lemn | cu coltare | Roinita | Stup 6 rame din poliuretan (soclu, cuib 1/1, hranitor dublu, capac) Farostup | Stup 6 rame din poliuretan (soclu, cuib 1/1, capac) Farostup | Stup 10 rame din lemn configuratie la cererea apicultorului IS | Stup 12 rame din lemn configuratie la cererea apicultorului | Stup 10 rame din poliuretan configuratie la cererea apicultorului | Stup 12 rame din poliuretan configuratie la cererea apicultorului | Stup 10 rame din lemn cu IMBINARE DUBLA configuratie la cererea apicultorului | Roinite si nuclee pentru imperecherea matcilor | Stup 10 rame din polistiren vopsit soclu cuib 300 2x cat 1/2 podisor capac Lyson | Stup 10 rame din lemn, cuib 1/1, magazie 1/2 IS | Stup 12 rame din lemn, cuib 1/1 magazie 1/2 IS | Stup 10 rame din lemn, cuib 1/1, magazie 1/2 cu IMBINARE DUBLA | Stup 10 rame din poliuretan cuib 1/1 Farostup | Stup 10 rame din poliuretan cuib 3/4 Farostup | Stup 10 rame din poliuretan cuib 1/1 magazie 1/2 Farostup | Stup 10 rame din poliuretan cuib 1/1 magazie 3/4 Farostup | Stup 10 rame din poliuretan cuib 1/1 2xmagazie 1/2 Farostup | Stup 10 rame din poliuretan cuib 1/1 2xmagazie 1/2 si podisor Farostup | Stup 10 rame din poliuretan cuib 300 2xmagazie 3/4 Farostup | Stup 10 rame din lemn, cuib 1/1 IS | Stup 10 rame din lemn, cuib 1/1 cu IMBINARE DUBLA | Stup 10 rame din lemn, cuib 1/1, 2x magazie 1/2 cu IMBINARE DUBLA | Stup 12 rame din lemn, multietajat 2x corp 3/4 IS | Stup 10 rame din lemn, multietajat 2x corp 3/4 IS | 17 cm | 23.5 cm | 30.5 cm | 42.2 cm | 49.2 cm | Plastic | in falt | Capac | Corp 162mm (Dadant 1/2) | Corp 230mm (Langstroth 3/4) | Corp 300mm (Dadant 1/1) | Podisor | Soclu | Soclu din lemn antivarroa pentru stup 10 rame IS | Soclu din lemn plin pentru stup 10 rame IS | Colector de polen de soclu cu rampa de zbor din plastic BG",60,https://www.beexpert.ro | https://www.beexpert.ro/info/comanda-online | https://www.beexpert.ro/catalog/stupi-39 | https://www.beexpert.ro/catalog/componente-stupi-40,ok
5d48985e-8a8a-43c7-a70f-4b80dc606df2,ASOCIACIÓN APICULTORES ESLOVAQUIA,miel,http://vcelari.sk,,0,,error_home
14511427-30db-f011-8543-7c1e52123808,Pladis,nutraceuticos,https://www.pladisglobal.com,"GODIVA unveils centennial exhibition - A Century of Craft: The Wonder Moments | Ülker Probis launches new campaign showing AI cannot replicate its distinctive taste | McVitie’s owner pladis grows revenue to £3.3bn as branded portfolio proves resilient | McVitie’s highlights how biscuits bring Brits together in new brand campaign | Employee stories | Working at pladis | Inclusion and diversity | How pladis is using AI to give colleagues time back | McVitie's looks beyond biscuits in China as pladis targets £1bn brand | McVitie’s owner pladis expands Chiswick Park headquarters | 'Tis the season to savour with Jaffa Cakes, Carr's and Jacob's | About us | Our brands | Happy People Happy Planet | Our impact",15,https://www.pladisglobal.com | https://www.pladisglobal.com/index.ph%70/media-centre/mcvities-owner-pladis-grows-revenue-ps33bn-branded-portfolio-proves-resilient,ok
42beb256-c7fe-ed11-8f6e-000d3aaab965,SANY GmbH,nan,https://www.sanyeurope.com/es,"SANY Europe ist ein Baumaschinenhändler in Bedburg, der Hafenmaschinen und Mobilkräne vertreibt. | BUSCAR EN PARA EL DISTRIBUIDOR | PRODUCTOS – MAQUINARIA DE CONSTRUCCIÓN | PRODUCTOS – MAQUINARIA DE CONSTRUCCIÓN DE CARRETERAS | PRODUCTOS – MÁQUINAS PORTUARIAS | NEWS | JOB REPORT: „UNSERE SANY BAGGER SIND FAMILIENMITGLIEDER“ | JOB REPORT: KALKSTEIN, BRECHER UND EIN SY265C IM DAUEREINSATZ | KUNDENSTIMME: „BIS HEUTE KEINE REKLAMATION“: WARUM DANIEL GÖCKEL AUF SANY VERTRAUT | FECHAS DE FERIAS 2025 | VISÍTENOS EN LAS FERIAS | SOBRE SANY EUROPA | SANY EUROPA - UNA PARTE FUERTE DE UN ACTOR GLOBAL",13,https://www.sanyeurope.com/es,ok
3ec4dc58-4454-400d-a8a7-dcaa8db9fd31,Arquivet,piensos mascotas,https://arquivet.com/en,B2BB2B access | Español | Italiano | Português | English | Français | ↳ View all about Dogs | ↳ View all about Food | Semi-moist/Fresh food | Dry food | Homemade Stews/FreshHome | Wet food | Snacks | Freeze-Dried Treats | Fresh Meat Snacks | Creamy snacks | Nutritional supplements | Savings Packs | ↳ View all about Hygiene and cosmetics | Absorbent pads and diapers | Wipes | Hygienic bags | Repellents and attractants | Dental health | Shampoos and conditioners | Colonies | Ear care | Care pads | Combs and brushes | Hair clippers and nail clippers | Accessories | ↳ View all about Toys | Natural | Teethers and motivators | Interactive and educational | Stuffed animals | Discover them | Let's get them! | Buy now | MORE | Our families | Fresh | Ver más | FreshHome | Super Premium | Grain Free | Original | Wet Dog Food | Natural Snacks | Arenas | Mini Fillets | Creamy Cat Treats | Catalog 2026 | Download | Caring for pets since 1990 | Learn more | New releases | Semi-moist food with fresh Farm Poultry for mini breed dogs – Fresh | Semi-moist food with fresh Free Run Duck for mini breed dogs – Fresh | Semi-moist food with fresh Salmon and Turkey for mini breed dogs – Fresh,60,https://arquivet.com/en | https://arquivet.com/en/collections/dogs | https://arquivet.com/en/collections/dog-food | https://arquivet.com/en/collections/dog-food-semi-moist-food,ok
2ebeb256-c7fe-ed11-8f6e-000d3aaab965,Banketbakkerij Merba B.V.,galleteros,https://www.merba.com,Een indrukwekkende hightech bakkerij om slim en duurzaam koekjes te maken voor de hele wereld. | hightech | slim | duurzaam | Lees verder | Famous Chocolate Cookies | Apple Pie Cookies | Brownie Cookies | Chocolate Chip Cookies | Cranberry White Chocolate Cookies | Nougatelli Cookies | Rainbow Cookies | Caramel Cookies | Triple Chocolate Cookies | Soft Muffin Cookies | Lemon White Chocolate Cookies | Fully Coated Cookies | Double Chocolate Cookies | Dark Chocolate Hazelnut Cookies,19,https://www.merba.com | https://www.merba.com/producten/,ok
09eb3558-d352-f111-bec6-000d3abe319d,Astron Chemicals,suplementos deportivos,https://astronchemicals.gr/en,Industry | Food | Pharmaceuticals | Cosmetics | Animal Feed | Industrial Coatings | Consumer | Pet Accessories | Pet Food | CERTIFICATES | HEAD OFFICES IN ATHENS | BRANCH IN THESSALONIKI | SUBSIDIARY IN ROMANIA | SUBSIDIARY IN BULGARIA | Aquarium Fish Food,15,https://astronchemicals.gr/en | https://astronchemicals.gr/en/food-products-for-small-animals/ | http://astronchemicals.gr/en/food-products-for-small-animals/,ok
a3d7cfdd-b49d-ee11-be37-000d3aaab965,GRIFFIN FOODS,licores,https://www.griffinfoods.com,,0,https://www.griffinfoods.com,ok_sin_productos
435b8a6a-1ce0-ec11-bb3d-000d3a43e7af,CuraLife,nutraceuticos,https://es.iherb.com/c/curalife,,0,,error_home
8b068ef1-f00f-47df-9760-213497d36bff,"SEOUL PROPOLIS Co., Ltd.",nutraceuticos,https://www.probee.kr,주메뉴 | 서울프로폴리스 소개 | Creating a Healthy Future Through Constant R&D and Innovation서울프로폴리스와 함께 건강을 이야기합니다. | PROBEE news 서울프로폴리스의 다양한 소식을 확인하실 수 있습니다.,4,https://www.probee.kr,ok
dfc39afc-0986-4f96-82d1-d986323182fa,NATURAL GREATNESS,suplementos deportivos,https://naturalgreatness.com/es,,0,https://naturalgreatness.com/es,ok_sin_productos
6ceb3558-d352-f111-bec6-000d3abe319d,Wellma,suplementos deportivos,https://www.wellma.com,Your Development & Manufacturing partner | Specialists in Every Format | Helping Great Brands Grow | Uncompromising on Quality | Flexible & Fast | Driven by Innovation | Backed by Technology | Full format range. Specialized capabilities. | Relentless focus on quality | Our quality promise | Transformative science | WELLMA LIFE:Contributing to a sustainable future | Our team: | Latest news,14,https://www.wellma.com,ok
ee17bc44-4068-4ebf-a26e-d50af95ed615,ASOCIACIÓN APICULTORES ESLOVAQUIA,miel,http://vcelari.sk,,0,,error_home
b892deac-aa95-4c80-a890-ebb3784fd231,ANEL - Apiculture Equipment,miel,https://www.anel.gr/fr,,0,,error_home
aac28f91-e157-f011-877a-6045bd92f5a8,Nordicpurepro,nutraceuticos,https://www.nordicpurepro.dk,"Vandfilter | Tilføj til kurv | Vælg muligheder | Uvalgte Produkter | Tilbud, udgivelser og nyeste maskiner | 15% | Tilmeld dig vores nyhedsbrev!",7,https://www.nordicpurepro.dk,ok
acc28f91-e157-f011-877a-6045bd92f5a8,Mazhar,cereales,https://www.mazhar.ma,We accompany you | What we do | We assist you | We provide raw materials For those sectors: | We guarantee you | You have a project?,6,https://www.mazhar.ma,ok
cfc25255-adb5-43f8-8fdf-b96c69de58e6,BEELAKAT,nan,https://beelakat.com,,0,,error_home
9480f87e-f284-f111-ab0e-70a8a53a0b30,Gof Hungary Kft.,cereales,https://www.avenagofit.com,1kg áfonyás granola + 250gr áfonyás | Aprószemű zabpehely | Gluténmentes áfonyás granola | Gluténmentes csokoládés granola | Gluténmentes datolyás-banános granola hozzáadott cukor és édesítőszer nékül | Gluténmentes meggyes-almás granola édesítőszerekkel | Gluténmentes meggyes-almás granola hozzáadott cukor és édesítőszer nélkül | GRANOLA - Csokoládés-mogyorós | GRANOLA - Matcha-pisztácia-cseresznye | Granola - Sós karamellás | Granola - Trópusi ízélmény | Gyümölcsös müzli | Hántolt zab | Instant zabpehely | OATTO THE GOAT – OAT IPA | OATTO THE GOAT – OAT IPA - 3 + 1 zsugor | OATTO THE GOAT – OAT IPA 3+1 akció | OATTO THE TOAD – CHERRY OAT ALE | OATTO THE TOAD – CHERRY OAT ALE - 3 + 1 zsugor | OATTO THE TOAD – CHERRY OAT ALE 3+1 akció | Prémium zabpehely | Pure Platinum Power Citrus Collagen Bar | Pure Platinum Power Citrus Collagen Bar 4+1 | Pure Platinum Power Rasberry Collagen Bar | Pure Platinum Power Rasberry Collagen Bar 4+1 | Szeletelt zab köretnek | Zab fusilli | Zab fusilli 2+1 | Zab penne | Zab penne 2+1 | Zabpehely dara | Zabpehely korpa | Zabpehelyliszt,33,https://www.avenagofit.com,ok
1deb3558-d352-f111-bec6-000d3abe319d,DONAUCHEM s.r.o.,suplementos deportivos,https://www.donauchem.cz,O nás | Produkty & Odvětví | Odpovědnost | Novinky | Kontakty | Kariéra | Maximalizujte svůj úspěch na trhu | Řešení na míru | Suroviny | Speciální produkty | Poradenství | Pozvánka na přístavní slavnost | Hydratace nové generace: trendy ve funkčních nápojích | Newsletter představil -biotika pro zdravý mikrobiom | Newsletter zaměřený na dlouhověkost a aktivní životní styl | Obhajoba klíčových mezinárodních certifikací potvrzuje stabilitu a odpovědný přístup | Vánoční a novoroční přání společnosti Donauchem,17,https://www.donauchem.cz,ok
ada46b26-5a9b-ef11-8a6b-000d3aaab965,65 OATS,cereales,https://www.65oats.com,Our story | Gluten-free production chain | Our delicious and safe oat flakes are made in an extraordinary mill | Our products | Contract farmers | News | 65 Oats joins collaborative ‘Sustainable Oats from Europe’ campaign directed to Asia | Let`s meet in Foodex Japan 2024 | See you at Biofach on February 2024! | Happy holidays,10,https://www.65oats.com,ok
8280f87e-f284-f111-ab0e-70a8a53a0b30,Danvita,panaderia,https://www.danvita.it,,0,,error_home
d13e1274-0c06-ef11-9f89-6045bd92bc7a,Kuchenmeister GmbH,pasteleria,https://www.kuchenmeister.de,Unternehmen | Sortiment | Karriere | Blog | Service | Karriere bei Kuchenmeister | Unsere Produkte | Kuchen | Kuchenböden | Mini-Kuchen | Stollen | Waffeln | Jetzt Kontakt aufnehmen | Home | Products | All Products | KuchenMeister Mini Sacher Cake | KuchenMeister Viennese Cake Base Dark | KuchenMeister Viennese Cake Base Light | KuchenMeister Tartlets | KuchenMeister Fruit Base | KuchenMeister Rondana Marble | KuchenMeister Mini Cake Marble | KuchenMeister Cinnamon Rolls | KuchenMeister Raspberry Roll | KuchenMeister Strawberry Roll | KuchenMeister Mini Waffles | KuchenMeister Fresh Egg Waffles | KuchenMeister Heart Waffles Cinnamon | KuchenMeister Heart Waffles Cocoa | KuchenMeister Heart Waffles | KuchenMeister Milk Roll | KuchenMeister Spring Bites Apricot individually packed | KuchenMeister PUK Apple Pie | KuchenMeister Football Cookies Cocoa | KuchenMeister Cookies Cocoa | KuchenMeister Fine Marzipan Stollen | KuchenMeister Orange – Marzipan Stollen | KuchenMeister Classic Stollen | KuchenMeister Spring Bites Apricot | Baumkuchen Bites Irish Cream | KuchenMeister Baumkuchen Bites Jamaica Rum | KuchenMeister Filled Croissant 5-pack,43,https://www.kuchenmeister.de | https://www.kuchenmeister.de/export/products/,ok
bac28f91-e157-f011-877a-6045bd92f5a8,Laïta Nutrition,bolleria,https://www.laita.com,Nos produits laitiers | Le lait sous toutes ses formes | Notre savoir-faire dans les produits de nutrition santé | Notre expertise dans les ingrédients pour les industriels | Nos aliments laitiers pour les jeunes mammifères | Explorer nos produits laitiers | Un large choix d'ingrédients fondamentaux et élaborés,7,https://www.laita.com | https://www.laita.com/produits/ingredients-laitiers,ok
8469da37-a044-4bf4-aecb-62628f660141,THERMOSOLAR HIVE,"especias, aromas y colorantes",https://www.thermosolarhive.com/en,"Help your bees | Buy on online shop | We help beekeepers with their issues | Fight with Varroa mites | Low production of honey | Using ofchemicals | Death of bee colonies | Slow springdevelopment of bees | And we bring them several advantages | Honey production increased on average by 40 % | Honey without chemicals, increased consumption of winter supplies | Presence of Nosema parasites suppressed | Bees thermal control increased | Satisfied beekeepers | More advantages of Thermosolar Hive | It warms up the colony, accelerates its spring development and saves winter supplies | Health condition of the bees improved | Significantly reduced time on Varroosis treatment... | It protects the bees against severe and long winters | Fixes the problem of poor-quality watery honey | Allows to have early season queens and drones within a short beekeeping season | Depending on frame size it can hold at least 25 kg of honey in a honey super | It gets rid of the Varroa destructor mite in the colony during late summer period | It considerably suppresses the presence of Nosema disease caused by Nosema parasites thanks to the thermotherapy | Significantly increases the flight activity of the colony and its flow potential | Exterminatiate Varroa mites directly in the capped brood with efficiency of 100% | Strong and healthy bees means more honey | How it works | Available for download | Awards & Certifications | News & Events | Get in touch with us",32,https://www.thermosolarhive.com/en | https://www.thermosolarhive.com/en/eshop/,ok
355b8a6a-1ce0-ec11-bb3d-000d3a43e7af,Solara Labs,nutraceuticos,https://www.solaralabs.com,"HOME | ABOUT | HOW WE WORK | FAST-MELTS | CHEWABLES | CAPSULES & TABLETS | POWDERS | PACKAGING | OUR BRANDS | CAREERS | SUBMIT PROJECT | Log in | PRODUCT FORMATS | Cart | Item added to your cart | Turning ideas into reality | SUBMIT A PROJECT | Innovators of Fast-Melt Tablet Technology | LEARN MORE | Standing out in a crowded marketplace is hard | View Product Formats | Grounded in science. Proven in the market. | MEET OUR TEAM | SOLARA x SAP | CASE STUDIES | ""ZERO TO $30M"" | VIEW CASE STUDY | ""DOCTOR KNOWS BEST"" | ""POWDER PROBLEMS"" | (305)592-4748 | (305)393-8177 | Privacy Notice | Cookie Notice | Cookie Preferences | Terms & Conditions | Accessibility Notice | Do Not Sell or Share My Personal Information. | FAQs on our fast-melts | View more FAQ here | SUBMIT A PROJECT INQUIRY | Case study: ""Zero to $30M""",41,https://www.solaralabs.com | https://www.solaralabs.com/pages/fast-melts-product,ok
81d7cfdd-b49d-ee11-be37-000d3aaab965,NUTRITION & SANTE,agroquimico,https://www.nutrition-sante.com,,0,,error_home
dbbdffd2-212b-f011-8c4e-6045bd92f5a8,FINI,golosinas,https://www.fini.es,,0,https://www.fini.es,ok_sin_productos
9080f87e-f284-f111-ab0e-70a8a53a0b30,Equanto,alternativas a lacteos,https://www.equanto.pt,"We scale your vision through industrial excellence | Over 30 years of trusted experience in the food industry | Solutions for every moment of the day | Functional Food | Organic Food | Sports Nutrition | Supplements | Six brands, one commitment | Certifications | Markets | America | country | Europe | countries | Africa | Asia | Insights | How can we help?",18,https://www.equanto.pt,ok
86c49a9f-3f7e-ee11-8179-000d3aaab965,Laperva Food & Supplements,licores,https://www.laperva.net,"Laperva Iso Triple Zero Next Generation Whey Protein | Laperva Sports Nutrition | Laperva Health & Wellness | Laperva Healthy Foods & Snacks | Categories May You Like | Distributors | Your Goals, Our Mission | Blog | See Laperva in Action",9,https://www.laperva.net | https://www.laperva.net/products,ok
7895a2ba-f1e1-42c6-9116-b2e35a3b56e9,Ines Rosales,"especias, aromas y colorantes",https://inesrosales.com,"Visita nuestra fábrica | Legítimas y Acreditadas Tortas de Aceite de Inés Rosales | Tortas dulces | Tortas saladas | Especialidades | Sin azúcar | Para regalar | Crujío | Con la artesanía por bandera | Desde 1910, para toda la vida | ¿Dónde encontrarnos? | Recetas con Tortas de Inés Rosales | Tarta de queso y chocolate al horno | Solomillo de cerdo relleno al horno con Tortas Inés Rosales | Tarta Milhojas de Chocolate | Packs surtidos: todas tus Tortas y variedades favoritas en un solo clic | Tortas de aceite dulces | Tortas de aceite saladas | Dulces navideños | ¿Eres profesional? | Lote surtido Otoño | Pack Estuches con Tortas de Aceite dulces | Pack surtido Tradicional | Pack surtido Tortas de Aceite | Torta de Aceite Original (6 uds.) | Torta de Aceite con Naranja (5 uds.) | Torta de Aceite con Limón (5 uds.) | Torta de Aceite con Canela (5 uds.) | Estuche Azulejo con Tortas de Aceite con Naranja (5 uds.) | Estuche Azulejo con Tortas de Aceite con Limón (5 uds.) | Estuche azulejo con Tortas de Aceite con Canela (5 uds.) | Estuche azulejo con Tortas de Aceite Original (5 uds.) | Estuche Mantón con Tortas de Aceite Original (5 uds.) | Lata Mantón Rojo con Tortas de Aceite Original (5 uds.) | Lata Mantón Otoño con Tortas de Aceite con Naranja (5 uds.) | Lata Azulejo con Tortas de Aceite con Limón (5 uds.) | Lata Mantón Otoño con Tortas de Aceite Original (5 uds.) | Lata Mantón con Tortas de Aceite con Canela (5 uds.) | Torta de Aceite con Romero y Tomillo (6 uds.) | Pack surtido salado | Estuche Azulejo con Torta de Aceite con Romero y Tomillo (5 uds.) | Tortitas Nevadas (6 uds.) | Cortadillos con Cabello de Ángel (6 uds.) | Pestiños de miel | Cortadillos con Cacao (4 uds.) | Tortitas con Coco (4 uds.) | Tortitas Nevadas Sin Azúcares (6 uds.) | Cortadillos con Cabello de Ángel sin azúcares (4 uds.) | Torta de Aceite Sin Azúcares (6 uds.) | Crujío con Sésamo y Sal | Crujío con sabor Albahaca y Romero | Bolsa de tela Inés Rosales | Baraja de Cartas Inés Rosales | Lata Mantón rojo | Lata Mantón Otoño | Lata Azulejo Inés Rosales | Posavasos Primavera | Posavasos Verano | Posavasos Otoño | Posavasos Invierno",60,https://inesrosales.com | https://inesrosales.com/tienda/ | https://inesrosales.com/categoria-producto/tortas-de-aceite-dulces-ines-rosales/ | https://inesrosales.com/categoria-producto/tortas-ines-rosales-saladas/,ok
ae1df3fe-99dc-4323-8691-7fde2424c138,DairyPet,piensos mascotas,https://yowup.com,Perros | Gatos | Beneficios | Lick Life | Dairypet | Contacto | Política de privacidad y aviso legal | Política de cookies | Subvenciones,9,https://yowup.com | https://yowup.com/productos/yogur-digestive-natural/ | https://yowup.com/productos/flora-plus-prepostbiotics-duck-pumpkin/,ok
10511427-30db-f011-8543-7c1e52123808,Purasana,"especias, aromas y colorantes",https://www.purasana.com,"Superfoods | Poeders | Blends & mixen | Instant koffie & thee | Superfood hydratatie | Gedroogd fruit, zaden & bonen | Bakmixen | Proteïne poeders | Vegan proteïnes | Whey proteïnes | Shape & Control | Supplementen | Collageen | Planten & kruidencapsules | Maag & darmsupplementen | Vitamine complex | Vloeibare supplementen & siropen | Medische hulpmiddelen | Liquids | Dranken | Kombucha | Pu-erh thee | Voeding | Kokosolie | Himalayazout | Aroma | Accessories | Bestsellers | Alle producten | Shop producten | Beauty & Collageen | Detox & Gewichtsbeheersing | Geheugen & Concentratie | Gezond koken en eten | Libido & Hormoonbalans | Slaap & Ontspanning | Spieren & Gewrichten | Spijsvertering & Darmtransit | Sport & Energie | Weerstand | Promo van de maand | Laatste kans | Aanbiedingen | Recepten | Tips | Recepten & Tips | Over ons | Purasana team | Duurzame aanpak | Vegan Proteïne Soja | Psyllium Poeder | Cacao Nibs | Kombucha Natuur | Spirulina Poeder | Lion's Mane Poeder | Vegan Proteïne Erwt - Vanille | Multivitamine Capsules | Feel Beautiful Viscollageen Matcha | Matcha Classic Poeder | Moringa Poeder",60,https://www.purasana.com | https://www.purasana.com/nieuwe-producten,ok
ef3e1274-0c06-ef11-9f89-6045bd92bc7a,Hemani General Trading LLC,mermeladas y confituras,https://www.hemani.ae,,0,,error_home
9120235d-fbdf-f011-8544-7ced8d0c5f55,AB Mauri,panaderia,https://www.actifsprecieux.com,,0,https://www.actifsprecieux.com,ok_sin_productos
99d7cfdd-b49d-ee11-be37-000d3aaab965,PHODE,"especias, aromas y colorantes",https://www.phode.com,"Menu | Quel secteur d’activité vous intéresse ? | Expertises scientifiques | et savoir-faire industriels | Phodé en bref | Science | & Innovation | Partenariats | et collaborations scientifiques | Découvrez nos dernières actualités | Phodé franchit un nouveau cap | Antioxydants : les alternatives naturelles, levier essentiel pour la nutrition animale et humaine | Une démarche scientifique multidisciplinaire | Preuves comportementales : l’effet anxiolytique chez la souris | Preuves cérébrale : Modulation de la vigilance chez le porc | Preuves moléculaires : L’activation du récepteur de la sérotonine (5-HT1AR) dans l’hippocampe | Pour partager cet article : | Catégories | Actus | R&D",20,https://www.phode.com | https://www.phode.com/gestion-stress-ingredient-sensoriel/,ok
d73e1274-0c06-ef11-9f89-6045bd92bc7a,White's Oats,mermeladas y confituras,https://www.whitesoats.co.uk,"Fitness & Training | White’s Oaty Bar – Now Available at Tesco! | Health & Nutrition | Featured Products | Choco Boost High Protein | Berry & Seed Porridge | Date & Coconut Porridge | Quick & Oaty Instant Oats - Original | Jumbo Organic Oats | Granola with Hazelnuts, Almonds & Honey | Toasted Oats - Strawberry & Banana Crunch | Speedicook Porridge Oats | High Fibre Soft Baked Oaty Bar | Berry Boost High Protein | See our full range | Organic Oat Flakes | Organic Wafer Oats Caddy | Oat Bran - Medium Cut | Oat Bran - Fine Cut | Gluten Free Oat Flakes | Quick & Oaty Instant Oats - Mixed Berry | Quick & Oaty Instant Oats - Apple & Cinnamon | Quick & Oaty Instant Oats - Golden Syrup | Quick & Oaty Instant Pot - Original | Quick & Oaty Instant Pots - Oats Apple & Cinnamon | Quick & Oaty Instant Pot - Golden Syrup | ActivOat Porridge - High in Protein - Original | ActivOat Porridge - High in Protein - Golden Syrup | Toasted Oats Apple & Cinnamon Crunch | Toasted Oats - Wild Fruit Crunch | Toasted Oats Triple Chocolate Crunch | Granola with Apple, Cranberry & Raspberry | Low Sugar Granola, Nuts & Seeds | Pecan & Salted Caramel Granola | Recipe Ideas | Where to Buy | Get Your Free White’s Online Cookbook!",37,https://www.whitesoats.co.uk | https://www.whitesoats.co.uk/products | https://www.whitesoats.co.uk/products/choco-boost-high-protein-oats | https://www.whitesoats.co.uk/products/berry-seed-real-fruit-porridge,ok
8fa46b26-5a9b-ef11-8a6b-000d3aaab965,Helsinki Mills Ltd,nutraceuticos,https://www.helsinkimills.fi,Meet us at Fi Europe 2026 | Helsinki Mills acquires the business operations of Hirvelän Kaurapaahtimo | Report brings together our sustainability actions in 2025 | Niklas Kumlin: “I want to earn the trust placed on me” | 90-year-old Finnish family business | All of 2024’s sustainability acts | Customer Service | Follow us | Helsinki Mills Gluten Free Organic Rolled Oats 400g | Helsinki Mills GF Organic Instant Oat Flakes 6x400g,10,https://www.helsinkimills.fi | https://www.helsinkimills.fi/products/,ok
4b20235d-fbdf-f011-8544-7ced8d0c5f55,Luxlait,miel,https://www.luxlait.lu,"Skyr | Egg nog 200ml | Greek-style yoghurt cherry | Join the world of dairy excellence! | Our recipes | Recipe idea | OUR PRODUCTS | MILKS AND DAIRY DRINKS | Yaourts du Luxembourg | CREAMS | Our new products | Search | FERMENTED MILKS | BUTTERS | FRESH CHEESES | CHEESES | DAIRY DESSERTS | ICE CREAM | BISCUITS | Plant-based drinks | UHT Chocolate milk | Got a sweet tooth? | Fresh milk | Freshness and quality | UHT milk Long-life The advantage of UHT milk is that it has a longer shelf life. | UHT milk | Long-life | Lactose-free milk Lactose-free milk from Luxembourg! With 100% Luxembourg milk | Lactose-free milk | Lactose-free milk from Luxembourg! | Organic Milk Purely organic milk Available in two versions | Organic Milk | Purely organic milk | Fresh Chocolate Milk | Shakers For a relaxing break A range of 10 deliciously flavored shakers. | Shakers | For a relaxing break | Egg Nog Based on an American recipe Egg nog is a Luxlait tradition! | Egg Nog | Fermented milk | Fermented milk has a beneficial effect on health | Lassi Traditional beverage Mango Lassi, born of Indian and Pakistani culinary traditions | Lassi | Traditional beverage | Laben Beldi A staple of the Morrocan terroir Traditional recipe | Laben Beldi | A staple of the Morrocan terroir | Raïb | A traditional recipe | Raïbi Fermented, flavoured drink With delicious pomegranate, pistachio or mango flavour. | Raïbi | Fermented, flavoured drink | Kefir | Kefir is a drink based on fermented milk",54,https://www.luxlait.lu | https://www.luxlait.lu/en/our-products/ | https://www.luxlait.lu/en/product_category/milk-and-dairy-drinks/ | https://www.luxlait.lu/en/product_category/fermented-milks/,ok
4920235d-fbdf-f011-8544-7ced8d0c5f55,FOSTER CLARK PRODUCTS LIMITED,golosinas,https://www.fosterclark.com,"We passionately develop innovative products, distributed in over 70 countries worldwide | Driven by Values, United by Taste | Rooted in Malta, shared with the world | Our Brands | Our Commitments | Diversity & Inclusion | Sustainability Approach | R&D and Innovation | Latest News | Career Pathways as Diverse as You | Looking for a Quick Answer? | Your Feedback Matters | Get in Touch | UB 50, Industrial Estate, San Gwann SGN 3000 Malta EU | Sitemap",15,https://www.fosterclark.com,ok
97a46b26-5a9b-ef11-8a6b-000d3aaab965,The Skinny Food Co.,"especias, aromas y colorantes",https://www.theskinnyfoodco.com,"Free Shipping On Orders Over £50 | Country/region | Shop All | Big 9 Coffee Bundle: £29.99 | BUNDLE DEALS | Air Fryers | 4 Coffee Syrups £11.99 | Shop By Category | View All | Winter | Essentials Collection (Low Cost) | Chocaholic Range | Best Sellers | Items in stock | Coffee Shots | Syrups | Coffee Syrups | Sauces / Dressings | Spreads | Lower Carb Essentials | Pasta / Rice / Breads | Vegan Options | Breakfast / Lunches | Dinner | Ready Meals | Barista Syrup Savings! | £5 OFF | Starting from just £1.99! | save £5: | Hurry Limited Time Offer - Save More Today! | Claim & Save Now! | New In | All Syrups | All Sauces | High Protein | Low/Zero | Snacks | Low Carb | Keto | Special Buys | Shop now | New Arrivals | World Flavours | Crave & Control with Skinny+ | Save 15% by trying all 6 today! | Claim & Save Today! | Simple, Lower-Sugar Choices | Find Out More | New to the Barista Range | Meet the Ube Collection | Try All 4 and Save 30% Today | 5 Barista Syrups for Just £14.99 | Autumn Flavours | Usually £24.95 | Limited Offer | Check out our latest range of ""NEW IN"" goodies! | New Hot Products Just Dropped! | 2026 Saver Bundles! | Bundle Up & Save Big! | SHOP COLLECTION NOW! | Now Up to 65% Off - Limited Offer | Air Fryer's From £24.99 | Massive Savings",60,https://www.theskinnyfoodco.com | https://www.theskinnyfoodco.com/en-es/collections/bundle-collection | https://www.theskinnyfoodco.com/en-es/products/the-big-9-coffee-syrup-bundle | https://www.theskinnyfoodco.com/en-es/products/250ml-syrup-bundle,ok
8c80f87e-f284-f111-ab0e-70a8a53a0b30,Cornexi,barritas y bebidas deportivas,https://www.cornexi.com,,0,https://www.cornexi.com,ok_sin_productos
395b8a6a-1ce0-ec11-bb3d-000d3a43e7af,Gianluca Mech,nutraceuticos,https://www.gianlucamech.com,Azienda | Shop | Servizio Clienti | Il mio Account | Follow us,5,https://www.gianlucamech.com,ok
26beb256-c7fe-ed11-8f6e-000d3aaab965,Dan Cake Poland,bolleria,https://www.dancake.pl,Kategorie produktów | Produkty Produkty cukiernicze 11 znalezione pozycje w tej kategorii | Produkty cukiernicze | Produkty B2B 30 znalezione pozycje w tej kategorii | Produkty Fast Food 9 znalezione pozycje w tej kategorii | Fast Food | Produkty Ciasta 37 znalezione pozycje w tej kategorii | Ciasta | Produkty Bułeczki mleczne 2 znalezione pozycje w tej kategorii | Bułeczki mleczne | Produkty Przekąski 22 znalezione pozycje w tej kategorii | Przekąski | Produkty Chleby i Tosty 13 znalezione pozycje w tej kategorii | Chleby i Tosty | Produkty Tortilla 10 znalezione pozycje w tej kategorii | Tortilla | Produkty Pieczywo do odpieku 7 znalezione pozycje w tej kategorii | Pieczywo do odpieku,18,https://www.dancake.pl,ok
01ffc101-1b3b-4fd8-a6d7-ee3993adc519,VAST-OIL,nutraceuticos,https://www.vastoil.cz,,0,https://www.vastoil.cz,ok_sin_productos
555b8a6a-1ce0-ec11-bb3d-000d3a43e7af,Elementa,nutraceuticos,https://www.elementa-ingredients.com/en,"Come meet Elementa at the VITAFOODS 2024 Exhibition! | Our range of nutri-functional ingredients is growing | Elementa: Events calendar 2024 | THANK YOU FOR VISITING AT VITAFOODS 2022 | Vitafoods 2022 : New ingredients on the menu, let’s make an appointment! | 2022: Elementa will be at 5 trade shows | Dietary supplements | Food and Nutrition | DIETETIC & VEGAN PRODUCTS | Infant formulas | Sports and vegan nutrition | 1. Rice proteins | 2. Pea proteins | 3. Pumpkin proteins | 4. Fava bean proteins | 5. Red lentil proteins | 6. Chickpea proteins | 1. Advantageous nutritional properties | 2. Organic plant proteins : Health benefits | 1. Plant-based protein isolates | 2. Plant-based protein concentrates | Hydrolyzed marine collagen rich in bioactive tripeptides for skin beauty | 1. Skin aging and collagen degradation | 2. Tripeptides: a specific form of collagen peptides | 1. Clinical study at 1 g/day by Kim D.-U. et al. (2018): | 2. Preclinical study by Pyun H.-B. et al. (2012): | General Information: | 1. Pending Health Claims (""On Hold"") | 2. Usable Beauty Claims for Collagen | Joint health | Native type II collagen: the essential component of cartilage | Joint cartilage: role, properties and degradation | Immune system and cartilage degradation | Mechanism of action: oral tolerance | 1. Pre-clinical in vivo study (Mannelli et al., 2015) | 2. Retrospective clinical study (Scarpellini et al., 2008) | 3. Randomised single-blind clinical study (Bakilan et al., 2016)",37,https://www.elementa-ingredients.com/en | https://www.elementa-ingredients.com/en/ingredient/elementa-plant-proteins | https://www.elementa-ingredients.com/en/ingredient/peptiderm15 | https://www.elementa-ingredients.com/en/ingredient/collavant-n2-an-exclusive-native-type-ii-collagen-ingredient,ok
975f875e-3fcf-400b-b693-547072540b6a,Diet Catal,nutraceuticos,https://dietcatal.com,,0,,error_home
3b5b8a6a-1ce0-ec11-bb3d-000d3a43e7af,NUTRIS,nan,https://www.nutris.es,"Our team | Our factory | Our business lines | Nutraceutical ingredients | Finished products | Nu innovation | We are | Certifications | Our Service Solutions | Full Service Development | Customized Formulation Solutions | Flexible Packaging | Join the Nutris community | Do you have any question? | Explore Our Ingredients | Botanical powders, extracts and superfoods | Probiotics and prebiotics | Proteins and aminoacids | Flavours | Mushrooms | Enzymes | Other ingredients | Vitamins and minerals | Oils | Complete the form to download the full products brochure. | Functional gummies | Gummies formulation process | Our gummies delivery systems | NuGummies ® | NuSofties ® | NuDrops ® | NuMelts ® | Our B2B production process | Healthy gummies (ready-to-market) | Cheeks | Naturolas | Formulate the Future | Acne probiotics ® | Beauty probiotics ® | Sleep and relax probiotics ® | Oral care probiotics ® | ProbioDermax ® | ProbioStop ® | ProbioDefend ® | ProbioMood ® | ProbioIntim ® | Cursol ® | ProCurMAX ® | Shilajit ® | NuMeI SR ® | Nuntial ®",51,https://www.nutris.es | https://www.nutris.es/business-lines/nutraceutical-ingredients/ | https://www.nutris.es/business-lines/finished-products/ | https://www.nutris.es/business-lines/nu-innovation/,ok
6eeb3558-d352-f111-bec6-000d3abe319d,Polmlek,"lacteos, yogures y postres lacteos",https://www.polmlek.com,,0,https://www.polmlek.com,ok_sin_productos
27fa791b-8cb1-ef11-b8e9-000d3aaab59f,Mooveat,piensos ganaderia,https://www.mooveat.com,,0,https://www.mooveat.com,ok_sin_productos
d0bdffd2-212b-f011-8c4e-6045bd92f5a8,DIAMANT 93,frutos secos y snacks,https://www.lacrem.com,,0,,error_home
bc21982a-4a61-4307-bfb0-ef66424dde88,Botanica Nutrients,nutraceuticos,http://www.botanicanutrients.com,"Dermopyl Forte 60 Comp | Dermopyl 30 perlas | Champú eSSential Anticaída y Reparador 250 ml | Champú Anticaída Ginseng, Romero y Aciano 250 ml | Epacid Colágeno 60 comp. | Ferrum 250ML | Ginkgo B. 60 comp. | Cúrcuma Complex 60 cáps. | Aloe Vera Free R 500 mg 60 y 120 comp. | Levadura Cerv. 400 mg 100 comp. | Magnesio 500 mg 100 comp. | Melatonina 45 comp. | Ansioben (Triptofano 5-HTP) 45 comp. | Maca 500 mg 60 cáps. | Detox 250ML | Zinc 60 comp | Rhodiola Complex 60 cáps. | Picolinato de cromo 60 comp. | L- Glutamina 400 mg 60 cáps. | Cola de Caballo 500 mg 60 y 120 comp. | Vitamina D3 1000UI 60 comp. | Magnesio Bisglicinato B Forte 60 cáps. | Champú neutro de aloe vera y árbol del té 250... | Gel Baño Oliva + Marsella 500 ml | Kojazel Crema Despigmentante 50 ml | Agua de Rosas sin Alcohol 150 ml Spray | Desodorante “DEO” Cristal 120 gr | Aceite de Almendras Dulces 250 y 500 ml Dosif | Aceite de Rosa Mosqueta 20 ml | Emulsión Ultraligera Solar con color SPF50+ 50 ml | Gel Baño Aloe + Árbol del Té 500 ml | Gel Íntimo Aloe + Caléndula + Tomillo 250 ml | Crema Oro Regenerativa FPS 15 50 ml | Hyaluronic Crystal Dermo 30 ml | Champú Cola de Caballo + Biotina 250 ml | Emulsión Ultraligera Solar SPF50+ 50 ml | Leche Limpiadora Hidratante 250 ml Dosif. | Serum Dermoregenerador 30 ml | Jabón Feel Beautiful 100gr | Spray Solar Pediátrico SPF50+ 200 ml | Tussis Kids 250ML | Appetite Kids 250ML | Balloon Kids 50ML | Immunis Kids 250ML | Somnia Kids 50ML | Tarjeta Regalo Botánicapets | Botanicapets Agua de Colonia Anut 125ml | Botanicapets Spray Repelente Insectos 250ml | Botanicapets Artipet Komplex 60 y 100 comp | Botanicapets Leish Protect 60 comp | Botanicapets Reparador Almohadillas-Durezas 50ml | Botanicapets Limpiador Ojos 125ml | Botanicapets Digespet Flora 30 comp | Botanicapets Pasta Dental Fresh 75ml | Botanicapets Spray Dental Fresh 125ml | Botanicapets Omega 3 60 perlas | Botanicapets Champú Calmipet 250ml | Botanicapets Champú Cachorros 250ml | Botanicapets Champú Hidratante Pelo Largo 250ml",59,http://www.botanicanutrients.com,ok
0f5b8a6a-1ce0-ec11-bb3d-000d3a43e7af,Hädener Rohstoffe GmbH,nutraceuticos,https://www.haedener.de,,0,,error_home
72c28f91-e157-f011-877a-6045bd92f5a8,Santiveri,frutos secos y snacks,https://www.santiveri.es,Alimentación | Complementos alimenticios | Cosmética natural | Nuestra razón de ser | En Santiveri nuestro origen cuenta | 1885 | 1898 | 1901 | 1914 | 1915 | Dónde comprar | Santiveri | Dietética y Nutrición 2011 SL | Dietética Altea | Herbolario Rosa Pla | Jesús Sastre SL | Vida Sana CB | Santiveri Sabadell | Punt Diet | Punt Natur’all | Puerta Ortega Isabel | Osina Ekogunea | Milhflor | Mel Fror | Maintenant SL | Liner’3 International SL | Labotiga | La Violeta | La Tisana | Herbolario La Alcarria | Herboristeria Verde Luna | Herboristeria Sóc Natural | Herbolarios Conchi SC | Herbolario Saúco | Herbolario San Saturio | Herbolario San Antón | Herbolario La Lonja | Elixir | Herboavila SL | Gardanbera SL | Exclusivas Pons SL | Los más vistos | Arcilla verde | Bioconcentrado caléndula 30% crema | Gel de Aloe vera Bio | Bioconc.Tepezcohuite+Manzanilla 30%,46,https://www.santiveri.es | https://www.santiveri.es/producto/cosmetica/crema-solar-facial-50-spf/,ok
3ebeb256-c7fe-ed11-8f6e-000d3aaab965,GERIO,chocolate,https://www.gerio.com/es,KOPIKO SIN AZÚCAR | GERIOLIN RELLENO SURTIDO SIN AZÚCAR | KOPIKO ORIGINAL | CARAMELOS GAJOS NARANJA-LIMON | GERIOLIN MENTOL EXTRA FUERTE SIN AZUCAR | GERIOVIT CÚRCUMA Y JENGIBRE | GERIOVIT ZUMOS ACIDOS SIN AZUCAR | GERIOLIN MELISA CON JALEA REAL | GERIOVIT MENTA AZUL SIN AZUCAR | GERIOVIT CROCANTE DE SESAMO SIN AZUCAR | GERIOVIT MASTICABLE COLAGENO SIN AZUCAR | GERIOVIT REGALIZ SIN AZUCAR | GERIOVIT EUCALIPTO SIN AZUCAR | LATTE MENTA SIN AZÚCAR | GERIOLIN HIERBAS SIN AZUCAR | JELLY STEVIA GERIO SIN AZUCAR | GERIOVIT PLUS EUCALIPTO SIN AZUCAR | CAFEGRAIN | SKATY ORO | SKATY MILK | BOMBON CRUJIENTE CHOCO-LECHE | GALLETAS MINI TRICHOC | GALLETA COFFEE BREAK | KOPIKO CAPPUCCINO | BOMBON GUIRLACHE SIN AZUCAR | BOMBON SURTIDO SIN AZUCAR | BIO PROPOLIS | BIO JENGIBRE | RELLENO MIEL | RELLENO MIEL PEQUE | GER-MIEL | MINI MIEL EUCALIPTUS | MINI MIEL LIMON | GERIOVIT SOLOMIEL SIN AZUCAR | GERIOVIT MIEL LIMON SIN AZUCAR | JELLY AGAR AGAR MIEL | SURTIDO FRUIT'S COMPOSTABLE | CUBA LIBRE | EUCALIPTO MENTOLADO | EUCALIPTO BALSAMICO | REGALIZ | ANIS | MORAS | GAJOS NARANJA/LIMON | BOLAS DE ANÍS | VIOLETAS | PASTILLAJE SURTIDO | PERLAS | GAJOS XXL NARANJA/LIMON CON ENVOLTURA | CONCHAS | BOTE TARRINAS JELLY FRUTAS SIN AZUCAR | POPPING CANDY | CUCURUCHOC 15g | GERIO SODA | 0 Carrito / Vacío | Catálogos PDF Gerio | Preferencias de cookies Consentimiento,57,https://www.gerio.com/es | https://www.gerio.com/es/content/16-catalogos,ok
3feb3558-d352-f111-bec6-000d3abe319d,Evonik Operation GmbH sucursal en España,nutraceuticos,https://www.evonik.com/en.html,"Products | REWOMINOX® B 204 | VESTOSINT® 1111 SI 9.8183 | SIPERNAT® 9000 PC Hydrophilic precipitated silica powder, micro granulate | SIPERNAT® 9000 PC | GEOFORM® Extended Release | FLUOROCEL™ 828 Defluorination activated alumina | FLUOROCEL™ 828 | View all | About us | Business Lines | Business Lines of Custom Solutions | Care Solutions | Catalysts | Coating Additives | Coating & Adhesive Resins | Health Care | Interface & Polyurethane Additives | Oil Additives | Business Lines of Advanced Technologies | Active Oxygens | Animal Nutrition | Crosslinkers | High Performance Polymers | Smart Effects | Infrastructure | Evonik Oxeno | SYNEQT | Versatile Oxidants for Diverse Industrial Applications | The Power Behind the Scenes | Our Markets & Applications | Our Products & Services | ACTIVE OXYGENS HIGHLIGHTS | Low Carbon Footprint Hydrogen Peroxide | Low Carbon Footprint Peracetic Acid | Our Sustainability Strategy | Soil & Groundwater Remediation | HP+ Technologies | Mild Disinfection Fully in Trend | VIGOROX® Ceres Combats Fusarium Fungi in Malting Barley | Groundwater Remediation The Gentle Way | Full Circle Sustainability | Evonik-licensed hydrogen peroxide mega plant starts operations in Leshan, China | Evonik launches peracetic acid with low carbon footprint for the European market | Evonik and Fuhua complete construction of specialty-grade H2O2 plant in Leshan, China | Media & Document Center | Active Oxygens Applications | Explore Active Oxygens' Portfolio | Further Information | Our Portfolio | Aerospace Fuels | Animal & Water Hygiene | Aquaculture | Crop Protection & Treatment | Drip Irrigation | Post-Harvest Washing Water | Feed Quality & Digital Services | Battery Recycling | Lithium-Ion Batteries | Recycling",60,https://www.evonik.com/en.html | https://www.evonik.com/en/company/businesslines.html | https://www.evonik.com/en/company/businesslines/ao.html | https://www.evonik.com/en/company/businesslines/ao/active-oxygens-applications.html,ok
195b8a6a-1ce0-ec11-bb3d-000d3a43e7af,PerBiotiX,nutraceuticos,https://perbiotix.sk,,0,,error_home
22beb256-c7fe-ed11-8f6e-000d3aaab965,Confectis - P & D MOUZAKIS OE,golosinas,https://www.confectis.com,We Make | Confectis - Candy Makers | Subscribe To Our Newslatter | About Confectis | Express Links | Have a Question? | Payment Options,7,https://www.confectis.com,ok
13eb3558-d352-f111-bec6-000d3abe319d,Suplemania DOO,nutraceuticos,https://suplemania.rs,"Vitamin D3K2 4000IU | Dodatak ishrani iz prirodnog izvora. | Dodaj | Vitamin C4 | Vitamin C u prirodnom obliku. | Trilogija zdravlja | Komplet prirodne podrške iznutra. | Fantastična četvorka | Marine Mg Magnezijum | Za dubok san bez grčeva. | Rhodimania | Snaga fokusa, bez pada energije. | Imunomania | Vodič ka zdravijem načinu ishrane. | Back to office paket | Back to school paket | Smoothiemania | Enciklopedija šejkova. | Odaberite opcije | Imunomania 2 | Nastavak zdrave avanture.",21,https://suplemania.rs,ok
7ba46b26-5a9b-ef11-8a6b-000d3aaab965,"LIQUATS VEGETALS, S.A",alternativas a lacteos,https://www.liquats.com,Nosaltres | Som productors i fabricants | El nostre compromís,3,https://www.liquats.com,ok
74eb3558-d352-f111-bec6-000d3abe319d,Pixie Powders,nutraceuticos,https://www.pixiepowders.com,,0,,error_home
c0bdffd2-212b-f011-8c4e-6045bd92f5a8,FORTUIN,golosinas,https://www.fortuin.nl,,0,https://www.fortuin.nl,ok_sin_productos
65394d4d-6f33-40db-83b8-0b26a504fd64,"Primo Trading Co., LTD",nan,https://www.primotrading.co.th,Upcycled Beauty | Treat No Trick รักษาสมดุลระบบนิเวศบนผิว | ตรวจสุขภาพประจำปี 2026 | Training Microsoft Excel | Yeast Beta-glucan G90 | Readmore,6,https://www.primotrading.co.th | https://www.primotrading.co.th/products/ | https://www.primotrading.co.th/products/branded-ingredients/ | https://www.primotrading.co.th/products/amino-acids/,ok
4f5b8a6a-1ce0-ec11-bb3d-000d3a43e7af,Vendeis,nutraceuticos,https://www.vendeis.com,,0,https://www.vendeis.com,ok_sin_productos
2cbeb256-c7fe-ed11-8f6e-000d3aaab965,MAKPROGRES LTD.,galleteros,https://www.vincinni.com,,0,https://www.vincinni.com,ok_sin_productos
e7ea3558-d352-f111-bec6-000d3abe319d,Selias,nutraceuticos,https://www.selias.com.tr,,0,https://www.selias.com.tr,ok_sin_productos
535b8a6a-1ce0-ec11-bb3d-000d3a43e7af,Hyang Rim,nutraceuticos,https://www.hyangrim.co.kr,SOUTH KOREAN | functional ingredients importer distributor,2,https://www.hyangrim.co.kr | https://www.hyangrim.co.kr/products,ok
35fb86bb-d005-4896-b75c-6ca8f23c3c90,Bijenhof,piensos ganaderia,https://www.divislabs.com,Highlights | Aerial view of our manufacturing facility in Visakhapatnam | Investment of $400 M towards enhancing capacities | Resource efficiency with integrated solvent recovery facilities | Advanced in-house quality control testing and validation labs | ~42.5M safe man-hours achieved during FY 2025–26 | ~700 scientists ensuring continuous process improvement | Generic APIs | List of Products | Post navigation,10,https://www.divislabs.com | https://www.divislabs.com/api-manufacturer-world/active-pharmaceutical-ingredients/ | https://www.divislabs.com/api-manufacturer-world/active-pharmaceutical-ingredients/generic-api-products/ | https://www.divislabs.com/portfolio/aerial-view-of-our-manufacturing-facility-in-visakhapatnam/,ok
045b8a6a-1ce0-ec11-bb3d-000d3a43e7af,TOPGUM,golosinas,https://tgum.com,Support through every life stage | External radiance that starts from the inside | Nurturing digestive health | Promoting immune health | Fueling energy excellence | Gummiceuticals Sugar-Free Matrix | TopCaps™ MicroEncapsulation | High Dose | Innovation at the core | Gummy experts | State-of-the-art manufacturing | Highest quality standards | Tailor-made leader | Multitude of packaging options | Women's Health | Iron | Calcium | Omega-3 | Vitamin D | Folic Acid | Beauty from Within | Collagen | Hyaluronic | Biotin | Vitamin C | Ceramides | Active Lifestyle | Caffeine | Magnesium | Electrolytes | Nitric Oxide | Creatine | Gut Health | Prebiotics | Probiotics | Postbiotics | L-Glutamine | Fibers | Immune Support | Zinc | Elderberry | Echinacea,42,https://tgum.com | https://tgum.com/wellness-solutions/ | https://tgum.com/wellness-solutions/#health | https://tgum.com/wellness-solutions/#beauty,ok
4b5b8a6a-1ce0-ec11-bb3d-000d3a43e7af,BADOR Food Ingredients & Chemicals,chocolate,https://chocolateorganiko.com,"Ecuador - Dark Chocolate 75% Cocoa | Peru - Dark-Milk 50% cocoa with caramel | Creamy Pistachio | Almond Cream | Añadir al carrito | Chocolate 100% Cacao | Chocolate blanco 30% manteca cacao con Té Matcha | Chocolate con leche 36% cacao con miel | Chocolate negro 56% cacao con Lima | Chocolate negro 70% cacao | Chocolate negro 70% cacao con Flor de Sal de Ibiza | Masala – Chocolate con leche 36% cacao | Cremoso de Almendras | Cremoso de Avellanas | Cremoso de Pistacho | Ecuador – Chocolate Negro 75% Cacao | Madagascar – Chocolate negro 65% cacao | Pack Regalo Single Origin 6 Tabletas | Perú – Chocolate negro 65% cacao | Perú – Dark-Milk 50% cacao con caramel | República Dominicana – Chocolate negro 70% cacao | Aceite de Oliva Virgen Extra | Chilli, Vainilla y Canela | Chocolate Negro 95% Cacao | Flor de Sal de Ibiza | Limón y Canela | Menta | Miel y Almendras | Naranja y Cardamomo",29,https://chocolateorganiko.com | https://chocolateorganiko.com/categoria-producto/tabletas-20-g/ | https://chocolateorganiko.com/categoria-producto/biodiversidad-50-g/ | https://chocolateorganiko.com/categoria-producto/tabletas-70-g/,ok
34beb256-c7fe-ed11-8f6e-000d3aaab965,Hellema - Hallum B.V.,galleteros,https://www.hellema.com,"Sun Best | Hellema Brand | Fibre Donuts | DE VROLIJKSTE KOEKJES VAN NEDERLAND | Twist Tarts | Hellema Speculoos | De Ruiter’s Speculaas | Duurzaam | One-stop shop | Natuurlijk | Behoud van kwaliteit | Veiligheid | Nederlands | Bijzonder jubileumcadeau voor Hellema Hallum B.V. en De Vries – Hallum B.V. | Maar liefst 17 jubilarissen 40 jaar in dienst bij Hellema | Ontmoet Rinco, pientere productieplanner | Ontmoet Hendrik Ernst, gepassioneerd elektromonteur",17,https://www.hellema.com,ok
52beb256-c7fe-ed11-8f6e-000d3aaab965,URBANDIET,pasteleria,https://www.urbandiet.es,Home | Products | Tailor Made | Manufacturing | Logistic Services | About Us | Contact Us | Facebook | Twitter | Instagram | LinkedIn | YouTube | Welcome to Urbandiet Healthy Manufacturing Group. | How Our Full Service Solution Brings Your Vision to the Shelves | Everyday Fulfillment | Get Started | Protein Wraps | Protein Snacks | Protein Bread | Palmiers | Rissoni | Ham & Cheese Wafer | Strawberry Jelly | Milk Chocolate Balls | Tomato Basil Flavoured Soup | Why Choose Urbandiet? | Sport Nature Croissant | Learn More | Where the Protein Bar Industry is Headed | Lemon Tartlet | Chocolate Chips Cookie | Coconut & Milk Chocolate Biscuit | Try Samples | Services | Product Types | Industry Guide | Protein Bar Industry News | Careers | Privacy Policy | Terms of Service | Healthy. Delicious. UrbanDiet. | B2B Shop Online | Where nutrition meets pleasure | Nutrition without sacrifice | Variety for every taste | Bakery | Chocolates | Powder | Bars and Wafers | Cereals | Pastry and Biscuit | Pasta | Bites | Bars | Functional Food | Salty Snack,56,https://www.urbandiet.es | https://www.urbandiet.es/products.php,ok
1f5b8a6a-1ce0-ec11-bb3d-000d3a43e7af,Nutreine SAS,nutraceuticos,https://www.nutreine.fr,"4.75 | Philobio Hebdomadaire (210g) | Philobio® – Prébiotique 100 % naturel et biologique (x30 sachets pour 1 mois de cure) | BEST-SELLER | 5.00 | Philobio, la barre aux prébiotiques (30g) | Philobiotic, le probiotique 24 souches – Sachets | Philobiotic, le probiotique 24 souches – Gélules | Combo Philobio® + Philobiotic® en sachets – 24 souches | Combo Philobio® + Philobiotic® en gélules – 24 souches | OMG8+, la barre Oméga-3 au DHA végétal | OMAMA+, la barre pour les mamans et futures mamans | LYPRINOL – 180 gélules",13,https://www.nutreine.fr,ok
ff0c6bd0-01ed-418e-9072-a1bf19865c31,VCELARSTVI JEZOV,piensos ganaderia,https://www.uvcelky.cz,"Zateplený nástavkový úl 39x24 ""3NPLV"" | Nástavek palubkový 39x24 zateplený 2 cm | Nástavek palubkový 39x17 uteplený 2 cm | Cedník s nastav. úchyty dvoj. vypouklý nerez 21 cm | Rámkové přířezy lipové 39x15 (50 ks) | Rámek sbitý s výpletem 39x24 | Mezistěny Stražisko 37 x 21,5 na rámkovou míru 39 x 24 | Úl 39x24 se 3 nástavky - Celodřevěný | Nástavek 39x24 - celodřevěný | Nástavek palubkový 39x24 zateplený 3 cm | Nástavek 39x17 - celodřevěný | Nástavek palubkový 39x17 uteplený 3 cm | Palubkový úl 39×24 zateplený 3cm | Rámkové přířezy 39x24 - 2. jakost | Rámkové přířezy 39x24 - 1. jakost | Dýmák včelařský pocínovaný malý | Vařák na vosk nerezový s plynovým vařičem | Rámkové přířezy HOFFMAN 39x24 (50 ks) | Medomet 4 rámky ZVRATNÝ pr.720 mm 12V/230V | Zateplený plemenáč | Pylochytová sestava do varroa dna | Čtyřsekční plemenáč / matečník 39×24 | Napáječka pro včely | Víčko na sklenici - Včelka na květu | Víčko na sklenici - dvě včelky na plástu s tmavým okrajem | Víčko na sklenici - Včelka na květu měsíčku | Apibonum ib - balení 10 ks | Apibonum ib - balení 1 ks",28,https://www.uvcelky.cz,ok
9680f87e-f284-f111-ab0e-70a8a53a0b30,VITAE KOMBUCHA,refrescos,https://www.vitaekombucha.com,"Productos premiados | QUÉ ÉS VITAE KOMBUCHA | SABORES VITAE KOMBUCHA | RECETASVITAE | AGUAVOLCÁNICA | Nueva kombucha funcional | Nuevo PackINMUNO 250 ml | 28,50€ | Descubre nuestros packs | Pack tu misma/o 250ml | Pack tu misma/o 500ml | Suscripción Pack tu misma/o 250ml | Suscripción Pack tu misma/o 500ml | Pack para regalar(te) | Pack Hello | nuestros productos están disponibles en 250 ml y 500 ml | Una bebida refrescante, energética y saludable",17,https://www.vitaekombucha.com,ok
a8619aea-f68b-43e9-8008-fcc565831d19,CULINGO,nan,https://es.culingo.com,,0,,error_home
a480f87e-f284-f111-ab0e-70a8a53a0b30,PERRONILLAS JESUS ANDES,bolleria,https://www.perronillasjesusandres.com,Perronillas Jesús Andrés | Ingredientes 100% Naturales | Receta casera | Con Aceite de Oliva | Nuestras Perronillas Sin Gluten,5,https://www.perronillasjesusandres.com,ok
2fd67e33-e9ca-4aa9-b2ca-41662db29625,VENUS BISKUVI TICARET VE SANAYI A.S.,galleteros,https://www.venus.biz,,0,,error_home
b3d7cfdd-b49d-ee11-be37-000d3aaab965,Lotus Bakeries België NV,frutos secos y snacks,https://www.lotusbakeries.com,Our brands | Explore a selection of our brands | Connect,3,https://www.lotusbakeries.com,ok
18511427-30db-f011-8543-7c1e52123808,OHO,frutos secos y snacks,https://www.ohogroup.lt/en,Red lentil snacks with pizza flavour | Corn snacks with sour cream and onion flavour | Puffed wheat grains with caramelized onion flavour | Puffed wheat grains with dill | Puffed wheat grains with bacon flavour | Puffed wheat grains with sour cream and onion flavour | Breakfast cereal milk chocolate and waffle flavour “Choco and waffle mix” | Red lentil snacks with dill and chives flavour | Breakfast cereals | Extruded semi-finished products | Salty snacks | Sweet snacks | More | Red lentil snacks with cheese “Nacho cheese balls” | Red lentil snacks with pesto and mozzarella cheese flavour | Red lentil snacks with truffle and hard cheese flavour | Corn snacks with cheese “Cheese Sticks”,17,https://www.ohogroup.lt/en | https://www.ohogroup.lt/en/production,ok
57eb3558-d352-f111-bec6-000d3abe319d,SINTACTICA S.R.L.,nutraceuticos,https://sintactica.it,,0,https://sintactica.it,ok_sin_productos
76eb3558-d352-f111-bec6-000d3abe319d,Prime Solution,"especias, aromas y colorantes",https://www.prime-solution.si,,0,https://www.prime-solution.si,ok_sin_productos
9880f87e-f284-f111-ab0e-70a8a53a0b30,EL ARRIERO MARAGATO,bolleria,https://elarrieromaragato.com,Pastas Caseras | Astorga Fusión | Palacio de Gaudí | Tableta chocolate con cecina fusión Astorga 80 gramos | Surtido de pastas caseras de Astorga 700g. | Surtido de pastas caseras de Astorga 300g. | Mantecadas artesanales de Astorga – 300 g – Lata de 12 unidades | Tableta chocolate blanco 80 gramos | Hojaldres tradicionales de Astorga 240g. | Cookies de chocolate negro – Estuche 150g | El Arriero Maragato | Mantecadas artesanales de Astorga – estuche de cartón 12 unidades | Mantecadas artesanales de Astorga – estuche cartón 24 unidades | Tableta chocolate con leche 80 gramos | Hojaldres tradicionales de Astorga 700g. | Tableta chocolate negro 80 gramos | Nuestros productos | Mantecadas de Astorga IGP | Chocolates | Hojaldres | Cookies de chocolate,20,https://elarrieromaragato.com | https://elarrieromaragato.com/nuestros-productos/ | https://elarrieromaragato.com/nuestros-productos/mantecadas/ | https://elarrieromaragato.com/nuestros-productos/hojaldres/,ok
a1e6711d-345d-4f77-88a3-675b92a615d8,HSN STORE,nan,https://www.hsnstore.com,Ver más recomendados | Pack monodosis Evowhey protein | Proteína de guisante aislada 2.0 | Evopro (mezcla proteínas premium) + DigeZyme® | Evobeast | Vitaminas D3 2000UI + K2 100mcg | Extracto de cúrcuma (50:1) y bromelina plus | Evocasein 2.0 (caseína micelar + DigeZyme®) | Crema de arroz proteica | Evovits plus+ (multivitamínico) | Evoclear hydro vegan | Ver todo | 5-HTP | Açai berry | Aceite de Krill | Aceite de Linaza | Aceite de Onagra | Acerola | Ácido Alfa Lipoico | Ácido Aspártico | Ácido Caprílico | Ácido Fólico | Ácido Hialurónico | Ajo | Alcachofa | Almendra | Alubia blanca | Amapola | Amaranto | Amilopectina | Anacardo | Arándano Rojo / Cranberry | Arginina | Arroz | Ashwagandha | Astaxantina | Avena | Avena Sativa | Azafrán (Crocus Sativus) | Bambú | Banaba | Berberina | Beta-Alanina | Beta-caroteno | Biotina | Boro | Boswelia | Bromelaína | CLA | Cacahuete | Cacao | Café Verde | Cafeína | Calabaza | Calcio | Calostro | Cáñamo | Canela | Carbón Activo | Cardo Mariano,60,https://www.hsnstore.com | https://www.hsnstore.com/ingredientes | https://www.hsnstore.com/ingredientes/acido-aspartico | https://www.hsnstore.com/ingredientes/acido-folico,ok
dfbdffd2-212b-f011-8c4e-6045bd92f5a8,IRONMAXX,"especias, aromas y colorantes",https://www.ironmaxx.de,"Maxxers (24x49g) - Peanut Caramel | Softbite (12x50g) - Peanut Caramel | Proteino (12x30g) - White Chocolate Pistachio | Wafix (24x39g) - White Peanut Caramel | Iced Matcha Latte (400g) - Matcha | Sahne Protein (500g) - Sahne | 100% Vegan Protein Zero (500g) - Vanilla Cookie Dough | 100% Whey Protein (500g) - Cinnamon Churro | SqueeZero (65ml) - Strawberry Daiquiri | SqueeBarista (65ml) - Hazelnut Bliss | Flavour Drops (50ml) - Schokolade | Upper Shot ZERO (60ml) - Cola | Creatine Monohydrate Sticks (30x3,4g) | Krea7 Superalkaline - 90 Tabletten | Maltodextrin (2000g) | 100% EAAs Zero (500g) - Wild Berries | Magnesium - 130 Kapseln | Hellfire® - 150 Tricaps® | Collagen Powder (500g) - Neutral | Ashwagandha Ultra Strong - 90 Tabletten | Leggins | Tops | Accessories | Übersicht | Trainingsziele | Outlet | Blog | Über Uns | FLAVOR BOMB | 100% WHEY DUBAI CHOC. | HIGH PROTEIN BOWLS | BUNDLE AKTION | Top Athleten Erfolg beginnt mit Vorbildern – das sind unsere | Softbite (12x50g) - White Chocolate Pistachio | IronMaxx Cup V3.0 (1200ml) - Anthrazit | Proteccino (500g) - Cappuccino | SqueeZero (65ml) - Lemon Ice Tea | Softbite (50g) - White Chocolate Pistachio",38,https://www.ironmaxx.de | https://www.ironmaxx.de/collections/neuheiten | https://www.ironmaxx.de/products/softbite-12x50g-white-chocolate-pistachio | https://www.ironmaxx.de/products/softbite-50g-white-chocolate-pistachio,ok
07eb3558-d352-f111-bec6-000d3abe319d,UNIPRO SP.ZO.O,nutraceuticos,https://www.uniprosupplement.com,Pharmaceutical | Food retailers | Veterinary | See More | Sport nutrition | Our Capabilities | Request A Price Quote | Products form & Packaging | Formulation | Powder | Capsules | Tablets | Softgel Capsules | Effervescent Tablets | Shots | Art-works | Our dietary supplements carry certificates of excellence that are a testament of quality. | ISO 22000 | HACCP | FREE SALE | GMP | HALAL | We have thousands of product formulas that you can use | Brands with extensive experience in the nutrient and dietary supplement industry. | Please give Us direction to Your products formulation. | Power YOUR Brand with our Competitive Advantage! | Before we connect you,27,https://www.uniprosupplement.com,ok
0abeb256-c7fe-ed11-8f6e-000d3aaab965,Karma Karma bvba,galleteros,https://www.karmakarma.be,"HOME | SHOP | WINKELS | OVER ONS | RECEPTEN | HEALTH FACTS | SNELLE HAVERMOUT | BETTER | Inloggen | Land/regio | België EUR € | Duitsland EUR € | Frankrijk EUR € | Italië EUR € | Luxemburg EUR € | Nederland EUR € | Taal | Nederlands | English | Deutsch | Français | Facebook | Instagram | BETTER BREAKFAST & BREAKS | Bekijk alle producten | KarmaKarma, feel better with every bite | THE BETTER GRANOLA | THE BETTER OATS | THE BETTER COOKIE | ALL OF KARMAKARMA | Plant-based | Altijd Nutri-Score A | Biologisch | Zonder chemische sproeistoffen | Havermixen | granola | koekjes | The Better Choice, naturally | Ontdek meer | Gezonde Vetten | Rijk aan Vezels | Plantaardig Eiwit | Natuurlijke Suikers | Let customers speak for us | Join the community! | Ontvang meteen 10% welkomskorting! | Schrijf je in op onze nieuwsbrief voor gezonde lifehacks, recepten, events en exclusieve promoties. | Investeer samen met KarmaKarma in meisjes via Plan International | Lekkere inspiratie | Warme havermout met kweepeer, veenbessen & waln... | Frozen Yoghurt met The Better Oats | Haverquiche met paprika | Alles bekijken | Ontwikkeld met de steun van | Trotse partner van: | Startpagina | Contact | Privacybeleid | Terugbetalingsbeleid | Algemene voorwaarden",60,https://www.karmakarma.be | https://www.karmakarma.be/collections/all | https://www.karmakarma.be/collections | https://www.karmakarma.be/collections/granola,ok
575b8a6a-1ce0-ec11-bb3d-000d3a43e7af,Natural Ingredient Solutions,nutraceuticos,https://naturalingredientssolution.com,,0,,error_home
515b8a6a-1ce0-ec11-bb3d-000d3a43e7af,LutécieTechologies Naturelles,nutraceuticos,https://lutecie.fr,"Menu | Lutécie, spécialiste de la phytothérapie | Le groupe Lutécie, c’est : | Archives | Méta | Lutécie",6,https://lutecie.fr | https://lutecie.fr/ingredients/,ok
9ac28f91-e157-f011-877a-6045bd92f5a8,Nutricraft,galleteros,https://www.nutricraft.swiss,,0,,error_home
275b8a6a-1ce0-ec11-bb3d-000d3a43e7af,AFFINITY PETCARE,panaderia,https://www.allagro.com.sa,,0,,error_home
9280f87e-f284-f111-ab0e-70a8a53a0b30,Abo nett,frutos secos y snacks,https://www.abonett.eu,Classic | Crackerbread Original | Breads | Sandwiches | Crackerbread with wheat germ | Crackerbread with oats | Crackerbread rye | Crackerbread Pizza | Crackerbread with bran,9,https://www.abonett.eu,ok
f6501427-30db-f011-8543-7c1e52123808,Biocatalysts,nutraceuticos,https://www.dofreeze.com,,0,https://www.dofreeze.com,ok_sin_productos
353d8c6f-60d4-4c6e-925a-7c5c3bc5eb25,MORETH Sdn Bhd,nutraceuticos,https://moreth.com,"We create enterprising solutions for the people (Contract Manufacturing) | Functional Food | Traditional Medicine | Health Supplement | We are MORETH | “from product conceptualization to development, registration and mass manufacturing” | We Have Ready Made Solution for You | Weight Management | Beauty Health | Heart Health | Sport Nutrition | Probiotic | Tablets | Sachets | Blisters | We have advanced methodology to shorten your product time to market | Research & Development | Product Registration | Manufacturing Capabilities | Our Certificates | Tell us your challenge and we’ll connect with you as soon as possible.",21,https://moreth.com,ok
205ebcc7-9d6f-4a0d-8e69-1b4e431b868e,MELISSOKOMIKI ISTHMOU,miel,https://www.melisthmos.gr,,0,https://www.melisthmos.gr,ok_sin_productos
3fbea86b-b7a8-ef11-b8e9-000d3aaab1fa,Panealba,nutraceuticos,https://www.panealba.it,,0,https://www.panealba.it,ok_sin_productos
59bea86b-b7a8-ef11-b8e9-000d3aaab1fa,Betrimex,"especias, aromas y colorantes",https://www.deltafood.com,,0,https://www.deltafood.com,ok_sin_productos
2b5b8a6a-1ce0-ec11-bb3d-000d3a43e7af,Pharmalink,nutraceuticos,https://www.stepharmaceuticals.com,Expansion of the pharmalink’s production area | ABOUT US | TECHNOLOGIES | OUR ADDED VALUE | LAST NEWSFROM STE PHARMACEUTICALS | STE Pharmacueticals at Arab Health 2025 | STE Pharmaceuticals obtains the EU-MDR Certificate | OUR PRODUCTS | BEMORY® | BEMORY® KIDS | APPETITE SYRUP | APPETITE KIDS | COUGH SYRUP | COUGH SYRUP LOW GI | COUGH SYRUP KIDS | COUGH SYRUP KIDS SUGAR FREE | COUGH SYRUP GRINDELIA SUGAR FREE | COUGH SYRUP GRINDELIA SUGAR AND PRESERVATIVE FREE | COUGH SYRUP GRINDELIA PRESERVATIVES FREE | COUGH SYRUP GRINDELIA | COUGH SYRUP HEDERA HELIX | COUGH SYRUP HEDERA HELIX PRESERVATIVES FREE,22,https://www.stepharmaceuticals.com | https://www.stepharmaceuticals.com/productos/?wpf_filter_cat_1=514&wpf_fbv=1&redirect | https://www.stepharmaceuticals.com/productos/?wpf_filter_cat_1=459&wpf_fbv=1&redirect | https://www.stepharmaceuticals.com/productos/?wpf_filter_cat_1=552&wpf_fbv=1&redirect,ok
5904969d-db9b-4183-a33f-733ebd8fc086,BEE NECTAR,piensos ganaderia,https://beenectar.com,Το Έξυπνο Καπάκι (80019) | Ultra Vita-Bee Plus (11017) 1000mL(1450gr) | VaroNose Guard Plus 1Kg (96614) | L-Vita Extra (91216) | Προβολη | BeeNectar | Περισσοτερα,7,https://beenectar.com,ok
335bcc5c-a72e-41ae-b712-f86f9359baa5,BEE NECTAR,piensos ganaderia,https://www.beenectar.com,Το Έξυπνο Καπάκι (80019) | Ultra Vita-Bee Plus (11017) 1000mL(1450gr) | VaroNose Guard Plus 1Kg (96614) | L-Vita Extra (91216) | Προβολη | BeeNectar | Περισσοτερα,7,https://www.beenectar.com,ok
4d79e6b4-b1a0-418c-a57e-5c998edc3c6a,BARIATRIX NUTRITION EUROPE,nutraceuticos,https://www.bariatrixeurope.com/es,"Bariatrix Europe: Estándares de calidad | Servicios | Productos | Noticias | Mapping your way through nutrition ? | Organic Food Products Design and Manufacture: Not just an afterthought | Identifying a regulatory framework for LCD and VLCD products sold in the UK | PRODUCCIÓN A MEDIDA DE TUS PRODUCTOS NUTRICIONALES | Como proveedor de productos de calidad, toda nuestra producción cuenta con varias certificaciones. | EMBALAJE PERSONALIZADO DE TUS PRODUCTOS NUTRICIONALES | bolsita | Frasco | palo y capsula | botellas | Entradas recientes",15,https://www.bariatrixeurope.com/es | https://www.bariatrixeurope.com/es/production-and-packaging | https://www.bariatrixeurope.com/es/post/organic-food-products-design-and-manufacture-not-just-an-afterthought-3 | https://www.bariatrixeurope.com/es/post/identifying-a-regulatory-framework-for-lcd-and-vlcd-products-sold-in-the-uk-1,ok
2fbea86b-b7a8-ef11-b8e9-000d3aaab1fa,Saarioinen,cereales,https://www.saarioinen.fi,"Uusi ilme, sama tuttu herkullinen maku | Maistiaisia uutuustuotteistamme | PROTSKU Cheddarjuustomunakas 250 g | Kiovan kana ja muusi 320 g | Mansikkaunelma riisipuuro 240 g | Dronningholm Lakka-omenahillo 280 g | Banaani-rahkalettu 200 g | Dronningholm Uuniomenahillo 280 g | Spagetti Bolognese 310 g | PROTSKU Pinaatti-raejuustomunakas 250 g | Lohipihvi ja hollandaisekastike 320 g | Tonnikalapasta MSC 650 g | Dronningholm Tähtitorttu Glögimarmeladi 250 g | Rahkalettu 200 g | Katso kaikki tuotteet | Ylä | Päävalikko | Mitä kukko tekisi?",18,https://www.saarioinen.fi | https://www.saarioinen.fi/tuotehaku/?haku=muusi&product_categories=384 | https://www.saarioinen.fi/tuotehaku/?haku=taikina&product_categories=684,ok
00beb256-c7fe-ed11-8f6e-000d3aaab965,Van Vliet BV,golosinas,https://www.van-vliet.com/en,Alphen aan den Rijn | Winschoten | Sales Netherlands | General | Visit/office location | Production locations,6,https://www.van-vliet.com/en,ok
a69b5186-44bf-4abc-b289-663906d717a6,DHB BEEKEEPING,piensos ganaderia,https://dhbee.net,,0,,error_home
5d79e0e8-9f1b-4a86-85ef-94502e8d8914,Orkla Confectionery & Snacks Norge AS,frutos secos y snacks,https://www.orklasnacks.com,For all your confectionery needs | Read more | Our brands | See more brands | Main menu | Time for snacking | Another biscuit please | Career at Orkla Snacks | Orkla Snacks factories | News | Orkla Snacks acquires The European Candy Group B.V. to support continued BUBS growth | BUBS opens first ever pop-up in New York City | Orkla Snacks is on the TIME100 Most Influential Companies list | Investing in a new Smash! production line at the Nidar Factory | Sustainability | Our history,16,https://www.orklasnacks.com | https://www.orklasnacks.com/investing-in-a-new-smash-production-line-at-the-nidar-factory/,ok
0b5b8a6a-1ce0-ec11-bb3d-000d3a43e7af,AFI,"especias, aromas y colorantes",https://www.iclfood.com,Our Markets | We turn challenges into success stories.,2,https://www.iclfood.com | https://www.iclfood.com/specialized-solutions/,ok
50f6487f-d8d5-f011-8543-00224882d38d,Sunday Natural Products GmbH,"especias, aromas y colorantes",https://www.sunday.de,DIE GRUNDMOTIVATION: ECHTE REINHEIT UND TRANSPARENZ | AUSRICHTUNG ALLER KONZEPTE UND PROZESSE AM IDEAL DER REINHEIT | LEIDENSCHAFT FÜR GANZHEITLICHE GESUNDHEIT,3,https://www.sunday.de | https://www.sunday.de/true-clean-label-online/,ok
23eb3558-d352-f111-bec6-000d3abe319d,Resindion S.r.l.,nutraceuticos,https://resindion.com/index.php,"THE CHEMISTRY OF TOMORROW | Welcome to Resindion.com | RESINDION SRL is a fully owned subsidiary of MITSUBISHI CHEMICAL CORPORATION, Tokio (Japan) | Our core competence | Member of",5,https://resindion.com/index.php,ok
0d56f9f7-6540-406a-ac43-dc45944cbe0e,Academia Apícola de Eslovenia,piensos ganaderia,https://sca.kis.si/en,About the Beekeeping Academy of Slovenia | Education section | Presentation of the BAS | Training for Landmine Survivors in Banja Luka 🐝 | Beekeeping as a Tool for Empowerment: A Project in Mostar | Beekeeping as an empowerment tool people with disabilities from Ukraine,6,https://sca.kis.si/en,ok
e4408d87-f07c-475c-a4bf-61200b89eb35,Persia Bee Venom Collector,nan,https://beevc.ir,,0,,error_home
96c28f91-e157-f011-877a-6045bd92f5a8,Nordmann,nutraceuticos,https://www.nordmann.global,Descubra los secretos de las materias primas químicas | Nordmann: Multinacional líder en la distribución de productos químicos | Últimas noticias | ¡Te deseo una feliz Navidady un feliz Año Nuevo! | Mensaje de bienvenida de la Dra. Paula Rodrigues | Caso de éxito: la colaboración entre WACKER y Nordmann | Noticias Nordmann | Industrias | Ferias y eventos | Oportunidades | Póngase en contacto con nuestra sede: | Visite nuestra cartera de productos | Productos | sales (at) nordmann.global,14,https://www.nordmann.global | https://www.nordmann.global/es/productos/favoritos | https://www.nordmann.global/es/productos,ok
4fbea86b-b7a8-ef11-b8e9-000d3aaab1fa,Bala Rama,"especias, aromas y colorantes",https://www.ciuciu.pl,,0,https://www.ciuciu.pl,ok_sin_productos
a2c54d63-3ab0-f111-aaac-7ced8d0bdcda,Miel Coronadas,miel,https://miel_coronadas (instagram),,0,,error_home
92c28f91-e157-f011-877a-6045bd92f5a8,mmPRODUKT,bolleria,https://www.mmprodukt.pl,Containers | Dispensers and applicators | Packaging elements | Packaging closures | Choose the section | Round containers | Oval containers | Containers „Boats“ | Square containers | Containers for ice cream,10,https://www.mmprodukt.pl | http://www.mmprodukt.pl/en/oferta/ | http://www.mmprodukt.pl/en/oferta/pojemniki/ | http://www.mmprodukt.pl/en/oferta/dozowniki-i-aplikatory/,ok
8cc28f91-e157-f011-877a-6045bd92f5a8,Bestmedicaldiet,nutraceuticos,https://www.Bestmedicaldiet.com,Terceros y marcas blancas | DATOS Y CIFRAS | CALIDAD | vENTAJAS | Trayectoria empresarial,5,https://www.Bestmedicaldiet.com,ok
a680f87e-f284-f111-ab0e-70a8a53a0b30,ANIS LA VIOLETERA,licores,https://www.anislavioletera.com,"bienvenidos a nuestra web | presentamos nuestra colección | ¿Quiénes Somos? | ¿Qué productos tenemos? | ¿Cómo empezó todo? | NUESTRA ESPECIALIDAD | Ideas de consumo | Maraquita | Sol y sombra | Queen Bee | Aviso Legal | Términos y condiciones | Política de Privacidad | Política de Cookies | Anís Dulce Padre Benito 1L | Anís La Violetera Dulce | Anís La Violetera Semidulce | Anís Perla Semi 32 1L | Anís Seco La Violetera | Anís Seco Padre Benito 1L | Crema de Castaña La Violetera | Crema de Guindas La Violetera | Crema de pasas La Violetera | Ginebra Aroma a Violetas 0,70L | Guindas en su crema | Licor de Menta La Violetera",26,https://www.anislavioletera.com | https://www.anislavioletera.com/productos/,ok
12511427-30db-f011-8543-7c1e52123808,Graci,panaderia,https://www.muesligraci.com,,0,,error_home
375b8a6a-1ce0-ec11-bb3d-000d3a43e7af,WINSOR HEALTHCARE LTD,nutraceuticos,https://www.uroxbladderhealth.co.uk,,0,https://www.uroxbladderhealth.co.uk,ok_sin_productos
13fa791b-8cb1-ef11-b8e9-000d3aaab59f,Dulceplus,nan,https://Dulceplus | Haciendo tu vida más dulce,,0,,error_home
3cbeb256-c7fe-ed11-8f6e-000d3aaab965,PRODUCTOS ARENAS,bolleria,https://www.productosarenas.com,,0,https://www.productosarenas.com,ok_sin_productos
33eb3558-d352-f111-bec6-000d3abe319d,BGG Europe SA,suplementos deportivos,https://www.farmaindustriaticino.ch/en/members/ordinary-members/bgg-europe-sa,BGG Europe SA | Activities | Main Activity | Markets | Certifications | Members | Social | Legal,8,https://www.farmaindustriaticino.ch/en/members/ordinary-members/bgg-europe-sa,ok
3d5b8a6a-1ce0-ec11-bb3d-000d3a43e7af,Innovation X Solutions,nutraceuticos,https://innovationxsolutions.com,,0,https://innovationxsolutions.com,ok_sin_productos
a280603c-bad6-41df-8dbc-692e9d9c89ce,El Granero,nutraceuticos,https://elgranero.com,"Alimentación | Complementos | Funcional | Omega 7. Espino amarillo | Superporridge Pistacho Bio, 350 g | Superporridge Cacao Bio, 350 g | Semillas Funcionales Energía Bio, 200 g | Semillas Funcionales Digestión Bio, 200 g | Semillas de Chías Bio, 150 g | Tortitas de Arroz y Quinoa Bio, 120 g | Gusetos Bio, 60 g | Harina de Trigo Sarraceno Bio, 1 Kg | Cúrcuma + Pimienta Bio, 120 Cap. 440mg | UNA DELICIOSA Y AMPLIA GAMA DE CEREALES ECOLÓGICOS | Calidad certificada | Refrigerados | Cosmética y Aromaterápia | Todos | Ver producto | Aceite de Lino Bio 1ª Presión, 500 ml | Vinagre de Sidra de Manzana Sin Filtrar Bio, 75 cl | Preparado de Coco para Cocinar Bio, 400 ml",22,https://elgranero.com | https://elgranero.com/categoria-articulos/complementos-especificos-productos-refrigerados/ | https://elgranero.com/categoria-articulos/granosproductos-refrigerados/ | https://elgranero.com/productos/,ok
16511427-30db-f011-8543-7c1e52123808,Laboratorios Ynsadiet,"lacteos, yogures y postres lacteos",https://www.ynsadiet.com,Nutriox Program | Balance Sport Diet | Test de los alimentos | Celulitest | Nutriox/Dietasol | Ob3 drenante(250 ml) | Ob3 drenante(475 ml) | Ob8(20 filtros) | + INFO,9,https://www.ynsadiet.com | https://www.ynsadiet.com/marcas/linea-ob/,ok
1b5b8a6a-1ce0-ec11-bb3d-000d3a43e7af,Lo Bello Fosfovit Srl,galleteros,https://fosfovit.com/en,Bisenglut biscottino – 250g – (12 confezioni) | Bisenglut granulato – 400g – (12 confezioni) | Biscotto Fosfovit – 750g – (8 confezioni) | Granulato Fosfovit – 400g – (12 confezioni) | Biscotto Fosfovit – 750g – (3 confezioni) | Biscotto Fosfovit – 500g – (8 confezioni) | Biscotto Fosfovit – 360g – (12 confezioni) | Animaletti – Biscotto Fosfovit – 400g – (12 confezioni) | Biscotto ai 5 Cereali Biologico – 200g – (12 confezioni) | Biscotto “IL CLASSICO” Lo Bello – 700g – (8 confezioni) | Biscotti secchi “I MATTINUCCI” Lo Bello – 500g – (12 confezioni) | “FROBELLO” – Biscotti Lo Bello – 500g – (16 confezioni) | “INTEGRALI” agli agrumi di Sicilia – Biscotti Lo Bello – 500g – (16 confezioni) | “FROLLICIOK” – Biscotti Lo Bello – 500g – (16 confezioni),14,https://fosfovit.com/en | https://fosfovit.com/en/shop/,ok
595b8a6a-1ce0-ec11-bb3d-000d3a43e7af,"Shanghai Chinyou Industry Co., Ltd.","especias, aromas y colorantes",https://WWW.CHINYOU.COM,,0,,error_home
ead652f9-2e04-40fc-b9bc-3bb41deed2c8,NONGHYUP - Federación Cooperativas Apícolas de Corea,miel,https://www.nonghyup.com/eng/main/engMain.do,About NACF | SocialResponsibility | EthicalManagement | Annual Reports | Our work | International Cooperation | NH media center,7,https://www.nonghyup.com/eng/main/engMain.do,ok
a6c28f91-e157-f011-877a-6045bd92f5a8,Flanders,cereales,https://www.flandersinvestimentandtrade.com,,0,,error_home
a0c28f91-e157-f011-877a-6045bd92f5a8,Promerca,panaderia,https://www.promerca.com,Servicios y soluciones de envasado y personalización | Pequeño formato | Gran formato | Packaging | Nuestra gama de productos | Azúcar y edulcorantes | Cafés | Tés | Chocolatinas y galletas | Menaje y otros | Servicios al tostador | Servicio especializado | Asesoramiento | Personalización | Diseño | Producción | Seguridad alimenticia | Calidad | Seguridad | Legalidad | Medio ambiente | Azúcar en sobres | Monodosis | Cápsulas | Envases metálicos | Paquetes flexibles | Latas y botes | Imprenta Proflexo,28,https://www.promerca.com | https://www.promerca.com/soluciones/pequeno-formato/ | https://www.promerca.com/soluciones/gran-formato/ | https://www.promerca.com/soluciones/packaging/,ok
a2c28f91-e157-f011-877a-6045bd92f5a8,Pisa,nutraceuticos,https://www.pisa.com.mx,Infraestructura | Responsabilidad Social | Farmacovigilancia y Tecnovigilancia | Blog | Calidad Certificada | Líneas de producción | Inyectables | Penicilínicos | Cefalosporínicos | Liofilizados | Formas Orales | Inmunosupresores | Biotecnológicos | Contacto de Maquila,14,https://www.pisa.com.mx | https://www.pisa.com.mx/maquila-de-productos/,ok
f8b50faf-aeda-4d44-b446-e0fa75d0b26f,NEOH,nan,https://www.neoh.com,"Bestseller | Alle Produkte | Mission | Über uns | NEOH PRIME | BLOG | NEOH weiterempfehlen | B2B-Store | Mein Account | Zu den Bestsellern | CRISP N CREAM ab €3,40 | MILKY CHOC ab €1,90 | CRISPY CREAM WHITE ab €3,40 | Hazelnut Crunch ab €9,90 | Coconut Riegel ab €18,90 | Riegel Mix - Alle 5 Sorten ab €23,90 | Shop | Registrieren & profitieren! Einloggen | Einkaufswagen 0 | JETZT KAUFEN | JETZT BESTELLEN | ZUR vorteilsboxen | NEUE REZEPTUR TESTEN | CRISP N CREAM KAUFEN | CRISP N CREAM 3er Pack 1204 ab € 3,40 | MILKY CHOC 4er Pack 276 ab € 1,90 | CRISPY CREAM WHITE 3er Pack 152 ab € 3,40 | Hazelnut Crunch 8er Pack 752 ab € 9,90 | NASCHEN OHNE ZUCKERZUSATZ | NICHT NUR BEI DIR UND MIR BELIEBT | Jonathan Tah | Dominic Thiem | Holly Wilkinson, BSc | Markus Salcher | Zufriedene NEOH-Kunden sagen: | PRODUKTE IM HANDEL | DEINE BLUTZUCKERKURVE MIT ZERO+ | Erfahre mehr im Blog | Darum funktioniert Keto-Ernährung mit NEOH! 27.07.2026Mehr lesen | Darum funktioniert Keto-Ernährung mit NEOH! | Der Vergleich: NEOH vs. Snack-Klassiker 24.02.2026Mehr lesen | Der Vergleich: NEOH vs. Snack-Klassiker | Erhnährungsexpertin Holly Wilkinson im NEOH-Podcast 22.02.2026Mehr lesen | Erhnährungsexpertin Holly Wilkinson im NEOH-Podcast | Stabiler Blutzucker: der Schlüssel zu mehr Energie 22.12.2025Mehr lesen | Stabiler Blutzucker: der Schlüssel zu mehr Energie | Ex-Tennisprofi Dominic Thiem im NEOH-Podcast 15.12.2025Mehr lesen | Ex-Tennisprofi Dominic Thiem im NEOH-Podcast | Ballaststoffe – der einzige Ballast, den dein Körper wirklich braucht 05.11.2025Mehr lesen | Ballaststoffe – der einzige Ballast, den dein Körper wirklich braucht | Kostenloser Versand | Sichere Bezahlung | 100% Geschmack | Kundensupport | CRISPY CREAM WHITE | MILKY CHOC | CRISP N CREAM | Hazelnut Crunch | Berry Riegel | Coconut Riegel",60,https://www.neoh.com | https://www.neoh.com/products/adventkalender | https://www.neoh.com/products/milky-choc | https://www.neoh.com/products/crisp-n-cream,ok
21eb3558-d352-f111-bec6-000d3abe319d,NUTRALAB S.R.L,nutraceuticos,https://nutralab.com,,0,https://nutralab.com,ok_sin_productos
76c28f91-e157-f011-877a-6045bd92f5a8,mmPRODUKT,bolleria,https://www.mmprodukt.pl,Pojemniki | Dozowniki i aplikatory | Elementy opakowań | Zamknięcia do opakowań | Wybierz dział | Pojemniki Okrągłe | Pojemniki Owalne | Pojemniki Łódki | Pojemniki Prostokątne | Pojemniki do Lodów,10,https://www.mmprodukt.pl | https://www.mmprodukt.pl/oferta/ | https://www.mmprodukt.pl/oferta/pojemniki/ | https://www.mmprodukt.pl/oferta/dozowniki-i-aplikatory/,ok
a2d6ef7a-6fe3-43ab-8e67-6410cb8d87b3,GINYATOGHULLARI - AZERIBAL,miel,https://www.azeribal.az,,0,https://www.azeribal.az,ok_sin_productos
59eb3558-d352-f111-bec6-000d3abe319d,Sirio Europe GmbH & Co. KG,nutraceuticos,https://sirio-europe.com,Quality is part of our DNA | International Certificates | Concepts | Our locations | Our Story | End-to-end services | News | Start a consultation | Taste the difference™,9,https://sirio-europe.com,ok
80e1a55d-814d-4493-ae4c-4ee6fae24341,LABORATORIOS NORMON S.A.,medicamentos,https://www.normon.com,Nuestros productos | Medicamentos con receta | Descúbrelos | Medicamentos sin receta | Medicamentos odontológicos | Un diseño inspirado en nuestros profesionales sanitarios. | Claridad y seguridad en cada dispensación | ¿Por qué un nuevo diseño?,8,https://www.normon.com | https://www.normon.com/nuestros-productos/ | https://www.normon.com/nuestros-productos/medicamentos-con-receta/nuevo-diseno-pack/,ok
b8c28f91-e157-f011-877a-6045bd92f5a8,SYNBALANCE SRL,alternativas a lacteos,https://www.synbalance.com,,0,,error_home
5680f87e-f284-f111-ab0e-70a8a53a0b30,PASTAS Y HOJALDRES UKO,bolleria,https://www.pastasyhojaldresuko.com,Pastas Finas de Té Uko - Color | Pastas Finas de Té Uko - Clásica | Socorritos de Cervera - Surtido de Hojaldres | Lazos al Glas - Socorritos | Lazos al Chocolate - Socorritos | Mini Socorritos al Glas | Mini Socorritos Lazos al Glas 900 G (granel) | Socorritos de Cervera - Caja roja 250g | Conchas - Pasta Fina de Té | Damas - Pastas artesanas con cacao | Home | Tienda | Mini Socorritos al Chocolate | Cajita 4 Mini Socorritos al Chocolate | Pisuerguinas | Cajita 6 pastas de té surtidas | Sequillos Artesanos | Cajita 4 Mini Socorritos al Glas | Pastas Finas de Té Uko,19,https://www.pastasyhojaldresuko.com | https://www.pastasyhojaldresuko.com/tienda/ | https://www.pastasyhojaldresuko.com/tienda/categoria-producto/linea-gourmet/,ok
8da46b26-5a9b-ef11-8a6b-000d3aaab965,Kuchenmeister,frutos secos y snacks,https://www.kuchenmeister.de,Unternehmen | Sortiment | Karriere | Blog | Service | Karriere bei Kuchenmeister | Unsere Produkte | Kuchen | Kuchenböden | Mini-Kuchen | Stollen | Waffeln | Jetzt Kontakt aufnehmen | Home | Products | All Products | KuchenMeister Mini Sacher Cake | KuchenMeister Viennese Cake Base Dark | KuchenMeister Viennese Cake Base Light | KuchenMeister Tartlets | KuchenMeister Fruit Base | KuchenMeister Rondana Marble | KuchenMeister Mini Cake Marble | KuchenMeister Cinnamon Rolls | KuchenMeister Raspberry Roll | KuchenMeister Strawberry Roll | KuchenMeister Mini Waffles | KuchenMeister Fresh Egg Waffles | KuchenMeister Heart Waffles Cinnamon | KuchenMeister Heart Waffles Cocoa | KuchenMeister Heart Waffles | KuchenMeister Milk Roll | KuchenMeister Spring Bites Apricot individually packed | KuchenMeister PUK Apple Pie | KuchenMeister Football Cookies Cocoa | KuchenMeister Cookies Cocoa | KuchenMeister Fine Marzipan Stollen | KuchenMeister Orange – Marzipan Stollen | KuchenMeister Classic Stollen | KuchenMeister Spring Bites Apricot | Baumkuchen Bites Irish Cream | KuchenMeister Baumkuchen Bites Jamaica Rum | KuchenMeister Filled Croissant 5-pack,43,https://www.kuchenmeister.de | https://www.kuchenmeister.de/export/products/,ok
12beb256-c7fe-ed11-8f6e-000d3aaab965,Van Slooten International B.V.,ecologico,https://www.vanslooten.eu,,0,https://www.vanslooten.eu,ok_sin_productos
72313071-6d37-49f9-a40b-d23a8cbc3bce,Euro Patisserie Productores Twello B.V.,galleteros,https://www.europastisserie.nl,,0,,error_home
18beb256-c7fe-ed11-8f6e-000d3aaab965,Food2smile,golosinas,https://www.food2smile.com,OUR STORY | PRODUCTS | CANDY | Chips | Snacks | PROMISES | Reviews | FIND US HERE | Sharing partner Stichting Jarige Job | GIMME GUMMY MIX | VERY BERRY | COLA-LA BOTTLEs | Raspberry Treats | Jolly Lollipops | LIQUORICIOUS | MELLOW-MARSHMALLOWS | Popped Chips Paprika | POPPED CHIPS classic | POPPED CHIPS BARBECUE | POPPED CHIPS salt en pepper | APPLEPIEBAR | CHEESE CRACKERS | CHOCOLATE | CHOCOSMILES,24,https://www.food2smile.com | https://www.food2smile.com/our-products/,ok
4d5b8a6a-1ce0-ec11-bb3d-000d3a43e7af,Vabo-N Gmbh,nutraceuticos,https://www.vabo-n.com,microflora | Pack Equilibrio+ | Pack Esencial | essentials | fierce | oh!mega,6,https://www.vabo-n.com,ok
1ebeb256-c7fe-ed11-8f6e-000d3aaab965,ELBISCO,galleteros,https://www.elbisco.gr,"ΗΘΟΣ. ΜΕΤΡΟ. ΠΑΙΔΕΙΑ. | Oι μάρκες μας | Tα Νέα μας | > Δείτε όλα τα νέα μας | Κοινωνία | Δίπλα στον άνθρωπο | Οι άνθρωποί μας, η δύναμή μας",7,https://www.elbisco.gr,ok
f7ea3558-d352-f111-bec6-000d3abe319d,Vitagold,nutraceuticos,https://www.vitagold.bg,"Антицелулитно масажно масло (с авокадо, масло от памук и портокал), 200 мл | Балсам за суха, втвърдена и напукана кожа, 250 мл | Балсам с екстракт от сладник за суха и дехидратирана коса, 400 мл | Балсам с екстракт от сминдух за изтощена коса, склонна към косопад, 400 мл | Балсам с масло от тиквени семки за коса, увредена от третиране, 400 мл | Балсам с масло от черен кимион за тънка и фина коса, 400 мл | 2 бр. Берберин – за кръвната захар, 30 таблетки | 2 бр. Ливер Детокс – за здрав черен дроб, 30 таблетки | 2 бр. Морски колаген форте – за ставите, кожата, хрущялите, косата и ноктите, 30 капсули | 2 на цената на 1! Пробиотик комплекс – за стомаха и имунитета, 15 капсули | 2 на цената на 1! Фукогенол – за теглото и фигурата, 15 капсули | Men’s Advanced Formula – супер формула в подкрепа на мъжкото здраве, 30 таблетки | 2 бр. COLLAGEN COMPLEX MAX (Колаген Комплекс Макс) 30 таблетки + подарък гел | 2 бр. OMEGA 3 FISH OIL 1000 (Омега 3 рибено масло) 30 капсули + 30 Бонус | 2 бр Шлемник байкалски макс – при вируси и понижен имунитет, 30 капсули | 2 бр. Витамин B12 Макс – активна, бързо усвоима форма, 60 таблетки | 2 бр. Гроздово семе – супер антиоксидант, за сърдечно-съдовата система, 60 Капсули | 2 бр. Пасифлора Макс – за спокоен ден, 30 капсули | 2 бр. САНИЛАКС – за по-бърз метаболизъм, 30 капсули | 2 бр. Супер Слим (Super Slim) – за здравословно тегло, 30 таб | Плащаш 1, получаваш 2! Спирулина – супер водорасли, 60 таблетки | Shilajit Шиладжит Макс (мумио) – за имунната система и мозъка, за енергия, антиоксидант, 30 капсули | АЛОЕ ВЕРА Чист Сок – 99,5%, 1000 мл. | Витамин D3 + селен + цинк +витамин C – за имунната система, 60 таблетки | Кла + Зелен чай + L-карнитин – за баланс на теглото, 30 капсули | Максофен (Maxofen) – за ставите, кръста и гърба, 30 капсули | Плащаш 1, получаваш 2! Малинови кетони – за баланс на теглото и подкрепа на метаболизма, 30 капсули | Калций, Магнезий, Цинк Макс – за костите, мускулите, зъбите, имунитета, косата и ноктите, 30 таблетки | Глюкоманан – за контрол на апетита, за здравословно тегло, храносмилането, кръвната захар, 30 капсули | Максофен Макс – за перфирерната нервна система, гърба, кръста, раменете 30 капсули | Colon Cleaner MAX (Колон Kлийнър Mакс) – при нередовен стомах, за прочистване на червата, детоксикация, 30 капсули | Д-хиро Инозитол (D-chiro Inositol) – за кръвната захар, метаболизма, хормоналния баланс, 30 капсули | 2 на цената на 1! Корен от Глухарче – за черния дроб, жлъчката, храносмилателната и отделителната системи, 30 капсули | Ехинацея макс – за имунитета и дихателната система, 30 капсули | Вишна макс – антиоксидант, за имунитета, при възпаления, 30 капсули",35,https://www.vitagold.bg,ok
70eb3558-d352-f111-bec6-000d3abe319d,Veracetics,nutraceuticos,https://www.veracetics.es,Investigación – Desarrollo – Producción | ¿Qué productos podemos elaborar? | Jugo | Aceites | Gel | Extractos | ¿Por qué Veracetics? | De la Hoja al Producto Final | Innovación que marca la diferencia | Compromiso con la excelencia | Desarrolla tu producto cuenta con Veracetics | Noticias del sector Aloe Vera | Veracetics apuesta por el autoconsumo renovable | Mascarilla de Aloe Vera: El secreto natural para un cabello saludable | ¿Cómo afecta a tu organismo consumir diariamente aloe vera?,15,https://www.veracetics.es,ok
215b8a6a-1ce0-ec11-bb3d-000d3a43e7af,PIM Brands,frutos secos y snacks,https://www.pimbrands.com,Original Gummi Factory | Original Gummi FunMix® | Sun-Maid® Chocolate Covered Raisins | Sour Jacks® Sour Candies | Nuclear Sqworms® | Welch’s® Fruit ‘n Yogurt™ Snacks | Welch’s® Juicefuls® | Welch’s® Fruit Snacks | Welch’s® Absolute Fruitfuls™ Fruit Strips | Welch’s® Zero Sugar Fruity Bites | Tuxedos® Chocolate Almonds | Welch’s® Fruit Rolls | Slice™ Fruit on The Go™ | Toggi® Fine European Wafers | Welch’s® Yogofruits | Welch’s® Fusions,16,https://www.pimbrands.com,ok
c8869ac9-21af-483d-9d40-d0aeef70b537,ROYAL FASSIN B.V.,golosinas,https://www.royalfassin.com,Our Products | LacesExplore Laces | Laces | Sour BeltsExplore Sour Belts | Sour Belts | Soft Liquorice Explore Soft Liquorice | Soft Liquorice | Filled SticksExplore Filled Sticks | Filled Sticks | SticksExplore Sticks | Sticks,11,https://www.royalfassin.com,ok
0ee2de6c-7f18-4b80-ae14-fb5c522de739,BEE HEALTH Golden Queen Organic,piensos ganaderia,https://www.facebook.com/GoldenQueenCompany,,0,,error_home
72eb3558-d352-f111-bec6-000d3abe319d,DKSH,pasteleria,https://www.dksh.com,"¿Cómo podemos ayudarte? | DKSH España | Qué Ofrecemos | Por Qué Trabajar Con Nosotros | Localizaciones | Equipo Directivo España | Descubre Más | Cotización Bursátil | CHF | Política de Calidad ISO | Política de Calidad IFS | Certificación ISO 9001:2015 | Evaluación SQAS | Ecovadis Gold Medal | Ecovadis Scorecard | Certificación OEA | Certificación CCPAE | Certificación IFS Broker | Certificación Responsible Care AECQ | Condiciones Generales de Distribución y Venta de DKSH Marketing Services Spain, S.A.U. | Condiciones Generales de Compra (GCP) de DKSH Marketing Services Spain, S.A.U. | Expande tu Mercado, Haz Crecer tu Negocio. | Alert ⚠️ | Ingredientes Food & Beverage | Explora Nuestra Gama de Productos | DKSH | Descubre Nuestros Servicios | Descargas | La Sostenibilidad en Performance Materials | Últimas Noticias e Información | ¿Cómo podemos apoyar el crecimiento de tu empresa? | Ingredientes Personal Care | Ingredientes Pharmaceutical",33,https://www.dksh.com | https://www.dksh.com/es-es/home/performance-materials/industries/food-beverage-ingredients | https://www.dksh.com/es-es/home/performance-materials/industries/personal-care-ingredients | https://www.dksh.com/es-es/home/performance-materials/industries/pharmaceutical-ingredients,ok
20beb256-c7fe-ed11-8f6e-000d3aaab965,Ravazzi S.p.a.,golosinas,https://www.ravazzigummy.it,"Caramelle gommose, impossibile resistere! | i più cliccati | LE NOSTRE PROPOSTE DI PACKAGING | materie prime di qualità e attenzione alle esigenze di tutti | la qualità ravazzi arriva ovunque | SCARICA IL CATALOGO",6,https://www.ravazzigummy.it,ok
24beb256-c7fe-ed11-8f6e-000d3aaab965,Bob Snail,golosinas,https://www.bob-snail.com,"Fruit Rolls | Fruit Stripes | Fruit Gummies | Bob Snail Play | What makes Bob Snail snacks different from other snacks? | What ingredients are used in Bob Snail products? | Are Bob Snail products gluten-free? | Are Bob Snail products suitable for vegans and vegetarians? | What does ""no added sugar"" mean? | Are Bob Snail products Kosher? | All products | APPLE-PEAR FRUIT ROLLS | APPLE-BLUEBERRY FRUIT ROLLS | MANGO FRUIT ROLLS | APPLE-RASPBERRY FRUIT ROLLS | APPLE-BLACK CURRANT FRUIT ROLLS | APPLE-STRAWBERRY FRUIT ROLLS | APPLE-SOUR CHERRY FRUIT ROLLS | APPLE-STRAWBERRY STRIPE | APPLE-PEAR-BLUEBERRY STRIPE | APPLE-BLACK CURRANT STRIPE | APPLE-RASPBERRY STRIPE | FRUIT GUMMY SNACKS APPLE- PUMPKIN-MANGO-CHIA | FRUIT GUMMY SNACKS APPLE-CHERRY | EAT&PLAY BOBNIMALS",25,https://www.bob-snail.com | https://www.bob-snail.com/products/,ok
28beb256-c7fe-ed11-8f6e-000d3aaab965,Karumu Fabrika,galleteros,https://www.mons.lv,"Bez-glutēna auzu cepumi ar musli multipaka | Pildītas dateļu bumbas ar zemesriekstiem un proteīnu | Pildītas dateļu bumbas ar zemesriekstiem, 60 g | Pildītas dateļu bumbas ar maču, 60 g | Keto putra ar avenēm | Pildītas dateļu bumbas ar karameli un proteīnu | Keto putra ar smiltsērkšķiem | Pildītas dateļu bumbas ar citronu un proteīnu",8,https://www.mons.lv,ok
015d6a85-49ba-4021-8f36-1599098236d4,MELISSOKOMIKI ISTHMOU,miel,https://www.melisthmos.gr,,0,https://www.melisthmos.gr,ok_sin_productos
25bea86b-b7a8-ef11-b8e9-000d3aaab1fa,Hellema,galleteros,https://www.hellema.nl,Joubertstraat 8 a LEEUWARDEN | De Ljepper 14 LEEUWARDEN | Europaplein 38 LEEUWARDEN | Bleekhof 25 LEEUWARDEN | Lijsterstraat 38 LEEUWARDEN | Hellema Makelaars en Bedrijfsmakelaars | Recente objecten | Wie zijn wij? | Wat zeggen klanten over ons? | Schrijf je in voor onze Sneak Preview | Medewerker,11,https://www.hellema.nl | https://www.hellema.nl/over-ons/medewerkers/feline-wiersma-15/,ok
74c28f91-e157-f011-877a-6045bd92f5a8,TATA,"lacteos, yogures y postres lacteos",https://www.tatanq.com,Human Nutrition | Animal Nutrition | PRODUCTS,3,https://www.tatanq.com,ok
4feb3558-d352-f111-bec6-000d3abe319d,HERMES ARZNEIMITTEL GMBH,nutraceuticos,https://hermes-arzneimittel.com,Management Team | Tobias Brodtkorb | Thomas Stadler | Dr. Eva Maria Mittermaier | Peter Mauderer | Claudia Nytz | Denise Rinnert | Rudolf Wesp | Attila Roza | Unsere Werte | Dynamik | Partnerschaft | Stabilität | Unsere Verantwortung | Sozial | Unternehmensführung | Unsere Geschichte | Unsere Standorte,18,https://hermes-arzneimittel.com,ok
519cf976-adea-ee11-a203-000d3aaab59f,The Foods of Athenry,nutraceuticos,https://www.foodsofathenry.ie,,0,,error_home
8e80f87e-f284-f111-ab0e-70a8a53a0b30,Enervit,barritas y bebidas deportivas,https://www.enervit.es,,0,,error_home
1abeb256-c7fe-ed11-8f6e-000d3aaab965,Buiteman BV,galleteros,https://www.buiteman.com,"If you want to snack, why notchoose something really good? | Follow us on Instagram! | Buiteman bv",3,https://www.buiteman.com,ok
5bd098d0-9b5b-445d-98d9-a8475ee45eb1,BARANIK,carnico,https://www.baranik.sk/sk,"Odporúčame | Invertné krmivo pre včely 1 kg osobný odber | Momentálne nedostupné | Cesto pre včely na podporu trávenia a detoxikáciu – Apivet H s kyselinou humínovou 1kg | Pridať do košíka | Cesto pre včely s minerálnym detoxom – Apivet Z so zeolitom 1kg | G-OXAL pásiky s glycerínom a kyselinou šťaveľovou 20 ks | Apivet H (5 L) – Invertné krmivo pre včely s humínovými kyselinami | OXAL-CLEAN - emulzné pásiky s kyselinou šťaveľovou proti klieštikovi 20ks | Nádoba na med 35l - plastová s vekom | Sada cesta pre včely 4.fáza - Silná zimná generácia 3+3kg | Plnička medu s farebným ventilom | DOPREDAJ, FASTest BEE - test na celoročné sledovanie vírusových ochorení včiel | G-OXAL pásiky s glycerínom a kyselinou šťaveľovou, 10 balení | Invertné krmivo pre včely ApiEnergy, 13 kg, 3 balenia | G-OXAL pásiky s glycerínom a kyselinou šťaveľovou , 40 balení | OXAL-CLEAN - emulzné pásiky s kyselinou šťaveľovou - 40 balení | Najnovšie produkty | Premium knôt na sviečky 60 PLY – navoskovaný s plieškom, 10 ks | Premium knôt na sviečky 50 PLY – navoskovaný s plieškom, 10 ks | Premium knôt na sviečky 30 PLY – navoskovaný s plieškom, 10 ks | Premium knôt na sviečky 21 PLY – navoskovaný s plieškom, 10 ks | ECO knôt na sviečky 50 PLY– navoskovaný s plieškom, 10ks | Práve zakúpili iní | Profesionálna maska na apiterapiu s výdychovým ventilom, pre dospelých 1ks | Inhalačná sada na apiterapiu, pre dospelých | Bavlnený knôt na výrobu sviečok 44 Ply – 30 m | pre Ø 8–10 cm | Bavlnený knôt na výrobu sviečok 24 Ply – 30 m | pre Ø 2–4 cm | Bavlnený knôt na výrobu sviečok 30 Ply – 30 m | pre Ø 4–6 cm | Váš košík (0) | Celková hodnota: | Otvoriť košík | Pokračovať v nákupe | viac ako 10 kusov | 803,12 | 2-5 dní | Za tento produkt získate: | Načo sú body? | Zdielať na Facebook | Popis produktu: | ZOBRAZIŤ CELÝ POPIS | Technické informácie: | Čo je kyselina šťaveľová a glycerín? | Ako oxalát pôsobí proti Varroa? | Ako pásiky kyseliny šťaveľovej a glycerínu účinkujú proti Varroa? | Aké sú výhody a nevýhody tejto liečby? | Nevýhody: | Použitie / Aplikácia | Ako používať oxalátové pásiky? | Teploty | Počet pásikov na včelstvo? | RÁMIKY OBSADENÉ VČELAMI (Úľ typ „B“) | Pásiky | Umiestnenie | Príklad použitia pásikov G-OXAL počas celej sezóny | LETO | KONIEC LETA | JESEŇ | Príbuzné produkty | Kyselina šťaveľová (oxalová) 99,6% 500 g",60,https://www.baranik.sk/sk | https://www.baranik.sk/product/3426/g-oxal-pasiky-s-glycerinom-a-kyselinou-stavelovou-10-baleni | https://www.baranik.sk/sk/product/2598/invertne-krmivo-pre-vcely-1kg-osobny-odber | https://www.baranik.sk/sk/product/3496/cesto-pre-vcely-na-podporu-travenia-a-detoxikaciu-apivet-h-s-kyselinou-huminovou-1-kg,ok
78c28f91-e157-f011-877a-6045bd92f5a8,Quimivita,nutraceuticos,https://www.quimivita.com,Food ingredients | Cosmetic ingredients | Labtech | Industry | Pharma & Vet | Our latest Cosmetic Ingredients | Our latest | Our latest Food Ingredients,8,https://www.quimivita.com,ok
8680f87e-f284-f111-ab0e-70a8a53a0b30,Alexakis,panaderia,https://www.alexakis-pittes.gr,Anuga 2025 | PLMA 2025 | Food Expo 2025,3,https://www.alexakis-pittes.gr | https://www.alexakis-pittes.gr/products/,ok
1cbeb256-c7fe-ed11-8f6e-000d3aaab965,JAWLINER,golosinas,https://www.jawliner.com,Cinta nasal JAWLINER | JAWLINER® Chicle Fi... | JAWLINER® Pimple Patch | Cinta bucal antirro... | JAWLINER® Chewing G... | Chicle | JAWLINER 3.0 | Cintas buconasales | Anillo Maullador | Energy | Salud | Programa Influencer | Sobre nosotros | Busca en | PREGUNTAS FRECUENTES | Information | More Pages | Contáctanos | Síguenos | 1. MÁS Atractivo | 2. MÁS CONFIANZA | 3 . MÁS Exitoso | ¿Ofrecen una garantía de devolución de su dinero? | ¿Realizan envíos internacionales? | ¿Cuánto tiempo demandará recibir mi pedido? | ¿Cuánto tiempo debo masticar JAWLINER antes de constatar resultados? | ¿Con qué frecuencia debo entrenar con JAWLINER? | ¿Qué es el chicle JAWLINER? | ¿En qué se diferencia el chicle JAWLINE del chicle normal? | ¿Para quién es adecuado el chicle JAWLINER? | ¿Con qué frecuencia y durante cuánto tiempo debo masticar el chicle Jawline? | ¿El chicle Jawline no contiene azúcar? | ¿Qué es más eficaz: JAWLINER 3.0 o JAWLINER Facial Fitness Gum? | ¿Es malo para la salud entrenar la mandíbula? | ¿Qué novedades presenta el JAWLINER 3.0 en comparación con las versiones anteriores? | ¿En qué grados de dureza está disponible el JAWLINER 3.0? | ¿Con qué frecuencia debo utilizar el entrenador de mandíbula? | ¿Cuándo y con qué frecuencia debo usar las cintas bucales? | ¿Las cintas JAWLINER® son compatibles con la piel? | ¿Puedo reutilizar las cintas bucales o nasales? | ¿Cuántas cintas bucales se incluyen en un paquete? | ¿Existen instrucciones para el uso adecuado?,42,https://www.jawliner.com | https://www.jawliner.com/es/collections/chicle-de-mandibula | https://www.jawliner.com/es/collections/jawliner-3-0 | https://www.jawliner.com/es/collections/cintas-buconasales-jawliner,ok
02511427-30db-f011-8543-7c1e52123808,Innovita Nutrition,golosinas,https://www.innovitanutrition.com,,0,https://www.innovitanutrition.com,ok_sin_productos
b57626f8-2f79-49f9-b878-f942135461c0,UBUSI BEEKEEPING,frutos secos y snacks,https://ubusibeekeeping.com,"Beehive – Premium Type | Beehive – Standard Type – Treated | Bee Hive | Beehive – Catch Box 5 – Untreated | Beehive – Premium Type R3,265.00 | Beehive – Standard Type – Treated R2,285.00 | Bee Hive R1,800.00 | Beehive – Catch Box 5 – Untreated R605.00 | Uncategorised (1) | Bee Things (43) | Books (1) | Feeding (2) | Flow Beehives (2) | Hand Tools (8) | Hive Accessories (12) | Hive Stands (2) | Honey Extractors & Processing (24) | Protective Clothing (27) | Queen Excluders (6) | Queen Rearing (10) | Smokers (4) | Toys and Bee Gifts (1) | Uncapping Equipment & Strainers (13) | Wooden Hive Components (28)",24,https://ubusibeekeeping.com | https://ubusibeekeeping.com/shop/ | http://ubusibeekeeping.com/shop/,ok
fa501427-30db-f011-8543-7c1e52123808,Prinova,suplementos deportivos,https://www.prinovaglobal.com,"About Ingredient Distribution | Ingredients by Category | Ingredients by Application | Ingredients by Health Benefit | Aroma Chemicals & Essential Oils | Quality & Accreditations | Sourcing Expertise | About Manufacturing Solutions | Nutrient Premixes | Contract Manufacturing | Particle Technologies | Flavour Production | Market Ready Blends | About Customised Services | Product Development | Concept Creation | Regulatory Expertise | Formulation Proposals | Staple Food Fortification | Animal Nutrition | Beverage | Flavour & Fragrance | Food | Infant & Early Life | Personal Care | Sports & Lifestyle Nutrition | The Macro Trends Reshaping Food, Beverage and Nutrition Right Now | Prinova Showcases Wellness Solutions at Vitafoods Europe 2026 | Prinova® Identifies Food, Beverage and Nutrition “Mega-trends"" | Prinova’s CITRAPEAK® launches in Europe | Discover Trending Ingredients at Food Ingredients Europe 2024 | Prinova | Getting personal: Nutrition in the digital age | A Thirst for Healthier Drinks | Prinova | Amino Acids | Aroma Chemicals | Botanical Extracts | Branded Ingredients | Citrus Oils | Essential Oils | Food & Beverage | Nutraceuticals | Proteins | Sweeteners | Vitamins & Derivatives | View All | Beverages | Flavor & Fragrance",47,https://www.prinovaglobal.com | https://www.prinovaglobal.com/eu/en/ingredients | https://www.prinovaglobal.com/eu/en/ingredients/amino-acids | https://www.prinovaglobal.com/eu/en/ingredients/aroma-chemicals,ok
51eb3558-d352-f111-bec6-000d3abe319d,Stada,nutraceuticos,https://www.stada.es,"Área Clientes | Noticias destacadas | Genéricos y Medicamentos Hospitalarios | Marcas de Consumer Health | Biosimilares | Trabaja con nosotros | Nuestros productos | Farmacovigilancia | STADA ValuePack | Diferente, reconocible y fácil | ¿Qué es un medicamento genérico? | Nuestras marcas",12,https://www.stada.es | https://www.stada.es/productos | https://www.stada.es/productos/genericos-y-medicamentos-hospitalarios | https://www.stada.es/productos/marcas-de-consumer-health,ok
c2c54d63-3ab0-f111-aaac-7ced8d0bdcda,Creador de contenido,miel,https://miel del sur (instg),,0,,error_home
036b4ad3-a909-4c17-85ec-455b4460e9b7,SAHDAG,miel,https://www.shahdag.net,,0,https://www.shahdag.net,ok_sin_productos
08511427-30db-f011-8543-7c1e52123808,Setexam,nutraceuticos,https://www.setexam.com,WELCOME TO SETEXAM | THE MICROBIOLOGY WORLD | THE FOOD WORLD | 100+ | 15+ | 500+ | The confectionery world : | Dairy and agar : the perfect match | Finest rich assortment Pastry with agar | Tasty treats: desserts Pastry with agar | Microbiology applications | Our history,12,https://www.setexam.com,ok
115b8a6a-1ce0-ec11-bb3d-000d3a43e7af,"TOF CO., Ltd.","especias, aromas y colorantes",http://www.tofkorea.com/english/AboutUs,,0,,error_home
495b8a6a-1ce0-ec11-bb3d-000d3a43e7af,Nayaa Ingredients,"especias, aromas y colorantes",https://www.nayaa.com.mx,,0,https://www.nayaa.com.mx,ok_sin_productos
d4bdffd2-212b-f011-8c4e-6045bd92f5a8,NATURAL GREATNESS,nan,https://www.naturalgreatnesscat.com,,0,,error_home
20144747-7b62-ec11-8f8f-6045bd8a321b,More Foods,platos preparados,https://www.more-foods.co,Vegan Supplies | Mendy | Prikafu | Morenivores! | EVERY IDEA BEGINS WITH A SEED. | PULLED | CHUNKS | MINUTE STEAKS | Our FOODS contain: | Our partners | Where to eat More foods? | MORE FOODS,12,https://www.more-foods.co,ok
29bea86b-b7a8-ef11-b8e9-000d3aaab1fa,Generous,nan,https://www.generous.eu,"GENEROUS PEOPLE | GENEROUS TICKET | Made in BelgiumFabriqué dans notre atelier à Tubize. | Certifié BioIngrédients 100% bio de qualité garantie. | Certifié sans glutenSans compromis sur le goût. | Great Taste AwardsAward-winning biscuits. | Tous les produits | *** Accessoires *** | *** Chocolat *** | *** Biscuits *** | Camille Cookie | Charlotte Chocolat | Chocolate Kid | Coffrets cadeau | Colette Coco | Céline Citron | Martin Matin | Martine Matin | Nicole Noisette | Pierre Petit Beurre | Specials | Sylvain Speculoos | Victor Vanille | *** Gaufres *** | ***Salés *** | Sylvain Speculoos St Nicolas 140g Bio | Sylvain Speculoos Zwarte Piet, chocolate coated, 140g Bio | Charlotte Chocolat 100 g Bio | Céline Citron 100g Bio | Chocolate Kid - 100g Bio | Martin Matin 150g Bio | Martine Matin 150g Bio | Sylvain speculoos 100 g Bio | Nicole Noisette 100g Bio | Colette Coco 100g Bio | Victor Vanille 100g Bio | Pierre P'tit Beurre 100g Bio | Martin Matin Display 20x30g Bio | Martine Matin Display 20x30g Bio | Camille Cookie Display 20x30g Bio | Wendy Waffle nature display 14 x 60g Bio | Wendy Waffle choc chips Display 14 x 60g Bio | Wendy Waffle speculoos display 14 x 60g Bio | Wendy Waffle nature 250g Bio | Wendy Waffle choc chips 250g Bio | Wendy Waffle speculoos 250g Bio | Christopher Crackers cheese 100g Non Bio | Chocolat Céline Citron tablette 70g Bio | Discovery Box 4 flavours",49,https://www.generous.eu | https://www.generous.eu/shop | https://www.generous.eu/shop/wishlist,ok
d33e1274-0c06-ef11-9f89-6045bd92bc7a,Tonitto 1939 S.p.A,nan,https://www.tonitto.it,,0,,error_home
9e80f87e-f284-f111-ab0e-70a8a53a0b30,LIBER DESTILERIAS,licores,https://www.destileriasliber.com,,0,https://www.destileriasliber.com,ok_sin_productos
06beb256-c7fe-ed11-8f6e-000d3aaab965,BioTechUSA BioTechUSA,suplementos deportivos,https://www.biotechusa.com,Select your country,1,https://www.biotechusa.com,ok
9a80f87e-f284-f111-ab0e-70a8a53a0b30,TORRONS I MIEL ALEMANY,turron,https://www.alemany.com,Torrons i mel Alemany | Els nostres productes | Regala't Alemany | Les notícies més dolces | Innovació i tradició: les novetats d’Alemany a Alimentaria 2026 | Estrenem mel trufada: la col·laboració gourmet de Mel Alemany i Laumont,6,https://www.alemany.com,ok
8ec28f91-e157-f011-877a-6045bd92f5a8,Nutrifundiet,nan,https://www.nutrifundiet.com,,0,,error_home
1c511427-30db-f011-8543-7c1e52123808,Luxlait,miel,https://www.luxlait.lu,"Skyr | Egg nog 200ml | Greek-style yoghurt cherry | Join the world of dairy excellence! | Our recipes | Recipe idea | OUR PRODUCTS | MILKS AND DAIRY DRINKS | Yaourts du Luxembourg | CREAMS | Our new products | Search | FERMENTED MILKS | BUTTERS | FRESH CHEESES | CHEESES | DAIRY DESSERTS | ICE CREAM | BISCUITS | Plant-based drinks | UHT Chocolate milk | Got a sweet tooth? | Fresh milk | Freshness and quality | UHT milk Long-life The advantage of UHT milk is that it has a longer shelf life. | UHT milk | Long-life | Lactose-free milk Lactose-free milk from Luxembourg! With 100% Luxembourg milk | Lactose-free milk | Lactose-free milk from Luxembourg! | Organic Milk Purely organic milk Available in two versions | Organic Milk | Purely organic milk | Fresh Chocolate Milk | Shakers For a relaxing break A range of 10 deliciously flavored shakers. | Shakers | For a relaxing break | Egg Nog Based on an American recipe Egg nog is a Luxlait tradition! | Egg Nog | Fermented milk | Fermented milk has a beneficial effect on health | Lassi Traditional beverage Mango Lassi, born of Indian and Pakistani culinary traditions | Lassi | Traditional beverage | Laben Beldi A staple of the Morrocan terroir Traditional recipe | Laben Beldi | A staple of the Morrocan terroir | Raïb | A traditional recipe | Raïbi Fermented, flavoured drink With delicious pomegranate, pistachio or mango flavour. | Raïbi | Fermented, flavoured drink | Kefir | Kefir is a drink based on fermented milk",54,https://www.luxlait.lu | https://www.luxlait.lu/en/our-products/ | https://www.luxlait.lu/en/product_category/milk-and-dairy-drinks/ | https://www.luxlait.lu/en/product_category/fermented-milks/,ok
0049408d-6435-4a4c-ad19-ee197416b5af,Cotecnica,conservas vegetales,https://www.cotecnica.es,,0,https://www.cotecnica.es,ok_sin_productos
0ebeb256-c7fe-ed11-8f6e-000d3aaab965,Fruitfunk,golosinas,https://www.fruitfunk.com,Home | About Fruitfunk | About our products | About our team | Webshop | Crafts | Recepts | Treats | Contact | Log in | Country/region | Belgium EUR € | Germany EUR € | Netherlands EUR € | Language | Nederlands | English | Facebook | Pinterest | Instagram | TikTok | Are you a business customer? Visit our b2b webshop! | Full fruit pure funk | Check our assortment | Just Fruit! | No added sugars! | Vegan! | Do you know our promo boxes? | Strawberry lover deal | Dealicious deal | Get Fruity pakket | Lewise x Fruitfunk - allergen-free deal | Fruitylicious deal | Get Fruitstick'd pakket | Treating! | Go to blog | Want to know more about Fruitfunk? | Go to: | Frequently asked questions | Shipping and Returns | Terms and Conditions | Withdrawal Form | Privacy statement | Fruitfunk | Filter: | Reset | Remove all | 43 products | Clear | Advent Calendar Deer | Fruit Spaghetti mango | Fruit Spaghetti mixed berries | Fruitfunk conebag | Fruitfunk Funky Mix | Fruitsticks 8-pack mango | Fruitsticks 8-pack mango (display) | Fruitsticks 8-pack strawberry | Fruitsticks XXL 5-pack apple | Fruitsticks XXL 5-pack strawberry | Fruitsticks XXL apple (24 pcs),60,https://www.fruitfunk.com | https://www.fruitfunk.com/en/collections/all | https://www.fruitfunk.com/en/collections/funky-fruit | https://www.fruitfunk.com/en/pages/waarom-zijn-onze-producten-verantwoord,ok
82c54d63-3ab0-f111-aaac-7ced8d0bdcda,Villamora,miel,https://villamora.com,,0,https://villamora.com,ok_sin_productos
90c28f91-e157-f011-877a-6045bd92f5a8,Salengei,nutraceuticos,https://www.salengei.com,"Los más vendidos | Control del estrés | Detox | Energía y Vitalidad | Inmunidad | Músculos | Piel | Sueño y relajación | Ver todos | Homocystrol®+ TMG | 4.63 | Añadir al carrito | Cardisterol | 4.74 | Revive Celular | 4.62 | Berberina | 4.64 | Capilar Plus | 4.55 | 4.47 | Fibra Inteligente | 4.50 | Flora | Salengei | Distribución exclusiva | Packs | Piel, Cabello y Uñas | Control de Peso y Detox | Estrés y Sueño | Salud Intestinal | Huesos y articulaciones | Longevidad | Salud de la Memoria | Omega 3 | Salud Cardiovascular | Salud de la Mujer | Tests rápidos | Aceite de Krill | Aceite de pescado (SLTEX) | Aceite de pescado (VIVO MEGA™) | Ácido alfa-lipoico | Ácido hialurónico | Ácidos boswélicos | Alga Lithothamnion calcareum (Calcio) | Aloe vera | Amilasas | Aquamin™ (Calcio) | Arándano rojo | Arginina | Astaxantina | BerberinaContribuye mantener los niveles de glucosa en condiciones normales. | Pack Silueta & Detox | Memory | B-Complex | DHA | Stress Control | Procollagen Plus | Menopausia | Resveratrol",60,https://www.salengei.com | https://www.salengei.com/es/productos-salengei/ | https://www.salengei.com/es/productos/inmunidad/ | https://www.salengei.com/es/productos/funcion-intestinal/,ok
94c28f91-e157-f011-877a-6045bd92f5a8,Savino Del Bene,"especias, aromas y colorantes",https://www.savinodelbene.com,"CompañíaNuestra historiaMission, Vision & Valores125 aniversario | Nuestra historia | Mission, Vision & Valores | 125 aniversario | Carga maritima | Carga aerea | Carga terrestre | Logística Integrada | Opus 4PLUS | Despacho aduanero | Soluciones aseguradoras | Soluciones IT | Certificaciones y autorizaciones | Automotor | Bebida y alimenticia | Farmacéutico y sanitario | Lujo y moda | Maquinaria | Materias primas | Mobiliario | Piso | Proyecto de carga | Vinos y licores | SostenibilidadProtección del medio ambienteResponsabilidad socialModelo de gobernancia | Protección del medio ambiente | Responsabilidad social | Modelo de gobernancia | Trabaja con nosotrosRecorridos formativos y de crecimientoProceso de selecciónPuestos vacantesCandidatura libre | Recorridos formativos y de crecimiento | Proceso de selección | Puestos vacantes | Candidatura libre | Revista | Network | ESPITAENGESP | ITA | ENG | ESP | L’AziendaLa nostra StoriaMission, Vision & Valori125 anniversario | La nostra Storia | Mission, Vision & Valori | 125 anniversario | Spedizioni via mare | Spedizioni via aerea | Spedizioni via terra | Logistica Integrata | Servizi doganali | Soluzioni assicurative | Soluzioni informatiche | Automobilistico | Alimentare | Farmaceutico | Macchinari Industriali e Agricoli | Materie prime | Mobili e Arredamento",55,https://www.savinodelbene.com | https://www.savinodelbene.com/es/servicios/soluciones-aseguradoras/ | https://www.savinodelbene.com/es/servicios/soluciones-it/ | https://www.savinodelbene.com/es/metros-lineales-ldm-que-son-ejemplos-como-calcularlos/,ok
a65b47c0-b3c0-485d-9347-1616aae7d7a4,DOLEZALUV MED,agroquimico,https://www.dolezaluvmed.cz,"Vybíráme z nabídky | Propolisky Bonbóny s propolisem 1 ks - 3,5 g | 9,00 Kč | Vložit do košíku | Medové lízátko 10g | 20,00 Kč | Plovoucí svíčka velká | 35,00 Kč | Vánoční květina plovoucí 1 ks | 45,00 Kč | Firemní dárkový balíček na míru. | 69,00 Kč | Šiška borová menší | 75,00 Kč | Stromeček | 98,00 Kč | Dárkový poukaz na míru dle Vašich přání. Darujte...",17,https://www.dolezaluvmed.cz,ok
8a80f87e-f284-f111-ab0e-70a8a53a0b30,Poppies Bakeries,pasteleria,https://www.popiiesbakeries.com,,0,,error_home
80c54d63-3ab0-f111-aaac-7ced8d0bdcda,Villamora,miel,https://villamora.com,,0,https://villamora.com,ok_sin_productos
475b8a6a-1ce0-ec11-bb3d-000d3a43e7af,Vivatis Pharma GmbH,nutraceuticos,https://www.vivatis.de,25 years of VIVATIS Pharma. | Explore GreenIuronic® | For my individual needs. | Expertise in global Procurement. | Your partner for nutraceutical and pharmaceutical ingredients. | Excellent quality for highest demands. | We are here for you. | Quality that convinces – confirmed by numerous audits and inspections. | Check out our Scientific Blogposts & News. | Discover our exclusive offers and news. Register now and never miss anything! | Enhancing sustainability in the pharmaceutical industry. | You can count on us | VIVATIS Pharma | Our Offers | Explore More | Legal Statement | Contact Us | Certifications | Follow Us,19,https://www.vivatis.de,ok
fc501427-30db-f011-8543-7c1e52123808,DNA,panaderia,https://www.diannaturaagrifarma.com,,0,,error_home
c4bdffd2-212b-f011-8c4e-6045bd92f5a8,SEITENBACHER,carnico,https://www.seitenbacher.de,"Benutzername oder E-Mail-Adresse * | Shopsuche | Das sind die beliebtesten Seitenbacher-Müslis | Mehr Informationen Müsli Fitness Mischung #419 | Müsli Fitness Mischung #419 | Versandkosten | Mehr Informationen Müsli Knackige Mischung #479 | Müsli Knackige Mischung #479 | Mehr Informationen Dinos Frühstück #508 | Dinos Frühstück #508 | Mehr Informationen Radler Müsli | Radler Müsli | Mehr Informationen Müsli Verwöhner Mischung #721 | Müsli Verwöhner Mischung #721 | Mehr Informationen Müsli - KIRSCH FIT | Schoko Sauerkirsche (Hab Dich Lieb) | Müsli - KIRSCH FIT | Schoko Sauerkirsche (Hab Dich Lieb) | Mehr Informationen Bergsteiger Müsli | Bergsteiger Müsli | Mehr Informationen Kinder Müsli #556 | Müsli extra für Kinder | Kinder Müsli #556 | Müsli extra für Kinder | Trusted Shop | Kategorien{{ctrl.selectedCategory.tid > 0 ? 1 : ''}} | Produktfilter{{ctrl.status.filterCount > 0 ? ctrl.status.filterCount : ''}} | Filter und Kategorien zurücksetzen | Keine Produkte gefunden. | Produktfilter | {{ category.name }} | Alle | {{ sub.name }} | zurück zu Schokolade | Teilen | Facebook | Twitter | Anmelden | Registrieren | Horizontal tabs | Das Bergsteiger Sortiment wächst | Allergie-Toleranz | Produkt mit | Produkt ohne | Zutaten: | milch | NEU Mehr Informationen Protein Porridge | Erdbeere | Protein Porridge | Erdbeere | NEU Mehr Informationen Protein Porridge | Banane | Protein Porridge | Banane | NEU Mehr Informationen Bio - Weißes Trüffelöl | 100ml | Bio - Weißes Trüffelöl | 100ml | NEU Mehr Informationen Bio-Buchweizen geschält | Bio-Buchweizen geschält | NEU Mehr Informationen Protein-Riegel Matcha | Protein-Riegel Matcha | Mehr Informationen PROTEIN Patties vegan | LINSEN | glutenfrei | ideal für Airfryer | PROTEIN Patties vegan | LINSEN | glutenfrei | ideal für Airfryer | Mehr Informationen Grünkern Suppe | 500g | Grünkern Suppe | 500g | Mehr Informationen Müslischale ""Häfele to Hell"" in Geschenkbox *Äffle & Pferdle* | Müslischale ""Häfele to Hell"" in Geschenkbox *Äffle & Pferdle* | NEU Mehr Informationen TeeZeit | MORINGA Tee | 15 Pyramiden Teebeutel | TeeZeit | MORINGA Tee | 15 Pyramiden Teebeutel",60,https://www.seitenbacher.de | https://www.seitenbacher.de/shop | https://www.seitenbacher.de/shop/naschen/schokolade/bergsteiger-schokolade | https://www.seitenbacher.de/shop/m%C3%BCsli-cerealien-flocken/m%C3%BCsli/m%C3%BCsli-fitness-mischung-419,ok
776cad97-d9dc-40ba-baa5-584de334c080,Dr. Schär,ecologico,https://www.drschaer.com/en,We improve the lives of people with special nutritional needs | Our brands | Schär | Flavis | Kanso | Proud of our brands | Discover more about us | What guides us | What makes us stand out | Our energy,10,https://www.drschaer.com/en | https://www.drschaer.com/en/our-brands/our-portfolio,ok
1b18d741-46f1-4331-95cc-6ecf3acb87da,GEO NATURAL -TAPLI,nan,https://www.geonatural.ge,,0,https://www.geonatural.ge,ok_sin_productos
39bea86b-b7a8-ef11-b8e9-000d3aaab1fa,Carlier,bolleria,https://www.fudex.com,La nostra offerta | Foglie di cereali e legumi | Snack ripieni | Snack salati | Baby food | Barrette pressate a freddo | Scopri tutti i prodotti,7,https://www.fudex.com,ok
a280f87e-f284-f111-ab0e-70a8a53a0b30,HELADOS GRANADA,helados,https://www.heladosgranada.com,Helados artesanos en Granada | Granizados y Frappés en Granada | Tartas artesanales en Granada | Sorbetes y postres en Granada | Monta tu propia heladería | Proceso de fabricación | Visita nuestra fábrica | Productos destacados | Helado de Café | Granizado de Fresa | Tarta de Queso | Helado de Pistacho | Granizado de Limón | Tarta de Turrón de Jijona | Wishking Casino Review: Sichere und legale Möglichkeiten für Online-Casino spielen in Deutschland | ¿Tienes alguna pregunta?,16,https://www.heladosgranada.com,ok
0c511427-30db-f011-8543-7c1e52123808,Kymuba,nutraceuticos,https://www.kymuba.com,,0,https://www.kymuba.com,ok_sin_productos
23bea86b-b7a8-ef11-b8e9-000d3aaab1fa,Haitoglou family foods,golosinas,https://www.haitoglou.gr,ιδέα σχεδιασμός προεκτύπωση εκτύπωση ετικετών,1,https://www.haitoglou.gr,ok
14beb256-c7fe-ed11-8f6e-000d3aaab965,Valeo Snackfoods Valeo Snackfoods,golosinas,https://www.valeosnacks.com,,0,,error_home
82c28f91-e157-f011-877a-6045bd92f5a8,Montefarmaco,miel,https://www.montefarmaco.com,,0,https://www.montefarmaco.com,ok_sin_productos
02beb256-c7fe-ed11-8f6e-000d3aaab965,Broderick's Broderick's,bolleria,https://broderickbrothers.shop,3 For €30 On Large Pouches! | Country/region | Austria EUR € | Belgium EUR € | Bulgaria EUR € | Canada CAD $ | Croatia EUR € | Denmark DKK kr. | France EUR € | Germany EUR € | Ireland EUR € | Italy EUR € | Luxembourg EUR € | Netherlands EUR € | Portugal EUR € | Spain EUR € | Sweden SEK kr | Switzerland CHF CHF | United Kingdom GBP £ | Home | Shop All | Gifting | Blog & Updates | About Brodericks | Log in | Facebook | Instagram | TikTok | Welcome To Broderick's! | Shop Bars | Shop Sharing | Shop Gifting | Shop Gluten Free | Shop Protein | MEET | The Broderick Family | Learn More About Brodericks | Shop | About | Contact | The Littly Bits & Bobs... | Contact Us | Work At Brodericks | Sell Brodericks | Want Us To Make Your Stock? | Terms Of Service | Refund Policy | Broderick's | Powered by Shopify | Shop By Collection | Special Offers | Bars | Made for Sharing | Gluten Free | Protein Range | Filter and sort | Filter | Clear | Remove all | Sort by:,60,https://broderickbrothers.shop | https://broderickbrothers.shop/collections/pouches | https://broderickbrothers.shop/collections/all | https://broderickbrothers.shop/collections/bars,ok
5253e8d8-be85-496f-853e-ebfb1262ee5e,Nanta,nutraceuticos,https://www.nanta.es/es-es,Quienes somos | ¿Quieres recibir los informes de mercado 2026 en tu correo? | Calidad en Nanta | Qué proponemos | Alimentamos crecimiento | Nutrición sostenible | Nanta Trust | Últimas noticias | II Premio Cátedra Nanta Ganadería de Precisión | Nanta reduce un 98% el uso de antibióticos en pienso medicado para ovino y caprino | Nanta y la Universidad de Zaragoza lanzan un premio pionero para jóvenes sobre nutrición animal | Nuestro compromiso | Blog de Camper | Llega la muda: cómo cuidar el plumaje de tus gallinas en otoño | Primeros Días del Pollito: Claves para un Arranque de Pollitos Óptimo | ¿Cuántos días pueden quedarse solas tus gallinas? | Consulta a un experto | ¿Qué es? | DAP Corderos | DAP Terneros | Cálculos de huella | Avance hacia las tendencias | Método para dar valor | Consultoría granja circular,24,https://www.nanta.es/es-es | https://www.nanta.es/es-es/particulares/gama-camper/ | https://www.nanta.es/es-es/granja-circular/Productos-DAP/,ok
a4c54d63-3ab0-f111-aaac-7ced8d0bdcda,Mundo Miel,miel,https://mundomiel.ch (instagram),,0,,error_home
94ac38d3-164d-47e3-8138-471d1f263fdc,ANEL - Apiculture Equipment,miel,https://www.anel.gr/fr,,0,,error_home
45dab9bc-ea79-495f-9dbf-7d913786aefc,IPARLAT,"lacteos, yogures y postres lacteos",https://www.iparlat.com,Iparlat | Marcas | Sostenibilidad | Leche Básica | Leche fresca | Leche sin lactosa | Leches funcionales | Batidos | Natas | Natural | Sabores | Bio | Baristas,13,https://www.iparlat.com | https://www.iparlat.com/productos/lacteos/ | https://www.iparlat.com/productos/bebidas-vegetales/,ok
455b8a6a-1ce0-ec11-bb3d-000d3a43e7af,Pharmachem P. Ltd.,agroquimico,https://www.sapharmachem.com,Pharma Excipients | Food Ingredients & Additives | Active Nutraceuticals | Animal Nutrition | Textiles | We Touch Every Aspect of Your Life Almost… | About Us | Segments | Corporate Activities | Innomin | Innocal | Innosweet,12,https://www.sapharmachem.com | https://www.sapharmachem.com/products/innomin/ | https://www.sapharmachem.com/products/innocal/ | https://www.sapharmachem.com/products/innosweet/,ok
8080f87e-f284-f111-ab0e-70a8a53a0b30,Felfoldi,pasteleria,https://www.felfoldi.hu,Termékeink – Kóstolja meg | Mert a minőség számít | Felföldi innovatív termékeket kínál & boldogságot árul | Sajtó szoba - Ne hagyj ki semmit | Szirup | Megtekintem | Koktél,7,https://www.felfoldi.hu | https://www.felfoldi.hu/termekek/innovative-products,ok
98c28f91-e157-f011-877a-6045bd92f5a8,Rener,zumos y nectares,https://www.rener.gr,,0,,error_home
d1820414-003e-4ae7-b853-c57330de0336,HELADOS LIC,helados,https://heladoslic.es,Sabor Navideño | LollyPops | Para estas fiestas | Nuestros helados | Calidad y servicio desde siempre | Contacta con nosotros | Selección especial 850mlGuirlache | Productos relacionados | Selección especial 850mlYogur con Salsa de Frutas del Bosque | Selección especial 850mlRon con pasas | Selección especial 850mlSandía | Pack 8 LollyPop | Helados Lic | Alimentacion | Sorbetes y cremas | Restauración | Helados especiales | Conócenos | El obrador de Lic | Distribución | Contacto | DATOS DE CONTACTO | Dirección | Teléfono | Mail | heladoslic@heladoslic.com | Departamento Comercial | jluis@heladoslic.com | Departamento de Calidad | calidad@heladoslic.com | Catinred | Política de privacidad | Aviso Legal | Aviso de cookies | Política de Calidad | Más información sobre cookies | Selección especial 850mlTurrón | Selección especial 850mlStracciatella | Selección especial 850mlMelocotón con vino,39,https://heladoslic.es | https://heladoslic.es/productos/tub-seleccion-especial-guirlache/ | https://heladoslic.es/productos/pack-8-lollypop/ | https://heladoslic.es/productos/seleccion-especial-850mlturron/,ok
91a46b26-5a9b-ef11-8a6b-000d3aaab965,Groix & Nature,bolleria,https://www.groixetnature.fr,,0,,error_home
a4c28f91-e157-f011-877a-6045bd92f5a8,Vica,"especias, aromas y colorantes",https://www.vica.co.id,News | Did you know | New Findings | About Us | Contact Us | Careers | Indonesia,7,https://www.vica.co.id | https://www.vica.co.id/products/category?lang=en | https://www.vica.co.id/solutions?lang=en | https://www.vica.co.id/solutions/beauty-skin-health?lang=en,ok
50beb256-c7fe-ed11-8f6e-000d3aaab965,"Chocolate Organiko, S.L",chocolate,https://chocolateorganiko.com,"Ecuador - Dark Chocolate 75% Cocoa | Peru - Dark-Milk 50% cocoa with caramel | Creamy Pistachio | Almond Cream | Añadir al carrito | Chocolate 100% Cacao | Chocolate blanco 30% manteca cacao con Té Matcha | Chocolate con leche 36% cacao con miel | Chocolate negro 56% cacao con Lima | Chocolate negro 70% cacao | Chocolate negro 70% cacao con Flor de Sal de Ibiza | Masala – Chocolate con leche 36% cacao | Cremoso de Almendras | Cremoso de Avellanas | Cremoso de Pistacho | Ecuador – Chocolate Negro 75% Cacao | Madagascar – Chocolate negro 65% cacao | Pack Regalo Single Origin 6 Tabletas | Perú – Chocolate negro 65% cacao | Perú – Dark-Milk 50% cacao con caramel | República Dominicana – Chocolate negro 70% cacao | Aceite de Oliva Virgen Extra | Chilli, Vainilla y Canela | Chocolate Negro 95% Cacao | Flor de Sal de Ibiza | Limón y Canela | Menta | Miel y Almendras | Naranja y Cardamomo",29,https://chocolateorganiko.com | https://chocolateorganiko.com/categoria-producto/tabletas-20-g/ | https://chocolateorganiko.com/categoria-producto/biodiversidad-50-g/ | https://chocolateorganiko.com/categoria-producto/tabletas-70-g/,ok
415b8a6a-1ce0-ec11-bb3d-000d3a43e7af,Pharmeko,zumos y nectares,https://www.pharmeko-group.com,Acerola | Rosehip | Rowanberry | Strawberry | Frozen Berries | Raw material | Herbs | Juice NFC | Juice Concentrate | Puree | Powder | Extract,12,https://www.pharmeko-group.com,ok
00511427-30db-f011-8543-7c1e52123808,LNK,"lacteos, yogures y postres lacteos",https://lautan-natural-krimerindo.com,"Explore Industry Insights | Staying Healthy Goes Beyond Diet: LNK Encourages Employees to Stay Active | Healthy Is the New “Flex”, FiberCreme Invites Indonesians to Get Active with the FiberCreme Tennis Cup 2026 | Industrial Engineering UNS Students Explore Industry Practices Through Visit to LNK | The Brands | Lautan Krimer | Lautan Naturale | FiberCreme | Lautan Premix | Lautan Dairy | Wellington Pro | Best QualityNon Dairy Creamers | 10 kg | 25 kg | 500 kg | 12 – 24 Months | Non Dairy Creamer | Features | Applications | Variants | 1. Creamer | 2. Foaming Creamer | 3. Fat Powder | Speciality Creamers | 1. Low Sugar Creamer | 2. Acid Stable Creamer | Industrial Packaging | Application Suggestion",26,https://lautan-natural-krimerindo.com | https://lautan-natural-krimerindo.com/products/ | https://lautan-natural-krimerindo.com/product/ | https://lautan-natural-krimerindo.com/product/lautan-krimer/,ok
6fc49a9f-3f7e-ee11-8179-000d3aaab965,Vamvalis Foods S.A.,piensos ganaderia,https://www.vamvalis.gr,,0,,error_home
86c28f91-e157-f011-877a-6045bd92f5a8,Laerbium,galleteros,https://www.assistenza@laerbium.com,"Laerbium Logo | Laerbium Pharma | Azienda | Cosa Facciamo | La fitoterapia | La qualità secondo Laerbium | Contatti | Prodotti | Il tuo benessere | News | Approfondimenti | Fiere | Congressi ed eventi | inForma | Apparato Urinario | Apparato gastro intestinale | Circolazione Venosa | Difese immunitarie | Vitaminici | Benessere mentale | Stagionale | Cardiovascolare | Osteo Articolare | Lo stress ti indebolisce fisicamente e mentalmente? | Scopri di più | Fosforestart | In primo piano | Tutti i prodotti | Artrix® | Betametil® 1000 | Cianofolin® | Cianofolin ® FAST | Autcol Plus® | Nutriprost® One | Simbiflor® Plus | Entermint® | Gasnorm® Plus | Venotonic® Criogel | Venotonic ® MONO | Tutte le news | DNA Barcoding: dalla certezza di specie all’efficacia attesa | ENOTprost: nuove evidenze scientifiche per la gestione dei disturbi della prostata | Quatrefolic® l’acido folico di 4a generazione | Proprietà salutistiche del Rusco | Iscriviti alla Newsletter! | Resta aggiornato su tutte le novità, i prodotti e le promozioni esclusive di Laerbium Pharma. | La qualità secondo noi | UTILITÀ | Accesso / Registrazione | Carrello | Privacy Policy | Fosforestart® | Neuroconfort® | Fluirex ® Bustine | Depurlax® | Condronutrienti | Fluirex® | Cianofolin FeRRO | Gasnorm® Eco | eubiosi",60,https://www.assistenza@laerbium.com | https://www.assistenza@laerbium.com/collections/tutti-i-prodotti | https://www.assistenza@laerbium.com/collections/apparato-urinario | https://www.assistenza@laerbium.com/collections/apparato-gastro-intestinale,ok
2beb3558-d352-f111-bec6-000d3abe319d,LABOMAR S.P.A.,nutraceuticos,https://labomar.com/en,"Send a message | Request Product Sheet | Reserved area | Innovation, safety, and vision in the creation of nutraceuticals with high scientific value. | Vitafoods Asia 2026 • Bangkok | Labomar Group: revenues grow in 2025 to euro 135 million (+34%) | Labomar Group introduces CLT 25 – ChoLnexT™ 25 | Labomar Group at Vitafoods Europe 2026 | Labomar Group 2025 Sustainability Report | WHX 2026 • Dubai | Home | Labomar Portfolio | Find out More | Contact Us",14,https://labomar.com/en | https://labomar.com/en/our-products/,ok
84c28f91-e157-f011-877a-6045bd92f5a8,Ckfood,"especias, aromas y colorantes",https://www.ckfood.it,RICERCA E SVILUPPO | PRODUZIONE | GAMMA,3,https://www.ckfood.it,ok
1d5b8a6a-1ce0-ec11-bb3d-000d3a43e7af,Alphalink,nan,http://www.alpha-link.co.jp,NEWS | Clovinol(クロビノール) | クローブエキスパウダー | Aspurus（シャタバリエキスパウダー） | シャタバリエキスパウダー | Zeal CoQ10 | Vitamin C Zeal 65% | Vitamin C Zeal 65%(リポソーム型ビタミンC) | TigerPro（タイガーミルクマッシュルーム） | タイガーミルクマッシュルーム,10,http://www.alpha-link.co.jp | http://www.alpha-link.co.jp/products/featured,ok
255b8a6a-1ce0-ec11-bb3d-000d3a43e7af,Nestlé,chocolate,https://www.nestle.com,"Nestlé publishes aide-mémoire ahead of 2026 nine-month sales | Nestlé appoints Manuela Bernasconi as Group General Counsel; Leanne Geale to retire at year end | Update on Nestlé’s operations in Russia | Explore our brand portfolio | View all brands | Read more | Plant-based products from brands you know (or soon will) | A selection of our products | Milo | Garden Gourmet VUNA | Garden Gourmet Sensational Burger | Coffee-Mate Natural Bliss Oat Milk | Starbucks At Home Non-Dairy Creamer | Thomy Vegan Mayonaise | Change location | Global | Africa & Middle East | Americas | Asia & Oceania | Europe | Main navigation | Header persistent submenu | Secondary menu | Proportion of sales by Health Star Rating (HSR) score1,2 | Reporting nutritional values at country level | UK government nutrient profiling model | Downloads | Creating Shared Value at Nestlé 2025: Our impact | Non-Financial Statement 2025 | More in Nutrition | Mini Footer | Nestlé news | Compliance concerns | Contact us | Nestlé | Useful Links | Company | Other Nestlé Businesses | Media | Investors | SHARE INFORMATION | Follow us on | Sub Footer Menu | Other categories",44,https://www.nestle.com | https://www.nestle.com/brands/plant-based-portfolio | https://www.nestle.com/nutrition/portfolio-transparency | https://www.nestle.com/ask-nestle/products-brands,ok
175e2fa5-f637-4a20-8bc3-47848370c79c,Mousaffa,piensos ganaderia,https://www.Mousaffa.com,,0,https://www.Mousaffa.com,ok_sin_productos
8ac28f91-e157-f011-877a-6045bd92f5a8,Sternlife,"especias, aromas y colorantes",https://www.sternlife.de,Innovative Produktkonzepte für Ihre Marke | Was können wir für Sie tun? | Rechtliches | Karriere | Stern-Wywiol-Gruppe | Ausbildung | Ausbildungs- und Stellenanangebote | Social Media | LinkedIn | Facebook | Ausbildungs- und Stellenangebote,11,https://www.sternlife.de,ok
04beb256-c7fe-ed11-8f6e-000d3aaab965,Van Vliet,golosinas,https://www.van-vliet.com/en,Alphen aan den Rijn | Winschoten | Sales Netherlands | General | Visit/office location | Production locations,6,https://www.van-vliet.com/en,ok
315b8a6a-1ce0-ec11-bb3d-000d3a43e7af,nako naturals GmbH,nutraceuticos,https://www.nakonaturals.com,"Sourcing with a Conscience | Importance of Transparency | Empowering Communities | Sensory & Beauty | Health & Wellness Solutions | Sustainability | Our assortment of product categories | Plant Extracts | Essential Oils | Natural Isolates | Environmental Stewardship | Social Responsibility | Ethical Integrity | Innovation and Excellence | What we do | Our company aim | What we also do: COMMIT | Our Expertise in Natural Isolates | New fractional distillation factory in construction. Opening and start of operation scheduled for early 2025. | Certifications & Membershipts | Join our natural journey and register for our natural newsletter | Vielen Dank für Ihr Feedback | Protecting your privacy is our priority. | Sensory & Aesthetic Solutions | Fragrance | Absolutes | Flavors | Oleoresin | CO2 Extracts | Organic | Conventional | Powders | Vegan Amino Acids | nako brands | Sort By Sort By: Name (A-Z) | Featured | Newest Arrivals | Name (A-Z) | Price - Low to High | Price - High to Low | Acai Berry Extract 4:1 | Acerola Extract | Acerola Extract 17% Vitamin C | Alchemilla vulgaris Extract 5:1 | Aloe Vera Extract 200:1 | Alpha Phellandrene, nat. ex Turmeric Oil | Ambrette Seed Oil | Amla Extract | Amyris Oil | Ashwagandha Extract | Bamboo Extract 75% | Banaba Leaf Extract | Basil Oil | Bilberry Extract 10:1 | Black Maca Extract 20:1 | Black Pepper Extract | Products | Citral ex Lemongrass | Citronellal Ex Citriodora | Citronellol Ex Citriodora oil",60,https://www.nakonaturals.com | https://www.nakonaturals.com/shop/wishlist | https://www.nakonaturals.com/catalogue | https://www.nakonaturals.com/shop/category/sensory-aesthetic-solutions-fragrance-natural-isolates-2,ok
dc3e1274-0c06-ef11-9f89-6045bd92bc7a,Nairn's LTD,nutraceuticos,https://www.nairns-oatcakes.com,"First name | Oatcakes | Biscuits | Flatbreads & Crackers | Cereals | Snacks | Marmite® & Cheese Oatcakes | Rough Oatcakes | Fine Milled Oatcakes | Organic Scottish Oatcakes | Cheese Oatcakes | Organic Super Seeded Oatcakes | Mini Oatcakes | Fruit & Seed Oatcakes | Original Oatcakes Gluten free | Super Seeded Oatcakes Gluten free | Cheese Oatcakes Gluten free | Chocolate Orange Oat Biscuits | Salted Caramel Oat Biscuits | Coconut & Chia Oat Biscuits | Dark Chocolate Chip Oat Biscuits | Stem Ginger Oat Biscuits | Mixed Berries Oat Biscuits | Stem Ginger Oat Biscuit Breaks Gluten free | Chocolate Chip Oat Biscuit Breaks Gluten free | Syrup Oat Biscuit Breaks Gluten free | Fruit Oat Biscuit Breaks Gluten free | Blueberry & Raspberry Chunky Oat Biscuit Breaks Gluten free | Dark Chocolate & Coconut Chunky Oat Biscuit Breaks Gluten free | Oaties Original Gluten free | Caramelised Biscuit Moments Gluten free | Original Flatbreads Gluten free | Rosemary & Sea Salt Flatbreads Gluten free | Caramelised Onion Flatbreads Gluten free | Original Wholegrain Crackers Gluten free | Cracked Black Pepper Wholegrain Crackers Gluten free | Super Seeded Wholegrain Crackers Gluten free | Scottish Porridge Oats Gluten free | Fruit & Seed Oat Muesli Gluten free | Honey Crunchy Oat Bars Gluten free | Belgian Chocolate Chunk Crunchy Oat Bars Gluten free | Raisin, Apple & Cinnamon Crunchy Oat Bars Gluten free | SNAKS Gluten free | Discover more | Scottish Porridge Oats | Syrup Oat Biscuit Breaks | Fruit Oat Biscuit Breaks | Chocolate Chip Oat Biscuit Breaks | Stem Ginger Oat Biscuit Breaks | GF wholegrain crackers | Gluten Free Original Oatcakes | Featured products | Mini Cheese Bakes Gluten free | Sourdough Flatbreads Gluten free | Choc Chip Oaties Gluten free | Product range | Mini Bakes | Oat Biscuits | Flatbreads | Crunchy Oat Bars",60,https://www.nairns-oatcakes.com | https://www.nairns-oatcakes.com/our-range | https://www.nairns-oatcakes.com/our-range/mini-bakes/gluten-free-mini-choc-chip-bakes | https://www.nairns-oatcakes.com/our-range/caramelised-biscuit-moments,ok
5b5b8a6a-1ce0-ec11-bb3d-000d3a43e7af,Kaminds Nutrichem Private Limited,nutraceuticos,https://www.kaminds.com,,0,https://www.kaminds.com,ok_sin_productos
9a3351a2-61f5-40ae-b297-b5089c91532e,PARADISE HONEY LTD,miel,https://www.paradisehoney.fi,EPS BEEBOX BEEHIVES | EXTRACTING LINES | UNCAPPING EQUIPMENT | WAX PRESS SYSTEMS | HONEY ROCKETS | CENTRIFUGE SYSTEMS | MOBILE EXTRACTING | OTHER EQUIPMENT | NEW PRODUCTS | PRODUCTS,10,https://www.paradisehoney.fi,ok
89fa791b-8cb1-ef11-b8e9-000d3aaab59f,Absolute,agroquimico,https://www.absolute.ag,,0,,error_home
599cf976-adea-ee11-a203-000d3aaab59f,CYRIELLE,"lacteos, yogures y postres lacteos",https://www.itsnutriscience.com,,0,,error_home
97d7cfdd-b49d-ee11-be37-000d3aaab965,PHODE,nan,https://www.phode.com,"Menu | Quel secteur d’activité vous intéresse ? | Expertises scientifiques | et savoir-faire industriels | Phodé en bref | Science | & Innovation | Partenariats | et collaborations scientifiques | Découvrez nos dernières actualités | Phodé franchit un nouveau cap | Antioxydants : les alternatives naturelles, levier essentiel pour la nutrition animale et humaine | Une démarche scientifique multidisciplinaire | Preuves comportementales : l’effet anxiolytique chez la souris | Preuves cérébrale : Modulation de la vigilance chez le porc | Preuves moléculaires : L’activation du récepteur de la sérotonine (5-HT1AR) dans l’hippocampe | Pour partager cet article : | Catégories | Actus | R&D",20,https://www.phode.com | https://www.phode.com/gestion-stress-ingredient-sensoriel/,ok
79fa791b-8cb1-ef11-b8e9-000d3aaab59f,Dulceplus,nan,https://Dulceplus | Haciendo tu vida más dulce,,0,,error_home
4cf2aec0-35a5-4ef0-a6c2-15e5248db30f,IMPERVET LTD,miel,https://futkara.ge/en,"F93290 | 17303 | 17315 | 17325 | 17353 | 17340 | 11422 | 11416 | 12208 | 12123 | M93240 - 4-ჩარჩოიანი, დიაგონალური, უჟანგავი (AISI 430) | M93236PB - 4 ჩარჩოიანი, კასეტური, უჟანგავი (AISI 430) | აქსესუარები | თაფლის საწური | მსხვილი ინვენტარი | საბოლებელი | სკა და აქსესუარები | ტანსაცმელი | ფიჭის ასათლელი | წვრილი ინვენტარი | 151580 | ბიო ხაზი, მკურნალობა/მოვლა/კვება 3536 – ვაროა ტესტერი Highlights: ვაროა ტესტერი | 3536 – ვაროა ტესტერი | BH-79 – ვაროა ტესტერი | FFP3 – რესპირატორი | Hive Clean | M-2 – სუბლიმატორი, 12 ვ | M-3 – ვარომორი | M-4 – სუბლიმატორი | M-5 – სუბლიმატორი, 220 ვ | P0001 – ეკოსტოპი, N6 | P0004 – ნოზესტატი 100მლ | 3008 | M93228P – 3 ჩარჩოიანი, კასეტური, უჟანგავი (AISI 304) | M93233 – 4-ჩარჩოიანი, დიაგონალური, უჟანგავი (AISI 304) | M93235P – 3 ჩარჩოიანი, კასეტური, უჟანგავი (AISI 430) | M93236PB – 4 ჩარჩოიანი, კასეტური, უჟანგავი (AISI 430) | M93239P – 3 ჩარჩოიანი, დიაგონალური, უჟანგავი (AISI 430) | M93240 – 4-ჩარჩოიანი, დიაგონალური, უჟანგავი (AISI 430) | M93256 – რადიალური, 27/54 ჩარჩო,უჟანგავი (AISI 430) | M93259 – 6 ჩარჩოიანი, სინქრონულ მბრუნავი კასეტებით, უჟანგავი (AISI 304) | M93297 – რადიალური, 20/40 ჩარჩო, უჟანგავი (AISI 304) | М93258 – 4 ჩარჩოიანი, სინქრონულ მბრუნავი კასეტებთ, უჟანგავი (AISI304) | M93236P – 4 ჩარჩოიანი, კასეტური, უჟანგავი (AISI 430) | M93248 – რადიალური, 18/36 ჩარჩო, უჟანგავი (AISI 304)",45,https://futkara.ge/en | https://futkara.ge/product-category/bio/ | https://futkara.ge/en/product-category/mskhvili-inventari-en/ | https://futkara.ge/en/product-category/thaphlis-satsuri-en/,ok
9bcd37d1-184f-42a5-b50e-6144a9bf93b0,NATIONAL BEE SUPPLIES,piensos ganaderia,https://www.beekeeping.co.uk,"Login / Signup | Catalogue | NBSPoty | Vouchers | Contact Us | Books and Seeds | info@beekeeping.co.uk | Facebook | Instagram | YouTube | Hives & Bees | Starter Kits | BBKA Starter Kit | Frames & Foundation | Frames | Foundation | New Sterilised Wax | Clothing & Tools | Feed & Health | Feeds & Feeders | Treatments | Beekeeping Guide | Harvesting | Uncapping Equipment | Honey Extraction | Honey, Jars & Labels | Honey Strainers | Gifts | Bee On It | Bee In It | Bee Informed | Bee Wild | Sale | Hive Parts & Wax | Welcome to National Bee Supplies | Starter KitsShop Now | Quality BeehivesShop Now | Frames and FoundationShop Now | Beekeeping ClothingShop Now | Honey HarvestingShop Now | BBKA Gift ShopShop Now | Collections | All Products | Beekeeping Starter Kits | Bee Hives & Hive Parts | All Beekeeping Clothing | Bee Hive Tools | Extraction Extravaganza | SHOP HERE | 9 Frame Electric Stainless Steel Extractor - Radial | 6 Frame Electric Stainless Steel Extractor - Tangential | Uncapping Roller with Steam Generator & Uncapping Table | 2-in-1 Uncapping Tray and Solar Wax Melter | Honey Bottler with Build In Scale | 4 Frame Extractor with Filter & Tank Including 4 Free Essentials | Four Frame Stainless Steel Extractor Integral Filter Bottling Tank And Side Handle | Extraction Starter Kit Bundle | 6 Frame Manual Stainless Steel Extractor | Four Frame Stainless Steel Extractor With Side Handle And Legs | Four Frame Stainless Steel Extractor With Side Handle",60,https://www.beekeeping.co.uk | https://www.beekeeping.co.uk/products/gift-voucher | https://www.beekeeping.co.uk/collections/books-and-seeds | https://www.beekeeping.co.uk/collections/beekeeping-starter-kits,ok
a9a46b26-5a9b-ef11-8a6b-000d3aaab965,Laboratoria Natury,"lacteos, yogures y postres lacteos",https://www.laboratorianatury.pl,"Discovery | Development | Validation | Launch | Worldwide Expertise | Introducing Fizzence™: Fizzy Supplement Innovation from Ourvita | Ourvita at SupplySide Global 2026, Booth #5824 | Key Longevity Product Opportunities: The Three Convergences Brands Can’t Ignore",8,https://www.laboratorianatury.pl,ok
d6bdffd2-212b-f011-8c4e-6045bd92f5a8,NATRA,galleteros,https://www.natra.com,"Products | Consumer products | Ingredients | Better For You | If it’s made by Natra,it’s made of chocolate. | Just one passion: chocolate | Five pillars to sustain your commitments | Privacy Preference Center | Skontaktuj się z nami | Contacteer ons | Nous contacter | Escríbenos | Contact Us | Kontakt",14,https://www.natra.com,ok
335b8a6a-1ce0-ec11-bb3d-000d3a43e7af,Ck Food srl,galleteros,https://ckfood.it,RICERCA E SVILUPPO | PRODUZIONE | GAMMA,3,https://ckfood.it,ok
e324c41c-1f36-4a78-96db-6e76a04e0fa5,Dofreeze LLC,galleteros,https://dofreeze.com,,0,https://dofreeze.com,ok_sin_productos
11eb3558-d352-f111-bec6-000d3abe319d,Eggnovo,nutraceuticos,https://eggnovo.com/es,CÁSCARA DE HUEVO | INGREDIENTES DE ALTO VALOR | Contáctanos | © All rights reserved | © Todos los derechos reservados,5,https://eggnovo.com/es,ok
2ebff48d-b72f-426b-b784-96619fa8e780,DULCES ANAHUAC,golosinas,https://www.dulcesanahuac.com,Nuestros dulces saben a méxico | Orgullosamente mexicanos | Bienvenido a dulces anahuac | Chipileta | Limón 7 | Limón 7 Saludable | Tokitos | Burbusoda | Jugos Sabo y Kuikas | Selz Soda y Bocati | The Long One y Chicotazos | Surtidos | Socios comerciales | Desde Pymes hasta centros de autoservicio | Distribución | Estamos siempre cerca de ti | ACERCA | Una historia de mucho futuro | Venta en línea | Comprar en | Selecciona tu tienda favorita | CONTACTO | Queremos atenderte bien | Chipileta Like | CLAVE | GRAMAJE | PRESENTACIÓN | Declaración nutrimental | Botellita Chipileta Chamoy | Chipileta naranja,30,https://www.dulcesanahuac.com | https://www.dulcesanahuac.com/productos/chipileta-like | https://www.dulcesanahuac.com/productos/botellita-chipileta-chamoy-2 | https://www.dulcesanahuac.com/productos/chipileta-naranja,ok
549cf976-adea-ee11-a203-000d3aaab59f,ANDROS Confiserie,mermeladas y confituras,https://www.beotanics.com,Rediscovering the value of natural ingredients. | Natural Food & Beverage Solutions | Our Flagship Crops | How we can help | Latest News & Insights | Get started | Partner with Beotanics. | Trusted by leading research institutions and industry partners | Key Benefits | Nutritional Highlights | Why Beotanics? | More Crops | Wasabi | Purple Sweet Potato,14,https://www.beotanics.com | https://www.beotanics.com/ingredients | https://www.beotanics.com/our-crops/orange-sweet-potato,ok
78eb3558-d352-f111-bec6-000d3abe319d,Reviva Life Ltd,nan,https://NO EXISTE PÁG. WEB,,0,,error_home
f33e1274-0c06-ef11-9f89-6045bd92bc7a,"Ekofrukt Slany, spol. S.r.o",ecologico,https://www.natapura.com,"NATA | LOVE | AT FIRST BITE | Three centuries of taste | One bold new vision | Tradition and innovation combined! | Features beyond the flavours | Tell us where you are and we’ll tell you where to buy our pastéis de nata | WORLD | Follow for more | Fresh and Sweet News | Nata Pura is more than just a pastry brand, it’s a movement. | Curious minds deserve a sweet break",13,https://www.natapura.com,ok
7880f87e-f284-f111-ab0e-70a8a53a0b30,Pura Drinks,vino y derivados del vino,https://puradrinks.pt,,0,https://puradrinks.pt,ok_sin_productos
7ec28f91-e157-f011-877a-6045bd92f5a8,Bifido,nutraceuticos,https://www.bifido.com,BIFIDOBACTERIUM BIFIDUM Immune modulating strain with high adhesion activity | BIFIDOBACTERIUM BIFIDUM | BIFIDOBACTERIUM LONGUM Global patented strain with inhibition of pathogen for infants. | BIFIDOBACTERIUM LONGUM | BIFIDOBACTERIUM LACTIS Clinical studied strain for reducing IBS and Eczema | BIFIDOBACTERIUM LACTIS,6,https://www.bifido.com | https://www.bifido.com/pipeline.php,ok
1a511427-30db-f011-8543-7c1e52123808,Luxlait,miel,https://www.luxlait.lu,"Skyr | Egg nog 200ml | Greek-style yoghurt cherry | Join the world of dairy excellence! | Our recipes | Recipe idea | OUR PRODUCTS | MILKS AND DAIRY DRINKS | Yaourts du Luxembourg | CREAMS | Our new products | Search | FERMENTED MILKS | BUTTERS | FRESH CHEESES | CHEESES | DAIRY DESSERTS | ICE CREAM | BISCUITS | Plant-based drinks | UHT Chocolate milk | Got a sweet tooth? | Fresh milk | Freshness and quality | UHT milk Long-life The advantage of UHT milk is that it has a longer shelf life. | UHT milk | Long-life | Lactose-free milk Lactose-free milk from Luxembourg! With 100% Luxembourg milk | Lactose-free milk | Lactose-free milk from Luxembourg! | Organic Milk Purely organic milk Available in two versions | Organic Milk | Purely organic milk | Fresh Chocolate Milk | Shakers For a relaxing break A range of 10 deliciously flavored shakers. | Shakers | For a relaxing break | Egg Nog Based on an American recipe Egg nog is a Luxlait tradition! | Egg Nog | Fermented milk | Fermented milk has a beneficial effect on health | Lassi Traditional beverage Mango Lassi, born of Indian and Pakistani culinary traditions | Lassi | Traditional beverage | Laben Beldi A staple of the Morrocan terroir Traditional recipe | Laben Beldi | A staple of the Morrocan terroir | Raïb | A traditional recipe | Raïbi Fermented, flavoured drink With delicious pomegranate, pistachio or mango flavour. | Raïbi | Fermented, flavoured drink | Kefir | Kefir is a drink based on fermented milk",54,https://www.luxlait.lu | https://www.luxlait.lu/en/our-products/ | https://www.luxlait.lu/en/product_category/milk-and-dairy-drinks/ | https://www.luxlait.lu/en/product_category/fermented-milks/,ok
61c49a9f-3f7e-ee11-8179-000d3aaab965,ELITE GREEN PRIVATE LIMITED,nan,https://www.ncc.ie,"NCC’s Science Based Targets Initiative (SBTi) Commitment Has Been Approved | NCC Managing Director, Alan Looney to Join Industry Panel on Talent at BioPharmaChem Ireland Event | NCC Named One of Ireland’s Best Managed Companies – Twelfth Year Running | View our extensive portfolio of products below. | extensive portfolio | Search for products | if you cannot find a product in the list we’d be pleased to assist in sourcing it for you | Find out more about NCC’s market solutions below. | Pharmaceutical | Biopharmaceuticals | Medical Polymer | Food Ingredients | Industrial | Agricultural | Cleaning | Construction & Mining | Water Treatment | Pharmaceutical Solutions | Your partner in the development and production of pharmaceuticals | Product strengths and REACH registered chemicals | Product Offering | Our services | Untitled | Get in touch",24,https://www.ncc.ie | https://www.ncc.ie/products-list/ | https://www.ncc.ie/market-solutions/ | https://www.ncc.ie/market-solutions/pharmaceutical-solutions/,ok
a320235d-fbdf-f011-8544-7ced8d0c5f55,ABC NUTRITIONALS,suplementos deportivos,https://www.agilelink.com,,0,https://www.agilelink.com,ok_sin_productos
2d5b8a6a-1ce0-ec11-bb3d-000d3a43e7af,Unifarco,medicamentos,https://www.unifarco.it,"Salute e bellezza, per tutti | Il nostro percorso, una storia unica | Siamo la casa di oltre 6.800 farmacie europee | We care for science | La nostra filosofia formulativa | I laboratori: dove la ricerca ha inizio | I nostri brevetti | La nostra rete scientifica | Formare per crescere | La storia della farmacia | La cultura del benessere | We care for health & beauty | Ricerca, collaborazione, fiducia | Difesa attiva della pelle | Esperti della barriera intestinale | La bellezza è un principio naturale | Pionieri della self-correction | Functional food | Protezione Cellulare Pro-Longevity | We care for people & planet | La sostenibilità secondo noi | Come realizziamo i nostri prodotti | La sostenibilità ambientale | La sostenibilità sociale | Care | Science | Knowledge | People & Planet",28,https://www.unifarco.it,ok
a64b8d86-39c3-499c-9b7c-0b50c9cd1f36,BEEHIVE FARMS,miel,https://beehivefarms.com,Beehive Mixed Fruit Jam 250gm | Beehive Himalyan Honey 1kg | Beehive Chunky Orange Honey Jam 250gm | Beehive Chunky Orange Jam 250gm | Beehive Honey Tomato Kalonji Chutney 330g | Beehive Honey Tomato Magaj Sauce 330g | Fusilli durum wheat 400gm | Beehive Barbeque sauce 310g | Shop | We offer Free Shipping on Orders above Rs. 500. Below that Rs. 125 Flat Delivery Fee Applicable. | Beehive Acacia Honey 500g | Beehive Acacia Honey Lite 500g | Beehive Black Forest Honey 500g | Beehive Chocolate Syrup 400gm | Beehive Chunky Orange Honey Jam 500gm | Beehive Chunky Orange Jam 500gm | Beehive Farms Honey Wooden Dipper (Pack of 5) | Beehive Honey 1kg | Beehive Honey 500g | Beehive Honey Chilli Sauce 320g | Beehive Honey Concentrate Combo Pack – Ginger | Orange Tea | Beehive Honey Ginger Tea Concentrate 350gm | Honey | Beehive Organic Honey 500g | Beehive Raw Honey 500g | Beehive Wild Flower Honey 500g | Nuts | Beehive Roasted Almonds Plain 100gm | Beehive Roasted Almonds Salted 100gm | Beehive Roasted Barbeque Flavour Almonds 250gm | Beehive Roasted Black Pepper Flavour Almonds 250gm | Beehive Roasted Peanuts Barbeque Flavour 250gm | Beehive Roasted Peanuts Black Pepper 250gm | Beehive Roasted Peanuts Lime & Chilli | Beehive Roasted Peanuts Plain Unsalted 250gm | Beehive Roasted Peanuts Salted 250gm | Beehive Roasted Plain Unsalted Almonds 250gm,37,https://beehivefarms.com | https://beehivefarms.com/shop/ | https://beehivefarms.com/product-category/honey/ | https://beehivefarms.com/product-category/nuts/,ok
55eb3558-d352-f111-bec6-000d3abe319d,Hepatica,suplementos deportivos,https://hepatica.pl,"Memoxan | Pamięć i koncentracja, Suplementy diety | Golden Flakes | Energia i witalność, Pamięć i koncentracja, Suplementy diety | Maślan sodu Mikrokapsułkowany | Jelita i trawienie, Suplementy diety | Quercetin | Odporność, Suplementy diety, Wątroba i detoks | Czystek Kreteński DE LUX | Odporność, Suplementy diety | Pure Oregano Oil | Guggul | Serce i układ krążenia, Suplementy diety | K2MK7+D3 | Energia i witalność, Kości i stawy, Odporność, Pamięć i koncentracja, Suplementy diety | Schisandra | Vilcacora | Sen i układ nerwowy, Suplementy diety | Kudzu Ekstrakt | Energia i witalność, Sen i układ nerwowy, Suplementy diety | Mniszek Lekarski | Jelita i trawienie, Suplementy diety, Wątroba i detoks | Tulsi | Wyciąg z liści oliwki | Krzem Premium – Orgono Living Silica® | Kości i stawy, Skóra, włosy i paznokcie, Suplementy diety | Beta Glukan 1,3/1,6 D | Ecdysterone | Energia i witalność, Libido, Suplementy diety | Triphala | Affron® | Ashwagandha | L-Glutation liposomalny – zredukowany | Wątroba i detoks | Pure NAC – N-Acetylo-L-Cysteina | Energia i witalność, Odporność, Sen i układ nerwowy, Wątroba i detoks | Berberine 97% HCL – Czysty ekstrakt | Serce i układ krążenia, Wątroba i detoks | Żelazo endosomalne | Energia i witalność, Odporność, Skóra, włosy i paznokcie, Suplementy diety | L-Tryptophan | Suplementy diety | Nattokinaza NSK-SD® | Skarby Wschodu – Antrodia Camphorata | Energia i witalność, Suplementy diety, Wątroba i detoks | Sunwic® | Jelita i trawienie, Odporność, Suplementy diety",47,https://hepatica.pl,ok
4cbeb256-c7fe-ed11-8f6e-000d3aaab965,Carolina Foods SL,galleteros,https://carolinahonest.com,"Abrir carrito Carrito Total: €0,00 0 productos en tu carrito | €0,00 (0) | Abrir carrito0 | Veganas | Sin Azúcar | Sin Gluten | Avena | Bio Organic | Ahorra con Packs | Manifesto | Lo más vendido | Pack Sin Azúcares TOP | Pack Best Sellers | Pack Chocolate Lovers | Pack Descubrir Carolina | Pack Sin Azúcares | Pack Bio Organic | Pack Vegano | Pack Sin Gluten | Pack Vegano Top | Pack Sin Gluten TOP | Galleta 0% Sin Azúcares Integral Digestive Chocolate. Vegana | Galleta 0% Sin Azúcares Añadidos Integral con Chocolate y Almendra. Vegana | Galleta Bio Integral Digestive con Chocolate & Coco. Vegana | Galleta 0% Sin Azúcares Añadidos Integral con Naranja y Canela | Galleta 0% Sin Azúcares Añadidos Integral con Manzana. Vegana | Galleta Bio Integral Digestive con Chocolate. Vegana | CAROLINAS IMPERFECTAS. Galleta 0% Sin Azúcares Integral. Vegana | Caramelo Blando 0% Sin Azúcar Regaliz | Galleta 0% Sin Azúcares Integral con Chocolate y Almendra. Vegana | Galleta 0% Sin Azúcares Integral con Naranja y Sésamo | Caramelo Blando 0% Sin Azúcar Cítricos | Galleta 0% Sin Azúcares Añadidos Integral con Avena y Lino. Vegana | Galleta 0% Sin Azúcares Añadidos Integral. Vegana | Galleta Sin Gluten Bio Integral Digestive Avena con Quinoa, Jengibre y Canela. Vegana | Galleta Sin Gluten Bio Integral Digestive Avena con Zumo de Piña y Coco Rallado. Vegana | Galleta Sin Gluten Digestive con Chocolate | Buena de verdad | Sin trampa ni cartón | El capricho sin culpa | Para todos. Sin peros | Customer Reviews | Preguntas Frecuentes | Envio Gratis | Satisfacción Garantizada | ¿Tienes Dudas? | Disponible en Tienda | Información | Búsqueda | Crea tu Pack Personalizado | Contáctanos | Carolina Honest | Tecnología de Shopify | My store | Free | Store Hours | What to expect at pickup | Obtener direcciones | Descubrir | Galleta Bio Integral Digestive con Chocolate & Semillas. Vegana",60,https://carolinahonest.com | https://carolinahonest.com/collections/veganas | https://carolinahonest.com/collections/sin-azucar | https://carolinahonest.com/collections/sin-gluten,ok
9cc28f91-e157-f011-877a-6045bd92f5a8,Carameloscerdan,bolleria,https://www.carameloscerdan.com,"Sweet Pips | Piruleta Corazón Maxi 16,2 g | Babugs Piruletas | Summer Pop | Sobres Pica Soda Unicornios | Fin Fan Fun 15,5 g | Sobres Pica Soda Con Piruleta – American Flavour | Mini estuche con chupa en flow pack | Chupa Pintalenguas | Sobres Pica Soda Dinos | High Five | Cake Bites - Mini caramelos con palo | Candy Chilli Roulette | Caramelos sabor Mojito | Cerdan Lollipops relleno de chicle | Cubalibre | Doble Relleno Cola | Drácula Doble Relleno | Energy Pica Soda | Merry Christmas | Pika pop | Piruletas Regaliz negro | XXL Extreme Doble Relleno | Yokolín Fresa-Menta | Yokolín Menta Extrafuerte | Zombie Lokopop Doble Relleno | Zombie Lokopop Piruletas",27,https://www.carameloscerdan.com | https://www.carameloscerdan.com/gama-cerdan/,ok
e83e1274-0c06-ef11-9f89-6045bd92bc7a,EUROVO Srl,"especias, aromas y colorantes",https://www.eurovo.com,"Passione italiana dal 1950 | I nostri allevamenti | Mission | Per i consumatori | Per i professionisti | Per il sociale | News | Approvato Contratto di Filiera D.O.M.A.NI. | Campagna Bevanda le Naturelle | Concorso Egg&Win | Il grande concorso “EGG BOOK AIR” Le Naturelle | Nuova campagna comunicazione Pro Up | Career Day dell'Università di Bologna | Le Naturelle presenti a Masterchef | Lancio Ragù Proteico di Pro Up | Spot TV le Naturelle ""Uova Buone dal 1950"" | Gruppo Eurovo amplia la gamma ProUp | Gruppo Eurovo presenta due importanti innovazioni a Cibus 2022 | Video Gruppo Eurovo - Share the good vibes | BILANCIO DI SOSTENIBILITA’ DI GRUPPO EUROVO | NON SOLO NUMERI | Fiere | Marca - Bologna | Sigep - Rimini | Horecava - Amsterdam | Sigep 2025 | SUDBACK | SIAL Parigi (19-23 ottobre) Parc des Expositions de Paris-Nord Villepinte, Parigi HALL 7J199 | DUBAI MUSCLE SHOW | Rimini Wellness 2024 | CIBUS 2024 | Gulfood 2024 | FI Europe 2023 | Dubai Muscle Show 2023 | Storia | Eurovo in Europa | Comunicazione | Contattaci | Registrati alla Newsletter | Lingue",40,https://www.eurovo.com,ok
6feadd0d-a7e4-f011-8543-7ced8d0c1dc6,Puratos,"especias, aromas y colorantes",https://www.puratos.com,Search | End customer | A full range of innovative ingredients | Our Services | Check out the latest news | Innovation inspired by consumer insights | Careers | Where to find Puratos products? | Please select your location | Select your country | Welcome to Puratos | Set your cookie preferences | Breakthrough products | Tailored solutions | R&D at Puratos | Innovation Centers | Bakery: The future of bread lies in its past | Patisserie: Every Patisserie Creation Has a Story to Tell | Chocolate: Great Taste Doing Good | Health & Well-Being | Clean(er) Label | The future of bread lies in its past | Our Bakery Solutions | Bakery Mixes | Dough enhancers | Sourdough | Grains & seeds | Margarines and butter alternatives | Glazes | Fillings | Egg wash alternatives | our global innovations | S500 | Cubease | Mimetic | Sunset Glaze | Intens Soft & Fine | Puraslim | O-tentic | Softgrain | Sapore | DISCOVER OUR BAKERY SOLUTIONS IN YOUR COUNTRY | Patisserie | Chocolate,44,https://www.puratos.com | https://www.puratos.com/innovation/product-innovation | https://www.puratos.com/products/our-approach | https://www.puratos.com/products/bakery,ok
9dd7cfdd-b49d-ee11-be37-000d3aaab965,AL TAWUN SOLYMAN SERVICES (FZE),"especias, aromas y colorantes",https://www.argosweets.com,,0,,error_home
bcbdffd2-212b-f011-8c4e-6045bd92f5a8,Hellema,galleteros,https://www.hellema.nl,Joubertstraat 8 a LEEUWARDEN | De Ljepper 14 LEEUWARDEN | Europaplein 38 LEEUWARDEN | Bleekhof 25 LEEUWARDEN | Lijsterstraat 38 LEEUWARDEN | Hellema Makelaars en Bedrijfsmakelaars | Recente objecten | Wie zijn wij? | Wat zeggen klanten over ons? | Schrijf je in voor onze Sneak Preview | Medewerker,11,https://www.hellema.nl | https://www.hellema.nl/over-ons/medewerkers/feline-wiersma-15/,ok
f5454f23-002b-4b30-91ab-1b432b93823d,Asociación Apicultores Eslovenia,miel,https://en.czs.si,Slovenian Beekeepers' Association,1,https://en.czs.si,ok
6aeb3558-d352-f111-bec6-000d3abe319d,ANKUSH,nutraceuticos,https://www.ankushindia.in,"Supplying the Food & Nutrition Ingredients for Success | Our Business Units | Chemicals → | Food & Nutrition → | Personal & Home Care → | Why Choose Us | Best Quality Service | Professional Team | High Quality Products | events & insights | Fi India 2026 | Cosmohome Tech 2026 | Contact Us | Registered & Corporate Office | Branch Office | Chemical Lab | Food, Personal & Home Care Lab | Quick Links | About Us | Business Unit | Life At Ankush",21,https://www.ankushindia.in,ok
500247dc-1786-4334-89a1-a06085a5fa44,Asociación Apicultores Eslovenia,miel,https://en.czs.si,Slovenian Beekeepers' Association,1,https://en.czs.si,ok
80c28f91-e157-f011-877a-6045bd92f5a8,Blauver,nutraceuticos,https://www.blauver.com,"Multiplica tu Salud, | La forma más fácil (y sabrosa) de empezar con la espirulina. | Crunchy espirulina ECO 40 g | Dukkah espirulina 65 g | Espirulina fresca | Fresca | Made in Blauver | Seca | Suscripción | Todo lo que la Espirulina Blauver puede hacer por ti | Impulsa tu rendimiento físico, fortalece tus músculos y reduce la fatiga. | Protege tu organismo y tu piel del envejecimiento prematuro. | Cuida tu digestión, elimina toxinas y disfruta de un bienestar interno que se refleja por fuera. | Somos productores de espirulina | De la granja, a tu plato. | ¿Por qué somos sostenibles? | Producción sostenible | Fijamos CO2 y producimos oxígeno | Producción eficiente | Envases sin plástico | Con energía renovable | Subscríbete al bienestar. Apúntate a nuestra Newsletter y recibe recetas, ofertas y consejos de salud. | Blauver Espirulina·",23,https://www.blauver.com,ok
91d7cfdd-b49d-ee11-be37-000d3aaab965,VIMTO,nan,https://www.vimto.co.uk,"Sparkling | Browse | Squash | Still | Energy | Sweet Treats | Fizzy | For Kids | More from Vimto | Special occasion | Health & Wellness | Confectionary | VimtoOriginal | Details | Vimto No Added Sugar Squash | Raspberry, Orange & Passionfruit Squash | Orange &Pineapple | Mango &Passionfruit | Mango, Strawberry & Pineapple | Cherry, Raspberry & Blackcurrant | Vimto Fizzy | Limited Edition, Sparkling | SunsetPapayadise | PinaGuava | Vimto FizzyZero",25,https://www.vimto.co.uk | https://www.vimto.co.uk/vimto-range/ | https://www.vimto.co.uk/vimto-range/squash/ | https://www.vimto.co.uk/vimto-range/sparkling/,ok
180a63b4-5c77-425b-81b8-d3b13bf972ef,MANFREDINI MARIAO S.T.L,nan,https://www.manfrediniapicoltura.it,,0,,error_home
b3094a0d-baa4-49c1-9af1-fe4d99f413b7,PreGel S.P.A.,nan,https://pregel.it/en/home-page,See PreGel’ Products | News from the PreGel world | PreGel in the world | Other news,4,https://pregel.it/en/home-page | https://pregel.it/en/prontogranita-line/,ok
810a18ad-aee8-4a4f-85e1-653b62aafac9,SALSA RICA,nan,https://salsarica.es,Somos fabricantes de salsas para el mercado profesional. | Tecnología y garantía de calidad | Rapidez | Descubre nuestras Salsas | Mayonesa | Otras Salsas,6,https://salsarica.es | https://salsarica.es/productos/ | https://salsarica.es/productos,ok
32927049-ea04-45bc-bf4d-8008360d1d7d,HORNO SANT HONORET,nan,https://santhonoret.com,,0,,error_home
a6e2923e-1ae8-4a6a-b80d-9fde167c4bb7,COAPIHL,nan,https://www.coapihl.com,,0,https://www.coapihl.com,ok_sin_productos
345f1e6d-ef51-4034-a3e6-c2bf8a48fb26,SAI NUTRITION,nan,https://www.sai-nutrition.com,"Expert de la nutrition sur mesure depuis 2001 | Notre expertise sur mesure | Nos solutions produits: Innovation constante | Préparations enrichies en protéines à réhydrater | Gourmandises prêtes à l’emploi, enrichies en protéines | Gamme sport & compléments alimentaires | Dernières Innovations | Gestion du poids • Nutrition sportive • Nutrition sénior • Beauté & Bien-être • Nutrition spécialisée | Chiffres clés | + de 25 ans d’expertise | 25 pays desservis (CEE et hors CEE) | 80 projets R&D / an | 160 clients accompagnés | 1200 références développées | 300 tonnes produites par an | 3,2 millions € de CA par an | Nos équipes à votre service | Contacts | Direction | Administrationdes Ventes | Recherche et Développement",21,https://www.sai-nutrition.com,ok
78268c1d-18ab-ef11-b8e9-000d3aaab59f,Indena,nan,https://www.indena.com,"About Us | Health Needs | Products | CDMO Service | Things to watch | Media and news | Events | Indena’s Filestore | Pharmaceuticals | Nutraceuticals | Innovation and vaccine preparedness at CPHI | Nourishing science-backed healthy aging at SSG | Beyond monacolin k: a smarter future for metabolic wellness | A NEW SOLUTION TO REDEFINE SKIN HEALTH | Your golden aging starts today | BEYOND BIOABSORPTION | Step up for sustainability | TAKE A LOOK AT INDENA’S R&D | DISCOVER OUR MANUFACTURING FACILITIES | Latest news | Indena at SupplySide Global 2026 | Indena at CPHI Milan 2026 | Shifting paradigms in metabolic health: preparing a monacolin k-free, multi-target era | Indena at CPHI Japan 2026 | Indena at Vitafoods Europe 2026 | Indena at DCAT Week 2026 | Do you need to get in touch? | SITEMAP | CONTACT US | Newsletter | Download the Product Lists | ENHANCINGTHE POWER OF PHYTONUTRIENTS. | Do you want to talk to one of our sales reps? | 10-Deacetylbaccatin III | Health benefit | Botanical Origin | Discover | 18β-GA | Glycyrrhetinic acid (Enoxolone Eur. Ph.) | Bilear® | Artichoke | Boldine | Cabazitaxel | Cannabidiol (CBD) | Centella asiatica | Chinese Rhubarb | Colchicine Micronized | Colchicine Ph. Eur. | Colchicine USP | Colchicoside | Acmelain® | Acmella extract | Alextan® | GRAPESEED AND LYCOPENE | Anthocran® | Anthocran® Indena Phytosome® | Cranberry - Indena Phytosome® | Beanblock® | Lamon white kidney bean extract | Berbevis®",60,https://www.indena.com | https://www.indena.com/products/ | https://www.indena.com/products/pharmaceuticals/ | https://www.indena.com/products/nutraceuticals/,ok
667a588a-e1ab-ef11-b8e9-000d3aaab59f,HTBA,nan,https://www.htba.com,"Nature-Led | New Fully Staffed HTBA Ideation and Technical Center | A Global Leader Specializing in Flavonoids and Vitamin B12 Active Forms | Providing solutions for over 45 Years | Pharmaceutical | Functional Health | Taste Modulation | Animal Nutrition | Why Partner with HTBA | Over 45 years of expertise built on rigorous European standards | Patented processes using green chemistry | A state-of-the-art B12 manufacturing plant in Europe. | Two applications labs: | Fully validated and tightly controlled supply chain | Latest content launched | Vitamin B12’s Next Chapter: From Deficiency Support to Well-Aging Performance | MecobalActive® for advanced cognitive and physical performance | Cardiose® for clinically proven performance and metabolic efficiency | DiosVein® & DiosVein Forte® for targeted, clinically backed venous relief | Leanara®: The Dual-Benefit Companion for the New GLP-1 Era | Beyond deficiency: Unlock a new dimension in active nutrition and cognitive performance | Headquarters | Manufacturing Site | U.S. Office | Company | Connect with us | Solutions | Legal notice / Privacy and Cookie Policy",28,https://www.htba.com,ok
ee00f41b-e9ab-ef11-b8e9-000d3aaab59f,Quimidroga,nan,https://www.quimidroga.com,"Industrias | Busca un producto | Servicios | L-Cisteína alimentaria: funcionalidad en masas, aromas y sabores | PBTC / PBTCA (CAS 37971-36-1): AQUACID 101EX para detergencia y aplicaciones industriales | Probióticos en salud intestinal: BiomeNrich™PRO G243 | Polímeros en tratamiento de agua: eficiencia y control | L-Citrulina: Rendimiento Deportivo y Recuperación Muscular | Normativa PFAS en agua potable: soluciones eficaces | Distribuidor de productos químicos desde 1944 | Presentes en todos los sectores | El distribuidor de productos químicos del Mediterráneo | Portugal Francia Italia Grecia Turquía Egipto Argelia Marruecos | El servicio: nuestra prioridad | El compromiso, nuestra esencia | Quimidroga: una familia | Certificaciones, evaluaciones, reconocimientos y adhesiones | Políticas | Sistemas de gestión | Sostenibilidad y RSC | Huella de carbono y Medio Ambiente | Gestión de envases y Economía circular | Soluciones sostenibles | Life science | Otros certificados | Aditivos para mortero | Diluyentes reactivos | Disolventes | Endurecedores | Etanolaminas | Intermedios | Materiales de refuerzo | Pigmentos | Resinas | Ácidos y correctores de acidez | Aditivos | Agentes quelantes | Antiincrustantes | Biocidas | Coagulantes | Floculantes | Medios filtrantes | Monómeros | Monopersulfato potásico | Osmosis inversa | Peróxido de hidrógeno | Productos para piscinas | Reductores | Reguladores de pH | Resinas de intercambio iónico | Sales | Tensioactivos | Otros | El nuevo servicio local de membranas de ósmosis inversa con stock y en crecimiento | Polímeros dispersantes y antiincrustantes como alternativa a los fosfonatos",55,https://www.quimidroga.com | https://www.quimidroga.com/distribuidor-productos-quimicos/ | https://www.quimidroga.com/productos-construccion/ | https://www.quimidroga.com/productos-quimicos-tratamiento-aguas/,ok
e1f9791b-8cb1-ef11-b8e9-000d3aaab59f,PROZIS GROUP,barritas y bebidas deportivas,https://www.prozis.com,,0,,error_home
0beb3558-d352-f111-bec6-000d3abe319d,Globulinks Ltd․,"especias, aromas y colorantes",https://www.globulinks.com/en,Our products | Discover our products | About us | Why choose us? | Industries we serve,5,https://www.globulinks.com/en | https://www.globulinks.com/en/products,ok
39eb3558-d352-f111-bec6-000d3abe319d,Iris ventures,"especias, aromas y colorantes",https://www.weareiris.com,About | APPROACH | BRANDS | TEAM | IMPACT | INSIGHTS | INVESTOR LOGIN | CONTACT | EMPOWERING A NEW GENERATION | NORDIC KNOTS | INNERSKIN | GODDESS | OLISTIC | BIOMEL | LUCILLE | KREME | REFORMED | HEALF | SUPERLATIVA | MAURTEN | ESSENTIALIST | VICIO | MAMMALY | APRICITY | SAYSH | ARTEMEST | LET’S REWRITE THE FUTURE. TOGETHER.,27,https://www.weareiris.com,ok
41eb3558-d352-f111-bec6-000d3abe319d,Neovital Health - Neo Kids,nutraceuticos,https://www.neovitalhealth.com,"MICONEO GYB | PROBIOTIC SIBO NEO | FUNGINEO MTC | NEO PEQUES INMUNO+ | URINEO FORTE PROBIOTIC | REDUCARB NEO | MICONEO SIBO | AJO NEGRO NEO | NEO DOGS PROBIOTICO | ACEROLA NEO | DEPURA-T NEO | SACIA-T NEO | QUEMA+ NEO | AJO NEO | JALEA NEO 1500 | JALEA NEO MAN | ZINC-COBRE NEO | ALCACHOFA NEO | DERMICALM NEO COOLMOUSSE | JALEA NEO SENIOR | ONAGRA NEO | NEOGRIP PLUS | QUEMA+ GUMMIES NEO | SACIA-T GUMMIES NEO 36 GUMMIES | COLAGENO+ GUMMIES NEO 36 GUMMIES | MELATONINA 1,9 GUMMIES NEO 36 GUMMIES | ACTION DIET NEO | PROBIOTIC COMPLEX NEO | RELAX NEO | MAGNESIO COMPLEX + B6 | COBRE NEO | MAGNESIO NEO | YODO NEO | UÑA DE GATO NEO | NEO PEQUES GUMMIES OMEGA-3 DHA | NEO PEQUES CRECIMIENTO | NEO PEQUES OMEGA-3 | NEO PEQUES APETITO | NEO PEQUES RELAX | NEO PEQUES GUMMIES PROBIOTIC | NEO PEQUES GUMMIES MELATONINA | NEO PEQUES GUMMIES VITAZINC | REISHI PEQUES STUDIO NEO | NEO PEQUES GUMMIES JALEA | NEO PEQUES LOCION HIDRATANTE | NEO PEQUES FERROMIX | NEO PEQUES GASES | NEO PEQUES COLONIA | NEO PEQUES BALSAMO PECTORAL | NEO PEQUES MELATONINA | NEO PEQUES SUERO+ | NEO PEQUES GUMMIES KALCIUM+ | NEO PEQUES BUEN VIAJE | NEO PEQUES PROBIOTIC | NEO PEQUES C+ | NEO PEQUES ACEITE PARA MASAJES | NEO PEQUES PREVENTIVO CAPILAR | MICONEO NGF | MICONEO INT | MELENA DE LEON NEO",60,https://www.neovitalhealth.com | https://www.neovitalhealth.com/collections/neo | https://www.neovitalhealth.com/collections/neo-peques | https://www.neovitalhealth.com/collections/mico-neo,ok
1ac019b6-b624-4a36-9696-0a6f28b610be,Cargill Cocoa & Chocolate,nan,https://www.cargill.com/food-beverage/cocoa-chocolate,,0,,error_home
262c304a-dcaa-4a06-b689-0b660337a800,APIMON LLC,nan,https://apimonllc.com,"Bee Nutrition and Beekeeping Supplies for Every Season | Everything the Colony Needs | Apitablet | Golden Patty | Pollenbee | Beeagra | Ordering Made Simple | ⬡ Vitamins | ⬡ Minerals | ⬡ Amino Acids | ⬡ Pollen Extract | ⬡ Probiotics | ⬡ Ready Energy | Beekeepers, Then and Now | Apimon LLC | Honeybee Nutrition Manufacturer & Supplier | Know What You're Feeding | Reach Out | Shop & Learn | The Company",19,https://apimonllc.com | https://apimonllc.com/products/nutritional-supplements-10196628 | https://apimonllc.com/products/nutritional-supplements/apitablet-53263984,ok
a77c0831-2e04-4a14-8db9-2375e132da52,INGREDIS TUNISE SARL,nan,https://www.ingredis.tn,INGREDIS | TUNISIE | Sourcing Premium | Expertise Multisectorielle | Support Logistique | Nos MarchÃ©s,6,https://www.ingredis.tn,ok
d1acaf2a-a485-4310-9250-28ac785e23d6,HUMBLE BEE,refrescos,https://www.humblebee.buzz,Rental Honey Extraction Kit | Our Story | Bee in Touch | Newsletter Sign Up | Honey | Beeswax | Bees | Beekeeping Equipment | Beekeeping Tools | Hive Treatments and Supplements | Protective Clothing | Honey Harvest Equipment | Kits and Bundles | Clothing and Accessories | Lessons | Api-tourism | Beehive Tour | Pollinator Partnerships | Wholesale | Log in | Country/region | Canada CAD $ | United States USD $ | Apivar 2.0 and VarroxSan now in Stock! | Pre Order 2026 Queens Now! | SHOP NOW | Skip to product information | View full details | Welcome to Humble Bee. | About Us | Basic Hive KIt | Ultimate Beekeeping Starter Kit (Order for Spring 2026 Pick Up) | Deluxe Beekeeping Kit | Medium Boxes (Supers) | View all | Humble Bee Raw Honey- 130g Gift Jar | Humble Bee Raw Honey - 500g jar | Humble Bee Raw Honey - 1kg Jar | Humble Bee Raw Unifloral Honey | Frequently Asked Questions | Where does your honey come from? | Is your honey pure? | Do you do wholesale? | Do you ship? | Do you do school or education programs? | What kind of beekeeping equipment do you sell? | Subscribe to our emails | Store Hours | Humble Bee | Powered by Shopify | Refund policy | Privacy policy | Terms of service | Filter: | Reset | Remove all | Sort by: | 236 products | Filter and sort | Clear,60,https://www.humblebee.buzz | https://www.humblebee.buzz/collections/all | https://www.humblebee.buzz/collections/gifts-from-the-hive | https://www.humblebee.buzz/collections/beeswax-candles,ok
28d4a904-565d-47cd-adfb-29bd918813e2,ELIT FOODS,nan,https://elit-p.com,"Ядкови протеинови барове | Виж повече | Вкусни, печени семки | Неустоим меден кейк | Хрупкав оризов снакс | Премиум сушени плодове | Премиум печени ядки | ядки | сладки | барове | семена | снакс",12,https://elit-p.com,ok
d9304167-3039-4ed0-b79c-44176184eb42,EH THORNE,nan,https://www.thorne.co.uk,"Build Your Hive!!! | Popular products | << Prev | Next >> | Featured | HiveKeepers - Micro Honey Harvester | View More | Hive Alive Fondant, 1kg, including carriage to England, Wales and South Scotland | Special Offer | MOULD OF THE MONTH - TS577 Medium Pumpkin - Mould Plus Kit Option | Sustainable Hive Insulation (SHINS) - National Brood Body DN4 | Site Navigation | Branch Sale Days & The National Honey Show | Sale Hive Parts | Sale Frames | Sale Frame and Hive Assembly | Sale Candlemaking | Sale Hardware and Tools | Sale Packaging | Sale Wasp & Hornet Traps | Sale Queen | Sale Gifts and Books | Hives & Bees | Hives | Bees | Bees on a Budget | Beginners Kits | Hive Protection & Maintenance | Adapta Stand | Build Your Own Hive | Frames & Foundation | Frames | Foundation | Sections | Wiring, fixing and assembly | Foundation Making | Hardware & Clothing | Hive Hardware | Smokers & Fuel | Tools | Adapta Eke | Clothing | Processing | Uncapping | Extraction | Tanks, Valves & Strainers | Heather Honey and Processing | Wax | Labels | New Labels | Labels on the Roll | Flat Sheet Labels | Seasonal Labels | L17 - Round Gold | L11 - Round - White with gold and black bee | Tamper Evident Labels - L12 | Tamper Evident Labels - Flat Sheet | Polish Labels | Asian Hornet Labels | Unique/Bespoke Labels",60,https://www.thorne.co.uk | https://www.thorne.co.uk/shop | https://www.thorne.co.uk/packaging-hive-products/ | https://www.thorne.co.uk/budget-beekeeping-range/,ok
3462da5e-578e-44f8-902d-45d39051a13d,Bodega Señorío de Barriobero,nan,https://bodegasbarriobero.com,,0,https://bodegasbarriobero.com,ok_sin_productos
a4b42af8-805d-4a62-953e-4820bf830a1d,APIMON BEEKEEPING,nan,https://Url:www.beeagra.net,,0,,error_home
27929758-65f5-4952-9fe7-5f1a5c73d63a,"FOPELDA, S.A.",nan,https://WWW.PANETTO.PT,Não é só o melhor pão do mundo | Pão de Abóbora como nunca provou!! | Pastelaria de fazer inveja aos franceses | Pão | Bolachas/Crackers | Crispy Snacks | Fábrica / Sede | Verdinatingível LDA | ENVIE-NOS UM EMAIL,9,https://WWW.PANETTO.PT,ok
164b4ca4-52fc-4dc6-81dd-638004ec1d79,WEGOCHEM EUROPE B.V.,nan,https://wegochem.com,"Quality You Can Trust | POWERING THE INDUSTRIES THAT MOVE THE WORLD. | Case & Construction | Food & Nutrition | Industrial | Energy & Lubricants | Pharmaceutical | Specialty Polymers | Your Materials In Reach. Our People In Touch. | WE DON'T JUST SOURCE. WE DISCOVER. | WEGO Launches Sustainable Cocoa Substitute to Tackle Growing Supply Shortage | WEGO MOVES THE WORLD. | (R)-tert-Butyl Sulfinamide | 1-Bromo-3-Chloro-5,5-Dimethylhydantoin (BCDMH) | 1-Hydroxyethylidene-1,1-Diphosphonic Acid (HEDP) | 1-Naphthol | 1-Vinylimidazole | 1,1-Difluoroethane (R152A) | 1,1,1,2-Tetrafluoroethane (R134A) | 1,1,1,3,3-Pentafluoropropane | 1,1,3,3-Hexamethyldisilazane | 1,1,3,3-Tetramethyldisiloxane | 1,2-Dimethoxy ethane (DME) | 1,2-Dimethylimidazole (DMI) | 1,2,3,4-Tetrahydroquinoline | 1,2,4-Trimethylbenzene (124) | 1,3-Diphenyl-2-Thiourea | 1,3-Propanediol (PDO) | 1,3,5-Trimethylbenzene (135) | 1,3,5,7-Tetravinyl-1,3,5,7-Tetramethylcyclotetrasiloxane | Load more | 1,4-Cyclohexanedicarboxylic Acid (CHDA) | 1,4-Cyclohexanedimethanol (CHDM) | 1,6-Hexanediol (HDO) | 1,6-Hexanediol Diacrylate (HDDA) | 1,8-Diazabicyclo(5.4.0)undec-7-ene (DBU) | 12-Hydroxystearic Acid | 2-Acrylamido-2-Methyl Propane Sulfonic Acid Ammonium Salt | 2-Acrylamido-2-Methyl-1-Propanesulfonic Acid Sodium Salt Solution (ATBS) | 2-Acrylamido-2-Methylpropane Sulphonic Acid (ATBS) | 2-Ethoxyethoxy Ethyl Acrylate (EEEA) | 2-Ethylhexyl Acrylate (2-EHA) | 2-Ethylhexyl Methacrylate | 2-Hydroxyethyl Acrylate (2-HEA) | 2-Hydroxyethyl Methacrylate (HEMA) | 2-Methyl tetrahydrofuran (2-MeTHF) | 2-methylpropyl acetate | 2-Phenoxyethyl Acrylate (PEA)",48,https://wegochem.com | https://wegochem.com/products/ | https://wegochem.com/products/?industry=paints-coatings | https://wegochem.com/products/?industry=adhesives-sealants,ok
8730884b-d358-4b7b-80fc-6753089de8bd,"NORDMANN PORTUGAL, S.A.",nan,https://www.nordmann.global,Descubra los secretos de las materias primas químicas | Nordmann: Multinacional líder en la distribución de productos químicos | Últimas noticias | ¡Te deseo una feliz Navidady un feliz Año Nuevo! | Mensaje de bienvenida de la Dra. Paula Rodrigues | Caso de éxito: la colaboración entre WACKER y Nordmann | Noticias Nordmann | Industrias | Ferias y eventos | Oportunidades | Póngase en contacto con nuestra sede: | Visite nuestra cartera de productos | Productos | sales (at) nordmann.global,14,https://www.nordmann.global | https://www.nordmann.global/es/productos/favoritos | https://www.nordmann.global/es/productos,ok
5a01962d-1012-480d-8b70-6c9214804a4f,"CALAF NUANCES, SL",nan,https://www.calafnuances.com/es,Footer | Sobre Calaf Nuances | Contact | Cambiar idioma | Aroma: Cárnicos | ¿Su aroma no está? ¡Llámenos! | Aroma: Aromas para productos bajos en calorías | Aroma: Aromas para productos bajos en sal,8,https://www.calafnuances.com/es | https://www.calafnuances.com/es/flavours/productos-carnicos/ | https://www.calafnuances.com/es/flavours/aromas-para-productos-bajos-en-calorias/ | https://www.calafnuances.com/es/flavours/aromas-para-productos-bajos-en-sal/,ok
7120235d-fbdf-f011-8544-7ced8d0c5f55,Ynsadiet,refrescos,https://www.ynsadiet.com,Nutriox Program | Balance Sport Diet | Test de los alimentos | Celulitest | Nutriox/Dietasol | Ob3 drenante(250 ml) | Ob3 drenante(475 ml) | Ob8(20 filtros) | + INFO,9,https://www.ynsadiet.com | https://www.ynsadiet.com/marcas/linea-ob/,ok
7151f9ef-2e5d-4312-ab1a-875171ca81ee,PUUILO OY LTD,nan,https://www.puuilo.fi,"Autoilijan lasinpesuneste -18°C 4L | Farmari aurausviitta 150cm x 8mm lasikuitu | Kramfors katkaisulaikka 125x1mm metallille | Kartano taliravinnemakkara 1kg | Greencare puucee ja kompostikuivike 50L | Tomber puukko | Polar öljykynttilä valkoinen 45h 6kpl/pkt | Muuttolaatikko 59x39x31cm | AgfaPhoto CR2032 paristo 10-pack | Bergen remonttijätesäkki vahva musta 200L 5kpl/rll | Minttu kissanruoka kastikkeessa lajitelma 40x85g | Calluna P11 | Polar öljykynttilä valkoinen 86h 4kpl/pkt | Polar hautakynttilä 96h | Friends Food viljarasvapallot 240g | Bergen hankaussieni 10kpl | Cobek ajastin 24h ulkokäyttöön IP44 | CRC jarrukliineri Bräkleen 500ml | Polar hautakynttilä 168h | Advance suojausteippi PVC AT66 50mm 33m | Tarmo kivikiila 23mm | Polaari työsukka 39-42 3 paria | Tomber ilmastointiteippi 50mmx25m | Polaari työsukka 43-46 3 paria | Kiuaskivi oliviinidiabaasi 5-10cm 20kg | Bergen yleispuhdistusliina 60kpl | Tomber maalarinteippi 3kpl 19mm/38mm/50mmx25m | Tomber pakkausteippi 50mmx50m 3kpl | Tamforce rullamitta 8m | Jorma spraymaali matta valkoinen 400ml | Bergen neulelanka salvianvihreä 100g | Fixmix asfaltinpaikkausmassa 20kg säkki | Bergen neulelanka harmaa 100g | Bolt-Off yleiskäyttöiset puhdistusliinat 60kpl | Kiuaskivi oliviinidiabaasi 10-15cm 20kg | Norrköping moottorisahan teräketju 3/8"" 1,3mm 52 lenkkiä | Bergen henkselipussi 4L 250kpl | Suoja suojapeite 1,5x6m halkopinoille | Bergen henkselipussi 6L 200kpl | Bergen raitalanka harmaa 100g | RK pillivaahto joka sää 750ml | LedRafik LED-vakiolamppu E27 4,5W 470lm 2kpl | Ledrafik työkonevalo 20x3W star | Fairy käsitiskiaine granaattiomena 450ml | Bergen ikkunan puhdistusliina 24kpl | Jorma spraymaali matta musta 400ml | Bolt-Off sisätilojen puhdistusliina 60kpl | LedRafik LED-loisteputki 9W 850lm 230V 60cm | Torin ajoramppi 1000kg | Bergen kylpyhuoneen puhdistusliina 40kpl | RK pistoolivaahto joka sää 750ml | LedRafik LED-lamppu GU10 38° 4.5W 345lm | Ajax yleispuhdistusaine floral fiesta red flowers 1L | Bergen jättipehmolanka beige 300g | Bergen jättipehmolanka luonnonvalkoinen 300g | Ajax yleispuhdistusaine floral fiesta spring flower 1L | Timpuri akryylimassa valkoinen 290ml | RUF puubriketti havu 10 kg | Ajankohtaiset tuotteet | Tilaa uutiskirje ja voita 50 € lahjakortti",60,https://www.puuilo.fi | https://www.puuilo.fi/catalogsearch/result/?q=smartstore%20classic | https://www.puuilo.fi/autotarvikkeet/autonhoito-ja-valineet/lasinpesunesteet | https://www.puuilo.fi/catalog/category/view/s/hitsaussuojakaasut/id/12881/,ok
144947f1-531e-449c-b173-8ac1120abb3a,GRANJA NOE,nan,https://granjanoe.es/granja-noe,,0,,error_home
612a4fa4-8bbb-4607-945a-a1482748466b,Propolis Etc,quesos,https://propolis-etc.ca,English | Découvrez notre collection complète | Matériel Apicole | Débuter en Apiculture | Produits de la ruche | Nos formations | Nouveautés | Univers du débutant | La référence au Canada | Foire Aux Questions,10,https://propolis-etc.ca | https://propolis-etc.ca/boutique/?product_brand=produits-de-la-ruche-vrac | https://propolis-etc.ca/boutique/?product_brand=fritz | https://propolis-etc.ca/boutique/?product_brand=swienty,ok
ab631cf3-8824-49f2-bcdc-c7c0f5568eeb,BEHIND THE BARN,nan,https://www.behindthebarn.ca,,0,https://www.behindthebarn.ca,ok_sin_productos
62e63cc2-c491-4080-8c15-e550aab70e66,"DESTILADORES Y BODEGUEROS, S.L.",vino y derivados del vino,https://www.edrington.com/en,Welcome to Edrington | Edrington is the home of exceptional spirits | Annual Report | Our Values & History | Our Sustainable Future | Policy & Governance | Our brands | The Macallan | Highland Park | The Glenrothes | Brugal | No. 3 London Dry Gin | Valdespino | The latest at Edrington | Find your next career | Quick Links | Other,17,https://www.edrington.com/en,ok
5a24c6c3-e8b3-4555-95de-0f71cddf2819,Dama Food Factory SLU,nan,https://damafoodfactory.com,Catálogo de Productos | Croquetas | Croquetas Gourmet | Croquetas Artesanas | Empanados Cárnicos | Ensaladas | Importaciones | Mariscos | Postres | Precocinados | Preparado de Paella y Fritura | Rellenos | Revueltos | Salpicones | Salteados | Sopas | Surtido de Setas-Boletus | Salmón | Pota Troceada | Tubo de Calamar | Zamburiñas | Surtido de Setas | Surtido de Setas con Boletus | Boletus | Sopas con Sofrito | Preparado de Sopa | Frutos del Mar | Salteado Tradicional | Salteado de Salmón | Salteado de Pavo con Verduras | Salteado de Habitas con Bacon | Salteado Campero con Lomo,32,https://damafoodfactory.com | https://damafoodfactory.com/fabricantes-productos-congelados/ | https://damafoodfactory.com/catalogo-productos-congelados-y-precocinados/,ok
967e54f3-fb8b-463a-8735-2771169f60a5,FRIT RAVICH S.L,frutos secos y snacks,https://www.fritravich.com,PATATAS | SNACKS | FRUTOS SECOS | CASERAS | PREMIUM | LIGERAS | CHIPS | CHURRERÍA | Caseras Pimentón de la Vera Caseras | Caseras Caseras | Caseras Onduladas Caseras | Caseras Paja Caseras | Chips Premium Chips Premium | Chips Premium Sobrasada Ibérica y Miel Chips Premium | Chips Premium Jamón ibérico Enrique Tomás Chips Premium | Chips Premium Queso Curado y Trufa Negra Chips Premium | Chips Premium sabor Aperitivo Chips Premium | Chips Premium Queso de Cabra y Cebolla Caramelizada Chips Premium | Ligeras Ligeras | Ligeras sabor a Tomate y Orégano Ligeras | Chips Carbonara y Trufa by Deleito Chips | REAL BITES | TOP CORN® | COCTELEO® | TEXICOS | KIDS | LÍNEA JOVEN | SNACKS FAMILIARES | CHIPS VEGETALES | REAL BITES Sal y Pimienta | REAL BITES Tomate y Orégano | Palomitas Saladas Top Corn | Palomitas de colores Top Corn | Palomitas microondas Top Corn | Palomitas dulces y saladas Top Corn | Palomitas dulces Top Corn | Palomitas mantequilla Top Corn | Palomitas ketchup y mostaza Top Corn® | Palomitas microondas mantequilla Top Corn | Cóctel Snacks Original Cocteleo | Cóctel Snacks Chilli Cocteleo | SNACKING | OLALÁ | ESTILO MEDITERRÁNEO | DUETS | SIN SAL | SALUDABLES | Xtreme Teriyaki Cocteleo® | Xtreme Chilli Lima Cocteleo® | Chilli Picante Cocteleo® | Original Sin Cáscara Cocteleo® | Top 5 Cocteleo® | Tropical Cocteleo® | Queso Cocteleo® | Miel y Mostaza Cocteleo® | Curry Cocteleo® | Especial con arándanos Cocteleo® | Barbacoa Cocteleo® | Oriental Cocteleo® | Con Cáscara Cocteleo®,60,https://www.fritravich.com | https://www.fritravich.com/productos/categoria/patatas/ | https://www.fritravich.com/productos/categoria/snacks/ | https://www.fritravich.com/productos/categoria/frutos-secos/,ok
4880cc28-4df2-4188-bd66-38e7fdf5c225,SONCINI SRL,nan,https://www.sonciniweb.it/en,Products | Meat | Dairy | Ingredients | About us | Why Organic | Certifications | Events and fairs | Book a call | Sweeteners | Vegetable alternatives | Cereals | Cocoa | Oils and Vegetable Fats | Interested in our products? Contact us | Not finding what you're looking for? Our team will respond to your needs.,16,https://www.sonciniweb.it/en | https://www.sonciniweb.it/en/categoria-prodotti/ingredients/,ok
914897d0-0fc1-40cc-a6b0-8d63a5f48817,THOMAS APICULTURE,nan,https://www.thomas-apiculture.com,Magasins | Voir | Voir plus | Extracteur à miel automatique Alvelia tangentiel réversible 6 paniers Ref : ME1154 Voir | Extracteur à miel automatique radiaire Alvelia 36 cadres de hausse Ref : ME1155 Voir | NOTRE CATALOGUE FRANCAIS | OUR ENGLISH CATALOGUE | UNSER DEUTSCHER KATALOG | NUESTRO CATÁLOGO EN ESPAÑOL,9,https://www.thomas-apiculture.com | https://www.thomas-apiculture.com/module/is_favoriteproducts/favorite | https://www.thomas-apiculture.com/content/17-catalogues,ok
b7c8608d-f3bc-4795-bdac-905a8f7f0798,"HISPANOAMERICAN BROKERS, S.L.",nan,https://hispanoamerican.com,"La naturaleza del sabor | フレーバーの性質 | Bienvenidos a Hispanoamerican Brokers, proveedores de esencias para licores. | Hispanoamerican Brokers, S.L.",4,https://hispanoamerican.com,ok
c5c5f477-50b7-4488-8ecb-a4502c4c79d9,Bevinov S.A.,nan,https://www.OPOspritz.pt,,0,,error_home
61252b09-3a8e-47a5-993c-d5e4f78f662e,BUTT FLOWER S.L.,nan,https://buttflowers.es,Sobre Nosotros | Opiniones Clientes | Productos,3,https://buttflowers.es | https://buttflowers.es/tienda | https://buttflowers.es/productos,ok
64268c1d-18ab-ef11-b8e9-000d3aaab59f,SamecaPQ,nan,https://www.sameca.com,Your partner for chemicals | Conheça os nossos produtos | KNOW OUR PRODUCTS | CONNOISSEZ NOS PRODUITS | Conozca nuestros productos,5,https://www.sameca.com,ok
80268c1d-18ab-ef11-b8e9-000d3aaab59f,Tuchel & Sohn,nan,https://www.tuchel-sohn.com,,0,,error_home
f5f9791b-8cb1-ef11-b8e9-000d3aaab59f,Blagden Specialty Chemicals LTD,"especias, aromas y colorantes",https://www.elton-group.com,CORPORATE NEWS,1,https://www.elton-group.com,ok
17fa791b-8cb1-ef11-b8e9-000d3aaab59f,Milchwerke Mittelelbe GmbH,nan,https://www.elb-milch.de,"Allgemeine Geschäftsbedingungen (AGB) | Fremdfirmenrichtlinie | Verhaltenskodex | Zertifizierungen | Seit 1991 ist Elb-Milch Teil der KRÜGER GROUP und agiert als strategischer, flexibler Partner | Ready to Drink | Infant Nutrition | Dairy & Specialty Powders | Seit über 35 Jahren ein verlässlicher Partner für Qualität und Innovation | Das Qualitätsversprechen der Milchwerke Mittelelbe | Aktuelle News & Blogbeiträge | Warum mit uns arbeiten? | Trends im Bereich „Coffee & Tea Drinks“: Innovation und Genuss für unterwegs | Das Fläschchen zubereiten – so gelingt es zu Hause | Nachhaltigkeit | Download Center | Milchwerke Mittelelbe als Arbeitgeber | Unser Qualitätsversprechen | M. Rösler | S. Siefert | Barrierefreiheitserklärung für Milchwerke „Mittelelbe“ GmbH | Unser Ansatz zur Barrierefreiheit | Barrierefreiheitsfunktionen | Feedback und Kontakt",24,https://www.elb-milch.de,ok
7dc85ce4-c09b-ed11-aad1-000d3aaab651,Trinova AG,nan,https://www.trinova.ch,Lebensmittelzutaten | Innovative Rohstoffe für genussvolle Produkte | Futtermittel | Ihr Partner für Innovation und Qualität in der Tierernährung | Trinova | FOOD | FEED | Trinova - Für Mensch und Tier,8,https://www.trinova.ch,ok
f5c85ce4-c09b-ed11-aad1-000d3aaab651,Smart Organic AD,nan,https://smartorganic.com,,0,,error_home
bd56232f-494f-4277-8ee2-06757c5bd180,KIND INDUSTRY,nan,https://dlabparis.com,Complejo de Crecimiento | Desintoxicación del hígado | Colágeno absoluto | Choix des options | Voir la page produit | [AP] BLACK FRIDAY | RUTINAS EXPERTAS | BEBIDAS DE COLÁGENO | ESENCIALES | OUTLET | Découvrir | FÓRMULAS LIMPIAS | RESULTADOS COMPROBADOS | FABRICADO AQUÍ EN AUVERNIA | ALTAS CONCENTRACIONES | CREADOS POR EXPERTOS EN SALUD | VISITAR NUESTRA FÁBRICA | [AVANT-PREMIÈRE]BLACK D-LAB | JE M'ABONNE | TE ESPERA UN REGALO | A partir de 75 € de compra | Recibir mi regalo | DESCUBRIR | EFICACIA PROBADA | INGREDIENTES | BIOPROOF™ | DÍAS DE DIAGNÓSTICO | VER TODAS LAS BEBIDAS | DESCUBRIR EL OUTLET | Envío internacional | Pago seguro y a plazos: | Regalo gratis | D-LAB | Los Esenciales | Rutinas para la piel | Rutinas para el cabello | Rutinas para adelgazar | Fidelidad y Referidos | Blog diario | Acceso Pro | SÍGUENOS | Facebook | Instagram | LinkedIn | Pinterest | Contáctanos | Acceso Profesional | Política de reembolso | Política de privacidad | Términos del servicio | Política de envío | Condiciones de venta | Aviso legal | Información de contacto | Complexe de Pousse | Détox Foie | Absolu de Collagène | ROUTINES EXPERTES | BOISSONS COLLAGÈNE | ESSENTIELS,60,https://dlabparis.com | https://dlabparis.com/collections/routines-decouverte | https://dlabparis.com/collections/collagene-en-poudre | https://dlabparis.com/collections/ingredients-stars,ok
a963ee89-b900-4a24-9e59-1104e33d192d,JUALEX CANARIAS S.L.,nan,https://jualex.es,,0,,error_home
3d90c1c5-5909-42d5-a8b1-70bc45bb9513,ADVANCE SCIENCE,nan,https://hivealivebees.com,"Home | Shop | Scientific Research | Reviews | Learn more | Why trust HiveAlive? | What’s in HiveAlive Liquid? | FAQs | Blog | Bee Health | Nosema | Varroa | Viruses | Chalkbrood | Where to buy? | About Us | Our story | Our sustainability strategy | Resources | Shop USA | Austria (EUR €) | Belgium (EUR €) | Bulgaria (EUR €) | Croatia (EUR €) | Czechia (CZK Kč) | Denmark (DKK kr.) | HiveAlive | Essential For Autumn Feeding | Welcome to HiveAlive | #1 Liquid Feed for Bees WorldWide | Buy online Now | Our Top Picks For You | HiveAlive EZ Feed Super Syrup | €28,00 €54,95 | HiveAlive Concentrate (100ML, 500ML, 2L, 10L) | from €22,99 €546,00 | HiveAlive Max Protein Patty with Pollen | from €8,00 | HiveAlive Super Syrup Jerry Cans | from €13,00 | HiveAlive Fondant Patty | from €21,65 | HiveAlive Fondant Patty with Pollen | from €5,80 | EZ Fondant Helper (Pack of 10) | €18,50 | HiveAlive EZ Find Pro HiveTool | €18,00 | The Ultimate Magnetic Hive Tool Holder | €22,60 | Trusted by beekeepers | Unique, natural ingredients | Published, proven data | Clarke, GA, USA | Dennis, Saskatchewan, CA | LM, USA | Elizabeth, US | Kyle G, Saskatchewan, CA | Peter Dickey, Ontario, CA | Chris, MD, USA",60,https://hivealivebees.com | https://hivealivebees.com/collections/hivealive-products | https://hivealivebees.com/products/hivealive-liquid-100ml-500ml-2l-10l | https://hivealivebees.com/collections/hivealive-products/products/hivealive-ez-feed-super-syrup,ok
3e5f5bac-54cf-4bbd-87c4-9eb6b0c02ec9,HiveIQ,nan,https://www.hiveiq.com.au,Three Storey Beehive Kit | 2 Hive Hobby Kit | 4 Hive Pallet Deluxe Kit | Availability | Feeding Shim Available for Pre-Order | Skip to content | HiveIQ AU | Shop All Products | Complete Hive Kits | Beehive Components & Addons | Bee Nutrition | Beehive Tools | Hive Locks and Strapping | Stands & Pallets | Frames and Foundation | Protective Wear | Varroa Mite Treatments | Check out the HiveiQ hive tool | A Better Beehive | Nucleus Beehive Kit | Pollen Collector | Your cart | Your cart is empty | Continue shopping | Thermally superior hives | For healthy & productive bees | Shop Now | Bulk Pricing | Max Rae | Mitchell Pryce | Geoff Harvey | Graham Jones | Catherine O'Kane | Edward Goins | Explore our range | Complete Hive Kits & Bundles | Beehive Tools & Accessories | Beehive & Honey Pallets | Frames & Plastic Foundation | Hive Locks & Strapping | Gift Cards & Merchandise | Built for insulation | Rugged & Durable | Lightweight & portable | Mission: Create the world's best beehive | Shop Hive Kits | Best Sellers | Attention Commercial Beekeepers | Commercial Sales | See the system in action | Software and Sensors | Try Beta | Learn More | Subscribe to updates | Follow us on Facebook / | Follow us on Instagram | Blog posts | View all posts | Embracing condensing hives is a game-changer for beekeepers | Read more,60,https://www.hiveiq.com.au | https://www.hiveiq.com.au/products/feeding-shim-pre-order | https://www.hiveiq.com.au/collections | https://www.hiveiq.com.au/collections/beehive-kits-and-bundles,ok
aceb0884-8806-4868-9efe-f00e5f9e4f4b,Alnahal Aljwal Company,nan,https://www.alnahalaljwal.com.sa,التخفيضات | العسل ومنتجات النحل | منتجات مزرعة صنوان | زيوت وسوائل طبيعية | منتجات عضوية,5,https://www.alnahalaljwal.com.sa,ok
3440374b-530a-482e-87bf-16d9f8cc1aa4,GRUPO DISTRIBUIDOR GARAU S.L.,nan,http://www.garau.es,"Nuestras noticias | Catálogos PDF | CATÁLOGO ALIMENTACIÓN 2026 _RED.pdf | CATALOGO LIMPIEZA 2026_RED.pdf | CATALOGO FUNCIONALES 2026_RED.pdf | CATALOGO HODECOR 2026 _RED.pdf | PORTADA RECOGIDA RESIDUOS_ 2026.PDF | Catálogo Vileda | CATALOGO-LOTES-NAVIDAD-2025-red.pdf | CATÁLOGO BEBIDAS 2026_RED.pdf | ESPARRAGOS BLANCOS 1ª 25/34 | ESPARRAGOS YEMAS BCOS EXTRA 9/12 | ESPARRAGOS BLANCOS 1ª 9/12 | ESPARRAGOS YEMAS BCOS 1ª 6/10 | ESPARRAGOS TALLOS BLANCOS (IMPORT) | PALMITO ENTERO NATURAL extra | ESPARRAGOS BLANCOS 1ª 5/9 | ESPARRAGOS BLANCOS 1ª 13/16 | TRIGUEROS 1ªTARRO17/24 | ESPARRAGOS BLANCOS 1ª 17/24 | SOJA BROTES (JUDIA MUNGO) | CEBOLLA CARAMELIZADA DADOS BOLSA | CEBOLLA FRITA DADOS LATA | CEBOLLA FRITA DADOS BOLSA | PUERROS TALLOS | ABRIL | ABRISOL | AIMAR | ALADIN | ALESVES | AMAPOLA | AMBIPUR | AMBRA | AMERICA | AMOY | ANTONIO REUS | AQUARIUS | AROY-D | AUTAN | AZACONSA | AZTECA | BARBOSA | BETIK | BONNE MAMAN | BORNIER | BRIKCITY | BRINOX | BULL'S EYE | CAIMARI | CARTE D´OR | CELORRIO | CLEVER SHINE | CLEVERNET | COLA CAO | Hosanit, nuestra nueva marca de productos higiénico-sanitarios",55,http://www.garau.es | https://www.garau.es/catalogos-pdf/ | https://www.garau.es/catalogo/ | https://www.garau.es/hosanit-nuestra-nueva-marca-de-productos-higienico-sanitarios/,ok
ec85fbd9-d17c-436c-a243-488a86a0ce0d,"FOODPLUS - Ingredientes e Aditivos, Lda",nan,https://www.foodplus.pt,"FoodPlus | Bakery | Bebidas Vegetais | Bebidas Espirituosas | Molhos e Temperos | Cárnicos | Laticínios | Sumos e Refrigerantes | Formuladores | Sobremesas e Gelados | Sobre Nós | Missão, Visão e Valores | Vamos Falar | Upgrading Flavours | Links Rápidos | Newsletter",16,https://www.foodplus.pt,ok
8d50675c-9e38-4890-91c5-6215c51d8065,IFF MURCIA NATURAL INGREDIENTS S.L.,nan,https://www.iff.com,"IFF report finds GLP-1 is reshaping food choices and eating behaviors among Indian consumers | IFF launches SENSORA™, an innovative pro-fragrance technology platform | IFF launches first-of-its-kind stabilizer system in Europe, the Middle East and Africa | IFF and ISIPCA Mark 10 Years of Joint Scent Design and Creation Master’s-Level Program | IFF’s 2025 Do More Good Report Highlights Progress in Nature-Based Innovation | IFF opens Vanilla Innovation Center in Madagascar | Your Experiences, Our Technologies | Our Solutions | Food & Beverage | Scent | Health Sciences | Beauty & Personal Care | Home Care | Grain Processing | Animal Nutrition & Health | Industrial Markets | Life-Cycle Assessment (LCA): Calculating the Path to GHG Reductions in IFF Products & Supply Chain | Responsible Vanilla Sourcing: Building Resilient Supply Chains | From Field to Circular Value: Rosemary’s Role in IFF’s Bioeconomy Innovation | Your Input Drives Our Future | Our Latest Stories | IFF to Webcast Fireside Chat at Barclays Global Consumer Conference on Sept. 10 | IFF Reports Second Quarter 2026 Results; Announces Use of Proceeds Plan for Food Ingredients Divestiture | IFF Declares Dividend for Third Quarter 2026 | Society of Baking, UK | Ethanol 101 Workshop | Our Work | Agitating Your Laundry and Disrupting the Market | Bittersweet and Salty: Modulating Your Senses | The Polymer Bio-Revolution Has Begun | Why Partner With Us? | $671M | Responsible Sourcing | +200,000 | Clean Label: Beyond a Trend | The Benefits of Clean Label Solutions | Clean Label Formulation | The Challenge | The Solution | A Simple and Lean Ingredient List | Sustainably Sourced Ingredients | Natural Colors | Transform Ideas into Market-Ready Innovations | Food & Beverage Ingredients | Our Ingredient Portfolio | Emulsifiers | Food Protection | Fruit Pieces & Paste | Gelato Flavor & Paste | Hydrocolloids / Texturants | Protein Solutions | System Blends | Sweeteners | Inventive Food & Beverage Inclusions | GUARDIAN® SYNEROX | SUPRO® TEX | Meet Our Experts | Latest News & Insights | Weight-Management Solutions: Supporting Consumers on GLP-1s and Other Medications | ASK THE EXPERTS: Don’t Cry Over Spilled Milk – Let’s Minimize Food Waste in Dairy",60,https://www.iff.com | https://www.iff.com/food-beverage/clean-label-solutions/ | https://www.iff.com/food-beverage/food-ingredients/ | https://www.iff.com/scent/consumer-products/,ok
bd0923fc-074c-4ac1-93ac-9caeba5c3bc2,"BIMBO DONUTS IBERIA, S.A.U.",nan,https://www.grupobimbo.es,"La Casa de Carlota y Grupo BIMBO se unen para ""Alimentar un mundo mejor para todos"". | Grupo Bimbo es incluido por primera vez en el índice de igualdad de género de bloomberg 2023 | Grupo Bimbo recibe la máxima calificación y reconocimiento por sus esfuerzos para mitigar el cambio climático | Conoce lo más sabroso de una alimentación saludable | UNA CULTURA QUE NOS DISTINGUE | Unidos con el Barcelona para promover el deporte y talento femenino | Copromiso con la sostenibilidad | Compromiso con la alimentación saludable | CONOCE NUESTRA ESTRATEGIA DE SOSTENIBILIDAD | {{prensa_destacados.data.results[0].nombre}} | {{prensa_destacados.data.results[1].nombre}}",11,https://www.grupobimbo.es,ok
e8704823-f011-4e4d-a97a-bd14841580bd,African Beekeepers Limited,nan,https://africanbeekeepers.co.ke,"Search | Who We Are | Mission | Vision | Primary Goal | Products, Services & Capabilities | Hive Manufacturing & Supply | Honey Production & Processing | Training & Capacity Building | Apiary & Project Management | Pollination Services | Technical Consultancy | Proven Capacity in Modern Beekeeping | The Buzz of Hope | Honey, Livelihoods and Conservation in Nasaru | From the Beekeeping Field and Media | The Beekeeper’s Truth: Lies, Honey, and the Buzz Behind the Business | Apimondia Congress, Istanbul | Introducing NyukiTracks Beekeeping App | Practical Knowledge for Modern Beekeepers and Publications | A Handbook on Basic Beekeeping Using Langstroth Beehives | Ready to Start Your Beekeeping Journey? | African Beekeepers Limited",23,https://africanbeekeepers.co.ke | https://africanbeekeepers.co.ke/index.php/products/hives-accessories | https://africanbeekeepers.co.ke/index.php/products/the-abl-box-hive,ok
51a32486-3879-4a2d-a258-37e53a644e1f,"BODEGAS VEREDA REAL, S.L.",vino y derivados del vino,https://www.bodegasveredareal.com,,0,https://www.bodegasveredareal.com,ok_sin_productos
28a5a0b5-8400-480f-b5f9-38320dd75f09,"EXPLOTACIONES HERMANOS DELGADO, S.L.",vino y derivados del vino,https://www.bodegaehd.com,"BODEGA Y VIÑEDOS ECOLÓGICOS PROPIOS | ABONO CE ECOLÓGICO | PIENSO ECOLÓGICO CERTIFICADO | ACEITES Y VINAGRES ORGÁNICOS | PRODUCTOS PARA COSMÉTICA Y FARMACIA | Desarrollamos una agricultura ecológica y sostenible permitiéndonos crear... | Industria de producción y transformación ecológica | Certificados internacionales | Certificado de Control Ecológico Español | Agricultura Ecológica Europea | Certificado Ecológico Alemán | Certificado Productos Orgánicos Americano | Certificado Productos Orgánicos Chino | Certificado para Ternera Gallega | Certificado Alemán de Alimento animal | Certificado Bio-ecológico Vegano | Bodega incluida en la Ruta de Vinos de La Mancha | Viñedos de Castilla-La Mancha | Visitas guiadas y Catas maridadas | ¿Habías oído hablar alguna vez del Enoturimo? | Ven a visitar nuestras instalaciónes. | ¡Te sorprenderán! | Últimas noticias | Blog | Alimentación de pollos de engorde con harinas de semilla y piel de uva | Prohibir Vinagres que no sean de vino o manzana | Airén con partículas de oro… ecológico! | Opiniones de nuestros clientes | ¿Dónde estamos? | Sangría Bio | Vega Lucía Espumoso Extra Seco Tempranillo Garnacha | Vega Lucía Espumoso Extra Seco | Crea tu propia combinación de vinos Sin alcohol – Estuche de 3 botellas | Vino Blanco 0,0% – Sin Alcohol | Vino Tinto 0,0% – Sin Alcohol | Vega Lucia – Tinto Joven Edición Limitada | Macatela – Ice Wine | Theresa Organic Passion Fruit- blanco 33 cl | Theresa Organic Passion Fruit | Vega Lucía Rosado Extra Seco | Vega Lucía Brut – blanco",41,https://www.bodegaehd.com | https://www.bodegaehd.com/tienda/,ok
7599ee0f-693a-4938-9696-588356913118,APITEC,piensos ganaderia,https://apitec.pl,"InstantVap 18V Compact, bezprzewodowy waporyzator sublimator kwasu szczawiowego | InstantVap 18V Lite, bezprzewodowy waporyzator sublimator kwasu szczawiowego | InstantVap 12V Original akumulatorowy waporyzator kwasu szczawiowego z kablem o długości 4 metrów | InstantVap 18V akumulatorowy, bezprzewodowy waporyzator kwasu szczawiowego | InstantVap Turbo 18V, bezprzewodowy waporyzator sublimator kwasu szczawiowego | Topiarka parowa do wosku 17L (nierdzewna) | Topiarka parowa (nierdzewna) z taboretem gazowym 5,3Kw | Topiarka parowa do wosku 12L (nierdzewna) | Topiarka parowa do wosku 15/22 ramek Wielkopolska (stal nierdzewna) | Pokonaj warrozę - wydanie III uaktualnione (Paweł Chorbiński) | Dochodowa Pasieka - (Piątek Michał) | Wielki poradnik pasieczny (Sławomir Trzybiński) | Terminarz pszczelarski (praca zbiorowa) | Ul towarowy (Michał Piątek) | Ogrody dla pszczół i dla Ciebie (Martyna Walerowicz) | Choroby i szkodniki pszczoły miodnej (Paweł Chorbiński) | Profesjonalna pasieka (Michał Piątek) | Gospodarka pasieczna (Wanda Ostrowska) | Choroby i szkodniki pszczół (Sławomir Trzybiński) | Atlas chorób pszczół (Grażyna Topolska, Anna Gajda, Urszula Imińska) | Pszczelarstwo - powrót do natury (Wołodymyr Małychin) | Apitec Jerzy Rugała",22,https://apitec.pl,ok
9ec28f91-e157-f011-877a-6045bd92f5a8,Blagden Specialty Chemicals LTD,nutraceuticos,https://www.elton-group.com,CORPORATE NEWS,1,https://www.elton-group.com,ok
9d9fe98c-5462-484d-a4fd-66185cebaa43,CHOCOLATES & NUTS S.L.,chocolate,https://www.fridul.com,,0,,error_home
5e80f87e-f284-f111-ab0e-70a8a53a0b30,Arttpa,panaderia,https://www.arttpa.com,,0,,error_home
8480f87e-f284-f111-ab0e-70a8a53a0b30,Sesamis,barritas y bebidas deportivas,https://www.sesamis.gr,Certifications | Contact Us,2,https://www.sesamis.gr,ok
594d57b6-320a-4745-aa82-710c7be4ccb4,ARCHROMA IBERICA S.L.,agroquimico,https://www.archroma.com,Archroma wins ICIS Innovation Award for sulfur dye breakthrough | HeiQ and Archroma Win ITMF International Collaboration Award 2026 | Archroma partners Lameirinho in InOneGO | Archroma Partners Fibre52® | EcoVadis Gold Rating | We are Archroma | Textile Effects | Casual Wear | Performance Wear | Home Textiles | Denim | Workwear and Uniforms | Exterior Textiles | Automotive | Nonwoven | Swimwear | Formal Wear | Packaging Technologies | Packaging | Tissue & Toweling Solutions | Wood | Paints | Construction | Water | Sustainability | Sustainability operations targets | The Archroma Way | Archroma | Governance & Compliance | Connect with us | Preparation | Dyeing | Printing | Finishing | Coloration for Paper | Water-based wood enamels | Coagulants | Waterproofing membranes | Whiteness & brightness | Nano emulsion | Process Chemicals Paper | Compostable dyes: an environmentally friendlier color solution | Emulsion for long-lasting architectural paints | Protection | Coating & finishing for white wood molding frames | Advancing paints for plastics with water-based emulsions,46,https://www.archroma.com | https://www.archroma.com/textile-effects/solutions | https://www.archroma.com/packaging-technologies/solutions,ok
bbfa2051-17c3-4a39-a8d8-a06d93f08fed,GROUPEMENT APIBIO,piensos ganaderia,https://www.groupement-apibio.org,Produits dans le panier | Fonctionnement des commandes | Votre panier (articles : 0),3,https://www.groupement-apibio.org,ok
bd758494-8687-4585-b983-0168b7354e72,MIGADI MONOPROSOPI IKE,nan,https://www.beecrete.gr,Δεν έχετε προσθέσει προϊόντα στο καλάθι σας. | Γυάλινα βάζα | Πλαστικά βάζα | Μεταλλικό βάζο μελιού | Μελιέρες | Βάζα για Κρέμες και Έλαια | Φιάλη Marasca | Φιάλη Dorica | Φιάλη Leggera | Φιάλη πλαστική | Πώμα βάζων μεταλλικό | Πώμα βάζων μεταλλικό Deep | Πώμα βάζων πλαστικό | Πώμα βάζων καραμελέ | Πώμα φιαλών - Φελλοί | Συρρικνωμένες κάψουλες | Ασκοί | Χαρτοκιβώτια | Κουβάδες | Κασετίνες | Δοχεία Αποθήκευσης | Δεξαμενές μελιού | Δεξαμενές λαδιού - κρασιού | Κάνουλες - Βάνες | Βάσεις Δοχείων | Πλωτήρες δοχείων | 'Α Ύλες | Υγρές Τροφές | Στερεές Τροφές | Βιταμίνες - Συμπληρώματα | Βαρρόα | Νοζεμίαση | Σφήκα | Κηρόσκορος | Κυψέλη | Τάπες κυψέλης | Μονωτικά κυψέλης | Πόρτες και χερούλια | Σύρματα | Συνδετήρες | Βίδες | Διάφορα | Κηρήθρες | Διαφράγματα | Τροφοδότες | Γυρεοπαγίδες | Χρώματα - Παραφίνη - Λινέλαιο | Καπνιστήρια | Ξέστρα | Εργαλεία συρμάτωσης - Αρμοστήρες | Εργαλεία Τρύγου | Εργαλεία Απολέπισης | Εργαλεία συλλογής πρόπολης | Διάφορα Εργαλεία | Εγκλωβιστές Βασίλισσας | Κλωβοί μεταφοράς βασιλισσών | Χρώματα και συκευές μαρκαρίσματος | Βέργες - Κελιά - Προστάτες | Εργαλεία Εμβολιασμού | Συσκευές βασιλοτροφίας,60,https://www.beecrete.gr,ok
bd6f4fe4-82f5-4278-a881-03435f2dff24,GENBA TASTE,nan,https://www.genbataste.lt,Cheese industry | Read more | Vegan industry | Confectionery industry | Ice cream industry | Snack industry | Fish industry | Dairy industry | Beverage industry | Meat industry | Culinary | Bread industry | Sauce industry,13,https://www.genbataste.lt,ok
42433238-fa77-4e93-9ccb-05b19f4c1769,"J.M. PALAU, S.A.",nan,http://jmpalau.com,L'art de la selecció | Avellana | Fruits Secs | Més de 50 anys. | Els nostres serveis | Els nostres productes | AVELLANA CRUA | AVELLANA TORRADA | GRANET D'AVELLANA | FARINA D'AVELLANA REPELADA | PASTA D'AVELLANA | AMETLLA MARCONA REPELADA | AMETLLA MARCONA REPELADA TORRADA | NOU MITGES AMB PELL | CONTACTE | visiti'ns | Horari d'atenció | Pot parlar-nos | Avis Legal | Idioma Movil | Productes - Avellanes | Productes - Ametlles | Productes - Cacahuets | Productes - Nous | Productes - Pinyons | Productes - Coco | Productes - Panses | Avellana Closca | Avellana en pell | Avellana repelada | Avellana granet | Avellana farina | Avellana pasta,33,http://jmpalau.com | http://jmpalau.com/index.php/ca/serveis/pasta-i-praline | http://jmpalau.com/index.php/ca/productes-i-serveis | http://jmpalau.com/index.php/ca/productes-i-serveis/productes-avellanes,ok
93e54c89-1c54-47ff-a727-0ba52a4fe952,SYMRISE IBÉRICA,nan,https://www.symrise.com,"Creating resources with a circular economy | Trending now | 1874 – 2024: Celebrating 150 years | Share price | €93.08 | Circular economy | Discover our latest roles now | Sustainability is an integral part of our business model | Our ""Full side-stream valorization"" approach | Latest trends | Interim Group Report January – June 2026 | News | How did you find out about the Symrise website? | Facts & figures | A case for investment | Corporate Report 2025 | Download center Our publications since 2006 | Media assets Images and videos for the press | Events | Your career at Symrise – create with us! | Managing successfully and acting sustainably | Creating resources with the circular economy | The future is circular and green | Our blog - always inspiring more... | Why smoke and char enrich global flavor innovation in 2026 | The grocery jetsetter: how to travel the world in your local supermarket aisles | Cherub cheeks: inside the viral blush phenomenon | Social Media | Symrise AG on LinkedIn | Symrise on YouTube Here you will find all official Symrise videos. | Symrise on Facebook Learn more about our company and our values and enter the world of Symrise. | Symrise on Twitter / X All about Symrise in brief. | Grievance system | Contact | €93.20 | Our company | Our product world | always inspiring more... | Pet parenting | Beauty+ | Cracking the code of nature | Symrise opens the doors to Grand Hôtel Particulier at Beautyworld Dubai | Cosmetic Ingredients | Scent & Care | Great cosmetic experience unleashing natural beauty and well-being | Our products | We create cosmetic ingredients in seven core categories | Active Ingredients | Micro Protection | Botanicals | Sun Protection | Functionals | Color Solutions | Hair Care | Explore our latest innovative solutions for the cosmetics world... | Hydrolite® 5 green | SymReboot™ L19 | Nature, science and consumer desire | Our high-quality solutions are underpinned by three key pillars | 1. Innovative research",60,https://www.symrise.com | https://www.symrise.com/our-company/our-unique-portfolio/ | https://www.symrise.com/scent-and-care/cosmetic-ingredients/ | https://www.symrise.com/scent-and-care/cosmetic-ingredients/join-our-world/,ok
e098939f-5217-409d-9884-1201558ef7a0,COMAPIS,nan,https://comapis.com,,0,,error_home
f8714d97-f6c5-45c2-898a-1ae30a2096c3,APICOMP SRLS,nan,https://www.apicomp.it,"Vasetto vetro 780 ml T.O.82 per 1 kg miele – Made in Italy | Scatola in cartone per 12 vasi di miele da 500 g | Tappo To53 capsula alveare per vasetto miele da 106 ml | Telaino da nido Dadant-Blatt montato con filo zincato | Scatola in cartone per 6 vasi di miele da 1 kg | Telaino da melario Dadant-Blatt montato con filo zincato | Arnietta portasciame in cartone a 5 favi per vendita e trasporto sciami | Scatolina in cartone per flacone di propoli da 15, 20 e 30 ml | Scatola regalo ondulata a cannette per 1 vaso di miele da 250 g | Favetto Delizia in plastica per miele in favo, con custodia | Buste regalo per 1 vaso di miele da 500 g, confezione da 25 | Tappo To63 capsula per vasetto miele da 212 ml (250 g) | Candisac solleva-sacchetto per buste di candito con taglia busta | Buste regalo per 2 vasi di miele da 500 g, confezione da 25 | Abbigliamento Apicoltura | Allevamento Regine | Arnie e Accessori | Attrezzatura da Laboratorio | Candele profumate al miele | Confezioni Miele | Cosmetica | Ferramenta per Arnia | Lavorazione Cera | Miele | Miele in barattoli | Nutrizione | Pappa Reale | Polline | Presidi Sanitari | Raccolta della Propoli | Sanità Api | Aceto di miele artigianale | Acido ossalico diidrato in barattolo da 750 g | Affumicatore America inox diametro 10 cm, altezza 30 cm, con mantice | Affumicatore in acciaio inox con becco alto, diametro 10 cm | Affumicatore inox 304 diametro 10 cm, altezza 18 cm, con protezione e mantice | Affumicatore inox con becco alto, 18 cm, diametro 10 cm, con protezione | Affumicatore inox diametro 10 cm, altezza 19 cm, con mantice e protezione | Affumicatore inox piccolo diametro 8 cm con mantice e protezione | Affumicatore professionale Dadant in acciaio inox con mantice in pelle – USA | AlveisClean, detergente igienizzante schiumogeno per attrezzatura apistica | Alzamelario Giordan a manovella per arnie da 10 telaini | Angolare in lamiera zincata per arnia | Angolare poggia-leva per arnia | Api-Bioxal 31 g in polvere per alveare, trattamento antivarroa | Api-Bioxal 312 g in polvere per alveare, formato per 100 arnie | Api-Bioxal 5 litri – Acido ossalico con glicerolo per varroa | Api-Bioxal con glicerolo 500 g, trattamento antivarroa | Api-Bioxal medicinale veterinario in busta da 156 g | Apicalm – combustibile vegetale per affumicatore (1 kg) | ApiCandy Bio candito biologico per nutrizione delle api, 12 kg | Linea bagno | Linea Bimbi | Linea Capelli | Linea Olio Di Oliva | Linea Viso | Prodotti Speciali | Bagno doccia aloe vera e miele al mughetto d’Irlanda 300 ml | Bagno doccia aloe vera e miele al muschio bianco 300 ml | Bagno doccia aloe vera e miele, fiori di lavanda 300 ml",60,https://www.apicomp.it | https://www.apicomp.it/shop/ | https://www.apicomp.it/categoria-prodotto/cosmetica/linea-bagno/ | https://www.apicomp.it/categoria-prodotto/cosmetica/linea-bimbi/,ok
350c4572-2dad-4572-98e1-230e75da64d4,"FIESTA INGREDIENTS, S.L.U.",nan,https://www.fiestaingredientspain.com,,0,https://www.fiestaingredientspain.com | https://www.fiestaingredientspain.com/home/industrial-products,ok_sin_productos
de2e2006-22c4-4c0a-a449-260014320682,"MUNDAKA HELADOS, S.L.",nan,https://www.heladeriascassata.es,Helados | Polos | Granizados | ELDA | VILLENA | ALICANTE PAU5 | TOLEDO | Nuestro chef | Ingredientes100%naturales | Franquicia | ¿COMENZAMOS? | NEGOCIO EN CRECIMIENTO | ACOMPAÑAMIENTO ON BOARDING | VENTAJAS DE FRANQUICIARTE | LA FELICIDAD | que provocamos | Dirección | E-mail | Teléfono | ¿Quieres ser franquiciado?,20,https://www.heladeriascassata.es,ok
2d941417-1d7a-4496-92b1-516daf4af955,ASTERISCOS E RETICENCIAS S.A.,nan,https://gutsycaptain.com,IF YOU WANT TO SELL OUR PRODUCTS,1,https://gutsycaptain.com,ok
8636c5c7-6b5a-4ea4-a085-55a7f798de45,ALBERTA HONEY PRODUCERS CO-OPERATIVE LTD.,nan,https://www.beemaidbeesupplies.com,"Inland Plastics R8 Single Winter Wrap (Side Only) | Inland Plastics R8 Double Winter Wrap (Side Only) | Watson Scape Goat Winter Gloves | Bee Cozy Winter Wrap - Double | closed Wednesday, September 30 | Menu | Home | Bee Health | Bee Nutrition | Beehive Essentials | Beekeeper Tools & More | BeeMaid Honey | Education, Crafts, & Gifts | Honey Processing & Bottling | Products from the Hive | Protective Clothing | Replacement Parts | Trade Tools & Supplies | LIVE BEES | New Arrivals | Sale/Clearance | Workshops | Spruce Grove, AB | Tisdale, SK | Winnipeg, MB | Beekeeper Associations | Blog | Contact Us | BeeMaid Honey Website | Search | Account | View my cart (0) View my cart (0) 0 | September's | Hive Essentials Spotlight | Quick view | New product alert | Shop Now | Contact | Refund Policy | Terms of Service | Our Retail Locations | Newsletter Sign Up | Frequently Asked Questions | Shop All Products | Facebook | Instagram | Back to top | Apivar 12-Pack | Oxalic Acid Dihydrate | Apivar 4-Pack | Apivar 60-Pack | Thymovar | Formic Pro - 10 Dose | Formic Pro - 2 Dose | Varroa Mite Sticky Board | Fumagilin-B 24 g | Formic Pro - 30 Dose | Fumagilin-B 454 g | VarroxSan - 60 Pack | X-Varr Oxalic Acid Tablets",60,https://www.beemaidbeesupplies.com | https://www.beemaidbeesupplies.com/collections/bee-health | https://www.beemaidbeesupplies.com/collections/bee-nutrition | https://www.beemaidbeesupplies.com/collections/beehive-essentials,ok
fee4e0d6-2d51-41f9-980a-63dca25841a1,IL MONDO DELLE API,nan,https://www.ilmondodelleapi.com,"Prodotti in vetrina | Camiciotto Giallo Astronauta per Apicoltura - Professionale | Collettore Veleno d'Api PICK-O-TRONIC - Estrattore Professionale | Maturatore Inox Fiorillo 400kg - Decantatore Miele Professionale | ApiHerb 40g - Mangime Naturale Erbe per Api (Bustina) | Vedi dettagli | Apifor 60 Acido Formico 60% - Tanica 5 Litri Antivarroa | Fondimiele Immersione Ø 70cm - Piastra Inox Termostata | Vassoio Zincato Arnia 10 Favi D.B. - Cassetto Antivarroa | Distanziatori Melario 5 Favi - Acciaio Zincato | Tutti i prodotti in evidenza  | Più venduti | Flacone Vetro Ambrato 10ml Contagocce - Propoli e Oli | Telaino Nido Dadant Blatt in Legno - Infilato o Forato | Disco a 4 Posizioni in Acciaio Zincato | Apipasta Candito Base 1kg - Nutrimento Api Invernale | Flacone Vetro Ambrato 20ml Contagocce - Propoli e Oli | 12 Vasi Miele 1kg Vetro 773ml TO/82 con Capsule Incluse | Secchiello Miele 24 kg con Coperchio Ermetico - Alimentare | Guida Metallica a ""U"" Zincata per Porticine di Arnia | Tutte le migliori vendite ",21,https://www.ilmondodelleapi.com,ok
93f14061-d52f-4020-8840-652c54921f67,G. NOFAR FOOD AGENCIES LTD,nan,https://www.HiTechFries.com,,0,,error_home
7be58217-d972-422c-97a5-655d18e8f5eb,ROTTERDAMS HONING,nan,https://www.rotterdamhoning.nl,Welkom bij Daan's Honing! | Koop kaarsen >> | Adopteer een bijenvolk >> | Koop honing >> | BLOG | MARKTAGENDA | KERSTMARKT PIJNACKER ZUID | KERSTMARKT ZEVENHUIZEN DE KOEIENSTAL | Rotterdamse voorjaarsbloemenhoning 2026 | Rotterdamse zomerbloemenhoning 2026 (Linde) | Zomerhoning 2026 (Balsemien) | creméhoning | Rotterdamse Najaarsbloemenhoning 2025 | Rotterdamse zomerbloemenhoning knijpfles 2026 (linde ) | zomerhoning knijpfles 2026 (Balsemien) | Hot Honey – pittige honing met chili | Raathoning 2026 (ca 200 gram) | Accia honing | Lavendelhoning | Tijm honing | Accia honing knijpfles | Raathoning met raat | Honing snoepjes | Hakhoning Citroen | Hakhoning Kaneel | Hakhoning Aardbei | Hakhoning Sinaasappel | Hakhoning Anijs | Hakhoning Drop | Hakhoning Eucalyptus | Hakhoning Gember | Hakhoning Naturel,32,https://www.rotterdamhoning.nl | https://www.rotterdamhoning.nl/product-categorie/honing-2/ | https://www.rotterdamhoning.nl/product-categorie/snoep/ | https://www.rotterdamhoning.nl/product-categorie/snoep/hak-honing/,ok
c9dc664a-479f-4337-ab2b-695cd939f93c,"BOZNAR, D.O.O.",nan,https://www.boznar.si,,0,,error_home
61026edf-4327-4a8c-995f-6968a9d521a5,"JOSE MARIA BOU, S.L.",nan,https://www.chufasbou.com,Chufa de Valencia ecológica | Harina de chufa | Horchata de chufa | Chufa pelada | Helados de Chufa | Productos | Chufa de Valencia | Chufa troceada o laminada | Aceite de chufa | Helados de horchata | Muesli de chufa | ChufaCream | Proceso de producción | Beneficios para la salud | Condiciones de almacenaje | Información nutricional | chufa ecológica de Valencia | cultivo | Por 100 g | Valor energético | Grasas | de las cuales saturadas | Hidratos de carbono | de los cuales azúcares | Proteínas | Fibra alimentaria | Ácido fólico (B9) | Vitamina E | Arginina | Calcio | Magnesio | Potasio | Cultivo de la chufa de Valencia | Selección y calidad | chufa valenciana | Fósforo | Hierro,37,https://www.chufasbou.com | https://www.chufasbou.com/productos/ | https://www.chufasbou.com/productos/chufa-de-valencia-ecologica/ | https://www.chufasbou.com/productos/chufa-de-valencia/,ok
6d075d46-8ac1-4b92-8f88-6f94df82a00b,CARL FRITZ,nan,https://www.carl-fritz.de,"Geschenktasche blau - Biene Maja 18 x 23 cm | Geschenktasche lila - Biene Maja 18 x 23 cm | CFM-Radialschleuder Ø 72cm mit Vollautomatik Touch Compact 250 W, 12-Ganzrahmen | CFM-Radialschleuder Ø 72cm mit Vollautomatik Touch Compact 250 W, 16-Ganz-/28 Halbrahmen | CFM-Selbstwendeschleuder Ø 72cm mit Vollautomatik Touch Compact 250 W, 4 Wabentaschen 28 x 45cm | CFM-Selbstwendeschleuder Ø 72cm mit Vollautomatik Touch Compact 250 W, 4 Wabentaschen 25 x 45cm | CFM-Tresterkorb für Wachsschleuder | CFM-Abfüllbehälter 10 kg (4 Spannverschlüsse) | Wärmeträgermedium - 22 kg Kanister | T-Schraube groß für Quetschhahn (M8) ab Baujahr 2020 | T-Schraube klein für Quetschhahn (M6) bis Baujahr 2019 | Buch ""Ein Jahr mit den Bienen"" | Edelstahl Grobsieb Ø 25 cm mit drei Haltern | Edelstahl Doppelsieb Ø 25 cm mit unterer Wölbung | Geschenkkarton für 3 Gläser à 250g | Home | Honigschleuder | Tangentialschleudern | Selbstwendeschleudern | Oberantrieb | Unterantrieb | Doppeltaschen | Radialschleudern | Schleudersets | Wabenkörbe & Einhängegitter | Schleuderantriebe | Entdeckelung | Entdeckelungsgabeln/-messer | Entdeckelungsgeschirr/-tisch | Entdeckelungsmaschinen | Deckelwachs verarbeiten | Honig bearbeiten | Honig sieben | Separator & Zentrifuge | Honigpumpen | Honig Rührgeräte | Doppelwandige Rühr-/Mischgeräte | Einwandige Rühr-/Mischgeräte | Einfache Rührgeräte | Bodenheizungen | Honig verflüssigen | Honig trocknen | Abfüllbehälter | Honigabfüllmaschinen | Zubehör zu Abfüllmaschinen | Honiggläser & Co. | Honiggläser | Etiketten | Verpackung | Werbung | Honig lagern | Honigeimer | Lagerbehälter | Zubehör | Beuten, Futter & Co. | Bienenbeuten | Ablegerkästen | Dadantbeute | Frankenbeute | Heroldbeute",60,https://www.carl-fritz.de,ok
dae4bd49-2ef1-4cac-b4d3-727ee2f5b301,Hillco Bees,nan,https://www.hillco.buzz,"About | Contact | Rewards | Shop All | Live Bees & Queens | Hives | 5 Frame Hives | 10 Frame Hives | Insulated Hives (Hive365™) | Insulated Hives (Apimaye) | Beginner Kits | Components | Frames & Foundation | Hive Accessories | Feeders | Queen Rearing Supplies | Honey Extraction | Honey Extracting | Honey Extractors | Honey Removal & Extracting Accessories | Honey Transfer | Need help with your honey house? Get Started | Honey Storage | Honey Storage & Containers | Uncapping Tanks & Tools | Bottling | Protective Equipment | Bee Suits | Gloves | September Stock up | WEEKEND SALE! | Stock Up & Save! | InstantVap | Oxalic Acid Vaporizers | Shop Now | FOR EVERY BEEKEEPER | Stop the Wobble | With Spring Feet | meet the new | Hive365™ Series | Featured Products | View All Featured Products | Maxx36 Honey Extractor - 36 Frame Radial | InstantVap Compact OA Vaporizer | EZ-OX Oxalic Acid Powder - 14oz/400 grams | Apiguard Varroa Mite Treatment - 3kg Tub | VarroxSan - Slow-Release Oxalic Acid Strips | Formic Pro Varroa Mite Treatment - 30 Dose | Honey Warming / Cooling Cabinet | 20 Gallon Heated Creamer | 9 Gallon Honey Creamer | 60 Gallon Heated Bottling Tank | 32 Gallon Heated Bottling Tank | Steam Wax Melter | Maxima Plastic Bottom Board - 10 frame | Maxima Hive Cover/Feeder Combo | 30 Gallon Honey Clarifier | Professional Uncapping Tank - 24"" | Professional Uncapping Tank - 40"" | Honey Storage & Bottling Tank - 6 Gallon",60,https://www.hillco.buzz | https://www.hillco.buzz/collections/winter-beekeeping-prep | https://www.hillco.buzz/collections/all | https://www.hillco.buzz/collections/bees-queens,ok
9e38eac6-6889-4249-9cc8-7af28f7c3e6f,"RON MONTERO, S.L.",nan,https://ronmontero.com,,0,https://ronmontero.com,ok_sin_productos
64c7a77f-86ba-40d9-ac91-865be6df87d7,Laboratorios Viñas,nan,https://www.vinas.es,"Nuestro propósito | Compromiso | Medio ambiente | Ética | Nuestras marcas | Innovación constante | ¡Trabaja con nosotros! | Actualidad | Laboratorios Viñas amplia su expansión internacional con nuevos acuerdos de distribución dermatológica en Europa | Laboratorios Viñas colabora con Farmamundi en laprotección, salud y derechos para mujeres y niñas",10,https://www.vinas.es,ok
75aab949-24ae-4463-816f-8830e8754ee5,IMKERSHOP.NL,nan,https://www.imkershop.nl,"Aziatische hoornaarval Velutina Trap Pro - BeeVital | Apipasta suikerdeeg 1 kg | Sluitzegel aquarel | 2-raams tafelmodel honingslinger Ø 420 mm - BeeFun® | Thymovar tegen Varroa (REG NL 10330) | Spaarkast glazen dekplank met voergat 47,3 x 42,1 cm en bijenuitlaat RVS | Jerrycan Invertbee van 14 kg (suikerwater) | Ronde glazen potten 60 stuks - 375 ml / 450 gram, met keuze uit deksels (TO 63 mm) | Klimop honing crème - 500 gram | Amandel honing vloeibaar - 500 gram | Yucatan honing crème - 500 gram | Rozemarijn honing crème - 500 gram | Oranjebloesem honing crème - 250 gram | Klimop honing crème - 250 gram | Oranjebloesemhoning crème - 500 gram | Lavendel honing crème - 500 gram | Vergelijken | Home | Veel gestelde vragen (FAQ) | Vragen over producten | 0 Winkelmandje 0 Product(en) - € 0,00 | Bestellen",22,https://www.imkershop.nl | https://www.imkershop.nl/content/12-vragen-over-producten,ok
5c7aa85a-2a32-4ad5-9205-8f0b1f03a80b,GARTNERBUTIKKEN,nan,https://gartnerbutikken.dk,,0,,error_home
ec9a62b1-80c3-42b2-844f-90e9f1c63ab7,KOPPERT ESPAÑA,nan,https://www.koppert.es,"Noticias y eventos destacados | Buscador de soluciones | La solución adecuada para su cultivo | Nuestras especialidades | Control de plagas | Control de enfermedades | Polinización | Sanidad vegetal | Monitoreo | Aplicación | Minimice los efectos secundarios, maximice la protección | No hay nada mejor que el original | ¡Aplique una solución llena de vida! | Características y noticias | El control biológico, única alternativa autorizada para frenar el pulgón en pimiento | Estrategia para pimiento temprano: claves de Koppert para una campaña de éxito en Adra, Berja y Dalías | Dejar de buscar el ‘efecto choque’, clave para adaptarse al nuevo escenario de plagas en cítricos | Koppert presenta Limonica Ulti-Mite, el mejor ácaro depredador contra trips y mosca blanca en el mejor sobre | Koppert ofrece con Limonica Ulti-Mite® la protección más duradera frente a trips y mosca blanca | Limonica, el ácaro depredador que lidera el control biológico de trips y mosca blanca en invernadero | Obtenga las últimas noticias e información | ¿Necesitas ayuda? | ¿Preguntas o ayuda? | Contáctanos",24,https://www.koppert.es | https://www.koppert.es/productos | https://www.koppert.es/productos/control-de-plagas | https://www.koppert.es/productos/control-de-enfermedades,ok
97e51d33-ea3a-4931-bf10-9de00946e7c6,General Mills,nan,https://www.generalmills.es,"Descubre la fábrica de Nature Valley | Descubre la fábrica de Old El Paso, en San Adrián | La innovación de Häagen-Dazs™ encuentra su hogar en Arras | 150 años de innovaciones! | RSC General Mills Ibérica | Las marcas que conoces y amas. | Contáctenos | Seleccione su localización | Asia, Middle East & Africa | Mainland China | Hong Kong, China | India | Japan | Malaysia | Philippines | Saudi Arabia | Singapore | South Africa | South Korea | Taiwan | Thailand | Turkey | America | Argentina | Brazil | Canada | Mexico | Puerto Rico | United States | Europe & Australia | Australia | Belgium | Denmark | Finland | France | Germany | Greece | Iceland | Norway | Portugal | Spain | Sweden | United Kingdom | Enlaces de interés (en inglès) | Reportes | Síguenos en redes sociales | Suscríbete a nuestro boletín",47,https://www.generalmills.es,ok
289e6483-a096-47d6-8103-afdb07f26add,Ferdinand Kreutzer Sabamühle GmbH,nan,http://www.saba.de,Unsere Highlights | Produkte entdecken | Branchen | Rohstoffe für alle Industrien. | Jetzt Angebot anfordern | Was ist halal? Halal-Zertifizierung | Weiterlesen | Wir wachsen weiter: So sieht die neue Lagerhalle der Ferdinand Kreutzer-Sabamühle in Hamburg aus | Was ist koscher? Kosher-Zertifizierung | Stärken & Derivate | Flüssigzucker & Sirupe | Ballaststoffe | Gewürze & Saaten | Bio-Produkte | Pharma-Hilfsstoffe | Milchpulver | Süßstoffe | Zusatzstoffe | Impressum | Datenschutzerklärung | Allgemeine Geschäftsbedingungen | Kontakt | Karriere | Die Sabamühle | Top 15 | Produkte | Zertifikate | News | fourplex GmbH,29,http://www.saba.de,ok
45545777-1df9-4bc4-9340-b13effc01261,APITRADE LTD,nan,https://www.simid.bg,"Изпратете ни съобщение | За нас | Нашите хлябове | Знаете ли: | Кой прави хляба | От какво правим хляба | Хляб и здраве | Често задавани въпроси | Има ли консерванти, овкусители и оцветители в хлябовете? | Използвате ли жива закваска? | Какво брашно използвате? | Използвате ли ГМО пшеница? | Има ли фибри в хлябовете? | Какво означава ""Clean Label"" (Чист етикет)? | Clean label | Пресен хляб всеки ден! | Царевичен хляб | Най-важното за този хляб | Силата на една филийка | Съставки: | Основни хранителни вещества | Витамини и минерали | Съвет за теб | Keto Bread | Пълнозърнест хляб Ретро",25,https://www.simid.bg | https://www.simid.bg/products/sp-carevichen | https://www.simid.bg/products/sp-keto-bread | https://www.simid.bg/products/retro-palnozarnest,ok
eeeb72ee-8d16-45c1-949e-b5f74233b3b2,Bitio Project S.L.,nan,https://www.zenement.com,"Magnesium Bisglycinate | Omega-3 1000mg Wildfish Oil per softgel | Trans-Resveratrol & Liposomal NAD+ from Polygonum Cuspidatum | Premium Omega-3 In Triglyceride Form, IFOS Certified | Multivitaminerals - 27 Vitamins & Minerals with Lutein | Fat Burner with Yerba Mate 450mg & aXivite – 9 Active Ingredients | Akkermansia Muciniphila MucT™ Pasteurised 30 Billion TFU | Vision Zen with DHA, Lutein, Zeaxanthin, Zinc, Selenium, Copper, Vitamins E & B2 | Vitamin D3 + K2 2000 IU & 150µg MK-7 | Marine Collagen Complex with Hyaluronic Acid, CoQ10, Vitamins C & E, & Zinc | Liposomal Vitamin C 1000mg - Max Absorption | Organic Ashwagandha KSM-66® 600mg per capsule | Oregano Oil 80% Carvacrol, 2% Thymol | Creatine Monohydrate Pure Powder | CoQ10 200mg per softgel | Organic Moringa 1800mg per serving | Glucosamine Complex with Chondroitin, MSM, Boswellia, Bamboo, Quercetin & Selenium | Premium Proactiflora 30 Strains | 80B CFU + Butirate, Inulin & Zinc | Magnesium Complex 5 in 1 | PCOS Zen - Myo & D-Chiro-Inositol, Liposomal Berberine - 180 Capsules | Berberine from Berberis aristata | Turmeric Curcumin with Black Peper | Collagen Peptides 100% Grass-Fed, Hydrolysed Bovine Collagen | Astaxanthin 8mg per softgel | Hair Forte with Aminoacids from Millet, Saw Palmetto, D-Biotin, Zinc and Selenium | Red Yeast Rice with 2.9mg of Monacolin K, 10mg of CoQ10 & Vitamin B3 | Organic Lion's Mane extract 50% Polysaccharides, 15% Beta-Glucanes | Magnesium Citrate | Glycine 100% Pure | L-Glutamine Unflavoured, no additives | Organic Spirulina & Chlorella 100% Organic | IntestiZen Cleanse – Berberine, Oregano, Thyme, 8 Plant Extracts | Thyroid Zen Thyroid support formula | Salmon oil Natural Omega-3, 6 & 9 | Magnesium L-Threonate 2000 mg per serving | Respiratory Zen Throat Soothing & Breathing Comfort",36,https://www.zenement.com | https://www.zenement.com/collections/all | https://www.zenement.com/collections/new-arrivals | https://www.zenement.com/collections/trending-now,ok
cb5acfa3-82cc-4e7c-950d-be831c01f243,Imkereibedarf Seiringer e.U.,nan,https://www.imkerei-seiringer.com/produkt-kategorie/bienenfutter,Bienenwachskerzen | Geschenkideen | Getränke | Honige | Kosmetik | Naschereien & Superfoods | Pollen | Propolis | Wachstücher | Futterteig | Bienenfutter Palettenabnahme | BIO Bienenfutter | Futterzusätze | Konventionelles Bienenfutter | Werkzeug | Waagen | Varroa Bekämpfung | Stockwaagen | Starterpakete für Jungimker | Schwärme | Schädlingsbekämpfung | Rähmchen & Zubehör | Pollenernte | Mittelwände | Laborgeräte | Künstliche Besamung | Königinnenzucht | Königinnen | Kerzenherstellung | Imkereibedarf gebraucht | Imker Schutzbekleidung | Honigverkauf | Honigschleudern & Zubehör | Gutscheine | Ernte & Lagerung | Effektive Mikroorganismen | Bücher | Bienenwachs Gewinnung | Bienenvölker | Bienenfutter & Zubehör | Bienenbeuten | Beutenzubehör | Apitherapie | Neue Produkte | Bienenprodukte | Lyson | Diverses | Herstellung/Propolistropfen | Imkereiprodukte | MET Herstellung,50,https://www.imkerei-seiringer.com/produkt-kategorie/bienenfutter | https://www.imkerei-seiringer.com/imkereibedarf-shop/ | https://www.imkerei-seiringer.com/imkereiprodukte-shop/ | https://www.imkerei-seiringer.com/shop/,ok
6b34212c-bc0e-4b77-aa56-c366646d0dfe,VS FOOD B.V.,nan,https://vsglobal.eu,,0,,error_home
62ed87fc-0404-4363-9b6b-d7aa444a51d0,Lehmann Food ingredients Ltd,nan,https://lehmanningredients.co.uk/dietary-fibre,Search Suggestions | Agave Inulin Powder | Apple Fibre | Apple Fibre Long Length | Apple Fibre Short Length | Bamboo Fibre | Bamboo Fibre Long Length | Bamboo Fibre Short Length | Cellulose Powder (E460ii) | Cellulose Powder Long Length (E460ii) | Cellulose Powder Short Length (E460ii) | Citrus Fibre | Corn Fibre | Corn Fibre Soluble Powder | Corn Fibre Soluble Syrup | Fibre Blends Functional | Flaxseed Fibre Soluble Powder | What is Dietary Fibre? | Soluble Fibres | Tapioca Fibre Soluble Syrup | Polydextrose Powder | Tapioca Fibre Soluble Powder | Insoluble Fibres | Lignocellulose | Wheat Fibre Long Length | Pea Fibre Long Length | Wheat Fibre Short Length | Sugarcane Fibre Long Length | Sugarcane Fibre Short Length | Pea Fibre Short Length | Oat Fibre Short Length | Oat Fibre Long Length | Potato Fibre | Hemp Fibre Crisps | Our Sectors | Food & Drink | Pharmaceutical | Personal Care | Animal Nutrition | Updates | Locations | Contact | Xanthan Gum 200 Amylase Free | Wheat Starch Native | Rice Syrup | Pea Protein | Maltitol Syrup | Maltodextrin DE19 | Fructooligosaccharides (FOS) | Corn Starch Waxy Clean Label Cook-Up | Rice Broken | Fava Bean Protein | Glucose Syrup 42DE (Confectionary Grade) | Rice Flour | All Ingredients | Ingredients (314) | Filter Ingredients (314) | Agave Syrup Dark | Agave Syrup Light | Balsamic Vinegar of Modena 6% Bronze Caramel Free,60,https://lehmanningredients.co.uk/dietary-fibre | https://lehmanningredients.co.uk/ingredients/ | https://lehmanningredients.co.uk/ingredient-category/acidulants-hydrocolloids-and-preservatives/ | https://lehmanningredients.co.uk/ingredient-category/caramel/,ok
e835f4a7-147e-4844-9195-de7602308788,BARCELONA BEER COMPANY,nan,https://www.barcelonabeercompany.com,BARCELONA BEER COMPANY,1,https://www.barcelonabeercompany.com,ok
0f514c89-5175-4357-8bc4-e986150c9849,GOLOSINAS MININOLAS S.L,nan,https://mininolas.com,"EL SABOR DE SIEMPRE, SIN AZÚCAR Y SIN ALÉRGENOS | Golosinas para todos, sin excepciones | Minimelis Health | Golosinas sin azúcar | Minimelis amenities | Desarrollos para ​ terceros | I+D+i",7,https://mininolas.com,ok
6e4dcaa6-4478-4e63-9df3-405fc4527ae2,Tnuva,nutraceuticos,https://www.tnuva.com,,0,,error_home
98eb3558-d352-f111-bec6-000d3abe319d,Guts Biotech,nan,https://www.gutsbiotech.com,"El origen de tu salud | Test de SIBO | Test de Sensibilidad Alimentaria | Test de Microbiota Intestinal | Estudio Integral de Salud Digestiva | Un proceso diseñado para tu comodidad | Elige tu test ideal | Recoge tu muestra | Sin desplazamientos | Explora tus resultados | Tu salud en datos. Tu bienestar en acción. | Haz el quiz y descubre el test recomendado para ti | Saber más | Comprar | Estudio Integral de Salud Digestiva Esencial | Salud digestiva | Función cognitiva | Salud metabólica | Sistema inmunitario | Rendimiento físico | Calidad del sueño | ¿Por qué debería elegir el Estudio Integral de Salud Digestiva en lugar de uno individual? | ¿Qué tipos de muestra se necesitan para el Estudio Integral de Salud Digestiva? | ¿Puedo compartir mis resultados con mi especialista de salud? | ¿Tengo que pagar el envío o la recogida de mi muestra? | Nuestra solución más completa hasta hoy | Síntomas que no debes ignorar | ¿Tienes dudas? | Testimonios reales de nuestra comunidad | Valoraciones | Únete a la comunidad Guts | Test de Sensibilidades Alimentarias | Tu microbiota, en el centro de tu bienestar | Una visión clara de lo que ocurre en tu intestino | Datos precisos | Información clara | Resultados reveladores | Privacidad garantizada | Así de fácil es con Guts | Paso 1 | Paso 2 | Paso 3 | Estudio Integral de Salud Digestiva Avanzado",43,https://www.gutsbiotech.com | https://www.gutsbiotech.com/productos/ | https://www.gutsbiotech.com/producto/estudio-integral-de-salud-digestiva/ | https://www.gutsbiotech.com/producto/estudio-integral-de-salud-digestiva-avanzado/,ok
26180b51-884b-45e3-a5ea-b09beac817ef,STELISIA,nutraceuticos,https://stelisia.eu/en/home,,0,https://stelisia.eu/en/home,ok_sin_productos
c5c85ce4-c09b-ed11-aad1-000d3aaab651,"ALINDA-VELCO, S.A.",panaderia,https://www.alindagoup.co,,0,,error_home
bdeb3558-d352-f111-bec6-000d3abe319d,VITAGERMINE,ecologico,https://www.vitagermine.com,,0,https://www.vitagermine.com,ok_sin_productos
6f20235d-fbdf-f011-8544-7ced8d0c5f55,Nu-Mega Ingredient B.V.,nutraceuticos,https://www.nu-mega.com,Our Products | Product Applications | Where to find us | Who we are? | Get in touch with our expert team to discuss your requirements. | Nu-Mega products | Sustainability | Talk to our R&D experts | How does our application diversity help you? | Let’s Talk. | Product Innovations | Nu-Mega Microencapsulation | We’re committed to research and product innovation.,13,https://www.nu-mega.com | https://www.nu-mega.com/en/our-products/ | https://www.nu-mega.com/en/our-products/#our-product-innovations | https://www.nu-mega.com/en/our-products/#nu-mega-microencapsulation,ok
7320235d-fbdf-f011-8544-7ced8d0c5f55,Fratelli Castellino,frutos secos y snacks,https://www.fratellicastellino.it,Castagne | Fresco | Secco | Prodotti perl'industria dolciaria | Tutto il sapore della buona frutta di stagione | Dicono di noi | Novità dai Social | Certificazioni,8,https://www.fratellicastellino.it,ok
7f20235d-fbdf-f011-8544-7ced8d0c5f55,LESAFFRE,"lacteos, yogures y postres lacteos",https://www.lesaffre.com,"Innovation & solutions | Read more | OUR LATEST NEWS | Industrializing a biotech innovation: the keys to getting it right | Research, Development & Innovation | JOIN THE MISSION THAT FUELS OUR PASSION | Our industrial performance | RAISING LIFE SINCE 1853 | To Help you | CONTACT US | TRENDS MAG : EXPERT VIEWS | EXPLORE YEAST | Baker’s yeast | Sourdough | Baking ingredients | The Lesaffre Baking Center™ Network | Lis by lesaffre | Sharing our drying expertise around the world | A business unit dedicated to custom drying | State of the art industrial equipment for drying ingredients | A research center for drying process development projects | A collaborative project",22,https://www.lesaffre.com | https://www.lesaffre.com/activities/food-taste-pleasure/yeasts-baking-ingredients/ | https://www.lesaffre.com/activities/industrial-biotechnologies/drying-ingredients/,ok
5ae59d68-c144-4ba5-9b78-a129a4d6b4f7,BRAIN Biotech AG,nutraceuticos,https://www.brain-biotech.com/en,Your challenge is our mission | Research & development for industrial products | Technologies & Services | Enzymes & Proteins | Microorganisms & Production Strains | Bioprocess Development & Scale-up | How we provide value | Save time & resources | Innovation | Flexibility | Full control & reduced risk | News & Stories | Case Studies | Bio-based solutions for our clients | Providing an enzyme that works in industrial biocatalysis | Coming soon | Get access to tailored microbial strains for industrial use | Microbial discovery services | Our Bioarchive: Proprietary microbial strains | Access our collection of tens of thousands unique microbial strains | Bioprospecting & screening | We search for you where it makes sense | Microbial strain development services | Strain engineering | Specific strain improvement for your purposes | Production strains for enzymes & proteins | We provide access to our industrial production strains | Production strains for biomolecules | We develop strains for the production of valuable biomolecules | Development of starter cultures & probiotics | Utilize the strength of our versatile Microorganisms | explore our microbial strain development services | End-to-end biotech services: from discovery to manufacturing | Specialized Expertise | integration of bioinformatics and AI into projects to maximize project success | Versatile & flexibly instrumental analytics | Backing-up scientists by Quality Management & Process Transfer teams | Explore further technology services | Related content | Contact,40,https://www.brain-biotech.com/en | https://www.brain-biotech.com/en/technologies-services/microorganisms-and-production-strains/,ok
d520235d-fbdf-f011-8544-7ced8d0c5f55,NOVONESIS,nan,https://www.novonesis.com,"Novonesis to build next generation enzyme production facility in India | There’s a biosolution for (almost) everything. | Biosolutions from A to Z | The Value of Biosolutions | The Biosolutions Bulletin book | The economic growth story of our time | Novonesis acquires dsm-firmenich’sanimal feed enzyme business | New landmark scientific review on the BB-12™ probiotic strain published | We’re here to better our world with biology | Feeding more people while respecting our planet | All you need to know about biosolutions, delivered monthly | To view this form, update your cookie preferences | Transformative biosolutions for your business and the world | Find biosolutions for your industry | Animal | Baking | Beverages | Biodiesel | Biogas | Biomass | Carbon capture | Dairy | Dietary supplements | Dishwashing | Distilling | Early life nutrition | Ethanol | Fine chemicals | Functional foods | Home cleaning | Industrial & Institutional cleaning | Laundry | Leather | Meat | Medical cleaning | Oils & fats | Other foods | Pet care | Plant | Plant-based foods | Precision proteins | Pulp & paper | Renewable diesel | Starch | Sugar | Sustainable plastics | Textile | Water | There’s a biosolution for(almost) everything | Three new ways to explore The Biosolutions Bulletin | Podcast: Explore the future | Cozy up by the fire | Next issue: September 2026 | ""Why biology, regulation & public perception"" | Rethinking Industrial Production in the Age of Biology | Biology, Regulation, and the Pace of Progress | Creating the right conditions for biosolutions to take root | Previous Issues of The Biosolutions Bulletin | How can we createa healthier, more prosperous future? | Biosolutions opennew opportunitiesfor a new world",60,https://www.novonesis.com | https://www.novonesis.com/en/biosolutions | https://www.novonesis.com/en/biosolutions-bulletin | https://www.novonesis.com/en/era-of-biosolutions/change,ok
40f6487f-d8d5-f011-8543-00224882d38d,Protina Pharmazeutische,"especias, aromas y colorantes",https://www.protina.de,"Einblicke in unsere Welt | Wir sind Protina | Hochwertige Gesundheitsprodukte | Unsere Marken | Magnesium-Diasporal® | Basica® | Garmastan® | Wir lieben, was wir tun | Karriere bei Protina | Aus Bayern in die ganze Welt | Protina international | In diesen Ländern sind Protina-Produkte erhältlich: | 26 Länder | 21 Partner | Offene Fragen? | Kontaktieren Sie uns | Das Unternehmen | Protina Pharmazeutische GmbH",17,https://www.protina.de,ok
4df74abe-bffe-4f11-9e0c-289b20b32929,YIGITOGLU,agroquimico,https://www.yigitoglukimya.com.tr,,0,,error_home
8dc85ce4-c09b-ed11-aad1-000d3aaab651,Mathiesen SAC,panaderia,https://www.grupomathiesen.com/espana,"Síguenos en LinkedIn | Soluciones para Sectores Industriales | Alimentos | Arquitectura y Construcción | Comunicación Visual y Publicidad | Cuidado Hogar y automóvil | Cuidado Personal | Curtiembres | Industria Farmacéutica | Auxiliares de Construcción | Insumos Industriales Técnicos | Mantenimiento Industrial | Reactivos Químicos para Minería | Papel y Celulosa | Pinturas, Tintas y Recubrimientos | Polímeros y Elastómeros | Resinas Plásticas | Salud y Nutrición Animal | Tratamiento de Aguas | Un socio estratégico para la industria en América Latina | Encuentra la solución adecuada para tu industria | Ingredientes Funcionales, Aditivos Técnicos y Soluciones de Formulación Alimentaria | Presentes en el impulso del sector alimentario | Propuesta de Valor: | Sectores de Alimentos en los que Mathiesen participa como proveedor | Contacta a nuestros expertos | Líneas de Productos | Ingredientes | Espesantes | Endulzantes | Antioxidantes | Preservantes | Lácteos y derivados | Colorantes, sabores y aromas | Aceites y Derivados | Ayudantes de Proceso | Ácidos y derivados | Ingredientes funcionales y nutricionales | Almidones | Proteínas | Emulsionantes | Tendencias e Innovación en Industria Alimentaria | Resinas de intercambio iónico en la industria de bebidas: pureza que se percibe en cada lote | Sabores y aromas en la industria de alimentos: qué son, tipos y aplicaciones | Péptidos de colágeno: ¿Qué son? | Contáctanos | ¿Qué son los Aditivos Alimentarios? | Aplicaciones y funcionalidad de los Aditivos para Alimentos | Tipos comunes de aditivos | Sectores Industriales | Industria de alimentos y bebidas | Industria de confitería | Industria cárnica y pesquera | Industria de alimentos procesados | ¿Por qué elegir a Grupo Mathiesen? | Metodología de Trabajo | 1. Diagnóstico | 2. Selección del Aditivo | 3. Pruebas y ajustes | 4. Escalamiento y Soporte",60,https://www.grupomathiesen.com/espana | https://www.grupomathiesen.com/productos-e-industrias/ | https://www.grupomathiesen.com/productos-industrias/alimentos/ | https://www.grupomathiesen.com/productos-industrias/aditivo-alimentario/,ok
7b6df070-4de9-4f96-819c-11f7527576ca,XNOX,piensos ganaderia,https://xnox.com.mx,,0,,error_home
91fa791b-8cb1-ef11-b8e9-000d3aaab59f,San-Ei Gen F.F.I. (U.K.) Ltd.,"especias, aromas y colorantes",https://www.san-ei-gen.co.jp,,0,,error_home
67ddd9ef-0ee7-4bfd-8d77-fe9a5d10b8a7,ALARBED HONEY,miel,https://honeyworldalarbid,,0,,error_home
e520235d-fbdf-f011-8544-7ced8d0c5f55,Yeo Valley,panaderia,https://www.yeovalley.co.uk,"Organic Yogurt to Little Yeos | Yogurt | Kefir | Little Yeos | Milk | Cheese | Butter | Cream | Frozen | Soup | Meat | Cereal | Product Subranges | Everyday | Everyday Fruited | Greek Recipe | Greek Style Natural Yogurt | Natural Yogurt | Natural 0% Yogurt | Greek Style Passion Fruit & Mandarin, Mediterranean Lemon Multipack | Greek Style Alphonso Mango & Coconut Yogurt | Greek Style Mediterranean Lemon Yogurt | Greek Style Passion Fruit & Mandarin Yogurt | Strawberry Yogurt | Raspberry Yogurt | British Blackcurrant Yogurt | Lemon Curd Yogurt | Vanilla Yogurt | Fruity Favourites | Greek Style with Honey | Greek Recipe 0% Fat Natural | Greek Recipe 5% Fat Natural | *NEW* Mango Protein Pot | *NEW* Strawberry and Passion Fruit Protein Pot",34,https://www.yeovalley.co.uk | https://www.yeovalley.co.uk/our-food?range=yogurt | https://www.yeovalley.co.uk/our-food?range=kefir | https://www.yeovalley.co.uk/our-food?range=little-yeos,ok
4edecfc5-98de-48cb-98f8-c9c2e5962f40,CENTSWEETS BV,nan,https://www.centsweets.nl,"LUXURY LINES | Heeft u nog geen login-gegevens voor de webshop, stuur ons even een mail: info@centsweets.nl | De webshop is alleen voor zakelijke klanten (dus in bezit van een KvK-nummer).",3,https://www.centsweets.nl | https://www.centsweets.nl/onze-assortimenten/luxury-lines | https://www.centsweets.nl/webshop-1 | https://www.centsweets.nl/onze-artikelen/luxury-lines,ok
0bc85ce4-c09b-ed11-aad1-000d3aaab651,Spice o life,"especias, aromas y colorantes",https://spiceolife.ie,"Why you need us as your Flavour Partner: | Natural Flavours, Simplicity & Efficiency. | Add more wow: | Work less | What we do: | USPs: | Flavour in every size: | Service that exceeds Expectations: | Research Nerds: | Fresh & natural flavour: | Accreditation & Awards: | For a sample of how we can transform your business, contact our team today: | Spice O’Life Headquarters",13,https://spiceolife.ie,ok
297cd1be-93f5-4db6-afc6-00d4f7023e94,Vandemoortele (Vamix),panaderia,https://www.vandemoortele.com,"Country & language | Personalize your experience | Artisan Bakers | Foodservice | Wholesale | Retail | General, Corporate &amp; Careers | Ambachelijke bakkerij | Groothandel | Retailers | Food Manufacturers | Algemeen, Corporate en Carrières | Foodproducenten | Boulangerie artisanale | Grossiste | Général, Entreprise et Carrières | Boulangerie | Industrie | Distributori | Generale, Corporate e Carriere | Artisan baker | Wholesaler | Food manufacturer | Allgemein, Corporate und Karriere | Artesanos | Industria | General, Corporativo y Empleo | General, Corporate and Careers | Por un mundo mejor | Un futuro más limpio | Inicio | Productos | Margarinas para artesanos | Complementos | Mantequilla | Bakery Products | Bollería | Focaccias y Pizzas | Doony's y Muffins | Panadería | Pastelería | Salsas, Aderezos y Vinagretas | Natas vegetales | Aceites y grasas para freír | Margarinas y grasas para cocinar",45,https://www.vandemoortele.com | https://www.vandemoortele.com/es-es/products?t=5 | https://www.vandemoortele.com/es-es/products?t=11,ok
679cf976-adea-ee11-a203-000d3aaab59f,Fruitfunk B.V,zumos y nectares,https://www.fruitfunk.nl,,0,,error_home
69c85ce4-c09b-ed11-aad1-000d3aaab651,CBC GROUP,platos preparados,https://www.gedimex.com/es,"Deshidratados | Ver más | Congelados | FAQ | Heading | Nuestros productos | Conectando ingredientes de clase mundial con su ambición, en cada paso del camino. | Suministrando calidad a clientes en todo el mundo | ¿Por qué Gedimex? | Years of global expertise | Años de experiencia global | Compromiso con la fiabilidad | CONOCIMIENTO DE LAS SITUACIONES Y TENDENCIAS DEL MERCADO | Continentes cubiertos por nuestro control de calidad | Construido sobre la confianza y la consistencia | Empresa familiar | Últimas noticias | Gedimex BV | Pongase en contácto",19,https://www.gedimex.com/es,ok
38beb256-c7fe-ed11-8f6e-000d3aaab965,CONRAD SCHULTE GMBH & Co. KG,galleteros,https://www.schulte-feingebaeck.de,FACTORY OUTLET AND ONLINE SHOP | outlet store | online | to the online shop | „Feinste Auslese” -exquisite pastry selection | Piped Biscuitswith butter | Red Currant Tartlets | Palmiers with dark chocolate | Company | Assortment | Buying | Career | Contact | IFS – International Featured Standard,14,https://www.schulte-feingebaeck.de | https://www.schulte-feingebaeck.de/online-shop.html | https://www.schulte-feingebaeck.de/Assortment/standard-pastry/biscuits-for-the-summer01/fruit-pralines.html | https://www.schulte-feingebaeck.de/Company/production-and-certificates.html,ok
7f9cf976-adea-ee11-a203-000d3aaab59f,CEREALITALIA I.D. Spa,cereales,https://www.grandazuccheri.it,,0,,error_home
313272b4-3e7e-4fef-83c0-eb60340185b4,nan,bolleria,https://arocarepresentaciones.com,Distribuidora de Alimentos en Cantabria | Panadería | Pastelería | Hostelería | Asesoramiento | Distribuciones ArocaTu Socio Confiable en Cantabria | Las mejores marcas,7,https://arocarepresentaciones.com,ok
40beb256-c7fe-ed11-8f6e-000d3aaab965,Bohlsener Muehle,nutraceuticos,https://www.naturitas.es,"Menú | Categorías | Novedades | Las marcas más populares de Naturitas | Consejos para ti | Clientes satisfechos | Jalea real 2000 mg con própolis y equinácea | Aquilea Mucus | Própolis Complex Forte | Melilax adult | Aprolis Erysim Forte Spray Bucal | Polen apícola en grano | Extracto de própolis puro | Cera virgen de abejas bolsa | Aquilea Própolis spray | Extracto de Propóleo Fórmula XXI | Extracto de Propóleo | Apibiotic | Jalea Reina Real Defensas (sin pajita) | Jalea Reina Real 1500 | Polen en bolsa | Pastillas con Propóleo y Regaliz | Própolis con miel, Zinc y Vitamina C | Propolaid Pastillas blandas suizas de própolis y eucalipto | ProtecSapin | Polen | Apicol extracto de própolis | Grintuss adultos jarabe | Aprolis Kids, Echina-Propol | Jalea Real Inmunidad | Própolis Plus | Própolis | Pack Aquilea Mucus | Aprolis Yemoprolis gold syrup | Propolín | Aprolis Proponorm | Aquilea Mucus Jarabe | Própolis con Hedera, Miel, Zinc y Vit C | Immuno Guard | Propolaid extracto de própolis sin alcohol y con echinácea | ¿Qué es y para qué sirve el propóleo? | ¿Qué beneficios tiene el propóleo? | ¿Cómo se toma el propóleo?",43,https://www.naturitas.es | https://www.naturitas.es/c/suplementos/productos-apicolas | https://www.naturitas.es/c/suplementos/productos-apicolas/propoleo,ok
b1eb3558-d352-f111-bec6-000d3abe319d,Sam's Club,nan,https://www.samsclub.com,"Ready to shop? Let’s get started. | Already a member? | New to Sam’s Club? | Need online access? | Items you may like | Featured Savings | Energizer Recharge Power Plus AA & AAA, 10 pk., $19.48, Was $21.98 | Energizer Recharge Power Plus AA & AAA, 10 pk. | Member's Mark Cheese, Fruit and Nut Snacks, 12 pk., $8.98, $0.75/ea | Member's Mark Cheese, Fruit and Nut Snacks, 12 pk. | Sealy ICON 12"" Gel Memory Foam Mattress-in-a-Box, $299.00, Was $349.00 | Sealy ICON 12"" Gel Memory Foam Mattress-in-a-Box | iRobot Roomba Plus 775S Robot Vacuum & Mop + AutoWash, $699.98, Was $899.98 | iRobot Roomba Plus 775S Robot Vacuum & Mop + AutoWash | Birdfy Smart Bird Bath Pro with Stand, $149.00, Was $219.00 | Birdfy Smart Bird Bath Pro with Stand | Peak Optix Plus Beam Wiper Blade - 15"",16"", 17"", 18"", 19"", 20"", 21"", 22"", 24"", 26"", 28"", $8.88, Was $10.88 | Peak Optix Plus Beam Wiper Blade - 15"",16"", 17"", 18"", 19"", 20"", 21"", 22"", 24"", 26"", 28"" | Dawn Platinum Dishwashing Liquid Dish Soap, Refreshing Rain, 90 fl. oz., $9.98, Antes $11.88, $0.11/foz | Dawn Platinum Dishwashing Liquid Dish Soap, Refreshing Rain, 90 fl. oz. | POM 2-Ply Toilet Paper 45 rolls, 473 sheets/roll, $24.98, Antes $26.98, $0.01/sft | POM 2-Ply Toilet Paper 45 rolls, 473 sheets/roll | Lance Variety Pack Sandwich Crackers, 40 pk., $10.98, Antes $11.98, $0.19/oz | Lance Variety Pack Sandwich Crackers, 40 pk. | Marathon Multifold 1-Ply White Paper Towels 16 pks., 250 towels/pk, $32.98, Antes $33.98, $0.01/sft | Marathon Multifold 1-Ply White Paper Towels 16 pks., 250 towels/pk | Philadelphia Original Cream Cheese Blocks, 8 oz., 4 pk., $6.28, Antes $7.28, $1.57/ea | Philadelphia Original Cream Cheese Blocks, 8 oz., 4 pk. | Coca-Cola Soda Soft Drink, 16.9 fl. oz., 24 pk., $15.98, Antes $17.78, $0.04/foz | Coca-Cola Soda Soft Drink, 16.9 fl. oz., 24 pk. | Member's Mark Purified Water, 1 gal., 6 pk., $5.38, Antes $5.88, $0.01/foz | Member's Mark Purified Water, 1 gal., 6 pk. | Mott's Assorted Fruit Flavored Snacks, 0.8 oz., 90 pk., $9.98, Antes $11.98, $0.14/oz | Mott's Assorted Fruit Flavored Snacks, 0.8 oz., 90 pk. | StarKist Chunk Light Tuna in Water, 5 oz., 12 pk., $9.98, Antes $10.98, $0.17/oz | StarKist Chunk Light Tuna in Water, 5 oz., 12 pk. | Member's Mark Original Beef Sticks 1 oz., 12 pk., $10.98, Antes $11.98, $0.91/oz | Member's Mark Original Beef Sticks 1 oz., 12 pk.",38,https://www.samsclub.com | https://www.samsclub.com/shop/savings | https://www.samsclub.com/credit?mid=2026_fueloffer_hp_heropov_dt,ok
bb55068d-be6c-4f3f-908c-2a11b7f3492f,AQURATE INGREDIENTS INTL (M) SDN. BHD.,zumos y nectares,https://www.akvile.lt,Kurį AKVILĖ BUBBLES skonį renkiesi? | Registracija | Laimėtojai | Nakvynė Vytautas Mineral SPA dviems | Akvilė vandens prenumerata į namus | Dar nebalsavai ir nori laimėti prizų?,6,https://www.akvile.lt,ok
92eb3558-d352-f111-bec6-000d3abe319d,EYM SRL,nan,https://eymperu.com/es/home,Industria alimentaria | Ver más | Nutrición y salud | Sector industrial | Nutrición animal | Cuidado personal | cuidado del hogar | Servicios | Productos | Ácidos grasos y aceites vegetales | Extractos Funcionales | Farma | Fibra | Fuentes de proteína | Vitaminas y Minerales | Carotenoides | Health Actives | Superfoods | Aminoácidos esenciales | Aminoácidos condicionalmente esenciales | Aminoácidos no esenciales | Derivado de los aminoácidos | Extractos nutraceúticos | Extractos peruanos frutas y vegetales | Extractos peruanos granos y semillas | Extractos peruanos hierbas medicinales | Extractos peruanos raices y vainas | Frutas y vegetales en polvo | Mezclas funcionales | Solicita una cotización | Aceitera | Agrícola | Azúcar | Construcción | Industria papelera y cartonera | Pintura | Industria en batería | Minería | Plásticos & Polímeros | Petróleo & Gas | Pesca industrial | Tratamiento de agua | Textil | Vidrio | Otras industrias | Enzimas | Aminoácidos | Antibióticos | Antioxidantes | Inhibidor de hongos | Reguladores de acidez | Secuestrante de micotoxinas | Fosfatos | Sustitutos lácteos | Productos Lácteos | Otros,56,https://eymperu.com/es/home | https://eymperu.com/es/productos/nutricion-y-salud | https://eymperu.com/es/productos/sector-industrial | https://eymperu.com/es/productos/nutricion-animal,ok
c920235d-fbdf-f011-8544-7ced8d0c5f55,Jay&Joy,galleteros,https://www.jay-and-joy.com,,0,https://www.jay-and-joy.com,ok_sin_productos
cf20235d-fbdf-f011-8544-7ced8d0c5f55,Mega lifesciences co. ltd,cereales,https://www.megalifesciences.com,,0,,error_home
d273e8f5-b538-f111-88b4-000d3a2998e3,Apple,nan,https://www.biologon.at,"Startseite | Produkte | Bio Müsli | Bio Crunchy | Bio Granola | Bio Porridge | Bio Energieriegel | 5 Gründe für Ihre Eigenmarke | Über biologon | Private Label - Wichtige Fakten | Rezepturen | Verpackungslösungen | Transport | Neuigkeiten | EMAS-Revalidierung – Wir haben es geschafft!😊🌍 | One Team, One Dream, One Family | DLG-Preis für langjährige Produktqualität | CSR-Guide 2025 | Quicklinks | Kontakt | 24 Türchen. 24 besondere Überraschungen.",21,https://www.biologon.at,ok
7bfa791b-8cb1-ef11-b8e9-000d3aaab59f,M&C Bakery,bolleria,https://www.mcbakery.es,Rollo y espiral | Masas batidas | Croissant | Destacados | Contacto | Rosquilla rosa | Volcano | Base de tarta | Palmerita | Palmera | Rosquilla cacao | Pan de leche | Croissant relleno cacao | Sobao | Magdalena | Magdalena relleno cacao | Bizcocho cacao | Bizcocho | Espiral | Bracito avellana | Bracito nata,21,https://www.mcbakery.es | https://www.mcbakery.es/productos/ | https://www.mcbakery.es/productos,ok
7aeb3558-d352-f111-bec6-000d3abe319d,Wellnessbev Limited,nutraceuticos,https://wellness-bev.com/index.html,,0,https://wellness-bev.com/index.html,ok_sin_productos
b1035281-afff-ed11-8f6e-000d3aaab571,HONEY GREEN,nutraceuticos,https://honeygrrem.com/es,,0,,error_home
84eb3558-d352-f111-bec6-000d3abe319d,Biominerals,nutraceuticos,https://biominerals.net,,0,,error_home
2dc95ce4-c09b-ed11-aad1-000d3aaab651,GreenField Natural Ingredients,"especias, aromas y colorantes",https://greenfield.eu.com,,0,,error_home
83eadd0d-a7e4-f011-8543-7ced8d0c1dc6,Siveele,suplementos deportivos,https://www.siveele.nl,,0,,error_home
0f150384-3aa9-4e21-82a9-a067c449d9ce,M&S TRADING SK,panaderia,https://mssk.sk,"E-shop | Oblasti, v ktorých pôsobíme | Potravinárstvo | Obaly | Hygiena | Sídlo | Kontakty | Prevádzka",8,https://mssk.sk,ok
4cf6487f-d8d5-f011-8543-00224882d38d,Vitals Voedingssupplementen BV,platos preparados,https://www.vitals.eu,"Produkte | Alle Produkte | Neue Produkte | Sport | Elete™ Sportmineralstoffe | Jeden Tag Sport Tabletten | Kreatin-CV | Magnesium Sport 100 mg | Ultimate Protein Blend | Ultra Pure EPA/DHA Sport 1000 mg | Vitamine | Vitamin A | Vitamin A 4000 IE Softgel-Kapseln | Vitamin B | Biotin 500 mcg | Cholin-VC 400 mg | Folat 5-MTHF 400 mcg | Vitamin B Komplex Aktiv | Vitamin B1 100 mg | Vitamin B1 250 mg | Vitamin B12 1000 mcg | Vitamin B12 1000 mcg Kapseln | Vitamin B12 2000 mcg | Vitamin B12 500 mcg | Vitamin B12 mit Folat | Vitamin B2 25 mg | Vitamin B3 500 mg | Vitamin B5 250 mg | Neu von Vitals | Schnell bestellen | Mehr Info | Kakaoflavanole-HF Mit 200 mg Flavanolen aus CocoActiv™ 49,95 €",32,https://www.vitals.eu,ok
ad035281-afff-ed11-8f6e-000d3aaab571,SUNG CHANG CHEMICALS CO.,nutraceuticos,https://Sung Chang Chemicals,,0,,error_home
a9035281-afff-ed11-8f6e-000d3aaab571,PROMOPHARMA,nutraceuticos,https://www.promopharma.it,"Sei un professionista? | Company | Prodotti | Punti Vendita | Salute 4.0 | Sostenibilità | Academy | Magazine | Lingua | Carrello | Accedi | Chiamaci | Live Chat | Scrivici | Hai bisogno di aiuto? | Telefono e Live chat | Elevate your Lifestyle | Scopri i punti vendita | Acquista online | Integratori alimentari naturali per ogni esigenza | integratori alimentari naturali | prodotti fitoterapici | nutraceutica | Integratori per Umore, Sonno e Relax | Scopri tutti i prodotti | Controllo del peso | Integratori per il benessere gastrointestinale | Integratori ricostituenti e tonici | Integratori per Vie Respiratorie | Integratori per Sistema Immunitario | Integratori Cardiovascolari | Nutritask Shots. Pick. Drink. Go. | Shots. | Drink. | Provali | Da oltre 25 anni uniamo la Scienza e la Natura | Scopri cosa facciamo | Agisci dall'interno per un trattamento detox e drenante | ritenzione idrica | gambe pesanti | eliminare i liquidi in eccesso | lipedema | linfedema | Liped-Kontrol Linfodren | Liped-Kontrol | Dimagra® Dren - Flacone | Dimagra® Dren - 20 Stick | Dimagra® Xalifom® Alkalin | Xanadren Flacone - Arancia | Xanadren Stick - Arancia | Xanadren Flacone - Ananas | Pagamenti sicuri con PayPal, Carta di Credito e Prepagate, in Contrassegno | Consegna a domicilio in 24/48 ore | Spedizione gratuita per ordini superiori a 40€ | Trattamento del lipedema | Liped-Kontrol®, nuova formulazione specifica per il trattamento del lipedema. | favorire il microcircolo | ridurre l’infiammazione | inestetismi della cellulite | pesantezza delle gambe",60,https://www.promopharma.it | https://www.promopharma.it/collections/all | https://www.promopharma.it/collections/integratori-alimentari-e-prodotti-di-benessere | https://www.promopharma.it/collections/integratori-umore-sonno-relax,ok
ff21a4c6-7598-4903-aa58-2e03b8335c32,ME GUSTO SP.Z.O.O.,pasteleria,https://www.megusto.com.pl,,0,https://www.megusto.com.pl,ok_sin_productos
50fa791b-8cb1-ef11-b8e9-000d3aaab59f,HIFOOD SpA,miel,https://www.hifood.it,,0,,error_home
0665708f-f15b-46df-8eea-813afc7519cf,ARITÜRK,miel,https://www.bitio.es,,0,,error_home
41b8ca9e-7a2e-4e1e-a327-de51c3f7a7ad,nan,nan,https://www.julianprice.com,News and views | Trade flows | Benchmarks | Presentations and quotations | About me | Disclaimer,6,https://www.julianprice.com,ok
24144747-7b62-ec11-8f8f-6045bd8a321b,Hirshberg Brothers & Co. Chemicals Ltd.,agroquimico,https://hbc.co.il/about,The company's areas of expertise: | Trusted by Industry Leaders | Our Team | Hirshberg Brothers Group | Ask us anything | Tritan™ | Read More | EASTAR | Benefits of Tritan™,9,https://hbc.co.il/about | https://hbc.co.il/products/ | https://hbc.co.il/products/specialty-plastic/ | https://hbc.co.il/products/specialty-plastic/tritan/,ok
58e02d95-7753-40b9-8886-485b1c9fa450,ALLOS,mermeladas y confituras,https://www.piccantino.es/allos-hof-manufaktur,"5.0 (1) | Allos Verduras del Huerto Ecológico de Thomas -​ Tomate y Ajos Silvestres, 135 g | Allos | Allos Verduras del Huerto Ecológico: Aceitunas y Tomates de Oliver, 135 g | Allos Barritas de Amaranto Bio -​ Chocolate Negro, Paquete de 5, 140 g | Allos Verduras del Huerto Ecológico -​ Calabacines con Curry de Christiane, 135 g | Allos Verduras del Huerto Ecológico: Tomates Cherry y Rúcula de Reinhard, 135 g | 3.5 (2) | Allos Crema Untable Bio -​ Aguacate, 140 g | Allos Crunchy de Amaranto Bio -​ Frutos Secos, 400 g | Allos Sin Azúcar -​ Muesli de Chocolate Bio, 500 g | Allos Verduras del Huerto Ecológico: Remolacha y Rábano Picante de Roland, 135 g | Allos Crunchy De Amaranto Bio -​ Puro, 400 g | Allos Crunchy de Amaranto Bio -​ Frutas del Bosque, 400 g | Allos Crema para Untar Bio -​ Tomates Cherry y Albahaca, 140 g | 2 Opciones | Allos El Clásico -​ Muesli Bircher Bio, 650 g | Allos Sin Azúcar -​ Muesli Bio con Frutos Secos, 500 g | 4.0 (1) | Allos Muesli de Amaranto Bio -​ Fruta, 375 g | Allos Verduras del Huerto Ecológico -​ Guisantes y Albahaca de Enno, 135 g | 4.5 (2) | Allos Verduras del Huerto Ecológico -​ Espinacas y Piñones de Sabine, 135 g | 5.0 (2) | Allos Crema para Untar Bio -​ Guisantes y Masala, 140 g | Allos Barrita de Amaranto Bio -​ Chocolate Negro, 25 g | 2.0 (1) | Allos Pura Fruta 75% Bio -​ Ciruela, 200 g | Allos Crema de Lentejas Bio -​ Lentejas Amarillas y Aguacate, 140 g | Allos Crunchy De Amaranto Bio -​ Chocolate, 400 g | 3.0 (1) | Allos Crema para Untar Bio -​ Arrabbiata, 140 g | Allos Galletas de Cacao Duetto Bio, 330 g | Allos Pura Fruta 75% Bio -​ Mango, 200 g | Allos Verduras del Huerto Ecológico -​ Berenjenas y Calabacines de Andrea, 135 g | Allos Crema para Untar Bio -​ Toscana, 140 g | Allos Sin Azúcar -​ Muesli Proteico Bio, 450 g | Allos Muesli Bio De Amaranto -​ Chocolate, 1,50 kg | Allos Verduras del Huerto Ecológico -​ Maíz, Pimientos y Chiles de Meike, 135 g | Marcas | ALLOS Hof-Manufaktur | Barritas (6) | Cereales (20) | Galletas (4) | Galletas de Cereales (1) | Productos de origen vegetal (4) | Sirope de Miel y Agave (3) | Untables (37) | ¿Cómo podemos ayudarte? | ¿Qué se puede devolver? | ¿Cómo funcionan las devoluciones en España? | ¿Cómo se me devolverá el dinero? | Me gustaría reclamar algo | ¿Alguna pregunta más? | 4.9 (13) | BIO PRIMO Tortitas de Lentejas Bio, 90 g | BIO PRIMO | 3 Opciones | 4.8 (82) | Ragusa Pack de Regalo, Chocolate negro (400 g)",60,https://www.piccantino.es/allos-hof-manufaktur | https://www.piccantino.es/info/devolucion-de-productos | https://www.piccantino.es/productos-para-picar-tanto-salados-como-dulces | https://www.piccantino.es/productos-asiaticos,ok
6d20235d-fbdf-f011-8544-7ced8d0c5f55,Marigot,miel,https://www.marigot.ie,,0,,error_home
5589e93d-e848-40ca-918f-0abcbf23a1a6,CIUCIU Bonbonwerk GmbH,golosinas,https://ciuciu.de,CiuCiu Bonbonmanufaktur | Über Uns | Candy Show | Online Shop | Schulungen | Personalisierte Bonbons | B2B | Lutscher Workshop | Rock Bonbon Workshop | Dragierte Bonbons mit Prägewalzen,10,https://ciuciu.de | https://ciuciu.de/workshops/,ok
9f035281-afff-ed11-8f6e-000d3aaab571,Cell biotech,nutraceuticos,https://www.cellbiotech.com,,0,,error_home
73c85ce4-c09b-ed11-aad1-000d3aaab651,Berner Ltd,medicamentos,https://www.berner.fi/en/home,Share | Product quality and safety | Responsible supply chain | Sustainable MATERIALS,4,https://www.berner.fi/en/home | https://www.berner.fi/en/company/product-development-and-production-plants/ | https://www.berner.fi/en/responsibility/we-ensure-product-sustainability/,ok
b3c85ce4-c09b-ed11-aad1-000d3aaab651,REDA INDUSTRIAL MATERIALS,panaderia,https://redachem.com,Who We Are | Your Reliable Partner | Worldwide Locations | Industries We Serve | Offices and Warehouses | Regional R&D Facilities | Chemical Distribution Expertise,7,https://redachem.com | https://redachem.com/business-units/food-ingredients/ | https://redachem.com/en/business-units/food-ingredients/,ok
b14cd454-38f9-4945-b265-2ef231c37941,ORKLA Latvija,pasteleria,https://www.orkla.lv/eng,"Our brands | Main menu | Sustainability | Become a part of our team! | SIA ""Orkla Latvija"" | For media | Export department | Purchasing department | Reviews",9,https://www.orkla.lv/eng,ok
5cc54d63-3ab0-f111-aaac-7ced8d0bdcda,Colmenares La Esperanza,miel,https://Colmenares La Esperanza (instagram),,0,,error_home
8bc85ce4-c09b-ed11-aad1-000d3aaab651,Redox,panaderia,https://www.redox.com,"News | View products by market | Food & Beverage | Personal Care | Human Health | Animal Health & Nutrition | Crop Production & Protection | Detergents | Water Treatment | Surface Coatings | Plastics & Foam | Rubber | Mining, Oil & Gas | Metals | Building & Construction | Textile & Leather | Lubricants & Specialty Oils | About Redox | Memberships and accreditations | Contact Us | News and updates | How Redox helps American clients navigate an uncertain world | Freight pressures intensify across Asia–Pacific shipping routes | Inositol for Nutraceutical, Food and Feed Applications",24,https://www.redox.com,ok
ec3e1274-0c06-ef11-9f89-6045bd92bc7a,Bakemart FZ LLC,bolleria,https://www.chrisanthidis.gr,"Welcome ! | Chrisanthidis | 0Καλάθι αγορών-0,00 € | Κουραμπιέδες | ΚΟΥΡΑΜΠΙΕΣ ΜΕ ΟΛΟΚΛΗΡΑ ΑΜΥΓΔΑΛΑ ΣΕ ΜΕΤΑΛΛΙΚΗ ΣΥΣΚΕΥΑΣΙΑ 450 Γ. | ΑΓΟΡΑ | ΚΟΥΡΑΜΠΙΕΔΑΚΙ ΜΕ ΕΠΙΚΑΛΥΨΗ ΣΟΚΟΛΑΤΑΣ ΓΑΛΑΚΤΟΣ ΚΑΙ ΑΜΥΓΔΑΛΑ 200G | ΚΟΥΡΑΜΠΙΕΔΑΚΙ ΜΕ ΕΠΙΚΑΛΥΨΗ ΛΕΥΚΗΣ ΣΟΚΟΛΑΤΑΣ ΚΑΙ ΑΜΥΓΔΑΛΑ 200G | ΚΟΥΡΑΜΠΙΕΔΑΚΙ ΡΟΔΙ ΜΕ ΑΜΥΓΔΑΛΑ 270 Γ. | ΚΟΥΡΑΜΠΙΕΔΑΚΙ ΛΕΜΟΝΙ ΚΑΙ ΜΑΣΤΙΧΑΣ ΧΙΟΥ ΜΕ ΑΜΥΓΔΑΛΑ 270 Γ. | ΚΟΥΡΑΜΠΙΕΔΑΚΙ ΚΑΡΑΜΕΛΑΣ ΜΕ ΑΜΥΓΔΑΛΑ 200 Γ. | ΚΟΥΡΑΜΠΙΕΔΑΚΙ ΜΑΣΤΙΧΑΣ ΧΙΟΥ ΜΕ ΑΜΥΓΔΑΛΑ 270 Γ. | ΚΟΥΡΑΜΠΙΕΔΑΚΙ ΣΟΚΟΛΑΤΑΣ ΜΕ ΑΜΥΓΔΑΛΑ 270 Γ.",13,https://www.chrisanthidis.gr | https://www.chrisanthidis.gr/eshop,ok
595431ab-a7b2-45d7-8755-3052077b5618,"DALAN ANIMAL HEALTH, INC.",medicamentos,https://www.dalan.com,We bring the world transformative bioscience solutions supporting a more sustainable future. | Redrawing the Boundaries of Bioscience | We develop vaccines that work with nature’s own immune defenses providing protection from disease. | Honeybee Vaccine | Shrimp Vaccine | Accelerating Disease Control in Critical Species | Accelerating Sustainable Food Production | Accelerating Vector Based Disease Protection | Accelerating Agriculture Disease Protection | Media Highlights | Bees are responsible for pollinating 1/3 of the food we consume and 80% of the world's flowering plants | Dalan is using its platform technology to develop vaccines for multiple species and diseases. | Purchase the vaccine directly from Dalan | Purchase vaccinated queens from a certified queen producer | Key Benefits,15,https://www.dalan.com | https://www.dalan.com/pipeline | https://www.dalan.com/products | https://www.dalan.com/dalanproducts,ok
13c85ce4-c09b-ed11-aad1-000d3aaab651,Global Foods SAL,bolleria,https://globalfoods.com.lb,Download PDF | View Product | Bread 50 | Toast 3 | Breadsticks 21 | Bread 0 | Toast 0 | Breadsticks 0 | Cereals 0 | Savory Snacks 0 | Rice Cakes 1 | Sweet Snacks 0 | Biscuit & Cookies 2 | Chocolate 5 | Jams 0 | Pasta 0 | Grains 0 | Syrups 0 | Sweets Decoration 0 | Ready Mixes 0 | French Bread 0 | Gluten Free 0,22,https://globalfoods.com.lb | https://globalfoods.com.lb/products.php?brand=1 | https://globalfoods.com.lb/products.php?brand=3 | https://globalfoods.com.lb/products.php?brand=10,ok
a0eb3558-d352-f111-bec6-000d3abe319d,L'Oréal,nan,https://www.loreal-finance.com/en/annual-report-2025,"Homepage | Chairmanâs message | CEO interview | Our fundamentals | Our brands | Performance | Leading the future of beauty | Message from Jean-Paul Agon | Interview with Nicolas Hieronimus | 2025: A year of unwavering performance | 4Â Divisions. 40Â Brands. Unrivalled portfolio. | Beautyâs new conquests | Taking beauty further, faster | Research &Â Innovation and the new frontiers of beauty | Beauty Tech acceleration with AI | Operations: driving value chain excellence | Championing environmental &Â social progress | L'OrÃ©al in a flash | Video transcript: L'OrÃ©al in a flash | Discover our publications | 2025 highlights | Video transcript: 2025 highlights | 2025 Performance | Discover the highlights of 2025 | Winning new consumers in key demographics | From Brazil to the world: LâOrÃ©al innovation in skin and haircare | Making big waves in haircare | From âindieâ brand to global phenomenon: the story of NYX Professional Makeup | Related articles | Going great lengths to lead in premium haircare | A unique relationship with hairstylists | A full omnichannel model | Accelerating growth in emerging markets",33,https://www.loreal-finance.com/en/annual-report-2025 | https://www.loreal-finance.com/en/annual-report-2025/consumer-products/ | https://www.loreal-finance.com/en/annual-report-2025/professional-products/,ok
1dc85ce4-c09b-ed11-aad1-000d3aaab651,Nutribio,barritas y bebidas deportivas,https://www.nutribio.com/fr,,0,https://www.nutribio.com/fr,ok_sin_productos
42f6487f-d8d5-f011-8543-00224882d38d,LipCo Foods International SA,chocolate,https://www.lipco.ch,,0,,error_home
adb94986-26f3-4504-b657-8f564a3ccd66,Harsena,piensos ganaderia,https://www.harsena.com.tr,,0,,error_home
f9060741-a860-4bfd-8065-aa2c7149b651,MADY HONEY,piensos ganaderia,https://www.linkedin.com/in/ibrahim-mady-68065b121,,0,,error_home
66f6487f-d8d5-f011-8543-00224882d38d,impag,nutraceuticos,https://www.impag.com,Personal Care | Pharma & Nutraceuticals | Food | Performance Chemicals | Industrial Chemicals | Pharma | Get to know us better | IMPAG international | 240 + | 150 Mio. | 150000 | 30 +,12,https://www.impag.com,ok
99a159a6-0bd5-408c-b2db-59013a19051b,GALAMED,galleteros,https://www.galamed.hr,Akcije | Novosti | O nama,3,https://www.galamed.hr,ok
7d951dc9-d31a-4efa-961d-cab313b7e14e,DOK Kindersuesswaren.de,nan,"https://DOK Kinderconfwaren GmbH, 59394 Nordkirchen",,0,,error_home
6deadd0d-a7e4-f011-8543-7ced8d0c1dc6,TFTAK,chocolate,https://www.tftak.eu,SUCCESS STORIES | PILOT PLANT | INNOVATION SERVICES | ABOUT TFTAK | TFTAK at Tallinn FoodFair 2026 | TFTAK Invites to a Practical Training on Sensory Analyses | TFTAK and ÄIO launch DigiFoundry 2.0 to advance microbial oil production technologies | WORKFLOW IN TFTAK | OUR PARTNERS | TESTIMONIALS,10,https://www.tftak.eu,ok
518c06dd-a9a2-442e-8381-5b0ebf28bb67,Bordas,nan,https://www.bordas-sa.com,"Ingredientes para alimentación | Aromas | Derivados de fruta | Moduladores del sabor | Hierbas y especias | Fragancias | Productos farmacéuticos y nutracéuticos | Alimentación, salud y bienestar animal | Ingredientes para aromas y perfumería | Químicos aromáticos | Aceites esenciales, absolutos & oleorresinas | Todos los productos",12,https://www.bordas-sa.com | https://www.bordas-sa.com/productos/ | https://www.bordas-sa.com/ingredientes-alimentacion/ | https://www.bordas-sa.com/ingredientes-alimentacion/aromas/,ok
1103c703-5719-f111-8341-000d3a20f344,POSTBIOTICA SRL,nutraceuticos,https://www.postbiotica.com,Dalla naturail futuro della salute | Postbiotici:i tuoi alleati per il benessere quotidiano | Microbiota | L’arma segreta del nostro sistema immunitario | Cosa sono i postbiotici? | Quali sono i benefici? | Con la scienza migliorare il benessere attraverso il microbiota | Prodotti | PostbiotiX restore | PostbiotiX motility | PostbiotiX Comfort | PostbiotiX Slowing | PostbiotiX Immuno | POSTBIOTICALa nostra tecnologia a servizio del tuo benessere | Richiedi informazioni | Pin It on Pinterest,16,https://www.postbiotica.com,ok
b720235d-fbdf-f011-8544-7ced8d0c5f55,Asahi Group Holdings,cervezas,https://www.candianuts.gr,"The taste of goodness | Wholesome and Delicious: Our Products | Candia Nuts’ Points of Excellence | Innovation | Flexibility | Quality | Variety | Competitiveness | Contact Candia Nuts S.A. | Our Products, Our Pride and Joy! | Pumpkin seed & Honey bar 50g | Almond & Honey bar 60g | Mixed Nuts & Honey bar 100g | Mixed Nuts & Honey bar 60g | Hazelnut & Honey bar 50g | Sesame & Honey bar 40g | Sesame & Honey bar 70g | Sesame & Honey bar 100g | Cashew & Honey bar 50g | Pistachio & Honey bar 50g | Peanut & Honey bar 60g | Peanut & Honey bar 100g | Strawberry 70g | Peanut 70g | Tropical Fruit 70g | Cashew 70g | Orange 70g | Almond 70g | Mixed Nuts 70g | Cranberry &Almond 70g | Soft Nougat Selection 4*35gr",31,https://www.candianuts.gr | https://www.candianuts.gr/products/ | https://www.candianuts.gr/products/minos-nut-bars/ | https://www.candianuts.gr/products/soft-nougat/,ok
4af6487f-d8d5-f011-8543-00224882d38d,Givaudan,helados,https://www.givaudan.com,"Taste & Wellbeing | Fragrance & Beauty | Our Company | Sustainability | Careers | Our stories | Our highlights in 2025 | Events calendar | Find us in our locations | About us | Stay informed | Givaudan hubs | Services | Stock price | In June, Givaudan announced that it has reached an agreement to acquire a majority stake in Eurofragance. | Vollmens Fragrances and Belle Aire Creations join Givaudan in 2025. | Amyris joins Givaudan in 2023. | In 2021, Custom Essence, Myrissi, DDW The Color House and 25% of b.kolor make up & skin care join Givaudan. | Alderys joins Givaudan in 2020. | Naturex joins Givaudan together with Centroflora Nutra and Expressions Parfumées. | Activ International and Vika join Givaudan. | Spicetec joins Givaudan. | Acquisition of Induchem. | Soliance joins Givaudan. | Acquisition of Quest International, enabling Givaudan to become the undisputed leader in flavours and fragrances. | Acquisition of International Bioflavors Inc. (IBF), a US fermentation technology company. | Acquisition of FIS, the flavourdivision of Nestlé. | The ‘World’s 50 Best Restaurants List’ is launched, later to include celebrated chefs from Givaudan’s Chef’s Council. | Givaudan launches TasteTrek® to explore a world of flavours. | Acquisition of US flavours company Tastemaker, making Givaudan-Roure the world’s largest flavours organisation. | Givaudan-Roure wins first Fragrance Foundations FiFi® Technological Breakthrough Award with ScentTrek®. | Givaudan invests in Asia and expands in high growth markets. | Givaudan and Roure merge under Hoffmann-LaRoche. | Xavier Givaudan, aged 97, sells the business to Hoffmann-LaRoche. | Givaudan expands to Latin America. | Givaudan enters the flavours business with the acquisition of Esrolko SA. | Ernest Guenther, a chemist at Fritzsche, Dodge & Olcott publishes The Essential Oils, still a standard of trade today. | Establishes an olfactory apprenticeship, later leading to our world-renowned Perfumery School. | ‘Shocking’ is one of the first designer fragrances created by perfumers from Roure-Bertrand. | Givaudan and others pioneer synthetic fragrance ingredients and promotes use of fragrances in consumer products. | First use of chemical transformation to obtain flavours. | Fries & Fries develop a method for flavours in powder form. | Roure’s work with ‘absolutes’ to extract floral essences wins the Grand Prize at the Universal Exhibition of Paris. | Léon and Xavier Givaudan embark on a rich journey with the founding of Givaudan in Zürich, Switzerland. | Kurt Oestreich and Westfälische Essenzenfabrik are founded and herald the birth of the flavours industry. | Claude Roure establishes Roure-Bertrand & Fils providing aromatic plants and essential oils such as jasmine and rose. | Dodge & Olcott began importing and selling essential oils as cookery gets more elaborate. | Antoine Chiris enters the world of fragrances by harvesting flora and fauna. | Consumer favourites | It’s easy to tell whether we like or dislike food, but what makes a food experience truly great? | Exceeding consumer desires",51,https://www.givaudan.com | https://www.givaudan.com/our-company/rich-heritage/timeline | https://www.givaudan.com/taste-wellbeing/feel-good/taste-collections | https://www.givaudan.com/taste-wellbeing/feel-good/taste-solutions,ok
e9f9791b-8cb1-ef11-b8e9-000d3aaab59f,Dominion Chemicals Corporation,galleteros,https://www.makprogres.com.mk,,0,https://www.makprogres.com.mk,ok_sin_productos
df25320e-5055-4f40-97ca-02e3f23bda49,Sonneveld Group B.V.,panaderia,https://www.sonneveld.com,"Take control of your volume, softness, freeze stability and shelf-life | CREDI PLUS | Real Easy Shine | The art of baking the perfect brioche | Boost the volume of viennoiserie! | A perfect release at a lower cost | About Sonneveld | Bread solutions | Pastry solutions | Release solutions | Shaping bakery exellence | Sharing bakery knowledge | Intensive collaboration | Tailor-made advice and solutions | Serving customers worldwide | Find your local representative | Notifications | BOLINIES MIX | FERMENSON PRESTIGE | LIQUISHORT BASE | CRÈME SUPERSOFT | PROSON XS | PROSON FREEZE | QS CROUSTILLANT | SONPLUS SCORPISON V2-1 | SONPLUS KROKANT EXTRA (CRISPY) | SONPLUS COURANT HQ | PROSON CRUSTY MALT | SONPLUS HAMBURGER CONCENTRATE | SONPLUS TOAST EXPORT | SONPLUS SOFT SILK | SONPLUS CL | PROSON WHITE ROYAL | Bread ingredients | OUR BREAD SOLUTIONS | Bread improvers | Bread mixes | Bread decorations | BROWSE OUR PRODUCT CATALOG | Endless variation possibilities | OUR PASTRY SOLUTIONS | Cake mixes | Sponge cake mixes | Muffin mixes | Choux mixes | Custards & fillings | Donut mixes | Marzipan & masses | Cookie mixes | Best of both worlds to unlock the potential in pastry",50,https://www.sonneveld.com | https://www.sonneveld.com/products/ | https://www.sonneveld.com/bread-ingredients/ | https://www.sonneveld.com/pastry-ingredients/,ok
abeb3558-d352-f111-bec6-000d3abe319d,Qimondo,suplementos deportivos,https://www.qimondo.eu/es,,0,https://www.qimondo.eu/es,ok_sin_productos
1e18b1ae-c4cb-486c-91c5-71edf720ca1b,AMI INGREDIENTS,pasteleria,https://ami-ingredients.fr,Distributeur par nature | AMI INGRÉDIENTS | AMI vous accompagne dans vos projets | AMI INGREDIENTS VOUS ACCOMPAGNE,4,https://ami-ingredients.fr | https://ami-ingredients.fr/solutions-et-services/,ok
abc85ce4-c09b-ed11-aad1-000d3aaab651,URAI S.p.A.,"especias, aromas y colorantes",https://www.urai.it,Innovative Solutions for a Better Life | Prodotti chimici per l'industria | Ingredienti life sciences | Apparecchiature e strumenti da laboratorio | Qualità e certificazioni | ISO 9001 | Codice etico | Ecovadis | News | PLAST | 9-12 Giugno 2026 | URAI ACADEMY 2026 | In-cosmetics Global 2026! 🌟 | Per ricevere maggiori informazioni CONTATTA URAI | Iscriviti alla nostra Newsletter | Cosmetica e personal care | Ingredienti per Alimenti e Bevande,16,https://www.urai.it | https://www.urai.it/ingredienti-life-sciences/prodotti/,ok
c2c28f91-e157-f011-877a-6045bd92f5a8,Uriach,nan,https://www.uriach.com,Líderes europeos en Natural Consumer Healthcare | Innovación para ofrecer las mejores soluciones naturales para tu salud. | Somos B Corp | Marcas fuertes y un portfolio diversificado | Estamos aquí para ti.,5,https://www.uriach.com,ok
1ffa791b-8cb1-ef11-b8e9-000d3aaab59f,Cargill Deutschland GmbH,nan,https://www.cargill.de/en/home,,0,,error_home
1c261b56-02bd-4e24-85cb-dfe67bb87dd8,CONFECTIS,golosinas,https://confectis.com/products,Select Category | Subscribe To Our Newslatter | About Confectis | Express Links | Have a Question? | Payment Options | Jellies | Blend® Double Flavor Jellies | Read more | Jellies with 12% Fruit Juice | Jellies with 24% Fruit Juice | Mini Jellies with 12% Fruit Juice (Vitamin C),12,https://confectis.com/products | https://confectis.com/products#babystreet_mobile_menu_tab | https://confectis.com/products/ | https://confectis.com/product-category/jellies/,ok
bf8b9fc4-53ac-4a57-b6e2-23635a4f435a,cosun,agroquimico,https://www.cosun.com,"Plant-based enjoyment thanks to cooperation and beets | Earnings model through growth | Viewed from Both Sides | Employee portrait: Sita Posthumus | The potato: juicy hybrid meat optimiser | Employee portrait: Luca Spotti | Employee portrait: Judith van den Berg | Employee portrait: Leo Pingen | Employee portrait: Arie Petter | Chicory root fibre: Versatile with prebiotic power | Food | Food ingredients | Feed | Green energy | Protein transition | Exploring possibilities | Testing and refining | Strength of the organisation | Distinctive product in the market | The next step: falafel bites | Taste first | Creamy, juicy, fat-free | Optimal taste experience | Sustainable additive | Opportunities and challenges | Getting everything out of the potato",26,https://www.cosun.com | https://www.cosun.com/plant-based-solutions/ | https://www.cosun.com/protein-transition/innovation-from-cosun-plant-based-enjoyment-thanks-to-co-product-of-beets/ | https://www.cosun.com/protein-transition/potato-texapure-optimiser-for-juicy-and-tasty-hybrid-meat-products/,ok
f467c53c-c3a5-44b8-ab3c-28600e20b5ab,DERMISIS,galleteros,https://www.dermisis.gr,Traditional cookies & biscuits! | Traditional cookies & bisquits! | Retail Products | Products in Bulk | Meet the history of our company | Production & marketing of excellent cookies & biscuits! | Production & marketing of excellent cookies & bisquits! | Cannabis Biscuits With Cinnamon & Raisins | Soft Brownies with Carrot Pieces | Soft Brownies with Swiss Chocolate | Crunchy Oat Biscuits Sugar Free | Crunchy Oat Biscuits with Coconut | Crunchy Οat Βiscuits with Cocoa & Dark Chocolate 1€ | Crunchy Οat Βiscuits with Dark Chocolate | Crunchy Oat Biscuits with Cinnamon & Brown Sugar | Crunchy Oat Biscuits with Honey 1€ | Crunchy Oat Biscuits with Honey | Crunchy Oat Biscuits with Cranberry & White Chocolate 1€ | Crunchy Oat Biscuits with Cranberry & White Chocolate | Soft Oat Biscuit Sugar Free | Soft Oat Biscuits with Tahini & Dark Chocolate | Soft Oat Biscuits with Carob & Dark Chocolate | Soft Oat Biscuits with Orange & Dark Chocolate | Soft Oat Biscuits with Banoffee & Dark Chocolate | Cookies Sugar Free | Cookies with Dark Chocolate | Cookies with Cocoa & Dark Chocolate | Cookies Promobox | Digestive Sugar Free | Digestive Biscuits with Wholemeal Flour | Digestive Biscuits with Fruits | Biscuits of Must with Raisins | Butter Biscuits | Vanilla Biscuits | Orange Biscuits | Orange Biscuits Sugar Free | Must Biscuits | Petit Beurre Biscuits | Lena Biscuits | Digestive | Classic Biscuits,41,https://www.dermisis.gr | https://www.dermisis.gr/retail-products/ | https://www.dermisis.gr/portfolio-types/digestive/ | https://www.dermisis.gr/portfolio-types/classic-biscuits/,ok
794fa810-6359-4cc3-8bd1-8bd6d0faf565,PARFAIT,platos preparados,https://www.parfait.cl/platos-preparados,,0,,error_home
43c85ce4-c09b-ed11-aad1-000d3aaab651,ChickP Protein Ltd,alternativas a lacteos,https://www.chickp-protein.com,,0,https://www.chickp-protein.com,ok_sin_productos
64d45ef8-a8a9-4624-be13-250748e4d3e1,CODILAB,nan,https://www.hsh-chemie.com,"From Fine Clockmakers to Chemical Pioneers: The Rather Family Story | HSH Chemie Group’s First VSME Sustainability Report | HSH Chemie Showcases Cosmetic Raw Materials at PCI Days 2026 | Lactase Enzyme in Supplements and Nutrition | Hair Dye Ingredients Under EU Regulation | CELLQ® | Our Industry Focus Groups | Please select your field of operation from the buttons below. | Coatings, Adhesives & Buldings | Food, Feed & Pharma | Personal & Home Care | Plastics & Rubber | Industrial Performance | Our Brand Products | Related Market Segments | Please select your market segment from below. | Coatings | Adhesives | Building & Construction | Chemical Distribution for Coating Additives Throughout CEE | Expert Coating Materials Guidance and Laboratory Support | Contact for Coating Chemicals | Comprehensive Product Portfolio for Coating Materials | Portfolio Download | Our Coating Raw Materials Portfolio | Our portfolio includes all essential coating raw materials for standard and custom formulations. | Efficient Delivery and Custom Packaging | Discover the Right Coating Materials for Your Needs | Benefits of HSH Chemie | Partnering with HSH Chemie offers you a wide range of commercial advantages. | Deep Knowledge | Highest Reliability | On Location | Strong Logistics | Product Group Search | Find the product group that suits your needs. Please contact us by using the contact section at the bottom of this page. | Quick Contact",37,https://www.hsh-chemie.com | https://www.hsh-chemie.com/products | https://www.hsh-chemie.com/products/coatings-adhesives-building | https://www.hsh-chemie.com/products/coatings-adhesives-building/coatings,ok
3abd60a4-6ae6-4fe5-abcc-c0b78fe15134,REVOLUCION SOSTENIBLE S.L. - GLOOP,"especias, aromas y colorantes",https://www.gloop.site/cucharitas-comestibles-mini-gloops,¿Te imaginas terminar tu helado y comerte la cucharita? | We’ve got something for everyone. | ¿DE QUE ESTÁN HECHAS LAS CUCHARAS COMESTIBLES? | PREGUNTAS FRECUENTES | locations | Miami | San Francisco | New York,8,https://www.gloop.site/cucharitas-comestibles-mini-gloops | https://www.gloop.site/catalogo,ok
82eb3558-d352-f111-bec6-000d3abe319d,Ars Pharmae,nutraceuticos,https://www.arspharmae.com,Meni | Račun | BetaCold® AMINO 6 vrečk | BetaCold® Junior | OmegaMulti® Junior | Bactoblis® Baby | Enduranza® 15 kapsul | Kardio3Aktiv®,8,https://www.arspharmae.com | https://www.arspharmae.com/catalogsearch/advanced/,ok
2b68af19-9ec9-4b14-b008-86a252ddf719,BEEBOX WORLD,miel,https://www.beeboxworld.com,"Bienvenue dans le monde merveilleux de l'apiculture ! | Découvrez notre gamme de | Nouveautés: les HARPES!! ! | Best-sellers | Nos articles les plus populaires | Promos | Nouveautés | Le blog de Beebox World | Actualités, astuces & partage de connaissance | Abonnez-vous à notre | Newsletter | GOOD4BEES V2 - Piège à frelons asiatiques innovant | Combinaison de protection LYSON complète contre les frelons et les guêpes | Bonbons au MIEL BELGE - Seau de 3kg - saveurs au choix | KIT Tranquillité EASY ONE - All in | Presse à cire et à opercules ApiCera® 28 litres | Extracteur manuel radiaire QUARTI 18 cadres | Kit DIY hydromel maison - complet | Doseuse Honeyaid avec table tournante et accessoires - Honey 65 (230v) | Ruche kényane ECO compatible Dadant AVEC barrettes 25mm et interlattes | Extracteur OPTIMA radiaire manuel Ø600mm pour 20 CADRES | Jeu de construction ""Abeille sur tournesol"" - 85 pièces | Ruche Nicot complète Dadant 10C | Jeu de construction ""l'Abeille"" - 203 pièces | Ruche 10C EASY ONE DECO | Miel crémeux d'ensemencement - origine Belgique - 4kg | Attractif Beevital pour pièges à frelons - 5 L | Muselière PIEGE - GOOD4BEES V2 | Doseuse/Pompe Nassenheider HONEYAID | Trappe à pollen RG | Extracteur radiaire électrique Ø500mm 12 cadres | Hausse de ruche en plastique Nicot Dadant 10C | Hausse de ruche en plastique Nicot Dadant 9C | Corps de ruche en plastique Nicot Dadant 10C | Ruche Nicot complète Dadant 10C HOFFMAN | Fond de ruche Nicot - Ventilation arrière | Fond de ruche Nicot - Ventilation totale | Tiroir pour plateau de récolte ou fond de ruche Nicot | Plaque d'hivernage Nicot pour fond de ruche Nicot | Porte pour fond de ruche Nicot 10 cadres BLANCHE (8.5) | Porte anti-frelon pour fond de ruche 10 cadres Nicot VERTE (5.5) | Porte grille à reine et à mâles pour fond de ruche 10 cadres Nicot IVOIRE (4.2) | Cabochon pour nourrisseur couvre-cadres Nicot | Clips d'assemblage pour éléments Nicot - plaquette de 32 pièces | Centreurs pour hausses et nourrisseurs Nicot - plaquette de 40 pièces | Toit en plastique pour ruche Nicot Dadant 10C | Corps de ruche Nicot Dadant 10C Hoffman | Hausse de ruche en plastique Nicot Dadant - Hoffman | Paire de coté de fond de ruche - Nicot | Porte évolutive pour fond de ruche 10 cadres Nicot | KIT débutant - EASY ONE | Ruchette d'élevage 6 cadres CONVERTIBLE V1 | Ruchette d'élevage BLANCHE Lyson - new model 2020 | Ruchette d'élevage PEINTE Lyson - new model 2020 | Ruche 10C EASY ONE en polystyrène en kit - Peinte | Ruche 10C EASY ONE en polystyrène en kit | Ruchette Quarti verte 6 cadres en polystyrène | Hausse pour ruchette Quarti 6 cadres en polystyrène | Couvercle de transport pour ruchette Quarti & Bois | Ruchette Lega légère Dadant 6 cadres",60,https://www.beeboxworld.com | https://www.beeboxworld.com/shop/wishlist | https://www.beeboxworld.com/shop/category/ruches-nicot-10 | https://www.beeboxworld.com/shop/category/ruches-polystyrene-11,ok
4dc85ce4-c09b-ed11-aad1-000d3aaab651,Chemelco International BV,"lacteos, yogures y postres lacteos",https://chemelco.com,,0,https://chemelco.com,ok_sin_productos
9dc85ce4-c09b-ed11-aad1-000d3aaab651,Obegi Chemicals,panaderia,https://www.obegichem.com,Products & Services | AGRO CHEMICALS | Coatings,3,https://www.obegichem.com | https://www.obegichem.com/products-services/ | https://www.obegichem.com/products-services/agro-chemicals/ | https://www.obegichem.com/products-services/coatings/,ok
cac54d63-3ab0-f111-aaac-7ced8d0bdcda,La colmena de cristal (MDP HONEY),miel,https://www.mdphoney.ar,,0,,error_home
8feadd0d-a7e4-f011-8543-7ced8d0c1dc6,Tirlan,agroquimico,https://www.tirlan.com,HERE FOR GOOD | OUR PEOPLE | COMMITMENT TO QUALITY | AWARD-WINNING BRANDS | Our Sites | Main navigation | OUR COMPANY | OUR BRANDS | Our Story | SUSTAINABILITY | CAREERS | Tirlán | Tirlán pays out €2.3 million to Members | GAIN Equine Nutrition continues support for RDA Ireland | Tirlán proudly launch 32nd season of Kilkenny GAA sponsorship | Tirlán suppliers bridging the gap between children and farming through NDC school farm visits | What we do | Resources | Get in Touch | Legal Menu | Breadcrumb | OUR VALUE-ADD SOLUTIONS | VISIT OUR INGREDIENTS WEBSITE | AT THE CORE OF OUR BUSINESS | Ingredients news | Diageo Baileys Champion Dairy Competition Open for Entries | Tirlán plans to invest €126 million in whey protein facilities | From Wexford to the world: Tirlán Open Days showcase best-in-class standards in cheese making,28,https://www.tirlan.com | https://www.tirlan.com/our-company/ingredients | https://www.tirlan.com/ingredients,ok
b3717bd7-bdff-4d54-aed7-ef10f6ac6f76,CSM Ingredients,panaderia,https://csmingredients.com/international/en_en/homepage,"Innovating Food | Our impact | Our Research and Innovation commitment | Our differentiators | Thrive for Impact | Value added solutions | Partnering capabilities | Enabling Taste and Nutrition For a New World | Our key product categories | Bread solutions | Fats and Oils | Fine Pastry Solutions | Dairy and Dairy Free Solutions | Plant Based Ingredient Solutions | Natural Added Value Ingredients | Our Brands | We are part of Nexture | Latest news | CSM INGREDIENTS LAUNCHES TIGER GRANULAT | CSM INGREDIENTS GROUP: VALIDATED DATA CONFIRM EGG ’N EASY’S LOWER CARBON FOOTPRINT COMPARED TO LIQUID EGG | GENERATE, NEXTURE’S INNOVATION HUB, ANNOUNCES THE THREE WINNING STARTUPS OF ITS GENERATE PROGRAM 2025 | CLEANER LABELS | BETTER FOR YOU | BETTER FOR THE PLANET | EATING EXPERIENCE | PLANT-BASED | GLUTEN-FREE | Fats & Oil Solutions | Ice Cream Solutions | Plant-Based Alternatives | Beverage Solutions | Bread and Roll Mixes | Bread Decorations | Bread and Roll Improvers",34,https://csmingredients.com/international/en_en/homepage | https://csmingredients.com/industrysolutions/en_en | https://csmingredients.com/international/en_en/our-solutions | https://csmingredients.com/international/en_en/our-solutions/Bread%20Solutions,ok
7ac28f91-e157-f011-877a-6045bd92f5a8,Marblemat,miel,https://www.marblemat.com,,0,https://www.marblemat.com,ok_sin_productos
0dc85ce4-c09b-ed11-aad1-000d3aaab651,Spice O' Life Limited,"especias, aromas y colorantes",https://spiceolife.ie,"Why you need us as your Flavour Partner: | Natural Flavours, Simplicity & Efficiency. | Add more wow: | Work less | What we do: | USPs: | Flavour in every size: | Service that exceeds Expectations: | Research Nerds: | Fresh & natural flavour: | Accreditation & Awards: | For a sample of how we can transform your business, contact our team today: | Spice O’Life Headquarters",13,https://spiceolife.ie,ok
a7eb3558-d352-f111-bec6-000d3abe319d,P&G Health Austria GmbH. & Co. OG,nutraceuticos,https://www.pg-personal-healthcare.com,Discover available brands in your country,1,https://www.pg-personal-healthcare.com,ok
2dfde01e-78cf-4129-a3e5-9d4a04eda7c4,PETROW FOOD GROUP,barritas y bebidas deportivas,https://petrowfoodgroup.com,Bar Manufacturing | Nut ButtersIngredients | Contract Packing | Our Products | Our Services | healthy foods for a better future | About Petrow Food Group | High Protein | Private Label | Our Blog | Contract Packing in London | Peak Performance Hi-Protein Snack Bars | Peanut Butter for Dogs | Products | Services | Head Office Address | Processed Nuts,15,https://petrowfoodgroup.com | https://petrowfoodgroup.com/ingredients-3/,ok
0a3ecd47-7382-470a-9740-4449c7faf14c,EL ORIGEN FOOD GMBH,nan,https://www.elorigenfood.de/collections/shop,"Bio Kochbananen Chips Chili Lime | Bio Kochbananen Chips mit Paprika | Bio Maniok Chips mit Meersalz | Bio Kochbananen Chips mit Meersalz | Classy Chips-Love: Snackpaket el origen Bio Chips (9 Packungen) | Bio Kochbananen Chips mit Trüffel-Geschmack | Bio Maniok Chips mit Sour Cream & Onion-Geschmack (vegan) | Bio Kochbananen Chips BBQ | Latin American Favourites: Snackpaket el origen Bio-Chips neue Sorten (9 Packungen) | Bio Kartoffelchips mit Meersalz | Bio Crunchy Jumbo Maíz mit Meersalz | Häufige Fragen | Was du mit Chili-Lime-Chips machen kannst (außer naschen) | Auch interessant | Instagram | Tiktok | Vimeo | Home | Neuheiten | Shop | Unsere Mission | Team | Anleihe | Jobs | News | Rezepte | Anmeldung | Wagen 0 | Sprache | Deutsch | English | Springe zu den Produktinformationen | ordentlich limette, bisschen spicy. | Bist du bereit für Chili Lime? Na, loco! | Wie scharf sind die Chili Lime Chips? | Sind die Chips vegan und glutenfrei? | Was bedeutet Direct Trade? | Vegane Quesadillas mit Crunchy-Überraschung | Tofu Tacos mit Kochbananen-Crunch | Plantain Burrito Bowl | Meersalz | Paprika | Trüffel (Premium) | Unsere Probierpakete | Bitte beachte: | DAS STECKT DRIN | Produktbeschreibung | ready für die crunch-revolution? | Zutaten | Nährwerte | auf 100g: | Snacken und dabei Gutes tun. | Erfahre mehr über unsere Mission | Weiterlesen | Hier findest du uns im Handel | Crunchy Newsletter | Nutzungsbedingungen | Datenschutzrichtlinie | Alle Produkte | Über el origen",60,https://www.elorigenfood.de/collections/shop | https://www.elorigenfood.de/collections/shop#MainContent | https://www.elorigenfood.de/products/bio-kochbananen-chips-chili-lime | https://www.elorigenfood.de/products/bio-kochbananen-chips-mit-paprika,ok
8520235d-fbdf-f011-8544-7ced8d0c5f55,Sunar,"especias, aromas y colorantes",https://www.sunar.com.tr,Detaylı İncele,1,https://www.sunar.com.tr,ok
ac50c925-1665-48d0-8556-3bfffd7e60c1,SPITZ,refrescos,https://www.spitz.at,,0,,error_home
c720235d-fbdf-f011-8544-7ced8d0c5f55,Jay&Joy,nan,https://www.jay-and-joy.com,,0,https://www.jay-and-joy.com,ok_sin_productos
c8c54d63-3ab0-f111-aaac-7ced8d0bdcda,IWIK S.A (MDP HONEY),miel,https://www.mdphoney.ar,,0,https://www.mdphoney.ar,ok_sin_productos
9aeb3558-d352-f111-bec6-000d3abe319d,Kline + Company,nan,https://klinegroup.com,"Beyond the Chew: How Gummies Are Reshaping the Global Excipients Market | GLP-1 Is Rewriting the Ingredient Manufacturer’s Growth Equation | Small Inputs, Higher Expectations: Europe’s Excipients Market | Trusted Experts in | Chemicals and Materials | Energy | Beauty and Wellbeing | Food and Nutrition | Turn Market Complexity into Strategic Clarity | Let's Talk | Industries We Serve | The Decisions We Help Solve | Where should we focus? | How is the market evolving? | What should we invest in next? | How do we win in this space? | Advisory | From insight to strategy | Latest Insights | What Is Driving Growth in North America’s Medical-Dispensed Skin Care Market in 2026? | Market Insight Director, L'Oréal | Kline + Company is the best niche market intelligence firm, priced accordingly and with the highest quality. | NA Market Intelligence & Insights Leadworking with Kline + Company 10+ years | Featured Events + News | Tariff Turmoil: Fueling Consumer Emotions and Reshaping Brand Loyalty | The Rise of Renewable Methanol as an Alternative Fuel | Impact of Tariffs on Specialty Chemicals: Navigating Uncertainty and Opportunities | The Ripple Effect: How Tariffs Could Transform the Beauty Industry | How to Turn Consumer Conversations Into Market Opportunities: 5-Minute Expert Guide | What our clients say | The Role of Sustainability Consulting in Shaping the Future | —Sunanda Desai, Vice President | See all of our products | Product Hub | Connect with us | Meet the team | Sunanda Desai | Mohit Bhat | Let’s talk | Upcycling in Food and Nutrition: From Waste Stream to Value Stream | Industry Insights | Beyond Digestion: Why the Gut-Brain Axis Is Harder to Sell Than to Explain | Nestlé’s $1B VMS Sale: What the Yellow Wood Deal Signals for the Supplement Market | From Gut Health to the Soda Aisle: What Prebiotic Sodas Reveal About the Future of Biotics | When Viral Food Trends Break the Supply Chain | Why Clean-Label Preservation Is Not a One-Size-Fits-All Strategy | Explore Our Events | The Base Oil Watershed: Current Uncertainty and the Coming Supply Wave | What Lubricant Opportunities Are There in Power Gen for Data Centers and AI Infrastructure? | Professional Cleaning Wipes: Voice of Customer Insights | Research from Across Kline | Share This | Where Kline and Company Intelligence Becomes Your Advantage | AI-powered market intelligence. From trusted research to business decisions, in one connected platform. | One platform. One workflow. | Endless possibilities. | Your end-to-end intelligence workflow | Move beyond information. | Create working knowledge. | Research",60,https://klinegroup.com | https://klinegroup.com/industries/chemicals/sustainable-solutions/ | https://klinegroup.com/food-nutrition/glp-1-ingredient-manufacturers/ | https://klinegroup.com/kline-digital/,ok
52f6487f-d8d5-f011-8543-00224882d38d,Alteco SA,nan,https://www.baron.be,,0,https://www.baron.be,ok_sin_productos
fbea3558-d352-f111-bec6-000d3abe319d,Colostrum Processing,"lacteos, yogures y postres lacteos",https://www.colostrumprocessing.nl,Fragment Colostrum | Onze missie en visie | Onze producten | Meldt u aan als biest leverancier | Colostrum Processing,5,https://www.colostrumprocessing.nl,ok
bd20235d-fbdf-f011-8544-7ced8d0c5f55,Botanic Healthcare Pvt Ltd,nutraceuticos,https://www.euroingredientes.com.pt,,0,,error_home
3c66bd0b-9141-4466-ac1c-403ae52a6e51,ALIANZA NACIONAL APÍCOLA DE KAZAKSTAN,piensos ganaderia,https://www.bal-ara.kz,"Рекомендуем посмотреть: | Борьба за выход в следующий раунд | Сильнейшие команды в поисках победы | Напряженные матчи и острые противостояния | Игроки, сражающиеся за победу | Эмоциональные моменты и неожиданные повороты | Блог",7,https://www.bal-ara.kz,ok
2fc85ce4-c09b-ed11-aad1-000d3aaab651,Chili Produkt Kft.,"especias, aromas y colorantes",https://chiliprodukt.hu,International Featured Standard Food | Termék- fejlesztés | Fűszerek és zöldség- szárítmányok | Egyedi igényekre szabott gyártás | Ötlet | Tesztelés | Konzultáció | Kész termék,8,https://chiliprodukt.hu | https://chiliprodukt.hu/products,ok
ea6c862f-b9ec-496d-9dc0-66569dda0bb3,Bienenhaus Tani,agroquimico,https://www.dilus.com,"Dilus Instrumentación y Sistemas, S.A. | Comprometidos conel medio ambiente | Instrumentación | Sistemas | Servicios | Sectores | Meteorología profesional | Energías renovables | ITS (Tráfico y Transportes) | Aeronáutica | Calidad del aire | Oceanografía | Radiactividad | Biociencias | Hidrología | Ciencias de la tierra y atmosféricas | Emisiones y vertidos | Ruido y vibraciones | Smart city | Partners | Blog Ver más | Optimización de Recursos en el Grupo: Escisión Parcial de Sequopro y traspaso a Dilus | Dilus, comprometidos con la precisión y la innovación | DILUS contribuye a la puesta en marcha de la primera planta Termosolar de América Latina | DILUS quiere seguir consolidando su posición como líder en integración de sistemas meteorológicos y medioambientales | Preparados para monitorizar la concentración de COVID-19 en el aire | DILUS se convierte en el único partner autorizado del fabricante LUFFT en España | Munich será el centro del mundo de las renovables la próxima semana | Acuerdo global entre OTT Hydromet y DILUS | DILUS participa en la mayor apuesta europea por la energía solar, en la planta fotovoltaica de Nuñez de Balboa | Solicita información personalizada | Confía en DILUS para Soluciones de Monitorización Ambiental",32,https://www.dilus.com,ok
b1c85ce4-c09b-ed11-aad1-000d3aaab651,Inexall Company,panaderia,https://en.inexall-company.com,"A partnership based on trust! | Citrics | Gluconate | Lactics | Special Salts | Sweeteners | Preservatives | Enzymes | Alginates | Others | Starches native, modified & derivates | Amino acids | Acidity regulators | Antioxidants",14,https://en.inexall-company.com | https://en.inexall-company.com/products,ok
33ea4266-fc95-438f-857c-bb52d263120b,Nutrition et Santé (Bicentury),ecologico,https://www.bicentury.com,,0,https://www.bicentury.com,ok_sin_productos
4ef6487f-d8d5-f011-8543-00224882d38d,Vitals Voedingssupplementen BV,chocolate,https://www.vitals.eu,"Produkte | Alle Produkte | Neue Produkte | Sport | Elete™ Sportmineralstoffe | Jeden Tag Sport Tabletten | Kreatin-CV | Magnesium Sport 100 mg | Ultimate Protein Blend | Ultra Pure EPA/DHA Sport 1000 mg | Vitamine | Vitamin A | Vitamin A 4000 IE Softgel-Kapseln | Vitamin B | Biotin 500 mcg | Cholin-VC 400 mg | Folat 5-MTHF 400 mcg | Vitamin B Komplex Aktiv | Vitamin B1 100 mg | Vitamin B1 250 mg | Vitamin B12 1000 mcg | Vitamin B12 1000 mcg Kapseln | Vitamin B12 2000 mcg | Vitamin B12 500 mcg | Vitamin B12 mit Folat | Vitamin B2 25 mg | Vitamin B3 500 mg | Vitamin B5 250 mg | Neu von Vitals | Schnell bestellen | Mehr Info | Kakaoflavanole-HF Mit 200 mg Flavanolen aus CocoActiv™ 49,95 €",32,https://www.vitals.eu,ok
309e6511-7973-44b3-a8b4-b83a7981c732,ACTOVERCO,medicamentos,https://www.actoverco.com,اهداف و استراتژی | مسئولیت اجتماعی | افتخارات و موفقیت ها | معرفی سایت های تولید و تحقیق | آخرین مطالب وبلاگ | با تقدیر از سه چهره برجسته جامعه پزشکی داروهای «تیرزکتو» و «سماکتو» رسما رونمایی شدند | برگزاری یازدهمین دوره نمایشگاه ایران فارما با مشارکت گروه دارویی اکتوور | /تولید “رزمیور”، داروی نوین کبد چرب در ایران/رزمتیروم برای نخستین بار توسط اکتوورکو به بازار دارویی کشور عرضه شد | اعطای جایزه البرز نخبگانی ۱۴۰۵ به پژوهشگر شرکت دارویی اکتوورکو | مدیر مدیکال اکتوور: مسئولیت صنعت دارو در قبال بیماران با تولید و عرضه محصول پایان نمی‌یابد | گالری تصاویر هشتمین کنگره نارسایی قلب – آذر ماه 1403 | کاشت نهال در پاسداشت درخت و طبیعت | گزارش تصویری رونمایی از داروی تلمیک-اچ | افتتاح دانشگاه علمی کاربردی و تخصصی مراقبت سالمندی کهریزک | کنگره | تا تمام مردم کشور واکسینه نشوند اجازه خروج یک ویال واکسن اسپوتنیک از کشور را نخواهیم داد | با تمام قوا، مراحل تولید انبوه واکسن ادامه دارد | درباره سلامت | آخرین مطالب سلامت | فواید شیردهی با شیر مادر | کیسه صفرا چیست؟ | آرتریت: علل، علائم، تشخیص و درمان | همکاران تجاری | تازه ها | معرفی گروه | آشنایی با ما | اطلاعات تماس | معرفی سایت‌های تولید و تحقیق | داروسازی اکتوور | کارخانه های اکتوورکو ۱ و ۲ | سایت بایوتکنولوژى | ﺳﺎﯾﺖ اَﮐﺘِﺮو | سایت آﺗﻰ ﻓﺎرﻣﺪ | ﺳﺎﯾﺖ اﻟﺒﺮز زاﮔﺮس | بریواستا® (بریواراستام) | رزمیور® (رزمتیروم) | سماکتو® (سماگلوتاید) | تیرزکتو ® (تیرزپاتاید) | کینرین® (فینرنون) | ناپرکو® (اس امپرازول/ناپروکسن) | مانازیل® (دونپزیل هیدروکلراید – ممانتین هیدروکلراید) | آدینکو® (نیکوراندیل) | راملی® – راملتئون | اکتوفول® | اکتوویت فریک مالتول® | والزتور® (والسارتان) | گاناوال® – والگانسیکلوویر | لینزولید® (زوویکس) | ویتکت® – وریکونازول | رمدسیویر | فرومیلید® – کلاریترومایسین | فاویپیراویر®,52,https://www.actoverco.com | https://www.actoverco.com/introduction-of-production-and-research-sites/ | https://www.actoverco.com/products/ | https://www.actoverco.com/product-category/infectious-diseases/,ok
37fa791b-8cb1-ef11-b8e9-000d3aaab59f,Ilmor,"especias, aromas y colorantes",https://ilmor.com.tr,Ana Sayfa | Çeşitli sektörlerden farklı markalarla çalışmanın verdiği güç. | TÜM ÜRÜNLERİMİZ | TEKSTİL KİMYASALLARI | DETERJAN KİMYASALLARI | GIDA KİMYASALLARI | KOZMETİK KİMYASALLARI | SU ŞARTLANDIRMA KİMYASALLARI | EMÜLSİYON POLİMERİZASYONU | ENDÜSTRİYEL KİMYASALLAR | OLEO KİMYASALLAR | MEDİKAL KİMYASALLAR | 110 + | 20000 m² | 17 +,15,https://ilmor.com.tr,ok
c8cb5c8f-c4a5-4a53-bbd1-967334f4cd55,Asociación Nacional Apícola Moldavia -NABRM,miel,http://apicultura.md/en/index_en.html,,0,,error_home
e120235d-fbdf-f011-8544-7ced8d0c5f55,USA Pulses,conservas vegetales,https://www.usapulses.org,"About USA Pulses | The History of USA Pulses | What Are Pulses | Types of Pulses | Nutritional Information & Benefits | Pulses Recipes | How to Prepare | Half Cup Habit | Meal planning & tips | Chefs | Schools | RDN Nutrition Professionals | Pulses for Healthy pets | Events | International | Suppliers | CAP Project | Information and Government Policy | Ingredient Innovation | Technical Manual | Sustainability | Research and innovation | Get in touch | FAQ | Support | Accessibility Statement | USA pulses Mission | The Main Ingredient | Pulses are the unsung heroes of the culinary world. Think dry peas, lentils, chickpeas, and dry beans. | Let’s get cooking! | Featured Recipes | Split Pea Curry Soup | Honeynut Harvest Couscous Salad | One Pan Creamy Tuscan White Beans | Connect with a Supplier | International Year of the Woman Farmer",36,https://www.usapulses.org,ok
b4211c4a-c62a-46fe-876b-580972a0fb56,PROZIS GROUP,nutraceuticos,https://www.prozis.com,,0,,error_home
40fa791b-8cb1-ef11-b8e9-000d3aaab59f,"Symrise Ibérica, s.l.",nan,https://www.symrise.com,"Creating resources with a circular economy | Trending now | 1874 – 2024: Celebrating 150 years | Share price | €93.08 | Circular economy | Discover our latest roles now | Sustainability is an integral part of our business model | Our ""Full side-stream valorization"" approach | Latest trends | Interim Group Report January – June 2026 | News | How did you find out about the Symrise website? | Facts & figures | A case for investment | Corporate Report 2025 | Download center Our publications since 2006 | Media assets Images and videos for the press | Events | Your career at Symrise – create with us! | Managing successfully and acting sustainably | Creating resources with the circular economy | The future is circular and green | Our blog - always inspiring more... | Why smoke and char enrich global flavor innovation in 2026 | The grocery jetsetter: how to travel the world in your local supermarket aisles | Cherub cheeks: inside the viral blush phenomenon | Social Media | Symrise AG on LinkedIn | Symrise on YouTube Here you will find all official Symrise videos. | Symrise on Facebook Learn more about our company and our values and enter the world of Symrise. | Symrise on Twitter / X All about Symrise in brief. | Grievance system | Contact | €93.10 | Our company | Our product world | always inspiring more... | Pet parenting | Beauty+ | Cracking the code of nature | Symrise opens the doors to Grand Hôtel Particulier at Beautyworld Dubai | €93.20 | Cosmetic Ingredients | Scent & Care | Great cosmetic experience unleashing natural beauty and well-being | Our products | We create cosmetic ingredients in seven core categories | Active Ingredients | Micro Protection | Botanicals | Sun Protection | Functionals | Color Solutions | Hair Care | Explore our latest innovative solutions for the cosmetics world... | Hydrolite® 5 green | SymReboot™ L19 | Nature, science and consumer desire | Our high-quality solutions are underpinned by three key pillars",60,https://www.symrise.com | https://www.symrise.com/our-company/our-unique-portfolio/ | https://www.symrise.com/scent-and-care/cosmetic-ingredients/ | https://www.symrise.com/scent-and-care/cosmetic-ingredients/join-our-world/,ok
9df528b2-f96b-41ae-a3d6-af69e2bc6e50,SALVE GLOBAL,suplementos deportivos,https://www.salveglobal.com,"Elevate Your Brand, Crafted Excellence in Every Bite! | e-commerce Friendly Products | The Ultimate Real Food Experience | Bars | Bites and Filled Balls | Quality features in the production of healthy snacks | We use artificial intelligence for the manufacturing | We will collaborate with you to accomplish | Elevate Your Online Snack Business",9,https://www.salveglobal.com | https://www.salveglobal.com/products/ | https://www.salveglobal.com/product-development/ | https://www.salveglobal.com/e-commerce-friendly-products/,ok
1dfa791b-8cb1-ef11-b8e9-000d3aaab59f,Pomona Keepers,nan,https://www.pomonakeepers.com,Leading Group in the Organization of Fairs and Events | EVENTS | WOOE | Natural Spaces Fair | ORIGIN NATURA | WBWE Amsterdam - VINEXPO | WINERS | SMV Canadá | MEDIA | La Gaceta del Vino | SOCIAL MEDIA | Newsletter | pomonakeepers,13,https://www.pomonakeepers.com,ok
af035281-afff-ed11-8f6e-000d3aaab571,CHICKLES GUM,golosinas,https://chic-kles.com,"Descubre nuestros | Hierbabuena | Menta | Menta suave | Eucalipto | Jengibre, limón & própolis | Chicle | Fresa | Frutal Mix | Beneficios de mascar chicles sin azúcar | Apostando siempre por la calidad | Rigurosos estándares de calidad | Ingredientes de calidad superior | Tecnología puntera",14,https://chic-kles.com | https://chic-kles.com/categorias-producto/ | https://chic-kles.com/productos/,ok
86eb3558-d352-f111-bec6-000d3abe319d,Biotexia,nutraceuticos,https://www.biotexia.com/en,Welcome to Biotexia | Welcome to Biotexia: evidence-led innovation in Health & Nutrition | Dietary Supplements | Metabolic Health | Immune Health | Digestive Health | Healthy Ageing & Vitality | About Us,8,https://www.biotexia.com/en,ok
a61a9c52-ef5b-4bcb-8eed-ece18ac36104,Mondelez,galleteros,https://www.mondelezinternational.com,State of Snacking | 2026 Report | Recent News | CONTACT US | SUPPLIERS & VENDORS | STARTUPS & INNOVATION | NUTRITION COMMUNITY | CONSUMERS | Introduced: 2000 | Additional Resources | cocoalife.org | Read more | Snacking Made Right | Agricultural Supply Chain | TogetherCocoa Foundation,15,https://www.mondelezinternational.com | https://www.mondelezinternational.com/our-brands/tates-bake-shop/ | https://www.mondelezinternational.com/snacking-made-right/sustainable-ingredients/,ok
88eb3558-d352-f111-bec6-000d3abe319d,Bonusan,nutraceuticos,https://www.bonusan.es,"Magnesan Forte Plus | Vitamina D3 & K2 Forte | Vitamina D3 75 | Magnesan Forte Plus en Polvo | Magnesio Citrato 150 Complex | Multi Vital 3-in-1 | Focus Fórmula | Vitamina C-1000 complex de ascorbatos | Cada historia es única | Un sistema holístico | La ciencia como punto de partida | El conocimiento en la práctica | Hormonas | Sueño | Piel | Estado de ánimo | Energía | Concentración y memoria | Suplementos alimenticios de primera calidad | 120 años de experiencia | Bonusan | Objetivos de salud | Azúcar en la sangre | Huesos | Colesterol | Lo esencial de cada día | Rendimiento físico | Función psicológica | Articulaciones | Cabello y uñas | Corazón y/o vasos sanguíneos | Garganta y vías respiratorias | Hígado | Menstruación | Boca y dientes | Visión | Menopausia | Estrés oxidativo | Tiroides | Dormir, Estrés y Ansiedad | Músculos | Digestión | Próstata | Fertilidad | Sistema inmunitario | Sistema nervioso | Embarazo | Productos | Minerales | Magnesio | Calcio | Hierro | Yodo | MSM | Selenio | Zinc | Ver todo | Vitaminas | Multivitaminas | Vitamina D | Vitamina C | Vitamina A",60,https://www.bonusan.es | https://www.bonusan.es/es-ES/productos/lo-esencial-de-cada-dia/packs | https://www.bonusan.es/es-ES/productos | https://www.bonusan.es/es-ES/productos/minerales,ok
5af6487f-d8d5-f011-8543-00224882d38d,Glanbia,nan,https://www.glanbia.com,Glanbia appoints Wendy Chang Smith as Chief Financial Officer Designate | 2026 Half Year Results | Q1 2026 Interim Management Statement | Full Year 2025 Results | Transforming & performing | Investors,6,https://www.glanbia.com,ok
fdc75ce4-c09b-ed11-aad1-000d3aaab651,AllinAll Ingredients,"especias, aromas y colorantes",https://allinall.ie,NEWSLETTER SUBSCRIPTION | Read more,2,https://allinall.ie | https://allinall.ie/products/,ok
a5eb3558-d352-f111-bec6-000d3abe319d,Nature's Way Brands,suplementos deportivos,https://naturesway.com,Sign up for emails to receive exclusive offers. | Learn more! | Brands | Search | Log in | Cart | Shop All | Alive!® | Fortify® | Integrative Therapeutics® | Joint Movement Glucosamine® | Probiotic Pearls® | Sambucus | Umcka® | FEATURED | by Ingredient | Last Chance Savings | New Products | Overstock Deals | Subscribe & Save 15% | SPECIALTY | Elderberry | Enzymes | Gummies | Homeopathic | Sugar Free | TYPES | Herbal Supplements | Multivitamins | Oils | Free shipping $49+ | We're here to help | Satisfaction Guarantee | Add $49.00 more and it's yours | CalmAid® | BUY NOW | Calcium & Vitamin D3 | Sambucus Elderberry Immune Gummy | Cortisol Manager® | Chlorofresh® Liquid Chlorophyll | Alive!® Men's 50+ Ultra Multivitamin | Blood Sugar Manager | Magnesium Complex | Riboflavin Vitamin B2 | Alive!® Women’s 50+ Complete Multivitamin | Organic MCT Oil | Niacinamide | Alive!® Women's 50+ Ultra Multivitamin | Alive!® Men's 50+ Complete Multivitamin | NatureWorks Swedish Bitters | Alive!® Women's 50+ Gummy Multivitamin | Ashwagandha | Alive!® Calcium & Vitamin D3 Gummies | Ginger Root | Boericke & Tafel® Ssssting Stop® Gel | Primadophilus® Kids Probiotic | Alive!® Women's Complete Multivitamin | Slippery Elm Bark | Alive!® Women’s Gummy Multivitamin | Alive!® Men’s Complete Multivitamin,60,https://naturesway.com | https://naturesway.com/collections/all | https://naturesway.com/collections/alive | https://naturesway.com/collections/fortify,ok
d2c54d63-3ab0-f111-aaac-7ced8d0bdcda,Carrillo Apiaries Inc.,miel,https://Carrillo Apiaries (inst),,0,,error_home
adc85ce4-c09b-ed11-aad1-000d3aaab651,Inexall Company,panaderia,https://en.inexall-company.com,"A partnership based on trust! | Citrics | Gluconate | Lactics | Special Salts | Sweeteners | Preservatives | Enzymes | Alginates | Others | Starches native, modified & derivates | Amino acids | Acidity regulators | Antioxidants",14,https://en.inexall-company.com | https://en.inexall-company.com/products,ok
48fa791b-8cb1-ef11-b8e9-000d3aaab59f,ITS Nutriscience,"especias, aromas y colorantes",https://www.its-nutriscience.com,"Connecting Ideas Across Asia: Our 2026 Exhibition Journey | MIHAS 2026: Exploring Possibilities Across Food & Nutraceuticals | Discover New Possibilities with ITS at Fi Asia Indonesia 2026 | From Consumer Needs to Product Innovation: What We’re Exploring at Vitafoods Asia 2026 | Where to Meet ITS Nutriscience in 2026: Vitafoods Asia, Fi Asia Indonesia & MIHAS | Meet Our Team at Food Focus Thailand Roadmap: Pet Food Edition | Why Encapsulated Flavour Is a Game-Changer | Crafted for Food Manufacturers: Precision-Crafted Seasoning Solutions | Sugar Alcohols (Polyols): Complete Guide to Sorbitol, Maltitol, Erythritol & Xylitol in Food Applications | Beyond Protein Content: How Isolated Soy Protein Supports Product Performance | The Strategic Role of Functional Phosphates in Food and Nutraceutical Formulations | Exclusive Distributor for Arjuna Natural | Beyond Sweetness: How Erythritol Supports Sugar Reduction in Modern Formulations | Engineering the Perfect Bite: Texture, Juiciness & Structure | The Science of a Calmer Mind | Train Smarter, Recover Faster | Meet the Modern Rescue Remedy for Women’s Health: Ginger Extract | Good News! No More Sticking Tablets and Uneven Flow | Turning Reformulation Challenges into Innovation Wins | Not Sure Which Flavour Will Resonate with Today’s Wellness-Driven Consumers? | Fibre And Protein Take Centre Stage in Snack Bars and Cereals | Postbiotics: The Next Frontier in Digestive Wellness | Discover the Power of Boswellia: Nature’s Solution for Inflammation and Joint Health | From Waste to Wonder: The Power of Tamarind Seed Gum | The Long-Lasting Antioxidant Made from Broccoli | Crunch is the New Crave in Asia | Eggshell Membrane: A Natural Powerhouse for Radiant Skin | Flavour Defines Identity: The Next Wave of Snack Innovation in Asia | The Art of Lievito Madre: Italy’s Secret to Better Bread | Unlocking Culinary Consistency: The Rise of Premium Egg Powder in Modern Food Manufacturing | Enhance Flavour Naturally with Fruit-Based Ingredients | The Future of Cocoa Bean Ingredient Alternatives | Innovation in Action: Our Key Highlights at 2025 Exhibitions | Gearing Up for MIHAS 2025: The World’s Largest Halal Showcase | Food Ingredients Asia co-located with Vitafoods Asia Bangkok 2025 | Driving Growth & Innovation: Our Exhibition Journey in 2025 | Discover the Versatility of ITS Lime Seasoning | Natural Sweeteners Are on the Rise | Ovoderm®—The Vegetarian Collagen | The Hidden Dangers of Excess Fat – Non-Alcoholic Fatty Liver Disease (NAFLD) | Total Gut Care | Delicious Meat Flavors in Vegetarian Delights | SelectSIEVE® Glitter Youthful Complexion from Within | Morosil™ – The Award-winning Ingredient in Weight Management | Better-for-You Desserts | Natural Goodness in a Bowl | Success is Where Preparation and Opportunity Meet | Innovative Savoury Flavours | Food Focus Thailand Events 2023 | FOOD & NUTRACEUTICAL | Food | Bakery & Confectionery | Beverages & Dairies | Meals, Sauces & Seasonings | Meat, Poultry & Seafood | Vegetarian | Healthcare | Nutraceutical & Pharmaceutical | Ingredients for Bakery & Confectionery: | Ingredients for Beverages & Dairies:",60,https://www.its-nutriscience.com | https://www.its-nutriscience.com/market-solutions/ | https://www.its-nutriscience.com/market-solutions/bakery-confectionery/ | https://www.its-nutriscience.com/market-solutions/beverages-dairies/,ok
142da7d3-68ab-4180-8b33-0a598929e8c3,TFTAK,nan,https://www.tftak.eu,SUCCESS STORIES | PILOT PLANT | INNOVATION SERVICES | ABOUT TFTAK | TFTAK at Tallinn FoodFair 2026 | TFTAK Invites to a Practical Training on Sensory Analyses | TFTAK and ÄIO launch DigiFoundry 2.0 to advance microbial oil production technologies | WORKFLOW IN TFTAK | OUR PARTNERS | TESTIMONIALS,10,https://www.tftak.eu,ok
f9f9791b-8cb1-ef11-b8e9-000d3aaab59f,"Symrise Ibérica, s.l.",nan,https://www.symrise.com,"Creating resources with a circular economy | Trending now | 1874 – 2024: Celebrating 150 years | Share price | €93.08 | Circular economy | Discover our latest roles now | Sustainability is an integral part of our business model | Our ""Full side-stream valorization"" approach | Latest trends | Interim Group Report January – June 2026 | News | How did you find out about the Symrise website? | Facts & figures | A case for investment | Corporate Report 2025 | Download center Our publications since 2006 | Media assets Images and videos for the press | Events | Your career at Symrise – create with us! | Managing successfully and acting sustainably | Creating resources with the circular economy | The future is circular and green | Our blog - always inspiring more... | Why smoke and char enrich global flavor innovation in 2026 | The grocery jetsetter: how to travel the world in your local supermarket aisles | Cherub cheeks: inside the viral blush phenomenon | Social Media | Symrise AG on LinkedIn | Symrise on YouTube Here you will find all official Symrise videos. | Symrise on Facebook Learn more about our company and our values and enter the world of Symrise. | Symrise on Twitter / X All about Symrise in brief. | Grievance system | Contact | €93.10 | Our company | Our product world | always inspiring more... | Pet parenting | Beauty+ | Cracking the code of nature | Symrise opens the doors to Grand Hôtel Particulier at Beautyworld Dubai | €93.20 | Cosmetic Ingredients | Scent & Care | Great cosmetic experience unleashing natural beauty and well-being | Our products | We create cosmetic ingredients in seven core categories | Active Ingredients | Micro Protection | Botanicals | Sun Protection | Functionals | Color Solutions | Hair Care | Explore our latest innovative solutions for the cosmetics world... | Hydrolite® 5 green | SymReboot™ L19 | Nature, science and consumer desire | Our high-quality solutions are underpinned by three key pillars",60,https://www.symrise.com | https://www.symrise.com/our-company/our-unique-portfolio/ | https://www.symrise.com/scent-and-care/cosmetic-ingredients/ | https://www.symrise.com/scent-and-care/cosmetic-ingredients/join-our-world/,ok
b6c28f91-e157-f011-877a-6045bd92f5a8,Nutrinovex Sport Innovations S.L.,nan,https://nutrinovex.es,"Aplicar cupón | Crear cuenta | Take it easy. | Comprar ahora | Más vendidos | Glucobar | Longovit 360 Gel · 30/50g CHO | Longovit 360 Drink | Longogel 360 PRO | Cramp Rescuer | Suproplex Recovery 3.1 | Longobar | Glucomin Hydrogel | Categorías destacadas | Barritas energéticas | Geles energéticos | Carbohidratos e hidratación | Recuperadores | Hablan de nosotros en... | Creemos en la autoconfianza | Innovación, empatía y transparencia | Propóntelo. Créetelo. Consíguelo. | Tasting Pack Glucobar | Longovit 360 Drink PRO | Cafeína en cápsulas. | Clientes satisfechos | Hidratein Salts Caps | Envío Gratis | Pago Seguro | Pago flexible | Soporte Online | Calle Gran Bretaña Nº 16F, 12006, Castelló de la Plana, España. | 26.014569/CS | (+34) 964 371 204 | Ver en Google Maps | Facebook | Instagram | Threads | TikTok | Aviso legal | Política de privacidad | Política de envíos | Términos y condiciones | B2B · Acceso profesionales | Productos | Sobre nosotros | Club Nutrinovex | Academy | Carrito de compras | Tu carrito está vacío | Volver a la tienda | Cuenta | Nutriverso | 0 Carrito | Aprovechar descuento | Productos recomendados | Creatina + Beta Alanina [Nueva fórmula] | Pack LS1: Longovit 360 Drink + Suproplex Recovery | Tasting Pack de Glucobar | Magnesio 250mg",60,https://nutrinovex.es | https://nutrinovex.es/collections/all | https://nutrinovex.es/products/glucobar | https://nutrinovex.es/products/longovit-360-gel-30-50g-cho,ok
57c85ce4-c09b-ed11-aad1-000d3aaab651,DSM Food & Beverage,pasteleria,https://www.dsm-firmenich.com,"Perfumery & Beauty | Taste, Texture & Health | Health, Nutrition & Care | Weekly progress on share repurchase program to cover share plans and reduce capital | dsm-firmenich returns to Beautyworld Middle East 2026 with Flowers Are Watching Us | dsm-firmenich strengthens commitment to Indonesia with new Jakarta office and Karawang manufacturing expansion | AI is unleashing a new wave of creativity | dsm-firmenich partners with Boltz on AI for ingredient discovery | dsm-firmenich appoints Inge Massen-Biemans as Chief Sustainability Officer | Making sense of our senses — the receptor revolution | dsm-firmenich initiates patent infringement litigation in China regarding production of Sclareol via biotechnology | dsm-firmenich Board of Directors proposes Richard Ridinger as new Chairman following Thomas Leysen’s decision to retire | dsm-firmenich reports H1 2026 results | dsm firmenich unveils Flowers Are Watching Us, a new global activation presenting a fresh take on florals in perfumery | dsm-firmenich Appoints Marie Salamagne and Frank Voelkl as Master Perfumers | To age better, we need to rethink health itself | dsm-firmenich announces winner of The Art of Progress Prize | dsm-firmenich unveils SENSORIUM™ Seoul: Exploring the Rise of K-Scent and the Future of Fragrance Creation | dsm-firmenich receives FDA approval on PARSOL® Shield, a new sun protection ingredient for the U.S. | dsm-firmenich shares commence trading on SIX Swiss Exchange, establishing dual listing with Euronext Amsterdam | dsm-firmenich shareholders approve all resolutions at Annual General Meeting 2026 | dsm-firmenich Q1 2026 trading update | dsm-firmenich announces sale of Action Pin business to AP Marensin S.A.S.U. | dsm-firmenich launches Veramaris® O3 Max Pure, a seamless fish oil replacement at Petfood Forum 2026 | Honorine Blanc to Receive Lifetime Achievement Perfumer Award from The Fragrance Foundation USA | About dsm-firmenich | Investors | Our businesses | Ingredients - Synthetics | Ingredients - Naturals | Discover more | Discover our ingredients and the expertise of our people | Sharing innovation to inspire the industry | Ingredients catalog | DRT Industry Ingredients | Experience our global, end-to-end capabilities in Naturals | Certified quality | Valorizing precious resources",38,https://www.dsm-firmenich.com | https://www.dsm-firmenich.com/en/businesses/perfumery-beauty/beauty-care/products.html | https://www.dsm-firmenich.com/en/businesses/perfumery-beauty/ingredients.html | https://www.dsm-firmenich.com/en/businesses/perfumery-beauty/ingredients/naturals.html,ok
7dfa791b-8cb1-ef11-b8e9-000d3aaab59f,Neoingredientes Lda,refrescos,https://www.neoingredientes.com,"Neoingredientes | Neoingredientes, uma equipa multidisciplinar com mais de duas dÃ©cadas ao serviÃ§o da indÃºstria alimentar. | Sustentabilidade | ContribuÃ­mos com as nossas soluÃ§Ãµes para uma alimentaÃ§Ã£o segura e saudÃ¡vel. | Encontre-nos | Ajuda | Contactos",7,https://www.neoingredientes.com,ok
5fc85ce4-c09b-ed11-aad1-000d3aaab651,Jivo Wellness Pvt Ltd,zumos y nectares,https://jivo.in,,0,,error_home
21c95ce4-c09b-ed11-aad1-000d3aaab651,esarom gmbh,helados,https://www.esarom.com,"Are esarom products halal certified? | Which kind of products and services are offered? | What are the main business areas of esarom? | To which countries does esarom export? | What efforts are taken towards sustainability? | Afghanistan, Abu Dhabi, UAE | Algeria, Bejaia | Armenia, Yerevan | Azerbaijan, Baku | Bangladesh, Dhaka | Belarus, Minsk | Bosnia-Hercegovina, Banja Luka | Bulgaria, Plovdiv | China, Shanghai | Czech Republic, Olomouc | Estonia, Tallinn | Georgia, Tbilisi | Hungary, Szentendre | Jordan, Amman | Kazakhstan, Almaty | TASTE | FUNCTIONALITY & COLOURS | TASTE MODULATION & TEXTURE",23,https://www.esarom.com | https://www.esarom.com/products/ | https://www.esarom.com/products/beverages/ | https://www.esarom.com/products/beverages/nonalcoholic-drinks/,ok
afeb3558-d352-f111-bec6-000d3abe319d,Rapid  Biotechnologies,suplementos deportivos,https://rapidbiotechnologies.com,"PlanVitaPRE | VitaPRE | PROLactoGG | Plan PROLactoGG | Combo PROLactoGG +VitaPRE | Ver todos | Planes | prebioticos | probioticos | Microbiota y tabaco: ¿Cómo afecta fumar a nuestras bacterias intestinales? | Microbiota en verano: cómo afectan las vacaciones a tu salud intestinal | Gluten y microbiota intestinal: ¿amigo o enemigo? | Antibióticos y microbiota infantil: qué sucede después del tratamiento | Capítulo 7 «R-biotics desde Dentro»: L. rhamnosus GG, evidencia y uso como probiótico | Azúcar y microbiota intestinal: qué dice realmente la ciencia | Vitamina D. Suplementación y uso con prebióticos. | Ácidos Grasos de Cadena Corta: importancia para la microbiota | ¿Qué son los enterotipos de la microbiota? | Probióticos para disbiosis oral | Capítulo 6 «R-biotics desde dentro»: Cómo leer la etiqueta de un probiótico o prebiótico. | ¿Qué son los postbióticos?: más allá de probióticos y prebióticos | Resiliencia de la microbiota | Podcast 5 «R-biotics desde dentro»: diferencias entre probióticos y prebióticos. Histamina y cepas. | Podcast 4 «R-biotics desde dentro»: fibras prebióticas para tu intestino. FOS e inulina. | Lacticaseibacillus rhamnosus GG y permeabilidad intestinal | Podcast 3 «R-biotics desde dentro»: Hablamos de microbiota | Podcast 2 «R-biotics desde dentro»: Presentación del proyecto con José Manuel | Prebióticos: el excelente alimento para nuestra microbiota | PROLactoGG. Un aliado eficaz contra la diarrea aguda",29,https://rapidbiotechnologies.com,ok
5b1723e1-792c-4acc-93be-779ed76d4e89,VICTUS & TRADITUM FOOD,piensos ganaderia,https://www.vtf.ma,,0,,error_home
a6c54d63-3ab0-f111-aaac-7ced8d0bdcda,Nutrelar,miel,https://www.nutrelar.com.ar,,0,,error_home
41c85ce4-c09b-ed11-aad1-000d3aaab651,INOFEA,medicamentos,https://www.inofea.com,We are Committed To | Our Solutions | READY TO USE & PIPELINE PRODUCTS | APPLICATIONS | ON DEMAND DEVELOPMENT | Sign Up To Our Newsletter | Biologics Manufacturing | DNA and mRNA Manufacturing | Bioconjugates Manufacturing | Biologics Downstream Purification | Small Molecules - Biocatalytic API Manufacturing | More Life Science Biocatalysis Applications,12,https://www.inofea.com | https://www.inofea.com/products-solutions-1,ok
71c85ce4-c09b-ed11-aad1-000d3aaab651,ORGANO FOOD TECH CORPORATION,barritas y bebidas deportivas,https://oft.organo.co.jp/english,Our Product List | Search by Product ▶ Click the word for the relevant product information | Main Use List | Search by Use▶ Click the word for the relevant product information | What is phosphate? | Main type | What is hydrocolloids?,7,https://oft.organo.co.jp/english | https://oft.organo.co.jp/english/product/ | https://oft.organo.co.jp/english/product/p0101/ | https://oft.organo.co.jp/english/product/p0102/,ok
3e6af6b4-b012-48a7-93e2-85117b0c9898,DERAKHSHAN HONEY,miel,https://www.derakhshanhoney.com,,0,,error_home
fa4bfc6f-e649-4a3d-a914-9cfe3a294fd6,Harrapi,frutos secos y snacks,https://www.harrapi.com,"Transformer âSâ | Transformer âMâ | Transformer âLâ | Transformer âXLâ | Six products, builtto the same standard. | REF. HA09-4326 Transformer ""S"" 16V / 50VA Â· 1.2 Kg Â· Hobbyist & small-scale View details â | Transformer ""S"" | REF. HA09-4327 Transformer ""M"" 24V / 60VA Â· 1.2 Kg Â· Medium-scale View details â | Transformer ""M"" | REF. HA10-2306 Transformer ""L"" 32V / 120VA Â· 2.0 Kg Â· Medium & large-scale View details â | Transformer ""L"" | Transformer ""XL"" | REF. HA98-WAX Wax Sheets ~12â14 sheets/kg Â· Langstroth & similar View details â | Wax Sheets | REF. HA99-SMK Smoker Premium build Â· Calms bees reliably View details â | Smoker | Soldering Transformer ""S"" | Soldering Transformer ""M"" | Soldering Transformer ""L"" | Soldering Transformer ""XL"" | Wax Foundation Sheets | Bee Smoker",22,https://www.harrapi.com | https://www.harrapi.com/products.html#ha09-4326 | https://www.harrapi.com/products.html#ha09-4327,ok
b3035281-afff-ed11-8f6e-000d3aaab571,LABORATORIOS ANUR,nan,https://laboratoriosanur.es,"Ofrecemos un servicio integral; desde el desarrollo galénico de la fórmula, hasta la entrega del producto final | Desarrollo de formulaciones | Pruebas galénicas | Fabricación | Nuestras Instalaciones | Áreas de Producción: | Laboratorio: | Almacén: | También disponemos de: | Contacto | Fabricación, envasado y acondicionamiento de soluciones acuosas y oleosas | Fabricación, envasado y acondicionamiento de capsulas duras, comprimidos y productos en polvo",12,https://laboratoriosanur.es | https://laboratoriosanur.es/productos-liquidos/ | https://laboratoriosanur.es/productos-solidos/,ok
73fa791b-8cb1-ef11-b8e9-000d3aaab59f,GACHES CHIMIE,bolleria,https://www.gaches.com,Français | English (UK) | Español | Nederlands | Deutsch,5,https://www.gaches.com | https://www.gaches.com//expertises-et-solutions/ | https://www.gaches.com//solutions-dechets-dangereux/,ok
25ffa0b2-f396-4e21-9083-5aeb51d1924f,Bang & Bonsomer,"especias, aromas y colorantes",https://food-ingredients.bangbonsomer.com/food-ingredients,Bang & Bonsomer Business Divisions » | TOP QUALITY INGREDIENTS | WIDE VARIETY OF INGREDIENTS | FOCUS ON SOLUTIONS | APPLICATIONS,5,https://food-ingredients.bangbonsomer.com/food-ingredients | https://food-ingredients.bangbonsomer.com/food-ingredients#content | https://food-ingredients.bangbonsomer.com/food-ingredients/ | https://food-ingredients.bangbonsomer.com/food-ingredients/applications/,ok
f68e46f1-ac2c-46de-85f3-192f214aa242,NCC FOOD INGREDIENTS,"especias, aromas y colorantes",https://nccingredients.com,Sensus B.V. Becomes Cosun Ingredients | NCC is attending Fi Europe 2025 | NCC Food Ingredients Announces Exclusive Partnership with Revyve in Ireland | View our full food | ingredients list below. | Find out more about specific food markets we work with below. | Bakery & Confectionery | Beverage | Convenience | Health & Nutrition | Condiments & Sauces | Sports Nutrition | Dairy | Seafood & Meat | Animal Nutrition | Pet Food | Bakery & Confectionery Ingredients | Sugar Replacement | Natural Flavouring | Mineral Fortification | Fibre Enrichment | Shelf Life Extension | Protein Enrichment | Fat Replacement | Get in touch,25,https://nccingredients.com | https://nccingredients.com/food-ingredients/ | https://nccingredients.com/food-ingredient-marketplace/ | https://nccingredients.com/food-ingredient-marketplace/bakery-confectionery-ingredients/,ok
09fa791b-8cb1-ef11-b8e9-000d3aaab59f,M&C Bakery,bolleria,https://www.mcbakery.es,Rollo y espiral | Masas batidas | Croissant | Destacados | Contacto | Rosquilla rosa | Volcano | Base de tarta | Palmerita | Palmera | Rosquilla cacao | Pan de leche | Croissant relleno cacao | Sobao | Magdalena | Magdalena relleno cacao | Bizcocho cacao | Bizcocho | Espiral | Bracito avellana | Bracito nata,21,https://www.mcbakery.es | https://www.mcbakery.es/productos/ | https://www.mcbakery.es/productos,ok
23fa791b-8cb1-ef11-b8e9-000d3aaab59f,San-Ei Gen FFI UK Ltd,cereales,https://www.saneigen.com/net_cont.html,,0,,error_home
5afa791b-8cb1-ef11-b8e9-000d3aaab59f,Pladis Global,galleteros,https://www.pladisglobal.com,"GODIVA unveils centennial exhibition - A Century of Craft: The Wonder Moments | Ülker Probis launches new campaign showing AI cannot replicate its distinctive taste | McVitie’s owner pladis grows revenue to £3.3bn as branded portfolio proves resilient | McVitie’s highlights how biscuits bring Brits together in new brand campaign | Employee stories | Working at pladis | Inclusion and diversity | How pladis is using AI to give colleagues time back | McVitie's looks beyond biscuits in China as pladis targets £1bn brand | McVitie’s owner pladis expands Chiswick Park headquarters | 'Tis the season to savour with Jaffa Cakes, Carr's and Jacob's | About us | Our brands | Happy People Happy Planet | Our impact",15,https://www.pladisglobal.com | https://www.pladisglobal.com/index.ph%70/media-centre/mcvities-owner-pladis-grows-revenue-ps33bn-branded-portfolio-proves-resilient,ok
fb5566e1-ec54-44c4-9c89-b139666d2bd8,BEEAMOND,nan,https://beeamond.com,Aesthetic Model €700 | The Most Popular Productive Model €900 | Professional Model €1100 | WHY BEEAMOND? | Facts | ENABLES | PURPOSE | ALLOWS DIRECT MONITORING | BETTER THAN TRADITIONAL OUTDOOR BEEHIVES | BEE COMMUNITY | ASSEMBLY AND COLONIZATION | TOP-NOTCH INNOVATIVE DESIGN | TRANSPARENT MATERIAL – PLEXIGLAS | Aesthetic Model | Productive Model | Professional Model,16,https://beeamond.com,ok
15fa791b-8cb1-ef11-b8e9-000d3aaab59f,Heidelberger Chlorella GmbH,galleteros,https://www.heidelberger-chlorella.de,"Nahrungsergänzungsmittel Shop der Heidelberger Chlorella GmbH | Heidelberger Chlorella | Produkte | Deals | Produktneuheiten | Alle Produkte | Bundles | ALL-IN | Alkoholische Extrakte | Aminosäuren | Ballaststoffe | Bücher & Literatur | Chlorella | Einfach- & Mehrfachzucker | Enzyme | Fettsäuren | Mineralstoffe & Spurenelemente | Pflanzen & Pflanzenextrakte | Phospholipide | Schwangerschaft & Stillzeit | Sonstiges | Tiergesundheit | Vitamine & Vitaminoide | Daily Essentials | Daily Essentials Plus | Gut Balance | Healthy Aging | Meta Support | Performance Pack | Anwendungsgebiete | Anti-Aging & Beauty | Augen | Basen & Gewicht | Frauengesundheit | Haut, Haare & Nägel | Herz & Kreislauf | Immunsystem | Knochen & Zähne | Magen & Darm | Männergesundheit | Nerven, Psyche & Stress | Sport, Muskeln & Energie | Stoffwechsel | Veganer & Vegetarier | Qualität | Hergestellt in Deutschland | Eigene Produktion | Darreichungsformen | Unternehmen | Über uns | Nachfüllpacks | Nachhaltigkeit | Karriere | Wissen",53,https://www.heidelberger-chlorella.de,ok
f121ff3f-a7dd-4194-ab8e-e6417ec4c5f2,HITSCHLER INTERNATIONAL GMBH&CO. KG,nan,https://www.hitschler.de,hitschies Adventskalender | Heidi Klum x hitschies Halloweenkalender | brizzl UFOs Mystery Edition | Saure Spinnenbeine Mystery Edition | Saure Drachenzungen brizzl Bälle Mystery Edition | mini HITSCHIES Mystery Edition | Spaßglas Weihnachtsedition | Saure Drachenzungen Konfetti | Saure Bunte Schnüre | Schnüre Apfel Overfill | Schnüre Erdbeere Overfill | Schnüre Overfill | Schnüre Blau Overfill | mini HITSCHIES Crazy Mystery Edition Multibeutel | Saure Drachenzungen Freeze Dried Topping Berry Mix | Saure Drachenzungen Freeze Dried Sour Dip Berry Mix | Saure Drachenzungen Freeze Dried Topping Blau | Saure Drachenzungen Freeze Dried Sour Dip Blau | HITSCHIES Sprizzz Edition | Saure Drachenzungen brizzl Bälle blau | Saure Drachenzungen brizzl Bälle | Saure Drachenzungen | brizzl UFO Pops | HITSCHIES Crunchies Sour Mix | HITSCHIES Original Mix | Saure Drachenzungen Wassereis | Saure Drachenzungen Wassereis Blau | Saure Drachenzungen Energy Zero Blau | Saure Drachenzungen Energy Blau | Saure Drachenzungen Energy Bunt | HITSCHIES Team Edition,31,https://www.hitschler.de | https://www.hitschler.de/collections/alle-produkte | https://www.hitschler.de/collections/neuheiten,ok
49c85ce4-c09b-ed11-aad1-000d3aaab651,AGRANA Beteiligungs-AG,zumos y nectares,https://www.agrana.com,"Expertise for every application | Food & Beverages | Health, Nutrition & Care | Technical Applications | Feed & Fertilizer | Solutions for what you're creating next | Turning agricultural raw materials into everyday essentials | 90 + | 35 + | Why partners choose AGRANA | Quality you can rely on | Responsibility in action | More about AGRANA | Sustainability | Jobs at AGRANA | Our locations | Latest company news | AGRANA raises EBIT forecast for 2026|27 financial year | AGRANA resolves to acquire flavour producer esarom | AGRANA intends to acquire flavour producer esarom | Major holdings notification pursuant to Sec. 130 to 134 BörseG 2018 | AGRANA reports a very significant increase in EBIT in the first quarter of 2026|27 | AGRANA Annual General Meeting votes for a dividend of €0.35 | Preliminary results for the first quarter 2026|27 | AGRANA finalises sale of Leopoldsdorf areal to PCS Holding | AGRANA achieves solid 2025|26 operating profit of € 81.2 million before exceptionals and joint ventures | AGRANA launch in Slovenia: acquisition of the food company Mercator-Emba successfully concluded | Sorting Template | Clear sorting | ActiBeet® | Product Details | ActiGrano® | ActiProt® | AGENABACK | AgenaBee® | AGENABON for Personal Care | AGENABON Glucose Fructose Syrups | AGENABON Glucose Syrups | AGENABON Glucose Syrups Solids | AGENABON High Maltose Syrups | AGENACOMP® | AGENADYN for Food & Beverages - Clean Label | AGENADYN for Food & Beverages – Thin-Boiling Starches | AGENADYN for Pharma | AGENAFIBER | AGENAFLO | AGENAFLOCK | AGENAJEL for Food & Beverages - Clean Label | AGENAJEL for Food & Beverages - Modified Cook-Up Starches | AGENAJEL for Food & Beverages - Modified Pregelatinized Starches | AGENAJEL for Personal Care - Modified Cook-Up Starches | AGENAJEL for Personal Care – Pregelatinized Starches | AGENAJEL for Pharma | AGENALITE for Food & Beverages | AGENAMALT for Food & Beverages | AGENAMALT for Personal Care | AGENAMULCH | AGENANOVA | AGENAPEEL | AGENAPURE for Food & Beverages",60,https://www.agrana.com | https://www.agrana.com/product-finder | https://www.agrana.com/products-and-solutions/solutions-and-preparations/fruit-solutions | https://www.agrana.com/products-and-solutions/solutions-and-preparations/indulgent-solutions,ok
8120235d-fbdf-f011-8544-7ced8d0c5f55,LESAFFRE,nan,https://www.lesaffre.com,"Innovation & solutions | Read more | OUR LATEST NEWS | Industrializing a biotech innovation: the keys to getting it right | Research, Development & Innovation | JOIN THE MISSION THAT FUELS OUR PASSION | Our industrial performance | RAISING LIFE SINCE 1853 | To Help you | CONTACT US | TRENDS MAG : EXPERT VIEWS | EXPLORE YEAST | Baker’s yeast | Sourdough | Baking ingredients | The Lesaffre Baking Center™ Network | Lis by lesaffre | Sharing our drying expertise around the world | A business unit dedicated to custom drying | State of the art industrial equipment for drying ingredients | A research center for drying process development projects | A collaborative project",22,https://www.lesaffre.com | https://www.lesaffre.com/activities/food-taste-pleasure/yeasts-baking-ingredients/ | https://www.lesaffre.com/activities/industrial-biotechnologies/drying-ingredients/,ok
9e56ae05-3d3d-4b10-b569-adee0290488b,Galle-Tiak Mendaro,bolleria,https://galletiak.com,,0,https://galletiak.com,ok_sin_productos
b86f6a67-16ef-451d-896e-79b3bbfc1662,BALVITEN GLUTEN FREE S.P.,panaderia,https://www.codan.es,CODAN TE CUIDA | CONCHAS CODAN | ENLACES DESTACADOS,3,https://www.codan.es,ok
01fa791b-8cb1-ef11-b8e9-000d3aaab59f,Foodology by Univar Solutions,galleteros,https://www.univarsolutions.com,"Shop our extensive inventory of over 10,000 products | Acids | Additives & Modifiers | Chelants | Enzymes & Microbes | Essential Chemicals & Ingredients | Oleochemicals | Oxides | Peroxides | Polymers & Resins | Process Aids | Silicates | Silicones | Sodium (Salts) | Solvents | Surfactants | Industries we serve | Global Chemical & Ingredient Suppliers | About Univar Solutions: Connecting you to smart solutions | How's your experience using our site? | Product Categories | Browse Products | 80 Mesh Xanthan Gum, USP/ FCC/ NF/ EP Grade (Kosher/ Halal), Powder, 50 lb Box | 80 Mesh Xanthan Gum, Technical Grade, Powder, 25 kg Bag | 200 Mesh Xanthan Gum, USP/ FCC/ EP/ EU Grade, Powder, 50 lb Box | 200 MeshXanthan Gum, USP/ FCC/ EP Grade (Kosher/ Halal), Powder, | 200 Mesh Xanthan Gum, USP/ FCC/ NF Grade, Powder, 44 lb Box | Abex® JKB STD RHO | ACUSOL™ 445 Polymer | ACUSOL™ 460N Polymer | ACUSOL™ 588 | ACUSOL™ 588G Polyphosphate and Silicate Scale Inhibitor | ACUSOL™ 820 Rheology Modifier | ACUSOL™ 929 Polymer | ACUSOL™ PRO Hard Surface Care Polymer | Addibond® 021 | AEPD® VOX 1000, Technical Grade, Liquid, 449 lb Drum | Alphadim® 90 PBK non GMO (Kosher, Halal) | AMG 1100 BG, Food Grade (Kosher, Halal), Granular, 33 lb Box | AMP-95®, Technical Grade, Liquid, 420 lb Drum | AMP-95™ | AMP-95™, Technical Grade, Liquid, 39 lb Pail | AMP-ULTRA™ PC 2000 | All Purpose Salt - Food Grade (FCC) - 50 lb Bag | Sustainable Products",45,https://www.univarsolutions.com | https://www.univarsolutions.com/quoted-products/ | https://www.univarsolutions.com/product-categories | https://www.univarsolutions.com/product-categories/sustainable-products,ok
1f72ef2f-5168-4ac2-9502-244a0cce03c4,Asociación Nacional Apícola Moldavia -NABRM,miel,http://apicultura.md/en/index_en.html,,0,,error_home
e29d0ecf-afa2-42c5-95c6-ac1eb55220f2,IMKERSHOP WIEN,helados,https://imkershop-wien.at,"Home | Bienenbeuten | Willkommen beim Imkershop Wien | Kontakt und Öffnungszeiten | Über uns | Jetzt entdecken | Neuheiten, | Angebote und Sonderaktionen | In den Warenkorb legen Ausverkauft | Gerät zum Trocknen von Honig (für ca. 70kg) SAF | Anel Propolisgitter, 51x42cm | Bienentränke 6 Liter | Holzbiene federnd | Biene auf Lindenblüte, Deckel TO82 | Wald, Deckel TO82 | Beutenständer Set (2 Stück) für Staffeln 50x80mm | Kinderhut mit Schleier ""Fußball"" (mit Gummiband) | Unsere Bestseller | Imkerei-Basics | Newsletter | Suche | Datenschutz | Widerrufsrecht | Lieferung | Impressum | Kontakt | Anfahrt | Bio-Zertifizierung | Imkershop | Startseite | Außenmaße: 490x390mm | Vorbestellung Ausverkauft | Beutenset Kombi-Beute Breitwabe (Kuntsch) mit hohem geschlossenem Boden | Beutenset Kombi-Beute Breitwabe (Kuntsch) mit Gitterboden | Hoher Boden für Kombi-Beute | Vorteile von hohen geschlossenen Böden in der Imkerei | hoher geschlossener Boden | Klimapufferzone | außerhalb des direkten Brutbereichs | Windel oder Bodenschieber | Varroose | Hoher Gitterboden für Kombi-Beute | 1. Verbesserte Varroa-Kontrolle | 2. Bessere Belüftung des Bienenstocks | 3. Unterstützung der Temperaturregulation | 4. Sauberer Stockboden | 5. Einfache Diagnose und Kontrolle | 6. Weniger Störung bei Kontrollen | Brutraumzarge 264 mm für Kombi-Beute | Honigraumzarge 168 mm für Kombi-Beute | Absperrgitter im Holzrahmen für Kombi-Beute | Bienenfluchtdeckel für Kombi-Beute | Futterzarge für Kombi-Beute | Futterzarge nach Adam für Kombi-Beute | Innendach und Zwischenboden für Kombi-Beute | Blechdach Alu für Kombi-Beute | Schauzarge BW 264mm, 9 Rähmchen | Wählen Sie Optionen | Marburger Feglingskasten / Ruck-Zuck-Beute | Futtertasche Zander",60,https://imkershop-wien.at | https://imkershop-wien.at/collections/massivholz | https://imkershop-wien.at/collections/9er-breitwabe-kuntsch | https://imkershop-wien.at/collections/10er-breitwabe,ok
a3035281-afff-ed11-8f6e-000d3aaab571,The Coca-Cola Company,refrescos,https://www.coca-colacompany.com,"Work With Us | Career Areas | Company | Brands | Careers | Find what you need | Ghost FaceÂ® Crashes Fantaâs Haunted Universe for a Scream-Worthy Halloween | Bringing Safe Water to Local Communities | Gearing Up for Americaâs 250th as an America250 Signature Partner | Coca‑Cola Unveils the Next Generation of Beverage Dispensing | CocaâCola Unites Iconic Foodservice Partners Together for the First Time in âAnd a Cokeâ Campaign | CocaâCola Reports Second Quarter 2026 Results and Raises Full Year Guidance | CocaâCola Launches Global ""The World Will Wait"" Campaign, Inspiring Collective Action to Reclaim Shared Meal Moments | Central Cee And CocaâCola Drop New Song âThe Teamâ â A Soundtrack To Your Premier League Season | How The CocaâCola System Is Scaling Refillable Bottles Around the World | Atlanta's Litter Gitter Catches Creek Trash So It Can Be Recycled | Drag | What Makes Us Who We Are | Learn More About Our Company | Say ""Hello"" to the Team | Explore | Weâre here to help",22,https://www.coca-colacompany.com,ok
1772975b-0beb-478c-b611-003b2b329b7e,SIDEMA,nan,https://www.sidema.lt,,0,,error_home
30c06e28-55ff-434c-acd8-c693d2a66e51,İLKO PHARMACEUTICALS,medicamentos,https://www.ilko.com.tr,"Uluslararası Pazarlar Departmanımız, Azerbaycan Partnerimizin Satış ve Pazarlama Ekibini Türkiye’de Ağırladı | İLKOSKOP Dergimizin 2.Sayısı Yayınlandı! | İLKO İlaç Dış Pazarlar Ekibimiz Prof. Dr. Okan Bülent Yıldız Liderliğinde Bakü'de Hekimlerle Bir Araya Geldi | Hızlı Erişim | Bizi Takip Edin",5,https://www.ilko.com.tr,ok
0bfa791b-8cb1-ef11-b8e9-000d3aaab59f,Hügli Nährmittel AG,helados,https://www.huegli.com/de,,0,,error_home
7b5d22a9-b046-43b4-84b0-fba1e17ac57c,FIDA CANDIES,golosinas,https://www.fidacandies.it,Fida S.p.A. diventaRossana Company S.p.A | Un nuovo nome perraccontare ancora megliochi siamo | Dal 1973 portiamoavanti la tradizione della dolcezza | Scopri la nostra storia | Da semprenei nostri pensieri | Scopri i nostri valori | Alta qualitàper ogni gusto | Scopri i nostri brand | SHOP ONLINE | Assaggiaci online Scopri di più | SHOP ONLINE Scopri di più | Fondenti Frutta | Fondenti Doppia Menta | Glacia | Spicchi,15,https://www.fidacandies.it | https://www.fidacandies.it/linea-1926/,ok
7f21022d-24b2-4314-b68f-7ebdb9072966,Tarata Honey New Zealand,agroquimico,https://www.laratahondy.co.nz,,0,,error_home
68f6487f-d8d5-f011-8543-00224882d38d,impag,bolleria,https://www.impag.com,Personal Care | Pharma & Nutraceuticals | Food | Performance Chemicals | Industrial Chemicals | Pharma | Get to know us better | IMPAG international | 240 + | 150 Mio. | 150000 | 30 +,12,https://www.impag.com,ok
a1035281-afff-ed11-8f6e-000d3aaab571,Grupo Nueva Dietetica,nutraceuticos,https://www.nuevadietetica.com,Terceros y marcas blancas | DATOS Y CIFRAS | CALIDAD | vENTAJAS | Trayectoria empresarial,5,https://www.nuevadietetica.com,ok
1cc9af22-d898-45c6-8dcb-4c232a0b7826,CROP'S,platos preparados,https://www.cropsfrozenfoods.com,"Welcome to Crop’s, where frozen food means fresh thinking. | Grown in the best soils. | Innovation that simply makes sense. | Present globally, served locally. | Our range of frozen products | Making healthy food tasty, easy, and accessible to everyone. | Our roadmap to Do Food Good | In order to Do Food Good, we need to do things better. | Subscribe to the newsletter | Frozen Fruit | Frozen Vegetables | Frozen Ready Meals",12,https://www.cropsfrozenfoods.com | https://www.cropsfrozenfoods.com/discover-our-products,ok
7b20235d-fbdf-f011-8544-7ced8d0c5f55,Lactalis Food,pasteleria,https://www.lactalis.com,Découvrez nos dernières actualités : | Communiqué de presse Lactalis – Acquisition de Protein Works | Communiqué de presse Lactalis – Résultats annuels 2025 | Etude Occurrence : 49 % des millenials n’imaginent pas leur vie sans fromage | LE GROUPE | REJOIGNEZ-NOUS | NOS EXPERTISES LAITIÈRES | Lactalis en quelques chiffres | Répartition du chiffre d'affaires | Chiffre d'affaires 2025 31.2 milliards d'euros | Un groupe international et local | Chiffres clés | 1er | 31.2 | Nos 4 grandes marques internationales | Président | Galbani | Parmalat | Kraft,19,https://www.lactalis.com,ok
99c85ce4-c09b-ed11-aad1-000d3aaab651,Mercantil Continental SAS,pasteleria,https://mercantil-continental.com,"Impulsamos el crecimiento de su negocio como su aliado | Conócenos | Nuestra Trayectoria | Fundación | Expansión Comercial | Cambio Generacional | Transformación Tecnológica | Nueva Empresa del Grupo | Certificación de Calidad | Gobierno Corporativo | Innovación y Desarrollo | Modernización Logística | Actualización de Calidad | Expansión Tecnológica | ¡50 Años de Trayectoria! | Industria Alimenticia | Línea Farmacéutica y Nutracéutica | Alimentación Animal | Industrial | Envíenos su contacto, con mucho gusto lo atenderemos. | Farmacéutica | Nutracéutica | Nutrición Deportiva | Si tiene alguna consulta o desea comunicarse con nosotros, estaremos encantados de atenderle.",24,https://mercantil-continental.com | https://mercantil-continental.com/linea-farma-y-nutra/,ok
07fa791b-8cb1-ef11-b8e9-000d3aaab59f,Capri Sun GmbH,zumos y nectares,https://Capri-Sun - Das Nr. 1 Kindergetränk in der Welt,,0,,error_home
b7c85ce4-c09b-ed11-aad1-000d3aaab651,REDACHEM EGYPT LTD,panaderia,https://redachem.com,Who We Are | Your Reliable Partner | Worldwide Locations | Industries We Serve | Offices and Warehouses | Regional R&D Facilities | Chemical Distribution Expertise,7,https://redachem.com | https://redachem.com/business-units/food-ingredients/ | https://redachem.com/en/business-units/food-ingredients/,ok
12771659-987e-4436-820a-288f4b0d677e,ALVAS,frutos secos y snacks,http://www.alvas.lt/en,Nuts & Nut products | Dried fruits & Fruit products | Nut creams | Seeds & Grain products | Spices & Dried vegetables | Food additives | Cocoa products | Sugar & sweeteners | Organic products | Sugar sticks | Dried fruit & Dried products | Sugar and sweeteners | Catalog | Contact,14,http://www.alvas.lt/en | https://www.alvas.lt/products/products/ | https://www.alvas.lt/product/products/nuts-and-nut-products/ | https://www.alvas.lt/product/products/dried-fruits-and-fruit-products/,ok
95fa791b-8cb1-ef11-b8e9-000d3aaab59f,PAULA INGREDIENTS Sp.z o.o.,galleteros,https://www.paula-ingredients.com,,0,,error_home
dd20235d-fbdf-f011-8544-7ced8d0c5f55,Tereos,nutraceuticos,https://www.tereos.com,Alimentation | Énergie | Nutrition animale | Chimie verte | Pharmacie | Produits d’hygiène et de beauté | Papier et carton,7,https://www.tereos.com,ok
6c702cd6-ea2b-4afb-9251-da1cbaa5cd8a,STAYIA FARM,piensos ganaderia,https://www.stayiafarm.com,“You don’t think your way to creative work. | You work your way to creative thinking.”,2,https://www.stayiafarm.com | https://www.stayiafarm.com/products | https://www.stayiafarm.com/vasilissa-honey-collection | https://www.stayiafarm.com/vasilissa-products,ok
a5c85ce4-c09b-ed11-aad1-000d3aaab651,CBC Israel,refrescos,https://cbcsales.co.il,,0,https://cbcsales.co.il,ok_sin_productos
7f3024d7-2533-4be0-aba4-61776f0aec7a,APIHAPPY,piensos ganaderia,https://apihappy.fr,Stage de découverte de l'apiculture en Essonne... | Pots verre jupe haute (sans couvercle) TO58... | Essaim d'abeilles Buckfast Dadant Essonne Yvelines | Balance Apicole Connectée : Fiabilité et... | 🔥 chaudière à cire polyvalente – location pour... | Reine Buckfast fécondée en ponte de qualité... | Reines d'abeilles en ponte déclassées Françaises | Accueil | Samuel Billard | Pat Family | Remy Turban | Catherine Girousse | JM Boccard | Christine Martin | Reine inséminée française Buckfast en ponte | Cellules royales Frère Adam J+10 | Reine vierge Buckfast | Reines | Améliorer ses ruches de production | Produits de la ruche | La gelée royale | La gelée royale qu’est-ce que c’est ? | Mais que contient cette fameuse gelée royale ? | Quels sont les bienfaits de la gelée royale ? | Comment est-elle récoltée par l’apiculteur ? | Cire gaufrée dadant corps 10 feuilles (1kg... | Kit débutant en apiculture | KIT ruche Dadant complète avec 1 hausse | Matériel | Essaims & abeilles,30,https://apihappy.fr | https://apihappy.fr/fr/36-acheter-reines-ameliorer-ruches-production | https://apihappy.fr/fr/64-la-gelee-royale-essonne-yvelines | https://apihappy.fr/fr/essaims-abeilles/43-essaim-d-abeilles-buckfast-dadant-essonne-yvelines-France-acheter-376.html#/185-date_de_retrait_des_essaims-samedi_3_avril_2027_semaine_13,ok
7920235d-fbdf-f011-8544-7ced8d0c5f55,Healy Group,galleteros,https://www.healygroup.ie,,0,,error_home
56c54d63-3ab0-f111-aaac-7ced8d0bdcda,Raza Grande,miel,https://Raza Grande (Instragram),,0,,error_home
1fc85ce4-c09b-ed11-aad1-000d3aaab651,FLAVOR DISTRICT,"especias, aromas y colorantes",https://flavor-district.fr/en,,0,https://flavor-district.fr/en,ok_sin_productos
8ceb3558-d352-f111-bec6-000d3abe319d,Döhler GmbH,"especias, aromas y colorantes",https://www.doehler.com/en,"Insights for your next nutrition innovation | Next generation of creamy plant-based products | Natural ingredients, ingredient systems and integrated solutions | Evolving Sweet | Natural SuperHEROES | Natural Colours | D|PLUS | Webinar on demand | Job vacancies | D|PLUS news | Home | Applications & Solutions | Be inspired for your next success on the market! | Soft Drinks & Water | Water Plus | With a myriad of options, there’s something for everyone | Variety and health in harmony with natural ingredients | We bring water plus to life. | Talk to our experts for your Water Plus beverages.",19,https://www.doehler.com/en | https://www.doehler.com/en/applications-solutions.html | https://www.doehler.com/en/applications-solutions/soft-drinks-water.html | https://www.doehler.com/en/applications-solutions/soft-drinks-water/water-plus.html,ok
1bc85ce4-c09b-ed11-aad1-000d3aaab651,PM-International AG,nutraceuticos,https://www.pm-international.com,,0,https://www.pm-international.com,ok_sin_productos
d389b6a6-0fa9-4bee-9c29-6d987975baf1,Gudobelé,panaderia,https://gudobele.it,,0,,error_home
b696e50c-9417-4887-a818-e512ed22d5d9,ALASEAL HONEY,piensos ganaderia,https://www.aronpharma.pl,From an idea to a finished product | AronPharma | About us | Clinical Studies | goal: Better quality of life | Cooperation B2B | Export | international cooperation | READY TO MARKET | innovated products | Download the brochure | Our Awards | special prizes | Stay Updated | news | Meet us at key Trade Fairs in 2026 | We are heading Vitafoods Asia 2026 in Bangkok | AronPharma Advances Towards ISO 22000 Certification | Office | Sales | Laboratory | Follow us,22,https://www.aronpharma.pl,ok
bf20235d-fbdf-f011-8544-7ced8d0c5f55,Cosucra Group Warcoing SA,piensos mascotas,https://www.intervan.com,,0,,error_home
752cac65-bc2e-4024-8d5a-65dca2c6b998,Freedom Confectionery Limited,golosinas,https://freedomconfectionery.com,"Gummies | SHOP NOW | Uncoated Mallows | Chocolate Coated | Food Service / Bulk / Bakery / QSR | READ MORE | Freeze-Dried / Dehydrated | Fluffy, Fruity, and Fantastically Versatile | Freedom Gummies - Bears 100g - Plant Based; Top 14 Allergy Free-From; Halal Certified; Kosher & PKU Suitable | Freedom Gummies - Moji’s - 100g Plant Based, Top 14 Allergy Free, Halal Certified, Kosher Suitable | Freedom Gummies Colas - 100g Top 14 Allergy Free-From, Halal Certified, Kosher & PKU Suitable | Freedom Gummies Tots - 100g 9 Allergy Free-From, Halal Certified, Kosher & PKU Suitable | Freedom Gummies - Worms Case x10 - 100g plant-based, Top 14 Allergy Free, Halal Certified, Kosher Suitable | Freedom Gummies - Super Sour Worms Case x10 - 100g Plant Based, Top 14 Allergy Free, Halal Certified, Kosher Suitable | Freedom Gummies Tots - 100g 14 Allergy Free-From, Halal Certified, Kosher & PKU Suitable | Taste The Range Bundle | Sweet + Sour Showdown Bundle | Gummy + Mallow Magic Bundle | Cedric Surprise Bundle | New Biggie Minis Vanilla Pink & White Marshmallows 1kg Bags | Mallow Moments Bundle | Mini Pink & White Vanilla 1kg Bags | Hot Choc Rocks | New Exclusive MallowLand Mug",24,https://freedomconfectionery.com | https://freedomconfectionery.com/shop | https://freedomconfectionery.com/shop/ | https://freedomconfectionery.com/product-category/marshmallows/,ok
75c85ce4-c09b-ed11-aad1-000d3aaab651,Berner Ltd,medicamentos,https://www.berner.fi/en/home,Share | Product quality and safety | Responsible supply chain | Sustainable MATERIALS,4,https://www.berner.fi/en/home | https://www.berner.fi/en/company/product-development-and-production-plants/ | https://www.berner.fi/en/responsibility/we-ensure-product-sustainability/,ok
a5035281-afff-ed11-8f6e-000d3aaab571,DKSH,nan,https://www.dksh.com/es,,0,,error_home
b5eb3558-d352-f111-bec6-000d3abe319d,Spiruella,"especias, aromas y colorantes",https://www.spiruella.nl,"E-book Shilajit: Destroyer of weakness van Emily Barnes (aanbieding) | E-book Shilajit: Destroyer of weakness van Emily Barnes | Cacao pasta Criollo Raw Bio (Ceremonial Grade) – Spiruella | Spirulina Tabletten Biologisch Kopen (Slechts 23,95 Euro voor 1000 stuks) Spiruella | Cacao Pasta Criollo Raw Bio – Ceremonial Grade (Mystic Cacao) 50g-5kg | Lion’s Mane Capsules – Bio (Mushrooms4Life) 60 capsules | Shilajit Mumijo (Kenzi) 40 gram | Shilajit – 100% Mumijo Shilajit – 25 gram (Mountaindrop) | Shilajit Mumijo (Kenzi) 25 gram | Spirulina Poeder Biologisch – Extra Puur (Spiruella) | Cacao Ceremonie: De Kunst van Thuisceremonies (E-boek) | Shilajit Extract Caps (Kenzi) 90 stuks – extra geconcentreerd | Shilajit Mumijo HIMALAYA (Kenzi) 40 gram | 1+1 gratis Testosteron Boost (Kenzi) 2x 60 Vcaps | 1+1 gratis Hormone Balance (Kenzi) 2 x 90Vcaps | 1+1 gratis Menopause Harmony (Kenzi) 2 x 60Vcaps | Testosteron Boost (Kenzi) 60 Vcaps – oa: Shilajit, Ashwagandha, Maca, Tribulus en Zink | Original Mushroom Coffee – Instant (Four Sigmatic) | Geurkaars met Edelstenen, Reiniging met Witte Salie, (Green Tree) 256 g | Geurkaars Met edelstenen en Palo Santo, Goede Energie, (Green Tree) 256 g | Geurkaars met Edelstenen – Love Rose, (Green Tree) 256 g | Geurkaars met Edelstenen Helende Lavendel (Green Tree) 256 g | Geurkaars met Edelstenen – Good Luck Patchouli (Green Tree) 256 g | Geurkaars met Edelstenen ‘Good Energy’ Palo Santo (Green Tree) 70 g | Geurkaars Inner Growth Munt (Green Tree) 70 g | Sacred Connection Cards (Dreamy Moons) (ENGELS) | Manifestatie Boek / Manifest Book (Dreamy Moons) (ENGELS) | Witte Salie (Sage) met Rozenblaadjes – Smudge Sticks Bio (Mystic Cacao) | Witte Salie (Sage) met Gele Zonnebloem – Smudge Sticks Bio (Mystic Cacao) | Chlorella Manna (HealthForce) 450 Vcaps | Menopause Harmony (Kenzi) 60Vcaps – oa: Vitex Agnus, Zilverkaars, Isoflavonen en D3 | Hormone Balance (Kenzi) 90Vcaps, oa: Ashwagandha, Rhodiola, Vitex, Broccolikiem en B6 | Creamer Focus – Lion’s Mane, Vanille en Kokospoeder (Four Sigmatic) Bio 120g | Calm Donkere Cacao met Reishi (Four Sigmatic) Biologisch 180g | Focus Lion’s Mane Koffie Latte – Vanille (Four Sigmatic) Biologisch 120g | Original Lion’s Mane Coffee – Hele Boon (Four Sigmatic) 283g | Original Lion’s Mane Coffee – Half Cafeïne Gemalen (Four Sigmatic) 283g | Groot Handboek Medicinale Paddenstoelen (Peter van Ineveld) Boek | 1+1 gratis= 2x 50 gram Blauwe Lotus Bloem Bio (Amaya’s Alchemy) hele bloemen – Whole Blue Lotus | 1+1 gratis Zwarte Maca Capsules (Spiruella) 2x 60 caps Biologisch | 1+1 gratis Butterfly Pea Flower Dried Bio (Amaya’s Alchemy) 50 gram – Vlindererwt bloem gedroogd | 1+1 gratis Blender Bottle Black (Kenzi) 600ml Shaker: 2 voor 4,95 | 1+1 gratis Lion’s Mane Extract – Tincture Bio (Kenzi) 50ml | 1+1 Gratis – Spirulina Tabletten Bio 1000 tabl / 500 gram: korte THT 29-10-26 | 1+1 gratis – Shilajit Mumijo HIMALAYA (Kenzi) 25 gram | Blauwe Lotus Tincture – Extract 50:1 (Amaya’s Alchemy) 20ml Blue Lotus | Intentiekaars – Balance Set / 2 stuks – Handgemaakt | Intentiekaars – Clarity / 2 stuks – Handgemaakt | Intentiekaars – Release / 2 stuks – Handgemaakt | Smudge Veer (Mystic Cacao) Ceremonieel en Natuurlijk 1 of 5 stuks | Kenzi Super Greens 3+1 Gratis – 120 doseringen Superfood & Groentepoeder | Morning berry bio (Pukka) 20 zakjes | After dinner bio (Pukka) 20 Zakjes | Three ginger bio (Pukka) 20 zakjes | Three mint bio (Pukka) 20 zk | Collagen Building Protein Peptides Coconut Matcha Latte (Sunwarrior) 500 Gram | Electrolytes+ (Puori) 30 Sachets | Beta alanine puur (SNP) 200 Gram | B-Complex Pure Energy (Puori) 60 Capsules | PW1 – Grass-fed Whey Protein with Bourbon Vanilla (Puori) 900g",60,https://www.spiruella.nl | https://www.spiruella.nl/nieuwe-producten/ | https://www.spiruella.nl/shop/e-book-shilajit-destroyer-of-weakness-van-emily-barnes-aanbieding/ | https://www.spiruella.nl/shop/e-book-shilajit-destroyer-of-weakness-van-emily-barnes/,ok
7eeb3558-d352-f111-bec6-000d3abe319d,"Anderson Advanced Ingredients, LLC",nutraceuticos,https://www.advancedingredients.com,"Soluble Fiber from Corn or Tapioca | Allulose Powder or Syrup | Heat Stable Postbiotics | Monk Fruit, Regular & Organic | Preferred Erythritol | Optimized Stevia | Clean Label Emulsifier | Natural Humectant for Longer Shelf Life | Clean Label Stabilizer | Market Leading Oligosaccharides | Zero Net Carb Flavors | Delectable Vegan Protein | Tart Cherry Powder for Recovery | Performance Carbohydrate | Prickly Pear Extract for Recovery | Fermented Prebiotic Superfood | MCT Powder & Oil | Ceramides for Skin Health | Natural Caffeine from Green Coffee & Green Tea | Beta Glucans for Joint, Mobility & Immunity Health | Cold Pressed Astaxanthin | Ingredients: | Applications: | Search Anderson Advanced Ingredients | Need help finding something? Contact Us | How Can We Help You? | ORGANIC TAPIOCA BLISS | THE MOISTURE PROBLEM SOLVER",28,https://www.advancedingredients.com | https://www.advancedingredients.com/ingredients/index.php | https://www.advancedingredients.com/ingredients/category/ingredients/food-ingredients/fibers/ | https://www.advancedingredients.com/ingredients/category/ingredients/food-ingredients/bindershumectants/,ok
8eeb3558-d352-f111-bec6-000d3abe319d,Euroserum,"especias, aromas y colorantes",https://www.euroserum.com/en,Daily food | Infant nutrition | Specialized nutrition | Dairy ingredients for every stage of the life | See all our ingredients | Milk powders | Partially demineralized whey | Whey Protein Concentrate at 80% | Galactooligosaccharide concentrate | Heat stable sweet whey | Whey Protein Concentrate at 35% | Whey permeate demineralized at 90% | Sweet whey | Sheep/Goat demineralized whey | Demineralized whey at 70% and 90% | Major player in dairy ingredients for infant nutrition | A complete range of demineralized whey and WPC powders | A specific project? Contact us! | Warning message | Menu Pied de page | Ingredients adapted to your recipes | The right ingredient for your recipes! | Do you have a specific NPD project? Contact us!,23,https://www.euroserum.com/en | https://www.euroserum.com/en/ingredients | https://www.euroserum.com/en/our-solutions-infant-nutrition | https://www.euroserum.com/en/our-solutions-daily-food,ok
89c85ce4-c09b-ed11-aad1-000d3aaab651,Redox,panaderia,https://www.redox.com,"News | View products by market | Food & Beverage | Personal Care | Human Health | Animal Health & Nutrition | Crop Production & Protection | Detergents | Water Treatment | Surface Coatings | Plastics & Foam | Rubber | Mining, Oil & Gas | Metals | Building & Construction | Textile & Leather | Lubricants & Specialty Oils | About Redox | Memberships and accreditations | Contact Us | News and updates | How Redox helps American clients navigate an uncertain world | Freight pressures intensify across Asia–Pacific shipping routes | Inositol for Nutraceutical, Food and Feed Applications",24,https://www.redox.com,ok
9bc85ce4-c09b-ed11-aad1-000d3aaab651,Obegi Chemicals,panaderia,https://www.obegichem.com,Products & Services | AGRO CHEMICALS | Coatings,3,https://www.obegichem.com | https://www.obegichem.com/products-services/ | https://www.obegichem.com/products-services/agro-chemicals/ | https://www.obegichem.com/products-services/coatings/,ok
3dc85ce4-c09b-ed11-aad1-000d3aaab651,Danone Nutricia Research,"lacteos, yogures y postres lacteos",https://www.danoneresearch.com,content | header | Footer | Linkedin | youtube | We are science-based | We shape nutrition for all needs | We design superior products | We are digitally-powered | We imagine the future of food | Careers | Danone Corporate | Privacy Statement | Report a problem | Cookies Statement | Privacy settings | Legal notice | Web accessibility | © 2025 Danone | contenu | Menu | Homepage | Understanding consumer needs and aspirations | Our Product Categories,24,https://www.danoneresearch.com | https://www.danoneresearch.com/product-superiority/ | https://www.danoneresearch.com/product-superiority/consumer-centric/ | https://www.danoneresearch.com/product-superiority/products-categories/,ok
48f6487f-d8d5-f011-8543-00224882d38d,Givaudan,"especias, aromas y colorantes",https://www.givaudan.com,"Taste & Wellbeing | Fragrance & Beauty | Our Company | Sustainability | Careers | Our stories | Our highlights in 2025 | Events calendar | Find us in our locations | About us | Stay informed | Givaudan hubs | Services | Stock price | In June, Givaudan announced that it has reached an agreement to acquire a majority stake in Eurofragance. | Vollmens Fragrances and Belle Aire Creations join Givaudan in 2025. | Amyris joins Givaudan in 2023. | In 2021, Custom Essence, Myrissi, DDW The Color House and 25% of b.kolor make up & skin care join Givaudan. | Alderys joins Givaudan in 2020. | Naturex joins Givaudan together with Centroflora Nutra and Expressions Parfumées. | Activ International and Vika join Givaudan. | Spicetec joins Givaudan. | Acquisition of Induchem. | Soliance joins Givaudan. | Acquisition of Quest International, enabling Givaudan to become the undisputed leader in flavours and fragrances. | Acquisition of International Bioflavors Inc. (IBF), a US fermentation technology company. | Acquisition of FIS, the flavourdivision of Nestlé. | The ‘World’s 50 Best Restaurants List’ is launched, later to include celebrated chefs from Givaudan’s Chef’s Council. | Givaudan launches TasteTrek® to explore a world of flavours. | Acquisition of US flavours company Tastemaker, making Givaudan-Roure the world’s largest flavours organisation. | Givaudan-Roure wins first Fragrance Foundations FiFi® Technological Breakthrough Award with ScentTrek®. | Givaudan invests in Asia and expands in high growth markets. | Givaudan and Roure merge under Hoffmann-LaRoche. | Xavier Givaudan, aged 97, sells the business to Hoffmann-LaRoche. | Givaudan expands to Latin America. | Givaudan enters the flavours business with the acquisition of Esrolko SA. | Ernest Guenther, a chemist at Fritzsche, Dodge & Olcott publishes The Essential Oils, still a standard of trade today. | Establishes an olfactory apprenticeship, later leading to our world-renowned Perfumery School. | ‘Shocking’ is one of the first designer fragrances created by perfumers from Roure-Bertrand. | Givaudan and others pioneer synthetic fragrance ingredients and promotes use of fragrances in consumer products. | First use of chemical transformation to obtain flavours. | Fries & Fries develop a method for flavours in powder form. | Roure’s work with ‘absolutes’ to extract floral essences wins the Grand Prize at the Universal Exhibition of Paris. | Léon and Xavier Givaudan embark on a rich journey with the founding of Givaudan in Zürich, Switzerland. | Kurt Oestreich and Westfälische Essenzenfabrik are founded and herald the birth of the flavours industry. | Claude Roure establishes Roure-Bertrand & Fils providing aromatic plants and essential oils such as jasmine and rose. | Dodge & Olcott began importing and selling essential oils as cookery gets more elaborate. | Antoine Chiris enters the world of fragrances by harvesting flora and fauna. | Consumer favourites | It’s easy to tell whether we like or dislike food, but what makes a food experience truly great? | Exceeding consumer desires",51,https://www.givaudan.com | https://www.givaudan.com/our-company/rich-heritage/timeline | https://www.givaudan.com/taste-wellbeing/feel-good/taste-collections | https://www.givaudan.com/taste-wellbeing/feel-good/taste-solutions,ok
b6f90436-44ea-f011-8544-7ced8d952735,Saftschmiede.at GmbH,nutraceuticos,https://www.saftschmiede.at,Richtet sich das Angebot der Saftschmiede auch an kleinere Unternehmen? | Kann ich auch Teile eures Angebots buchen oder gibt’s eure Leistungen nur im Komplettpaket? | Wie lange braucht’s von der Entwicklung bis zur Auslieferung des fertigen Produkts? | Was ist die Mindestabnahmemenge? | Welche Gebindegrößen gibt es? | Wer kümmert sich um Design & Individualisierung? | Welche Getränke werden verarbeitet? | Wie sieht’s aus mit der Nachhaltigkeit? | Woher bezieht ihr eure Fruchtsäfte?,9,https://www.saftschmiede.at,ok
90eb3558-d352-f111-bec6-000d3abe319d,Euroserum,"especias, aromas y colorantes",https://www.euroserum.com/en,Daily food | Infant nutrition | Specialized nutrition | Dairy ingredients for every stage of the life | See all our ingredients | Milk powders | Partially demineralized whey | Whey Protein Concentrate at 80% | Galactooligosaccharide concentrate | Heat stable sweet whey | Whey Protein Concentrate at 35% | Whey permeate demineralized at 90% | Sweet whey | Sheep/Goat demineralized whey | Demineralized whey at 70% and 90% | Major player in dairy ingredients for infant nutrition | A complete range of demineralized whey and WPC powders | A specific project? Contact us! | Warning message | Menu Pied de page | Ingredients adapted to your recipes | The right ingredient for your recipes! | Do you have a specific NPD project? Contact us!,23,https://www.euroserum.com/en | https://www.euroserum.com/en/ingredients | https://www.euroserum.com/en/our-solutions-infant-nutrition | https://www.euroserum.com/en/our-solutions-daily-food,ok
52fa791b-8cb1-ef11-b8e9-000d3aaab59f,GRANOTEC,nan,https://www.granotec.com,"para un mundo mejor | Chile | Argentina | Perú | Ecuador | Colombia | Otros países | Capacitación | Investigación y Desarrollo | Productos | Calidad y CompromisoCercaníaSostenibilidad | Granotec LATAM en las XXIV Jornadas SOCHINUT y en la I Jornada conjunta con SOCHITAL 2026 | Pan de Pascua, el Rey de las Fiestas: Retos Técnicos y Soluciones Funcionales | Diez años de la Ley 20.606: evidencia, reformulación e innovación para enfrentar la malnutrición por exceso | Actualidad en la Industria Alimentaria",15,https://www.granotec.com | https://www.granotec.com/noticia/pan-de-pascua-el-rey-de-las-fiestas-retos-tecnicos-y-soluciones-funcionales,ok
ccc54d63-3ab0-f111-aaac-7ced8d0bdcda,Apicola Danangie,miel,https://tienda.apicola-danangie.com.ar,"Alza St. ""Premium"" Pack 5U. | Alza 1/2 ""Premium"" Pack 10U. | Alza 3/4 ""Premium"" Pack 10U. | Buzo 3/4 amarillo TXL. | Pantalon amarillo TXXXL. | Guantes de tela Apidan T1 | Pinza Orsi Original | Pinza ErgoDav | Ahumador Acero Grande c/Protector | Bolsa de cuadros S/T (x100u) | Prensa cuadro aluminio. | Alambre Gerfer x 2Kg.",12,https://tienda.apicola-danangie.com.ar | https://tienda.apicola-danangie.com.ar/productos1/ | https://tienda.apicola-danangie.com.ar/productos1/material-apicola/,ok
849cf976-adea-ee11-a203-000d3aaab59f,VAN VLIET Candy Brands,nutraceuticos,https://www.vanvliet.nl,"Contact us directly | Without boundaries | New in our stock | 10x MAN TGS 41.400 BB CH | 1x MAN TGM 18.250 BB CH | 35x MAN TGS 33.440 BB SA | 3x Toyota Hilux 2.7 LPG | 5x MAN TGS 33.400 BB CH | 1x MAN TGS 41.400 BB CH | Your Trusted Source for New Trucks to Africa | OFFICIAL Man Truck & Bus importer | Fast Delivery, Global Reach | GENUINE MAN SPARE PARTS | NEW Vehicles ready for deployment | Recently sold vehicles | MAN TGM 18.250 BB CH | MAN TGS 41.440 BB CH | MAN TGS 40.480 BB SA | MAN TGS 33.400 BB CH | MAN TGS 41.400 BB CH | Copyright navigation | 0 products in comparison | Added to quotation request",23,https://www.vanvliet.nl,ok
8deadd0d-a7e4-f011-8543-7ced8d0c1dc6,Agthia,refrescos,https://www.aplinova.com,"Todo lo que tu empresa necesita para trabajar sin fricciÃ³n | Aplicaciones a medida | Servidores y redes | Asesoramiento informÃ¡tico | Software y hardware | PÃ¡ginas web | Copia de seguridad en red | MÃ¡s de tres dÃ©cadas acompaÃ±ando la transformaciÃ³n digital de nuestros clientes | Empresas que ya gestionan su dÃ­a a dÃ­a con ApliNova XXI | Un mÃ©todo claro, pensado para que el proyecto no se pierda por el camino | CuÃ©ntanos quÃ© necesita tu empresa y te decimos cÃ³mo resolverlo",11,https://www.aplinova.com,ok
d2ff6b01-4be8-471a-8171-85f32a5665b5,Fit Ingredients GmbH,nan,https://www.fitingredients.com,Algen | Carotinoide | Kräuter & Gewürze | Pflanzen Pulver | Pflanzenextrakte | Pflanzliche Öle | Pflanzliche Vitamine & Mineralien | Probiotische Bakterien | Vitamine,9,https://www.fitingredients.com,ok
29fa791b-8cb1-ef11-b8e9-000d3aaab59f,Cargill Deutschland GmbH,nan,https://www.cargill.de/en/home,,0,,error_home
b3eb3558-d352-f111-bec6-000d3abe319d,Sirio Europe GmbH & Co. KG,nutraceuticos,https://sirio-europe.com,Quality is part of our DNA | International Certificates | Concepts | Our locations | Our Story | End-to-end services | News | Start a consultation | Taste the difference™,9,https://sirio-europe.com,ok
a9eb3558-d352-f111-bec6-000d3abe319d,Provital,nan,https://www.weareprovital.com/es,"Skin Care | Hair Care | ¿No puede encontrar el producto? | Últimos lanzamientos | CareActives™ | CareMotives™ | Cocreando Belleza Natural | Eventos | Social | Más inteligente, sugerente, amigable, mirando al futuro.",10,https://www.weareprovital.com/es | https://www.weareprovital.com/es/search-products | https://www.weareprovital.com/es/nueva-experiencia-online,ok
e128add8-8531-4811-8ec4-cdb86fc3c53d,LUKER CHOCOLATE,chocolate,https://lukerchocolate.com/es,"Guía de cumplimiento normativo en la co-manufactura de chocolate | 5 Decisiones Estratégicas en la Fabricación de Productos de Chocolate | Chocolate sin cacao: lo que deben saber los fabricantes | BIENVENIDO A LUKER CHOCOLATE | CHOCOLATE SOSTENIBLE ELABORADO EN ORIGEN | NUESTRAS CERTIFICACIONES | Dificultades en I+D (Investigación y Desarrollo) | Dificultades en el desarrollo de productos | I+D (Investigación y Desarrollo) | Soluciones de desarrollo de producto | AYUDAMOS A EMPRESAS QUE SE ENFRENTAN A LOS SIGUIENTES RETOS | NUESTRAS SOLUCIONES EN CHOCOLATE | Leer más Quiero una receta de chocolate a medidaLeer más | Leer más Quiero escalar, pero mi capacidad productiva está al límiteLeer más | Leer más Quiero desarrollar productos alineados con el mercadoLeer más | Leer más Quiero fabricar con capacidades especializadasLeer más | Ofrecemos una solución basada en los retos específicos de su proyecto | Formulación de Chocolate a la Medida y Desarrollo de Sabores Propios | Homologación de recetas para una experiencia de marca consistente | Ajuste sensorial del chocolate para una diferenciación real | Adaptación del chocolate a nuevas aplicaciones de producto | Soporte técnico para innovar en nuevas categorías | Ajuste de viscosidad y comportamiento de flujo según tu proceso | Co-manufactura Flexible de Chocolate y Soporte para Expansión de Capacidad | ESCALA TUS CAPACIDADES | Desarrollo de Productos de Chocolate Relevantes para el Mercado y Diseño de Conceptos | Capacidad Productiva Lista para Productos de Chocolate con Ingredientes Complejos | NPD Certificado en Calidad: Cumplimiento, Trazabilidad y Consistencia Sensorial | CHOCOLATE VALIDADO EN LABORATORIO, LISTO PARA ESTÁNDARES GLOBALES | Certificación OEA | FSSC 22000 | ISO 14001 | Acreditación ONAC | Certificaciones avaladas por precisión y experiencia | Servicios integrales de garantía de calidad a tu medida | ¿CÓMO PUEDES GARANTIZAR LA CALIDAD DEL CHOCOLATE EN TU MARCA? | FAQs",37,https://lukerchocolate.com/es | https://lukerchocolate.com/es/soluciones | https://lukerchocolate.com/es/soluciones/npd | https://lukerchocolate.com/es/soluciones/control-de-calidad,ok
66eb3558-d352-f111-bec6-000d3abe319d,Lakeside Valley Distillery,licores,https://www.lakesidevalley.ch,Lakeside Valley Distillery in der Höhle der Löwen | Schweiz im Glas „Dry GIN“ SET | Schweiz im Glas „GIN Likör“ SET | Schweiz im Glas Alkoholfrei SET | Episode 03: Die besten alkoholfreien Spirituosen | Bier Brand Kollektion 6x100ml | Purple Dream Alkoholfrei | Schweiz im Glas Dry GIN | LDV L’Eau De Vodka Premium Weizen Vodka | Shima London Dry GIN | Shima „Yuzu“ alkoholfrei | Kyo London Dry GIN,12,https://www.lakesidevalley.ch,ok
0d5d228b-bee0-4140-8ab6-616773567afa,BRAIN FOODS,barritas y bebidas deportivas,https://www.brainfoods.com,HOME | SHOP | CONTACT US | Login | Wafers | Brain Foods Vanilla Wafer | Brain Foods Orange Wafer | Reviews | SNACK BITES | OAT BARS | RICE BARS | Subscribe | About us | Terms of Service | Customer Login | News | Products | Privacy policy | Contact | Partners | Become a Brain Foods Distributor | Delivery & Returns | Brain Foods Blueberry Oat Bar | Brain Foods Double Chocolate Wafer | Brain Foods Hazelnut Wafer | Brain Foods Orange Oat Bar | Brain Foods Protein Caramel Wafer | Brain Foods Walnut Oat Bar | Double Chocolate Oat Bar | Rice Bar - Banana and Dark Chocolate | Rice Bar - Dark Chocolate | Rice Bar - Orange and Dark Chocolate | Snack Bites - Blueberry and Chia | Bites | Shipping | Ingredients: | Home page | Brain foods store | Customer Reviews | Write a review,40,https://www.brainfoods.com | https://www.brainfoods.com/collections/all | https://www.brainfoods.com/products/vegan-sugar-free-wafer-vanilla | https://www.brainfoods.com/products/vegan-sugar-free-wafer-orange,ok
b8ab9879-1408-f111-8406-000d3a20fac2,MANE Polska SP. z o.o.,pasteleria,https://www.mane.com,"WE CAPTUREWHAT MOVES | Products | A TASTE FOR SAVOIR-FAIRE | Capturingthe essence of nature | OUR SPECIALITIES | OUR PORTFOLIO | CONSCIOUS SOURCING | GREEN MOTION™ | Fuelled by passion, MANE Perfumers express their talent and creativity through all fragrance categories. | Lend glamour to daily life | Hair Care | Skin Care | Fabric Care | Air & Home Care | Nature in its purest form: MANE strives to offer the ultimate natural solution to your needs in our products. | Jungle Essence™ | Vanilla | Natural molecules | Culinary extracts | Spices and mint | Cooling agents",21,https://www.mane.com | https://www.mane.com/ingredients | https://www.mane.com/fragrances/consumer-goods | https://www.mane.com/ingredients/our-specialities,ok
a7035281-afff-ed11-8f6e-000d3aaab571,KEYPHARM LABORATORIES,piensos mascotas,https://Acerca de KeyPharm Laboratories,,0,,error_home
c320235d-fbdf-f011-8544-7ced8d0c5f55,IRCA S.P.A,nutraceuticos,https://www.irca.eu,"Titolo del gruppo | Products under the spotlight | View all | PASTRY | FARCILEMON | Read more | CHOCOCREAM CINNAMON | DOLCE MONACA | FRUIT | FRUTTIDOR AGRUMI MEDITERRANEI | FRUTTIDOR MORA DI GELSO, CASSIS E SAMBUCO | FRUTTIDOR MANGO, PAPAYA E YUZU | FRUTTIDOR FRUTTI ROSSI | CHOCOCREAM COCONUT | CREAMS AND PASTES | CHOCOCREAM PISTACCHIO IN SAC À POCHE | NOCCIOLATA BIANCA IN SAC À POCHE | NOCCIOLATA IN SAC À POCHE | GELATO | JOYCREAM CRYSTAL MANGO | JOYCREAM DUBAI CARAMEL | Joycream Raspberry Milk | Joycream Raspberry White | CHOCOLATE | RENO X CIOCCOLATO BIANCO 28% | RENO X CIOCCOLATO AL LATTE 33,6% | BASE NEUTRA CON FIBRE 15G | Rio Caribe Fondente 72% | JOYCREAM DUBAI PISTACCHIO | RENO X CIOCCOLATO FONDENTE 54,5% | myIRCA | Language | Main navigation | Highlights | Our Offering | Chocolates and Alternatives | Creams | Pastry and Creams Mixes | Fruit Fillings | Jellies and Icings | Bakery | Inspiration Delivered to Your Inbox | Registered office | Footer | Recipe book | Create your recipe book | Attention | Distinctive flavours, limitless creativity | RENO CONCERTO CIOCCOLATO LACTEE CARAMEL | RENO CONCERTO CIOCCOLATO GIANDUIA LATTE | RENO CONCERTO CIOCCOLATO BIANCO 25,5% | RENO CONCERTO CIOCCOLATO EXTRA FONDENTE 64% | The creams of your dreams | Discover our creams | Pre-baking filling creams | After-baking filling creams | Flavoring creams | Coating creams | Pralines | Pre- & Post- baking creams",60,https://www.irca.eu | https://www.irca.eu/en/brands/irca-1919/our-offering | https://www.irca.eu/en/brands/irca-1919/our-offering/chocolates-alternatives | https://www.irca.eu/en/brands/irca-1919/our-offering/creams,ok
74bfa41c-fa88-4ce6-b9d7-87aa53872e74,PARLASCA,galleteros,https://parlasca-keks.de,Was darf es sein? | Mal etwas anderes!,2,https://parlasca-keks.de,ok
0fc85ce4-c09b-ed11-aad1-000d3aaab651,PAKOLA PRODUCTS LIMITED,refrescos,https://www.pakola.com.pk,Pakola Water | Carbonated Drinks | Bundles | Merchandise | Cordial Syrups | Careers | Shop | Login | Register | Cart 0 item Rs.0.00 | Our Brands | Best Sellers | Ice-cream Soda 300ml - Case of 12 | Ice-cream Soda 1.5L - Case of 6 | Pakola Water 500ml - Case of 12 | Hydration Bundle - Pakola Water 500 ml | Pakola Water 1.5L - Case of 6 | Ice-cream Soda 500ml - Case of 12 | Pakola Water 5L - 1 Item | Pakola Water 19L - 03 Bottles | Load more | Forest Products | Forest Club 12 Pack Box | Forest Tonic Water 12 Pack Box | Forest Soda 250ml Can – Pack of 6 | View All Forest Products | New Arrival | Cola One 250ml Can – Pack of 6 | Ice-cream Soda 250ml - Case of 6 | BUZZ UP 1500ml - Case of 6 | Cream Cordial 800ml - Case of 12 | Badam Zafran Cordial Syrup 800ml - Case of 12 | Quickview Enjoy Red Rose essence in your daily routine with Cordial Syrup. | Red Rose Cordial Syrup 800ml - Case of 12 | Pomegranate Cordial Syrup 800ml - Case of 12 | View all | Shop Now | Subscribe Now | Follow Pakola on Instagram | Our Products | Water | Recipes | News & Events | About Us | Contact Us | +92-111-725-652 (9:00am – 5:00pm) | info@pakola.com.pk | Home | Carbonated | Categories | Availability Reset | Reset | Price | Brand Reset | Clear All | Ice-cream Soda 250ml - Case of 12 | Cola One 300ml - Case of 12 | Apple Sidra 345ml - Case of 12 | BUZZ UP 300ml - Case of 12 | Apple Sidra 500ml - Case of 12,60,https://www.pakola.com.pk | https://www.pakola.com.pk/collections/carbonated | https://www.pakola.com.pk/collections/seasonal-bundles | https://www.pakola.com.pk/collections/merchandise-1,ok
a7c85ce4-c09b-ed11-aad1-000d3aaab651,URAI S.p.A.,"especias, aromas y colorantes",https://www.urai.it,Innovative Solutions for a Better Life | Prodotti chimici per l'industria | Ingredienti life sciences | Apparecchiature e strumenti da laboratorio | Qualità e certificazioni | ISO 9001 | Codice etico | Ecovadis | News | PLAST | 9-12 Giugno 2026 | URAI ACADEMY 2026 | In-cosmetics Global 2026! 🌟 | Per ricevere maggiori informazioni CONTATTA URAI | Iscriviti alla nostra Newsletter | Cosmetica e personal care | Ingredienti per Alimenti e Bevande,16,https://www.urai.it | https://www.urai.it/ingredienti-life-sciences/prodotti/,ok
2fc95ce4-c09b-ed11-aad1-000d3aaab651,PM-International,nutraceuticos,https://www.pm-international.com/en,,0,https://www.pm-international.com/en,ok_sin_productos
f1d32835-2ea6-4e10-9fac-ef2d65e43ac7,TaglerFood,"especias, aromas y colorantes",https://www.taglerfood.com/soluciones,ETIQUETA LIMPIA | PLANT BASED | blanco | Reemplazos Lácteos | Reemplazos Cárnicos | Food Service | SUPERFOODS | Colágeno hidrolizado | Hemoglobina | Especias | Proteínas | DRESSING & | SEASONING | Sazonadores Tamix | Salsas y Aderezos | TAMIX ALL IN ONE | Línea BS | Línea Libre de alérgenos | Sabores y Sazonadores | ENVASES | Tripas | Mallas | Láminas | CLEAN LABELS | PLANT-BASED | Dairy Substitutes | Meat Substitutes | Hydrolyzed Collagen | Hemoglobin | Spices | Proteins | SAUCES AND DRESSINGS | Tamix Seasonings | Sauces and Dressing | BS (Low Sodium) | Allergen-Free | Flavors and Seasonings | CASINGS | Elastic Netting | Sheets,40,https://www.taglerfood.com/soluciones | https://www.taglerfood.com/soluciones/ | https://www.taglerfood.com/en/solutions/,ok
8aeb3558-d352-f111-bec6-000d3abe319d,Cloetta,golosinas,https://www.cloetta.com/en,Sustainability | Career at Cloetta | Ask Cloetta | For investors | Governance | Media | Interim Report Q2 2026 | Joy Report 2025 | Press releases | Cloetta’s Nomination Committee for the AGM 2027 | Cloetta brings iconic Ahlgrens bilar to U.S. retail through Target | Cloetta’s Red Band and Malaco launches new multisensory product range – Sprinkled Foamies | Our Superbrands | The winning confectionery company | PlantPack | Sprinkled Foamies | Contact Cloetta | The company | Cloetta in social media | Contact us,20,https://www.cloetta.com/en | https://www.cloetta.com/en/media/image-library/products/ | https://www.cloetta.com/en/media/image-library/production-facilities/ | https://www.cloetta.com/en/media/image-library/production-facilities/dublin-ireland/,ok
de2590e8-c9f6-493b-9781-74c7e020c3e6,RC TREATT,refrescos,https://www.treatt.com,"Our Products | Everything from 100% natural extracts to impactful synthetics | Unforgettable taste experiences that consumers love | Trusted since 1886 to transform what's possible in food, beverage, and flavor. | Beverage | Elevating drinks with unique ingredients and extracts for a lasting sensory impact | Flavor | Igniting your taste buds and transforming over 3,000 ingredients into unforgettable experiences | Fragrance | Unlocking the possibilities of scent with innovative solutions for every application | Our Capabilities | Driving innovation, quality and partnership | Latest News & Insights | Beyond the mocktail: building sophisticated low/no beverage experiences 08/09/2026 | The Evolution of Fragrance: Discover Treatt at SIMPPAR 2026 01/05/2026 | Trend-Driven, Taste-Led: Redefining Indulgence at the CSA Roundtable 16/04/2026 | Important disclaimer | Crafted to power your growth | Botanicals | Citrus | Coffee | Chemicals | Fruits | Vegetables | Tea | Sugar Reduction technologies | Our heroes | Hibiscus | Lavender | Juniper | Rose | Mint | Basil | Product range | Essential Oils | Essential Oil Blends | Oleoresins | Natural Isolates | TreattClear™ | About TreattClear™ | Treattaromes® | Find a product | Explore our digital product portfolio and discover how Treatt can elevate your creations | Lime | Lemon | Orange | Grapefruit | Bergamot | Mandarin | Tangerine | Demand for this refreshing citrus fruit continues to grow across the globe | Lemon oils are fundamental to the beverage industry. | Orange continues to be one of the most widely consumed flavours in the world. | Tangerine is the second most widely grown citrus fruit after orange. | TreattZest™ | About TreattZest™",56,https://www.treatt.com | https://www.treatt.com/products | https://www.treatt.com/products/botanicals | https://www.treatt.com/products/citrus,ok
2bc95ce4-c09b-ed11-aad1-000d3aaab651,VALRHONA,chocolate,https://www.valrhona.com/es,Chocolate & Co Saber más | Chocolate & Co | Bombones Saber más | Bombones | Pralinés &Co Saber más | Pralinés &Co | Moldes y utensilios profesionales Saber más | Moldes y utensilios profesionales | Todos los productos de la gama Gourmet Saber más | Todos los productos de la gama Gourmet | Complementos para Rellenar | Chocolate con leche Sioka 56% | Inspiration Matcha | Promesses | Los huevos moldeados | Los huevos,16,https://www.valrhona.com/es | https://www.valrhona.com/es/nuestros-productos/para-profesionales/chocolate-co | https://www.valrhona.com/es/nuestros-productos/para-profesionales/bombones | https://www.valrhona.com/es/nuestros-productos/para-profesionales/pralines-co,ok
ca33a3d5-f770-4b84-a90f-43d930ff11db,MASKIMYA,mermeladas y confituras,https://www.maskimya.com/en/corporate/about-us,Home Page | Corporate | About Us | Product Groups | SOLVENTS | INDUSTRIAL CHEMICALS | PERFORMANCE CHEMICALS | INTERMEDIATES | PLASTICS,9,https://www.maskimya.com/en/corporate/about-us | https://www.maskimya.com/en/product-groups,ok
7a641f1b-0b58-4209-affd-fd2f2753cae7,NUHEALTH JSC,barritas y bebidas deportivas,https://rice-up.zone,never fried | rich in fibre | soy free | gluten free | REALLY DELICIOUS! | Our Brands,6,https://rice-up.zone | https://rice-up.zone/catalog,ok
2a0fe3ca-55ee-493e-a7ef-4e169eb313fc,Sirio Europe GmbH & Co. KG,pasteleria,https://www.siriopharma.com,Product Portfolio | Softgels | Gummies | Liquids | Tablets | Powders | Capsule | Plantegrity ® Plant-based Softgels | Lifechews® Gel Tablets | ProbioArk™ Droplet | Casing Gummies | YuePei™ Popping Droplet | Milky Beverages | Explore by Dosage Form | More | Explore by Demographic | Explore by Category | Home | Products | Dosage Forms | Categories | Beauty and Wellness | Gut Health | Bone and Joint Health | Immune Support | Cardiovascular and Metabolic Health | Healthy Ageing | Multi-Demographic Solutions | Fertility Support | Infant and Children | Adolescents | Adults | Middle-Aged and elderly | Classic Dosage Forms | Classic Dosage FormsTailored for Global Market Demands | Find Out More | Benefits of Dosage Forms | Softgel Shapes | Packaging Support | Why SIRIO? | Better Taste | Enhanced Assurance | Faster Delivery | Greater Satisfaction | Transform the Health of the World | Contact us | Manufacturing | R&D Capabilities | R&D Output | CIFST-SIRIO Nutrition | End-to-End Solutions | Announcements | Financial Information | Corporate Governance | Investor Communications | Stock Information,56,https://www.siriopharma.com | https://www.siriopharma.com/product/ | https://www.siriopharma.com/product/jdjx96b/ | https://www.siriopharma.com/product/566.html,ok
9eeb3558-d352-f111-bec6-000d3abe319d,Limitless Naturals,nutraceuticos,https://shop.limitlessnaturals.com,Shop by | Help | My Account | All Products | Brain and Focus | Beauty and Weight loss | Energy & Vitality | Relaxation & Sleep | Kids & Family Health | Bone & Joints Health | Fitness & Sports Nutrition | Digestive & Gut Health | Immunity | Pregnancy | Hydration & Electrolytes | View all Health Goal | Limitless Hydrate | Limitless Alpha | Limitless Naturals | View all Brand | About us | Vitamins | Coffee | Protein powder | Cart | Best Seller | View more | Limitless Omega 3 | Limitless Power Max | Limitless Magnesium | Limitless B Complex | Limitless Woman Max | Limitless Man Max | Creatine Monohydrate | Limitless CoQ10 | World Cup Offers | Limitless Naturals Power Max bundle (2 Packs) | Power & Focus Bundle | Smart Balance Bundle | Limitless Omega 3 & Limitless CoQ 10 Bundle ( 2 Packs ) | Man & Woman Bundle | Limitless Kids Multigummies Bundle ( 2 Packs ) | Digestion Support Bundle | Limitless Glow Hair | Limitless Kids Multigummies | Limitless Digest Now | Limitless Balance Synbiotic | Limitless Kids Multivitamin | Limitless Charcoal Plus | Limitless Woman Multigummies | Limitless Chromax Cut | Limitless Sleep Aid Dual | Limitless Sleep Aid Original | Available Now | Limitless Man 50+ | 60 Tablets | Limitless Woman 50+ | 60 Tablets | Limitless Magnesium L-Threonate 75 mg | Limitless Ashwagandha 600 mg | Limitless Omega-3 Cardio | Limitless Ossofortin D3 Lipo-K2,60,https://shop.limitlessnaturals.com | https://shop.limitlessnaturals.com/collections/all | https://shop.limitlessnaturals.com/collections/brain-and-focus | https://shop.limitlessnaturals.com/collections/beauty-and-weight-loss,ok
11fa791b-8cb1-ef11-b8e9-000d3aaab59f,Enervit SpA,agroquimico,https://www.enervit.com/it,Carbo Gel Lime | Magic Cherry | Carbo Bar Brownie | Carbo Gel Limone con Sodio | Snack Cocco | Chips Original | Bites Milk Cocoa | Snack Noir | Snack Keto Salted Nuts | Snack Keto Coco Choco Almond | Pasto Crunchy Dark | Crema proteica Keto Cacao e Nocciole | Brownie Lover | Coconut | Choco Cake | Caramel Fun | Webinar - La Maratona: Nutrizione e Integrazione | Fuelling the performance: il quinto Tour di Pogačar | Esordio vincente per Tadej Pogačar | Un'assoluta innovazione nutrizionale al Tour de France | Maratona dles Dolomites - Enel | Sportful Dolomiti Race | Dolomiti Extreme Trail | TORX,24,https://www.enervit.com/it | https://www.enervit.com/it/offerte.html,ok
f5ea3558-d352-f111-bec6-000d3abe319d,Apimar,miel,https://www.apimar.pl,Natural honey | The best honey,2,https://www.apimar.pl,ok
2086a2e1-6d1a-4593-922b-9267143df9ef,KaTech Ingredient Solutions GmbH,salsas y aderezos,https://www.katech-food.com,,0,,error_home
2bc85ce4-c09b-ed11-aad1-000d3aaab651,APLINOVA,"especias, aromas y colorantes",https://aplinova.com.br,"Estamos em constante busca por novos produtos priorizando sempre um alto padrão de qualidade. | 3500+ | 45+ | 40+ | 1700+ | Uma solução para cada aplicação | Aminoácidos, Vitaminas e Funcionais | Substitutos de Açúcar, Fibras e Polióis | Proteínas | Aromas | Corantes | Ingredientes Químicos Aromáticos e Óleos Essenciais | Ingredientes Pet Food | Ver todos os ingredientes | Entre em contato com nossa equipe de especialistas",15,https://aplinova.com.br | https://aplinova.com.br/br/pt/ingredientes,ok
f3f9791b-8cb1-ef11-b8e9-000d3aaab59f,"FARMAQUIMICA ESPAÑOLA,S.A.",medicamentos,https://farmaquimicabcn.es,Bienvenidos | a nuestra web,2,https://farmaquimicabcn.es,ok
bfeb3558-d352-f111-bec6-000d3abe319d,Viessman Generation Group,nan,https://www.viessmann.group,Visit Website | Contact Us | Privacy Policy | Read more | Our Investment Strategies & Contributions | Majority Investments | Minority Investments | Generational Investments | Early-Stage Innovation | Ecosystem Multipliers | Philanthropy | Our ecosystem,12,https://www.viessmann.group,ok
51e24e59-2c58-49ec-80ec-0ef63c44c7f3,RUKHI QUEEN,miel,https://www.rukhiqueen.ge/ka,,0,,error_home
04bb9a12-490f-4b00-98fc-8cc24af57bd0,KANIVA SP Z.O.O.,piensos mascotas,https://kanivapetfood.com/en/contact-company.html,"DISTRIBUTOR INFORMATION | Relevance | Name, A to Z | Name, Z to A | Price, low to high | Price, high to low | Kaniva Sterilised formula | Kaniva Fit And Active | Kaniva Fusion Tuna and Sweet Potato (Immunity / Immune Booster) | Kaniva Fusion Salmon and Sweet Potato (Beauty / Omega Booster) | Kaniva Fusion Chicken Pumpkin (Multi-Vitamin / Vitamin Booster) | Kaniva Senior Care 7+ Formula | Kaniva Grain Free Chicken For Cats Over 4 Months | Kaniva Grain Free Salmon For Cats Over 4 Months | Kaniva Grain Free Indoor Formula Over 4 Months | Kaniva Chicken, Tuna & Rice For Cats Over 4 Months | Kaniva Urinary Care For Cats Over 4 Months | Kaniva Skin & Coat Formula For Cats Over 4 Months | Kaniva Growth and Balance Formula For Cats Over 2 Months | Kaniva Mother Cat and Kitten 3 Weeks – 1 Year | Kaniva Indoor Formula For Cats Over 4 Months | Kaniva Lamb, Tuna & Rice For Cats Over 4 Months | Kaniva Salmon, Tuna & Rice For Cats Over 4 Months | Kaniva Indoor Salmon Formula For Cats Over 4 Months | Kaniva Kitten Chicken in Steamed Egg | Kaniva Mother cat and kitten Chicken mix salmon topping pumpkin | Kaniva Mother cat and kitten. Chicken and tuna topping pumpkin | Kaniva Tuna & Shrimp in Gravy Pouch | Kaniva Tuna & Scallop in Gravy Pouch | Kaniva Tuna & Lobster in Gravy Pouch | Kaniva Wet Food Skin & Coat Salmon & Cod | Kaniva Wet Food Skin & Coat Scallop & Shrimp | Kaniva Wet Food Skin & Coat Crab Meat | Kaniva Wet Food Skin & Coat 5 Fish | Kaniva Tuna with Lamb In Jelly Pouch Jumbo Pack | Kaniva Tuna Topping Salmon In Jelly Pouch - Jumbo Pack | Kaniva Tuna & Chicken In Jelly Pouch - Jumbo Pack | Kaniva Steamed Egg Lamb | Kaniva Steamed Egg Tuna | Kaniva Steamed Egg Chicken | Kaniva Tuna & Chicken In Gravy Pouch | Kaniva Soft Chicken Meat With Salmon | Kaniva Soft Bar Tuna White Meat With Lobster | Kaniva Soft Chicken Meat With Turkey | Kaniva Soft Bar Chicken Meat With Pumpkin | KANIVA CREAMY TREAT CHICKEN - ขนมแมวเลียคานิว่าสูตรแซลมอน | Kaniva Creamy Chicken | Kaniva Creamy Tuna Topping Lamb | Kaniva Creamy Tuna Topping Scallop | Kaniva Creamy Tuna Topping Lobster",50,https://kanivapetfood.com/en/contact-company.html | https://kanivapetfood.com/en/product-groupid-8.html | https://kanivapetfood.com/en/product-groupid-9.html | https://kanivapetfood.com/en/product-groupid-10.html,ok
7720235d-fbdf-f011-8544-7ced8d0c5f55,Zentis,cereales,https://www.zentis.de,"Zentis Lovely Sweets | Neu: Pflümli ZERO | Weniger Zucker, mehr Frucht – Genuss für Klein & Groß | DER NEUE ZENTIS TRIPLE ZERO FRUCHTAUFSTRICH | Industrie-Lösungen | Milchprodukte | Mehr erfahren | Milchalternativen | Backwaren | Eimer für Großverbraucher",10,https://www.zentis.de | https://www.zentis.de/de/industrie/unser-portfolio,ok
a9c85ce4-c09b-ed11-aad1-000d3aaab651,URAI S.p.A.,"especias, aromas y colorantes",https://www.urai.it,Innovative Solutions for a Better Life | Prodotti chimici per l'industria | Ingredienti life sciences | Apparecchiature e strumenti da laboratorio | Qualità e certificazioni | ISO 9001 | Codice etico | Ecovadis | News | PLAST | 9-12 Giugno 2026 | URAI ACADEMY 2026 | In-cosmetics Global 2026! 🌟 | Per ricevere maggiori informazioni CONTATTA URAI | Iscriviti alla nostra Newsletter | Cosmetica e personal care | Ingredienti per Alimenti e Bevande,16,https://www.urai.it | https://www.urai.it/ingredienti-life-sciences/prodotti/,ok
a920235d-fbdf-f011-8544-7ced8d0c5f55,GRIFFIN FOODS,licores,https://www.griffinfoods.com,,0,,error_home
cd20235d-fbdf-f011-8544-7ced8d0c5f55,Kerry Dairy Ireland,bolleria,https://www.kerrydairyireland.com,About Us | Agribusiness | Dairy Ingredients | Nutritional Ingredients | Consumer Foods | Sustainability,6,https://www.kerrydairyireland.com,ok
5cfa791b-8cb1-ef11-b8e9-000d3aaab59f,Emmi Schweiz AG Emmen,suplementos deportivos,https://group.emmi.com/che/de,Neues von Emmi | Quicklinks | Adresse | Über Emmi,4,https://group.emmi.com/che/de,ok
dccc4628-6242-49a3-9dd0-31c07fcc4f70,Multicatering,nan,https://www.multicatering.eu,Your Trusted PartnerSince 1992 | Comprehensive Solutions | Corporate & Remote Catering | Facility Management | Civil Maintenance | Where We Operate | Kazakhstan | Serbia | Let's Work Together,9,https://www.multicatering.eu,ok
44fa791b-8cb1-ef11-b8e9-000d3aaab59f,"Agile Link Supply Chain Solution Co., LTD",nutraceuticos,https://www.alteco.com,,0,https://www.alteco.com,ok_sin_productos
ebea3558-d352-f111-bec6-000d3abe319d,Tarapharm,medicamentos,https://www.tarapharm.rs,SERVICES | Ingredients | PRODUCT LIST | Internationally successful supplier and ranking system provider,4,https://www.tarapharm.rs,ok
7ffa791b-8cb1-ef11-b8e9-000d3aaab59f,ITS Nutriscience,nutraceuticos,https://www.its-nutriscience.com,"Connecting Ideas Across Asia: Our 2026 Exhibition Journey | MIHAS 2026: Exploring Possibilities Across Food & Nutraceuticals | Discover New Possibilities with ITS at Fi Asia Indonesia 2026 | From Consumer Needs to Product Innovation: What We’re Exploring at Vitafoods Asia 2026 | Where to Meet ITS Nutriscience in 2026: Vitafoods Asia, Fi Asia Indonesia & MIHAS | Meet Our Team at Food Focus Thailand Roadmap: Pet Food Edition | Why Encapsulated Flavour Is a Game-Changer | Crafted for Food Manufacturers: Precision-Crafted Seasoning Solutions | Sugar Alcohols (Polyols): Complete Guide to Sorbitol, Maltitol, Erythritol & Xylitol in Food Applications | Beyond Protein Content: How Isolated Soy Protein Supports Product Performance | The Strategic Role of Functional Phosphates in Food and Nutraceutical Formulations | Exclusive Distributor for Arjuna Natural | Beyond Sweetness: How Erythritol Supports Sugar Reduction in Modern Formulations | Engineering the Perfect Bite: Texture, Juiciness & Structure | The Science of a Calmer Mind | Train Smarter, Recover Faster | Meet the Modern Rescue Remedy for Women’s Health: Ginger Extract | Good News! No More Sticking Tablets and Uneven Flow | Turning Reformulation Challenges into Innovation Wins | Not Sure Which Flavour Will Resonate with Today’s Wellness-Driven Consumers? | Fibre And Protein Take Centre Stage in Snack Bars and Cereals | Postbiotics: The Next Frontier in Digestive Wellness | Discover the Power of Boswellia: Nature’s Solution for Inflammation and Joint Health | From Waste to Wonder: The Power of Tamarind Seed Gum | The Long-Lasting Antioxidant Made from Broccoli | Crunch is the New Crave in Asia | Eggshell Membrane: A Natural Powerhouse for Radiant Skin | Flavour Defines Identity: The Next Wave of Snack Innovation in Asia | The Art of Lievito Madre: Italy’s Secret to Better Bread | Unlocking Culinary Consistency: The Rise of Premium Egg Powder in Modern Food Manufacturing | Enhance Flavour Naturally with Fruit-Based Ingredients | The Future of Cocoa Bean Ingredient Alternatives | Innovation in Action: Our Key Highlights at 2025 Exhibitions | Gearing Up for MIHAS 2025: The World’s Largest Halal Showcase | Food Ingredients Asia co-located with Vitafoods Asia Bangkok 2025 | Driving Growth & Innovation: Our Exhibition Journey in 2025 | Discover the Versatility of ITS Lime Seasoning | Natural Sweeteners Are on the Rise | Ovoderm®—The Vegetarian Collagen | The Hidden Dangers of Excess Fat – Non-Alcoholic Fatty Liver Disease (NAFLD) | Total Gut Care | Delicious Meat Flavors in Vegetarian Delights | SelectSIEVE® Glitter Youthful Complexion from Within | Morosil™ – The Award-winning Ingredient in Weight Management | Better-for-You Desserts | Natural Goodness in a Bowl | Success is Where Preparation and Opportunity Meet | Innovative Savoury Flavours | Food Focus Thailand Events 2023 | FOOD & NUTRACEUTICAL | Food | Bakery & Confectionery | Beverages & Dairies | Meals, Sauces & Seasonings | Meat, Poultry & Seafood | Vegetarian | Healthcare | Nutraceutical & Pharmaceutical | Ingredients for Bakery & Confectionery: | Ingredients for Beverages & Dairies:",60,https://www.its-nutriscience.com | https://www.its-nutriscience.com/market-solutions/ | https://www.its-nutriscience.com/market-solutions/bakery-confectionery/ | https://www.its-nutriscience.com/market-solutions/beverages-dairies/,ok
fccda18f-0297-411b-97c3-bb3c84a4d263,ALVAS,piensos mascotas,https://www.basixtrade.com,,0,,error_home
85c85ce4-c09b-ed11-aad1-000d3aaab651,ATOM,"lacteos, yogures y postres lacteos",https://www.atomchemie.com,,0,,error_home
47c85ce4-c09b-ed11-aad1-000d3aaab651,Euroingredientes - Ingredientes para a Industria Alimentar Lda,"especias, aromas y colorantes",https://www.euroingredientes.pt,Conceito ‘Clean Label’ continua em constante evolução | Alimentação funcional é alternativa a suplementos | Aromas em destaque na alimentação desportiva | Setores com que trabalhamos | Alimentação Funcional | Carnes & Charcutaria | Lacticínios | Bebidas | Confeitaria & Conservas | Panificação & Pastelaria | Parceiros | Certificações | Vegan | Kosher | Cruelty Free | Bio | Clean Label | Newsfeed,18,https://www.euroingredientes.pt,ok
bc4d526d-1539-4412-8174-e1e9c3fec912,NKM,piensos ganaderia,https://www.egebal.com.tr,,0,https://www.egebal.com.tr,ok_sin_productos
9ceb3558-d352-f111-bec6-000d3abe319d,Leone,helados,https://incomleone.com,Because you are looking for | your new ice cream bestseller | Need options? | We got them | Who says winning the market is hard to achieve? | Let’s make it happen | Only light speed is good enough for you | We got you covered | our story | Happiness is good for business | Delighting customers in 39 countries | Incom d.o.o. | Leone.si | Contacts,14,https://incomleone.com,ok
21c85ce4-c09b-ed11-aad1-000d3aaab651,PT. BUDI STARCH & SWEETENER TBK.,agroquimico,https://budistarchsweetener.com,WELCOME TO PT BUDI STARCH & SWEETENER Tbk (BSSW),1,https://budistarchsweetener.com,ok
fef89b73-7695-4562-a4b6-1193a86bb8ac,ITOCHU EUROPE,cereales,https://www.itochu.com,News,1,https://www.itochu.com,ok
a7d005dc-8cf7-497b-b650-cb8dd1670994,SWIENTY A/S,miel,https://en.swienty.com,"Beekeeping | ""Bee""ginners | Beehives | Langstroth Polyhives | 12x10 | Swi-Bo Thermowood | Norwegian Hive | Polyhives National | REA-DAN | Segeberger | Mini Plus Hive | Parts for traditional Troughhives | Nucleus Boxes | Frames | Queenexcluders | Matinghives | Accessories | Inner cover | Feeding board | Entrance reducers | Hive Numbering | Hive maintenance | Observation hives | Hive straps | Other | Tools & Accessories | Hivetools and Accessories | Smokers and more | Swarmcatch | Beebrush, Beeescapes etc. | Seasonal products",31,https://en.swienty.com | https://en.swienty.com/pl/Honey-harvest-Honey-extractors-Extractinglines_164693.aspx | https://en.swienty.com/pl/HoneyPROcessing-Packaging-Promotional-Items_164742.aspx | https://en.swienty.com/pl/Various-Specials-Closeout-and-special-offers_164753.aspx,ok
a3c85ce4-c09b-ed11-aad1-000d3aaab651,1-2-Taste,"especias, aromas y colorantes",https://www.12taste.com,"30 Sep – 1 Oct Kortrijk, Belgium | Booth B01 | Schedule a meeting with us → | Premium suppliers | Botanicals, fibres, sweeteners, citrus and vitamins | Featured ingredients | OligoSMART® RD TP90 | Organic Lemon Myrtle Dried Leaf | Orange Essential Oil | Ashwagandha Root Extract | Built to make ingredient sourcing simpler | For R&D teams | For procurement teams | Find, evaluate and source ingredients online | Product documentation | Contract pricing | Source with AI | Product Enquiry | Calcium sulfate (Dihydrate) – FOG 20 | Calcium Sulfate (Anhydrite) – ING 04 | OligoSMART® Tapioca RDP 70 | OligoSMART® RD CP90 | Vitamin A Acetate 325 CWS – E-HN-540 | Zinc Suplhate Monohydrate – E-HN-545 | Magnesium Suplhate Monohydrate – E-HN-525 | Dicalcium Phosphate Anhydrous – E-HN-405 | Ferric Sodium EDTA – E-HN-767 | Vitamin E Acetate 50% CWS – E-HN-524 | Vitamin B9 (Folic acid) – E-HN-533 | Vitamin B12 0.1% (Maltodextrin) – E-HN-647 | Ascorbic Acid Plain (Vitamin C) – E-HN-563 | Vitamin D3 100 CWS – E-HN-495 | Green Banana Powder with Peel – Class C | OligoSMART® RD TS90 | Organic Passion Fruit Flavour – FRUI – FP-0412 | Chocolate Hazelnut Flavour – Noisette – NO-C3 | Truffle Flavour – TRUF – TN63 | Truffe Blanche – TB-62 | Amarena Cherry Flavour & E330 – CERI-CEA5 | Amer type Spritz & E110, E 124 –... | Raspberry Flavour – FRAM-FR265 | Dairy ingredients at 1-2-Taste | Milk powders | Cheese ingredients | Butter ingredients | Vegan cheese alternatives | Yoghurt powder | Why choose dairy ingredients from 1-2-Taste? | Predictable prices. Clear volumes. One-year certainty. | What contract pricing on 1-2-Taste looks like | How the process works | Select ingredients & volumes | Request contract pricing digitally | Seller alignment & discussion | Contract confirmation | Why buyers use contract pricing on 1-2-Taste | Fewer ad-hoc negotiations | Clear annual price references | Better forecasting | Transparent collaboration | FAQs about the contract pricing",60,https://www.12taste.com | https://www.12taste.com/food-ingredients/ | https://www.12taste.com/dairy-ingredients/ | https://www.12taste.com/contract-pricing-for-ingredients/,ok
8733bfcd-0d11-43d0-932b-8ba2ae28b094,ATTIKI BEE CULTURING CO.,piensos ganaderia,https://www.attiki-pittas.gr/en,OUR COMPANY | HISTORY | QUALITY CIRCLE | AWARDS AND RECOGNITION | RESEARCH AND RESULTS | CORPORATE SOCIAL RESPONSIBILITY | OUR NEWS | OUR PRODUCTS | GREEK HONEY | ATTIKI JAMS | HALVA | SWEETS & LOUKOUMI | ROYAL JELLY & BEE POLLEN | INTERNATIONAL RANGE | BEECOME A FRIEND | CONTACT US,16,https://www.attiki-pittas.gr/en | https://www.attiki-pittas.gr/en/our-products | https://www.attiki-pittas.gr/en/our-products/honey | https://www.attiki-pittas.gr/en/our-products/extra-jams,ok
87c85ce4-c09b-ed11-aad1-000d3aaab651,Atom FZCO,"lacteos, yogures y postres lacteos",https://www.atomchemie.com,,0,https://www.atomchemie.com,ok_sin_productos
afc85ce4-c09b-ed11-aad1-000d3aaab651,Inexall Company,panaderia,https://en.inexall-company.com,"A partnership based on trust! | Citrics | Gluconate | Lactics | Special Salts | Sweeteners | Preservatives | Enzymes | Alginates | Others | Starches native, modified & derivates | Amino acids | Acidity regulators | Antioxidants",14,https://en.inexall-company.com | https://en.inexall-company.com/products,ok
88c28f91-e157-f011-877a-6045bd92f5a8,Terezia,nutraceuticos,https://www.terezia.eu/en,FRUIT JELLIES MINIONS | detail | Oyster mushroom with sea buckthorn oil | REISHI FORTE | Sea buckthorn oil in capsules | Vitamin D3 BABY 400 IU drops | Milk thistle + Reishi FORTE | B17 APRICARC with apricot oil | Best selling | Lowest prices | Highest prices | HEMO PLUS + folic acid | B-KOMPLEX super forte+ | Hematopoesis | TESTED RAW MATERIALS | PURE NATURAL PRODUCTS | CERTIFIED PRODUCTION | A 36 YEARS TRADITION,18,https://www.terezia.eu/en | https://www.terezia.eu/en/blood-production/ | https://www.terezia.eu/en/best-price-offers/ | https://www.terezia.eu/en/technological-processes-and-production/,ok
c4a89c72-eaf4-4db2-9bae-eb0f605a8015,FOODS CONSULTING,nan,http://www.foodconsultingspain.com,Bienvenido a Food Consulting | Proyección Internacional | Marketing y Conceptos Promocionales | Consultoría Especializada en Sector Agroalimentario y Gastronomía | Desarrollo de Contenidos Especializados | Formación Especializada en Marketing e Internacionalización | ¿Qué hacemos? | Sobre Nosotros,8,http://www.foodconsultingspain.com,ok
adeb3558-d352-f111-bec6-000d3abe319d,Qimondo,suplementos deportivos,https://www.qimondo.eu/es,Excelencia en lafabricaciÃ³n de suplementos | Calidad sin compromisos | ComunicaciÃ³n directa | TamaÃ±os de lote flexibles | Transparencia total | Soluciones de fabricaciÃ³nintegrales | FabricaciÃ³n de cÃ¡psulas | Abastecimiento global de ingredientes | Marca blanca | Desarrollo de productos | Soluciones de embalaje | De la idea alproducto terminado | Consulta | Desarrollo | ProducciÃ³n | Control de calidad | Entrega | Calidad en la quepuede confiar | Conformidad HACCP | Conformidad GMP | Seguridad alimentaria | DocumentaciÃ³n completa | EstÃ¡ndares internacionales | Sostenibilidad | RÃ¡pida comercializaciÃ³n | Experienciamultisectorial | E-Commerce y marcas D2C | Retail y droguerÃ­as | Deporte y fitness | Â¿Listo para lanzar suprÃ³ximo producto? | Lo que nos diferencia | Apoyo personal | Procesos transparentes | Ãgil e innovador | Preguntas frecuentes | Comience suprÃ³ximo proyecto | Consulta gratuita,37,https://www.qimondo.eu/es,ok
b63229e4-109e-4437-8e7a-e094dc9eb326,Chemical Plus SAL,agroquimico,https://www.qwenka-chemicalplus.com,"Trustworthy | Efficiency | Excellence | FOOD | PHARMA | personal care | HOME CARE | PAINT INDUSTRIAL | paint decorative | paper, corrugates & adhesives | plastic | printing | candles | construction | WATER TREATMENT",15,https://www.qwenka-chemicalplus.com,ok
2f918789-b866-4236-945d-eadb1b6f1aef,Ipsa Spa,helados,https://www.ipsa.it,"IPSA catalogs: selected ingredients, guaranteed quality | research, passion, and expertise | IPSA General catalog | Download the catalog | IPSA Gelato catalog | IPSA Fresh Retail catalog | IPSA Dry Retail catalog | IPSA Food Service catalog | View | OUR RECIPE BOOKS | OUR CATALOGUES | Professional mixes for outstanding leavened products | Optimal balance | Flexible production | Tailored solutions for your production | Innovation and reliability | Constant technical support | Get in touch | Bakery improvers | Leavened goods mixes | Margarines | Mélanges | Cocoa | Almonds | General catalog | Gelato catalog | Retail catalog fresh products | Retail catalog dry products | Food service catalog | Fill the form in to receive our catalogs",30,https://www.ipsa.it | https://www.ipsa.it/en/leavened-goods-mixes | https://www.ipsa.it/en/bakery-and-leavened-goods | https://www.ipsa.it/en/catalogs,ok
799cf976-adea-ee11-a203-000d3aaab59f,ZPC Flis Sp. Z o.o.,golosinas,https://www.flis.pl,FLIS — tradycyjny producent słodyczy | Poznaj nasze produkty | Aktualności i wydarzenia | O firmie FLIS Sp. z o.o. | Kontakt z producentem słodyczy | Ładowanie...,6,https://www.flis.pl,ok
d4c54d63-3ab0-f111-aaac-7ced8d0bdcda,Hermes Honey S.A,miel,https://www.hermeshoney.com,"MAS DE 25 AÑOS DE EXPERIENCIA | Producción, acopio, venta y distribución | Producciones a niveles",3,https://www.hermeshoney.com,ok
09c85ce4-c09b-ed11-aad1-000d3aaab651,Nexira,zumos y nectares,https://www.nexira.com,"Ingredient solutions to meet consumers' expectations | Innovation inspired by nature | Sustainability: our guide to Nature’s gifts | Organic ingredients, an here to stay revolution | NEWS & AGENDA | Nexira brings new science-backed solutions to SupplySide Global 2026 | How to formulate a stable beverage emulsion | Understanding the sensory profiles of botanical extracts | New clinical evidence on cranberry | Carob expertise: From local sourcing to Locust Bean Gum manufacturing | COP17: How Is Nexira Contributing to Land Restoration? | Women’s health: BloomEase™ bridges an unmet need in PMS | Sports nutrition: Vinitrox™. Push harder. Last longer. Recover faster | Acacia fiber: 30 years of Fibregum™, still leading | Longevity: targeting cellular health and microbiome | Heading to SupplySide Global? Let’s connect!",16,https://www.nexira.com | https://www.nexira.com/nexira-brings-new-science-backed-solutions-to-supplyside-global-2026/,ok
6dc85ce4-c09b-ed11-aad1-000d3aaab651,St Michel,nan,https://www.st-michel.fr,Rentrée scolaire | pré-rentrée | Accueil des futurs Secondes | Ecole | Collège | Lycée | Sup',7,https://www.st-michel.fr,ok
0e957afa-a5d6-407a-927b-4d18c6fb9445,LARCHFIELD LTD,panaderia,https://www.larchfield.com/ingredients,,0,https://www.larchfield.com/ingredients,ok_sin_productos
7b9cf976-adea-ee11-a203-000d3aaab59f,Zaharni Zavodi,"especias, aromas y colorantes",https://www.zaharnizavodi.bg,,0,,error_home
61c85ce4-c09b-ed11-aad1-000d3aaab651,Vimax Malgorzata Rogiewicz,"especias, aromas y colorantes",https://www.vimax.pl,"Knowledge, experience and quality guarantee | proprietary recipes | innovative taste concepts | We provide support | Tradition and experience | We have an extensive products range | Our products range includes food additives used in every branch of the food industry | FLAVOURING | ENRICHING | FOOD DESIGN | OUR LABELS",11,https://www.vimax.pl | https://www.vimax.pl/en/our-products-range/,ok
85d7cfdd-b49d-ee11-be37-000d3aaab965,DORMECO,panaderia,https://www.makulaku.fi,Lataa Metrilaku-kuvasto | Makulaku bags | Organic Liquorice | Pick&Mix | Mini Licorice Ropes | Strong Salmiak | Maku Mix Original | Outlet Combo | Organic Black Soft Liquorice | Organic Black Soft Licorice,10,https://www.makulaku.fi | https://www.makulaku.fi/en/products/ | https://www.makulaku.fi/en/products/makulaku-bags/ | https://www.makulaku.fi/en/products/happy-reindeer/,ok
c520235d-fbdf-f011-8544-7ced8d0c5f55,IRCA S.P.A,nutraceuticos,https://www.irca.eu,"Titolo del gruppo | Products under the spotlight | View all | PASTRY | FARCILEMON | Read more | CHOCOCREAM CINNAMON | DOLCE MONACA | FRUIT | FRUTTIDOR AGRUMI MEDITERRANEI | FRUTTIDOR MORA DI GELSO, CASSIS E SAMBUCO | FRUTTIDOR MANGO, PAPAYA E YUZU | FRUTTIDOR FRUTTI ROSSI | CHOCOCREAM COCONUT | CREAMS AND PASTES | CHOCOCREAM PISTACCHIO IN SAC À POCHE | NOCCIOLATA BIANCA IN SAC À POCHE | NOCCIOLATA IN SAC À POCHE | GELATO | JOYCREAM CRYSTAL MANGO | JOYCREAM DUBAI CARAMEL | Joycream Raspberry Milk | Joycream Raspberry White | CHOCOLATE | RENO X CIOCCOLATO BIANCO 28% | RENO X CIOCCOLATO AL LATTE 33,6% | BASE NEUTRA CON FIBRE 15G | Rio Caribe Fondente 72% | JOYCREAM DUBAI PISTACCHIO | RENO X CIOCCOLATO FONDENTE 54,5% | myIRCA | Language | Main navigation | Highlights | Our Offering | Chocolates and Alternatives | Creams | Pastry and Creams Mixes | Fruit Fillings | Jellies and Icings | Bakery | Inspiration Delivered to Your Inbox | Registered office | Footer | Recipe book | Create your recipe book | Attention | Distinctive flavours, limitless creativity | RENO CONCERTO CIOCCOLATO LACTEE CARAMEL | RENO CONCERTO CIOCCOLATO GIANDUIA LATTE | RENO CONCERTO CIOCCOLATO BIANCO 25,5% | RENO CONCERTO CIOCCOLATO EXTRA FONDENTE 64% | The creams of your dreams | Discover our creams | Pre-baking filling creams | After-baking filling creams | Flavoring creams | Coating creams | Pralines | Pre- & Post- baking creams",60,https://www.irca.eu | https://www.irca.eu/en/brands/irca-1919/our-offering | https://www.irca.eu/en/brands/irca-1919/our-offering/chocolates-alternatives | https://www.irca.eu/en/brands/irca-1919/our-offering/creams,ok
25c85ce4-c09b-ed11-aad1-000d3aaab651,Barentz Iberia SLU,nutraceuticos,https://www.barentz.com,,0,https://www.barentz.com,ok_sin_productos
1bfa791b-8cb1-ef11-b8e9-000d3aaab59f,Medist,zumos y nectares,https://www.medist.ae,,0,https://www.medist.ae,ok_sin_productos
a0b4c951-5a86-4f6f-8a7b-71e74363d1f5,DURR,agroquimico,https://www.durr-group.com/en/company/overview,Group organizational structure,1,https://www.durr-group.com/en/company/overview,ok
81c85ce4-c09b-ed11-aad1-000d3aaab651,GERBER-RAUTH,alternativas a lacteos,https://gerber-rauth.com,MONGUI ORGANIC FOODS | ACELLULAR AGRICULTURE | PLANT-BASED | ADJACENT INVESTMENT AREA | MOLECULAR FARMING | ANIMAL-BASED DAIRY,6,https://gerber-rauth.com,ok
23c95ce4-c09b-ed11-aad1-000d3aaab651,"Chaipattana Solution Co., Ltd.",nutraceuticos,http://www.fenchem.com,INGREDIENT TECHNOLOGY | About Us | Services | Products,4,http://www.fenchem.com,ok
79eadd0d-a7e4-f011-8543-7ced8d0c1dc6,Sunar,nutraceuticos,https://www.sunar.com.tr,Detaylı İncele,1,https://www.sunar.com.tr,ok
9648d280-7cc5-416e-9faa-59851e911d0e,Refresco Iberia,cereales,https://www.refresco.com,,0,https://www.refresco.com,ok_sin_productos
b8967f84-a2fd-ef11-bae4-7c1e52270551,Sameca PQ,galleteros,https://www.sameca.com,Your partner for chemicals | Conheça os nossos produtos | KNOW OUR PRODUCTS | CONNOISSEZ NOS PRODUITS | Conozca nuestros productos,5,https://www.sameca.com,ok
84268c1d-18ab-ef11-b8e9-000d3aaab59f,Azelis,nan,https://www.azelis.com,"Top | Main navigation | About Azelis | Our regions | Our markets | Our services | Innovation | Markets | Customer Portal | Sustainability | H1 2026 results: Return to organic growth | Azelis receives approval of science-based emissions reduction targets from the SBTi | Q1 2026 results: Strong cash generation in volatile markets | We are Azelis | Work with us | Corporate social responsibility | Industrial Chemicals | Advanced Materials & Additives | CASE | Electronics | Essential Chemicals | Fine Chemicals | Lubricants & Metal Working Fluids | Oilfield | Other Applications | Textiles, Leather & Paper | Life Sciences | Agricultural & Environmental Solutions | Animal Nutrition | Food & Nutrition | Home Care & Industrial Cleaning | Personal Care | Pharmaceuticals & Healthcare | Services | Investors | Legal menu | Breadcrumb | Our products | Azelis reinforces its footprint in India with the acquisition of S. Amit Group | Azelis awarded the highest score in the industry, as rated by EcoVadis®",40,https://www.azelis.com | https://www.azelis.com/en/markets/life-sciences/Agricultural-Environmental-Solutions,ok
4efa791b-8cb1-ef11-b8e9-000d3aaab59f,GRANOTEC,nutraceuticos,https://www.granotec.com,"para un mundo mejor | Chile | Argentina | Perú | Ecuador | Colombia | Otros países | Capacitación | Investigación y Desarrollo | Productos | Calidad y CompromisoCercaníaSostenibilidad | Granotec LATAM en las XXIV Jornadas SOCHINUT y en la I Jornada conjunta con SOCHITAL 2026 | Pan de Pascua, el Rey de las Fiestas: Retos Técnicos y Soluciones Funcionales | Diez años de la Ley 20.606: evidencia, reformulación e innovación para enfrentar la malnutrición por exceso | Actualidad en la Industria Alimentaria",15,https://www.granotec.com | https://www.granotec.com/noticia/pan-de-pascua-el-rey-de-las-fiestas-retos-tecnicos-y-soluciones-funcionales,ok
b1967f84-a2fd-ef11-bae4-7c1e52270551,Vivatis Pharma SL,panaderia,https://www.vivatis.es,25 years of VIVATIS Pharma. | Explore GreenIuronic® | For my individual needs. | Expertise in global Procurement. | Your partner for nutraceutical and pharmaceutical ingredients. | Excellent quality for highest demands. | We are here for you. | Quality that convinces – confirmed by numerous audits and inspections. | Check out our Scientific Blogposts & News. | Discover our exclusive offers and news. Register now and never miss anything! | Enhancing sustainability in the pharmaceutical industry. | You can count on us | VIVATIS Pharma | Our Offers | Explore More | Legal Statement | Contact Us | Certifications | Follow Us,19,https://www.vivatis.es,ok
1dc95ce4-c09b-ed11-aad1-000d3aaab651,Kerry,nan,https://www.kerry.com,Latest news | Partner with the experts at Kerry | Home | Solutions | Bakery Freshness | The bakery freshness approach | Master the features of bakery freshness | Breaking the Mould | Explore mould control | Top-notch texture | Explore enzymes | Great Taste in Every Bite | Explore taste ingredients | Consistent texture | Explore emulsifiers | Markets | Food & Beverage Applications | Dairy | Explore dairy solutions | Taste Ingredients | Nutrition Ingredients | Functional ingredients | Food | Beverage | Proteins | Textured Plant Protein | Experts in Textured Plant Protein technologies | Textured Plant Protein Range | TexFlex™ | Plantfare™ | Plenti® | Partner with the experts in Textured Plant Proteins,32,https://www.kerry.com | https://www.kerry.com/products/bakery-freshness | https://www.kerry.com/markets/food-and-beverage-applications/dairy-and-alternative-dairy-solutions | https://www.kerry.com/products/proteins/textured-plant-protein,ok
af967f84-a2fd-ef11-bae4-7c1e52270551,Vivatis Pharma SL,"lacteos, yogures y postres lacteos",https://www.vivatis.es,25 years of VIVATIS Pharma. | Explore GreenIuronic® | For my individual needs. | Expertise in global Procurement. | Your partner for nutraceutical and pharmaceutical ingredients. | Excellent quality for highest demands. | We are here for you. | Quality that convinces – confirmed by numerous audits and inspections. | Check out our Scientific Blogposts & News. | Discover our exclusive offers and news. Register now and never miss anything! | Enhancing sustainability in the pharmaceutical industry. | You can count on us | VIVATIS Pharma | Our Offers | Explore More | Legal Statement | Contact Us | Certifications | Follow Us,19,https://www.vivatis.es,ok
8ec49a9f-3f7e-ee11-8179-000d3aaab965,La Lorraine,medicamentos,https://www.lalorraine.be,Crystal Ciabatta 320 g 45 cm5002188 | Pane tartaruga pre-sliced 100 g Ø 13 cm5002187 | NieuwSwedish knot vanilla 100 g Ø 8 cm4200442 | NieuwSwedish knot cinnamon 103 g Ø 8 cm4200440 | Shell roll rye 72 g Ø 10 cm4045269,5,https://www.lalorraine.be | https://www.lalorraine.be/nl-BE/downloads-brand-catalog-donutworrybehappy | https://www.lalorraine.be/nl-BE/downloads-brand-catalog-la-lorraine | https://www.lalorraine.be/nl-BE/downloads-brand-catalog-panesco,ok
0dfa791b-8cb1-ef11-b8e9-000d3aaab59f,Probiotical,"especias, aromas y colorantes",https://www.probiotical.com,,0,,error_home
27c95ce4-c09b-ed11-aad1-000d3aaab651,CSC,nan,https://www.cpp.co.th,,0,,error_home
29c95ce4-c09b-ed11-aad1-000d3aaab651,Wellsanté,nutraceuticos,https://www.wellsante.com,"TEE SHIRT HOM. SANTE, ANTI-DOULEURS, FATIGUE MUSCULAIRE, CONVIENT APRES RUNNING RECUP RAPIDE DES SPORTIFS | TEE SHIRT MIXTE MANCHE LONGUE Col Rond | Spray de gorge propolis & MGO TM ""400 Manuka"" 30 ml | Chyawanprash Marmelade Ayurvédique 500g | Diabliss 1kg | Miel Manuka MG700+ 250g (selon disponibilités) | Miel Manuka MG600+ 500g | Miel Manuka MG600+ 250g, haute teneur méthylgloxal, Antioxydant, Défenses naturelles | Complexe Magnésium Marin, 60 comp. 30 j | Multivitamines et Minéraux d'origine naturelle 60 gél 20 j | SPIRULINE ECOLOGIQUE 60 comp.15 j | CURCUMA BIO, 60 gél 30 j | Life Mel | Eau Micellaire bio 200ml visage | COUVRE REINS ou GAINE | Crème Parfaite Hydratante bio 100ml visage | KONJAC, 60 gél 10 j | Crème anti-âge haute protection bio 30ml visage | SANTE DES CHEVEUX 60 comp 20 j | Super Baies santé K3 Anti-âge, Yeux, 500G 30 j | Soyez le premier à commenter ce produit",21,https://www.wellsante.com | https://www.wellsante.com/arexworks/quickview/index/product_id/381/ | https://www.wellsante.com/arexworks/quickview/index/product_id/376/ | https://www.wellsante.com/arexworks/quickview/index/product_id/373/,ok
88c95ce4-c09b-ed11-aad1-000d3aaab651,COUPLET SUGARS,nan,https://www.coupletsugars.com/es,,0,https://www.coupletsugars.com/es,ok_sin_productos
a13e1274-0c06-ef11-9f89-6045bd92bc7a,BAKER & BAKER,bolleria,https://www.cidrani.com,,0,,error_home
76268c1d-18ab-ef11-b8e9-000d3aaab59f,AI Wefak Al Saudi,salsas y aderezos,https://www.alwefakalsaudi.com/en,,0,,error_home
de5f83df-0825-4464-bd7e-03ef0d878a1a,Bodegas Valdepablo,vino y derivados del vino,https://valdepablo.com,Categorías | Nuestros productos | Pack Degustación Valdepablo | Vermut Valdepablo Gran Añada | Caja Vermut Casa Valdepablo 2L x 6 botellas | Valdepablo Vermut Selección | Vermut blanco Casa Valdepablo 1L | Casa Valdepablo Vermut | Dulce dorado | Luis the Marinero Red Sangría | Luis the Marinero White Sangría | Luis the Marinero Rosé Sangría | Luis the Marinero Red Vermut | Luis the Marinero White Vermut | Pack degustación Luis the Marinero | Organic Biomio Red Sangría | Organic White BioMio Sangría | Organic Biomio Rosé Sangría | Organic BioMio Red Vermut | Organic White BioMio Vermut | Moscatel Oro | Pack Degustación Biomio | Vino para consagrar | Puertopablo | Aquila Rossa Vermouth Rosso | Tarro LTM Sangría (Edición Clásica) – Unidad | Vaso de Vermut Valdepablo (Edición Clásica) – Unidad,27,https://valdepablo.com | https://valdepablo.com/tienda/,ok
ffc85ce4-c09b-ed11-aad1-000d3aaab651,Toren Food Industry,chocolate,https://toren.com.tr,Classic Red Tablet Compound | Classic Blue Tablet Compound | Classic Purple Tablet Compound | Classic White Milk Compound Tablet | Cococoz 26 grx2 Coconut Bar | Cococoz Crunchy | Pacimo Nougat Bar Banana | Catalog | Tören Gıda San. ve Tic. A.Ş | Products | Read more | Classic Dark Compound Chocolate | Classic Espresso Milky Compound | Classic Hazelnut Milky Compound | Classic Peanut Milky Compound | Toren Wafers | Delisso Banana Cream Flavour Wafer | Delisso Caramel Cream Flavour Wafer | Delisso Cocoa Cream Flavour Wafer | Delisso Coconut Cream Flavour Wafer | Delisso Finest Cocoa Cream Flavour Wafer | Delisso Hazelnut Cream Flavour Wafer | Delisso Lemon Cream Flavour Wafer,23,https://toren.com.tr | https://toren.com.tr/catalog/ | https://toren.com.tr/products/ | https://toren.com.tr/product-category/toren-wafers/,ok
9cc95ce4-c09b-ed11-aad1-000d3aaab651,COMPAÑIA INDUSTRIAL DE CEREALES SA,"especias, aromas y colorantes",https://www.cocereales.com.co,INICIO,1,https://www.cocereales.com.co,ok
96c49a9f-3f7e-ee11-8179-000d3aaab965,Zaharni Zavodi Trade,miel,https://www.zaharnizavodi.bg,,0,,error_home
4a144747-7b62-ec11-8f8f-6045bd8a321b,Allos Hoff Manufaktur Gmbh,ecologico,https://www.ecotone.bio,Our company at a glance | Our game-changing recipe:to restore and protect ecosystems | Meet our family of biodiversity-feeding brands | News & Happenings,4,https://www.ecotone.bio,ok
13906f19-213a-f011-b4cc-6045bdf32f25,IFF,agroquimico,https://www.iff.com,"IFF report finds GLP-1 is reshaping food choices and eating behaviors among Indian consumers | IFF launches SENSORA™, an innovative pro-fragrance technology platform | IFF launches first-of-its-kind stabilizer system in Europe, the Middle East and Africa | IFF and ISIPCA Mark 10 Years of Joint Scent Design and Creation Master’s-Level Program | IFF’s 2025 Do More Good Report Highlights Progress in Nature-Based Innovation | IFF opens Vanilla Innovation Center in Madagascar | Your Experiences, Our Technologies | Our Solutions | Food & Beverage | Scent | Health Sciences | Beauty & Personal Care | Home Care | Grain Processing | Animal Nutrition & Health | Industrial Markets | Life-Cycle Assessment (LCA): Calculating the Path to GHG Reductions in IFF Products & Supply Chain | Responsible Vanilla Sourcing: Building Resilient Supply Chains | From Field to Circular Value: Rosemary’s Role in IFF’s Bioeconomy Innovation | Your Input Drives Our Future | Our Latest Stories | IFF to Webcast Fireside Chat at Barclays Global Consumer Conference on Sept. 10 | IFF Reports Second Quarter 2026 Results; Announces Use of Proceeds Plan for Food Ingredients Divestiture | IFF Declares Dividend for Third Quarter 2026 | Society of Baking, UK | Ethanol 101 Workshop | Our Work | Agitating Your Laundry and Disrupting the Market | Bittersweet and Salty: Modulating Your Senses | The Polymer Bio-Revolution Has Begun | Why Partner With Us? | $671M | Responsible Sourcing | +200,000 | Clean Label: Beyond a Trend | The Benefits of Clean Label Solutions | Clean Label Formulation | The Challenge | The Solution | A Simple and Lean Ingredient List | Sustainably Sourced Ingredients | Natural Colors | Transform Ideas into Market-Ready Innovations | Food & Beverage Ingredients | Our Ingredient Portfolio | Emulsifiers | Food Protection | Fruit Pieces & Paste | Gelato Flavor & Paste | Hydrocolloids / Texturants | Protein Solutions | System Blends | Sweeteners | Inventive Food & Beverage Inclusions | GUARDIAN® SYNEROX | SUPRO® TEX | Meet Our Experts | Latest News & Insights | Weight-Management Solutions: Supporting Consumers on GLP-1s and Other Medications | ASK THE EXPERTS: Don’t Cry Over Spilled Milk – Let’s Minimize Food Waste in Dairy",60,https://www.iff.com | https://www.iff.com/food-beverage/clean-label-solutions/ | https://www.iff.com/food-beverage/food-ingredients/ | https://www.iff.com/scent/consumer-products/,ok
e1df29c5-c171-46b2-bbf1-280f38e53275,PROMOLAC,platos preparados,https://promolac.com,TIENDA | Cubitos de Caldo de Pollo | Flan Vainilla | Vichyssoise | Salsa Demiglace | Yolac Natural con Leche | Gelatina Cereza | Cappuccino | Crema de Cacao con Avellanas | Cubitos de Caldo Vegetal | Cubitos de Caldo de Carne | Cubitos de Caldo de Marisco | Cubitos de Caldo de Pescado | Cubitos de Caldo de Smen | Cubitos de Caldo de Cordero | Caldo de Pollo | Caldo Vegetal | Caldo Carne | Caldo Marisco | Caldo Pescado | Productos relacionados | Caldo de Pollo en Pasta,22,https://promolac.com | https://promolac.com/tienda/ | https://promolac.com/producto/cubes-caldo-pollo/,ok
8dd7cfdd-b49d-ee11-be37-000d3aaab965,INTERSNACK Nederland B.V.,"especias, aromas y colorantes",https://www.intersnack.com,"Taking social responsibility in our supply chains | Value Chain | Learn more | Intersnack Group | International websites: | Joint-ventures websites: | to the Intersnack Group, one of the leading savoury snack companies | Intersnack | Sustainability Progress | Report 2025 | Green | Electricity | EcoVadis assessment: | Intersnack steps up | for the fourth time! | Our | Climate Targets | Approved by SBTi | Our Brands | From international icons to local favourites | Intersnack brands | Key facts | 4.5bn | EUR | ~ 14,500 | employees | over 12m | consumers | Sustainability at Intersnack | Explore our four pillars | Innovating for consumer health and taste | Consumer | Reducing our impact on the environment | Environment | Achieving results with and for our employees | Employee | Careers | About us | Brands | Sustainability | Contact",41,https://www.intersnack.com,ok
0f906f19-213a-f011-b4cc-6045bdf32f25,Glatt,nutraceuticos,https://www.glatt.com,"Solutions for individual requirements | Integrated from a single source | Your technology partner | Anne Grozinger | Glatt @ CPHI Milan | Glatt launches new spray drying technology at Interpack | SOLIDA-1: 2026 FOYA Category Winner for Operations – Operational Excellence & Pharma 4.0™ | Benefit from quality, turn-key solutions from one source! | Link to: Spray Dryers | Spray Dryers | Link to: Wirbelschichtanlagen | Fluidized Beds | Link to: Strahlschichtanlagen | Spouted Beds | Link to: Granulationslinien | Granulation Lines | Link to: Trommelcoater | Drum Coaters | Link to: High Shear Granulatoren | High Shear Granulators | Link to: Pulsationsreaktoren | Powder Synthesis Reactors | Link to: Extruder und Pelletierer | Extruder and Pelletizer | Link to: MultiLab® | MultiLab® | Link to: Kontinuierliche Technologien Pharma | Continuous Technologies Pharma | Containment Solutions | Sieves | Producthandling | Integrated Bioprocessing Solutions | Automation and Digitalization | Home | Products | Engineered with pharmacists for pharmacists | Quicklinks | Glatt Group | Contact | Glatt and fluidized bed technology | Laboratory and pilot equipment | Fluidized bed lab units (PDF) | Pilot system GPCG 10 (PDF) | Functionalization of Granules & Pellets (PDF) | ProCell LabSystem (PDF) | Mini-Glatt / Midi-Glatt | GPCG.Lab | GPCG 10 | ProCell® LabSystem | ProCell® PilotSystem | AGT® PilotSystem | Production plants | Fluidized bed production plants (PDF) | TwinPro® (PDF) | Glatt GF ModFlex (PDF) | WSG PRO | GPCG PRO | TwinPro® | AGT® | AGT® System",60,https://www.glatt.com | https://www.glatt.com/products/ | https://www.glatt.com/products/spraydryers/ | https://www.glatt.com/products/fluidized-bed-systems/,ok
69c95ce4-c09b-ed11-aad1-000d3aaab651,APLINOVA,"especias, aromas y colorantes",https://aplinova.com.br,,0,,error_home
47c95ce4-c09b-ed11-aad1-000d3aaab651,GEDIMEX bv,conservas vegetales,https://www.gedimex.com,"Dehydrated | See more | Frozen | FAQ | Heading | Our products | Connecting world-class ingredients to your ambition, every step of the way. | Supplying Quality to customers Worldwide | Why gedimex? | Years of global expertise | Commitment to reliability | INSIGHT IN MARKET SITUATIONS AND TRENDS | Continents Covered by Our Quality Control | Built on trust and consistency | family-owned company | Latest news | Gedimex BV | Contact us",18,https://www.gedimex.com,ok
a4967f84-a2fd-ef11-bae4-7c1e52270551,Derworld (Derquimica),nutraceuticos,https://www.derworldbcn.com,"Nuestros productos | por área de actividad | pharma | health food | cosmetics | bio | pet food | por área terapéutica | Contacta con nosotros y estaremos encantados de atenderte | Webinar Welltan Nutra – Silvateam y Derworld | Promunel® para el cuidado íntimo | Cultavit®. Trigo sarraceno germinado, fuente de vitaminas y minerales. | Resultados de la búsqueda | Derquímica distribuidor oficial de BNATURAL en exclusiva para España y Portugal. | Extracto de la raíz de Ashwagandha estandarizado con múltiples ensayos clínicos que lo avalan. | SOD EXTRAMEL® | (SUPER OXIDO DISMUTASA) | Extramel® es un extracto de una variedad específica de melón (Cucumis melo L. ) | KERA-DIET® | Aspalathus GRT® | Orzolax® 50 es un cafè de cebada titulado al 50 % en fibra. | Equigluc™es un extracto de Manzana con un contenido del 50 % en Floracina. | Echiten® es un extracto de Equinacea angustifolia valorado al 10% en equinacósidos. | iHA380 es una cepa del probiótico Streptococcus thermophilus que actúa como solución natural para los ojos secos. | ACIDO FITICO | CLORURO DE COLINA | FLUINDIONA | ACIDO FUSIDICO | COLCHICINA | FOSFATIDILSERINA | ACIDO URSODEOXICOLICO | COLINA L-BITARTRATO 1% SÍLICE ACONDICIONADO | GLUCONATO DE ZINC | BETAHISTINA DIHIDROCLORURO | CONDROITIN SULFATO INYECTABLE | GLUCOSAMINA HCL | BETAHISTINA DIMESILATO | DEQUALINIUM HCl | GLUCOSAMINA SAL SODICA | BIOTINA PURA (VITAMINA B7) | DIINDOLILMETANO | GLUCOSAMINA SULFATO POTASICA | BISMUTATO DICITRATO TRIPOTÁSICO | DIOCTILSULFOSUCCIONATO DE SODIO | HESPERIDINA 94% / 95% / METILCHALCONA | CANTARIDES | DIOSMINA 96% | HISTAMINA HCl | CANTARIDINA | DIOSMINA MICRONIZADA 94% | L-5 HIDROXI-TRIPTOFANO DIHIDRATO | CAPSICUM OLEORESINA | DIOSMINA-HESPERIDINA 90:10 | SUCRALFATO | CLOROFILINA MAGNESICA SODICA | EDTA SAL DE SODIO FÉRRICA",56,https://www.derworldbcn.com | https://www.derworldbcn.com/buscador-de-productos/ | https://www.derworldbcn.com/branded-ingredients/ | https://www.derworldbcn.com/productos/pharma-new/,ok
8a268c1d-18ab-ef11-b8e9-000d3aaab59f,Pladis Global,galleteros,https://www.pladisglobal.com,"GODIVA unveils centennial exhibition - A Century of Craft: The Wonder Moments | Ülker Probis launches new campaign showing AI cannot replicate its distinctive taste | McVitie’s owner pladis grows revenue to £3.3bn as branded portfolio proves resilient | McVitie’s highlights how biscuits bring Brits together in new brand campaign | Employee stories | Working at pladis | Inclusion and diversity | How pladis is using AI to give colleagues time back | McVitie's looks beyond biscuits in China as pladis targets £1bn brand | McVitie’s owner pladis expands Chiswick Park headquarters | 'Tis the season to savour with Jaffa Cakes, Carr's and Jacob's | About us | Our brands | Happy People Happy Planet | Our impact",15,https://www.pladisglobal.com | https://www.pladisglobal.com/index.ph%70/media-centre/mcvities-owner-pladis-grows-revenue-ps33bn-branded-portfolio-proves-resilient,ok
deb94125-6a70-44df-8365-f63e8d927665,ALVISA SPIRITS,vino y derivados del vino,https://www.alvisa.es,,0,https://www.alvisa.es | https://www.alvisa.es/tienda,ok_sin_productos
07c95ce4-c09b-ed11-aad1-000d3aaab651,Zygouropoulos,nan,https://www.zygouropoulos.gr/en/home,points ofdifferentiation | get to know us | emphasis on quality,3,https://www.zygouropoulos.gr/en/home | https://www.zygouropoulos.gr/en/products/food-drink | https://www.zygouropoulos.gr/en/products/cosmetics | https://www.zygouropoulos.gr/en/products/pharmaceuticals,ok
6af6487f-d8d5-f011-8543-00224882d38d,ProDigest,"especias, aromas y colorantes",https://www.prodigest.eu,"Technologies on the map | Products | Models | Analytics | Prebiotics, fibers & postbiotics | Supplements, enzymes & OTCs | Pharmaceutical drugs | Food, carbohydrates & proteins | Probiotics & live biotherapeutics | Nutraceuticals, botanicals & plant extracts | Formulations | What a single dose of a postbiotic would never have shown us | Healthy aging as a case study for translating microbiome effects into system-level understanding | Synbiotic Strategies to Shape the Infant Gut Microbiome: Insights from Colon-on-a-Plate® | Unveiling the strategic secrets of the Screening SHIME® | Kinetic Colon-on-a-Plate® | Prebiotic activity of functional whole mushroom powders compared to inulin in SHIME® model colonic simulations | In Vitro Effect of Enzymes and Human Milk Oligosaccharides on FODMAP Digestion and Fecal Microbiota Composition. | How much of my supplement’s active nutrient actually gets released & absorbed? | Does my vitamin or supplement affect the gut microbiome, for better or worse? | Does my multi-ingredient supplement actually work as a combo, and in its target population? | FAQ | Related models | Related analytics | Case studies | Publications",26,https://www.prodigest.eu | https://www.prodigest.eu/products | https://www.prodigest.eu/products/prebiotics-fibers-postbiotics | https://www.prodigest.eu/products/supplements-enzymes-otcs,ok
96c95ce4-c09b-ed11-aad1-000d3aaab651,PROVA,"especias, aromas y colorantes",https://www.prova.fr/es,,0,,error_home
4d3340bc-ba36-47b4-ab78-cf30d9130c29,Weider Nutrition,panaderia,https://www.weider.es,Peanut Butter Protein Cups Birthday Cake | Facebook | Instagram | YouTube | TikTok | Global Partners | Tienda Weider | Iniciar sesión | Buscar | Weider | Pre-entrenos | Endurance | Control de Peso | Ganadores de masa muscular | Aminoácidos | Suplementos vitamínicos | Salud masculina | Vegano | Sin Gluten | Blog | Conócenos | Sellos de calidad | Puntos de venta | Contacto | Recetas y entrenamientos | Global PartnersGlobal Partners | Tienda WeiderTienda Weider | Tu carrito esta vacío. | Seguir comprando | ISOLATE PROTEIN | Compra aquí | SUPERA TUS LÍMITES | Descubre más | Nuestros Bestsellers | Collagen | Peanut Butter Protein Cups | Vegan Protein | Isolate Whey 100 CFM | Millones de clientes satisfechos | Compromiso con la calidad | Somos bodybuilding | ¿Qué estás buscando? | Proteínas Ver todo | Creatinas Ver todo | Colágenos Ver todo | Barritas & Snacks Ver todo | Gominolas funcionales Ver todo | Suplementos vitamínicos Ver todo | Control de peso Ver todo | Pre-entrenos Ver todo | Aminoácidos Ver todo | Better Nutrition Ver todo | Ganadores de masa muscular Ver todo | Salud masculina Ver todo | Productos veganos Ver todo | Victory Endurance Ver todo | WEIDER GUMMIES | Descubrir gummies | Ver la información completa del producto | Nuestros nuevos productos,60,https://www.weider.es | https://www.weider.es/collections/pre-entrenos | https://www.weider.es/collections/victory-endurance | https://www.weider.es/collections/control-de-peso,ok
6fc85ce4-c09b-ed11-aad1-000d3aaab651,Blattmann Schweiz AG,panaderia,https://www.blattmannschweiz.com,Our Main Products | Spelt & Wheat Proteins | Sweeteners | Starch & Derivatives | BECODUR® DINKEL – wheat-free and on-trend with Blattmann | Latest News | In focus – 𝗤𝗨𝗘𝗠𝗜𝗡𝗔® – the clean label alternatives to methylcellulose | Review of a successful evening: Insights & Networking | Blattmann at the Biofach 2024 in Nuremberg | Crystal-Clear Organic Glucose Syrup | At the cutting edge since 1856 | Clean Label Starches | Our Products | Wheat & Spelt Proteins | Vegetable Proteins and Flours | Potato Products | Available Quality | Features | Applications | Bakery | Meat substitutes | Convenience | Fermented Products | Becodur Dinkel®,24,https://www.blattmannschweiz.com | https://www.blattmannschweiz.com/products/ | https://www.blattmannschweiz.com/products/spelt-wheat-proteins/vital-wheat-gluten/ | https://www.blattmannschweiz.com/products/spelt-wheat-proteins/vital-spelt-gluten/,ok
65b988b0-b884-489c-8ad6-139fa191a7de,PROSUR,"especias, aromas y colorantes",https://www.prosur.com,"EL SOFTWARE ERP DEL SECTOR OLEÍCOLA | A la vanguardia de la innovación | PRODUCTOS | Las aplicaciones que te dan SEGURIDAD FACILIDAD CONFIANZA | LAS APLICACIONES QUE NECESITA TU EMPRESA | NOTICIAS | Martes 8 de septiembre cerrado por festivo local | Gasóil : nueva ayuda de 20 céntimos por litro desde el 1 de septiembre | Cómo cambiar el IVA del Gasoil a 1 de Julio de 2026. Se cambia en las Familias, NO en los productos. | GESTION INTEGRAL DE LOS PROCESOS | MÁS DE 350 ALMAZARAS SATISFECHOS FELICES TRANQUILOS | ¿QUIERES EMPEZAR AHORA? | SABEMOS LO QUE NECESITAS | SOPORTE PERSONALIZADO | ¿TE INTERESA? PUEDES PEDIR UNA DEMO GRATUITA | Software ERP para almazaras y empresas de aceituna. | Gestión integral de la almazara. Desde la recepción de aceituna, hasta la salida del aceite. | Software ERP para almazaras cooperativas y empresas de aceituna. | Gestión integral de la almazara cooperativa. Desde la recepción de aceituna, hasta la salida del aceite. | AGROCUADERNO, tu cuaderno de campo digital. | Ten tu explotación bien organizada desde cualquier sitio y en tiempo real. ""Una nueva forma de trabajar en el campo"" | Con, PROSURWEB SOCIOS, los socios de su cooperativa tendrán acceso a sus datos de forma instantanea y segura. | Almazaras y agricultores, siempre conectados. | Aclaraciones | 1. ¿El descuento se aplica antes o después del IVA? | 2. ¿Tiene que salir reflejado como un descuento en el ticket o factura? | Comparte la noticia | Quizás te interesa... | Registro REGFER para las empresas que vendan fitosanitarios | Horario de verano de 07:00 a 15.00. Tardes cerrado. | Viernes 29 de mayo cerrado",31,https://www.prosur.com | https://www.prosur.com/productos/ | https://www.prosur.com/como-cambiar-el-iva-del-gasoil-a-1-de-julio-de-2026-se-cambia-en-las-familias-no-en-los-productos/,ok
11c95ce4-c09b-ed11-aad1-000d3aaab651,PCB creation,nan,https://www.pcb-creation.com/nos-collections,,0,,error_home
fbc85ce4-c09b-ed11-aad1-000d3aaab651,Ruitenberg Basiqs,"especias, aromas y colorantes",https://ruitenberg-basiqs.com,,0,https://ruitenberg-basiqs.com,ok_sin_productos
19c85ce4-c09b-ed11-aad1-000d3aaab651,Novozymes,nutraceuticos,https://www.novonesis.com,"Novonesis to build next generation enzyme production facility in India | There’s a biosolution for (almost) everything. | Biosolutions from A to Z | The Value of Biosolutions | The Biosolutions Bulletin book | The economic growth story of our time | Novonesis acquires dsm-firmenich’sanimal feed enzyme business | New landmark scientific review on the BB-12™ probiotic strain published | We’re here to better our world with biology | Feeding more people while respecting our planet | All you need to know about biosolutions, delivered monthly | To view this form, update your cookie preferences | Transformative biosolutions for your business and the world | Find biosolutions for your industry | Animal | Baking | Beverages | Biodiesel | Biogas | Biomass | Carbon capture | Dairy | Dietary supplements | Dishwashing | Distilling | Early life nutrition | Ethanol | Fine chemicals | Functional foods | Home cleaning | Industrial & Institutional cleaning | Laundry | Leather | Meat | Medical cleaning | Oils & fats | Other foods | Pet care | Plant | Plant-based foods | Precision proteins | Pulp & paper | Renewable diesel | Starch | Sugar | Sustainable plastics | Textile | Water | There’s a biosolution for(almost) everything | Three new ways to explore The Biosolutions Bulletin | Podcast: Explore the future | Cozy up by the fire | Next issue: September 2026 | ""Why biology, regulation & public perception"" | Rethinking Industrial Production in the Age of Biology | Biology, Regulation, and the Pace of Progress | Creating the right conditions for biosolutions to take root | Previous Issues of The Biosolutions Bulletin | How can we createa healthier, more prosperous future? | Biosolutions opennew opportunitiesfor a new world",60,https://www.novonesis.com | https://www.novonesis.com/en/biosolutions | https://www.novonesis.com/en/biosolutions-bulletin | https://www.novonesis.com/en/era-of-biosolutions/change,ok
0dc95ce4-c09b-ed11-aad1-000d3aaab651,ANKUSH ENTERPRISE,nan,http://ankush-enterprises.com,,0,http://ankush-enterprises.com,ok_sin_productos
e7f9791b-8cb1-ef11-b8e9-000d3aaab59f,Fermentalg,golosinas,https://www.fermentalg.com,ΩRIGINS™ | Our functional lipids | Galdieria Blue™ | Our novel antioxidant | Kalveā® | Our algal proteins | Discover ΩRIGINS™ | Discover Galdieria Blue™ | Discover Kalveā® | A wide range of galenic forms tomeet formulation and product needs | Refined oils | Powders | Emulsions | Softgels | Discover Our Services | Galdieria Blue™ Color(Everzure™) | Galdieria Blue™AOX | powder form | Capsules | Ready to drink powders | Gummies | Let’s talk about your project,22,https://www.fermentalg.com | https://www.fermentalg.com/our-biosolutions/our-biosolutions | https://www.fermentalg.com/our-biosolutions/origins | https://www.fermentalg.com/our-biosolutions/galdieria-blue,ok
5e144747-7b62-ec11-8f8f-6045bd8a321b,Chemical Plus SAL,agroquimico,https://www.qwenka-chemicalplus.com,"Trustworthy | Efficiency | Excellence | FOOD | PHARMA | personal care | HOME CARE | PAINT INDUSTRIAL | paint decorative | paper, corrugates & adhesives | plastic | printing | candles | construction | WATER TREATMENT",15,https://www.qwenka-chemicalplus.com,ok
72268c1d-18ab-ef11-b8e9-000d3aaab59f,Unichimie,bolleria,https://unichimie.com,Un partenaire de confiance pour vos solutions d’approvisionnement. | Des solutions sur-mesure pour vos besoins en additifs alimentaires. | Une offre complète pour l'industrie pharmaceutique. | Qui sommes-nous? | Secteurs d’activité | Pourquoi nous choisir? | Amélioration grâce aux audits | Certifié par l'ONSSA | Conformité aux normes mondiales | Engagement indéfectible envers la sécurité,10,https://unichimie.com,ok
1fc95ce4-c09b-ed11-aad1-000d3aaab651,Gliselab S.L.U,nutraceuticos,https://www.gliselab.com,,0,https://www.gliselab.com,ok_sin_productos
7cc49a9f-3f7e-ee11-8179-000d3aaab965,ARGO SWEETS,golosinas,https://www.bitio.es,,0,,error_home
03c95ce4-c09b-ed11-aad1-000d3aaab651,Solico group,carnico,https://www.solico-group.com,کاله گوشتی تهران (کاپو) | کیترینگ ایرانیان (غذای آماده) | کاسل نوش | مکمل های ورزشی و شیرخشک | کاله لبنی تهران | بهاران گل (شکلات و قنادی) | پوشش نوید تهران | پمینا اصفهان (غذای منجمد) | کوچین دابو دشت | کاله لبنی (آمل) | آریس (بستنی - آمل) | کوچین تشبندان (سس) | شتابان شمال | پمینا آمل (غذای آماده) | فرآورده های گوشتی هزار سنگ | گوشتی امام زاده عبداله (فیله) | کشتارگاه صنعتی (آمل) | کاپو آمل (پیتزا) | سوتک (مهندسی) | کاچ آمل | راتا شمال (صنایع بازیافت) | سوته مازندران | سبزیجات منجمد بندر گز | کاله کربلا | سوفود دبی,25,https://www.solico-group.com,ok
8711ee92-b5fe-43a3-818c-8095f0a466c7,Farmalider,medicamentos,https://farmalider.com,"Enlightening Health | We cover the whole B2B value chain, from ideation to commercialization | Products | Farmalider MFG Plant Madrid | Farmalider MFG Plant Valencia | Mild to moderate pain, antipyretics | Moderate to severe pain, antipyretics | Anxiolytics | Anti-epileptics | Antidepressants | Parkinson's disease | Alzheimer | Dental Anesthetics (Professional use) | Platelet aggregation inhibitors | Anticoagulants (direct oral anticoagulants - doacs) | Hypertension, angina and certain heart rhythm disorders | Ulcerative colitis and Crohn's disease | Gastroesophageal reflux disease (GERD), gastric ulcers | Cough relief for non-productive (dry) cough | Antibiotics | Hypertension, angina and certain heart disorders | Antiflatulents - treatment of flatulence and gas accumulation | Treat or prevent nutrient deficiencies | Antipyretic, pain, decongestant & anti-inflammatory | Antipyretic, pain, decongestant & cough | Cough relief | Antifungal | Mild-to-moderate pain, antipyretics, anti-inflammatory | Analgesic & anti-inflammatory | Ocular allergies | Glaucoma & ocular hypertension | Erectile dysfunction | Sleep disorders | Vitamins & minerals | Dermocosmetic general | Pregnant | Intimate care | Fertility | Menopause | Dermocosmetic mom | Skin trauma | Respiratory | Dermocosmetic baby | Probiotics & synbiotics - Digestive system | Synbiotics - Digestive system and immune",45,https://farmalider.com | https://farmalider.com/products/med/ | https://farmalider.com/products/otc/ | https://farmalider.com/products/health/,ok
d4eae819-8439-4a40-bc8a-5d597d0a8211,TORR FOODTECH,nan,https://www.torrfoods.com,,0,,error_home
4c1cf27d-24ed-ef11-9341-00224880d526,Jake,nan,https://www.jakefood.com,,0,,error_home
6bc95ce4-c09b-ed11-aad1-000d3aaab651,BFTI,galleteros,https://www.dermisis.gr,Traditional cookies & biscuits! | Traditional cookies & bisquits! | Retail Products | Products in Bulk | Meet the history of our company | Production & marketing of excellent cookies & biscuits! | Production & marketing of excellent cookies & bisquits! | Cannabis Biscuits With Cinnamon & Raisins | Soft Brownies with Carrot Pieces | Soft Brownies with Swiss Chocolate | Crunchy Oat Biscuits Sugar Free | Crunchy Oat Biscuits with Coconut | Crunchy Οat Βiscuits with Cocoa & Dark Chocolate 1€ | Crunchy Οat Βiscuits with Dark Chocolate | Crunchy Oat Biscuits with Cinnamon & Brown Sugar | Crunchy Oat Biscuits with Honey 1€ | Crunchy Oat Biscuits with Honey | Crunchy Oat Biscuits with Cranberry & White Chocolate 1€ | Crunchy Oat Biscuits with Cranberry & White Chocolate | Soft Oat Biscuit Sugar Free | Soft Oat Biscuits with Tahini & Dark Chocolate | Soft Oat Biscuits with Carob & Dark Chocolate | Soft Oat Biscuits with Orange & Dark Chocolate | Soft Oat Biscuits with Banoffee & Dark Chocolate | Cookies Sugar Free | Cookies with Dark Chocolate | Cookies with Cocoa & Dark Chocolate | Cookies Promobox | Digestive Sugar Free | Digestive Biscuits with Wholemeal Flour | Digestive Biscuits with Fruits | Biscuits of Must with Raisins | Butter Biscuits | Vanilla Biscuits | Orange Biscuits | Orange Biscuits Sugar Free | Must Biscuits | Petit Beurre Biscuits | Lena Biscuits | Digestive | Classic Biscuits,41,https://www.dermisis.gr | https://www.dermisis.gr/retail-products/ | https://www.dermisis.gr/portfolio-types/digestive/ | https://www.dermisis.gr/portfolio-types/classic-biscuits/,ok
57bea86b-b7a8-ef11-b8e9-000d3aaab1fa,Menz & Gasser,chocolate,https://www.menzgasser.com,,0,,error_home
dff9791b-8cb1-ef11-b8e9-000d3aaab59f,TopGum Industries LTD,"especias, aromas y colorantes",https://www.topgum.com,"Dental Implants | Bite Adjustment | Gum Grafting | Crown Lengthening | Rancho Bernardo CA, San Diego CA, & San Diego County CA | Leave a Review! | Read Our Patient Reviews! | Periodontist & Dental Implantologist, Dr. Rubinoff | The Importance of Healthy Gums | Want your smile to be radiant again? We can help. | What Is A Periodontist? | Periodontics Presentation | Craig H. Rubinoff, DDS, MS | Our Latest Patient Testimonial | THE DENTAL OFFICE OF: | Office Hours | Periodontics Treatments | Proudly Serving:",18,https://www.topgum.com,ok
f1f9791b-8cb1-ef11-b8e9-000d3aaab59f,Flower & White Ltd,nan,https://www.flowerandwhite.co.uk,"Try Me Taster Pack (Worth £25.00) £25.00 £16.25 / Save 35% 4.69 | Try Me Taster Pack (Worth £25.00) | Start with our Bestselling Taster Pack | Shop | Meringue Bars | Bundles | Vegan | Meringue Bites | Gifts | Try Me Taster Pack - Save 35% | Bestsellers Pack | Flavour of the Month | Browse All | Your under 100 calorie indulgence | Shop Under 100 Cal Bars | Customers rate us 4.8/5 based on 6332 reviews. | Five bestselling flavours. One delicious place to start. | Taste Promise No Quibble Refunds | Meet the founders of Flower & White | We really did start in a shed in Shropshire, making giant Swiss meringues. | Shop our favourites | Loved by Customers | Why Flower & White? | AWARD WINNING | Latest Blog Posts | View all posts | The Ultimate Cosy Night-In Snack 🍿🍫 | Read more | You asked… we listened. Mint Chocolate is BACK! 💚 | What Makes Our Meringue Bars So Delicious? | 25% off when you become a Flower & White BFF! | FAQs | Delivery | Taste Promise | Blog | About Us | Privacy Policy | Cookie Policy | Terms & Conditions | Returns & Refund Policy | Let customers speak for us | 6332 reviews | Write a review | 3993 | Flavour of the Month - Mint Chocolate Meringue Bar | Meringue Bar Taster Pack (From 15 Bars) | Subscription - Flavour of the Month (20 Bars) | Caramel Gold Meringue Bar | Birthday Cake Meringue Bar | Raspberry Crumble Meringue Bar | Salted Caramel Meringue Bar | Lemon Meringue Bar | Chocolate Crunch Meringue Bar | Mixed Vegan Meringue Bar Bundle (From 15 Bars) | Orange Chocolate Vegan Meringue Bar | Chocolate Dipped Strawberry Vegan Meringue Bar | Double M*lk Chocolate Vegan Meringue Bar | Mint Chocolate Vegan Meringue Bites | Raspberry Crumble Meringue Bites | Meringue Mess Bag",60,https://www.flowerandwhite.co.uk | https://www.flowerandwhite.co.uk/collections/shop-all | https://www.flowerandwhite.co.uk/products/try-me-taster-pack | https://www.flowerandwhite.co.uk/products/ultimate-bars-starter-pack-bundle,ok
691cf27d-24ed-ef11-9341-00224880d526,Intervan (Pictolin),agroquimico,https://www.pictolin.com,,0,,error_home
dfd939bf-aa9c-4835-9409-c20b9a8a5157,Dohler,conservas vegetales,https://www.doehler.com/es,"Obtenga datos reveladores para su próxima innovación en el área de alimentos y bebidas | Nueva generación de productos cremosos de base vegetal | Ingredientes naturales, sistemas de ingredientes y soluciones integrales | D|PLUS | Webinar on demand | Ofertas de empleo | Noticias D|PLUS | Inicio | Mercados | Industria alimentaria | Lácteos | Saque partido de nuestra amplia experiencia. | Las razones que hacen de Döhler la alternativa inteligente para la industria de productos lácteos: | Descubra el gran valor agregado que ofrece Döhler: refrescar el mercado. | Amplio, transversal e integrado: Descubra el portafolio de Döhler para la industria de productos lácteos. | Panadería y repostería | Entusiasme a sus consumidores con ingredientes naturales e ideas recién salidas del horno. | Las razones que hacen de Döhler la alternativa inteligente para la industria de productos de panificación y de pasteles: | Saque partido del valor agregado de Döhler y haga crecer su negocio. | Productos culinarios | Impulse su próximo lanzamiento en el segmento gastronómico. | Por qué Döhler es la mejor opción para el sector gastronómico: | Aplique el valor añadido de Döhler a su próxima creación gastronómica. | Completa, interdisciplinaria e integrada: descubra la gama de productos de Döhler para el sector gastronómico.",24,https://www.doehler.com/es | https://www.doehler.com/es/mercados/industria-alimentaria/industria-de-productos-lacteos.html | https://www.doehler.com/es/mercados/industria-alimentaria/industria-de-productos-de-panificacion-y-de-pasteles.html | https://www.doehler.com/es/mercados/industria-alimentaria/productos-culinarios.html,ok
2dc85ce4-c09b-ed11-aad1-000d3aaab651,Fazer Finland Oy,chocolate,https://www.fazer.fi,,0,https://www.fazer.fi,ok_sin_productos
8fc7e62b-a411-4c09-8925-25a5c475ebd9,"DESTILLERIES MARESME BRANDS, S.L.",licores,https://dmbrands.es,My cart 0.00€ | Whiskys | Ginebras | Vodkas | Ron | Tequilas | Orujos | Licores | Licores de frutas | Mixers Sin | Licores sin,11,https://dmbrands.es | https://dmbrands.es/productos/ | https://dmbrands.es/desarrollo-de-producto/,ok
aec95ce4-c09b-ed11-aad1-000d3aaab651,Compañía Nacional de Chocolates,chocolate,https://chocolates.com.co,Actualidad | Nuestras marcas,2,https://chocolates.com.co | https://chocolates.com.co/linea-etica/,ok
31c95ce4-c09b-ed11-aad1-000d3aaab651,VitoBest,nutraceuticos,https://www.vitobest.com,"GFS Aminos (Polvo) | ArtiFlex | Super Omega 3 (AnchOmega®) | Magnesium Bisglycinate (ChelaPure®) | Harina de Avena (Bolsa) | TestoBest | GH Support | Hellcore | Isolate CFM Zero | Vitomin | Creatine Monohydrate | NoPain | Tortitas de Avena | Creatine Gummies | Pure Organic Noni Juice | Nattokinase | Creatine Premium (Cr-ystalPure®) | Choco Caramel Crunch | Coconut Caramel Crunch | Milk Protein Isolate 80 | Milk Protein Isolate 90 | Café de Colombia Ciudad Perdida (Grano) | Café de Colombia Ciudad Perdida (Cápsulas) | Pure Crunch Peanut Butter | Black Cookie Bar | Melatonin | Curcumin (RHIZOmin 95®) | Thyroid Support | Maca Andina (Macafull®) | L-Taurine 1000 (Polvo) | L-Carnitine 3000 Powder | L-Carnitine 3000 (AminoPure®) (Viales) | Claras de Huevo | Proteína de Huevo | Inicio | TendoFlex Forte | FlexBone Forte | ArtiFlex Forte | Shark Cartilage | Glucosamine Sulfate | Chondroitin Sulfate | Glucosamine, Chondroitin & MSM | Hyaluronic Acid | AyuFlex | Curcumin (BCM-95®) | MSM | Pain Gel | Salud y Bienestar | Articulaciones | Camiseta tul Kaira (PK) | Camiseta con forro Kaira (PK) | Top supplex Kaira (PK) | Top realzante Kaira (PK) | Top liso Kaira (PK) | Top espalda tul Kaira (PK) | Mallas cortas tul Kaira (PK) | Mallas cortas Kaira (PK) | Mallas básicas Kaira (PK) | Accesorios | Línea Kaira",60,https://www.vitobest.com | https://www.vitobest.com/es/127-productos-articulaciones-Vitobest | https://www.vitobest.com/es/129-linea-kaira-vitobest | https://www.vitobest.com/es/salud-y-bienestar/productos-articulaciones-Vitobest/1213-6045-curcumin-rhizomin-95.html#/97-tamano-60_vegecaps,ok
7ac95ce4-c09b-ed11-aad1-000d3aaab651,SHREE YAMUNA ENTERPRISE,nan,https://www.shreeyamunaenterprise.com,Liquid Acetonitrile Chemical | Dimethyl Sulfoxide DMSO | 200 Ltr Dimethylformamide Chemical | 200 Ltr Liquid Tetrahydrofuran Chemical | Most Popular Products | See more | Isopropyl Alcohol Ipa | View More | Mix Xylene Chemical | Liquid Benzene | Ethyl Acetate | liquid Chemical | Liquid Acetone Chemical | Industrial Solvent | Methylene Dichloride | Sodium Acetate | Phosphate Chemical | Dimethyl Terephthalate Chemical | Dimethylformamide Chemical | Dimethyl Sulfoxide Chemical | Ethyl Acetate Chemical | Xylene Chemical | Acetonitrile Chemical | Toluene Chemical | Benzene Chemical | Ink Reducer | Industrial Chemical | Organic Solvent,28,https://www.shreeyamunaenterprise.com,ok
60144747-7b62-ec11-8f8f-6045bd8a321b,Opply,nan,https://www.opply.com,"Opply manages every part of your operations | 8hrs | 98% | 90day | One point of contact for all your suppliers | 98% On-Time, In-Full delivery. Opply is accountable for every one. | Every supplier, one invoice, 90 days to pay | Your supplier network, without the admin | Automated by AI. Overseen by F&B specialists. | What founders and ops leads say | 6-10x | 1 day | In their words | Most solutions solve one part of the problem | Whether you make the product or manufacture it | See what Opply could save your brand | How much are operations costing you? | © 2025 Opply | Welcome to Opply!",19,https://www.opply.com,ok
9c268c1d-18ab-ef11-b8e9-000d3aaab59f,Pragmafood,nan,https://www.pragmafood.it/en,,0,https://www.pragmafood.it/en,ok_sin_productos
19c95ce4-c09b-ed11-aad1-000d3aaab651,Dines duo d.o.o.,refrescos,https://www.dinesduo.com,,0,,error_home
62268c1d-18ab-ef11-b8e9-000d3aaab59f,Aromaplant,nutraceuticos,https://aromaplant.de,About us | Manufacturing process | Product | Contact | Contact us | Imprint | Natural Ingredients | Botanical Extracts | Licorice Extract | Licorice Extracts | Essential Oils | FTNF/S FLAVOURINGS | Fruit Concentrates & Powders,13,https://aromaplant.de | https://aromaplant.de/products#natural | https://aromaplant.de/products#herbal | https://aromaplant.de/products#liquorice,ok
461cf27d-24ed-ef11-9341-00224880d526,Bisuiterie Maison Bruyere (Heritage),galleteros,https://www.elementa-ingredients.com,"Come meet Elementa at the VITAFOODS 2024 Exhibition! | Our range of nutri-functional ingredients is growing | Elementa: Events calendar 2024 | THANK YOU FOR VISITING AT VITAFOODS 2022 | Vitafoods 2022 : New ingredients on the menu, let’s make an appointment! | 2022: Elementa will be at 5 trade shows | Dietary supplements | Food and Nutrition | DIETETIC & VEGAN PRODUCTS | Infant formulas | Sports and vegan nutrition | 1. Rice proteins | 2. Pea proteins | 3. Pumpkin proteins | 4. Fava bean proteins | 5. Red lentil proteins | 6. Chickpea proteins | 1. Advantageous nutritional properties | 2. Organic plant proteins : Health benefits | 1. Plant-based protein isolates | 2. Plant-based protein concentrates | Hydrolyzed marine collagen rich in bioactive tripeptides for skin beauty | 1. Skin aging and collagen degradation | 2. Tripeptides: a specific form of collagen peptides | 1. Clinical study at 1 g/day by Kim D.-U. et al. (2018): | 2. Preclinical study by Pyun H.-B. et al. (2012): | General Information: | 1. Pending Health Claims (""On Hold"") | 2. Usable Beauty Claims for Collagen | Joint health | Native type II collagen: the essential component of cartilage | Joint cartilage: role, properties and degradation | Immune system and cartilage degradation | Mechanism of action: oral tolerance | 1. Pre-clinical in vivo study (Mannelli et al., 2015) | 2. Retrospective clinical study (Scarpellini et al., 2008) | 3. Randomised single-blind clinical study (Bakilan et al., 2016)",37,https://www.elementa-ingredients.com | https://www.elementa-ingredients.com/en/ingredient/elementa-plant-proteins | https://www.elementa-ingredients.com/en/ingredient/peptiderm15 | https://www.elementa-ingredients.com/en/ingredient/collavant-n2-an-exclusive-native-type-ii-collagen-ingredient,ok
5d262a1e-13e3-46ed-8e47-2f5fcbb617fc,Grupo IAN,conservas vegetales,https://www.grupoian.com/es,,0,https://www.grupoian.com/es,ok_sin_productos
a7967f84-a2fd-ef11-bae4-7c1e52270551,Derworld (Derquimica),nutraceuticos,https://www.lagranjafoods.com,"Mini magdalenas bombón sin gluten y sin lactosa | Mini magdalenas choco chips sin gluten y sin lactosa | Mini magdalenas originales sin gluten y sin lactosa | Bizcocho tradicional mármol sin gluten y sin lactosa 350 gr. | Bizcocho de cacao con chips de chocolate sin gluten y sin lactosa 350 gr. | Bizcocho tradicional carrot cake sin gluten y sin lactosa 350 gr. | Vegan snacks chocolate | Bizcocho de tiramisú sin gluten y sin lactosa Novell 350 gr. | Mini magdalenas de café Novell sin gluten y sin lactosa | Bizcocho de tiramisú sin gluten y sin lactosa Novell 230 gr. | Magdalenas originales sin gluten y sin lactosa | Magdalenas Brownie sin gluten y sin lactosa | Magdalenas fibra sin azúcares con edulcorante maltitol, sin gluten y sin lactosa | Bizcocho original sin gluten y sin lactosa 230 gr. | Bizcocho original sin gluten y sin lactosa 350 gr. | Bizcocho tradicional sin azúcares con edulcorante maltitol, sin gluten y sin lactosa 230 gr. | Bizcocho tradicional sin azúcares con edulcorante maltitol, sin gluten y sin lactosa 350 gr. | Bizcocho de cacao con chips de chocolate sin gluten y sin lactosa 230 gr. | Bizcocho tradicional carrot cake sin gluten y sin lactosa 230 gr. | Bizcocho tradicional mármol sin gluten y sin lactosa 230 gr. | Bizcocho especial calabaza y yuzu sin gluten y sin lactosa 230 gr. | Magdalenas gigantes originales | Magdalenas gigantes originales con chips de chocolate | Magdalenas tradicionales originales | Mini magdalenas originales | Mini magdalenas choco chips | Mini magdalenas bombón | Mini magdalenas duo yogur y choco chips | Mini magdalenas duo bombón y choco chips | Mini magdalenas bombón estilo Dubái | Mini magdalena con pistacho estilo Dubái | Mini magdalenas con plátano y choco chips | Mini magdalenas crunch de turrón duro Torrons Vicens | Magdalena Magnum de turron d’Agramunt de avellana Torrons Vicens | Bizcocho de turrón duro Torrons Vicens | Mini-magdalenas yogur La Fageda | Bizcocho tradicional yogur La Fageda | Bizcocho Tradicional Yogur La Fageda con Chips de Chocolate | Bizcocho con Té Matcha de Tea Shop | Bizcocho con Té Chai Latte de Tea Shop | Magdalenas Miel con Própolis de Mels Alemany 1879 | Vegan snacks lenteja | Vegan snacks lenteja, 3 quinoas y lino | Vegan snacks lenteja, chía y sésamo | Vegan snacks lenteja, algas y lino | Palitos de pan ecológicos espelta con aceite de oliva | Palitos de pan ecológicos pipas con aceite de oliva | Galletas ecológicas avena y lino | Magdalenas ecológicas gigantes espelta | Magdalenas ecológicas originales | Magdalenas ecológicas espelta | Bizcocho ecológico zanahoria",52,https://www.lagranjafoods.com | https://www.lagranjafoods.com/es/productos/sin-gluten/ | https://www.lagranjafoods.com/es/productos/tradicional/ | https://www.lagranjafoods.com/es/productos/bio/,ok
07c85ce4-c09b-ed11-aad1-000d3aaab651,Novozymes,nutraceuticos,https://www.novonesis.com,"Novonesis to build next generation enzyme production facility in India | There’s a biosolution for (almost) everything. | Biosolutions from A to Z | The Value of Biosolutions | The Biosolutions Bulletin book | The economic growth story of our time | Novonesis acquires dsm-firmenich’sanimal feed enzyme business | New landmark scientific review on the BB-12™ probiotic strain published | We’re here to better our world with biology | Feeding more people while respecting our planet | All you need to know about biosolutions, delivered monthly | To view this form, update your cookie preferences | Transformative biosolutions for your business and the world | Find biosolutions for your industry | Animal | Baking | Beverages | Biodiesel | Biogas | Biomass | Carbon capture | Dairy | Dietary supplements | Dishwashing | Distilling | Early life nutrition | Ethanol | Fine chemicals | Functional foods | Home cleaning | Industrial & Institutional cleaning | Laundry | Leather | Meat | Medical cleaning | Oils & fats | Other foods | Pet care | Plant | Plant-based foods | Precision proteins | Pulp & paper | Renewable diesel | Starch | Sugar | Sustainable plastics | Textile | Water | There’s a biosolution for(almost) everything | Three new ways to explore The Biosolutions Bulletin | Podcast: Explore the future | Cozy up by the fire | Next issue: September 2026 | ""Why biology, regulation & public perception"" | Rethinking Industrial Production in the Age of Biology | Biology, Regulation, and the Pace of Progress | Creating the right conditions for biosolutions to take root | Previous Issues of The Biosolutions Bulletin | How can we createa healthier, more prosperous future? | Biosolutions opennew opportunitiesfor a new world",60,https://www.novonesis.com | https://www.novonesis.com/en/biosolutions | https://www.novonesis.com/en/biosolutions-bulletin | https://www.novonesis.com/en/era-of-biosolutions/change,ok
0b439024-c105-410b-9e7a-1314c98a6ea3,Grupo Crono,nutraceuticos,https://www.grupocrono.com,,0,,error_home
0fc95ce4-c09b-ed11-aad1-000d3aaab651,Go-Tan,salsas y aderezos,https://www.go-tan.com/nl,Ons Verhaal | Producten | Recepten | Professionals | Follow us! | Koken&Recepten | Chilisauzen toon 7 producten | Chilisauzen | Woksauzen toon 7 producten | Woksauzen | Smaakmakers toon 9 producten | Smaakmakers | Kokos toon 6 producten | Kokos | Noodles toon 7 producten | Noodles | Snacks toon 5 producten | Snacks | Bijgerechten toon 3 producten | Bijgerechten | info@go-tan.nl | +31 488 - 487100 | Disclaimer | Privacy & cookies,24,https://www.go-tan.com/nl | https://www.go-tan.com/nl/producten/,ok
6dc95ce4-c09b-ed11-aad1-000d3aaab651,AGRO MELANGES TECHNOLOGIES  AMT,cereales,https://rose-blanche.com/nos-filieres/cereales-et-derives/amt,Suivez-nous sur les médias sociaux,1,https://rose-blanche.com/nos-filieres/cereales-et-derives/amt,ok
3e144747-7b62-ec11-8f8f-6045bd8a321b,IDS Borjomi International,barritas y bebidas deportivas,https://www.borjomi.com,<p><strong>HISTORY</strong></p> | <p><strong>REJUVENATING</strong></p> <p>FEATURES</p> | <p><strong>Revived Museum</strong></p> | CSR,4,https://www.borjomi.com,ok
13c95ce4-c09b-ed11-aad1-000d3aaab651,INGRENOR,nutraceuticos,https://ingrenor.pt/en/products-food-industry-aromas-dyes-fat-acids/food-industry-spices-herbs-marinades-phosphates-confectionary-ingredients,,0,,error_home
bbc85ce4-c09b-ed11-aad1-000d3aaab651,"KALLAS INCORPORATION, S.A.",carnico,https://kallas.com.cy,ΠΡΟΪΌΝΤΑ | ΟΛΑ ΤΑ ΠΡΟΪΟΝΤΑ | Α 'Υλες | Αλλαντικά | Βούτυρα | Γαλακτοκομικά | Γκουρμέ Τρόφιμα | Ελιές | Ζυμαρικά | Ζωμός και Μπαχαρικά | Τρόφιμα σε Κονσέρβα | Κρέμες Γάλακτος | ΚΤΨ Αλιέυματα | ΚΤΨ Κρέατα & Πουλερικά | ΚΤΨ Λαχανικά | ΚΤΨ Πατάτες | ΚΤΨ Προϊόντα Αρτοποιίας & Ζαχαροπλαστικής | ΚΤΨ Προμαγειρεμένο Φαγητό | ΚΤΨ Φρούτα | Λάδια & Ξύδια | Μέλι & Μαρμελάδες | Μεξικάνικα | Ρύζι | Σάλτσες & Καρυκεύματα | Σνακ | Τοματικά | Τρόφιμα Φυτικής Προέλευσης | Τυριά | Φυτικά Ροφήματα,29,https://kallas.com.cy,ok
59c95ce4-c09b-ed11-aad1-000d3aaab651,wona corporation,zumos y nectares,https://www.wonacorp.com,"팝업레이어 알림 | WONA ONLY DEALS WITH | Good Products, Good Ingredients. | 원료/제품 | 오메가-3 | 천연물 R&D | Material Culture | NEWS | 개인정보처리방침 | 이용약관 | 이메일무단수집거부",11,https://www.wonacorp.com,ok
4e1cf27d-24ed-ef11-9341-00224880d526,Interdoces,nan,https://www.interdoces.pt,"Home | Catálogo | Produtos | Com os Marshmallows, fica completa a “família” | Jelly Beans, a alegria das cores e dos sabores… | Contactos | MORADA | TELEFONE | EMAIL | MAPA DE LOCALIZAÇÃO",10,https://www.interdoces.pt,ok
6a268c1d-18ab-ef11-b8e9-000d3aaab59f,FGF Trapani,zumos y nectares,https://fgftrapani.com/es,"Dedicados a la producción de cítricos y derivados desde 1937. | Conocé algunos de nuestros productos | Jugo Concentrado: Turbio y clarificado | Aceite esencial, Cold Press y Destilado | Cascara Deshidratada | Fibra Cítrica | Aceite de semilla | Bioflavonoides | Somos uno de los principales proveedores de cítricos del hemisferio sur, desde Argentina y Perú. | En FGF Trapani, calidad y sustentabilidad van de la mano | Nuestra historia | Misión | Visión | Valores | Certificaciones | Completá el formulario para solicitar más información. | Origen: Argentina y Perú | Productos | Calendario de Cosecha | Calibres y confecciones | Empaque y Confecciones | Parámetros de calidad | Especificaciones | Normas de Calidad Argentina | Normas de Calidad Perú | ¿Querés conocer más sobre nuestros productos? | Origen: Perú",27,https://fgftrapani.com/es | https://fgftrapani.com/es/productos-fruta-fresca-limon | https://fgftrapani.com/es/productos-fruta-fresca-limas | https://fgftrapani.com/es/productos-fruta-fresca-pomelos,ok
0bc95ce4-c09b-ed11-aad1-000d3aaab651,Inhalation health Pvt Ltd,nutraceuticos,https://inhalationhealth.com,Industry Segments - Products with Purpose | Diosmin | Marine Collagen Peptide | Liposomal Vitamins | Krill Oil | About Us | Global Partners | Contact Info | Useful Links | Product list | Enquiry Form,11,https://inhalationhealth.com | https://inhalationhealth.com/Products.html,ok
e63e1274-0c06-ef11-9f89-6045bd92bc7a,World Of Sweets,suplementos deportivos,https://www.worldofsweets.de,,0,,error_home
fff9791b-8cb1-ef11-b8e9-000d3aaab59f,EPIC CHEMICALS,nutraceuticos,https://www.noble-chocolates.com,Passie voor een unieke smaak | Chocolade | Kaaskoekjes | FOODEX JAPAN 2026 | ISM 2026 | ANUGA KEULEN 2025,6,https://www.noble-chocolates.com,ok
cb362ab7-5dcb-43c9-871b-a417b08a6a88,Emilio Esteban,suplementos deportivos,https://emilioesteban.com,A company. A challenge. | Compromiso con la calidad | Commited to quality | Conoce mejor nuestros productosKnow better our products | Newsletter | Nuestro catálogo de productosOur product catalog | Descarga aquí nuestro catálogo de productos | Download here our product catalog,8,https://emilioesteban.com | https://emilioesteban.com/productos | https://emilioesteban.com/productos-1,ok
a53e1274-0c06-ef11-9f89-6045bd92bc7a,KAUNO GRUDAI,golosinas,https://www.kaunogrudai.lt,,0,https://www.kaunogrudai.lt,ok_sin_productos
1bc95ce4-c09b-ed11-aad1-000d3aaab651,Cloetta,pasteleria,https://www.cloetta.com,Sustainability | Career at Cloetta | Ask Cloetta | For investors | Governance | Media | Interim Report Q2 2026 | Joy Report 2025 | Press releases | Cloetta’s Nomination Committee for the AGM 2027 | Cloetta brings iconic Ahlgrens bilar to U.S. retail through Target | Cloetta’s Red Band and Malaco launches new multisensory product range – Sprinkled Foamies | Our Superbrands | The winning confectionery company | PlantPack | Sprinkled Foamies | Contact Cloetta | The company | Cloetta in social media | Contact us,20,https://www.cloetta.com | https://www.cloetta.com/en/media/image-library/products/ | https://www.cloetta.com/en/media/image-library/production-facilities/ | https://www.cloetta.com/en/media/image-library/production-facilities/dublin-ireland/,ok
22144747-7b62-ec11-8f8f-6045bd8a321b,Deimos Food / EverGrain Ingredients,nutraceuticos,https://deimossrl.it,"We’re building a new online experience to better showcase our products, solutions and expertise.",1,https://deimossrl.it,ok
33bea86b-b7a8-ef11-b8e9-000d3aaab1fa,The Skinny Food,cafe,https://www.theskinnyfoodco.com,"Free Shipping On Orders Over £50 | Country/region | Shop All | Big 9 Coffee Bundle: £29.99 | BUNDLE DEALS | Air Fryers | 4 Coffee Syrups £11.99 | Shop By Category | View All | Winter | Essentials Collection (Low Cost) | Chocaholic Range | Best Sellers | Items in stock | Coffee Shots | Syrups | Coffee Syrups | Sauces / Dressings | Spreads | Lower Carb Essentials | Pasta / Rice / Breads | Vegan Options | Breakfast / Lunches | Dinner | Ready Meals | Barista Syrup Savings! | £5 OFF | Starting from just £1.99! | save £5: | Hurry Limited Time Offer - Save More Today! | Claim & Save Now! | New In | All Syrups | All Sauces | High Protein | Low/Zero | Snacks | Low Carb | Keto | Special Buys | Shop now | New Arrivals | World Flavours | Crave & Control with Skinny+ | Save 15% by trying all 6 today! | Claim & Save Today! | Simple, Lower-Sugar Choices | Find Out More | New to the Barista Range | Meet the Ube Collection | Try All 4 and Save 30% Today | 5 Barista Syrups for Just £14.99 | Autumn Flavours | Usually £24.95 | Limited Offer | Check out our latest range of ""NEW IN"" goodies! | New Hot Products Just Dropped! | 2026 Saver Bundles! | Bundle Up & Save Big! | SHOP COLLECTION NOW! | Now Up to 65% Off - Limited Offer | Air Fryer's From £24.99 | Massive Savings",60,https://www.theskinnyfoodco.com | https://www.theskinnyfoodco.com/en-es/collections/bundle-collection | https://www.theskinnyfoodco.com/en-es/products/the-big-9-coffee-syrup-bundle | https://www.theskinnyfoodco.com/en-es/products/250ml-syrup-bundle,ok
6924b966-46c5-48b1-86d4-32ec14384bb1,Quimidroga,salsas y aderezos,https://www.quimidroga.com,"Industrias | Busca un producto | Servicios | L-Cisteína alimentaria: funcionalidad en masas, aromas y sabores | PBTC / PBTCA (CAS 37971-36-1): AQUACID 101EX para detergencia y aplicaciones industriales | Probióticos en salud intestinal: BiomeNrich™PRO G243 | Polímeros en tratamiento de agua: eficiencia y control | L-Citrulina: Rendimiento Deportivo y Recuperación Muscular | Normativa PFAS en agua potable: soluciones eficaces | Distribuidor de productos químicos desde 1944 | Presentes en todos los sectores | El distribuidor de productos químicos del Mediterráneo | Portugal Francia Italia Grecia Turquía Egipto Argelia Marruecos | El servicio: nuestra prioridad | El compromiso, nuestra esencia | Quimidroga: una familia | Certificaciones, evaluaciones, reconocimientos y adhesiones | Políticas | Sistemas de gestión | Sostenibilidad y RSC | Huella de carbono y Medio Ambiente | Gestión de envases y Economía circular | Soluciones sostenibles | Life science | Otros certificados | Aditivos para mortero | Diluyentes reactivos | Disolventes | Endurecedores | Etanolaminas | Intermedios | Materiales de refuerzo | Pigmentos | Resinas | Ácidos y correctores de acidez | Aditivos | Agentes quelantes | Antiincrustantes | Biocidas | Coagulantes | Floculantes | Medios filtrantes | Monómeros | Monopersulfato potásico | Osmosis inversa | Peróxido de hidrógeno | Productos para piscinas | Reductores | Reguladores de pH | Resinas de intercambio iónico | Sales | Tensioactivos | Otros | El nuevo servicio local de membranas de ósmosis inversa con stock y en crecimiento | Polímeros dispersantes y antiincrustantes como alternativa a los fosfonatos",55,https://www.quimidroga.com | https://www.quimidroga.com/distribuidor-productos-quimicos/ | https://www.quimidroga.com/productos-construccion/ | https://www.quimidroga.com/productos-quimicos-tratamiento-aguas/,ok
65c95ce4-c09b-ed11-aad1-000d3aaab651,Sunar Misir,nan,https://www.sunarmisir.com.tr/en,"Sunar Mısır Cares AboutEnvironment, Social Well-Being and Human Health | Your Global Partner for Ingredient Solutions | Sunar Mısır | Leading Sorbitol Maltitol Manufacturer of Türkiye | VISIT US AT TRADE SHOWS | Brand Portfolio | Login | Home | ÜRÜN FİLTRESİ | Products | Polyol | Sunsorb® Sorbitol | Maltitaste® Maltitol | Starch and Derivatives | Glucose-Fructose Syrup | Glucose Syrup | Sodium Gluconate | Application Areas | Food | Bakery Products and Biscuits | Baklava Sherbet and Dough Based Dessert | Beverages | Cake | Caramel | Cereal Bars | Dairy Dessert | Chewing Gum | Chewing Gum Coating | Chocolate | Custard Powder & Cream Filling | Dried Fruit | Fondant | Fruit Filling | Halvah | Hard Candies | Ice Cream | Instant Soup and Pudding | Jam and Marmalade | Jam Filling | Polyol 4 Products | Starch and Derivatives 8 Products | Glucose-Fructose Syrup 5 Products | Glucose Syrup 4 Products | Sodium Gluconate 1 Product | Sunsorb® Sorbitol 3 Products | Maltitaste® Maltitol 1 Product | SCG 40 Glucose Syrup | SCG 60 Glucose Syrup | SM 40 Maltose Syrup | SM 50 High Maltose Syrup | Quick View",51,https://www.sunarmisir.com.tr/en | https://www.sunarmisir.com.tr/en/urun-kategorisi/products/ | https://www.sunarmisir.com.tr/en/urun-kategorisi/products/polyol/ | https://www.sunarmisir.com.tr/en/urun-kategorisi/products/glucose-syrup/,ok
a2c95ce4-c09b-ed11-aad1-000d3aaab651,Kwangil,"especias, aromas y colorantes",https://www.kwangil.co.kr,,0,,error_home
ad967f84-a2fd-ef11-bae4-7c1e52270551,Solchem Nature SL,"especias, aromas y colorantes",https://www.solchem.es,Productos y servicios de calidad para los sectores: | Nuestros productos | Ingredientes por Ã¡rea de salud | Buscador de materias primas | Productos BIO | Sobre Solchem | Divisiones comerciales de Solchem Nature S.L. | Servicio integral | NutracÃ©uticos | Aromas / Sabores | Softgels | SuscrÃ­base a nuestro boletÃ­n de noticias | Certificaciones | Productos | Materias primas commodities | Materias primas Premiums | Semielaborados | Nutraceuticals by Solchem | Aromas / sabores naturales | Ofertas de trabajo,20,https://www.solchem.es | https://www.solchem.es/productos.html | https://www.solchem.es/ofertas-trabajo.html,ok
0875aff6-1274-43a8-89d6-f99179d746d4,FORNO BONOMI,galleteros,https://www.fornobonomi.com,mabaiedesomme.fr | Un mondo di dolcezza | biscotti per ogni occasione | Scopri la nostra linea bio,4,https://www.fornobonomi.com,ok
1cdcc842-1bb6-474c-8fa8-acae345c7cd2,Laboratorios Ynsadiet,"lacteos, yogures y postres lacteos",https://www.ynsadiet.com,Nutriox Program | Balance Sport Diet | Test de los alimentos | Celulitest | Nutriox/Dietasol | Ob3 drenante(250 ml) | Ob3 drenante(475 ml) | Ob8(20 filtros) | + INFO,9,https://www.ynsadiet.com | https://www.ynsadiet.com/marcas/linea-ob/,ok
60268c1d-18ab-ef11-b8e9-000d3aaab59f,CTCGroup Vietnam,zumos y nectares,https://ctc-group.com.vn/en/homepage,"We Offer Innovative & Science backed Products | News | Unlocking Beauty Through Fermentation Webinar “ | CTC Vietnam – The 14th Ho Chi Minh City Expanded Nutrition Conference | CTC Vietnam – Fi Vietnam 2026 | Base and Structuring Ingredients​ | GET STARTED! | Active Ingredients for Skin, Hair, and Oral Care | Extracts, Fragrances and Other Ingredients",9,https://ctc-group.com.vn/en/homepage | https://ctc-group.com.vn/en/base-and-structuring-ingredients/ | https://ctc-group.com.vn/en/active-ingredients-for-skin-hair-and-oral-care/ | https://ctc-group.com.vn/en/extracts-fragrance-other-ingredients/,ok
5c144747-7b62-ec11-8f8f-6045bd8a321b,Orchem,medicamentos,https://orchem.com/eng/main.php,"Products | LEARN MORE | 메인 콘텐츠 | Optimal Reaction through CHEMistry | A company that builds hope and a future from a single drop of water | A company that is loved, a company where employees are eager to come to work for | Company | Contact US | Privacy Policy | Refusal of Unauthorized Collection of e-mails",10,https://orchem.com/eng/main.php,ok
7fd7cfdd-b49d-ee11-be37-000d3aaab965,HiPP GmbH & Co. Vertrieb KG,miel,https://www.hipp.de,,0,,error_home
c08732ce-d8a1-ef11-8a6b-000d3aaab1fa,ZUMUB,barritas y bebidas deportivas,https://www.zumub.com/ES,Creatina 1 kg | Ahorra 68% | (2540) | Comprar | Omega 3 90 softgels | Ahorra 38% | (811) | Sardinas en Agua 12x 125 g | Ahorra 25% | Creatina (Creapure®) 500g | Ahorra 28% | (414) | Envío gratis | 100% Whey Concentrada 1kg | Ahorra 33% | (3835) | Creatina 500 g | Ahorra 70% | 100% Whey Concentrada 2kg | Creatina 1 kg - Saborizada | Ahorra 69% | Clara de Huevo Líquida 1 kg | Ahorra 15% | (318) | Multivitamina + Mineral 100 cápsulas | (1229) | Zumub Vitamina D-3 50 µg 120 softgels - Opportunity | Ahorra 54% | (543) | Zumub Vitamina D-3 50 µg 240 softgels (2x 120) - Opportunity | Ahorra 52% | Zumub EAA powder 250 g (2x 125 g) - Opportunity | Ahorra 17% | (58) | Scivation Xtend BCAAs 90 dosis - Opportunity | Ahorra 12% | (105) | Swanson Vitamina C con escaramujos 1000mg 90 cápsulas - Opportun | (17) | Cellucor C4 Ultimate 20 dosis - nueva fórmula - Opportunity | Ahorra 10% | (14) | Zumub Chips de Manzana 250g - Opportunity | (55) | Fharmonat Cáscara Sagrada 90 Cápsulas - Opportunity | (15) | Zumub Avellanas 500g - Opportunity | Ahorra 24% | (48) | Zumub Semillas de amapola 500g - Opportunity | (28) | Mochaccino Proteíco 30 g | (13) | Botella Térmica 570 ml Blanca | Sardinas en Agua 125 g | Jacket Zumub Azul Marino para Mujer | EST. 2010 Jacket en Negro para Mujer | Paquete Activewear Back to the Gym para Ella | Ahorra 40% | Pack Lino Essentials,60,https://www.zumub.com/ES | https://www.zumub.com/ES/otros-productos/ojos-y-vision | https://www.zumub.com/ES/otros-productos-sistema-respiratorio-c-90_229_187 | https://www.zumub.com/ES/otros-productos/sistema-urinario,ok
e4de3fcc-48c7-4540-93d2-884b6e6f7ed6,Cidacos,conservas vegetales,https://www.cidacos.com,"Tenemos tanto que mostrarte | Ver catálogo > | Grupo Cidacos | Año 1940. Autol, La Rioja, nace Conservas Cidacos, una empresa familiar. | Año 2012. Consolidación internacional | Año 2016. Progresión | Expansión | Conoce nuestras plantas | Innovación y Seguridad Alimentaria | TETRA RECART® | INNOVACIÓN | TRAZABILIDAD | CERTIFICACIONES Y OTROS | Alimentos BIO | Espárragos con vinagreta | Alimentación en verano | Recetas con un toque Cidacos | Sopa fría de espárragos | Paté de alcachofas y aguacate | Bacalao a la riojana (con pimientos) | Mejillones “Diablo” | Borraja con champiñones | Ensalada de alubias con boquerones | Ensalada de garbanzos | Croquetas caseras de lentejas | Comunicados | Cidacos renueva su compromiso con el deporte Paralímpico español | La Intermodalidad en Cidacos como centro de la sostenibilidad | Cidacos, presente en PLMA’24 | Conservas Cidacos convoca un premio de diseño con sus productos | “CONCURSO DE DISEÑO”",31,https://www.cidacos.com | https://www.cidacos.com/conservas-cidacos-convoca-un-premio-de-diseno-con-sus-productos-765/,ok
d8e9353d-33f0-ef11-9342-000d3aaab59f,La Compagnie des desserts,medicamentos,https://www.lacompagniedesdesserts.com,,0,,error_home
3cfa791b-8cb1-ef11-b8e9-000d3aaab59f,Opply,panaderia,https://www.opply.com,"Opply manages every part of your operations | 8hrs | 98% | 90day | One point of contact for all your suppliers | 98% On-Time, In-Full delivery. Opply is accountable for every one. | Every supplier, one invoice, 90 days to pay | Your supplier network, without the admin | Automated by AI. Overseen by F&B specialists. | What founders and ops leads say | 6-10x | 1 day | In their words | Most solutions solve one part of the problem | Whether you make the product or manufacture it | See what Opply could save your brand | How much are operations costing you? | © 2025 Opply | Welcome to Opply!",19,https://www.opply.com,ok
601cf27d-24ed-ef11-9341-00224880d526,Grupo Bimbo,refrescos,https://www.grupobimbo.com,Main navigation | Enlaces superiores | empresa de panificación líder y más grande del mundo y un jugador relevante en snacks | Grupo Bimbo es reconocida como una de las mejores empresas del mundo | Bimbo Global Race 2026 CDMX reunió a más de 27 mil personas | Footer | Enlaces inferiores | CONOCE MÁS DE BNUTRITION,8,https://www.grupobimbo.com | https://www.grupobimbo.com/es/sustentabilidad/para-ti/mejores-productos | https://www.grupobimbo.com/es/sustentabilidad/para-ti/dietas-mas-saludables-y-sostenibles/solo-los-mejores-ingredientes,ok
74268c1d-18ab-ef11-b8e9-000d3aaab59f,Rader,nan,https://www.rader.it,,0,,error_home
f9c85ce4-c09b-ed11-aad1-000d3aaab651,Puratos,nan,https://www.puratos.es/es,O-Tentic Durum | Crearte Baguette | Toupan Larga Fermentación Clean Label | O-tentic Durum Viaggio | Sapore Fígaro | Puravita Nordic Bread CL 50% | Puravita Seeds 100% | Toupan Doble Color Clean Label | Crearte Galego | Sapore Matrum | Toupan Melting Clean Label | O-Tentic Origin | Toupan Congelación Clean Label | Complemento enzimático Plus | Easy Rustic Atelier 50% Clean Label | Puravita Fibrasan | Toupan Clean Label | O-tentic Selezione Pinsa 100% | Sunset Glaze CLND | Toupan Precocido Clean Label | O-Tentic Ancien | Puravita Protein & Fiber | Tegral Potato | Puravita Espelta | Crearte Crystal | Puravita Chia Fusion 50% | Puravita 100% integral | Crearte Ciabatta | O-tentic Selezione Pugliese | Softgrain Espelta | Masas madre | Mejorantes | Mixes panes especiales | Mixes panes rústicos | Mixes panes blandos | Complementos del sabor | Margarinas | Moulins Bourgeois | Ver todos los productos de Panadería | Descubre nuestros últimos productos | Puravita Nordic Bread CL 50% Descubrir el producto | Granos y semillas Descubrir el producto | Carat Coverflex Frambuesa Descubrir el producto | Bizcochos | Pastel de chocolate | Cremas listas para usar | Bavarois | Brillos | Productos UHT y mix vegetal | Complementos | Cremas pasteleras | Bases listas para usar | Frutos secos y harinas | Postres clásicos | Postres Internacionales | Ver todos los productos | Satin Cookies and Cream Descubrir el producto | Ambiante sabor Chocolate Descubrir el producto | Smoobees Descubrir el producto | Decoración y complementos,60,https://www.puratos.es/es | https://www.puratos.es/es/products | https://www.puratos.es/es/Compra-online-con-My-Puratos | https://www.puratos.es/es/products?category=Categor%C3%ADa%3EPanader%C3%ADa&subcategories=Categor%C3%ADa%3EPanader%C3%ADa%3EMasas+Madre,ok
15906f19-213a-f011-b4cc-6045bdf32f25,Uriach,bolleria,https://www.uriach.com,Líderes europeos en Natural Consumer Healthcare | Innovación para ofrecer las mejores soluciones naturales para tu salud. | Somos B Corp | Marcas fuertes y un portfolio diversificado | Estamos aquí para ti.,5,https://www.uriach.com,ok
80eb3558-d352-f111-bec6-000d3abe319d,Angelo Solution Dis Ticaret Ltd. Sti,nutraceuticos,https://angelosolution.com,Our Values | Sustainability | Leadership | Opportunity | Angelo's Statement | Certificates | Nature already prepared and continuously prepares the most of our products. We care and connect. | Secondary Menu,8,https://angelosolution.com,ok
01906f19-213a-f011-b4cc-6045bdf32f25,Euromed,pasteleria,https://www.euromed.es,,0,,error_home
ab967f84-a2fd-ef11-bae4-7c1e52270551,Tradichem Group,agroquimico,https://www.tradichemgroup.com,Explore our core business areas: | Manufacturing Leader: Pharma & Nutraceuticals | Clinically-based nutraceutical ingredients | Biodynamic and regular Botanical extracts​ | Dedicated R&D Center | INTERNATIONAL | Tradichem Group is a global leader with a footprint in over 50 countries worldwide.,7,https://www.tradichemgroup.com,ok
94c95ce4-c09b-ed11-aad1-000d3aaab651,MASPEX,zumos y nectares,https://www.maspex.com,"NAGRODY I WYRÓŻNIENIA | Portfolio marek | Grupa Maspex w liczbach | Nasze marki to liderzy w swoich kategoriach | Soki, nektary i napoje | Makarony | Sosy | Dżemy | Ketchupy | Ogórki | Zupy i koncentraty | Kakao w proszku | Kakao instant | Napoje czekoladowe na gorąco | Zabielacze do kawy | Napoje herbaciane instant | Elektrolity | Tabletki musujące dla dorosłych | Aktualności | „MISJA RECYKLING” PODCZAS MAŁOPOLSKIEJ NOCY NAUKOWCÓW | LIMITOWANA EDYCJA KUBUŚ WATERRR Z YOSHIM I SHIINAH ORAZ WŁASNY ŚWIAT W ROBLOXIE! | WYGRAJ RANDKĘ Z KACPREM BŁOŃSKIM I WERONIKĄ BIAŁEK! TYMBARK RUSZA Z NOWYM KONKURSEM | GENZIE I TYMBARK ŁĄCZĄ SIŁY W PROJEKCIE „CAMPER CAMP GENZIE” | LUBELLA KONTYNUUJE „SEZON NA PRZYJEMMMNOŚĆ” | PŁATKI ŚNIADANIOWE LUBELLA COSMIC 40% MNIEJ CUKRU – KOSMICZNA PRZYGODA NA DOBRY POCZĄTEK DNIA! | DESER CHIA ŁOWICZ Z KAMPANIĄ „DAJ SE” – MARKA ŁOWICZ ZACHĘCA, BY NIE ODKŁADAĆ PRZYJEMNOŚCI NA PÓŹNIEJ | WIELKI FINAŁ KAMPANII TYMBARKU „TWÓJ KAPSEL” - KONSUMENCI STWORZYLI PONAD MILION HASEŁ! | NESTEA WPROWADZA VITAMIN BOOST – CHWILA RESETU W FUNKCJONALNEJ ODSŁONIE | LIMITOWANA EDYCJA TYMBARK SOUR APPLE BY OKI | Za naszymi produktami stoją ludzie! | Kolejny krok w karierze? Z nami to możliwe | Zleceniobiorca w Dziale Copackingu (k/m) praca dorywcza | Operator maszyn i urządzeń (k/m) | Pracownik produkcji (k/m) (Tymbark) | Specjalista ds. Rozwoju Sprzedaży (k/m)​ | Operator transportu wewnętrznego (k/m) | Młodszy specjalista ds. zapewnienia jakości (k/m)​ | Laborant ds. fizykochemii (k/m) | Referenta ds. zatrudnienia i płac (k/m) | Młodszy operator transportu wewnętrznego (k/m) (Tymbark) | Młodszy specjalista ds. sprzedaży i promocji (k/m) | Nasze produkty z wami na co dzień! | Składniki | Dla biznesu - zapraszamy do współpracy | Vending | Oferta B2B | HoReCa | Private Label | Twój zakres obowiązków | Nasze wymagania | To oferujemy | Zaaplikuj na to stanowisko!",52,https://www.maspex.com | https://www.maspex.com/pl/oferta-pracy/zleceniobiorca-w-dziale-copackingu-km-praca-dorywcza | https://www.maspex.com/pl/oferta-pracy/operator-maszyn-i-urzadzen-km-2 | https://www.maspex.com/pl/oferta-pracy/pracownik-produkcji-km-tymbark,ok
cec54d63-3ab0-f111-aaac-7ced8d0bdcda,Apicola Vairolatti,miel,https://vairolatti.com.ar,"Tanque fraccionador acero inox. MOD 30 | Tanque fraccionador acero inox. MOD 45 | Decantador ACERO INOX MOD 300 kg | Batea MAX 304 Separadora de miel y cera | Tanque fraccionador de miel en PVC SIN B... | Prensa manual de OPERCULOS en acero inox... | Extractor de 4 cuadros en acero manual . | Estampadora de cera tipo libro | Colmenas para exibicion | Cuadro Tecnico para crianza de reinas | Nuclero p/5 cuadros invernada | Pisos de saligna de primera calidad | Techos de saligna armado 1/2 "" | Techos AMERICANOS en saligna | Cuadro de 1/2 alza en saligna SELECCIONA... | Cuadro de 3/4 en saligna Seleccionados | Alzas tres cuartos seleccionadas | Techos de saligna armados 1"" | Nuclero de carton VENTILADO | Ahumador galvanizado 4 x 7 | Caramelos de MIEL x kg. | Caramelos JENGIBRE x kg. | Caramelos de PROPOLEO x kg. | Caramelos de PROPOLEO y EUCALIPTUS x Kg | Propoleo extracto hidroalcoholico x 60 c... | Polen de flores x kilo | Propoleo Natural atomizador x 30cc | Licor de Miel y Limon (200 ml) | Caramelos de EUCALIPTUS x kg. | Unguento de PROPOLEO Y MIEL x 30 cc | Unguento de PROPOLEO Y JALEA REAL x 30 c... | Unguento de PROPOLEO Y MIEL x 60 cc | Tanque fraccionador acero inox. MOD 30 $256.725,94 | Tanque fraccionador de miel en PVC CON B... | Inicio | Envases | Tanques fraccionadores | MOD 30 | 10% de descuento | Ver carrito | Compartir: | Productos similares",42,https://vairolatti.com.ar | https://vairolatti.com.ar/productos/ | https://vairolatti.com.ar/productos-naturales/ | https://vairolatti.com.ar/productos/tanque-fraccionador-acero-inox-mod-30/,ok
5fc95ce4-c09b-ed11-aad1-000d3aaab651,Rigas Piena Kombinats,"lacteos, yogures y postres lacteos",https://www.piens.lv,Mēs radām gardus produktus Tev! | Mūsu ražotnes | Rīgas piena kombināts | Valmieras piens | Mūsu zīmoli | Jaunumi | Ierastas maltītes jaunās garšās – divas gardas receptes ar grilsieru,7,https://www.piens.lv,ok
b4c95ce4-c09b-ed11-aad1-000d3aaab651,Dawn Foods,pasteleria,https://www.dawnfoods.com/es,,0,https://www.dawnfoods.com/es,ok_sin_productos
7680f87e-f284-f111-ab0e-70a8a53a0b30,DAMM SA,cervezas,https://www.dammcorporate.com,"Cervezas Damm | Otras cervezas | Aguas | Otros productos | Todos | Estrella Damm | La Cervesa Mediterrània | Bohemia | Voll-Damm | Doble Malta | Damm Lemon | Clara Mediterrània | Complot | IPA Mediterrània | Inedit | Cerveza de malta y trigo con especias | Bock Damm | Cervesa Negra. Tres Maltes Torrades. | Free Damm | Cerveza Sin alcohol 0,0% | Free Damm Limón | Cerveza sin alcohol con limón | Free Damm Torrada | Cervesa torrada sense alcohol 0,0% | Daura | Cerveza sin gluten | Daura Märzen | La primera doble malta sin gluten | A.K. Damm | Cerveza Alsaciana | Xibeca | Cervesa suau i refrescant | Cerveza de Navidad | Coming soon | Estrella de Levante | Maltas y cervezas de Murcia | Verna | Cerveza con limones de Murcia | Estrella de Levante 0,0 | Maltas y cervezas de Murcia 0% | Punta Este | La cerveza tostada de Estrella de Levante | Estrella de Levante 0,0 Tostada | Con todo el sabor a maltas tostadas | Victoria | Malagueña y exquisita | Victoria Sin | Malagueña y exquisita 0% | Victoria Pasos Largos | 100% ingredients naturals | Victoria Marengo | 100% malt | Victoria Malacatí | Cervesa de blat | Oro | Cerveza sin filtrar tostada | Keler | La cervesa de Donostia | Keler 0,0 Tostada | La cerveza de Donostia 0,0 Tostada",60,https://www.dammcorporate.com | https://www.dammcorporate.com/es/nuestros-productos | https://www.dammcorporate.com/es/nuestros-productos#damm-beers | https://www.dammcorporate.com/es/nuestros-productos#other-beers,ok
b33e1274-0c06-ef11-9f89-6045bd92bc7a,KUWAIT FLOUR MILLS & BAKERIES CO,"especias, aromas y colorantes",https://kuwaitflourmills.com/Home,HOME | KFMB Online Store | Right To Access Information | Products | Welcome | Releases | News & Events | #KFMKuwait | PIZZA MIX | Peeled Wheat | Whole Wheat | White Flour | Brown Flour | Patent Flour | Crushed Wheat | Pastries and Logaimat Mix | Chappati Flour | KFMB Wheat | Coarse Bran | Fine Bran | KFMB Semolina | Flour 00 | Flour 000 | Flour 0000 | European Bread Flour | Biscuit Flour | Tannur Flour | Barley Bread Flour | High Gluten High Protein Flour | Lasagna Al Matahen | Macaroni No.20 | Macaroni No.21 | Macaroni No.22 | Macaroni No.23 | Macaroni No.24 | Macaroni No.25 | Macaroni No.26 | Macaroni No.27 | Macaroni No.28 | Macaroni No.35 | Macaroni No.36 | Macaroni No.38 | Macaroni No.39 | Macaroni No.40 | Macaroni No.41 | Vermicelli | Spaghetti | Fettuccine | Capellini | Durum Macaroni No.20 | Durum Nest No.1 | Durum Macaroni No.23 | Durum Macaroni No.22 | Durum Spaghetti | Al-Joud Macaroni No.20 | Al-Joud Macaroni No.21 | Al-Joud Macaroni No.22 | Al-Joud Macaroni No.23 | Al-Joud Macaroni No.24 | Al-Joud Macaroni No.26,60,https://kuwaitflourmills.com/Home | https://kuwaitflourmills.com/Home/Products | https://kuwaitflourmills.com/Home/Products/ProductsDetail#Mills | https://kuwaitflourmills.com/Home/Products/ProductsDetail#Macaroni,ok
56144747-7b62-ec11-8f8f-6045bd8a321b,Freddi Dolciaria S.P.A.,bolleria,https://www.freddi.it,,0,https://www.freddi.it,ok_sin_productos
9ac95ce4-c09b-ed11-aad1-000d3aaab651,LABONATHUS,nutraceuticos,https://labonathus.com.br/en/home-en,High-tech and high-performance ingredients | Quality Ingredients | High Technology | Innovative Solutions | Solutions for Pet Food and Pet Care | How are the biscuits formulated? | Raising agents in cookies or biscuits | Innovative and high-technology solutions | The expansion of the pet food and pet care markets | Pet Care Market | Pet Food Market | Phosphates: solution for pet food and pet care | The importance of animal supplementation | Calcium Carbonate | Guar gum | Vitamin K2,16,https://labonathus.com.br/en/home-en | https://labonathus.com.br/en/products/ | https://labonathus.com.br/en/2025/01/06/solutions-for-pet-food-and-pet-care/,ok
0148a7e4-1901-4594-a93a-e1c5b15b4da9,Laboratorios Ordesa,nutraceuticos,https://www.ordesa.es,,0,,error_home
abd7cfdd-b49d-ee11-be37-000d3aaab965,GOLD NUTRITION,refrescos,https://www.goldnutrition.pt,"Produtos | Promoções | Embaixadores | Artigos | A Marca | Kyolic | Iniciar sessão | País/região | Espanha EUR € | França EUR € | Irlanda EUR € | Itália EUR € | Portugal EUR € | Reino Unido GBP £ | Facebook | Instagram | TikTok | YouTube | Carrinho | APROVEITA AQUI | Descobre Aqui | APROVEITA AGORA | LESS PREP, MORE REPS | COMPRAR AGORA | PRINCIPAIS CATEGORIAS | Géis | Barras | Creatina | Missão Hidratar | Carb Max | Proteínas | Kits | NOVIDADES | Pro.Formance Boost Energy Gel 30HC | Pro.Formance Energy Gel 30HC | Oats Energy Bar | Creatine + Collagen 200g | Creatine + Electrolytes 200g | Creatine + BCAA 200g | Creatine + Carbs 600g | V-Protein + Creatine | Protein Wafer Bar | Multilayer Protein Bar | Kit Race Day Triatlo | NOVOS PRO.FORMANCE | EXPERIMENTA AGORA | POR MODALIDADE | TODOS | CICLISMO | MOTORES | ANDEBOL | PADEL | TÉNIS | TRIATLO | JUDO | NATAÇÃO | BASQUETEBOL | CROSS TRAINING | FUTEBOL | Maratona",60,https://www.goldnutrition.pt | https://www.goldnutrition.pt/collections/all | https://www.goldnutrition.pt/collections/fitness | https://www.goldnutrition.pt/pages/ofertas-niveis-agosto,ok
5480f87e-f284-f111-ab0e-70a8a53a0b30,Natruly,galleteros,https://www.natrully.com,,0,,error_home
b6de7ec5-08b6-4cb0-aa94-3b2fe2083c68,Alvinesa,vino y derivados del vino,https://www.alvinesa.com,"Alvinesa Natural Ingredients nombra a Olivier Lavaud como nuevo CEO | ¡Visítanos en Vitafoods Europe en Barcelona! | Alvinesa presenta en AQUASUR ingredientes upcycled para una salmonicultura más eficiente y sostenible | DONDE LA NATURALEZA CIERRA EL CÍRCULO | Ingredientes Nutracéuticos | ¿Por qué elegirnos? | Ingredientes Alimentación | Ingredientes Nutrición Animal | MERCADO ALIMENTARIO | MERCADO NUTRACÉUTICO | NUTRICIÓN ANIMAL | FARMA E INDUSTRIA | MERCADO ENOLÓGICO | BEBIDAS ALCOHOLICAS | Alvinesa | Calidad | Sobre nosotros | Sostenibilidad | Actualidad | Consultas | ¿Necesitas más información? | Mercados | Aviso Legal Importante | Voz del consumidor | Ingredientes naturales funcionales | Vintera® Extracto de Uva | Hytolive® Extracto de Olivo | Hytolive® Infinity | Aceite Semilla Uva | Ingredientes Tecnológicos Naturales en la Industria Alimentaria | Tendencias | Aditivos alimentarios naturales | Conservar los alimentos de forma natural | Acidificante, emulsionante y/o estabilizador | Aroma alimentario | Colorante alimentario | Grasas",37,https://www.alvinesa.com | https://www.alvinesa.com/ingredientes-funcionales/ | https://www.alvinesa.com/ingredientes-tecnologicos/ | https://www.alvinesa.com/alvinesa-natural-ingredients-nombra-a-olivier-lavaud-como-nuevo-ceo/,ok
cf956490-a420-4f87-9e02-f5831c759078,Cosami,salsas y aderezos,https://cosamiweb.com,¡Auténtico sabor! Barbacoa | Salsas Monodosis | Salsa Ranchera | ¡Ensaladas con salsa! | Salseando! | Salsas | Ketchup | Mayonesa | Mostaza | Barbacoa | Brava | Para dippear | Siropes y toppings | Salsas hostelería | Conservas | Verduras | Tomates | Pimiento | Champiñón | Productos destacados | Salsa taco | Salsa cheddar | Salsa guacamole,23,https://cosamiweb.com,ok
7cc95ce4-c09b-ed11-aad1-000d3aaab651,Rimon chemicals,nutraceuticos,https://rimonchemicals.com,Our values | The Cutting Edge of Business | Our Performance | Knowledge and Expertise | Innovation | Integration | Our Success Story | A letter from the CEO | The Best Of Us | Our Broad Range of Services | Technical advice and Consultation | Sustainable supply chain | Unique marketing claims and solutions | Quick Links | Contact Us | Cosmetics and Personal Care | Extracts | Food and Beverage | Industrial | Nutraceuticals | Pharmaceutical APIs | Pharmaceutical Excipients | Pharmaceuticals | Road Construction | Veterinary | Semi-Solid Dosage Forms/ Topical Application | Ready-to-Use Excipient Composite | Coating Agents | Miscellaneous/ Additives | Liquid Dosage Form | Solid Dosage Form | Urogenital | Respiratory | Ophthalmic | Oncology | Musculoskeletal | Immunology | Endocrine | Dermatological | Cardiovascular | Anti-Inflammatory | Anti-Infective | Antidotes | Warm Mix Asphalt | All Types Of Asphalt Mixes | Two In One AC Duopave | Elastomer Modified Asphalt Concrete | Stone Mastic Asphalt Binder Courses | Stone Mastic Asphalt | Noise-Reducing Stone Mastic Asphalt | Vitamins | Feed Additives | Excipients | APIs | Surfactants | Preservatives | Laundry Care | Hard Surface Cleansers | Fragrances | Dish Wash,60,https://rimonchemicals.com | https://rimonchemicals.com/portfolio/ | https://rimonchemicals.com/rimon-portfolio/,ok
a9967f84-a2fd-ef11-bae4-7c1e52270551,Indena,"especias, aromas y colorantes",https://www.indena.com,"About Us | Health Needs | Products | CDMO Service | Things to watch | Media and news | Events | Indena’s Filestore | Pharmaceuticals | Nutraceuticals | Innovation and vaccine preparedness at CPHI | Nourishing science-backed healthy aging at SSG | Beyond monacolin k: a smarter future for metabolic wellness | A NEW SOLUTION TO REDEFINE SKIN HEALTH | Your golden aging starts today | BEYOND BIOABSORPTION | Step up for sustainability | TAKE A LOOK AT INDENA’S R&D | DISCOVER OUR MANUFACTURING FACILITIES | Latest news | Indena at SupplySide Global 2026 | Indena at CPHI Milan 2026 | Shifting paradigms in metabolic health: preparing a monacolin k-free, multi-target era | Indena at CPHI Japan 2026 | Indena at Vitafoods Europe 2026 | Indena at DCAT Week 2026 | Do you need to get in touch? | SITEMAP | CONTACT US | Newsletter | Download the Product Lists | ENHANCINGTHE POWER OF PHYTONUTRIENTS. | Do you want to talk to one of our sales reps? | 10-Deacetylbaccatin III | Health benefit | Botanical Origin | Discover | 18β-GA | Glycyrrhetinic acid (Enoxolone Eur. Ph.) | Bilear® | Artichoke | Boldine | Cabazitaxel | Cannabidiol (CBD) | Centella asiatica | Chinese Rhubarb | Colchicine Micronized | Colchicine Ph. Eur. | Colchicine USP | Colchicoside | Acmelain® | Acmella extract | Alextan® | GRAPESEED AND LYCOPENE | Anthocran® | Anthocran® Indena Phytosome® | Cranberry - Indena Phytosome® | Beanblock® | Lamon white kidney bean extract | Berbevis®",60,https://www.indena.com | https://www.indena.com/products/ | https://www.indena.com/products/pharmaceuticals/ | https://www.indena.com/products/nutraceuticals/,ok
f1d44363-fd79-f111-ab0e-7ced8d8bccd9,Balkan Agricultural,"lacteos, yogures y postres lacteos",https://balkanag.com,"What We Offer? | 1.Superior Tomato Concentrates | 2.Full Traceability | 3.Commitment to Sustainability | 4.Cutting-Edge Technology | 5.Rigorous Quality Control | 6.Certified for Global Trade | Committed to Excellence | From Start to Finish | A Transparent Journey | Why Choose Balkan for Food Industries? | Reliable Wholesale Partner | Locally Sourced, Globally Trusted | Innovation for Efficiency | Stay Updated | Follow Our Journey | Discover Our Premium Tomato Products | Tomato Concentrate 28-30 CB | Tomato Concentrate 36-38 CB | Apple Concentrate 30-32 | Pepper Concentrate 22-24 HB | Get in touch | Email Address | Call now | Factory Address | © Copyright 2024 by Balkan for Food Industries Ltd.",26,https://balkanag.com,ok
9a97a115-7b23-4248-8f74-e5ad23f57091,Tongil,nan,https://www.tongil.co.kr,,0,,error_home
ece9353d-33f0-ef11-9342-000d3aaab59f,The Gutsy Captain Company,miel,https://www.thegutsy.com,,0,https://www.thegutsy.com,ok_sin_productos
82268c1d-18ab-ef11-b8e9-000d3aaab59f,La Margarita,"especias, aromas y colorantes",https://lamargarita.es,Servicios | Productos | Marca distribuidor | Calidad | Certificaciones | Canal denuncias | Noticias | Contacto | naturales | Pimentón | Especias | Pimienta | Hierbas | Sabores del mundo,14,https://lamargarita.es | https://lamargarita.es/productos,ok
8ac49a9f-3f7e-ee11-8179-000d3aaab965,Cerbona Élelmiszergyártó Zrt.,cereales,https://www.golski.pl,,0,https://www.golski.pl,ok_sin_productos
dfd7cfdd-b49d-ee11-be37-000d3aaab965,Yigitoglu Kimya A.S.,nutraceuticos,https://www.yigitoglukimya.com.tr,,0,,error_home
811cf27d-24ed-ef11-9341-00224880d526,Fini Company,nutraceuticos,https://www.fini.es,,0,https://www.fini.es,ok_sin_productos
70268c1d-18ab-ef11-b8e9-000d3aaab59f,Kallas Inc,nutraceuticos,https://kallasinc.com/en,PRODUCTS | Raw Materials | Additives | Οrganic / Bio Raw Materials | Nuts | Dried coconut | Dairy | Butters | Creams | Cheeses | Pasta | Tomato products | Beans | Peppers | Beetroot | Mushrooms | Kernel Corn | Caper | Fruits | Frozen Vegetables | Frozen Fruits | Frozen laminated pastry | Vinegars | Meat & Poultry | Frozen Seafood | Wet Salted Fish | Canned Tuna | Frozen potatoes | Frozen appetizers | Chickpeas | CEREALS | READ IT HERE | COOKIES NOTIFICATION | Φίλτρα | SECTORS | HORECA (8) | RETAIL (4) | INDUSTRIAL (2) | More | MOST POPULAR | Rosso (7) | Redda (2) | Crushed Tomatoes (4) | Passata tomato juice (1) | Peeled chopped tomatoes (Concase) (3) | Pizza sauce (1) | Sundried tomatoes (1) | Tomato Puree concentrate (2) | Whole peeled tomatoes (1) | PRODUCT DETAILS | Pagination | Current page 1 | Page 2 | Next page › | Last page Τελευταία » | ALL CATEGORIES,56,https://kallasinc.com/en | https://kallasinc.com/en/catalogues | https://kallasinc.com/en/entomato-products-wholesale | https://kallasinc.com/en/products-category,ok
45c95ce4-c09b-ed11-aad1-000d3aaab651,WARP,frutos secos y snacks,https://www.warpuniverso.com,"Warp Snacks Pack x6 | Warp Snacks Pack x12 | Warp Snacks Pack x16 | Presentación de diapositivas | Comprar ahora | NOVEDADES EN ÓRBITA | Ver la información de la tienda | CONOCE NUESTROS SABORES | CHOCOLATE | PISTACHO | ARÁNDANOS | Únete a la misión, únete a la comunidad | ENCUÉNTRANOS ORBITANDO EN: | Ver más | CONOCE NUESTROS INGREDIENTES | Energía sostenida | Proteína real | Ingredientes funcionales | Bitácora de Flow | Mi Maldición Se Convirtió en Mi Propósito | Warp no es wrap | El movimiento comienza en el cuerpo | No te quedes sin energía. | Ver suscripciones | Únete al movimiento 👩‍🚀👨‍🚀 | Búsquedas | Configuración | Pedidos | Contacto | Términos y condiciones | Política de privacidad | Política de devoluciones | Política de envíos | warpuniverso | Política de envío | Política de reembolso | Información de contacto | Términos del servicio | Facebook | Instagram | Tiktok | Tu carrito esta vacío | Inicia sesión | Seguir comprando | Productos | Ir directamente a la información del producto | Arándanos, Chocolate y Pistacho. | Sin azúcar añadida · Ingredientes reales · Alto en fibra | Sin azúcar añadida · Ingredientes reales · Alto en fibra.",49,https://www.warpuniverso.com | https://www.warpuniverso.com/collections/all | https://www.warpuniverso.com/products/warp-bars-pack-x6 | https://www.warpuniverso.com/products/warp-bars-pack-x12,ok
e21b5dd6-2116-4d6f-a37e-1231225b01ed,Grupo Rives Distillery,licores,https://www.rives.es/es,"AYER, HOY, SIEMPRE… | NUESTRAS | GIN RIVES PREMIUM TRIDESTILADA | NUESTROS | KING PETER VODKA | Conde de Cuba | Silver Dry",7,https://www.rives.es/es | https://www.rives.es/es/productos/ginebras/rives-special-gin.php | https://www.rives.es/es/productos/vodkas/king-peter.php | https://www.rives.es/es/productos/rones-del-caribe/conde-cuba-silver.php,ok
29c85ce4-c09b-ed11-aad1-000d3aaab651,"JB Co., Ltd.",chocolate,https://www.jbcocoa.com,,0,,error_home
45c85ce4-c09b-ed11-aad1-000d3aaab651,SUNIL F&C,nutraceuticos,https://www.sunilfnc.co.kr,,0,,error_home
20def323-f441-4a4c-ac74-0925f3afc105,Grupo Damm,licores,https://www.damm.com,Estrella Damm | Bohemia | Voll-Damm | Damm Lemon | Complot | Inedit | Free Damm | Free Damm Limón | Free Damm Tostada | Daura | Daura Märzen | A.K. Damm. | Xibeca | Cerveza de Navidad | Bock Damm | Localización | Contacto | Aviso Legal | Política de Privacidad | Política de Cookies | Política de Redes Sociales | Comunicado a los accionistas Mayo | Anuncio de dividendo diciembre de 2026,23,https://www.damm.com,ok
21fa791b-8cb1-ef11-b8e9-000d3aaab59f,ACTIFS PRECIEUX,nan,https://www.altawun.ae,,0,,error_home
65c85ce4-c09b-ed11-aad1-000d3aaab651,E.J.PAPADOPOULOS S.A.,galleteros,https://papadopoulou.gr/en,Biscuits | Bread and Tortillas | Bread substitutes | Salty snacks & crackers | Cereal bars | How is a PAPADOPOULOS product produced?,6,https://papadopoulou.gr/en | https://papadopoulou.gr/en/our-products/ | https://papadopoulou.gr/en/our-products/#apper-filter=.biscuits?bottom-filter=all | https://papadopoulou.gr/en/our-products/#apper-filter=.bread-and-tortillas?bottom-filter=all,ok
8fd7cfdd-b49d-ee11-be37-000d3aaab965,Elton Corporation S.A,nan,https://www.neggst.co,,0,,error_home
7207a75c-945a-4cd8-baf8-98b7fd79c9c7,"THE GB FOODS EUROPA, S.L.U.",platos preparados,https://thegbfoodseurope.com/es,GBfoods menu | Quiénes Somos | Marcas | Lugar de Trabajo y Cultura | Proveedores | Contáctanos | Italiano | Français | Español | English | Deutsch | Català | Datos y cifras | We delight consumers in 7 countries | Germany | Sweden | Spain | France | Italy | Finland | Belgium,21,https://thegbfoodseurope.com/es,ok
74c95ce4-c09b-ed11-aad1-000d3aaab651,Noble Chocolates nv,"especias, aromas y colorantes",https://www.noble-food-group.com/en,Passion for a unique taste | Chocolates | Gourmet Cheese Biscuits | ISM 2026 | ANUGA COLOGNE 2025 | FOODEX JAPAN 2025 | ISM 2025 | Quality and heavenly flavors | The chef's collection | The Noisettes | The pure collection | The charming collection | Clusters cookies milk | Clusters cookie white | Clusters almond | Clusters rice crisp | Clusters hazelnut | Clusters caramel | Rice crisp Mix sticks | Rice crisp dark stick | Rice crisp milk stick | Almond stick | Hazelnut stick | Rice crisp white stick | Cheddar | Beemster | Roquefort | Black Pepper | Pesto | Tomato-basil | Gouda Pure | Garlic Onion,32,https://www.noble-food-group.com/en | https://www.noble-food-group.com/en/products | https://www.noble-food-group.com/en/products/chocolate | https://www.noble-food-group.com/en/products/gourmet-cheese,ok
d7d6c7a5-a916-470d-a72b-a9bfa952c2ae,"AGRUPACIÓN DE COOPERATIVAS DEL VALLE DEL JERTE, S.C.L.",licores,https://ac-vallejerte.es,,0,,error_home
b6c95ce4-c09b-ed11-aad1-000d3aaab651,CHOCO GROUP,chocolate,https://chocogroup.eu/about-us,Spreads & fillings (11) | Inclusions & toppings | Compound (17) | Chocolate | Check all Production | Creativity & Trustworthiness | Values | Our values | Quality and safety | Technological advancement and flexibility | Efficiency and reliability | Certifications | Achievements | Beyond Business Reliability | Health & Wellbeing | Our offerings include | Free From Options | Functional Benefits | For Specialized Diets | For Your Business | Tailored Chocolate Solutions for Your Business | Partner with Choco Group Today | Subscribe for newsletter | By clicking Sign Up you're confirming that you agree with our Privacy Policy. | Made by | Log in | DARK CHOCOLATE FILLING WITH HAZELNUTS | DARK CHOCOLATE FILLING WITH HAZELNUTS. NO ADDED SUGAR WITH SWEETENER | DARK COMPOUND | FLAVOURED COMPOUND – BUBBLE GUM | FLAVOURED COMPOUND – CARAMEL | FLAVOURED COMPOUND – COLA | FLAVOURED COMPOUND – FIG | FLAVOURED COMPOUND – LEMON | FLAVOURED COMPOUND – MANGO | FLAVOURED COMPOUND – PASSION FRUIT | FLAVOURED COMPOUND – STRAWBERRY | FLAVOURED COMPOUND – YOGHURT | FLAVOURED COMPOUND – YUZU | MILK CHOCOLATE FILLING WITH HAZELNUTS | MILK CHOCOLATE FILLING WITH HAZELNUTS. NO ADDED SUGAR WITH SWEETENER | MILK COMPOUND | ORGANIC DARK COMPOUND | SALTED CARAMEL FILLING | SALTED CARAMEL FILLING. NO ADDED SUGAR WITH SWEETENER | WHITE CHOCOLATE FILLING WITH COCONUT MILK | WHITE CHOCOLATE FILLING WITH COCONUT MILK. NO ADDED SUGAR WITH SWEETENER | WHITE CHOCOLATE FILLING WITH HAZELNUTS | WHITE CHOCOLATE FILLING WITH HAZELNUTS. NO ADDED SUGAR WITH SWEETENER | WHITE CHOCOLATE FILLING WITH STRAWBERRIES. NO ADDED SUGAR WITH SWEETENER | WHITE COMPOUND | FDH-01 | FDH-01-SFZ | CD-04 | CD-05 | CFBG-01 | CFC-01 | CFC-02 | CFCL-01 | CFFi-01,60,https://chocogroup.eu/about-us | https://chocogroup.eu/shop/ | https://chocogroup.eu/product-category/for-professionals/spreads-fillings/ | https://chocogroup.eu/product-category/for-professionals/inclusions-toppings/,ok
a8c95ce4-c09b-ed11-aad1-000d3aaab651,RABELER FRUCHTCHIPS GmbH,cereales,https://www.rabeler-fruchtchips.de/en,Learn more about the diverse applications | Learn more about our quality guarantee. | Choice. Compact. Concentrated. | Diversity. Without limits. | Your idea. Our challenge! | So much more than just great taste. | Flakes | Granulate | Fine Cut | Powder | An experience for all the senses. | Drum-dried fruit products | Drum-dried vegetable products | Drum-dried natural sweeteners | Drum-dried cereal products | Special products | Discover the product you want. Learn more about our product range. | Your one-stop shop. Learn more about what our technology can do.,18,https://www.rabeler-fruchtchips.de/en | https://www.rabeler-fruchtchips.de/en/products | https://www.rabeler-fruchtchips.de/en/products/fruits | https://www.rabeler-fruchtchips.de/en/products/vegetables,ok
7ac928d0-c09f-4aa7-9c62-3a0d5a9291ab,Hellema - Hallum B.V.,nan,https://www.hellema.nl,Joubertstraat 8 a LEEUWARDEN | De Ljepper 14 LEEUWARDEN | Europaplein 38 LEEUWARDEN | Bleekhof 25 LEEUWARDEN | Lijsterstraat 38 LEEUWARDEN | Hellema Makelaars en Bedrijfsmakelaars | Recente objecten | Wie zijn wij? | Wat zeggen klanten over ons? | Schrijf je in voor onze Sneak Preview | Medewerker,11,https://www.hellema.nl | https://www.hellema.nl/over-ons/medewerkers/feline-wiersma-15/,ok
25c95ce4-c09b-ed11-aad1-000d3aaab651,Helwa wafelbakkerij,galleteros,https://www.helwa-wafers.com,Traditional | Protein | Specials | Without added sugars | Vegan | Gluten free | Types of wafers from Helwa | Contact us | Directly to | Traditiona | Proteïne | Penny wafers | Coffee wafers | Java wafers | Frou Frou | Pink wafers | French wafers | More about traditional wafers | Protein break bar | Protein Square | Protein bar (narrow) | Protein bar (standard) | Protein Crispy bar | Protein Break bar XL | Bubbly choc 'n crunch | Chocolate wafer bars with sprinkles | Mini's with topping | No added sugar Break bar XL | No added sugar Break bar | Chocolate Milk Square | Chocolate wafer bar | Vegan choco bar | Vegan Break bar XL | Vegan Protein wafer bar | Bubbly Choc wafer bar | Gluten free Break bar | Bubbly Choc mini's | Gluten free Break bar XL | Meer over dit product,39,https://www.helwa-wafers.com | https://www.helwa-wafers.com/product/ | https://www.helwa-wafers.com/product_type/traditional-wafers/ | https://www.helwa-wafers.com/product_type/protein-wafers/,ok
94268c1d-18ab-ef11-b8e9-000d3aaab59f,Prima Food Ingredients Ltd,zumos y nectares,https://www.primagood.com,About Prima Food | Our Products | VEGETABLE POWDERS | SUGAR MOLASSES | RICE FLOUR | Puree Concentrate | Puree | Pulp – Cells – Comminute | Natural Vinegar | MALTODEXTRIN /DEXTROSE/ SODIUM BICARBONATE | Juice NFC | Juice Concentrates | GLUTEN FREE FLOURS | GLUTEN FREE BREAD CRUMBS | Essential oils | EMPTY MACADONIAN & CHERRY PEPPERS FOR STUFFING | DIARY FREE SHELF STABLE WHIPPING & COOKING CREAM. | CORN STARCH | Cocoa Products | CHEESE POWDERS | Caramel | Canned Sauce | BROWN SUGAR | Make your products visible to thousands of retail buyers | Get Started | Contact | Address | Made By Shushan Studio,28,https://www.primagood.com | https://www.primagood.com/products/ | https://www.primagood.com/cocoa-products/,ok
0c3b3e37-1204-44d3-a97d-d6f0901f37ee,Lotus Bakeries België NV,nan,https://www.lotusbakeries.com,Our brands | Explore a selection of our brands | Connect,3,https://www.lotusbakeries.com,ok
f9ea3558-d352-f111-bec6-000d3abe319d,Wish Pharma,nutraceuticos,https://www.wishpharma.pl,"ZESTAW WITAMINA C 1000 mg 1 kg + MSM 500 mg 1 kg W PROSZKU | L-TEANINA 200 mg Koncentracja Odprężenie Relaks Stres Skupienie 90 kapsułek | ZIELE DAMIANA 500 mg Ekstrakt Afrodyzjak Libido Stres Piperyna 90 kapsułek | DZIĘGIEL CHIŃSKI 500 mg Dong Quai Menopauza Polisacharydy Piperyna 90 kaps | SARSAPARILLA Korzeń Kolcorośli Ekstrakt 500 mg Smilax Piperyna 90 kapsułek | DLPA 500 mg DL-fenyloalanina Koncentracja Dopamina Nastrój 90 kapsułek | L-KARNITYNA 600 mg Spalacz Tłuszczu Odchudzanie Metabolizm Energia 90 kapsułek | D-MANNOZA 500 mg Układ Moczowy Zdrowy Pęcherz Infekcje D-mannose 90 kapsułek | Omega 3 1000mg Forte Gold EPA330 DHA220 Olimpijskie Libido + Witamina E Mega Dawka 90 Kapsułek | Witamina C kwas l-askorbinowy w Proszku 1kg Produkt Vege | Witamina B Complex B1 B2 B3 B5 B6 B7 B9 B12 120 tabletek | Witamina K2 MK-7 200mcg + D3 4000IU 100mcg w oleju MCT (olej kokosowy) 120 kapsułek | Luteina Max Forte 40mg Zeaxantyna Naturalna Oczy Wzrok 60 Kapsułek | Witamina K2 MK-7 z NATTO + D3 4000IU ODPORNOŚĆ ZDROWE KOŚCI MIĘŚNIE 240 tabletek | MSM Siarka Organiczna w Proszku 1kg Produkt Vege | Siarka Organiczna MSM w Proszku 500g Produkt Vege | Płyn Lugola 10% JOD JODEK POTASU CZYSTY JOD 100ml | CHOLINA + INOZYTOL Vitacholine 300 mg PAMIEĆ KONCENTRACJA UKŁAD NERWOWY 90 TABLETEK | Lawenda Ekstrakt z kwiatów lawendy lekarskiej 420mg Odprężenie Trawienie 90 kapsułek Produkt Vege | WITAMINA D3 4000 IU Odporność Kości Mięśnie Zęby Cholekalcyferol 120 kapsułek | GLUKOZAMINA WEGAŃSKA CHONDROITYNA Z ALGI MSM WITAMINA C Produkt Vege 120 kapsułek | ANDROGRAPHIS PANICULATA 1+1 GRATIS 400 mg Odporność Wątroba 2 x 60 kapsułek | Maitake Ekstrakt 500mg Ekstrakt z owocni grzybów Maitake żagwicy listkowatej 60 kapsułek Produkt Vege | GABA Kwas Gamma-Aminomasłowy PRODUKT VEGE 120 kapsułek | CHMIEL EKSTRAKT Z SZYSZEK CHMIELU 300mg RELAKS USPOKOJENIE DOBRY SEN 90 kapsułek Produkt Vege | KORZEŃ LUKRECJI EXTRACT 250 mg GLICYRYZYNA INULINA 60kap PRODUKT VEGE | Kwas Alfa Liponowy ALA 600 mg metabolizm antyoksydant 120 kapsułek | LECYTYNA SOJOWA 100% w proszku 250g PAMIĘĆ i KONCETRACJA STRES CHOLESTEROL | Modulator Homocysteiny Witamina B6 P-5-P B7 Biotyna B9 Aktywny Kwas Foliowy B12 Metylokobalamina 120 kapsułek Wegan | Multiwitamina Complex Senior Witamina B Complex ADEK Wit C + Prebiotyk 120 Kapsułek | Zestaw Senior Plus : Omega 3 + Żeń Szeń Syberyjski 400mg + MSM + KOENZYM Q10 + K2 MK7 + D3 in MCT oil | ASHWAGANDHA EXTRACT 600mg 9% WITHANOLIDES, 1% ALKALOIDS, 0,25 WITHAFERIN A 90 kapsułek",32,https://www.wishpharma.pl,ok
2dfa791b-8cb1-ef11-b8e9-000d3aaab59f,1-2-Taste,"especias, aromas y colorantes",https://www.12taste.com,"30 Sep – 1 Oct Kortrijk, Belgium | Booth B01 | Schedule a meeting with us → | Premium suppliers | Botanicals, fibres, sweeteners, citrus and vitamins | Featured ingredients | OligoSMART® RD TP90 | Organic Lemon Myrtle Dried Leaf | Orange Essential Oil | Ashwagandha Root Extract | Built to make ingredient sourcing simpler | For R&D teams | For procurement teams | Find, evaluate and source ingredients online | Product documentation | Contract pricing | Source with AI | Product Enquiry | Calcium sulfate (Dihydrate) – FOG 20 | Calcium Sulfate (Anhydrite) – ING 04 | OligoSMART® Tapioca RDP 70 | OligoSMART® RD CP90 | Vitamin A Acetate 325 CWS – E-HN-540 | Zinc Suplhate Monohydrate – E-HN-545 | Magnesium Suplhate Monohydrate – E-HN-525 | Dicalcium Phosphate Anhydrous – E-HN-405 | Ferric Sodium EDTA – E-HN-767 | Vitamin E Acetate 50% CWS – E-HN-524 | Vitamin B9 (Folic acid) – E-HN-533 | Vitamin B12 0.1% (Maltodextrin) – E-HN-647 | Ascorbic Acid Plain (Vitamin C) – E-HN-563 | Vitamin D3 100 CWS – E-HN-495 | Green Banana Powder with Peel – Class C | OligoSMART® RD TS90 | Organic Passion Fruit Flavour – FRUI – FP-0412 | Chocolate Hazelnut Flavour – Noisette – NO-C3 | Truffle Flavour – TRUF – TN63 | Truffe Blanche – TB-62 | Amarena Cherry Flavour & E330 – CERI-CEA5 | Amer type Spritz & E110, E 124 –... | Raspberry Flavour – FRAM-FR265 | Dairy ingredients at 1-2-Taste | Milk powders | Cheese ingredients | Butter ingredients | Vegan cheese alternatives | Yoghurt powder | Why choose dairy ingredients from 1-2-Taste? | Predictable prices. Clear volumes. One-year certainty. | What contract pricing on 1-2-Taste looks like | How the process works | Select ingredients & volumes | Request contract pricing digitally | Seller alignment & discussion | Contract confirmation | Why buyers use contract pricing on 1-2-Taste | Fewer ad-hoc negotiations | Clear annual price references | Better forecasting | Transparent collaboration | FAQs about the contract pricing",60,https://www.12taste.com | https://www.12taste.com/food-ingredients/ | https://www.12taste.com/dairy-ingredients/ | https://www.12taste.com/contract-pricing-for-ingredients/,ok
49c95ce4-c09b-ed11-aad1-000d3aaab651,Oy Lantmannen Unibake Ab Finland,pasteleria,https://www.unibake.com,,0,,error_home
f000f41b-e9ab-ef11-b8e9-000d3aaab59f,Quimidroga,salsas y aderezos,https://www.quimidroga.com,"Industrias | Busca un producto | Servicios | L-Cisteína alimentaria: funcionalidad en masas, aromas y sabores | PBTC / PBTCA (CAS 37971-36-1): AQUACID 101EX para detergencia y aplicaciones industriales | Probióticos en salud intestinal: BiomeNrich™PRO G243 | Polímeros en tratamiento de agua: eficiencia y control | L-Citrulina: Rendimiento Deportivo y Recuperación Muscular | Normativa PFAS en agua potable: soluciones eficaces | Distribuidor de productos químicos desde 1944 | Presentes en todos los sectores | El distribuidor de productos químicos del Mediterráneo | Portugal Francia Italia Grecia Turquía Egipto Argelia Marruecos | El servicio: nuestra prioridad | El compromiso, nuestra esencia | Quimidroga: una familia | Certificaciones, evaluaciones, reconocimientos y adhesiones | Políticas | Sistemas de gestión | Sostenibilidad y RSC | Huella de carbono y Medio Ambiente | Gestión de envases y Economía circular | Soluciones sostenibles | Life science | Otros certificados | Aditivos para mortero | Diluyentes reactivos | Disolventes | Endurecedores | Etanolaminas | Intermedios | Materiales de refuerzo | Pigmentos | Resinas | Ácidos y correctores de acidez | Aditivos | Agentes quelantes | Antiincrustantes | Biocidas | Coagulantes | Floculantes | Medios filtrantes | Monómeros | Monopersulfato potásico | Osmosis inversa | Peróxido de hidrógeno | Productos para piscinas | Reductores | Reguladores de pH | Resinas de intercambio iónico | Sales | Tensioactivos | Otros | El nuevo servicio local de membranas de ósmosis inversa con stock y en crecimiento | Polímeros dispersantes y antiincrustantes como alternativa a los fosfonatos",55,https://www.quimidroga.com | https://www.quimidroga.com/distribuidor-productos-quimicos/ | https://www.quimidroga.com/productos-construccion/ | https://www.quimidroga.com/productos-quimicos-tratamiento-aguas/,ok
05c85ce4-c09b-ed11-aad1-000d3aaab651,Fuji Oil Europe,chocolate,https://www.fujioil.co.jp,,0,,error_home
4dc95ce4-c09b-ed11-aad1-000d3aaab651,Zeelandia,pasteleria,https://www.zeelandia.es,keepexploring. | Glacé | Cremas | Vegano | Mixes de Pastelería | Mixes Panarios | Mixes de Bollería | Sin Gluten | Semifríos y Mousses | Fruta | Mejorantes Panarios | Masas Madre | Desmoldeantes y Lubricantes | Productos,14,https://www.zeelandia.es | https://www.zeelandia.es/productos-panaderia-pasteleria | https://www.zeelandia.es/descarga-catalogos,ok
aac95ce4-c09b-ed11-aad1-000d3aaab651,Mantinga,bolleria,https://www.mantinga.lt,MŪSŲ NAUJIENOS | PRODUKTŲ KATALOGAS 2026-2027 | VIRTUALUS KATALOGAS | NAUJIENOS | MŪSŲ PRODUKTŲ VARDAI | NAUJIENOS IŠ PIRMŲ LŪPŲ | PRODUKTAI | LENGVA SURASTI | STEBĖK. ATRASK. DALINKIS.,9,https://www.mantinga.lt,ok
89a9fccf-ce84-4ebb-b2a8-ff2d4e15dac8,Sigma,carnico,https://www.sigmafoods.com,Descubre Sigma Foods | Inversionistas | Nuestra Gente | Sostenibilidad | Centro de Prensa | Informaciónrelevante | Reportes | Comunicados | Documentos | Eventos | Nuestrasmarcas | Innovación y The Studio | Tastechby Sigma | Únete al equipo | En qué creemos | ALFA Live | Políticas y documentos | Historiasque inspiran,18,https://www.sigmafoods.com,ok
541cf27d-24ed-ef11-9341-00224880d526,Armintz Gorrotxategi,pasteleria,https://www.bostonnutraceutical.com,,0,,error_home
679dba44-d263-47c0-96e3-b20ac86411e4,Fruselva,"especias, aromas y colorantes",https://www.fruselva.com,fruselva,1,https://www.fruselva.com,ok
8c268c1d-18ab-ef11-b8e9-000d3aaab59f,Dominion Chemicals Corporation,"especias, aromas y colorantes",https://www.dominionchemicals.com,"Ingredients × CUSTOM Blends × Food Solutions | Additives, Bulking Agents | Cheese Powders | Collagen | Colorants | Culinary Flavors | Egg Powders | Emulsifiers, Stabilizers & Thickeners | Enzyme Modified Flavor Concentrates | Natural & Artificial Flavors | Phosphates | Proteins | Savory | Spices & Oleoresins | Transglutaminase | We are a customer-driven company, specializing in food ingredients and customized products that meet clients needs",16,https://www.dominionchemicals.com,ok
a6c95ce4-c09b-ed11-aad1-000d3aaab651,LA VIE FOODS,frutos secos y snacks,https://www.laviefoods.com/en,"INTRODUCING TOFU LA LA. | Find out more | DON’T EAT PIGS, EAT SALAMI. | Vegan Ham? It's Going to Be a Hit! | Veggie bacon gets the red carpet treatment. | THE TERIYAKI GLAZED TOFU YOU DIDN'T SEE COMING | EVEN YOUR KETCHUP WILL FALL FOR THIS TOFU | 7 minutes | Tofu, but hotter | THE ONLY THING WE'RE KNOCKING OUT? THE NUTRITIONALS. | Storage | Ingredients | Conservation | WHEAT | We know it’s already an achievement, but we make more than just plant-based Ham ! | OUR PLANT-BASED HAM | OUR PLANT-BASED BACON | Cooking | LA VIE ™ PLANT-BASED HAM CROISSANT | LA VIE ™ PLANT-BASED SMOKED HAM PIZZA | OUR TOFU",21,https://www.laviefoods.com/en | https://www.laviefoods.com/en/products/tofu/ | https://www.laviefoods.com/en/products/salami-sticks/ | https://www.laviefoods.com/en/products/plant-based-ham/,ok
17c85ce4-c09b-ed11-aad1-000d3aaab651,PT. Lautan Natural Krimerindo,"lacteos, yogures y postres lacteos",https://lautan-natural-krimerindo.com/products,Lautan Krimer | Lautan Naturale | FiberCreme | Lautan Premix | Lautan Dairy | Wellington Pro,6,https://lautan-natural-krimerindo.com/products | https://lautan-natural-krimerindo.com/product/ | https://lautan-natural-krimerindo.com/id/product/ | https://lautan-natural-krimerindo.com/products/,ok
37c95ce4-c09b-ed11-aad1-000d3aaab651,Cia. Nacional de Chocolates,chocolate,https://www.chocolates.com.com,,0,,error_home
8bd7cfdd-b49d-ee11-be37-000d3aaab965,VIMAX,cereales,https://www.vimax.pl,"Knowledge, experience and quality guarantee | proprietary recipes | innovative taste concepts | We provide support | Tradition and experience | We have an extensive products range | Our products range includes food additives used in every branch of the food industry | FLAVOURING | ENRICHING | FOOD DESIGN | OUR LABELS",11,https://www.vimax.pl | https://www.vimax.pl/en/our-products-range/,ok
7f1cf27d-24ed-ef11-9341-00224880d526,Fini Company,suplementos deportivos,https://www.fini.es,,0,https://www.fini.es,ok_sin_productos
fce9353d-33f0-ef11-9342-000d3aaab59f,Greeneries,frutos secos y snacks,https://www.thegreenery.com,"Updates uit de keten | Dennis van Zwieten benoemd tot CCO van The Greenery | The Greenery maakt duurzame voortgang inzichtelijk | The Greenery klaar voor volgende fase - groeistrategie 2030 en zesde winstuitkering op rij | Telers Sweet Sensation verwachten een mooi seizoen | BelOrta en The Greenery gaan een TUPO oprichten: FreshAlliance | The Greenery realiseert €22,1 miljoen winst in 2024 – vijfde opeenvolgende jaar winstuitkering voor telers | Organisatie | Waardeketen | Groente en fruit zijn waardevol in elke schakel | The Greenery | Contact | Direct van de telers | Delen",14,https://www.thegreenery.com | https://www.thegreenery.com/waardeketen/producten,ok
3bc85ce4-c09b-ed11-aad1-000d3aaab651,Fazer Mills,chocolate,https://www.fazergroup.com,,0,https://www.fazergroup.com,ok_sin_productos
86268c1d-18ab-ef11-b8e9-000d3aaab59f,Azelis,nutraceuticos,https://explore.azelis.com/en_GB/es_fh,,0,https://explore.azelis.com/en_GB/es_fh,ok_sin_productos
651cf27d-24ed-ef11-9341-00224880d526,PRODUCTOS ARENAS,"especias, aromas y colorantes",https://www.productosarenas.com,,0,https://www.productosarenas.com,ok_sin_productos
fbc6962e-01de-46a6-a459-65727e8cab47,BEECO,miel,https://beeco.is,,0,https://beeco.is,ok_sin_productos
3dc95ce4-c09b-ed11-aad1-000d3aaab651,Wyldsson,suplementos deportivos,https://www.wyldsson.com,"EarthChamp Vegan Protein Powder | Home | Buy Now | Log in | Cart | 50,000 Happy Customers since 2012YAS!!! BETTER VEGAN PROTEIN POWDER SHOP NOW | Customers rate us 4.9/5 based on 1910 reviews. | About Us | Gluten-Free | Vegan | No Artificials | Privacy Policy | Terms and Conditions | facebookcom/EarthChampOfficial | instagramcom/earthchamp_/ | Belgium (EUR €) | France (EUR €) | Germany (EUR €) | Ireland (EUR €) | Luxembourg (EUR €) | Netherlands (EUR €) | United Kingdom (GBP £) | EarthChamp | Powered by Shopify | Skip to product information | Description | Ingredients | Nutrition | VANILLA PLANT PROTEIN | Nutritional Data | Per 100g | Per 35g | Energy | of which saturates | Carbohydrate | of which sugars | Fibre | Protein | Salt | CHOCOLATE PLANT PROTEIN | CHOCOLATE ORANGE PLANT PROTEIN | Vegan Nutrition | No Nasties | Versatile | Customer Reviews | Write a review | 90.3 | 100.0",48,https://www.wyldsson.com | https://www.wyldsson.com/products/vegan-protein-choc-vanilla | https://www.wyldsson.com/collections/protein | https://www.wyldsson.com/collections/all,ok
50144747-7b62-ec11-8f8f-6045bd8a321b,Foodcom SA,nan,https://www.foodcom.pl,Popularne Produkty | Najczęściej Handlowane Produkty | Branże i produkty | Blog | Newsletter Foodcom S.A. | Foodcom S.A. | Poznaj Foodcom S.A. | Kontakt | Skontaktuj się z nami,9,https://www.foodcom.pl,ok
ba967f84-a2fd-ef11-bae4-7c1e52270551,Deretil Vitatech,nutraceuticos,https://www.deretilnature.com,,0,,error_home
6e268c1d-18ab-ef11-b8e9-000d3aaab59f,Kallas Inc,nutraceuticos,https://kallasinc.com/en,PRODUCTS | Raw Materials | Additives | Οrganic / Bio Raw Materials | Nuts | Dried coconut | Dairy | Butters | Creams | Cheeses | Pasta | Tomato products | Beans | Peppers | Beetroot | Mushrooms | Kernel Corn | Caper | Fruits | Frozen Vegetables | Frozen Fruits | Frozen laminated pastry | Vinegars | Meat & Poultry | Frozen Seafood | Wet Salted Fish | Canned Tuna | Frozen potatoes | Frozen appetizers | Chickpeas | CEREALS | READ IT HERE | COOKIES NOTIFICATION | Φίλτρα | SECTORS | HORECA (8) | RETAIL (4) | INDUSTRIAL (2) | More | MOST POPULAR | Rosso (7) | Redda (2) | Crushed Tomatoes (4) | Passata tomato juice (1) | Peeled chopped tomatoes (Concase) (3) | Pizza sauce (1) | Sundried tomatoes (1) | Tomato Puree concentrate (2) | Whole peeled tomatoes (1) | PRODUCT DETAILS | Pagination | Current page 1 | Page 2 | Next page › | Last page Τελευταία » | ALL CATEGORIES,56,https://kallasinc.com/en | https://kallasinc.com/en/catalogues | https://kallasinc.com/en/entomato-products-wholesale | https://kallasinc.com/en/products-category,ok
35c95ce4-c09b-ed11-aad1-000d3aaab651,European Foods OU,nutraceuticos,https://www.iconfit.eu,"Joint Collagens | Beauty Collagens | Hydrolysed Collagen - 100% Pure | Coffee Collagen | Vitamins | Minerals | Complex Products | Active Lifestyle | General Health | Proteins | Creatine | Carbohydrates | BCAA | Shots | Diet | Superfoods | Protein Bars | Shakers | Blog | About ICONFIT | Wholesale | Login | View cart | Close | Natural superfoods to support your health | SHOP NOW | Glow up! | Learn more about our Beauty capsules. | Our most loved ICONFIT products | ICONFIT Micronised Creatine Monohydrate (300 g) | ICONFIT | View full details | ICONFIT Whey Protein 80 (500g - 1KG) | ICONFIT Joint Collagen (300g) | ICONFIT Magnesium B6 (90 Capsules) | ICONFIT Vitamin D3 4000 IU (90 Capsules) | ICONFIT Premium Omega 3 (90 Softgels) - EE | ICONFIT Vitamin C – Non-Acidic (90 Capsules) | ICONFIT Ferrum (90 Capsules) | ICONFIT Ashwagandha (90 Capsules) | ICONFIT Beauty Capsules (90 Capsules) | A hub for your health | Sports supplements | Healthy foods | Bars | Collagens | Capsules / supplements | Founded in 2013 | Award-winning manufacturer | Focus on quality and purity | Loved by customers | Let customers speak for us | Your one-stop shop for sports nutrition, vitamins & supplements | Follow us | Email ICONFIT | Find us on Facebook | Find us on Instagram | Terms & About | Terms of Sale | Privacy notice",60,https://www.iconfit.eu | https://www.iconfit.eu/collections/joint-collagens | https://www.iconfit.eu/collections/beauty-collagens | https://www.iconfit.eu/collections/pure-collagen,ok
39748481-e3c6-4397-9a0b-b90338cbe7ba,CEREALITALIA,cereales,https://www.grandazuccheri.it,,0,,error_home
15c85ce4-c09b-ed11-aad1-000d3aaab651,Makymat,panaderia,https://makymat.com/alimento,Contáctanos | Links Útiles,2,https://makymat.com/alimento | https://makymat.com/catalogo/,ok
5818c0a2-af44-49ba-a0ec-a3257ded86f6,Dido Co. Ltd,ecologico,http://www.didokorea.com,,0,,error_home
fdc85ce4-c09b-ed11-aad1-000d3aaab651,Toren Food Industry,chocolate,https://toren.com.tr,Classic Red Tablet Compound | Classic Blue Tablet Compound | Classic Purple Tablet Compound | Classic White Milk Compound Tablet | Cococoz 26 grx2 Coconut Bar | Cococoz Crunchy | Pacimo Nougat Bar Banana | Catalog | Tören Gıda San. ve Tic. A.Ş | Products | Read more | Classic Dark Compound Chocolate | Classic Espresso Milky Compound | Classic Hazelnut Milky Compound | Classic Peanut Milky Compound | Toren Wafers | Delisso Banana Cream Flavour Wafer | Delisso Caramel Cream Flavour Wafer | Delisso Cocoa Cream Flavour Wafer | Delisso Coconut Cream Flavour Wafer | Delisso Finest Cocoa Cream Flavour Wafer | Delisso Hazelnut Cream Flavour Wafer | Delisso Lemon Cream Flavour Wafer,23,https://toren.com.tr | https://toren.com.tr/catalog/ | https://toren.com.tr/products/ | https://toren.com.tr/product-category/toren-wafers/,ok
c7b23697-a1b8-4b7a-b081-de4c4bbe20c1,Griffith Foods Spain,"especias, aromas y colorantes",https://griffithfoods.com/es,"Our Product Portfolio | Seasonings | Learn More | Sauces & Dressings | Alternative Proteins | Coatings, Blends, Doughs, & More | What We Offer | Featured Craveable Impact Products | Craveable Impact: Sodium Solutions | Craveable Impact: Sustainable Solutions | Craveable Impact: Reduced Sugar BBQ Sauce | Challenge | double | Solution | Applications | Suitable for: Protein Processors, QSR and FSR, Retail, Food Manufacturers | Download Product Information | Suitable for: Protein Processors | Home | What We Do | Textures & Coatings | Functional Blends | Soups & Sides | Dough Blends | Griffith Sustainably Sourced | Let's Create Better Together. | Explore Our Product Categories",27,https://griffithfoods.com/es | https://griffithfoods.com/what-we-offer/craveable-impact/ | https://griffithfoods.com/es/what-we-do/product-portfolio/ | https://griffithfoods.com/es/what-we-offer/,ok
41c95ce4-c09b-ed11-aad1-000d3aaab651,Sluys International NV,refrescos,https://www.sluys.eu,Something to watch out for | Is this what you are looking for? | Did you know that Sluys International NV is…,3,https://www.sluys.eu,ok
2bfa791b-8cb1-ef11-b8e9-000d3aaab59f,ACI Group Ltd,nutraceuticos,https://www.alhanoon.com,,0,,error_home
62a63d35-f084-4539-b8b4-fc58f8f6d107,Dibaq PetCare,piensos mascotas,https://www.lameri.it,,0,https://www.lameri.it,ok_sin_productos
51c95ce4-c09b-ed11-aad1-000d3aaab651,"Nordmann, Rassmann Polska",nan,https://www.nordmann.com,,0,,error_home
6f28ecd9-47b1-4ddd-9ac0-707cbd41a207,Celorrio,conservas vegetales,https://www.glaces-des-alpes.fr,,0,,error_home
39c95ce4-c09b-ed11-aad1-000d3aaab651,Lakeland Dairies,"lacteos, yogures y postres lacteos",https://www.lakelanddairies.com,Farmers and Agri | Food Ingredients | Foodservice | Consumer | Join us on our Pathway | A commitment to greatness | Latest news,7,https://www.lakelanddairies.com,ok
671cf27d-24ed-ef11-9341-00224880d526,Intervan (Pictolin),agroquimico,https://www.pictolin.com,"My favorites | Shopping cart | ▸ Buy now | ▸ Start payment plan | See details | 1‑303‑893‑0552 | Since 2005, we've helped thousands of people get the perfect domain name | See more testimonials | Our promise to you | 30-day money back guarantee | Quick delivery of the domain | Safe and secure shopping | FAQs | See more FAQs | How do I transfer to another registrar such as GoDaddy? | click here | How do I get the domain after the purchase? | What comes with the domain name? | Do you offer payment plans? | How do I keep my personal information private? | Other domains you might like | PictoLingua.com | ▸ See domain | Quick stats | Pictolin | &rtrif; Buy now",26,https://www.pictolin.com,ok
fbf9791b-8cb1-ef11-b8e9-000d3aaab59f,UAB Mantinga,chocolate,https://www.mantinga.lt,MŪSŲ NAUJIENOS | PRODUKTŲ KATALOGAS 2026-2027 | VIRTUALUS KATALOGAS | NAUJIENOS | MŪSŲ PRODUKTŲ VARDAI | NAUJIENOS IŠ PIRMŲ LŪPŲ | PRODUKTAI | LENGVA SURASTI | STEBĖK. ATRASK. DALINKIS.,9,https://www.mantinga.lt,ok
79c85ce4-c09b-ed11-aad1-000d3aaab651,Queso flor Valsequillo,quesos,https://www.quesosflorvalsequillo.com,,0,https://www.quesosflorvalsequillo.com | https://www.quesosflorvalsequillo.com/productos.html,ok_sin_productos
88268c1d-18ab-ef11-b8e9-000d3aaab59f,Aminola,nan,https://www.beekeepertech.com,Who We Are | Our Vision | Our Expertise | Built on Trust. Driven by Technology. | Complete Lifecycle Support. | Our Services | Security Designed Around Real-World Operations | Contact Us,8,https://www.beekeepertech.com,ok
68fa791b-8cb1-ef11-b8e9-000d3aaab59f,HELWA WAFELBAKKERIJ BV,nutraceuticos,https://www.helwa.nl,Traditioneel | Proteïne | Specials | Zonder toegevoegde suikers | Vegan | Glutenvrij,6,https://www.helwa.nl,ok
1f906f19-213a-f011-b4cc-6045bdf32f25,Kemin,golosinas,https://www.kemin.com,"Plant Science | Social Responsibility | Innovation and Technologies | Choose Your Location: | Popular Searches | 120 | 500+ | Connect With Us | Products | Company | Careers | In This Section | Key Benefits: | Formulation Options | FloraGLO Benefits to the Eyes | Resources | Want to learn more about FloraGLO Lutein? | Sustainable, Clean Label Ingredient for Food Stability | Sustainably Grown Rosemary Extract for Consistent, Reliable Quality | A Natural Organic Rosemary Extract Solution: FORTIUM®R30 OR | Fats and Oils Shelf Life Solution | Have a Question about the FORTIUM R Product Line? | Features and Benefits | How Does LYSOFORTE EXTEND Work? | Proven Results Across All Species | Designed for Feed Professionals | Tailored Nutrition Solutions | Ready to optimise your feed strategy?",28,https://www.kemin.com | https://www.kemin.com/eu/en/markets/human-nutrition/products/carotenoids/floraglo-lutein-platforms/eye-health | https://www.kemin.com/eu/en/markets/food/products/fortium-r | https://www.kemin.com/eu/en/markets/animal/products/lysoforte,ok
90e2f802-5b6d-40fc-be89-aae61d33a9ce,InLeit Ingredients,"lacteos, yogures y postres lacteos",https://inleitingredients.com,"Your challenges, our innovation | Our Team | Our Plant | Local Farms | Pilot Plant | Advantages of maintaining a low spore level: | Higher safety standards | Extended shelf life | Superior quality | Regulatory compliance | Farms | During Collection | At our facilities | Sport Nutrition | Clinical Nutrition | Dairy | Cheese | Bakery | Café Latte | Clear WheyPro | Cocoa Shake | Mango WheyPro | Vanilla Shake | 31% Protein Bar | Instant Protein Powder | Clear Whey Mojito Shake | Low-Fat Yogurt | Vanilla Pudding | Protein Cookie Baking Mix | Cocoa Pudding | Subscribe to our Newsletter | InLeit Ingredients, S.L.U. | Relevant Information | Find Us on Social Media | InLeit Policies | EINF: Non-financial information statement | EINF: Estado de información no financiera | Políticas InLeit | CATALOG | InLeit Revolutionizes Sports Nutrition with its Innovative Clear Drink Series | Read more | InLeit and the SDGs: progress towards more responsible production | Equality and respect within our team | Assessment and continuous improvement",44,https://inleitingredients.com | https://inleitingredients.com/es/our-products/ | https://inleitingredients.com/our-products/ | https://inleitingredients.com/inleit-and-the-sdgs-progress-towards-more-responsible-production/,ok
0b906f19-213a-f011-b4cc-6045bdf32f25,Beetopia,miel,https://www.deemah.com,Biscuits & Cookies | Cakes | Snacks | Nuts | Candies,5,https://www.deemah.com,ok
b6967f84-a2fd-ef11-bae4-7c1e52270551,Sameca PQ,galleteros,https://www.sameca.com,Your partner for chemicals | Conheça os nossos produtos | KNOW OUR PRODUCTS | CONNOISSEZ NOS PRODUITS | Conozca nuestros productos,5,https://www.sameca.com,ok
7c268c1d-18ab-ef11-b8e9-000d3aaab59f,Didden,salsas y aderezos,https://diddenfood.com/en,"Navigation principale | Our Products | Menu Pied de page | Burger Sauce - 5,23 € | Dressing Pickles - 4,18 € | Hot Roasted Onion - 5,23 € | Roasted Sesame Dressing - 5,97 € | Sweet Pepper & Onions - 5,23 € | Trio of Belgian Confits - 9,58 € | Truffle dressing - 9,77 € | Wholegrain Mustard - 3,34 € | Wild garlic dressing - 4,18 € | Andalusian - 4,20 € | Mayonnaise - 4,12 € | Piccalilli - 3,07 € | Archiduc | Bearnaise | Fish | Green Pepper | Hollandaise | Ardennes onion confit - 3,25 € | Cooked cranberries - 4,09 € | Fig confit - 4,25 € | Figs with Porto - 3,42 € | Onion Confit - 3,25 € | 1001 Nights confit | Aioli - 4,41 € | Apple-Pear Confit with Cinnamon - 3,42 € | Apples with Calvados - 3,29 € | Balsamic Dressing - 3,69 € | Bearnaise - 4,20 € | Bearnaise Organic | Black cherries - 3,29 € | Choron | Classic gift box - 10,76 € | Cocktail - 4,11 € | Cocktail Organic | Curry | Dijon Mustard - 4,71 € | Dressing Orange Rosemary - 4,01 € | Fine Champagne | Forest fruit confit - 3,42 € | Forest fruit Confit with sherry vinegar | Game Sauce | Hamburger sauce - 4,77 € | Homardine | Honey Mustard - 4,38 € | Mango confit with Ginger - 3,42 € | Martino - 5,09 € | Mussels - 4,55 € | Mustard - 2,52 € | Mustard with Cranberries | Onion confit with gingerbread | Onion confit with Orange - 3,50 € | Onion Confit with Yuzu - 5,38 € | Orange Confit | Orange Sauce | Organic Mango Confit with Ginger | Organic Mayonnaise | Party set - 14,42 €",60,https://diddenfood.com/en | https://diddenfood.com/en/products | https://diddenfood.com/en/products/confits/the-confits | https://diddenfood.com/en/products/dressings,ok
e1d7cfdd-b49d-ee11-be37-000d3aaab965,AJINOMOTO JAPAN,nutraceuticos,https://www.arabfood.com,The Leading Arab Food Trade Gateway | Food Supply & Trade Logistics | Official Food Document Certification | Document Certification | Contact Information,5,https://www.arabfood.com,ok
54144747-7b62-ec11-8f8f-6045bd8a321b,Inexall d.o.o.,nutraceuticos,https://en.inexall-company.com,"A partnership based on trust! | Citrics | Gluconate | Lactics | Special Salts | Sweeteners | Preservatives | Enzymes | Alginates | Others | Starches native, modified & derivates | Amino acids | Acidity regulators | Antioxidants",14,https://en.inexall-company.com | https://en.inexall-company.com/products,ok
63c95ce4-c09b-ed11-aad1-000d3aaab651,Sunar Misir,nan,https://www.sunarmisir.com.tr/en,"Sunar Mısır Cares AboutEnvironment, Social Well-Being and Human Health | Your Global Partner for Ingredient Solutions | Sunar Mısır | Leading Sorbitol Maltitol Manufacturer of Türkiye | VISIT US AT TRADE SHOWS | Brand Portfolio | Login | Home | ÜRÜN FİLTRESİ | Products | Polyol | Sunsorb® Sorbitol | Maltitaste® Maltitol | Starch and Derivatives | Glucose-Fructose Syrup | Glucose Syrup | Sodium Gluconate | Application Areas | Food | Bakery Products and Biscuits | Baklava Sherbet and Dough Based Dessert | Beverages | Cake | Caramel | Cereal Bars | Dairy Dessert | Chewing Gum | Chewing Gum Coating | Chocolate | Custard Powder & Cream Filling | Dried Fruit | Fondant | Fruit Filling | Halvah | Hard Candies | Ice Cream | Instant Soup and Pudding | Jam and Marmalade | Jam Filling | Polyol 4 Products | Starch and Derivatives 8 Products | Glucose-Fructose Syrup 5 Products | Glucose Syrup 4 Products | Sodium Gluconate 1 Product | SCG 40 Glucose Syrup | SCG 60 Glucose Syrup | SM 40 Maltose Syrup | SM 50 High Maltose Syrup | Quick View",49,https://www.sunarmisir.com.tr/en | https://www.sunarmisir.com.tr/en/urun-kategorisi/products/ | https://www.sunarmisir.com.tr/en/urun-kategorisi/products/glucose-syrup/,ok
43c95ce4-c09b-ed11-aad1-000d3aaab651,United Chemicals,nan,https://www.omya.com,Locations | Careers | Contact us | Omya Group | Sustainability | Innovation | Suppliers | Global Compliance Center | Plüss-Staufer Pension Fund | Vacancies | LinkedIn | Youtube | Website terms and conditions | Data protection notice | Consent choices | Purchase terms and conditions | Sales terms and conditions | Sitemap | Omya Homepage | Reporting line | Omya Specialty Materials | Industries | Building and construction | Engineered wood products | Water treatment | Product Calculator,26,https://www.omya.com | https://www.omya.com/en/omya-group/global-compliance-center/reporting-line | https://www.omya.com/en/omya-specialty-materials/industries/building-and-construction/engineered-wood-products | https://www.omya.com/en/omya-specialty-materials/industries/water-treatment/product-calculator,ok
90268c1d-18ab-ef11-b8e9-000d3aaab59f,PPHU DARPOL Sp. z o.o.,"especias, aromas y colorantes",https://www.darpol.eu/en,They trusted us | The recipe for success | Possibility to create your own mix | Always fresh products | Short delivery time | Quick response to consumer trends | Training for employees | Different sizes of packaging | The taste of success in Numbers | Matching spices for every industry | Meat industry | Bakeries | Wholesales | Catering and restaurants | Ensure the unchanging quality and efficiency of your business,15,https://www.darpol.eu/en,ok
11906f19-213a-f011-b4cc-6045bdf32f25,IFF,medicamentos,https://www.iff.com,"IFF report finds GLP-1 is reshaping food choices and eating behaviors among Indian consumers | IFF launches SENSORA™, an innovative pro-fragrance technology platform | IFF launches first-of-its-kind stabilizer system in Europe, the Middle East and Africa | IFF and ISIPCA Mark 10 Years of Joint Scent Design and Creation Master’s-Level Program | IFF’s 2025 Do More Good Report Highlights Progress in Nature-Based Innovation | IFF opens Vanilla Innovation Center in Madagascar | Your Experiences, Our Technologies | Our Solutions | Food & Beverage | Scent | Health Sciences | Beauty & Personal Care | Home Care | Grain Processing | Animal Nutrition & Health | Industrial Markets | Life-Cycle Assessment (LCA): Calculating the Path to GHG Reductions in IFF Products & Supply Chain | Responsible Vanilla Sourcing: Building Resilient Supply Chains | From Field to Circular Value: Rosemary’s Role in IFF’s Bioeconomy Innovation | Your Input Drives Our Future | Our Latest Stories | IFF to Webcast Fireside Chat at Barclays Global Consumer Conference on Sept. 10 | IFF Reports Second Quarter 2026 Results; Announces Use of Proceeds Plan for Food Ingredients Divestiture | IFF Declares Dividend for Third Quarter 2026 | Society of Baking, UK | Ethanol 101 Workshop | Our Work | Agitating Your Laundry and Disrupting the Market | Bittersweet and Salty: Modulating Your Senses | The Polymer Bio-Revolution Has Begun | Why Partner With Us? | $671M | Responsible Sourcing | +200,000 | Clean Label: Beyond a Trend | The Benefits of Clean Label Solutions | Clean Label Formulation | The Challenge | The Solution | A Simple and Lean Ingredient List | Sustainably Sourced Ingredients | Natural Colors | Transform Ideas into Market-Ready Innovations | Food & Beverage Ingredients | Our Ingredient Portfolio | Emulsifiers | Food Protection | Fruit Pieces & Paste | Gelato Flavor & Paste | Hydrocolloids / Texturants | Protein Solutions | System Blends | Sweeteners | Inventive Food & Beverage Inclusions | GUARDIAN® SYNEROX | SUPRO® TEX | Meet Our Experts | Latest News & Insights | Weight-Management Solutions: Supporting Consumers on GLP-1s and Other Medications | ASK THE EXPERTS: Don’t Cry Over Spilled Milk – Let’s Minimize Food Waste in Dairy",60,https://www.iff.com | https://www.iff.com/food-beverage/clean-label-solutions/ | https://www.iff.com/food-beverage/food-ingredients/ | https://www.iff.com/scent/consumer-products/,ok
3c144747-7b62-ec11-8f8f-6045bd8a321b,UTS,nan,https://utsrus.com,"Филиал ЕТС в Китае отметил 20-летний юбилей | ЕТС — официальный спонсор хоккейной команды «Динам... | ГК ЕТС расширяет международное сотрудничество: виз... | ГК ЕТС провела крупный кондитерский форум «Сладкая... | Наши специализации | О нас | География компании | Устойчивое развитие | Техническая поддержка клиентов | Новости | Предлагаем помощь в подборе аналогов химического сырья | БЫТОВАЯ ХИМИЯ И КОСМЕТИКА | ВОЛОКНА И ТЕКСТИЛЬ | ГОРНАЯ ХИМИЯ | КОМПОЗИТЫ | КОРМОВЫЕ ДОБАВКИ | НЕФТЬ И ГАЗ | ОБЩАЯ И СПЕЦИАЛЬНАЯ ХИМИЯ | ПИЩЕВЫЕ ИНГРЕДИЕНТЫ | ПОЛИУРЕТАНЫ | ПЛАСТИКИ И ДОБАВКИ | ПОКРЫТИЯ | РАСТВОРИТЕЛИ | РЕЗИНОХИМИЯ | СТРОИТЕЛЬНАЯ ХИМИЯ | ФАРМАЦЕВТИКА | Экспорт химических материалов | Строительные системы | CAS: | Формула: | 2-Ethyl Hexyl Palimtate CAS: 29806-73-3 Формула: 2-Ethylhexyl Palimtate | 2-Ethyl Hexyl Stearate CAS: 22047-49-0 Формула: 2-Ethylhexyl Stearate | 2-этилгексил ацетат (2EH Acetate) CAS: 103-09-3 Формула: 2-Ethylhexyl acetate; 2EH Acetate | 2-этилгексиламин (2-EHA/2-ЭГА) | 2-этилгексилнитрат (2-ЭГН) Формула: 2-этилгексилнитрат | 2-этилгексиловый эфир 2,4 Д кислоты | 2,4 Д кислота | Acralen SNX 7675 Формула: дисперсия бутадиен-стирольная | AF REAGARD | Allantoin CAS: 97-59-6 Формула: Allantoin | Amodimethicone CAS: 71750-80-6 Формула: AMODIMETICONE | AquaJuve Delta | AquaJuve Q Mix CAS: 9067-32-7/ 122-99-6 Формула: INCI: Water/Sodium Hyaluronate/Phenoxyethanol | Arsilad DP | ARSILAD K28 | ARSILAD VS | AstoCELL G60T / (25кг) CAS: 9004-65-3 Формула: Модифицированный гидроксипропилметил целлюлозы | ASTODEP 300 СМС CAS: 9004-32-4 | Astoflex 5050 iE Формула: Изопропиловый спирт & Этилацетат | Astoflex 8020 CAS: 109-60-4, 71-23-8 Формула: Н-пропанол & Н-пропилацетат | Astoflex 8020 E CAS: 109-60-4, 71-23-8 Формула: Н-пропанол & Этилацетат | Astoflex 8020 iE Формула: Изопропиловый спирт & Этилацетат | Astoflex 8515 CAS: 109-60-4, 71-23-8 Формула: Н-пропанол & Н-пропилацетат | Astoflex 8515 E CAS: 71-23-8, 141-78-6 Формула: Н-пропанол & Этилацетат | Astoflex 8515 iE CAS: 141-78-6, 67-63-0 Формула: Изопропиловый спирт & Этилацетат | Astoflex 9010 CAS: 71-23-8 Формула: Н-пропанол & Н-пропилацетат | Astoflex 9010 E CAS: 109-60-4, 71-23-8 Формула: Н-пропанол & Этилацетат | Astoflex 9010 iE Формула: Изопропиловый спирт & Этилацетат | Astoflex 9505 Формула: Н-пропанол & Н-пропилацетат | Astoflex 9505 E CAS: 64742-48-9 Формула: Н-пропанол & Этилацетат",60,https://utsrus.com | https://utsrus.com/catalog | https://utsrus.com/all-products/all | https://utsrus.com/catalog/bytovaya-himiya-i-kosmetika-1823,ok
62144747-7b62-ec11-8f8f-6045bd8a321b,Chemco Ireland,nan,https://www.chemco.ie,Distribution | Logistics,2,https://www.chemco.ie,ok
6f89f2b2-f69b-4cf5-a1c9-9fe4c96d5e09,Beurrespa SLU,"lacteos, yogures y postres lacteos",https://www.beurrespa.es,"Proveedores de leche y derivados | BEURRESPA SL | Productos lácteos de primera calidad | Preguntas frecuentes sobre nuestra empresa | ¿Qué nos distingue como fabricante y distribuidor de productos lácteos? | ¿Cuál es nuestra especialidad como proveedores de derivados de leche? | ¿Cómo definimos nuestra propuesta de valor en el ámbito de los lácteos de alta gama? | ¿Qué productos se pueden ver en nuestro catálogo como fabricante y distribuidor de lácteos? | ¿Qué garantías ofrecemos para asegurar que nuestros lácteo cumplen con los estándares más exigentes? | Proveedores de derivados lácteos | Proveedores de derivados de leche | Nuestros productos | Productos en Polvo | Distribuidor de quesos | Líquidos | Mantequilla y AMF | Presupuesto | Productos lácteos en polvo | Leche desnatada en polvo (SMP) | también disponible en orgánico | Leche en polvo entera (FCMP) | también disponible en orgánico | Lactosa también disponible en orgánico | Lactosuero dulce en polvo (SWP) también disponible en orgánico | Concentrado de proteína de suero de leche WPC | también disponible en orgánico | Aislado de proteína de suero de leche WPI | también disponible en orgánico | Concentrado de proteína de leche MPC | también disponible en orgánico | Aislado de proteína de leche MPI | también disponible en orgánico | Concentrado de caseína micelar MCC | también disponible en orgánico | Caseinato | Caseína también disponible en orgánico | Suero de leche en polvo | Permeato de leche también disponible en orgánico | Mazada (BMP) | Nata en polvo | también disponible en orgánico | Mantequilla en polvo | Yogur en polvo, Kéfir en polvo, Skyr en polvo | Calcio de la leche | Queso en polvo | Oveja | Cabra | Distribuidores de leche en polvo​ | Proveedores de leche en polvo industrial | Presupuesto para productos de leche en Polvo | Distribuidor y proveedor de caseinatos de sodio y calcio | caseinato en polvo | ¿Cómo se obtiene el caseinato de sodio y el caseinato de calcio? | Caseinato de calcio | Caseinato de sodio | Embalaje del caseinato",48,https://www.beurrespa.es | https://www.beurrespa.es/productos/ | https://www.beurrespa.es/productos/productos-en-polvo/ | https://www.beurrespa.es/productos/caseinato-en-polvo/,ok
8cc95ce4-c09b-ed11-aad1-000d3aaab651,HELWA WAFELBAKKERIJ BV,panaderia,https://www.helwa.nl,Traditioneel | Proteïne | Specials | Zonder toegevoegde suikers | Vegan | Glutenvrij,6,https://www.helwa.nl,ok
15c95ce4-c09b-ed11-aad1-000d3aaab651,LABONATHUS BIOT. INTER. LTDA,nutraceuticos,https://labonathus.com.br/products,Innovative and high-technology solutions,1,https://labonathus.com.br/products | https://labonathus.com.br/products#pll_switcher | https://labonathus.com.br/en/products/,ok
17c95ce4-c09b-ed11-aad1-000d3aaab651,First Stevia Sweet Shop,pasteleria,https://stevialux.eu,COFFEE 3in1 STEVIA LUX ACTIVE | FRUIT CAKE | MADEIRA CAKE | HEART BALLOTIN ASSORTED | COFFEE 3in1 STEVIA LUX CLASSIC | STEVIA LUX CONFECTIONERY | BALLOTIN 18 TRUFFLES ASSORTED | GIFT BOX WITH BISCUITS STEVIA | STEVIA LUX FOR TEA AND COFFEE | TIRAMISU WITH LADYFINGERS | PINEAPPLE CAKE | FRENCH VILLAGE CAKE | MOCHA CAKE | HEART BOX CHOCOLATE | BALLOTIN 16 TRUFFLES ASSORTED | HEART BOX | BALLOTIN ASSORTED 18 CHOCOLATE PRALINES | Home | Catalog,19,https://stevialux.eu | https://stevialux.eu/en/catalog,ok
bdc85ce4-c09b-ed11-aad1-000d3aaab651,"KALLAS INCORPORATION, S.A.",platos preparados,https://kallas.com.cy,ΠΡΟΪΌΝΤΑ | ΟΛΑ ΤΑ ΠΡΟΪΟΝΤΑ | Α 'Υλες | Αλλαντικά | Βούτυρα | Γαλακτοκομικά | Γκουρμέ Τρόφιμα | Ελιές | Ζυμαρικά | Ζωμός και Μπαχαρικά | Τρόφιμα σε Κονσέρβα | Κρέμες Γάλακτος | ΚΤΨ Αλιέυματα | ΚΤΨ Κρέατα & Πουλερικά | ΚΤΨ Λαχανικά | ΚΤΨ Πατάτες | ΚΤΨ Προϊόντα Αρτοποιίας & Ζαχαροπλαστικής | ΚΤΨ Προμαγειρεμένο Φαγητό | ΚΤΨ Φρούτα | Λάδια & Ξύδια | Μέλι & Μαρμελάδες | Μεξικάνικα | Ρύζι | Σάλτσες & Καρυκεύματα | Σνακ | Τοματικά | Τρόφιμα Φυτικής Προέλευσης | Τυριά | Φυτικά Ροφήματα,29,https://kallas.com.cy,ok
86c95ce4-c09b-ed11-aad1-000d3aaab651,SEMPIO FOODS COMPANY,frutos secos y snacks,https://www.sempio.com,"바로가기 링크 | 관련사이트 | 공식 SNS 채널 | 고객지원실 | 샘표식품 주식회사 | ㈜ 이니시스 구매안전서비스 | 새미네부엌 | 우리맛 연구 | 우리맛 체험 | 샘표 소개 | 지속가능경영 | 제품 소개 | 마이페이지 | 고객센터 | BRAND SITE | blog | instagram | 즐거운 요리 혁명 | 요리가 놀이다 | 브랜드 스토리 즐거운 요리 혁명 새미네부엌 | 즐거운 요리 혁명 새미네부엌 | 새미네부엌 김치양념 신선한 채소로 갓 만들어 맛있게! | 신선한 채소로 갓 만들어 맛있게! | 새미네부엌 샤브샤브 소스 붓기만 하면 전문점의 맛 그대로 | 붓기만 하면 전문점의 맛 그대로 | 새미네부엌 요리소스 추가 양념 없이 소스 하나로 맛있게! | 추가 양념 없이 소스 하나로 맛있게! | 김치양념 | 요리소스 | 샤브샤브소스 | facebook | youtube | kakaostory | 자연 재료의 참맛이 살아야 진짜 맛있는 요리 | 순식물성 콩발효 에센스 | 자연재료를 구운 비법육수 연두링 | 브랜드 스토리 자연의 참맛 살리는 요리에센스 연두 | 자연의 참맛 살리는 요리에센스 연두 | 연두 순식물성 콩발효에센스 | 연두링 자연 재료를 굽고 우려낸 비법육수 | 자연 재료를 굽고 우려낸 비법육수 | 계절의 참맛을 즐겨요! 연두 제철 레시피 | 지구까지 생각해요! 연두 채식 레시피 | 스페인 알리시아 및 국내외 셰프들의 연두레시피 | 식문화의 원천, 샘을 찾다 | 세계 각 나라의 정통의 맛을 담다 | 본고장의 맛을 우리 식탁에 전하다 | 브랜드 스토리 유럽 정통의 맛 폰타나 | 유럽 정통의 맛 폰타나 | 맛으로 떠나는 이탈리아 폰타나 맛으로이탈리아를 사랑하다 | 폰타나 맛으로이탈리아를 사랑하다 | 식재료 이야기 궁금한 이야기, 발사믹 | 궁금한 이야기, 발사믹 | 파스타 소스 | 파스타 면 | 스튜&리조또 | 스프레드 | 고기소스 | 오일 & 발사믹",59,https://www.sempio.com | https://www.sempio.com/product/semiekitchen | https://www.sempio.com/product/yondu | https://www.sempio.com/product/fontana,ok
d1d7cfdd-b49d-ee11-be37-000d3aaab965,HERMES PHARMA,agroquimico,https://www.hermes-pharma.com,Orally disintegrating granules | Chewable tablets | Effervescent tablets | Instant drinks | Lozenges | HERMES PHARMA – EVERYTHING YOU NEED FROM product design to manufacturing | Get the dose right – Work with Hermes pharma | Partnership | Innovation | Experience | News & media center | Looking Ahead: Join Us at CPHI 2026 in Milan! | Co-creating the Future of Consumer Health | Shaping the Consumer Healthcare Industry: a CEO’s Perspective on Innovation and the Future of Consumer Health in Europe | Safety Meets Accessibility: Creating the Ideal Packaging for On-The-Go Dosage Forms | Effervescent Evolution: New Technologies and Method Revitalize a Time-Tested Dosage Form | HERMES PHARMA Receives Recognition for Research Excellence from German Government,17,https://www.hermes-pharma.com,ok
501cf27d-24ed-ef11-9341-00224880d526,Mrs. Bector´s,piensos mascotas,https://www.mrsbectors.com,,0,,error_home
8ac95ce4-c09b-ed11-aad1-000d3aaab651,FOOD UNION,helados,https://www.foodunion.com,"Ikoniski zÄ«moli | Milka | Oreo | Pols | Ekselence | Tio | Karlsons | MÄs veidojam augstÄkÄs kvalitÄtes saldÄjuma segmentu, vienlaikus rÅ«pÄjoties par vides un sociÄlo atbildÄ«bu. | Vide un sabiedrÄ«ba | FRONERI ceÄ¼Ä uz mazÄku ietekmi uz vidi! | Nuii P.E.A.C.E. projekts NamÄ«bijÄ uzstÄda 40 ar saules enerÄ£iju darbinÄmas Å«dens akas. | Nuii atbalsta apdraudÄto koalu populÄcijas atjaunoÅ¡anu savvaÄ¼Ä AustrÄlijÄ. | Pabeigta Nuii ZiloÅu izglÄ«tÄ«bas centra bÅ«vniecÄ«ba sadarbÄ«bÄ ar EHRA NamÄ«bijÄ | Pateicoties mÅ«su spÄcÄ«gajiem zÄ«moliem, lielÄkajÄ daÄ¼Ä tirgu, kuros darbojamies, esam 1. vai 2. vietÄ. | Froneri pasaulÄ | Katie Henderson | Rock Mwanza | Yuliia Pravoslavna | Harri Pesonen | Rangi Monga | Dragana Dimovic | MÅ«su augstÄkÄs kvalitÄtes saldÄjumu raÅ¾ojam modernÄs rÅ«pnÄ«cÄs seÅ¡os kontinentos. | Vai vÄlies uzzinÄt vairÄk?",23,https://www.foodunion.com,ok
82c49a9f-3f7e-ee11-8179-000d3aaab965,DERMISIS BISCUIT COMPANY,"especias, aromas y colorantes",https://www.lacanditoria.it,,0,,error_home
77c85ce4-c09b-ed11-aad1-000d3aaab651,Queso flor Valsequillo,quesos,https://www.quesosflorvalsequillo.com,,0,https://www.quesosflorvalsequillo.com | https://www.quesosflorvalsequillo.com/productos.html,ok_sin_productos
3eb91060-3944-4dd1-a845-3e761817b699,Glanbia,nan,https://www.glanbia.com,Glanbia appoints Wendy Chang Smith as Chief Financial Officer Designate | 2026 Half Year Results | Q1 2026 Interim Management Statement | Full Year 2025 Results | Transforming & performing | Investors,6,https://www.glanbia.com,ok
6ffa791b-8cb1-ef11-b8e9-000d3aaab59f,Mantinga,nutraceuticos,https://www.mantinga.lt,MŪSŲ NAUJIENOS | PRODUKTŲ KATALOGAS 2026-2027 | VIRTUALUS KATALOGAS | NAUJIENOS | MŪSŲ PRODUKTŲ VARDAI | NAUJIENOS IŠ PIRMŲ LŪPŲ | PRODUKTAI | LENGVA SURASTI | STEBĖK. ATRASK. DALINKIS.,9,https://www.mantinga.lt,ok
791cf27d-24ed-ef11-9341-00224880d526,Lázaro (Mr. Brownie),alternativas a lacteos,https://www.mrbrownie.es,,0,,error_home
751cf27d-24ed-ef11-9341-00224880d526,Francois Doucet,frutos secos y snacks,https://www.francois-doucet.fr,,0,,error_home
b6fd43b1-42a9-422f-ac1a-33ef58f1b2ac,Casa Mendes Gonçalves,salsas y aderezos,https://casamg.pt,,0,https://casamg.pt,ok_sin_productos
98c95ce4-c09b-ed11-aad1-000d3aaab651,PROVA,"especias, aromas y colorantes",https://www.prova.fr/es,"Suscríbete a nuestro boletín | Sigamos en contacto | Recibir todas las noticias | Síguenos en redes sociales | ¿Un proyecto, un consejo? | Universo Galletas y cereales | Universo Nutrición | Universo Productos lácteos | Universo Confitería | Universo Chocolate | Universo Helados | Universo Bebidas | Universo 100% vegetal | Univers Prova Gourmet | Gama Cacao | Gama Orgánico y Sostenible | Gama Café | Gama Caramelo | Gama Soluciones funcionales | Gama Vainilla | Protec® : Moduladores naturales del sabor | EQUIPO DEDICADO A SU ÉXITO Y SOLUCIONES A MEDIDA | Nuestros extractos y sabores adaptados a tus necesidades | Notas lácteas | Creaciones gourmet | Frucos secos | Vainilla | Nuestras fortalezas | Para ir más allá",29,https://www.prova.fr/es | https://www.prova.fr/es/solutions-aromatiques/ | https://www.prova.fr/es/gamme/solutions-aromatiques-fonctionnelles/,ok
c6c28f91-e157-f011-877a-6045bd92f5a8,RHEI LIFE DOO,"especias, aromas y colorantes",https://www.rhei.life,,0,,error_home
4a1cf27d-24ed-ef11-9341-00224880d526,Sucralliance,frutos secos y snacks,https://www.sucralliance.com,Un groupe 100% français et familial | 450 | 105 M€ | 24 500 T | Quelques chiffres | Le groupe Sucralliance c’est : | Le mot de notre président | Notre implantation | Un groupe 100% Français composé de trois entreprises à fort ancrage régional | Nos entreprises | Nos engagements,11,https://www.sucralliance.com,ok
ace021a4-0eb8-4adb-bde1-50a5013d73f3,Rimon chemicals,nutraceuticos,https://rimonchemicals.com,Our values | The Cutting Edge of Business | Our Performance | Knowledge and Expertise | Innovation | Integration | Our Success Story | A letter from the CEO | The Best Of Us | Our Broad Range of Services | Technical advice and Consultation | Sustainable supply chain | Unique marketing claims and solutions | Quick Links | Contact Us | Cosmetics and Personal Care | Extracts | Food and Beverage | Industrial | Nutraceuticals | Pharmaceutical APIs | Pharmaceutical Excipients | Pharmaceuticals | Road Construction | Veterinary | Semi-Solid Dosage Forms/ Topical Application | Ready-to-Use Excipient Composite | Coating Agents | Miscellaneous/ Additives | Liquid Dosage Form | Solid Dosage Form | Urogenital | Respiratory | Ophthalmic | Oncology | Musculoskeletal | Immunology | Endocrine | Dermatological | Cardiovascular | Anti-Inflammatory | Anti-Infective | Antidotes | Warm Mix Asphalt | All Types Of Asphalt Mixes | Two In One AC Duopave | Elastomer Modified Asphalt Concrete | Stone Mastic Asphalt Binder Courses | Stone Mastic Asphalt | Noise-Reducing Stone Mastic Asphalt | Vitamins | Feed Additives | Excipients | APIs | Surfactants | Preservatives | Laundry Care | Hard Surface Cleansers | Fragrances | Dish Wash,60,https://rimonchemicals.com | https://rimonchemicals.com/portfolio/ | https://rimonchemicals.com/rimon-portfolio/,ok
ec55d735-b8b8-43f8-9eae-b9498d4ed0c4,IRONMAXX,"especias, aromas y colorantes",https://www.ironmaxx.de,"Maxxers (24x49g) - Peanut Caramel | Softbite (12x50g) - Peanut Caramel | Proteino (12x30g) - White Chocolate Pistachio | Wafix (24x39g) - White Peanut Caramel | Iced Matcha Latte (400g) - Matcha | Sahne Protein (500g) - Sahne | 100% Vegan Protein Zero (500g) - Vanilla Cookie Dough | 100% Whey Protein (500g) - Cinnamon Churro | SqueeZero (65ml) - Strawberry Daiquiri | SqueeBarista (65ml) - Hazelnut Bliss | Flavour Drops (50ml) - Schokolade | Upper Shot ZERO (60ml) - Cola | Creatine Monohydrate Sticks (30x3,4g) | Krea7 Superalkaline - 90 Tabletten | Maltodextrin (2000g) | 100% EAAs Zero (500g) - Wild Berries | Magnesium - 130 Kapseln | Hellfire® - 150 Tricaps® | Collagen Powder (500g) - Neutral | Ashwagandha Ultra Strong - 90 Tabletten | Leggins | Tops | Accessories | Übersicht | Trainingsziele | Outlet | Blog | Über Uns | FLAVOR BOMB | 100% WHEY DUBAI CHOC. | HIGH PROTEIN BOWLS | BUNDLE AKTION | Top Athleten Erfolg beginnt mit Vorbildern – das sind unsere | Softbite (12x50g) - White Chocolate Pistachio | IronMaxx Cup V3.0 (1200ml) - Anthrazit | Proteccino (500g) - Cappuccino | SqueeZero (65ml) - Lemon Ice Tea | Softbite (50g) - White Chocolate Pistachio",38,https://www.ironmaxx.de | https://www.ironmaxx.de/collections/neuheiten | https://www.ironmaxx.de/products/softbite-12x50g-white-chocolate-pistachio | https://www.ironmaxx.de/products/softbite-50g-white-chocolate-pistachio,ok
95c85ce4-c09b-ed11-aad1-000d3aaab651,Givaudan,suplementos deportivos,https://www.givaudan.com,"Taste & Wellbeing | Fragrance & Beauty | Our Company | Sustainability | Careers | Our stories | Our highlights in 2025 | Events calendar | Find us in our locations | About us | Stay informed | Givaudan hubs | Services | Stock price | In June, Givaudan announced that it has reached an agreement to acquire a majority stake in Eurofragance. | Vollmens Fragrances and Belle Aire Creations join Givaudan in 2025. | Amyris joins Givaudan in 2023. | In 2021, Custom Essence, Myrissi, DDW The Color House and 25% of b.kolor make up & skin care join Givaudan. | Alderys joins Givaudan in 2020. | Naturex joins Givaudan together with Centroflora Nutra and Expressions Parfumées. | Activ International and Vika join Givaudan. | Spicetec joins Givaudan. | Acquisition of Induchem. | Soliance joins Givaudan. | Acquisition of Quest International, enabling Givaudan to become the undisputed leader in flavours and fragrances. | Acquisition of International Bioflavors Inc. (IBF), a US fermentation technology company. | Acquisition of FIS, the flavourdivision of Nestlé. | The ‘World’s 50 Best Restaurants List’ is launched, later to include celebrated chefs from Givaudan’s Chef’s Council. | Givaudan launches TasteTrek® to explore a world of flavours. | Acquisition of US flavours company Tastemaker, making Givaudan-Roure the world’s largest flavours organisation. | Givaudan-Roure wins first Fragrance Foundations FiFi® Technological Breakthrough Award with ScentTrek®. | Givaudan invests in Asia and expands in high growth markets. | Givaudan and Roure merge under Hoffmann-LaRoche. | Xavier Givaudan, aged 97, sells the business to Hoffmann-LaRoche. | Givaudan expands to Latin America. | Givaudan enters the flavours business with the acquisition of Esrolko SA. | Ernest Guenther, a chemist at Fritzsche, Dodge & Olcott publishes The Essential Oils, still a standard of trade today. | Establishes an olfactory apprenticeship, later leading to our world-renowned Perfumery School. | ‘Shocking’ is one of the first designer fragrances created by perfumers from Roure-Bertrand. | Givaudan and others pioneer synthetic fragrance ingredients and promotes use of fragrances in consumer products. | First use of chemical transformation to obtain flavours. | Fries & Fries develop a method for flavours in powder form. | Roure’s work with ‘absolutes’ to extract floral essences wins the Grand Prize at the Universal Exhibition of Paris. | Léon and Xavier Givaudan embark on a rich journey with the founding of Givaudan in Zürich, Switzerland. | Kurt Oestreich and Westfälische Essenzenfabrik are founded and herald the birth of the flavours industry. | Claude Roure establishes Roure-Bertrand & Fils providing aromatic plants and essential oils such as jasmine and rose. | Dodge & Olcott began importing and selling essential oils as cookery gets more elaborate. | Antoine Chiris enters the world of fragrances by harvesting flora and fauna. | Consumer favourites | It’s easy to tell whether we like or dislike food, but what makes a food experience truly great? | Exceeding consumer desires",51,https://www.givaudan.com | https://www.givaudan.com/our-company/rich-heritage/timeline | https://www.givaudan.com/taste-wellbeing/feel-good/taste-collections | https://www.givaudan.com/taste-wellbeing/feel-good/taste-solutions,ok
35fa791b-8cb1-ef11-b8e9-000d3aaab59f,Ulrick & Short,golosinas,https://www.ulrickandshort.com,,0,,error_home
0e906771-764f-47af-93f9-6d6e66c10ac5,DataSweet Online GmbH,nan,https://www.datasweet.info,DATASWEET | Welcome to Datasweet | Services | Training | Lab Equipment Store | Book Store | Ingredients Directory | Machine Directory | We Help You on Your Digital Journey | Assisted Reality | Augmented Reality | Virtual Reality | Home | Online Stores,14,https://www.datasweet.info | https://www.datasweet.info/online-store/ | https://www.datasweet.info/online-store/lab-equipment-store/ | https://www.datasweet.info/online-store/lab-equipment-store/lab-tools/,ok
be8732ce-d8a1-ef11-8a6b-000d3aaab1fa,HTBA (HealthTech BioActives),nutraceuticos,https://htba.com,"Nature-Led | New Fully Staffed HTBA Ideation and Technical Center | A Global Leader Specializing in Flavonoids and Vitamin B12 Active Forms | Providing solutions for over 45 Years | Pharmaceutical | Functional Health | Taste Modulation | Animal Nutrition | Why Partner with HTBA | Over 45 years of expertise built on rigorous European standards | Patented processes using green chemistry | A state-of-the-art B12 manufacturing plant in Europe. | Two applications labs: | Fully validated and tightly controlled supply chain | Latest content launched | Vitamin B12’s Next Chapter: From Deficiency Support to Well-Aging Performance | MecobalActive® for advanced cognitive and physical performance | Cardiose® for clinically proven performance and metabolic efficiency | DiosVein® & DiosVein Forte® for targeted, clinically backed venous relief | Leanara®: The Dual-Benefit Companion for the New GLP-1 Era | Beyond deficiency: Unlock a new dimension in active nutrition and cognitive performance | Headquarters | Manufacturing Site | U.S. Office | Company | Connect with us | Solutions | Legal notice / Privacy and Cookie Policy | Committed to sustainable standards for improved well-being | Active Pharmaceutical Ingredients (APIs) | Flavonoids | Diosmin (CEP & DMF) | Hesperidin (DMF) | Micronized Purified Flavonoid Fraction (DMF) | Diosmetin (DMF) | Vitamin B12 Active Forms | Mecobalamin (DMF) | Hydroxocobalamin Acetate (DMF) | Hydroxocobalamin Sulphate (DMF) | Hydroxocobalamin Hydrochloride (DMF) | Adenosylcobalamin (DMF) | Excipients | Neohesperidin DC Pharma Grade (EP & USP) | Active Pharmaceutical Ingredients Production Capabilities | Quality Certification | Available Resources | Request information | Empowering consumers to fulfill their ‘healthstyles’ through nature and science | Leanara® | Cardiose® | DiosVein® & DiosVein Forte® | MecobalActive® | HydroxylActive™ | AdenoActive® | Olews® | QuerceClean® | HTBA | “Green Chemistry” | Manufacturer | The Chemistry of Nature",60,https://htba.com | https://htba.com/solutions/pharmaceutical/ | https://htba.com/solutions/functional-health/ | https://htba.com/solutions/functional-health/leanara/,ok
9a268c1d-18ab-ef11-b8e9-000d3aaab59f,JK Tradelink (PVT) LTD,panaderia,https://www.jktradelink.com,Product List,1,https://www.jktradelink.com | https://www.jktradelink.com/product-category/home-and-personal-care/ | https://www.jktradelink.com/product-category/industrial-chemicals/ | https://www.jktradelink.com/product-category/rubber-and-plastics/,ok
76c95ce4-c09b-ed11-aad1-000d3aaab651,Ingrade Global Supply SRL,panaderia,https://www.igs.gs,PRODUCTS | Egg products | Whole Egg Powder | Kibbled | Cocoa mass | Natural | Cocoa butter | Deodorized | Soya Products,9,https://www.igs.gs | https://www.igs.gs/products | https://www.igs.gs/copy-of-cocoa-products | https://www.igs.gs/soya-products,ok
7e268c1d-18ab-ef11-b8e9-000d3aaab59f,Summit Chemical Company Limited,nutraceuticos,https://www.summitchemical.co.th,,0,,error_home
33fa791b-8cb1-ef11-b8e9-000d3aaab59f,Ulrick & Short,golosinas,https://www.ulrickandshort.com,,0,,error_home
33c85ce4-c09b-ed11-aad1-000d3aaab651,Tilia Chemicals LTD,medicamentos,https://www.tiliaingredients.com,Global Ingredient Distribution | Our Commitment to Quality | Our Offerings | Pharmaceutical | Cosmetic | Nutraceutical | Stay in Touch,7,https://www.tiliaingredients.com,ok
e1919ddc-958a-4cc0-b518-6705c379ec78,FARÜCHOC Schokoladenfabrik GmbH & Co. KG,cereales,https://www.faruechoc.de,Schokoladen- kompetenz | seit 1923 | Schokolade für jeden Bedarf. | Unsere Produkte | Napolitains | Flüssige Schokolade | Täfelchen & Tafeln | Knusper- pralinen | Schokoriegel | Kleine Schokostücke | Relief- schokolade | Adventskalender | Karriere | Erfahren Sie mehr | Verpackungen | Nachhaltigkeit | Qualität braucht Standards | Kontaktieren Sie uns gerne | Ein Unternehmen der Windel Group | Einfach zum Wegessen | Produktverpackung: | Weitere Produkte,22,https://www.faruechoc.de | https://www.faruechoc.de/produkte/knusperpralinen,ok
63c85ce4-c09b-ed11-aad1-000d3aaab651,E.J. Papadopoulos S.A.,galleteros,https://papadopoulou.gr/en,Biscuits | Bread and Tortillas | Bread substitutes | Salty snacks & crackers | Cereal bars | How is a PAPADOPOULOS product produced?,6,https://papadopoulou.gr/en | https://papadopoulou.gr/en/our-products/ | https://papadopoulou.gr/en/our-products/#apper-filter=.biscuits?bottom-filter=all | https://papadopoulou.gr/en/our-products/#apper-filter=.bread-and-tortillas?bottom-filter=all,ok
4c94d81d-f394-493b-9ff8-3b7962b6c251,Licores Peinado,nan,https://www.licopeinado.com,,0,,error_home
7a268c1d-18ab-ef11-b8e9-000d3aaab59f,Lácrima,"lacteos, yogures y postres lacteos",https://www.lacrimadairy.com,Hard Yellow Cheese â Goatâs Milk | Hard Yellow Cheese â Sheepâs Milk | Premium Selection | Gold Selection | Spreadable Processed Cream Cheese | White Brined Cheese PDO | White Brined Cheese â Greek Recipe | White Brined Cheese â Goatâs Milk | White Brined Cheese â Sheepâs Milk,9,https://www.lacrimadairy.com,ok
7150d432-4451-4c1f-b3c9-8500dba9a494,BTSA,nutraceuticos,https://www.btsa.com,"TOCOBIOL® ORGANIC | Declaración de Huella de Carbono | Tocobiol® Green Tea & Tocobiol® Rosemary | Nutrabiol® Grapeseed | Vitamina E Natural: ventaja de biodisponibilidad | Bioxan® Tocotrienols: | Diseñado por la Naturaleza, Impulsado por un Propósito | Consiga Consistencia de Color y Estabilidad en sus Fórmulas con nuestro Servicio de Colorimetría | Alimentación | Nutracéutica | Cosmética | Nutrición Animal | Sistemas Antioxidantes | Ingredientes Activos | Productos Orgánicos | Ferias de alimentación, cosmética, nutracéutica y nutrición animal: el último cuatrimestre de 2026 | Estabilidad oxidativa en snacks listos para consumir: soluciones antioxidantes naturales para formuladores | Mejora de la estabilidad oxidativa en aceites ricos en PUFA mediante la optimización de tocoferoles naturales | Suscríbete a nuestra Newsletter | gama de antioxidantes naturales y seminaturales | Antioxidantes naturales para industria | Antioxidantes naturales por mercados | Todo | Antioxidantes naturales para alimentación | TOCOBIOL® | TOCOBIOL® BLENDS | TOCOBIOL® T | TOCOBIOL® ROSEMARY | TOCOBIOL® GREEN TEA | Antioxidantes naturales para nutraceútica | NUTRABIOL® | NUTRABIOL® ORGANIC | NUTRABIOL® BLENDS | NUTRABIOL® T | Antioxidantes naturales para cosmética | BIOXAN® | BIOXAN® ORGANIC | BIOXAN® BLENDS | BIOXAN® T | Antioxidantes naturales para nutrición animal | OXABIOL® BLENDS | OXABIOL® T | Fabricantes de ingredientes activos | vitamina E natural derivada de aceite vegetal no modificado genéticamente (No-GMO) | extractos botánicos de alta calidad | elevada biodisponibilidad y eficacia | ácidos grasos Omega 3 naturales | Vitamina E natural, Extractos Botánicos y Omega 3 por mercados | gama de vitamina E natural, Extractos Botánicos y Omega 3 | Extractos Botánicos | Omega 3 | Vitamina E para alimentación | TOCOBIOL® E | Vitamina E para nutraceútica | NUTRABIOL® E | Vitamina E para cosmética | BIOXAN® E | BIOXAN® Tocotrienols | Vitamina E para animal | OXABIOL® E",60,https://www.btsa.com | https://www.btsa.com/productos/antioxidantes-naturales/ | https://www.btsa.com/productos/ingredientes-activos/ | https://www.btsa.com/productos/productos-organicos/,ok
1cb44090-598e-4775-84ca-0e4ac7823b3e,DAY AND NIGHT WAFERS,barritas y bebidas deportivas,https://dayandnightwafers.com,"Вафла ""Боровец"" | Вафли ""Боровец"" 4 бр. | Тунквани бисквити ""Боровец"" | Направи своя избор | ""Ден и Нощ"" ООД | Вафла ""Боровец"" с какаова глазура 55 гр. | Вафла ""Боровец"" с портокалови корички 52 гр. | Вафла ""Боровец"" с какаова глазура 30 гр. | Вафла ""Боровец"" Черно и Бяло 30г | Вафла ""Боровец"" със слънчогледов тахан и какаова глзаура 30 гр. | Вафла ""Боровец Какао"" с какаова глазура 45 гр. | Вафла ""Боровец"" с фъстъци и какаова глазура 45 гр. | Вафли ""Боровец"" 4 бр. обикновени вафли с фъстъчен крем 100 гр. | Вафли ""Боровец"" 4 бр. обикновени вафли с фъстъчен крем 120 гр. | Вафли ""Боровец"" 4 бр. обикновени вафли с лешников крем 120 гр. | Вафли ""Боровец"" 4 бр. Вафли ""Боровец"" 4 бр. обикновени вафли със слънчогледов тахан 100 гр. | Вафли ""Боровец"" 24 бр. с лимонов крем 550 гр. | Вафли ""Боровец"" 24 бр. с ванилов крем 550 гр. | Вафли ""Боровец"" 24 бр. с лешников крем 550 гр. | Вафли ""Боровец"" 24 бр. с крем брюле 550 гр. | Вафли ""Боровец"" 15 бр. Черно и Бяло 250 гр. | Вафла ""Боровец"" 15 бр. с фъстъци и портокалови корички 350 гр. | Вафла ""Боровец"" 15 бр. с фъстъчен крем 375 гр. | Вафла ""Боровец"" 21 бр. с фъстъчен крем 630 гр. | Вафла ""Боровец"" 21 бр. с фъстъчен крем 480 гр. | Вафла ""Боровец"" с крем лешник и какаова глазура 60 гр. | Вафла ""Боровец"" с крем карамел и какаова глазура 60 гр. | Вафла ""Боровец"" с крем портокал и какаова глазура 60 гр. | Вафла ""Боровец Шоко"" с лешников крем и какаова глазура 60 гр. | Вафла ""Боровец Милки"" с млечен крем и млечна глазура 60 гр. | Вафла ""Боровец Шоко"" с лешников крем и какаова глазура 45 гр. | Вафла 'Боровец Милки"" с млечен крем и млечна глазура 45 гр. | Вафла ""Боровец"" с халва 53 гр. | Бисквити ""Боровец"" с карамел и кокос - 100 гр. | Бисквити ""Боровец"" с тъмен шоколад - 100 гр. | Бисквити Боровец със семена - 100гр. | Мюсли бисквити ""Боровец"" с ябълка, мед и орехи - 110 гр. | Мюсли бисквити ""Боровец"" с червена боровинка и фибри - 110 гр. | Мюсли бисквити ""Боровец"" с бананов чипс и стафиди - 110 гр. | Мюсли бисквити ""Боровец"" с портокал и тъмен шоколад - 110 гр. | Бисквити Боровец с фин млечен шоколад - 105гр. | Тунквани бисквити ""Мария"" с плодов пълнеж ягода - 200гр. | Тунквани бисквити ""Мария"" с пълнеж от горски плод - 200гр. | Тунквани бисквити ""Боровец"" с бананов крем - 252 гр. | Тунквани бисквити ""Боровец"" с лешников крем - 252 гр. | Тунквани бисквити ""Боровец"" с портокалов крем - 252 гр. | Тунквани бисквити ""Боровец"" с ягодов крем - 252 гр. | Тунквани бисквити ""Боровец"" с карамел и фъстъци - 180 гр. | Тунквани бисквити ""Боровец"" с карамел и криспи - 180 гр. | Бебешки бисквити ""Боровец"" с витамини и минерали 100гр. | Бебешки бисквити ""Боровец"" Банан с витамини и минерали 100гр. | Бебешки бисквити ""Боровец"" Ябълка и Морков с витамини и минерали 100гр. | Бебешки бисквити ""Боровец"" Тиква и Морков с витамини и минерали 100гр. | Бисквити Боровец без добавени захари с плод ябълка - 48гр. | Бисквити Боровец без добавени захари с плод ягода - 48гр. | Бисквити Боровец със слъчогледово брашно 48гр. | Бисквити Боровец със слъчогледово брашно 144 гр. | Бисквити Боровец за торта с мляко 330г | Кексче „Боровец“ с какаов пълнеж 30 гр. | Кексче „Боровец“ с ванилов пълнеж - 30 гр.",60,https://dayandnightwafers.com | https://dayandnightwafers.com/bg/products/waffles | https://dayandnightwafers.com/bg/products/biscuits | https://dayandnightwafers.com/bg/products/cupcakes,ok
7bec560a-f227-4a75-8595-c5eeb373c3bb,Zeelandia,panaderia,https://www.zeelandia.com,Supplier for small to industrial bakeries | 125 years of Succes ingredients | Creating new opportunities with our bakery solutions | Explore our bread and pastry solutions. | Different worlds need a different approach,5,https://www.zeelandia.com | https://www.zeelandia.com/bakery-solutions | https://www.zeelandia.com/bakery-solutions/customers/small-mid-sized-bakeries,ok
98268c1d-18ab-ef11-b8e9-000d3aaab59f,Select Botanical,medicamentos,https://www.selectbotanical.com/es,Extractos botánicos | Ingredientes activos | Innovación | QUALITY FOR SUCCESS | Enoxolona | Glicirrizinato dipotásico | Glicirrizato de amonio,7,https://www.selectbotanical.com/es | https://www.selectbotanical.com/es/active-ingredients/,ok
00ea353d-33f0-ef11-9342-000d3aaab59f,Pierre Martinet,"especias, aromas y colorantes",https://www.pierre-martinet.fr,,0,,error_home
01c95ce4-c09b-ed11-aad1-000d3aaab651,Baker & Baker Iberia,bolleria,https://bakerandbarker.eu,,0,,error_home
a5901214-ef4f-40af-b346-023f194a10c4,Elementa Ingredients,nutraceuticos,https://www.elementa-ingredients.com/en,"Come meet Elementa at the VITAFOODS 2024 Exhibition! | Our range of nutri-functional ingredients is growing | Elementa: Events calendar 2024 | THANK YOU FOR VISITING AT VITAFOODS 2022 | Vitafoods 2022 : New ingredients on the menu, let’s make an appointment! | 2022: Elementa will be at 5 trade shows | Dietary supplements | Food and Nutrition | DIETETIC & VEGAN PRODUCTS | Infant formulas | Sports and vegan nutrition | 1. Rice proteins | 2. Pea proteins | 3. Pumpkin proteins | 4. Fava bean proteins | 5. Red lentil proteins | 6. Chickpea proteins | 1. Advantageous nutritional properties | 2. Organic plant proteins : Health benefits | 1. Plant-based protein isolates | 2. Plant-based protein concentrates | Hydrolyzed marine collagen rich in bioactive tripeptides for skin beauty | 1. Skin aging and collagen degradation | 2. Tripeptides: a specific form of collagen peptides | 1. Clinical study at 1 g/day by Kim D.-U. et al. (2018): | 2. Preclinical study by Pyun H.-B. et al. (2012): | General Information: | 1. Pending Health Claims (""On Hold"") | 2. Usable Beauty Claims for Collagen | Joint health | Native type II collagen: the essential component of cartilage | Joint cartilage: role, properties and degradation | Immune system and cartilage degradation | Mechanism of action: oral tolerance | 1. Pre-clinical in vivo study (Mannelli et al., 2015) | 2. Retrospective clinical study (Scarpellini et al., 2008) | 3. Randomised single-blind clinical study (Bakilan et al., 2016)",37,https://www.elementa-ingredients.com/en | https://www.elementa-ingredients.com/en/ingredient/elementa-plant-proteins | https://www.elementa-ingredients.com/en/ingredient/peptiderm15 | https://www.elementa-ingredients.com/en/ingredient/collavant-n2-an-exclusive-native-type-ii-collagen-ingredient,ok
6ca6eb88-6b77-4567-b146-7f7337cec746,YOUNIQUE FOODS,galleteros,https://www.youniquefoods.com,"YOUNIQUEFOODS LTD | PRODUCTION AND QUALITY | WE WOULD LOVE TO HEAR FROM YOU | PROJECT NUMBER: BG-RRP-3.004-2144-C01 PROJECT NAME: TECHNOLOGICAL MODERNIZATION IN THE ENTERPRISE | OATIES | RAW COOKIES WITH NUT BUTTERS | PLANT-BASED PROTEIN | NUTS, SEEDS AND FRUITS | ENROBED NOUGAT WITH CLEAN LABEL | NUT BUTTER CUPS | NUTRITION BITES",11,https://www.youniquefoods.com | https://www.youniquefoods.com/products | https://www.youniquefoods.com/products-and-concepts,ok
8c4c3b77-8afc-4256-8664-500d7f2c4615,Natysal Laboratorios,medicamentos,https://www.natysal.es,,0,,error_home
58144747-7b62-ec11-8f8f-6045bd8a321b,Design,nan,https://www.labonathus.com.br,Ingredientes de alta tecnologia e desempenho | Ingredientes de Qualidade | Alta Tecnologia | Soluções Inovadoras | Soluções para pet food e pet care | Saiba quais são os benefícios do encapsulamento CoreShell | Agentes de crescimento em biscoitos ou bolachas,7,https://www.labonathus.com.br,ok
98b85c10-d278-454c-b481-871640f2d868,Panamar,piensos mascotas,https://www.panamar.com,Purchase this domain | Comparable Brand Sales,2,https://www.panamar.com,ok
ea73a75b-7065-483f-ad4d-36f1c485b2f5,MEDEX,golosinas,https://www.medex.si,,0,,error_home
3efa791b-8cb1-ef11-b8e9-000d3aaab59f,KSMC Laboratories,pasteleria,https://www.ksmc.eu,"Child Health & Nutrition | Digestive Health & Gut Comfort | Fertility & Reproductive Health | Mobility & Joint Health | Stress, Sleep & Nervous System | Heart & Circulation | General Health & Vitality",7,https://www.ksmc.eu,ok
90c49a9f-3f7e-ee11-8179-000d3aaab965,Moara Cibin S.A,galleteros,https://www.moaracibin.ro,"Bine ați venit la Moara Cibin | Moara Cibin | În centrul țării Moara Cibin | Moara Cibin S.A. face parte din Grupul Boromir | Suntem lideri în morărit | Produse Boromir - Moara Cibin | PRODUSE BOROMIR | PRODUSE FELEACUL | PRODUSE ROMMAC | Furnizăm produse de înaltă calitate | Creșterea noastră în domeniu | Produse de calitate, sănătoase | Ce cred clienții despre Moara Cibin | Morăritul contează pentru viitorul dezvoltării | Vedeti clipul | Cauți Produse de Calitate? | Suntem Lideri pe Piața Morăritului | Utile | Newsletter | Biscuiti Divertis cu crema de cacao, 30g | Biscuiti Divertis Family Pack cu crema de cacao, 240g | Biscuiți Nadia cacao cremă cacao, 240g | Biscuiți Nadia cacao cremă cacao, 30g | Biscuiți Nadia cremă cacao, 240g | Biscuiți Nadia cremă cacao, 30g | Biscuiți Păltiniș, 250g | Biscuiți Păltiniș, 500g | Crochete cu branza si chimen, 150g | Glucoză portocale, 100g | Glucoză vanilie, 100g | Glucoză, 100g | Halva aronia stafide cacao, 300g | Halva cu cacao, 170g | Halva cu cacao, 200g | Halva cu cacao, 400g | Halva cu merișoare, 300g | Halva din floarea soarelui, 170g | Cereale Brio Choco Balls, 250g | Cereale Brio Choco Shells, 250g | Cereale Brio Honey Rings, 250g | Choco Balls, 250g | Corn Flakes, 1000g | Corn Flakes, 150g | Corn Flakes, 200g | Corn Flakes, 250g | Corn Flakes, 400g",46,https://www.moaracibin.ro | https://www.moaracibin.ro/product-category/boromir/ | https://www.moaracibin.ro/product-category/feleacul/ | https://www.moaracibin.ro/product-category/rommac/,ok
3fc85ce4-c09b-ed11-aad1-000d3aaab651,Mondelez International,chocolate,https://www.mondelezinternational.com,State of Snacking | 2026 Report | Recent News | CONTACT US | SUPPLIERS & VENDORS | STARTUPS & INNOVATION | NUTRITION COMMUNITY | CONSUMERS | Introduced: 2000 | Additional Resources | cocoalife.org | Read more | Snacking Made Right | Agricultural Supply Chain | TogetherCocoa Foundation,15,https://www.mondelezinternational.com | https://www.mondelezinternational.com/our-brands/tates-bake-shop/ | https://www.mondelezinternational.com/snacking-made-right/sustainable-ingredients/,ok
bfd7cfdd-b49d-ee11-be37-000d3aaab965,AQUAPHARM Health & Nutrition GmbH,nutraceuticos,https://www.biologon.at,"Startseite | Produkte | Bio Müsli | Bio Crunchy | Bio Granola | Bio Porridge | Bio Energieriegel | 5 Gründe für Ihre Eigenmarke | Über biologon | Private Label - Wichtige Fakten | Rezepturen | Verpackungslösungen | Transport | Neuigkeiten | EMAS-Revalidierung – Wir haben es geschafft!😊🌍 | One Team, One Dream, One Family | DLG-Preis für langjährige Produktqualität | CSR-Guide 2025 | Quicklinks | Kontakt | 24 Türchen. 24 besondere Überraschungen.",21,https://www.biologon.at,ok
15c9036c-163b-469b-84dc-005721206549,Lácteas Cobreros,quesos,https://www.lacteascobreros.com,NUESTROS PRODUCTOS | ¿Qué tienen nuestros quesos? | Últimas noticias | LÍNEAS DE PRODUCTOS | Somos productores de leche | Rulos de queso | Rulo de cabra con penicillium | Ver más | Rulo mezcla con penicillium | Línea gourmet | Rulo de cabra sin lactosa | Rulo mezcla | Rulo de cabra | Rulo de cabra con Arándanos 850g | Rulo natural cabra precortado 100g | Rulo natural cabra precortado 2x100g | Caprichos de cabra 4x20g | Medallón de cabra 75g | Rulo de cabra con Pimentón dulce 850g | Rulo de cabra con Pimienta 850g | Rulo de cabra con Finas hierbas 850g | Rulo de cabra con Finas hierbas 100g | Rulo de cabra con Ceniza 850g | Rulo de cabra con Miel 850g | Rulo de cabra con Miel 100g,25,https://www.lacteascobreros.com | https://www.lacteascobreros.com/es/productos | https://www.lacteascobreros.com/es/productos/rulos-de-queso | https://www.lacteascobreros.com/es/productos/linea-gourmet,ok
f7d61761-fd79-f111-ab0e-70a8a5a01590,Globalk Farma,medicamentos,https://globalk.es,"Materias primas y envases primarios | Ingredientes activos (APIs), excipientes y envases farmacéuticos | Más de 25 años comprometidos con la industria farmacéutica | Distribución de materias primas y packaging farmacéutico | Representadas | Materias Primas | LINNEA – Vincamina | LINNEA – Cannabidiol (CBD) | GANGWAL – Ciclodextrinas | EUROAPI – Vitamina B12 | ARMOR – Grados de Lactosa | Packaging",12,https://globalk.es,ok
33c95ce4-c09b-ed11-aad1-000d3aaab651,PT. DIAN CIPTA PERKASA,nan,https://www.dianciptaperkasa.com,Food Ingredients | Explore More | Feed Additives | Pharmaceutical | Cosmetics | Herbal,6,https://www.dianciptaperkasa.com,ok
0431aaa7-3625-424b-b1e7-2de0c3970b51,Lactogal,"lacteos, yogures y postres lacteos",https://www.grupolactogal.com/es,30 años de Grupo Lactogal | Una historia hecha por todos | el Grupo Lactogal | Donde la responsabilidad se transforma en valor | Productores de leche | Trabajadores | Años de experiencia | Millones de litros de leche adquiridos | Unidades de producto vendidas por segundo | De la leche fue adquirida en Portugal y España | Grupo Lactogal: Así somos | Todo comienza con pequeños gestos | Cuidar es proteger | El futuro nos inspira | Nuestras marcas | Donde el propósito cobra vida | Sostenibilidad | Trabajamos siempredel origen hasta ti | Innovación & Desarrollo | Innovación con propósito | Descubre nuestro mundo | Leches | Bebidas Lácteas Aromatizadas | Yogures | Mantequillas | Nata | Quesos | Bechamel | Chantilly | Leche Condensada | Bebidas de Té | Bebidas Vegetales | Kombuchas | Zumos | Aguas,35,https://www.grupolactogal.com/es | https://www.grupolactogal.com/es/productos,ok
19fa791b-8cb1-ef11-b8e9-000d3aaab59f,ACI Group Ltd,piensos mascotas,https://www.alazzaz.com,,0,,error_home
61c95ce4-c09b-ed11-aad1-000d3aaab651,ETİ,galleteros,https://www.etietieti.com,OUR BRANDS | Unique flavors that accompany shared moments of happiness | HAPPINESS FOR ALL OF US | Our strength comes from the projects we implement for the benefit of society. | Eti Yellow Bicycle | Eti Children’s Theatre | Eti Burçak & WWF-Türkiye Partnership | Eti | BRANDS,9,https://www.etietieti.com,ok
03c85ce4-c09b-ed11-aad1-000d3aaab651,Dr. Schaer,panaderia,https://www.drschaer.com,We improve the lives of people with special nutritional needs | Our brands | Schär | Flavis | Kanso | Proud of our brands | Discover more about us | What guides us | What makes us stand out | Our energy,10,https://www.drschaer.com | https://www.drschaer.com/en/our-brands/our-portfolio,ok
d8408fcd-d6d5-40e4-b0dc-169cc6f92f9c,Grupo Luis Caballero,licores,https://caballero.es,Carrito | Tienda | Bebidas espirituosas | OTROS PRODUCTOS | VINOS DE JEREZ Y OTROS VINOS | Vermut de Jerez | Bodegas Lustau | CASTILLO DE SAN MARCOS | DESTILERÍAS MIURA | Somos Noticia | Amontillado Lustau Botaina 2026 | Viña Herminia Reserva | Miura Licor de Guindas | Vermut Rojo Lustau | Inicio | TOP PREMIOSEncuentra nuestros vinos más premiados. | TOP PREMIOS | TOP VENTASDescubre nuestros vinos más vendidos. | TOP VENTAS | productos destacados | Saber Más | Burdon Classic Dry Gin | Edición Especial Ponche Caballero by La Húngara | Ponche Caballero | Ponche Cuesta | Bruja Bella Hierbas | Bruja Bella Crema | Crema de Cazalla | Sildka Caramel | Bruja Bella Orujo Blanco | Miura Anís Dulce | Miura Anís Seco | Stroh Fire Chili Spiced | Burdon Original Dry Gin | Burdon Cerezas Gin | Burdon Hierbabuena Dry Gin | Filtrar,37,https://caballero.es | https://caballero.es/tienda/ | https://caballero.es/tienda/productos/bebidas-espirituosas/ | https://caballero.es/tienda/productos/bebidas-espirituosas/ponche/,ok
96268c1d-18ab-ef11-b8e9-000d3aaab59f,Select Botanical,medicamentos,https://www.selectbotanical.com/es,Extractos botánicos | Ingredientes activos | Innovación | QUALITY FOR SUCCESS | Enoxolona | Glicirrizinato dipotásico | Glicirrizato de amonio,7,https://www.selectbotanical.com/es | https://www.selectbotanical.com/es/active-ingredients/,ok
d9d7cfdd-b49d-ee11-be37-000d3aaab965,"DO BE IND CO., LTD.",ecologico,https://www.lobello.it,,0,https://www.lobello.it,ok_sin_productos
b3967f84-a2fd-ef11-bae4-7c1e52270551,Blendhub,"especias, aromas y colorantes",https://www.empwrnutrition.com,Feel the difference in every bite | Another bar in mind? | New! A Protein Bar Designed to Perform Best When Chilled | An approach tailored to your company’s size and ambitions | What can we do for you? | Develop a custom-made bar | Ready-to-go: our standard range | How do we work? | Why work with us? | Cutting-edge technology | Scale & quality | Flexibility | We grow with you | How to use innovation to scale your business | R&D Innovation Centres | Let's chat! | Headquarters | EMPWR | Bars we make | Resources,20,https://www.empwrnutrition.com,ok
c9d7cfdd-b49d-ee11-be37-000d3aaab965,Moara Cibin S.A.,nan,https://www.moaracibin.ro,"Bine ați venit la Moara Cibin | Moara Cibin | În centrul țării Moara Cibin | Moara Cibin S.A. face parte din Grupul Boromir | Suntem lideri în morărit | Produse Boromir - Moara Cibin | PRODUSE BOROMIR | PRODUSE FELEACUL | PRODUSE ROMMAC | Furnizăm produse de înaltă calitate | Creșterea noastră în domeniu | Produse de calitate, sănătoase | Ce cred clienții despre Moara Cibin | Morăritul contează pentru viitorul dezvoltării | Vedeti clipul | Cauți Produse de Calitate? | Suntem Lideri pe Piața Morăritului | Utile | Newsletter | Biscuiti Divertis cu crema de cacao, 30g | Biscuiti Divertis Family Pack cu crema de cacao, 240g | Biscuiți Nadia cacao cremă cacao, 240g | Biscuiți Nadia cacao cremă cacao, 30g | Biscuiți Nadia cremă cacao, 240g | Biscuiți Nadia cremă cacao, 30g | Biscuiți Păltiniș, 250g | Biscuiți Păltiniș, 500g | Crochete cu branza si chimen, 150g | Glucoză portocale, 100g | Glucoză vanilie, 100g | Glucoză, 100g | Halva aronia stafide cacao, 300g | Halva cu cacao, 170g | Halva cu cacao, 200g | Halva cu cacao, 400g | Halva cu merișoare, 300g | Halva din floarea soarelui, 170g | Cereale Brio Choco Balls, 250g | Cereale Brio Choco Shells, 250g | Cereale Brio Honey Rings, 250g | Choco Balls, 250g | Corn Flakes, 1000g | Corn Flakes, 150g | Corn Flakes, 200g | Corn Flakes, 250g | Corn Flakes, 400g",46,https://www.moaracibin.ro | https://www.moaracibin.ro/product-category/boromir/ | https://www.moaracibin.ro/product-category/feleacul/ | https://www.moaracibin.ro/product-category/rommac/,ok
bc967f84-a2fd-ef11-bae4-7c1e52270551,Korott,golosinas,https://www.korott.com,Laboratorio especializado en desarrollo de productos B2B | Desarrolla tu producto de manera única | From idea to finished product | Probióticos | ÁREAS TERAPÉUTICAS Y ESTUDIOS CLÍNICOS | SERVICIOS DE DESARROLLO Y FABRICACIÓN | ESTABILIDADES | PRODUCTOS | Servicios | Korott® 360º | Korott® LAB | Korott® Manufacturing | Korott® Marketing | Últimas noticias | Inicio | PROBIWOMAN | PROBIDIGEST | PROBIMOOD | PROBIDERM | PROBIMETABOLISM | PROBIDEFENCE | Ready to Market Porfolio,22,https://www.korott.com | https://www.korott.com/productos/,ok
eae9353d-33f0-ef11-9342-000d3aaab59f,The Gutsy Captain Company,bolleria,https://www.thegutsy.com,,0,https://www.thegutsy.com,ok_sin_productos
32144747-7b62-ec11-8f8f-6045bd8a321b,Yigitoglu Kimya A.S.,"especias, aromas y colorantes",https://www.yigitoglu.com.tr,,0,,error_home
0bf896dc-0c8b-433b-8b8c-73d7f35667ad,Naturvega,platos preparados,https://naturvega.es,"Productos Naturales de la Vega | Desde Nuestras Instalaciones | Principal productor de ensaladillas refrigeradas de España | Directo | Especialistas en Salsas Refrigeradas | A tu Mesa | Innovando para las nuevas exigencias del consumidor | Nuestra Empresa | Dominamos la Cadena de Suministro | Adaptados a Diferentes Canales y Necesidades | Innovación para Acelerar el Crecimiento del Mercado | La Línea Verde en Europa | El Grupo en Cifras | El Grupo en Países | Grupo La Linea Verde | PRIVACY CONFIGURATION | Con el control deslizante, puede habilitar o deshabilitar varios tipos de cookies:",17,https://naturvega.es,ok
09c95ce4-c09b-ed11-aad1-000d3aaab651,IRCA SPA,helados,https://www.irca.eu/en,"Titolo del gruppo | Products under the spotlight | View all | PASTRY | FARCILEMON | Read more | CHOCOCREAM CINNAMON | DOLCE MONACA | FRUIT | FRUTTIDOR AGRUMI MEDITERRANEI | FRUTTIDOR MORA DI GELSO, CASSIS E SAMBUCO | FRUTTIDOR MANGO, PAPAYA E YUZU | FRUTTIDOR FRUTTI ROSSI | CHOCOCREAM COCONUT | CREAMS AND PASTES | CHOCOCREAM PISTACCHIO IN SAC À POCHE | NOCCIOLATA BIANCA IN SAC À POCHE | NOCCIOLATA IN SAC À POCHE | GELATO | JOYCREAM CRYSTAL MANGO | JOYCREAM DUBAI CARAMEL | Joycream Raspberry Milk | Joycream Raspberry White | CHOCOLATE | RENO X CIOCCOLATO BIANCO 28% | RENO X CIOCCOLATO AL LATTE 33,6% | BASE NEUTRA CON FIBRE 15G | Rio Caribe Fondente 72% | JOYCREAM DUBAI PISTACCHIO | RENO X CIOCCOLATO FONDENTE 54,5% | myIRCA | Language | Main navigation | Highlights | Our Offering | Chocolates and Alternatives | Creams | Pastry and Creams Mixes | Fruit Fillings | Jellies and Icings | Bakery | Inspiration Delivered to Your Inbox | Registered office | Footer | Recipe book | Create your recipe book | Attention | Distinctive flavours, limitless creativity | RENO CONCERTO CIOCCOLATO LACTEE CARAMEL | RENO CONCERTO CIOCCOLATO GIANDUIA LATTE | RENO CONCERTO CIOCCOLATO BIANCO 25,5% | RENO CONCERTO CIOCCOLATO EXTRA FONDENTE 64% | The creams of your dreams | Discover our creams | Pre-baking filling creams | After-baking filling creams | Flavoring creams | Coating creams | Pralines | Pre- & Post- baking creams",60,https://www.irca.eu/en | https://www.irca.eu/en/brands/irca-1919/our-offering | https://www.irca.eu/en/brands/irca-1919/our-offering/chocolates-alternatives | https://www.irca.eu/en/brands/irca-1919/our-offering/creams,ok
68268c1d-18ab-ef11-b8e9-000d3aaab59f,Itochu,conservas vegetales,https://www.itochu.co.jp/en/index.html,,0,,error_home
fdf9791b-8cb1-ef11-b8e9-000d3aaab59f,Pladis,nutraceuticos,https://www.pladis.com,Plan Maestro Regulador | Diseño Arquitectónico | Paisajismo | Ingeniería de Costos | Construcción,5,https://www.pladis.com,ok
27c85ce4-c09b-ed11-aad1-000d3aaab651,DouxMatok,pasteleria,https://www.incredo.com/incredo-sugar,sugar overconsumtion concerns & sweetner safety | Global Health Statistics | 43% | 390m | 1 in 10 | $3T | 2.8M | Incredo’s Product Portfolio | The SWEET Technology | foodmatrix | Incredo | Sugar Crystals | mouth | Salivalayer | tongue | Sugar compound | Applications,17,https://www.incredo.com/incredo-sugar,ok
6babf150-69f5-4721-aa2c-6665d5927abb,OMTIGO SRO,panaderia,https://www.vcelino.cz,"ZDARMAZDARMA 38 Kč –23 % | Sirup IdealBee Energy - 1 kg - do vlastní nádoby | 29 Kč | Novinka Tip 14 999 Kč –24 % | Vařák na vosk Benka parní 52 x 45 cm | 11 369 Kč | Novinka Tip 9 369 Kč –3 % | Medomet Benka® Plus 4 - rámkový, manuální | 9 069 Kč | Cukr krystal 1 kg | od 22,90 Kč | Detail | Akce Tip 9,90 Kč –4 % | Zavařovací sklenice 770 ml ČESKÝ MED | 9,50 Kč | Akce 429 Kč –7 % | Mezistěny AnnKas Langstroth 3/4 (185) - 424x162 mm - válcované za studena | 395 Kč | Mezistěny AnnKas Langstroth 1/1 (232) - 424x205 mm - válcované za studena | Akce 409 Kč –3 % | Mezistěny AnnKas 39x30 - 370x270 mm - válcované za studena | Mezistěny AnnKas Zadant 477x285 - 395x265 mm - válcované za studena | Mezistěny AnnKas Langstroth Jumbo (285) - 424x262 mm - válcované za studena | Mezistěny AnnKas Langstroth (232) - 420x200 mm - válcované za studena | Akce Tip 165 Kč –15 % | Cukrové těsto APIVITAL - 2,5 kg | 139 Kč | Akce Tip | Sirup APIVITAL - krmivo pro včely - 14 kg - kanystr | 539 Kč | Akce Novinka Tip 56 369 Kč –10 % | Medomet Benka® Plus 6 - rámkový, elektrický, 230V | 50 369 Kč | Mezistěny AnnKas Langstroth 3/4 (185) - 420x160 mm - válcované za studena | Mezistěny AnnKas Zander 477x220 - 395x195 mm - válcované za studena | Akce | Mezistěny AnnKas B10 - válcované za studena | Akce Tip 1 365 Kč –22 % | Sirup APIVITAL - krmivo pro včely - 28 kg kanystr potravinářský | 1 061 Kč | Mezistěny AnnKas 39x27,5 - 370x250 mm - válcované za studena | Akce Výprodej 299 Kč –23 % | Plechové víko na úl 39x24 - 535 x 535 x 60 mm pro zateplené úly 3 cm - kónické | 230 Kč | Mezistěny AnnKas Dadant US Honig (159) - 420x135 mm - válcované za studena | Akce Novinka Tip 76 Kč –13 % | Sirup IdealBee Energy - 2 kg - 33Kč/kg - BeeScience | 66 Kč | Mezistěny AnnKas Dadant Blatt Brut - 410x265 mm - válcované za studena | Akce Novinka Tip 660 Kč –19 % | Sirup IdealBee Complete - 14 kg - 38Kč/kg - BeeScience | 532 Kč | Novinka Tip | Medomet Benka® Expert 4 - rámkový, elektrický, 230 V | 51 853 Kč | Novinka Tip 49 369 Kč –4 % | Zařízení na pastování medu s ohřevem Benka 150 kg | 47 369 Kč | Čistička pylu Benka | 9 136 Kč",60,https://www.vcelino.cz | https://www.vcelino.cz/nerezova-nadoba-na-med-caadex-pro-line-35-kg/ | https://www.vcelino.cz/nerezova-nadoba-na-med-caadex-pro-line-50-kg/,ok
4f801c7b-47f8-4c9c-8741-f5f5b01e1f86,Gumlink Confectionery Company A/S,golosinas,https://www.gumlinkcc.com,"Wide, high-quality range of chewing gum, mints and candy | Chewing Gum | Mints | Candy | Customer-specific designs and guidance | New ideas, new products and new ways of doing things | Be a part of Gumlink Confectionery Company | Get your own unique product | Contact us | Get in touch",10,https://www.gumlinkcc.com,ok
6c5bd6df-cbf5-4729-b1d1-bd2179204791,KORONA M LTD,barritas y bebidas deportivas,https://korona-m.eu,"Пазарувайте | на дребно онлайн | Магазин | Нашите продукти | Ядки | Протеин | Мюсли и овесени барчета | Сурови барчета | Карамелени барчета и хапки | Шоколадови дражета | Снакс | Сушени плодове | Суровини за производители | Семена | Други суровини | КОРОНА-М – производство на ядки, барчета, сушени плодове и др. | Какви услуги осигуряваме | Outsourcing | Private label | Packaging",20,https://korona-m.eu,ok
60eb3558-d352-f111-bec6-000d3abe319d,"Inleit Ingredients, S.L.U.","lacteos, yogures y postres lacteos",https://www.inleitingredients.com,"Your challenges, our innovation | Our Team | Our Plant | Local Farms | Pilot Plant | Advantages of maintaining a low spore level: | Higher safety standards | Extended shelf life | Superior quality | Regulatory compliance | Farms | During Collection | At our facilities | Sport Nutrition | Clinical Nutrition | Dairy | Cheese | Bakery | Café Latte | Clear WheyPro | Cocoa Shake | Mango WheyPro | Vanilla Shake | 31% Protein Bar | Instant Protein Powder | Clear Whey Mojito Shake | Low-Fat Yogurt | Vanilla Pudding | Protein Cookie Baking Mix | Cocoa Pudding | Subscribe to our Newsletter | InLeit Ingredients, S.L.U. | Relevant Information | Find Us on Social Media | InLeit Policies | EINF: Non-financial information statement | EINF: Estado de información no financiera | Políticas InLeit",38,https://www.inleitingredients.com,ok
e6bd0b81-2509-43e8-8e9f-467006f8e0b8,Stanabbey,golosinas,https://www.stanabbey.com,,0,,error_home
520e2ad6-1ebd-4d36-9d80-47cf3ba2edb9,Metagenics,carnico,https://www.nutriadvanced.co.uk,Menu | Account | Store | NEW: MegaMag® Night Powder | MegaMag® 10-in-1 Chews | Magnesium Glycinate Tablets | Vitamin D3 with K2 | Ashwagandha 500mg 60 Capsules | MegaMag® Energen Plus Magnesium Powder | MegaMag® PeriMeno Tablets | MegaMag® PeriMeno Plus Magnesium Powder | Resilience 60 Capsules | Multi Essentials for Women 50+ Multivitamin | Multi Essentials for Men 50+ Multivitamin | OmegaGenics® SPM Capsules | OmegaGenics® High Strength Omega-3 Fish Oil Capsules | OmegaGenics® Everyday 60 Capsules | Eskimo®-3 Healthy Kids Fish Oil | Eskimo® Balanced Mind 50 Capsules | Eskimo®-3 Extra Support Fish Oil & Vitamin E - 50 Capsules | Eskimo®-3 Brainsharp Fish Oil 210ml | Eskimo®-3 Brainsharp Fish Oil 120 Capsules | Eskimo®-3 Fish Oil Liquid | Eskimo®-3 Bright Kids Fish Oil Jelly Splats | Eskimo®-3 Fish Oil Capsules | Vision Plus 60 Capsules,26,https://www.nutriadvanced.co.uk | https://www.nutriadvanced.co.uk/products/search-by-ingredient.html | https://www.nutriadvanced.co.uk/products/search-by-ingredient/ashwagandha-withania-somnifera.html | https://www.nutriadvanced.co.uk/products/search-by-ingredient/fish-oil.html,ok
913e1274-0c06-ef11-9f89-6045bd92bc7a,GLOBAL SWISS GROUP,galleteros,https://swissenergy-vitamins.com,Swiss Made. Swiss Quality. | Products | Sustained Release Capsules | Effervescent Tablets | Vitamins for Children | Herbal Lozenges | Healthy Pregnancy | Probiotics | Omega | Collagen | Sexual Health | Capixan Hair Care | Beauty Line | Ballerina's Secret | Herbal Tea | Black Garlic | Black Seed Oil | White Tomato | Herbal balms | Vitamin Cosmetics | Face Mask | Resveratrol | Chewing Gum | Bones & Joints | Sports & Fit | Hangover | Vitamin Elixirs | Anti-Mosquito | Foot Spray | Liver Support | GLOBAL SWISS GROUP | Hair Care | Functional Chewing Gum | Guten Morgen | Energy & Functional Drinks | View All Categories | Vitamins Lollipops,37,https://swissenergy-vitamins.com | https://swissenergy-vitamins.com/product-categories/ | https://swissenergy-vitamins.com/products_category/sustained-release-capsules/ | https://swissenergy-vitamins.com/products_category/effervescent-tablets/,ok
e607d2d8-87fe-4c53-b147-a6f8bd0c7c90,Foodcom S.A.,"especias, aromas y colorantes",https://www.foodcom.pl,Popularne Produkty | Najczęściej Handlowane Produkty | Branże i produkty | Blog | Newsletter Foodcom S.A. | Foodcom S.A. | Poznaj Foodcom S.A. | Kontakt | Skontaktuj się z nami,9,https://www.foodcom.pl,ok
913cc6b4-60d3-4151-a983-7cacd0be82c1,LPS BIODLING AB,carnico,https://lpsbiodling.se,Logga in | Aktuellt hos LPs Biodling | Populära nybörjarpaket | Populära paketerbjudanden | Populära ramar | Populära skyddskläder | Populära glasburkar och hinkar,7,https://lpsbiodling.se | https://lpsbiodling.se/shop?funk=inst_moms&Moms=0&funk2=startsida | https://lpsbiodling.se/shop?funk=inst_moms&Moms=1&funk2=startsida | https://lpsbiodling.se/shop?funk=lista_varumarken&Typ=Tagg,ok
a95482a7-34ed-4256-ac3e-a16169230ec5,B HEALTHY LTD,barritas y bebidas deportivas,https://www.diablosugarfree.com,"Sugar Free® | Inicio | Tabletas de chocolate | Grageas | Bizcochos y magdalenas | Caramelos y gominolas | Galletas | Salsas para postres | Barquillos | Cremas para untar | Barritas de muesli | Cestas de regalo | Ofertas y promociones | Venta al por mayor | Blog | Sobre nosotros | Contáctanos | 00 artículos | Iniciar sesión | Artículo añadido a tu carrito | Ver carrito | Y tú que pensabas que sin azúcar significaba sin diversión. | Más información | LÍDER EN PRODUCTOS SIN AZÚCAR | Empieza a comer mejor | Ver nuestros productos | Los más vendidos | Novedades | Chocolate & Sweet Treats | Spreads & Sauces | Breakfast & Snacking | Biscuits, Cakes & Wafers | Comprar todo | Suscríbase a nuestro boletín | info@diablosugarfree.com | suk@diablosugarfree.com | https://www.facebook.com/diablosugarfree | https://www.instagram.com/diablosugarfree | Twitter | LinkedIn | Caramelos | Gominolas | Siropes | Delicias de chocolate | Preguntas frecuentes | Política de devoluciones y reembolsos | Política de envío | Política de privacidad | Términos y condiciones | Ordenar por: | 11 productos | Filtro: | Eliminar todo | Filtrar y ordenar | Claro | Chocolate de Dubái sin azúcar añadida 200g - EDICIÓN LIMITADA | Comprar ahora | Chocolate con leche con arroz inflado y stevia (75 g) | Chocolate blanco con leche y stevia (75 g) | Chocolate blanco con fresa sin azúcares añadidos (75 g)",60,https://www.diablosugarfree.com | https://www.diablosugarfree.com/es-es/collections/chocolate-bars | https://www.diablosugarfree.com/es-es/collections/dragees | https://www.diablosugarfree.com/es-es/collections/cakes,ok
cb6b40c0-c691-4ed6-bf54-ce0e81d93f25,PT Foodex Inti Ingredients,"especias, aromas y colorantes",https://www.foodexingredients.com,,0,,error_home
6280f87e-f284-f111-ab0e-70a8a53a0b30,Miterra,barritas y bebidas deportivas,https://wwwmiterrahealthy.com,,0,,error_home
e6501427-30db-f011-8543-7c1e52123808,Rimon Chemicals Co.LTD,"especias, aromas y colorantes",https://www.rimonchemicals.com,Our values | The Cutting Edge of Business | Our Performance | Knowledge and Expertise | Innovation | Integration | Our Success Story | A letter from the CEO | The Best Of Us | Our Broad Range of Services | Technical advice and Consultation | Sustainable supply chain | Unique marketing claims and solutions | Quick Links | Contact Us,15,https://www.rimonchemicals.com,ok
7f472d59-3e03-f111-8406-7ced8d5c84f3,Delibreads,panaderia,https://www.kingregal.com,Bienvenidos al reino de las chuches | MUCHO MÁS QUE GOLOSINAS | MUCHAS FORMAS DE HACERTE LA VIDA MÁS DULCE | Golosinas | Grageados | Chocolateados | Chicles | UN REINO QUE SIGUE CRECIENDO | LOS FAVORITOS DEL REINO | Jelly King (regaliz de fresa) | Grageas de Regaliz | Chicle ácido Melón | DE OLIVA AL MUNDO | HACERLO DUCLE TAMBIÉN ES HACERLO BIEN | Calidad certificada | Ingredientes premium | Innovación constante | DULCES HISTORIAS | EN REDES | kingregaloficial | QUIEROPROBARLAS | QUIERODISTRIBUIRLAS,22,https://www.kingregal.com,ok
62eb3558-d352-f111-bec6-000d3abe319d,LATEX - RIZES S.A,nutraceuticos,https://www.rizes.eu,,0,https://www.rizes.eu,ok_sin_productos
7a80f87e-f284-f111-ab0e-70a8a53a0b30,Proex Drinks Group SA,refrescos,https://www.proexdg.com,,0,,error_home
4586602b-3461-407c-b3fb-59cca6dc9ea4,"HARINERA CANARIA, S.A.",nutraceuticos,https://haricana.es,Procedimientos prácticos | La fábrica | Nuestra calidad | Catálogo de productos | Harinas | Trabaja conNosotros | Archivo de todas nuestras juntas generales | Síguenos en Instagram @harineracanaria,8,https://haricana.es | https://haricana.es/catalogo-productos,ok
a5878189-4bab-4ead-a7ed-4f62c1460781,NUTRITION & SANTE,nutraceuticos,https://www.nutrition-sante.com,,0,,error_home
a120235d-fbdf-f011-8544-7ced8d0c5f55,Katoen Natie,miel,https://www.katoennatie.com,Our people,1,https://www.katoennatie.com,ok
2feb3558-d352-f111-bec6-000d3abe319d,Nfingredients,nutraceuticos,https://www.nutrafoodingredients.com,"Nutra Food Locations | Veggie Proteins | Coconut and MCT related products | Flavor and Color | Bone Broth | Collagen/Collagen Peptide | Gelatin | Polyol Sweeteners | Grand Valley Organics | Intensive Sweeteners | Dietary Fiber including inulin, Pea, soy and Tapioca fiber | Functional Animal Protein | Newly added Products | Pea Protein Isolate | Pumpkin Protein 60% | Rice Protein | Pea Protein | Soy Protein | Eggshell Membrane Protein/Collagen Type V&X | Non-denatured Chicken Collagen Type 2 | Premium Bone Broth Powder for Nutrition and Food Applications | Hydrolyzed Bovine Collagen/Bovine Collagen Peptide | Chicken Collagen Type II / Hydrolyzed Chicken Collagen | Pork Collagen / Hydrolyzed Pork Gelatin | Fish Collagen/Marine Collagen Peptide",25,https://www.nutrafoodingredients.com | https://www.nutrafoodingredients.com/products/ | https://www.nutrafoodingredients.com/product-category/plant-based-protein/ | https://www.nutrafoodingredients.com/product-category/collagen-collagen-pepetide/,ok
730c73c4-da37-477d-9dc9-3dd4238a0595,Galletas Birba,"especias, aromas y colorantes",https://www.birba.es,Nuestras galletas | NÚRIA | SURTIDOS | RECETAS TRADICIONALES | RECETAS NOSTÁLGICAS | GALLETAS SALADAS | EDICIONES ESPECIALES | HOSTELERÍA | Desde 1893 | Huevos | Mantequilla | Leche | Harina de trigo | Azúcar | Chocolate | Nibs de cacao | Almendras | Avellanas | Aceite de oliva,19,https://www.birba.es | https://www.birba.es/las-mas-naturales/ingredientes-naturales/,ok
77472d59-3e03-f111-8406-7ced8d5c84f3,Mr Brownie,piensos mascotas,https://www.mr-brownie.com,,0,,error_home
54bae010-8862-4d86-b5a8-e4673fe65089,Sensilab farmacevtska družba d. o. o.,nutraceuticos,https://www.tummy-tox.com,"View product | About Us | Bestsellers | Join the TummyTox Fan Community | Categories | Why You’ll Love Us | Weight loss | Healthy digestion | Skin, hair, nails | Balance hormones | General questions | My Skinny Tea | Fat Burner Drink | Lightning-Fast Slimming [10-Day Bundle] | DETOX & SLIMMING | 1 + 2 | Fat burning | -40% | 10-Day Detox & Slim | -60%",20,https://www.tummy-tox.com | https://www.tummy-tox.com/recommend-products-new?cChannel=website | https://www.tummy-tox.com/tttuk-products | https://www.tummy-tox.com/online-gym,ok
7280f87e-f284-f111-ab0e-70a8a53a0b30,Kassatly Chtaura,licores,https://www.kassatly.net,Crafting Iconic Beveragesfor the World | Our Achievements in Numbers | Non-Alcoholic Range | Loading... | Alcoholic Range | Explore Our Experiences | Filters | Beirut Beer | Buzz | Chateau Ka | Freez Crystal | Freez Mix | Fruitastic | Jams & Mini Jars | Liqueurs | Mezza | Syrups,17,https://www.kassatly.net | https://www.kassatly.net/catalogue | https://www.kassatly.net/catalogue?type=non-alcoholic | https://www.kassatly.net/catalogue?type=alcoholic,ok
03eb3558-d352-f111-bec6-000d3abe319d,Synercore Holdings,"especias, aromas y colorantes",https://synercore.co.za,"System Blends | Cultures | Baking Powders | Emulsifiers | Emulsification & Melting Salts | Grain Flours | Turning challenges into opportunities for growth. | 160 | Product Formulation & Solutions | Supplier of Speciality Ingredients | Research & Development | Contract Blending | Milling | Extrusion & Exfoliation | Consultation | Spray Drying | Your innovation partner from ideation to commercialisation | Discover more of what we offer | Ingredient Portfolio | Innovation & Application | Flavours | Soya Flour | Enzymes | Sweetener Solutions | Health & Functional | Wine Ingredients | Meat Ingredients | Samp | Science meets application insight. | Ideation to commercialisation. | Delivering precision in every dairy product. | Practical innovation for bakery performance. | Stability, flavour and function for modern beverages. | Plant-based concepts with better texture and taste. | Reliable systems for culinary applications. | Ingredient solutions for indulgent product experiences. | Application support for meat and poultry products. | Specialist support for wine and spirits applications. | State-of-the-art pilot plant facilities. | Dairy Pilot Plant | Bakery Pilot Plant | IRS Research Lab | Technical Team | ""Behind every loaf, yoghurt, beverage and snack - there's a formulation story."" | Related capabilities | Core Competencies | Your innovation partner from ideation to commercialisation.",47,https://synercore.co.za | https://synercore.co.za/what-we-offer/core-competencies | https://synercore.co.za/what-we-offer/ingredients-portfolio | https://synercore.co.za/what-we-offer/innovation-application,ok
fda94b80-31e5-4fa7-9fa1-4c9e1f622f49,APICULTURE AUVERGNE,miel,https://apiculture-auvergne.com/index.html,,0,,error_home
28c72d61-332b-4fcb-8648-4fba1c66fb2d,CLUN - Agrupación de Cooperativas Lácteas,"lacteos, yogures y postres lacteos",https://www.hertzflavors.com,Traditional Tobacco Products | New Generation Products | Special Applications | Integrated Flavour Solution | Flavour Manufacturing | Regulatory & Compliance,6,https://www.hertzflavors.com | https://www.hertzflavors.com/flavours/traditional-tobacco-products | https://www.hertzflavors.com/flavours/new-generation-products,ok
40144747-7b62-ec11-8f8f-6045bd8a321b,Lavazza,cafe,https://www.lavazza.com,"¡Tierra! | DISCOVER MORE | Capsules Lavazza compatible with Nespresso* Original machines | Tierra for COFFEE PROJECTS | Ground | ¡Tierra! For Cuba Ground | A Modo Mio | A Modo Mio Delizioso Capsules | A Modo Mio Decaf Capsules | A Modo Mio Lungo Dolce Capsules | A Modo Mio Qualità Rossa Capsules | Qualità Rossa | Qualità Rossa Ground Coffee | A Modo Mio Qualità Oro - Mountain Grown Capsules | Qualità Oro | Coffee beans | Qualità Oro Beans | Espresso Barista Intenso Beans | Espresso Barista Gran Crema Beans | Espresso Barista Perfetto Beans | Espresso Maestro Lungo | Espresso Maestro Classico | Crema e Gusto | Tablì Qualità Oro Tab | Tablì Espresso Classico Tab | Tablì Espresso Intenso Tab | Tablì Decaf Tab | Made only for Tablì 100% coffee tabs | FAQ | Machine | Customer service | FLAGSHIP STORE | HUMIDIFICATION WITH WATER | COFFEEINE EXTRACTION WITH CO2 | GREEN BEANS DRYING | Decaf Intenso | Decaf Classico | DECAF: My easy day | Decaf | NATURAL DECAFFEINATION PROCESS | My easy day and My rich break | You have to value the balance of contrasts, in the kitchen and in life | Coffee Granita with Ricotta Cream | Espresso Martini | Coffee Cheesecake with Honey Jelly | Rainforest alliance | Organic | ¡Tierra! For Coffee Projects | ¡Tierra! For Cuba | Enjoy the taste of organic coffee | Explore the wonders of nature every day | A world that destroys the gifts of nature is one I do not belong in. | ¡Tierra! Collection: the best precious origins in a cup. | Our ¡Tierra! Range | A certified range dedicated to professionals. | Pleasure makes us Humans",56,https://www.lavazza.com | https://www.lavazza.com/en/tabli-collection | https://www.lavazza.com/en/decaf-collection | https://www.lavazza.com/en/tierra-collection,ok
5880f87e-f284-f111-ab0e-70a8a53a0b30,Jovianes,pasteleria,https://www.jovianes.es,Coca llardons | Croissant | Rollo de cacao integral | Napolitana | All category | Pastelería congelada | Pastelería fresca | Pastelería fresca 20 productos | Pastelería congelada 10 productos | Leer más | Bollo con mantequilla | Coca cabello | Panettone con fruta y pasas 500g | Cookie con chocolate | Cookie doble chocolate | Croissant con chocolate | Croissant con dulce de leche | Milhoja con cabello de ángel | Miniflauta con chocolate | Pantxineta | Rosquilla frita | Panettone con fruta y pasas 350g | Panettone con chocolate 500g | Barritas integrales | Cañón con chocolate | Empanadilla con cabello de ángel | Galleta con cacao y stevia | Minicaña con chocolate | Panettone con chocolate 350g,29,https://www.jovianes.es | https://www.jovianes.es/categoria-producto/pasteleria-congelada/ | https://www.jovianes.es/categoria-producto/pasteleria-fresca/ | https://www.jovianes.es/tienda/,ok
23511427-30db-f011-8543-7c1e52123808,Fundació Eurecat,medicamentos,https://www.eurecat.org,"Premi Nacional a la Transferència del Coneixement i la Innovació | Innovant pel bé comú | sobre Eurecat | Activitats | Àrees de coneixement | Sectors | eurecat labs | eurecat academy | Newsletter Eurecat | Talent | Testimonials | Promovem ecosistemes d’innovació | Actualitat | Obertes les candidatures per als nous Premis a la Innovació Tecnològica Agroindustrial | La intel·ligència artificial obre noves oportunitats per a l’autonomia de les persones amb discapacitat intel·lectual | Solucions tecnològiques innovadores per anticipar-nos al futur | ‘Zeros i uns’: la IA i les noves tecnologies, a l’abast de tothom | Eurecat impulsa la producció sostenible i desfossilitzada d’e-metanol a partir de diòxid de carboni capturat | Agenda d'activitats | 8º Congreso Español de Metrología | Congrés Discapacitat intel·lectual en l’era de la IA: La tecnologia com a motor d’una societat més inclusiva | BNEW Barcelona New Economy Week 2026 | Webinar Acelera Pyme – Com connectar amb el turista xinès: RedBook, xarxes socials i noves tendències digitals | Reimagine Textile Day 2026 | Jornada Projecte EC-SER Impulsant l’economia circular en el sector de les energies renovables | Invest in Nature 2026 | AI CONGRESS BARCELONA: El congrés de referència sobre Intel·ligència Artificial i empresa a Catalunya | Taller de trabajo de la BSC AI Factory Avanzando en la adopción de la IA | La fabricació additiva metàl·lica: noves aplicacions i casos d’èxit | 4t Simposi del Centre de Ciències Òmiques | Properes activitats | Seu fiscal | Contacte | Segueix-nos",34,https://www.eurecat.org,ok
8c68be4c-a34a-4c05-a430-c859f1d40967,Wassy Himalaya,"especias, aromas y colorantes",https://wassyhimalaya.com,"Buscamos las mejores materias primas por todo el mundo, Cuidando la sostenibilidad del PLANETA. | ENDULCE SU VIDA | UN MUNDO DE SABOR | COSMÉTICA | DECORACIÓN | DESCARGA NUESTRO CATALOGO | (Temporalmente inactiva)",7,https://wassyhimalaya.com | https://wassyhimalaya.com/nuestros-productos/ | https://wassyhimalaya.com/tienda/,ok
a35d3202-9305-4205-b059-cb7ad261afa7,Nutrigums Ltd,miel,https://www.nutrigums.co.uk,"All Products | Magnesium Citrate & Vit C | Happy Fibre (Inulin) | Turmeric, Ginger & Black Pepper | Apple Cider Complex | Mind and Focus Ashwagandha | DOZYBEARS Bedtime | Bio-Cultures (Multi Strains) Microbiome | Happy Tums (Probiotics) | Shop all | Beauty | Bones & Joints | Diet | Gut Health | Immunity | Mind & Mood | Sleep | The Ultimate Beauty Bundle | The Ultimate Bedtime Bundle | The Ultimate Busy Lifestyle Bundle | The Ultimate Diet Bundle | The Ultimate Gut Health Bundle | The Ultimate Immunity Bundle | The Ultimate Kids Age 5+ Bundle | The Ultimate Women's Vitality Bundle | Latest | Bundle Builder | Manage My Subscription | The most delicious vitamin gummies. But don't just take our word for it. | vitamin gummies | Shop by Benefit | Energy | Shop Bestsellers | Apple Cider Vinegar Complex - Apple Flavour | Magnesium Citrate & Vit C - Mixed Fruit Flavour | Magnesium Citrate | Turmeric, Ginger and Black Pepper - Spiced Fruit Flavour | Turmeric & Ginger Complex | Hair Vits Biotin Complex - Cherry Flavour | Hair Vits (Biotin) Complex | Vitamin D3 1000iu - Lemon Flavour - Vegetarian | Vitamin D3 | Women's Vitality Multi Vit Complex - Mixed Fruit Flavour | Womens Vitality | Immune Complex - Blueberry Flavour | Immune Complex | Energy – B Vitamins Complex – Tropical Fruit Flavour | Energy Vitamin B Complex | Happy Fibre (Inulin) - Mixed Berries Flavour | Happy Tums® Digestion Complex – Pineapple Flavour | Night Time Complex - Passionfruit Flavour | Night Time Complex | Vitamin C (80mg - 100% NRV) - Orange Flavour | Vitamin C | Mind and Focus Ashwagandha - Raspberry Flavour | Ashwagandha | Bio-Cultures (Multi Strains) - Strawberry Flavour | Bio-Cultures Microbiome | Dozy Bears (Bedtime) No Added Sugar - Mixed Fruit Flavour | Dozy Bears (Bedtime)",60,https://www.nutrigums.co.uk | https://www.nutrigums.co.uk/collections/all | https://www.nutrigums.co.uk/products/magnesium-citrate-vitamin-c-mixed-fruit-60-vegan-gummies | https://www.nutrigums.co.uk/products/happy-fibre-inulin-60-vegan-gummies,ok
4e558c86-c1a7-41e8-acba-721294f961c2,OLD CASTLE FARM,piensos ganaderia,https://www.oldcastlefarmhives.com,,0,,error_home
edea3558-d352-f111-bec6-000d3abe319d,Lactotecnia,"especias, aromas y colorantes",https://www.lactotecnia.com,,0,https://www.lactotecnia.com,ok_sin_productos
63c49a9f-3f7e-ee11-8179-000d3aaab965,Moara Cibin SA,galleteros,https://www.moaracibin.ro,"Bine ați venit la Moara Cibin | Moara Cibin | În centrul țării Moara Cibin | Moara Cibin S.A. face parte din Grupul Boromir | Suntem lideri în morărit | Produse Boromir - Moara Cibin | PRODUSE BOROMIR | PRODUSE FELEACUL | PRODUSE ROMMAC | Furnizăm produse de înaltă calitate | Creșterea noastră în domeniu | Produse de calitate, sănătoase | Ce cred clienții despre Moara Cibin | Morăritul contează pentru viitorul dezvoltării | Vedeti clipul | Cauți Produse de Calitate? | Suntem Lideri pe Piața Morăritului | Utile | Newsletter",19,https://www.moaracibin.ro,ok
c93e1274-0c06-ef11-9f89-6045bd92bc7a,Solico group,golosinas,https://www.solicogroup.com,,0,,error_home
1feb3558-d352-f111-bec6-000d3abe319d,Oatly AB,alternativas a lacteos,https://www.oatly.com,Oat Drink Barista Edition | Oat Drink Barista Edition Lighter Taste | Oat Drink Barista Organic | Oat Drink Baristamatic | Oat Drink for Coffee and Tea | Cold Foam Barista | Oat Drink Barista Coconut Flavour | Oat Drink Barista Popcorn Flavour | Oat Drink Barista Churros Flavour | Oat Drink Barista Caramel Flavour | Oat Drink Barista Vanilla Flavour | Chilled Oat Drink Barista Edition | Oat Drink Fiber Barista Edition | Oat Drink Fiber Low-Calorie | Oat Drink Matcha Strawberry Flavour | Oat Drink Matcha | Oat Drink Light | Oat Drink Semi | Oat Drink Whole | Oat Drink No Sugars | Oat Drink Organic | Oat Drink Vanilla | Oat Drink Chocolate | Oat Drink | Chilled Oat Drink No Sugars | Chilled Oat Drink Chocolate Deluxe | Chilled Oat Drink Organic | Chilled Oat Drink Semi | Chilled Oat Drink Whole | Chilled Oat Drink Extra Creamy | Oat Drink Barista Iced Caramel Macchiato | Oat Drink Barista Iced Flat White | Oat Drink Barista Iced Cappuccino | Moccaccino | Cappuccino | Creamy Oat | Creamy Oat Organic | Whippable Creamy Oat | Vanilla Custard | Creamy Oat Fraiche | Creamy Oat Spread Garden Herbs | Creamy Oat Spread Tomato Basil | Creamy Oat Spread Garlic Cucumber | Creamy Oat Spread Plain | Oatgurt Turkish | Oatgurt Strawberry | Oatgurt Greek Style | Oatgurt Vanilla | Oatgurt Plain | Soft Serve | Chocolate | Salted Caramel | Vanilla | Strawberry | Products | How do we make our oat drinks?,56,https://www.oatly.com | https://www.oatly.com/products | https://www.oatly.com/products/cold-foam | https://www.oatly.com/products/soft-serve,ok
d6d4bacf-46d5-47eb-9ef8-6685ebfd3a87,INCOM d.o.o.,helados,https://incomleone.com,Because you are looking for | your new ice cream bestseller | Need options? | We got them | Who says winning the market is hard to achieve? | Let’s make it happen | Only light speed is good enough for you | We got you covered | our story | Happiness is good for business | Delighting customers in 39 countries | Incom d.o.o. | Leone.si | Contacts,14,https://incomleone.com,ok
5beb3558-d352-f111-bec6-000d3abe319d,NOVONESIS,nutraceuticos,https://www.novonesis.com/en,"Novonesis to build next generation enzyme production facility in India | There’s a biosolution for (almost) everything. | Biosolutions from A to Z | The Value of Biosolutions | The Biosolutions Bulletin book | The economic growth story of our time | Novonesis acquires dsm-firmenich’sanimal feed enzyme business | New landmark scientific review on the BB-12™ probiotic strain published | We’re here to better our world with biology | Feeding more people while respecting our planet | All you need to know about biosolutions, delivered monthly | To view this form, update your cookie preferences | Transformative biosolutions for your business and the world | Find biosolutions for your industry | Animal | Baking | Beverages | Biodiesel | Biogas | Biomass | Carbon capture | Dairy | Dietary supplements | Dishwashing | Distilling | Early life nutrition | Ethanol | Fine chemicals | Functional foods | Home cleaning | Industrial & Institutional cleaning | Laundry | Leather | Meat | Medical cleaning | Oils & fats | Other foods | Pet care | Plant | Plant-based foods | Precision proteins | Pulp & paper | Renewable diesel | Starch | Sugar | Sustainable plastics | Textile | Water | There’s a biosolution for(almost) everything | Three new ways to explore The Biosolutions Bulletin | Podcast: Explore the future | Cozy up by the fire | Next issue: September 2026 | ""Why biology, regulation & public perception"" | Rethinking Industrial Production in the Age of Biology | Biology, Regulation, and the Pace of Progress | Creating the right conditions for biosolutions to take root | Previous Issues of The Biosolutions Bulletin | How can we createa healthier, more prosperous future? | Biosolutions opennew opportunitiesfor a new world",60,https://www.novonesis.com/en | https://www.novonesis.com/en/biosolutions | https://www.novonesis.com/en/biosolutions-bulletin | https://www.novonesis.com/en/era-of-biosolutions/change,ok
7bdaf0ff-a9d8-4d95-b467-8ac09e55c5e9,Vita Germine,nan,http://www.vitagermine.com,,0,http://www.vitagermine.com,ok_sin_productos
35eb3558-d352-f111-bec6-000d3abe319d,3 Topole,golosinas,https://www.3topole.pl,Kilka słów o Nas | Co możemy dla Ciebie zrobić? | Stwórz swój produkt | Certyfikaty | Aktualności | 4 etapy szybkiego wdrożenia żelków | Żelki z błonnikiem,7,https://www.3topole.pl,ok
c73e1274-0c06-ef11-9f89-6045bd92bc7a,MOLINO NICOLI,ecologico,https://www.molinonicoli.com,"Soluzioni | Prodotti | Qualità e certificazioni | La nostra promessa | Innovazione tecnologica e qualità, senza compromessi | Quattro categorie, infinite possibilità | La tecnologia che trasforma i cereali | Certificazioni che consentono di operare sui mercati globali | Una filiera integrata e 100% controllata | Entra nei nostri stabilimenti di Costa di Mezzate | Sei un buyer? Vuoi approfondire le nostre soluzioni?",11,https://www.molinonicoli.com,ok
31eb3558-d352-f111-bec6-000d3abe319d,Fresh Balck,refrescos,https://freshblack.shop/en,"Home | All coffee | Specialty coffee | Limited Edition | Blends | Drip Coffee | Capsules | All accessories | Capsules coffee machine | About us | Log in | Country/region | Austria EUR € | Belgium EUR € | Bulgaria EUR € | Croatia EUR € | Cyprus EUR € | Czechia CZK Kč | Denmark DKK kr. | Estonia EUR € | Finland EUR € | France EUR € | Germany EUR € | Greece EUR € | Hungary HUF Ft | Ireland EUR € | Italy EUR € | Latvia EUR € | Liechtenstein CHF CHF | Facebook | Instagram | NEW IN | Specialty coffee, roasted in batches | Browse coffee | ""We believe that a good cup of coffee can wake you up, even when you're already awake."" | SHOP BY CATEGORY | Coffee Blends | Accessories | Morning capsules machine | Reasons to buy Fresh Black? | KEEPING IT FRESH | EXPERIMENTS | LOVING OUR PRODUCT | Our Best Sellers | COLOMBIA CAMPO HERMOSO | ETHIOPIA DUKAMO (Anaerobic Fermentation) | How we roast your perfect cup of coffee? | Fresh Black customer inspirations | Follow us on instagram | Follow us | Shop | Contact us | europe@fresh.black | Legal | Privacy policy | Returns & Refunds | Shipping & Delivery | Terms of service | Language | English",60,https://freshblack.shop/en | https://freshblack.shop/en-eu/collections/all-coffee | https://freshblack.shop/en-eu/collections/specialty-coffee | https://freshblack.shop/en-eu/collections/best-sellers,ok
58cfaffc-dfcf-4b7c-9538-ed7c7029d904,Softi Wellness Gummies SL.,nan,https://softi.io,"Apple Cider Vinegar Vitamins Gummies | Nootropic Vitamins Gummies | Hair, Skin, Nails Vitamins Gummies | Ashwagandha KSM-66® Vitamins Gummies | Instant Energy Vitamins Gummies | Kids Complete Multivitamin Gummies",6,https://softi.io | https://softi.io/product/apple-cider-vinegar-health-benefits/ | https://softi.io/product/nootropic-health-benefits/,ok
1f511427-30db-f011-8543-7c1e52123808,SIA Smartfoody,refrescos,https://www.thebeginnings.com,"Search | SHOP ALL | BARS | COOKIES | FLAPJACKS | SPECIALS | OUR STORY | Account | Cart | Experience the real taste | Shop Choco-Banana Bar | Crispbread refreshed | Shop products | A selection of exotic flavours to sweeten the holidays | Shop Fruit Bars | High Protein.Fantastic Taste. | Shop Cookies | Protein Bars | Shop Protein Bars | Offers. Up to 25% off. | 10% off | Quick buy | The ""No-Junk"" Starter Box 1 review Sale price €38,99 Regular price €43,15 Sold out | 17% off | RAW Super Healthy Pack (3 pcs) 2 reviews Sale price €9,99 Regular price €12,00 | 26% off | High Protein Pack (15 bars) No reviews Sale price €29,00 Regular price €39,00 | 7% off | RAW Cookies Variety Pack (4 pcs) No reviews Sale price €13,99 Regular price €15,00 | 21% off | Helathy Breakfast pack (4 pcs) 1 review Sale price €7,50 Regular price €9,50 | 14% off | Oat Protein Cookies 1 review Sale priceFrom €3,00 Regular price €3,50 | 13% off | High-Protein Pack(15 bars) 1 review Sale price €26,00 Regular price €30,00 | 9% off | FlapJack Variety pack (20 bars) 3 reviews Sale price €29,99 Regular price €32,99 | 23% off | Berries Pack (4 pcs) 1 review Sale price €8,99 Regular price €11,65 | High Protein Pack (20 bars) 2 reviews Sale price €35,00 Regular price €42,25 | Protein Pack (4 pcs) 4 reviews Sale price €9,99 Regular price €13,50 | RAW Crackers Variety Pack ( 3 pcs) 7 reviews Sale price €9,00 Regular price €10,50 | Oat Cookies Variety Pack (4 pcs) 4 reviews Sale price €9,99 Regular price €14,00 | Summer Pack (4 pcs) No reviews Sale price €10,99 Regular price €13,50 | Best Seller Nut Bar pack (20 bars) 2 reviews Sale price €30,00 Regular price €36,00 | Coconut Oil Organic No reviews Sale priceFrom €4,50 Regular price €5,50 | The Family | A breakfast you can't wait to wake up toBerry Granolas Shop Granolas | Berry Granolas | NEW EPISODEHow It Is Made Black Currant Bars | How It Is Made | SIX DIFFERENT BAR CATEGORIESNutritious Bars Shop Bars | Nutritious Bars | No Gluten, No Dairy — only Berries, Fruits & NutsRaw & Softbaked Cookies Shop Cookies | Raw & Softbaked Cookies | Produced on our own factory to highest food standards | Natural & Gluten free | High Fiber & Whole Food | Award-winning taste | Whole Food",60,https://www.thebeginnings.com | https://www.thebeginnings.com/collections/the-natural-whole-food-collection | https://www.thebeginnings.com/collections/bars | https://www.thebeginnings.com/collections/flapjacks,ok
9920235d-fbdf-f011-8544-7ced8d0c5f55,Soprole,nan,https://www.soprole.cl,Ver todo | Leches Líquidas | Yoghurt | Postres | Leches Cultivadas | Leche condensada | Kéfir | Leches en polvo | Quesos Maduros | Queso Fresco | Mantequilla | Margarina | Cremas | Manjar | Néctar y Jugos | Aguas | Leche chocolate En Simple 1L | Leche chocolate En Simple 200ml | Leche Protein+ Power semidescremada Chocolate Peanut Butter 1L | Leche Protein+ Power semidescremada Chocolate Peanut Butter 200ml | Leche Semidescremada 200 ml | Leche semidescremada con Avena y Manzana 1L | Leche semidescremada con Avena y Manzana 200ml | Leche Entera 200 ml | Leche semidescremada con Avena 1L | Leche semidescremada con Avena 200ml | Leche chocolate con cacao 1L | Leche chocolate con cacao 200ml | Leche Cremosa 1L | Leche Descremada 1L | Leche Entera 1L | Leche Protein + Cappuccino 1L | Leche Protein + Cappuccino 200ml | Leche Protein + Vainilla 1L | Leche Protein + Vainilla 200ml | Leche Protein+ Power semidescremada 1L | Leche Protein+ semidescremada 1L | Leche Protein+ semidescremada con cacao 1L | Leche Protein+ semidescremada con cacao 200ml | Leche Requetepatitas chocolate 1L | Leche Requetepatitas chocolate 200ml | Leche sabor Frutilla 1L | Leche sabor Frutilla 200ml | Leche Semidescremada 1L | Leche Zerolacto descremada 1L | Leche Zerolacto Entera 1L,46,https://www.soprole.cl | https://www.soprole.cl/productos | https://www.soprole.cl/productos/categorias/no/subcategorias/leches-liquidas | https://www.soprole.cl/productos/categorias/yoghurt,ok
2c144747-7b62-ec11-8f8f-6045bd8a321b,Stockeld Dreamery,"lacteos, yogures y postres lacteos",https://www.stockeld.com,Cultured Cream Cheese | MELT Cultured Slices | Original | Strawberry | Scallion | Cheddar | Stockeld Cream Cheese | Stockeld melt,8,https://www.stockeld.com | https://www.stockeld.com/products,ok
9b3e1274-0c06-ef11-9f89-6045bd92bc7a,BOGUTTI,galleteros,https://www.epicingredients.com.my,,0,,error_home
43eb3558-d352-f111-bec6-000d3abe319d,L Cell Longevity Supplements,golosinas,https://omgbubbletea.com,All Products | Bubble Tea | Fibre Soda | Where to Buy | Our Story | Contact Us | Wholesale | Bobitto | BUY FIBRE SODA | Bubble Tea That Refuses To Blend In | Our Products | The most delicious collecting game ever | PLAY THE GAME | OMG Bubble TeaBold flavours. Big personality. Explore | OMG Fibre SodaSmart refreshment. Daily fibre. Explore | Go on. Find your favourite. | Fibre Soda Bestseller Pack | Cherry Cola | Tropical | Yuzu | View all products | Why OMG? | See what the community is saying | Join OMG World | Quality | Certificates | Creator Application | Terms of Service | Privacy Policy | Returns | Fibre Soda Variety Pack | Strawberry Vanilla | Watermelon Slay | Lovely Lollipop | Dragonfruit Mood | Party Box | Raspberry Rainbow | Peach Party | Tropical Vibes | Sunny Lemon | Passionfruit Love | Bubble Gum | 12 reviews | Try other flavors | Cherry Cola Fibre Soda | Ingredients: | Additional information:,47,https://omgbubbletea.com | https://omgbubbletea.com/collections/all | https://omgbubbletea.com/products/fibre-soda-variety-pack-3-flavours | https://omgbubbletea.com/products/cherry-cola-fibre-soda,ok
26144747-7b62-ec11-8f8f-6045bd8a321b,Vanilini,pasteleria,https://www.vanilini.ge,,0,,error_home
19eb3558-d352-f111-bec6-000d3abe319d,Tnuva,"lacteos, yogures y postres lacteos",https://tnuvausa.com,Cheeses and Desserts | Pastries | Industrial & Food Service | Yolo | Tnuva Table | Qualify,6,https://tnuvausa.com,ok
8f3e1274-0c06-ef11-9f89-6045bd92bc7a,THE SKINNY FOOD CO,miel,https://www.theskinnyfoodco.com,"Free Shipping On Orders Over £50 | Country/region | Shop All | Big 9 Coffee Bundle: £29.99 | BUNDLE DEALS | Air Fryers | 4 Coffee Syrups £11.99 | Shop By Category | View All | Winter | Essentials Collection (Low Cost) | Chocaholic Range | Best Sellers | Items in stock | Coffee Shots | Syrups | Coffee Syrups | Sauces / Dressings | Spreads | Lower Carb Essentials | Pasta / Rice / Breads | Vegan Options | Breakfast / Lunches | Dinner | Ready Meals | Barista Syrup Savings! | £5 OFF | Starting from just £1.99! | save £5: | Hurry Limited Time Offer - Save More Today! | Claim & Save Now! | New In | All Syrups | All Sauces | High Protein | Low/Zero | Snacks | Low Carb | Keto | Special Buys | Shop now | New Arrivals | World Flavours | Crave & Control with Skinny+ | Save 15% by trying all 6 today! | Claim & Save Today! | Simple, Lower-Sugar Choices | Find Out More | New to the Barista Range | Meet the Ube Collection | Try All 4 and Save 30% Today | 5 Barista Syrups for Just £14.99 | Autumn Flavours | Usually £24.95 | Limited Offer | Check out our latest range of ""NEW IN"" goodies! | New Hot Products Just Dropped! | 2026 Saver Bundles! | Bundle Up & Save Big! | SHOP COLLECTION NOW! | Now Up to 65% Off - Limited Offer | Air Fryer's From £24.99 | Massive Savings",60,https://www.theskinnyfoodco.com | https://www.theskinnyfoodco.com/collections/bundle-collection | https://www.theskinnyfoodco.com/products/the-big-9-coffee-syrup-bundle | https://www.theskinnyfoodco.com/products/250ml-syrup-bundle,ok
10ff391b-4fcc-4036-99c0-88758d83da57,LABORATORIOS REIG JOFRE S.A.,ecologico,https://reigjofre.com,Universalizando | la ciencia | que importa | Privacy Preference Center,4,https://reigjofre.com,ok
28df5db4-3f5f-4e95-828e-300c37e4d381,Hranom do zdravlja,piensos ganaderia,https://www.untz.ba,"Stipendije | Konkursi | Odbrane radnji | ČESTITKA REKTORA AMIRA KARIĆA STUDENTIMA U POVODU POČETKA 2026/27. AKADEMSKE GODINE | UNIVERZITET U TUZLI GENERALNI POKROVITELJ SAJMA KNJIGE | POZORIŠNI DAR UNIVERZITETA ISPRAĆEN OVACIJAMA | 50 GODINA UNIVERZITETA U TUZLI - PONOSNI NA PROŠLOST GRADIMO BUDUĆNOST | SAOPĆENJE ZA JAVNOST: UNIVERZITET U TUZLI NIJE SARAĐIVAO SA FIRMOM „DIGITALNI OZON“ | POŠTANSKA MARKA ZA PET DECENIJA UNIVERZITETA U TUZLI | KONKURS ZA UPIS STUDENATA NA TREĆI CIKLUS STUDIJA NA FAKULTETE UNIVERZITETA U TUZLI U AK. 2026/27. GOD. | REAKREDITACIJOM UNIVERZITET U TUZLI POTVRDIO LIDERSKO MJESTO U BOSNI I HERCEGOVINI | IZGRADNJA LABORATORIJSKE INFRASTRUKTURE U KAMPUSU UNIVERZITETA U TUZLI | Novosti | Nove mogućnosti i prilike za studente: Otvoren obnovljeni laboratorijski kompleks Mašinskog fakulteta | JAVNI POZIV za dopunu Liste istaknutih stručnjaka iz prakse u ak. 2026/27. god., od 29.09.2026. god. | Univerzitetski planinarski pohod povodom 50 godina Univerziteta u Tuzli | KONAČNE RANG LISTE za akademsku 2026/27. godinu, I ciklus studija, III upisni rok | Akademija dramskih umjetnosti Univerziteta u Tuzli uručila zahvalnicu HEEZ gradnja d.o.o. Tuzla | Iz Tuzle u Brno: prilika za studiranje na Masaryk Univerzitetu u Češkoj | Održan treći konzorcijski sastanak Erasmus+ SuProM projekta na Univerzitetu u Palermu | JAVNI POZIV za dopunu Liste istaknutih stručnjaka iz prakse u ak. 2026/27. god., od 24.09.2026. god. | PRIVREMENE RANG LISTE za akademsku 2026/27. godinu, I ciklus studija, III upisni rok | Razgovarano o razvoju studentskog sporta na Univerzitetu u Tuzli | Rektor Karić ugostio pobjednike Studentske malonogometne lige | Benjamin Avdić dobitnik prestižne Chevening stipendije Vlade Ujedinjenog Kraljevstva | Događaji | PONOSNI NA PROŠLOST GRADIMO BUDUĆNOST | Istaknute vijesti | Obavještenja | Accesibility Adjustments",30,https://www.untz.ba,ok
9961f07e-5730-42d7-97e9-4c50eae0f214,LIFE FOUNTAIN,piensos ganaderia,https://lifefountain-eg.com,Egyptian Sidr honey (250g) | Egyptian Citrus honey (450g) | Egyptian Clover Blossom honey (450g) | Egyptian Marjoram honey (450g) | Extra Virgin Premium 3/4 | Extra Virgin Oilve Oil (1/4L) | VP 1 | VP 2 | Offer Back to school | Egyption Fannel Honey (450g) | Extra Virgin Oilve Oil (1L) | Extra Virgin Oilve Oil (1/2L) | Egyptian Sidr honey (1000g) | Egyptian Sidr honey (500g) | Egyptian Citrus honey (950g) | Egyptian Clover Blossom honey (950g) | Egyptian Marjoram honey (950g) | Egyptian Anise honey (950g) | Egyptian Desert honey (450g) | Egyptian Beeswax (950g) | Egyptian Pollen (1g) | Egyptian Royal Gelly (5g) | Egyptian Beeswax (450g) | Egyptian Desert honey (950g) | Egyptian Anise honey (450g) | Home | Shop | Dr Bee | Description | 1 review for Offer Back to school | Related Products | Add a review Cancel reply | Additional information | 1 review for Egyptian Sidr honey (250g),34,https://lifefountain-eg.com | https://lifefountain-eg.com/en/shop/ | https://lifefountain-eg.com/en/product/%d8%b9%d8%b1%d8%b6-back-to-school-2/ | https://lifefountain-eg.com/en/product/%d8%b9%d8%b3%d9%84-%d8%b3%d8%af%d8%b1-%d9%85%d8%b5%d8%b1%d9%8a/,ok
f4501427-30db-f011-8543-7c1e52123808,Elton,suplementos deportivos,https://www.neggst.co,,0,,error_home
49eb3558-d352-f111-bec6-000d3abe319d,Chalice Suplements,golosinas,https://chalicesupplements.com,,0,https://chalicesupplements.com,ok_sin_productos
7fb66c1e-dd47-41cc-831b-075fd6c9e220,NAHLAT ALMAGHRIB,piensos ganaderia,https://www.facebook.com/nahlatalmaghrib.net,,0,,error_home
85472d59-3e03-f111-8406-7ced8d5c84f3,Arruabarrena,pasteleria,https://www.burmar.es,,0,,error_home
fa88a112-9e3e-403c-b0cb-b292e353aa47,LE APINE,piensos ganaderia,https://www.leapine.com,"ABBIGLIAMENTO | ARNIE E ACCESSORI | ATTREZZATURE | NUTRIZIONE E SEMI | SMIELATURA E TRATTAMENTO DEL MIELE | REGINE, PROPOLI E POLLINE | TRATTAMENTI | LAVORAZIONE CERA E FOGLI CEREI | CONFEZIONAMENTO E PRESENTAZIONE | SICUREZZA E CONTROLLO | MANGIMI, INTEGRATORI E CERA BIOLOGICI | KIT | T-SHIRT E GADGET | BOMBONIERE E PARTECIPAZIONI | BUG HOTELS | ANALISI PRODOTTI DELL'ALVEARE | LIBRI | CREAZIONE ETICHETTE | PROMOZIONI | GIFT CARD | AL TUO FIANCO NELLE OCCASIONI SPECIALI | Offerte del mese | NUOVO APICOLTORE? | PER LORO SOLO IL MEGLIO | servizio esterno | SEMENTI MELLIFERE | SOSTIENI IL PROGETTO SALVA LE API | AMIAMO IL FAVO NATURALE | TOP GRAP | in esclusiva! | TOP BAR | SCOPRI IL GIARDINO DEGLI APICOLTORI | CHI SIAMO | CONTATTACI | PAGAMENTI SICURI | SPEDIZIONI VELOCI | RESI E GARANZIA | IL PRODOTTO COMPRENDE | SPEDIZIONE E RESO | UTILIZZO",40,https://www.leapine.com | https://www.leapine.com/regine-polline-e-propoli | https://www.leapine.com/product-page/distanziatore-per-candito-candi-sac | https://www.leapine.com/product-page/apiherb,ok
f8688c11-de23-4b01-811b-f7bcffdcc059,A. N. M KHAN S.L.,pasteleria,https://www.anmkhan.es,Assorted Coffee | Hand Sanitizer | Handpicked Red Chillies | Natural Extracted Olive Oil | Fresh Orange Juice,5,https://www.anmkhan.es,ok
f76a8b05-c9b3-4858-b29f-e3680ad1c6c2,CONFIDAS,golosinas,https://confidas.com/fr,"Confiserie | Nutrition sportive | Les fruits dans leur forme la plus raffinée | Une expertise,deux applications | Cinq secteurs qui explorent le potentiel des fruits | Les marques de chocolat | Les détaillants | Les marques alimentaires | Marques de sport | Les grossistes | Pas dans cette liste ? | Au goût de nos partenaires | L'innovation dans la tradition | Marque propre | Voici ce que vous pouvez attendre de nous | Une seule catégorie de produits | Jusqu'à 70 % de fruits | Des formes variables | Sans additifs | Sur mesure et selon vos goûts | Du concept à la confiserie | Vous apportez votre concept, nous apportons notre expertise. Ensemble, nous faisons fructifier vos idées.",22,https://confidas.com/fr,ok
9efc02d6-c10d-4b1b-90bc-4b5387515a0a,HALVA LTD,golosinas,https://halva.fi/en,"English | Suomi | Sign in | €0,00 | Facebook | Instagram | TikTok | YouTube | Language | HALVA WASTE BOX 1 KG | Halva Licorice with chocolate salmiac, caramel & passion 125 g | Halva Gluten Free Oat Licorice 200 g | Halva Hot Salty Jellies 160g | HALVA Waste Sweet liquorice & salty liquorice 500 g | HALVA Surplus Salmiak & Licorice 500 g | HALVA Waste filled liquorice 500 g | HALVA Waste Fruit liquorice 500 g | Halva MegaMaku Mix assorted sweets 500 g | Liquorice | Chocolate liquorice balls | Salmiac | Candy mixes | Halva | Soft jellies | Other confectionary | Pick'n'mix candy | BOXES | Joulu | Gift cards | Hävikkituotteet | Lakritsinen tiramisu | Salmiakkimokkapalat | Helppo salmiakkijäätelö | Salmiakkidonitsit | Sitruuna-lakritsijuustokakku | Helppo lakritsipavlova kesän juhliin | Licorice graved salmon | Old time licorice bread | Licorice-tomato-mozzarella salad | Cheese with licorice sauce | Chocolate licorice muffins with a licorice heart | Licorice cheesecake | Halvan syksyn uutuudet 2026🖤 | UUTUUS! Saatavilla 1 KG Halvan maukasta 2-laatuista Hävikki Lakua edullisesti 😋 | 🎄 Yritysmyynnin jouluennakkotilaukset nyt käynnissä! | Kesän 2026 makeisuutuudet: Halva tuo markkinoille kirpeitä herkkuja ja kotimaisia suosikkeja | 8.1.2026 Mediatiedote: Halvan 95-vuotisjuhlavuosi & talven uutuudet | Halvan maukasta makeaa voi tilata myös Kespron verkkokaupasta | Oy Halva AB mediatiedote 12.12.2025 | Oy Halva Ab mediatiedote 26.9.2025 | Syksyn uutuudet 2025 | Kesän uutuudet 2025 | Herkullinen pääsiäisboxi noitien patoihin | Featured | Most relevant | Best selling | Alphabetically, A-Z | Alphabetically, Z-A | Price, low to high | Price, high to low",60,https://halva.fi/en | https://halva.fi/en/collections/all | https://halva.fi/en/collections/liquorice | https://halva.fi/en/collections/chocolate-liquorice-balls,ok
e4501427-30db-f011-8543-7c1e52123808,Nissos Greek Food,"especias, aromas y colorantes",https://www.nissos-greek-food.com,,0,https://www.nissos-greek-food.com,ok_sin_productos
83472d59-3e03-f111-8406-7ced8d5c84f3,Yarych,"lacteos, yogures y postres lacteos",https://www.yarych.com,Печиво | Крекери | Продукція | Печиво Здорове затяжне печиво з низьким вмістом цукру та жиру | Крекери Солений або ж солодкий хрусткий снек найрізноманітніших форм та смаків | Історія компанії | КАТАЛОГ ПРОДУКЦІЇ | Асортимент продукції | Petit BEURRE | Форми крекерів,10,https://www.yarych.com | https://www.yarych.com/catalog?1=1 | https://www.yarych.com/pl-products,ok
e90a1ad1-8378-49a7-afc0-969a70de6a66,ATS Kimya,"especias, aromas y colorantes",https://atskimya.com,ÃrÃ¼n GruplarÄ±mÄ±z | TedarikÃ§ilerimiz | Haber & Duyurular TÃ¼mÃ¼nÃ¼ GÃ¶rÃ¼ntÃ¼le | Life Sciences Ingredients | Magnesium Citrate Malate | A.T.S Genel MÃ¼dÃ¼rÃ¼ Emel Babacan GÃ¼rbÄ±yÄ±k Ä°le RÃ¶portaj | GÄ±da Takviyeleri iÃ§in Magnezyum Sitrat Malat | ATS - Advanced Technology Supplies | Kurumsal | Ä°letiÅim | E-BÃLTEN | ATS AdvancedTecnology Supplies,12,https://atskimya.com | https://atskimya.com?h43561/life-sciences-ingredients,ok
90bfbf1d-aa8f-4f79-8594-34cea53b039c,BEE AND COMB LLC,miel,https://www.corsapetfood.com,,0,,error_home
53eb3558-d352-f111-bec6-000d3abe319d,RSL Distillers Pvt Ltd,licores,https://rsldistillery.com,"RSLDISTILLERIES | An Integrated Distillery Supporting Sustainable Energy | Leading Since 1990 | Who we are | FACILITIES | Responsible Growth Through Resource Efficiency | Renewable Energy Focus | Efficient Resource Utilisation | Agro-Based Circular Economy | Environmental Compliance | Community & Rural Support | Manufacturing Capabilities | Distillery Capacity | ENA Capacity | Power Generation | IMFL Bottling | Country Liquor Bottling | Strategic Expansion | Buttar Biofuels | RSLD Expansion | Sustainable Logistics | OUR PRODUCTS | THE RANA GROUP ADVANTAGE | Three Decades of Agro-Industrial Excellence | 1991 | 1993 | 1998 | 2006 | 2016 | 2019 | Reach Our Team | Join Our Journey | Building the Future of Sustainable Energy | Connect with us | Pages | Premium Spirits & Sustainable Energy Solutions | From Extra Neutral Alcohol to Fuel-Grade Ethanol — Powering Industries, Driving India's Biofuel Mission | Our Product Portfolio | EXTRA NEUTRAL ALCOHOL (ENA) | Pharmaceutical-Grade Purity for Premium Applications | FUEL-GRADE ETHANOL | Powering India's Clean Energy Future | INDUSTRIAL SPIRIT | High-Performance Spirit for Industrial Applications | POTABLE ALCOHOL | Premium Base Spirit for Beverage Excellence | IMFL & COUNTRY LIQUOR BOTTLING | 3 Million Cases Per Year of Precision Bottling | CO-GENERATION POWER | 5.5 MW of Clean, Renewable Energy",50,https://rsldistillery.com | https://rsldistillery.com/products/ | https://rsldistillery.com/products#ena | https://rsldistillery.com/products#fge,ok
bb02cb14-114b-4fcf-9832-a16c716eac32,INFINITE CHOICE Lda.,nutraceuticos,https://www.infinitechoice.pt,FOOD & BEVERAGE | HEALTH & NUTRITION | PERSONAL CARE | PHARMA | INFINITE CHOICE | SOURCING & PROCUREMENT | OUR PRODUCTS | MAIN MARKETS | We are ready to serve and partner with you.,9,https://www.infinitechoice.pt,ok
15eb3558-d352-f111-bec6-000d3abe319d,Onyva,refrescos,https://onyvacoffee.com,"TIENDA | CAFÉS | ESPRESSO | SUPERAUTOMÀTICA | FILTRO | PACKS | COMPLEMENTOS | CAFETERAS | CYCLING KIT | GINGER COFFEE | ONYVA MATCHA | SUSCRIPCIÓN | REGALA UNA SUSCRIPCIÓN | WHOLESALE | NOSOTROS | SOBRE NOSOTROS | EVENTOS | ONYVA CLUB | BLOG | TIENDAS | Español | English | Català | Café de especialidad tostado en Barcelona | ONYVA COFFEES | SUMMER ESSENTIAL | ONYVA Club, descúbre sus ventajas | DESCUBRE NUESTROS CAFÉS | Cargando imagen: | ONYVA Blend - Brasil y Colombia | de €11,90 | Welcome Pack - Espresso | €35,62 €39,30 | LIMITED EDITION - Kirinyaga Karimikui - Kenya | €17,50 | ONYVA ALL DAY | de €23,29 €27,40 | SUSCRÍBETE A ONYVA | ELIGE TU SUSCRIPCIÓN | CAFETERÍAS ONYVA | ONYVA FARRÓ | Pàdua 71-72, Barcelona | ONYVA HOUSE | Pedró de la Creu 34, Barcelona | ONYVA SARRIÀ | Cornet i Mas 9, Barcelona | ONYVA SANT GERVASI | Ciutat de Balaguer 45, Barcelona | Todas las cafeterias | Menú | Quiénes somos | Eventos Comunidad | Contacto | Políticas | Política de envío | Devoluciones y reembolsos | Aviso legal | Política de privacidad | Condiciones de uso | Preguntas frecuentes",60,https://onyvacoffee.com | https://onyvacoffee.com/collections/onyvacoffees | https://onyvacoffee.com/collections/catalogo | https://onyvacoffee.com/collections/superautomatica,ok
f3ea3558-d352-f111-bec6-000d3abe319d,S.a.r.l Ibrahim & Fils - ifri,refrescos,https://www.ifri-dz.com,,0,https://www.ifri-dz.com,ok_sin_productos
7c80f87e-f284-f111-ab0e-70a8a53a0b30,Milkimi (Industrias Salumi Simonini S.p.A),quesos,https://www.milkimi.com,"Queso natural, nutritivo, energético y... ¡Sabroso! | ¿Has probado nuestros quesos en lonchas? | ¿Has probado nuestros quesos en rallados? | ¿Has probado nuestros quesos en porciones? | ¡Disfruta de lo bueno! | ¡Prepáralo en un abrir y cerrar de ojos! | y tú, disfruta",7,https://www.milkimi.com,ok
fa91df84-b59a-4e1e-b043-b8c4220a263a,API DOUCEUR,miel,https://www.api-douceur.com,Boutique (accÃ¨s direct) | Miel | Pollen | Bougies | Savons | Confiserie | Vinaigre | Plus d'info | Plan d'accÃ¨s | Mentions lÃ©gales | info@api-douceur.com,11,https://www.api-douceur.com,ok
dca61c4b-7b18-4852-b3c8-ebeeb114835f,Nutrigums Ltd,nan,https://www.pharmacareeurope.com,,0,,error_home
47eb3558-d352-f111-bec6-000d3abe319d,Orange Country,golosinas,https://orangecounty-cbd.com,"CBD Gummy Worms (Large Tub) | 🤑 Get points for money off | 🍊 Have you joined Orange Rewards? | Orange County CBD | Sign In | Create an account | Shop | View All Shop | Shop Best-Sellers | Sale & Bulk | CBD Oil | CBD Edibles | View All CBD Edibles | CBD Gummies | CBD Supplements | CBD Vaping | View All CBD Vaping | CBD E-Liquid | CBD Cali Range | CBD Vapes | Vape Devices | CBD Skincare | View All Gift Bundles | CBD & Wellness Bundles | Gift Card | Lifestyle | Wellness Range | Loyalty & Referrals | Students | Learn | CBD Bundles | Functional Mushrooms | View All Products | Contact Us | About Us | Meet the Team | Delivery & Shipping | Returns & Exchanges | GDPR Compliance | Privacy Policy | Terms & Conditions | Modern Slavery Statement | Sitemap | Referrals | Code of Ethics | Editorial Policy | Disclaimer | Everything CBD | CBD Lab Reports | Blog | FAQs | How does it work | Simply put - the more you spend, the bigger the savings. Get rewarded for something you already do! | Sign up here | Begin earning | 10 points | Start spending! | 100 points | More ways to earn! | Where can I see my points?",60,https://orangecounty-cbd.com | https://orangecounty-cbd.com/pages/orange-rewards | https://orangecounty-cbd.com/collections/all-products | https://orangecounty-cbd.com/collections/all,ok
75472d59-3e03-f111-8406-7ced8d5c84f3,Caramelos Cerdán,golosinas,https://www.carameloscerdan.com,"Sweet Pips | Piruleta Corazón Maxi 16,2 g | Babugs Piruletas | Summer Pop | Sobres Pica Soda Unicornios | Fin Fan Fun 15,5 g | Sobres Pica Soda Con Piruleta – American Flavour | Mini estuche con chupa en flow pack | Chupa Pintalenguas | Sobres Pica Soda Dinos | High Five | Cake Bites - Mini caramelos con palo | Candy Chilli Roulette | Caramelos sabor Mojito | Cerdan Lollipops relleno de chicle | Cubalibre | Doble Relleno Cola | Drácula Doble Relleno | Energy Pica Soda | Merry Christmas | Pika pop | Piruletas Regaliz negro | XXL Extreme Doble Relleno | Yokolín Fresa-Menta | Yokolín Menta Extrafuerte | Zombie Lokopop Doble Relleno | Zombie Lokopop Piruletas",27,https://www.carameloscerdan.com | https://www.carameloscerdan.com/gama-cerdan/,ok
3a144747-7b62-ec11-8f8f-6045bd8a321b,Red Bull GmbH,barritas y bebidas deportivas,https://www.redbull.com,,0,,error_home
64eb3558-d352-f111-bec6-000d3abe319d,Mitsui & Co Europe Plc,nutraceuticos,https://www.mitsui.com,"News | 360Â° business innovation. | USA Data Driven Management | Protein for the people | Global Energy Transition / Fuelling the future | Industrial Business Solutions / From the ground up | Leading a Second Green Revolution in Saudi Arabia | Global Energy Transition / Solutions for stability | Creating a Wellness Ecosystem / Healthcare | Explore Our Global Businesses | Investor Relations | Careers | Sustainability | Pickup Contents | Corporate Profile | Leadership Team / Directors & Senior Management | Worldwide Network | Services & Products | Corporate Brochure | Mitsui Integrated Report | Disaster Relief Activities | Corporate Mission Vision Values | Medium-Term Management Plan | Governance | Organization | Major Subsidiaries & Associated Companies | Mitsuiâs DX | Mitsuiâs HR management | Access | History | Library | More Information | Site Search | Mission | Build brighter futures, everywhere | Vision | Values | Seize the initiative | Thrive on diversity | Embrace growth | Act with integrity",41,https://www.mitsui.com | https://www.mitsui.com/jp/en/company/outline/index.html | https://www.mitsui.com/jp/en/company/outline/profile/index.html | https://www.mitsui.com/jp/en/company/outline/idea/index.html,ok
f0501427-30db-f011-8543-7c1e52123808,Inexall ompany,"especias, aromas y colorantes",https://www.inexall-company.com,Resinex oleorezini za mesnu industriju | Gluten - veleprodaja | Produženje svežine peciva | Akrilamid - sve o regulativi i redukciji akrilamida u hrani | A partnership based on trust!,5,https://www.inexall-company.com,ok
3f8b8c9f-e16e-4ebd-a3af-ebfaacabb9e2,Euro Patisserie Producties,galleteros,https://www.europatisserie.nl/es,Nuestra Gama | con pasión | Pasteles y banquetes | Galletas | Salado | Estacional | Biológico | nuestros dulces | momento de disfrute | Pastelitos de mazapán | Mini rollos | Brazos de gitano | Tartas y Milhojas | Pastelitos de coco | Crumble | Espolvoreado | Hojaldre dulce | Natural | Bajo índice de azúcar | Surtido dulce,20,https://www.europatisserie.nl/es | https://www.europatisserie.nl/es/nuestra-gama | https://www.europatisserie.nl/es/nuestra-gama/pasteles-y-banquetes | https://www.europatisserie.nl/es/nuestra-gama/galletas,ok
1a1fa557-86ac-422d-868d-db0278583623,Cortex Chemicals,agroquimico,https://cortexch.com/the-company,"A well-established distributor | over 900 products | 78 million euro annual turnover | 330 employees in the group | 100% polish capital | Tailor-made products | Food industry | Cosmetic industry | Animal feed industry | Plastics | Rubber industry / Rubbers | Paints, coatings, varnishes | Oils and lubricants | Foundry casting | Household chemistry | Chemical syntheses | Pharmaceutical industry and dietary supplements | Oil and gas processing | Construction industry | Fertilizers | About Us | Our Vision and Values | Many Years of Experience | Professional Approach | Top Quality Services | Speed and Flexibility in Action | Innovative Solutions | Logistics | References | Why Us? | To download | General terms and conditions | Certificates | Account of this purchasing group: | Marzena | Write to us",36,https://cortexch.com/the-company | https://cortexch.com/en/our-offer/,ok
fff30821-c885-4003-b5f1-a6fe721a1955,ALSACE LAIT,"lacteos, yogures y postres lacteos",https://www.alsace-lait.com,Nos recettes | Actualités | Où trouver nos produits | anglais | allemand | néerlandais,6,https://www.alsace-lait.com,ok
5eeb3558-d352-f111-bec6-000d3abe319d,"Jankar Profi, s.r.o.",nutraceuticos,https://No se encuentra la WEB.,,0,,error_home
f8501427-30db-f011-8543-7c1e52123808,Alta Kraina,zumos y nectares,https://www.altakraina.com,"Our manager visits production sites from time to time and audits them at several levels: | Recently Ukraine: | Also, we are in a continuous search for new suppliers for our clients.",3,https://www.altakraina.com | https://www.altakraina.com/production | https://www.altakraina.com/catalog,ok
4c178528-a184-46a1-93dc-875b0317a59f,RBL Foods (Pty) Ltd.,pasteleria,https://www.rblfoods.com,,0,https://www.rblfoods.com,ok_sin_productos
fdea3558-d352-f111-bec6-000d3abe319d,Do It Organic,ecologico,https://www.doitorganic.com,Cocoa & Carob | Seeds & Kernels | Nuts | Grains | Beans & Pulses | Dried Fruits | Flours & Starches | Oils & Fats | Plant Protein | Rice | Sugars & Sweeteners | Tomato | Various | Manufacturers | Packers | Retailers | Distributors | Foodservice | Webshops | 1. Where do your organic ingredients come from? | 2. How do you guarantee organic certification and food safety? | 3. What makes DO IT Organic different from other organic suppliers? | 4. How do I become a customer or supplier? | 5. Where can I find specific product information? | Home | Our Assortment | Food Ingredients | 1. How do I become a customer or supplier? | 2. What are the minimum order quantities? | 3. Do you ship outside of the EU? | 4. What if I can’t find the ingredient I need? | 1. Which products are included in your cocoa and carob range? | 2. What applications is your cocoa suitable for? | 3. What is the difference between cacao and cocoa? | 4. Where does your cocoa come from? | 5. What is carob and when should you choose it instead of cocoa? | 6. Do you supply cocoa and carob internationally? | 1. Which products are included in your seeds and kernels range? | 2. What applications are organic seeds and kernels suitable for? | 3. What makes seeds and kernels functionally valuable ingredients? | 4. Where do your seeds and kernels come from? | 5. Do you also supply seeds and kernels for retail and private label?,42,https://www.doitorganic.com | https://www.doitorganic.com/assortment/food-ingredients | https://www.doitorganic.com/assortment/food-ingredients/cocoa-carob | https://www.doitorganic.com/assortment/food-ingredients/seeds-kernels,ok
28144747-7b62-ec11-8f8f-6045bd8a321b,Fi Dubai International FZE LLC,nan,https://fidubai.ae,"Fi Dubai | شركة مواد غذائية | Food Ingredients and Raw Materials Supplier in Dubai | | Explore our range | Better Ingredients | Better Food | Meat Poultry & Seafood | Bakery & Confectionary | Snacks & Seasoning | Culinary Oil, Olive Oil & Fats | Dairy & Beverages | Cocoa Supplier in Dubai | Popular Products | Textured Vegetable Protein (TVP) | Vegetable Protein Concentrates (VPC) | Skimmed Milk Powder | Dry Fruits | Xanthan Gum | Soya Lecithin | Gelatin & Collagen | Cocoa Powder | About Fi Dubai | Excellence in Food Ingredients | Our suppliers | We are proud to be working with | Get In Touch | Looking for a food ingredients supplier in UAE | We are Exibiting At Gulfood 2026 | Main Concourse | Meat, Poultry and Seafood Ingredients We Provide | Textured Vegetable Concetrates (TVC) | Bread Crumbs / Coating Systems | High-Fibrous TVP | Starch | Aroma Blends | Fibers | Multifunctional Blends | Natural Color | Extract & Oleoresin | Brines Solutions | Explore Other Industries We Serve | Bakery & Confctionary | Culinary Oil & Fats | Contact Us for Your Meat Poultry and Seafood Ingredient Needs | Let's Talk | Bakery and Confectionary Ingredients We Provide | Flavor & Essence | Food Color | Specialty fat | Commodity | Emulsifier | Enzymes - BK 5020 SF | Contact Us for Your Bakery and Confectionery Ingredients Needs | Snacks and Seasoning Ingredients We Provide | Modified Starches | Oleoresins | Taste enhancers | Flavors | Dextrose monohydrate | Maltodextrin | Bakery & Confectionery | Contact Us for Your Snacks and Seasoning Ingredient Needs",60,https://fidubai.ae | https://fidubai.ae/products/meat-poultry-and-seafood/ | https://fidubai.ae/products/bakery-and-confectionary/ | https://fidubai.ae/products/snacks-and-seasoning/,ok
6900fba3-6117-4048-985a-dcead4351fb1,Castillo de Jijona,turron,https://castillodejijona.com,"Nuestra historia | La familia Garrigós, los pioneros | Consolidación y crecimiento | Dos familias unidas por una tradición | Los orígenes de ‘Castillo de Jijona’ | Primeras exportaciones y expansión | Bienvenidos a la tradición | Ingredientes saludables | Turrón de Jijona y Alicante IGP | Calidad Suprema Certificada | ¿Qué garantiza la certificación IGP en el turrón? | Diferencias entre Turrón de Jijona y Turrón de Alicante | Por qué elegir turrón IGP frente a turrón industrial | Turrón Sin Azúcar para Diabéticos | Cómo elaboramos el turrón sin azúcar para diabéticos | ¿Es realmente bueno el turrón sin azúcar para diabéticos? | Variedades de turrón sin azúcar disponibles | Turrón Vegano Certificado V-Label | Sin Miel ni Huevo | ¿Qué turrón vegano es mejor? Sin miel ni huevo garantizado | Certificación V-Label: garantía oficial vegana sin miel ni huevo | Variedades de turrón vegano certificado | Comprar Turrón Directo de Fábrica | Sin Intermediarios | Ventajas de comprar turrón sin intermediarios | ¿Por qué el turrón directo de fábrica sabe mejor? | Pedidos corporativos y personalizados sin intermediarios | Envío de Turrón a Península en 24-48 Horas | Cómo garantizamos la frescura en el envío a península | Proceso de envío a península paso a paso | Envío urgente 24h a península | Garantía de satisfacción en envíos a península | Turrón de Chocolate Artesano con Almendras | Variedades de turrón de chocolate artesano | Elaboración artesanal del turrón de chocolate | ¿Por qué elegir turrón de chocolate artesano frente al industrial? | Preguntas Frecuentes sobre Turrón Artesano | ¿Qué es la certificación IGP en el turrón de Jijona y Alicante? | ¿El turrón sin azúcar es apto para diabéticos? | ¿Los turrones veganos tienen certificación oficial? | ¿Por qué comprar turrón directo de fábrica sin intermediarios? | ¿Cuánto tarda el envío del turrón a península? | ¿Qué diferencia hay entre turrón artesano e industrial? | ¿Tenéis turrón de chocolate artesano? | ¿Cómo conservar el turrón artesano correctamente? | ¿Puedo hacer pedidos personalizados o para empresa? | Beneficios Nutricionales del Turrón Artesano de Almendra | Por Qué Elegir Castillo de Jijona | Compra Ahora Turrón Artesano de Jijona - Directo de Fábrica | Categorías | Tradicionales | Veganos | De Cacahuete −maní− | Sin Azúcar | De Chocolate | Con Caramelizados | Originales | Delicias de Fruta | Gourmet | Especialidades | Lotes para regalo | Cremas Veganas | Turrones Tradicionales IGP | Jijona y Alicante Calidad Suprema",60,https://castillodejijona.com | https://castillodejijona.com/catalogo/ | https://castillodejijona.com/productos/#igp | https://castillodejijona.com/productos/#sinazucar,ok
e5ea3558-d352-f111-bec6-000d3abe319d,TresDIET,suplementos deportivos,https://www.tresdiet.com,,0,,error_home
85eadd0d-a7e4-f011-8543-7ced8d0c1dc6,YesYouCan,agroquimico,https://www.yesyoucan.com,Complete Meal | Welcome Kit | 7-Day Detox Program | Metabolism Booster | Complete Transformation Program | Transformation Program | Water Lipo | Detox | Pure Fiber | Colon Cleanse | Aloe Vera Drink Mix | Natural Glow | Shaker Bottle | GLP-1 Bundle | Plant-Based Protein (25 g) | Prebiotic Fiber (10–12g depending on flavor) | Bacillus Coagulans Probiotic | 22–23 Essential Vitamins & Minerals | Coconut-Derived MCTs | Complete Meal — Vanilla | All-Day Hydration — Hibiscus | Official Yes You Can! Shaker | Select Your Contents,23,https://www.yesyoucan.com | https://www.yesyoucan.com/collections/all-products | https://www.yesyoucan.com/products/complete-meal | https://www.yesyoucan.com/products/7-day-detox-program,ok
ffea3558-d352-f111-bec6-000d3abe319d,naVitalo GmbH,alternativas a lacteos,https://www.navitalo.com,"K.Gerichhausen | Biofach 2023 Countdown!!! 4 days to go! | Rice protein or pea protein: vegan proteins in comparison | NaturalSweeteners | Vegan Proteins & TVP | Plant-BasedDrink Powders | Maltodextrins & Syrup Solids | Fibers & Starches | Our mission is to deliver high-quality, environmentally friendly and sustainable food products. | We are specialist in.. | Our Advantages | Sourcing &Quality Control | Logistics &Warehousing | Technical Support &Product Development | Service & Solutions | Product Benefits | News | navitalo | Linkedin / Instagram / Facebook | We’d love to hear from you | Cookie and Privacy Settings | Oat Syrup | Rice Syrup | Tapioca Syrup | More | Hemp Protein | Oat Fiber | Oat Protein | Pea Protein | Rice Protein | Tapioca Fiber | Almond Drink | Coconut Drink | Oat Drink | Rice Drink | Tapioca Drink | Rice Maltodextrins | Type Overview | Low Sugar Oat Syrup | Organic Oat Syrup | Color Range | Packaging",42,https://www.navitalo.com | https://www.navitalo.com/products/ | https://www.navitalo.com/products/natural-sweeteners/ | https://www.navitalo.com/products/natural-sweeteners/oat-syrup/,ok
9f3e1274-0c06-ef11-9f89-6045bd92bc7a,MALSENA,medicamentos,https://www.malsena.lt,Receptai | Grikių miltų blynai | Varškės ir avižinių dribsnių keksas | Šokoladiniai sausainiai | Eklerai su grietinėlės įdaru | Skruzdėlynas | Spelta naminės duonelės | Apie grūdus | Kviečių kilmė ir paplitimas | Socialinė atsakomybė | Tvaraus verslo link,11,https://www.malsena.lt | https://www.malsena.lt/socialine-atsakomybe/,ok
8880f87e-f284-f111-ab0e-70a8a53a0b30,PanePast,pasteleria,https://www.panepast.com,"BIENVENIDO | Seguridad Alimentaria | Orientación al Cliente | Sostenibilidad, Ética y Responsabilidad Social | Innovación y Mejora Continua | VISITA NUESTRA TIENDA ONLINE | ¿QUIERES UNIRTE AL EQUIPO? | Empresa | Links",9,https://www.panepast.com,ok
f19a0099-951d-41b5-b668-0ee716f0e0d6,"IMPAG IBERIA, S.L.",nutraceuticos,https://www.impag.com/es-es,"Personal Care | Pharma & Nutraceuticals | Food | Performance Chemicals | Industrial Chemicals | Contáctanos | Alimentaria FoodTech 2026 – Visítanos en el Stand C300 de IMPAG | IMPAG Group announces Leadership Succession | ¡Volvemos a Cosmetorium 2026! | News & Events | IMPAG ha obtenido con éxito la certificación IFS Broker | Together unique | Trabajar en IMPAG | IMPAG internacional | 240 + | 240 Mio. | 150000 | 30 + | IMPAG IBERIA, S.L.",19,https://www.impag.com/es-es,ok
df501a20-0b79-40bd-b61c-04033e963f5f,LANDGARTEN GmbH & Co. KG,frutos secos y snacks,https://www.landgarten.at/en,,0,,error_home
44e19762-5e0c-45cd-9db0-673b822def2d,Cloetta,pasteleria,https://www.cloetta.com,Sustainability | Career at Cloetta | Ask Cloetta | For investors | Governance | Media | Interim Report Q2 2026 | Joy Report 2025 | Press releases | Cloetta’s Nomination Committee for the AGM 2027 | Cloetta brings iconic Ahlgrens bilar to U.S. retail through Target | Cloetta’s Red Band and Malaco launches new multisensory product range – Sprinkled Foamies | Our Superbrands | The winning confectionery company | PlantPack | Sprinkled Foamies | Contact Cloetta | The company | Cloetta in social media | Contact us,20,https://www.cloetta.com | https://www.cloetta.com/en/media/image-library/products/ | https://www.cloetta.com/en/media/image-library/production-facilities/ | https://www.cloetta.com/en/media/image-library/production-facilities/dublin-ireland/,ok
7e80f87e-f284-f111-ab0e-70a8a53a0b30,General Fruit,zumos y nectares,https://www.generalfruit.es,GENERAL FRUIT IBÉRICA | Mapa web | Recibe nuestras novedades,3,https://www.generalfruit.es,ok
3788d917-c445-4074-bfa5-25ba0f6ac523,"G&G SPIRITS, S.L.",licores,https://gg-spirits.com,"Quién Somos | Misión, Visión y Valores | Nuestra Empresa | Misión | Visión | valores | nuestros orígenes | Espirituosos de Montserrat | Productos Finales | Aromas de Montserrat | Licor Digestivo | Definición del producto: | Especificaciones: | Formato: | Petaca 35cl: | Licor Ratafia | Licor Tradicional Catalán | Crema Catalana | Licor de Postre | Licor de Avellanas | Licor de Sobremesa | Botella 70cl: | Licor de Hierbas | Licor Augardiente de hierbas | Miniaturas de Nuestras Bedidas Espirituosas | Caja de cajitas de miniaturas /4cl. | Caja de Bolsas de miniaturas /4cl.",27,https://gg-spirits.com | https://gg-spirits.com/index.php/nuestros-productos/,ok
2deb3558-d352-f111-bec6-000d3abe319d,SPA La Bergere,"lacteos, yogures y postres lacteos",https://labergere.dz,La qualité au coeur de votre quotidien | Recettes | Nos Produits | Nos Marques | Fondelice | Daily Sauce | Vitefait | F&H | Fastacos | Daily Sweet | Contactez-nous,11,https://labergere.dz,ok
fa01df64-c489-4b71-aeb0-12f7ca7cd30b,RESET LABS S.L.,nutraceuticos,https://resetvitamins.com,Cabello + Uñas | Sobre Nosotros | Preguntas frecuentes | Contacto | Iniciar sesión | País/región | Alemania EUR € | Austria EUR € | Bélgica EUR € | Bosnia y Herzegovina EUR € | Bulgaria EUR € | Chequia EUR € | Croacia EUR € | Dinamarca EUR € | Eslovaquia EUR € | Eslovenia EUR € | España EUR € | Estonia EUR € | Finlandia EUR € | Francia EUR € | Grecia EUR € | Hungría EUR € | Irlanda EUR € | Italia EUR € | Letonia EUR € | Lituania EUR € | Luxemburgo EUR € | Noruega EUR € | Países Bajos EUR € | Polonia EUR € | Iconic Skin | Sobre Reset. | Envíos y Devoluciones | Aviso Legal | Términos & Condiciones | Política de Privacidad | Política de Cookies | Instagram | TikTok | Términos y Condiciones | Shop | Made in Spain | Vegan | Gluten free | Sugar free | Cruelty free | Natural colorants | Tu carrito esta vacío | Tu carrito | Total estimado | Idioma | Cabello y Uñas | FUERZA | BRILLO | VITALIDAD | Hecho en España | Vegano | Sin Gluten | Sin azúcar | Colorante natural,60,https://resetvitamins.com | https://resetvitamins.com/es/pages/shop | https://resetvitamins.com/es/products/hair-nails | https://resetvitamins.com/es/products/iconic-skin,ok
6a6990bb-fefa-418d-8ed0-56214cdbd66e,UCC Coffee Spain SLU,frutos secos y snacks,https://www.ucc-coffee.co.uk,,0,,error_home
3beb3558-d352-f111-bec6-000d3abe319d,BAGNARESE SPA,vino y derivados del vino,https://www.bagnarese.com,,0,,error_home
1da58e84-23c4-4888-8beb-511c7d598bc0,All Supplements srls unip,nutraceuticos,https://www.astrixpharma.com,Toniderma | Atricos Milano | Avius | Nuriderma,4,https://www.astrixpharma.com,ok
f0716f09-71b0-4a12-9b5a-13ada36650fa,AREAFAR S.L.,medicamentos,https://www.maison-bruyere.fr,,0,https://www.maison-bruyere.fr,ok_sin_productos
f1ea3558-d352-f111-bec6-000d3abe319d,INCOM d.o.o.,helados,https://www.incomleone.com,Because you are looking for | your new ice cream bestseller | Need options? | We got them | Who says winning the market is hard to achieve? | Let’s make it happen | Only light speed is good enough for you | We got you covered | our story | Happiness is good for business | Delighting customers in 39 countries | Incom d.o.o. | Leone.si | Contacts,14,https://www.incomleone.com,ok
e8501427-30db-f011-8543-7c1e52123808,Lanordija,miel,https://www.lanordija.lv,Šajā vietnē tiek izmantotas sīkdatnes,1,https://www.lanordija.lv,ok
01eb3558-d352-f111-bec6-000d3abe319d,Colostrumprocessing,suplementos deportivos,https://www.colostrumprocessing.nl,Fragment Colostrum | Onze missie en visie | Onze producten | Meldt u aan als biest leverancier | Colostrum Processing | 100% natuurlijk | Het product | Levering,8,https://www.colostrumprocessing.nl | https://www.colostrumprocessing.nl/shop/,ok
50b6e1f4-5e78-4ce8-a94d-3b9ba4f96631,FUDEX,frutos secos y snacks,https://www.fudex.com/it,La nostra offerta | Foglie di cereali e legumi | Snack ripieni | Snack salati | Baby food | Barrette pressate a freddo | Scopri tutti i prodotti,7,https://www.fudex.com/it,ok
56cc408f-9e0d-483d-a796-073e24e6e649,VS FOOD B.V.,nan,https://vsglobal.eu,,0,,error_home
37eb3558-d352-f111-bec6-000d3abe319d,Groupe Bel,quesos,https://www.groupe-bel.com,"For All For Good | 160 ans d’audace pour nourrir l’avenir | Des marques populaires et fun | Un modèle profitable et responsable | DES PORTIONS PLUS SAINES ET PLUS DURABLES | NOTRE ACTUALITÉ | Bel reçoit le label « Vitrine Industrie du Futur » Premier grand groupe agroalimentaire distingué | Bel confirme la force de son modèle unique et signe une nouvelle année de solide performance | Bel investit 200 millions de dollars pour doubler la capacité de son usine de Babybel® à Brookings, Dakota du Sud | Bel renforce sa position industrielle stratégique En Égypte | Prêt.e à nous rejoindre ? | VOUS AVEZ DES QUESTIONS ? | Pourquoi beaucoup de produits Bel sont en portions individuelles ? | La portion ça fait beaucoup d'emballage ! Et l'impact environnemental alors ? | Comment trouver les infos nutritionnelles et la composition des produits Bel ?",15,https://www.groupe-bel.com,ok
e4af54a7-2ab1-4a2d-b3b6-2cf97e463caf,"SNACKS EL VALLE, S.L.",agroquimico,https://www.snackselvalle.com,"En el blog | ⚽ Patatas, fútbol y premios: así vivimos el Mundial en Snacks El Valle | Consulta las Bases Legales de nuestra Promo del Mundial | Apoyando el talento que viene fuerte | ¿Por qué Snacks el Valle? | Cuidado de las materias primas | Normativa calidad | Atención al cliente | I+D+I | Capacidad de producción | Variedad de productos | Experiencia | Responsabilidad y compromiso social | Compromiso con el medio ambiente | Conoce todas las ventajas de ofrecer productos Snacks el Valle a tus clientes | Contacta con nosotros",16,https://www.snackselvalle.com,ok
e9ea3558-d352-f111-bec6-000d3abe319d,Kronos S.A.,conservas vegetales,https://www.kronos.com.gr,,0,https://www.kronos.com.gr,ok_sin_productos
7d472d59-3e03-f111-8406-7ced8d5c84f3,Delibreads,panaderia,https://www.delibreads.com,"Delisun tortillas de trigo 320g | Más información | Delisun wraps de trigo 360g | Delisun wraps de trigo 480g | Delisun tortilla Wraps integrales 360g | Delisun mini tortillas de trigo 250g | Delisun mini tortillas integrales 250g | Delisun tortilla Wraps con tomate 360g | Delisun tortilla Wraps con maiz 360g | Delisun wraps con Chía y Lino 360g | Delisun bases para pizza finas 320g | Delisun piadinas, pan estilo italiano 320g | Delibreads Wraps de trigo Horeca 780g | Delibreads Wraps de trigo Horeca 468g | Tortillas de trigo Hacendado 360g | Maxi tortillas de trigo Hacendado 360g | Mini tortillas de trigo Hacendado (2 x 150g) | Tortillas 100% integrales de trigo Hacendado... | Piadinas Hacendado | Desarrollado por",20,https://www.delibreads.com,ok
2a144747-7b62-ec11-8f8f-6045bd8a321b,Vieira de Castro,frutos secos y snacks,https://vieiradecastro.pt,"Bem-vindo de novo! | Esqueceu-se da sua password? | Recuperar password | Criar minha conta | Envio gratuito para Portugal Continental em compras iguais ou superiores a 25€ | Bolachas | Chocolates e Amêndoas | Rebuçados | Snacks | A História do nosso Sabor | Um Futuro mais Sustentável | Trabalhe Connosco | Galeria de Memórias | Receitas | Produtos | Sobre Nós | As Nossas Sugestões | Picks Classic 180g | Picks Country 150g | Picks Hot & Spicy 150g | Bolachas Cream Cracker 180g | Ver tudo | A história do nosso sabor, desde 1943. | Descobrir | Feito por nós | Siga-nos no Instagram | @vieira_1943 #vieira_1943 | Contactos | Futuro Sustentável | Política de Envios | Livro de Reclamações | Canal de Denúncias | Política de Privacidade | Termos de Serviço | Política de Reembolso | Política de Cookies | Regulamento Passatempo | Dia-a-dia | Puro-prazer | Bem-estar | Premium | Gift | Saquetas | Sobremesa | Bolachas Maria 300g | Bolachas Maria 200g | Bolachas Água e Sal 168g | Bolachas Água e Sal 125g | Bolachas Torrada 200g | Bolachas Cream Cracker 200g | Bolachas Cream Cracker Sésamo 200g | Bolachas Cream Cracker Sésamo 186g | Bolachas Cream Cracker Pimenta Preta 200g | Bolachas Digestive Thins Tradicional 174g | Bolachas Digestive Thins Frutos Silvestres 174g | Bolachas Digestive Thins Laranja 174g | Bolachas Digestive Thins Maçã, Canela E Corintos 174g | Bolachas Digestive Aveia Pepitas de Chocolate 270g | Bolachas Digestive Aveia 258g | Bolachas Circus Mel 300g",60,https://vieiradecastro.pt | https://vieiradecastro.pt/collections/all | https://vieiradecastro.pt/collections/bolachas | https://vieiradecastro.pt/collections/chocolates-e-amendoas,ok
79472d59-3e03-f111-8406-7ced8d5c84f3,Mr Brownie,nutraceuticos,https://www.mr-brownie.com,,0,,error_home
b679c509-4321-457a-a9f7-06857d133728,MESI MESTARIN,"lacteos, yogures y postres lacteos",https://www.mesi.fi,"Klipsi teräs | Kynttilämuotti lammas | Mesimestarin hunaja, pehmeä 500g | Hunaja-tyrni nallekarkki | Mesimestarin hunaja, annospakkaus 10g x 100 | Mesimestarin hunaja, pehmeä 450g x 8 | Mesimestarin hunaja, pehmeä 450g | Mesimestarin hunaja, pehmeä 500g x 8 | Mesimestarin hunaja, lohkeava 500g | Lisäkehä Apidea-parituspesään 135 °C | Kynttilämuotti päivänkakkara kelluva | Hunaja-nallekarkki | Jaokeosasto Langstroth Honey Paw | Jaokeosasto Farrar Honey Paw | Jaokepesän katto Honey Paw | Toukansiirtoneula | Toukansiirtoneula Oik./Vas. | Toukansiirtoneula, puuvartinen | Toukansiirtosulka. | Kantapala Nicot | Kennopidike Nicot | Emonkasvatuslaite | Emokennopakki Carricell 40 | Hautomakaappi | Klipsi kirkas | Klipsi värillinen | Neulahäkki | Emopiippu muovia | Merkintäsylinteri | Yhden käden emonmerkintäsylinteri | Emon merkintärengas | Emomaali | Emomaalin apulaite | Emonmerkintätussi | Lähetyshäkki Nicot | Lähetyshäkki Kelt. | Lähetyshäkki Evolution | Asetushäkki | Emon asetushäkki | Lähetyshäkkitaikina Neopol | Kennokuppi Nicot | Kynttilämuotti varpunen | Propolisuute | Kuorintalauta | Honey Paw viiltokuorinta-allas | Kuorinta-allas Lyson muovisisus | Kuorinta-allas Lyson terässisus | Kuorinta-allas Lyson 100 cm | Kuorinta-altaan kansi, Lyson | Kehäkaruselli | Säädettävä kuorintateline | Kuorintateline Lyson | Siiviläallas Lyson 150cm | Pumppausallas Honey Paw",54,https://www.mesi.fi | https://www.mesi.fi/osasto/mehilaishoito/emot-ja-emonkasvatus/muut-valineet-emonkasvatukseen/ | https://www.mesi.fi/osasto/mehilaishoito/linkoustarvikkeet-fi/kuorima-telineet-ja-altaat/,ok
83d7cfdd-b49d-ee11-be37-000d3aaab965,Pladis / Verkade,nutraceuticos,https://www.pladis.com,Plan Maestro Regulador | Diseño Arquitectónico | Paisajismo | Ingeniería de Costos | Construcción,5,https://www.pladis.com,ok
46144747-7b62-ec11-8f8f-6045bd8a321b,Mlekoprodukt,"lacteos, yogures y postres lacteos",https://www.mlekoprodukt.rs,"Biser Selekta 200g | Biser Selekta 4,5kg | Biser Selekta Ovčiji sir 4,5kg | Saint Agur 125g | Ile de France Mini Brie 125g | Ile de France Petit Camembert 125g | Ile de France Brie au Bleu 125g | Ile de France Petit Brie 125g | Karavan polutvrdi sir 800g",9,https://www.mlekoprodukt.rs,ok
0e511427-30db-f011-8543-7c1e52123808,KOÇ,frutos secos y snacks,https://www.kockek.com,,0,https://www.kockek.com,ok_sin_productos
29eb3558-d352-f111-bec6-000d3abe319d,parkville,nutraceuticos,https://www.parkvillepharma.com,,0,https://www.parkvillepharma.com,ok_sin_productos
fea6a6eb-50eb-4c58-8c53-c06f29876a1e,Novomins. Innocent Health Ltd.,nan,https://www.novomins.com,"Her Moisture Gummies | Gominolas anti-hinchazón | Bio-Balance para mujeres | Gominolas Turn Me On | Gominolas Tan & Glow | Gummies Tonifica & Esculpe | Gominolas de Hidratación y Electrolitos | Gominolas de magnesio | Multivitamínico para mujeres | Gominolas de colágeno | Gominolas para la noche | Her V Confidence Bundle | Gominolas de Ashwagandha KSM-66® | Gominolas de Azafrán | Gominolas de L-Teanina | Gominolas Relax | Gominolas de creatina | Gominolas con fibra | Gominolas NAD+ | Gominolas para la menopausia | Gominolas de vinagre de sidra de manzana | Gomitas Multivitamínicas | Gominolas de hierro | Gominolas de colágeno sin azúcar | Gominolas para el síndrome premenstrual | Gominolas de melena de león 2500mg | Gominolas con biotina | Gominolas de magnesio sin azúcar | Gominolas con vitamina D | Gominolas para las articulaciones | Gominolas Inositol+ | Gominolas para el cabello, la piel y las uñas | Gominolas de melena de setas | Gominolas con vitamina B12 | Gominolas para la concentración | Gomitas veganas de Omega 3-6-9 | Gominolas Bio-Bac | Gominolas de calcio, vitamina D y K2 | Zinc, magnesio y vitamina B6 | Gominolas para la fertilidad | Gominolas de arándano y D-manosa | Perimenopausia | Gominolas de raíz de maca | Gomitas energéticas | Gominolas de hierro sin azúcar | Gominolas veganas con colágeno | Gominolas con vitamina C | Gominolas Calm | Gominolas con Co-Q10 | Gominolas con ácido fólico | Equilibrio estrogénico | Gominolas de shilajit | Gominolas Endo | Gominolas de cúrcuma | Energía | Libido | Perimenopausia y Menopausia | Gimnasio y Resistencia | Control del peso | Hormonas y ciclo",60,https://www.novomins.com | https://www.novomins.com/collections/womens-health-gummies | https://www.novomins.com/collections/womens-bundles | https://www.novomins.com/collections/all-gummies,ok
953e1274-0c06-ef11-9f89-6045bd92bc7a,TEDESCO GROUP,nan,https://www.tedescogroup.it,,0,https://www.tedescogroup.it,ok_sin_productos
4beb3558-d352-f111-bec6-000d3abe319d,WEEKONTROL,nutraceuticos,https://weekontrol.com,Aloe vera bebida | Té Instantáneo T-Kontrol | Fibra Alimentaria | Quemagrasas Thermo Xtrem | 2 Batidos Week Shake | TAF | Proteína vegetal | Pack Aloe | Producto cuidado facial | Avanzado 1 | Crema proteica de Avellanas | Crema proteica de Pistachos | Galletas proteicas de chocolate con leche | Galletas proteicas de frutos rojos | Galletas proteicas de vainilla | Palitos proteicos con romero | Triple Magnesio | Bloqueador de carbohidratos Slim Week | Gominolas de Creatina | Colágeno | Anticelulítico Drena Xcess | Thermo 1 | Thermo 2 | Intermedio 3 Proteína | Intermedio 1 | TAF x2 | Aloe x2 | T-Kontrol x2 | 5 Batidos Week Shake,29,https://weekontrol.com | https://weekontrol.com/productos/ | https://weekontrol.com/ofertas/,ok
dcf342e7-0f46-423a-a1d7-9adc588ea7d0,COLMENARES NAHUELCURA,cereales,https://www.htba.com,"Nature-Led | New Fully Staffed HTBA Ideation and Technical Center | A Global Leader Specializing in Flavonoids and Vitamin B12 Active Forms | Providing solutions for over 45 Years | Pharmaceutical | Functional Health | Taste Modulation | Animal Nutrition | Why Partner with HTBA | Over 45 years of expertise built on rigorous European standards | Patented processes using green chemistry | A state-of-the-art B12 manufacturing plant in Europe. | Two applications labs: | Fully validated and tightly controlled supply chain | Latest content launched | Vitamin B12’s Next Chapter: From Deficiency Support to Well-Aging Performance | MecobalActive® for advanced cognitive and physical performance | Cardiose® for clinically proven performance and metabolic efficiency | DiosVein® & DiosVein Forte® for targeted, clinically backed venous relief | Leanara®: The Dual-Benefit Companion for the New GLP-1 Era | Beyond deficiency: Unlock a new dimension in active nutrition and cognitive performance | Headquarters | Manufacturing Site | U.S. Office | Company | Connect with us | Solutions | Legal notice / Privacy and Cookie Policy",28,https://www.htba.com,ok
7fd014a0-3d97-4050-891e-5c078d9fcfb6,NASTASE HONEY FARM,alternativas a lacteos,https://www.nastasehoneyfarm.com,,0,https://www.nastasehoneyfarm.com,ok_sin_productos
25eb3558-d352-f111-bec6-000d3abe319d,SPG Innovation Limited,"especias, aromas y colorantes",https://www.spginnovation.co.uk,"About us | Our Services | Case Studies | Food Product Development | Our 5‑Step Food Product Development Approach | 1. Define the Product & the Risk | 2. Formulation & Ingredient Strategy | 3. Proof‑of‑Concept & Early Testing | 4. Process, Shelf‑Life & Compliance | 5. Scale‑Up & Launch Readiness | Why Work With SPG Innovation? | Typical Food Product Development Challenges We Solve | What does your food product development process involve? | Do you work with start ups as well as established companies? | What types of products do you specialise in? | Can you take a product from concept to scale‑up? | How do you manage risk during product development?",17,https://www.spginnovation.co.uk | https://www.spginnovation.co.uk/ourservices/food-product-development-consultancy/,ok
6080f87e-f284-f111-ab0e-70a8a53a0b30,El Horno del Albergue,bolleria,https://www.elhornodelalbergue.com,,0,https://www.elhornodelalbergue.com,ok_sin_productos
7480f87e-f284-f111-ab0e-70a8a53a0b30,Deleitas,licores,https://www.deleitas.com,"Ver producto | Grupo Deleitas | Nuestrosproductos | Recetas | Spiced CÃºrcuma Latte | Pistacho Matcha Latte | Daiquiri de Fresa | Barbie Pink | Latte Cream Caramel | Pumpkin Pear | Shake it! | 1883 French PÃ¢tisserie: La alta reposterÃ­a francesa en sirope para tu carta | PurÃ©s Bebe Natura: la soluciÃ³n definitiva en calidad y versatilidad para tu barra | Hamilton Beach: potencia y rendimiento para dominar las horas punta en tu barra | Topping Matcha Colac: el sabor y el color que marcan tendencia | 908 – Bar Blender | DRINK MIXER – Single-Spindle | DRINK MIXER – Triple-Spindle | ECLIPSE – High-Performance Blender | FURY – High-Performance Blender | PRESHH | Refresher – Fresa + AÃ§ai | Refresher – Mango & MaracuyÃ¡ | Refresher – Pitaya & Lima | Refresher – SandÃ­a, Pepino & Menta | RIO – Drink Blenders | Salsa de Caramelo 1883 | Salsa de Chocolate | Salsa de Chocolate Blanco 1883 | Salsa de Chocolate con Avellana | Salsa de Pumpkin Spice 1883 | SIROPE DE ALBAHACA | SIROPE DE CANNELÉ | SIROPE DE CREME BRULEE | SIROPE DE CROISSANT | SIROPE DE ÉCLAIR CHOCOLAT | SIROPE DE FLAN PÂTISSIER | SIROPE DE MACARON FRAMBOISE | SIROPE DE MADELEINE | SIROPE DE PAIN CHOCOLAT | SALSA MATCHA | Zumo de limón | SALSA CHOC-O-NUT | PURÉ MARACUYÁ | Zumo de lima | PURÉ DE FRESA MIXOLOGI | PURÉ FRAMBUESA | DOSIFICADOR SALSAS COLAC | PURÉ ALBARICOQUE | PURÉ ARÁNDANOS | PURÉ CEREZA MORELLO (CRIOTTE) | PURÉ FRUTOS ROJOS | PURÉ GROSELLA NEGRA (CASSIS) | PURÉ LIMÓN | PURÉ LITCHI | PURÉ MANDARINA",56,https://www.deleitas.com | https://www.deleitas.com/productos/ | https://www.deleitas.com/productos/?filters=product_cat[cocteleria] | https://www.deleitas.com/productos/?filters=product_cat[heladeria],ok
4f6d1601-e0a0-4abb-90c2-7e61b21034d3,HERBORA S.L.,"especias, aromas y colorantes",https://herbora.es,Neuromem Premium | DESCÚBRELO | Vitaminas y minerales | VER PRODUCTO | Fitogast | Dren Origens | Digestic | Moringa | ¿No tienes datos de acceso? | ¿No estás registrado? | Sigue navegando y disfruta de todos los contenidos. Gracias. | Tu opinión es importante para nosotros | Activit AlerGold | Bi Complex Flash | Bi Complex | Jalea Inmuno | Propolactiv jarabe | Propolactiv plus comprimidos | Propolactiv spray | Artióptim Colágeno Tipo II | Oseoplus Comprimidos | Artióptim Colágeno Marino | Cannaldol CBD cream BIO | Calm Roll-on BIO | Oseoplus Colágeno | Artióptim Silicio Orgánico | Artióptim Colágeno | Artióptim Plus | Artióptim Origins | Dolocalm Gel Bio 100 ml,30,https://herbora.es | https://herbora.es/gamas/ | https://herbora.es/gama/actifens/ | https://herbora.es/gama/artisix/,ok
ec501427-30db-f011-8543-7c1e52123808,Samoral Co.,nutraceuticos,https://www.samoral.com,OUR BONDS NEVER BREAK | SPECIALIZED CHEMICALS & ENVIRONMENTAL SOLUTIONS | SMART AND EFFECTIVE SERVICES OPTIONS | Technical Support | Supply Chain Solutions | Blending facility at Free Zone | Installation & Maintenance | What make our solutions different ? | Quick links | Business Units | Contact Us Information,11,https://www.samoral.com,ok
5a80f87e-f284-f111-ab0e-70a8a53a0b30,AGROFRESC Productes de la llet SL,"lacteos, yogures y postres lacteos",https://www.agrofresc.com,"SOM EL GRUP AGROFRESC | LA TORRE | CANADELL | AGROFRESC | La uniÃ³ de dues masies | Artesania alimentÃ riaâ, innovaciÃ³ i qualitat | Servim arreu de Catalunya | PolÃ­tica de cookies | Els nostres productes",9,https://www.agrofresc.com | https://www.agrofresc.com/Productes.html,ok
ad733d63-f2d1-4b1a-b465-dcb379b55c8f,Zpc Milanowek sp. z o.o.,turron,http://zpcmilanowek.pl,Nasze produkty | Batony Me+ | Sprawdź inne smaki | Batony Marshmallow | Batony w Czekoladzie | Batony Krówkowe | Posypka karmelowa | Nougat Mleczny | Maślana krówka w stylu angielskim | Krówka w stylu angielskim | Krówka Milanowska,11,http://zpcmilanowek.pl,ok
59169dca-bbbc-46df-8f92-2179b3b8adb4,Nature's Best Health Products Ltd,nutraceuticos,https://www.naturesbest.co.uk,"Creatine Monohydrate Powder | Vitamin D3 1000iu and K2 90mcg | Vitamin D3 2000iu & K2 90µg Maximum Strength | Pure Fish Oil 1100mg | Cod Liver Oil Liquid with Natural Lemon Flavour | Vegan Omega 3, DHA and EPA | Omega 3, 6, 9 with Vitamin D3 | Just Natural Organic Omega 3 Seed Mix | Just Natural Organic Mixed Nuts | Just Natural Organic Ginger Candied Cubes | Just Natural Organic Pitted Prunes | Glucosamine Gold | Lactase 9000 | Menosense | Plant Sterols 800mg | Prostex | Colladeen Original with Anthocyanidins | NEURO-B - Nerve Support | Ubiquinol 100mg | Vita-C Gummies | Vitamin D3 1000iu | Multi-Max Multivitamin for Women Age 50+ | Eyewise with Lutein & Zeaxanthin | Eyewise Advance with Lutein & Zeaxanthin - Supplement for Eyes | Weight Management with Metabolaid | Collagen Beauty Tablets | Collagen Beauty Taste Free Powder | Colladeen Visage Collagen Support | Beta Carotene Supplement | NutriHair for Women | Horse Chestnut Complex | Multi-Max Multivitamin for Hair, Skin & Nails | Night Night Magnesium | ProBiome for Travel | ProBiome for those on Antibiotics | Mental Focus Supplement | Night Night Herbal Complex | Night Night Pistachio Extract 100mg | Vegan Omega 3 Oil | ProBiome Complete Gummies - 1 Billion Live Bacteria | ProBiome Gummies - 1 Billion Live Bacteria | Multi-Max Multivitamin for Age 70+ | Multi-Max Multivitamin for Women | Multi-Max Man 50+ Multivitamin | Turmeric 10,000mg Fast Release | Candaway Digestion | Myo-Inositol Powder 200g | Multi-Max Osteo Multivitamin for Bones | Multi-Max Multivitamin for Sugar Balance | Griffonia Seed Extract 5-HTP Supplement | Glucosamine with Chondroitin (as Phytodroitin) | PEA Complex (Palmitoylethanolamide) 400mg* | Soya 50,000mg | Curcumem | Cinnamon 2500mg | PEA Complex (Palmitoylethanolamide) 800mg*",56,https://www.naturesbest.co.uk | https://www.naturesbest.co.uk/collections/this-months-offers | https://www.naturesbest.co.uk/collections/clearance | https://www.naturesbest.co.uk/collections/subscribe-save,ok
90723241-ccc1-426d-be6a-2eff258345a7,Bio cop,ecologico,https://biocop.es,,0,,error_home
ea501427-30db-f011-8543-7c1e52123808,Barcelonesa,"especias, aromas y colorantes",https://www.barcelonesa.com,"Ciencias de la vida | Sectores Industriales | Sectores medioambientales | Good chemistry, great solutions. | Sectores de actividad | easyB. | Plataforma online de clientes | Calidad | Un buen servicio | Conócenos desde dentro | Blog de Barcelonesa | Volvemos a Cosmetorium 2026 (21-22 de octubre) | El equipo de Detergencia de Barcelonesa estará presente en SEPAWA 2026 | Soluciones para Coatings con el soporte de Yillong | ¿Buscas un producto concreto? | Productos Básicos Orgánicos & Inorgánicos | Productos Básicos procedentes de la Economía Circular​ | Externalizamos tu producción: Productos formulados y envasados a medida en base a las fórmulas de nuestros clientes. | Especialidades | Formulaciones con tecnología Barcelonesa | Descargas",21,https://www.barcelonesa.com | https://www.barcelonesa.com/es/productos/,ok
45eb3558-d352-f111-bec6-000d3abe319d,Dr. Oetker,pasteleria,https://www.oetker.es,Newsletter | Home | Productos | Volver,4,https://www.oetker.es | https://www.oetker.es/productos,ok
973e1274-0c06-ef11-9f89-6045bd92bc7a,ROSHEN,nutraceuticos,https://www.roshen.com,,0,https://www.roshen.com,ok_sin_productos
58880ba7-6185-4b60-8a25-dbc4bdf7ca07,GELITA AG,nutraceuticos,https://www.gelita.com,"Gelatin | Collagen Peptides | Fats, Proteins, Minerals | GELITA Health Consumer Products | Food | Health & Nutrition | Pharma | Gelatin for Technical Applications | Animal Feed | Pet Health | Bioscience | Photo | For Next Generation Gummies | Starch-Free, Faster-Setting and Convenient | Discover the Key Benefits | Premium Textures | Fast-Setting | Low-Heat Processing | Quality Safety | Advanced Gummy Concepts Start with CONFIXX® | Premium Gelatin for Trusted Performance | Take Your Gummies to the Next Level | Contact us | Product Development and Support | Get in touch | Download the Free E-Book | CONFIXX®: Revolutionize Your Fortified Gummy Production | Read more | Learn More in the Blog | CONFIXX® -The Future of Fortified Gummies: Overcoming Challenges with Innovative Solutions | Elevating the Growing Fortified Gummy Market With CONFIXX® | Revealed: Why Yesterday’s Leftovers Taste so Much Better the Next Day | Easy Healthy Snack Solutions | Creating Stable Foams and Emulsions With Gelatin | Starch-Free Gummy Production: Faster, Safer, Same Taste | Optimize Your Confectionery | Elevate Your Products | Key Benefits of SOLUFORM® PE Gelatin | High Protein Content | Enhanced Stability | Versatile Application | Natural Ingredients | Hassle-Free Production | Enjoyment Without Compromise on Texture and Taste | Seamless Transition to Low Sugar Confectionery | Key Benefits of SOLUFORM® SR Gelatin | Exceptional Texture | Superior Dissolution | Clean Label Assurance | Single-Ingredient Solution | Reduced Storage Requirements | Experience the Benefits Today | Other Products You Might Like | OPTIBAR® | VERISOL® HST | PEPTIPLUS® | PETAGILE® Improves Skin and Fur | Stay Ahead of the Game With Collagen Peptides | Elevate Your Beauty Gummies With the Premier Collagen Solution | Enhanced Collagen, Enhanced Benefits",60,https://www.gelita.com | https://www.gelita.com/en/products-brands/gelatin/confixxr | https://www.gelita.com/en/products-brands/gelatin/soluformr | https://www.gelita.com/en/products-brands/collagen-peptides/verisolr-hst,ok
8720235d-fbdf-f011-8544-7ced8d0c5f55,Grassa,frutos secos y snacks,https://www.grassa.nl,Local leaves. Global impact. | About Grassa | Why Grass? | Did you know that... | The Grassa processs | Scale-up timeline | Partnerships | UN’sSDGs | Ourmission | Follow our socials | Are you a farmer? an investor? a manufacturer? a distributor? a researcher? | Contact | Office | Pilot location | Info@grassa.nl | Follow us,16,https://www.grassa.nl,ok
84b94960-a76f-4efa-bd1f-ec5f68accb21,Lamberts Healthcare Ltd.,bolleria,https://www.bio-kult.com,"Bio-Kult EverydayÂ£11.99Add to Basket | Bio-Kult Everyday | Bio-Kult Brighten, Brain & Gut Health Supplement with Multivitamins & Zinc, 60 CapsulesÂ£20.98Add to Basket | Bio-Kult Brighten, Brain & Gut Health Supplement with Multivitamins & Zinc, 60 Capsules | Bio-Kult Intimate Flora, Women's Health & Vaginal Microbiome Supplement, 30 CapsulesÂ£19.98Add to Basket | Bio-Kult Intimate Flora, Women's Health & Vaginal Microbiome Supplement, 30 Capsules | Bio-Kult 3-in-1 Biotic Blend Gummies for Kids, Strawberry FlavourÂ£16.98Add to Basket | Bio-Kult 3-in-1 Biotic Blend Gummies for Kids, Strawberry Flavour | UKâs No.1 Live Bacteria Supplement | Microbiome experts | What our customers say | Rediscover your routine.Rebalance your gut health. | Support your mental wellbeing | Top 5 gut health tips and habits for women | Six steps to stick to your fitness goals | Bio-Kult Everyday 90 Day Pack | Bio-Kult Infantis with Vitamin C, 30 SachetsÂ£18.98Add to Basket | Bio-Kult Infantis with Vitamin C, 30 Sachets | Bio-Kult MigrÃ©aÂ£20.98Add to Basket | Bio-Kult MigrÃ©a | Bio-Kult Pro-CyanÂ£17.48Add to Basket | Bio-Kult Pro-Cyan | Bio-Kult PregnÃ©aÂ£20.98Add to Basket | Bio-Kult PregnÃ©a | Bio-Kult InfantisÂ£12.95Add to Basket | Bio-Kult Infantis | Bio-Kult Kids Gummies, 90 Day Bundle â Strawberry Flavour | Bio-Kult Infantis 2x Pack | Bio-Kult Infantis 4x Pack | Bio-Kult Everyday Gut 120 CapsulesÂ 2 Pack | Refine | Help & Information | Terms & Conditions | About Us",34,https://www.bio-kult.com | https://www.bio-kult.com/c/gut-health-supplements/sub-and-save-shop/ | https://www.bio-kult.com/c/gut-health-supplements/bundles/product-bundles/,ok
06511427-30db-f011-8543-7c1e52123808,VMM,nutraceuticos,https://www.vmm.ma,Nos produits,1,https://www.vmm.ma,ok
4da5ce2a-b89c-4330-b835-85c06197576b,HEALTHWAY LTD,nan,https://health-way.gr/en/home-2,Markets and Products | Priority and Vision | Dynamic course in the healthcare sector,3,https://health-way.gr/en/home-2,ok
93fa791b-8cb1-ef11-b8e9-000d3aaab59f,Maarud,frutos secos y snacks,https://www.maarud.no,"Norge | Internasjonale nettsider: | Joint venture nettsider: | Nyhet: Intense Mexican Spice | Historien | Potetene | Våre produkter | Bærekraft og samfunnsansvar | Fakta og tall | >1,1 milliard | NOK | 240 | ansatte | 250.000 | kunder | Bærekraftsmål | Maarud | Jobb og karriere | Om oss | Kvalitetssnacks | Ansvarlighet | Kontakt",22,https://www.maarud.no,ok
7b472d59-3e03-f111-8406-7ced8d5c84f3,Inpanasa,nan,https://www.inpanasa.com,"NOVEDAD - MINI BITES | WAPICHOC CON AGUA DE FRESAS | CHERRYCHOC | TARTÉN, PARA COMPARTIR | BIZCOFRUIT CON AGUA AL LIMÓN | SELECCIONAMOS METICULOSAMENTE | LOS INGREDIENTES DE NUESTROS PRODUCTOS | La miel | Los piñones | Las pasas sultanas | Huevos | Harina de trigo | La leche fresca pasteurizada y el yogur | El chocolate y los derivados del cacao | trigo | huevo | Puede contener leche, mostaza y soja. | Información nutricional. | Valor medio por 100g. | PRODUCTOS RELACIONADOS | soja | Puede contener trazas de leche y mostaza.",22,https://www.inpanasa.com | https://www.inpanasa.com/es/ingredientes/ | https://www.inpanasa.com/es/producto/magdalenas-cacao/ | https://www.inpanasa.com/es/producto/mini-bites-brownie/,ok
a48f0637-cab2-4adb-a876-b62aa495cb10,NOSTOC BIOTECHNOLOGIES S.L.,agroquimico,https://nostoc.es,"Carrito | Máxima rentabilidad en tu cultivo | ¿Qué hacemos? | ¿Cómo comprar? | Humus Líquido | EBONY | GRANITE | GREENFOL | HTpro BLACK – Trichoderma afroharzianum | HTpro FLAME – Metarhizium | HTpro INDIGO – Purpureocillium lilacinum | HTpro SILVER – Beauveria bassiana | LOTO | NAVY | RED | RUBY | SIMBIUS · antes BIO NPK · Bacillus altitudinis | WHITE | PREBEX | Safe Energy | Partimos de lo que ya funciona en el suelo | Por qué un suelo con más vida es un suelo más resiliente | Nuestro I+D consiste en aislar, no en sintetizar | El suelo es la inversión; la aplicación foliar, el complemento | Lo que hemos medido",25,https://nostoc.es | https://nostoc.es/compra-productos-bioagricultura/ | https://nostoc.es/shop/ | https://nostoc.es/productos-ecologicos/,ok
68eb3558-d352-f111-bec6-000d3abe319d,Vivatis,nutraceuticos,https://www.viviatis.nl,,0,,error_home
9c80f87e-f284-f111-ab0e-70a8a53a0b30,Manjare Nuts & Cream SL,salsas y aderezos,https://manjarecreams.com,PACK COMBO – 3 CREMAS DE PISTACHO | MANJARE ORIGINAL - CREMA DE PISTACHO DULCE | MANJARE DUBÁI - CREMA DE PISTACHO DULCE CON KUNAFA | MANJARE CRUNCHY - CREMA DE PISTACHO DULCE CON TROZOS DE PISTACHO | CUBO 4KG - CREMA DE PISTACHO MANJARE | PACK XXL EL PERDÓN – 9 CREMAS DE PISTACHO | ENVÍO GRATIS PEDIDOS +35€ | Ir directamente a la información del producto | 3 variedades de la crema de pistacho de Manjare | Envíos rápidos a TODA ESPAÑA en 24–72h. | hasta 24 meses | NO TE QUEDES CON HAMBRE... | MANJARE | CON MANJARE PODRÁS | Untar tus tostaditas | Crear tu propia repostería | Disfrutar a cucharadas | LOS PECADORES DICEN... | Instagram | Tiktok,20,https://manjarecreams.com | https://manjarecreams.com/collections/productos | https://manjarecreams.com/collections/all | https://manjarecreams.com/products/pack-combo-3-cremas-de-pistacho-original-dubai-crunchy,ok
2e144747-7b62-ec11-8f8f-6045bd8a321b,AS TFTAK,barritas y bebidas deportivas,https://www.tftak.eu,SUCCESS STORIES | PILOT PLANT | INNOVATION SERVICES | ABOUT TFTAK | TFTAK at Tallinn FoodFair 2026 | TFTAK Invites to a Practical Training on Sensory Analyses | TFTAK and ÄIO launch DigiFoundry 2.0 to advance microbial oil production technologies | WORKFLOW IN TFTAK | OUR PARTNERS | TESTIMONIALS,10,https://www.tftak.eu,ok
f7ccea8f-f5dd-4cf7-9d92-c1f4ad44dd7f,Bake the shape,bolleria,https://www.gorriaga.com,,0,,error_home
edc1e46d-f4ee-4135-a92d-8bcbecb25840,BIO-KULT,nutraceuticos,https://www.bio-kult.com,"Bio-Kult EverydayÂ£11.99Add to Basket | Bio-Kult Everyday | Bio-Kult Brighten, Brain & Gut Health Supplement with Multivitamins & Zinc, 60 CapsulesÂ£20.98Add to Basket | Bio-Kult Brighten, Brain & Gut Health Supplement with Multivitamins & Zinc, 60 Capsules | Bio-Kult Intimate Flora, Women's Health & Vaginal Microbiome Supplement, 30 CapsulesÂ£19.98Add to Basket | Bio-Kult Intimate Flora, Women's Health & Vaginal Microbiome Supplement, 30 Capsules | Bio-Kult 3-in-1 Biotic Blend Gummies for Kids, Strawberry FlavourÂ£16.98Add to Basket | Bio-Kult 3-in-1 Biotic Blend Gummies for Kids, Strawberry Flavour | UKâs No.1 Live Bacteria Supplement | Microbiome experts | What our customers say | Rediscover your routine.Rebalance your gut health. | Support your mental wellbeing | Top 5 gut health tips and habits for women | Six steps to stick to your fitness goals | Bio-Kult Everyday 90 Day Pack | Bio-Kult Infantis with Vitamin C, 30 SachetsÂ£18.98Add to Basket | Bio-Kult Infantis with Vitamin C, 30 Sachets | Bio-Kult MigrÃ©aÂ£20.98Add to Basket | Bio-Kult MigrÃ©a | Bio-Kult Pro-CyanÂ£17.48Add to Basket | Bio-Kult Pro-Cyan | Bio-Kult PregnÃ©aÂ£20.98Add to Basket | Bio-Kult PregnÃ©a | Bio-Kult InfantisÂ£12.95Add to Basket | Bio-Kult Infantis | Bio-Kult Kids Gummies, 90 Day Bundle â Strawberry Flavour | Bio-Kult Infantis 2x Pack | Bio-Kult Infantis 4x Pack | Bio-Kult Everyday Gut 120 CapsulesÂ 2 Pack | Refine | Help & Information | Terms & Conditions | About Us",34,https://www.bio-kult.com | https://www.bio-kult.com/c/gut-health-supplements/sub-and-save-shop/ | https://www.bio-kult.com/c/gut-health-supplements/bundles/product-bundles/,ok
93eadd0d-a7e4-f011-8543-7ced8d0c1dc6,Arla Foods Ingredients,"lacteos, yogures y postres lacteos",https://www.bodegaspozanco.com,,0,,error_home
ee501427-30db-f011-8543-7c1e52123808,Samoral Co.,nutraceuticos,https://www.samoral.com,OUR BONDS NEVER BREAK | SPECIALIZED CHEMICALS & ENVIRONMENTAL SOLUTIONS | SMART AND EFFECTIVE SERVICES OPTIONS | Technical Support | Supply Chain Solutions | Blending facility at Free Zone | Installation & Maintenance | What make our solutions different ? | Quick links | Business Units | Contact Us Information,11,https://www.samoral.com,ok
1beb3558-d352-f111-bec6-000d3abe319d,Froneri Adriatic,helados,https://www.icecreamland.eu,ÎÎ³Î±ÏÎ·Î¼Î­Î½ÎµÏ Î¼Î¬ÏÎºÎµÏ ÏÎ±Î³ÏÏÎ¿Ï | Nuii | Oreo | Nirvana | Lotus Biscoff | Î¤ÎµÎ»ÎµÏ ÏÎ±Î¯Î± Î½Î­Î± | ÎÎ­Î¿ NUII Coconut & Indian Mango | NÎ­Î± ÏÎ±Î³ÏÏÎ¬ LOTUSÂ® BISCOFFÂ® | ÎÎ­Î¿ NIRVANA Pistachio & Almonds | NÎ­Î± OREO Ball Top Mini Cones | ÎÎ­Î¿ Oreo Mini Bites | ÎÎ­Î»ÎµÏÎµ Î½Î± Î¼Î¬Î¸ÎµÏÎµ ÏÎµÏÎ¹ÏÏÏÏÎµÏÎ±;,12,https://www.icecreamland.eu,ok
4deb3558-d352-f111-bec6-000d3abe319d,"Anderson Advanced Ingredients, LLC","especias, aromas y colorantes",https://www.advancedingredients.com,"Soluble Fiber from Corn or Tapioca | Allulose Powder or Syrup | Heat Stable Postbiotics | Monk Fruit, Regular & Organic | Preferred Erythritol | Optimized Stevia | Clean Label Emulsifier | Natural Humectant for Longer Shelf Life | Clean Label Stabilizer | Market Leading Oligosaccharides | Zero Net Carb Flavors | Delectable Vegan Protein | Tart Cherry Powder for Recovery | Performance Carbohydrate | Prickly Pear Extract for Recovery | Fermented Prebiotic Superfood | MCT Powder & Oil | Ceramides for Skin Health | Natural Caffeine from Green Coffee & Green Tea | Beta Glucans for Joint, Mobility & Immunity Health | Cold Pressed Astaxanthin | Ingredients: | Applications: | Search Anderson Advanced Ingredients | Need help finding something? Contact Us | How Can We Help You? | ORGANIC TAPIOCA BLISS | THE MOISTURE PROBLEM SOLVER",28,https://www.advancedingredients.com | https://www.advancedingredients.com/ingredients/index.php | https://www.advancedingredients.com/ingredients/category/ingredients/food-ingredients/fibers/ | https://www.advancedingredients.com/ingredients/category/ingredients/food-ingredients/bindershumectants/,ok
b991ce68-8df6-4084-bea0-46c9f74fdca3,Arrua Barrena,pasteleria,https://www.arruabarrena.com,Pasión por la repostería | Conoce todos nuestros productos | ISM | Antad | Nos vemos en Alimentaria | Anuga | Stand Arruabarrena Gulfood 2021 | Gulfood 2021 | Liceo Europa | Colegio San Vicente de Paúl | Colegio Luis Turón. Híjar | Colegio El Salvador – Jesuitas | C.E.I.P. Gaspar Remiro – Épila | Lycée-Chartres | CEIP Torre Ramona | Colegio Condes de Aragón (Zaragoza) | Colegio Escolapias Calasanz 2 – Zaragoza | Colegio Antonio Machado | Colegio CPI Val del Atalaya – María de Huerva | Colegio Luis García Sainz De Fuentes de Ebro | Colegio Santa Rosa de Zaragoza | Colegio Escolapias Calasanz 1 – Zaragoza,22,https://www.arruabarrena.com,ok
5c80f87e-f284-f111-ab0e-70a8a53a0b30,Helados Viva,helados,https://www.heladosviva.com,Producto | Helado de Chocolate | Granizado de Fresa | Helado de Fresa | Granizado de Limón | Helado de Yogur | Helado de Nata | Helado de Vainilla | Buñuelos de Feria,9,https://www.heladosviva.com,ok
7ae98fa7-1606-489c-a7f7-3a232c0d184a,Optibac Probiotics,miel,https://www.optibacprobiotics.com,"Containing the most researched strains of friendly bacteria, tailored for every life stage | 15% off when you join the Optibac family | Intimate Flora For Women | Every Day | Every Day EXTRA | Kids Gummies | Legal information | What are friendly bacteria? | Is it ok to take friendly bacteria supplements every day? | Do Optibac supplements contain added vitamins? | Can I open friendly bacteria capsules? | Are all Optibac supplements vegan friendly bacteria? | Why choose the Optibac range | Gut Health Gummies | Baby Drops | Babies & Children | Women's Wellbeing | Saccharomyces Boulardii | Travel Abroad | One Week Flat | For Those On Antibiotics | Bifido & Fibre | Every Day MAX | Pregnancy | Explore our other product ranges or get in touch with our experts for advice. | For specific digestive needs | Friendly bacteria for women | Friendly bacteria for kids | Explore articles about friendly bacteria | Who is it for? | The expert view | Key ingredients | Why choose Optibac? | Delivery & returns",34,https://www.optibacprobiotics.com | https://www.optibacprobiotics.com/shop | https://www.optibacprobiotics.com/product/probiotics-for-women-30-capsules | https://www.optibacprobiotics.com/product/probiotics-for-every-day-30-capsules,ok
da9e8e7d-9702-4297-a3a4-f7524d31ef3f,Novadiet,nan,https://novadiet.es,noVadiet en Vitafoods 2026 | ESPECIAL NIÑOS | Novaline en redes sociales | Mantente informad@ | Preguntas Frecuentes sobre productos naturales para el Aparato y Sistema Respiratorio | ¿Qué es el aparato respiratorio? | ¿Qué productos naturales puedes encontrar para el aparato respiratorio? | ¿Por qué deberías usar productos naturales para el aparato respiratorio? | Plantas y hierbas para las afecciones del aparato respiratorio | Preguntas Frecuentes sobre productos naturales para el Control de Peso | ¿Qué es el Sistema Genitourinario? | ¿Cuáles son las enfermedades que afectan el Sistema Genitourinario? | ¿Qué tipos de productos para el Sistema Genitourinario puedes encontrar? | ¿Cuáles son los beneficios del uso de productos para el Sistema Genitourinario?,14,https://novadiet.es | https://novadiet.es/novaline/ | https://novadiet.es/aparato-respiratorio/tipo-linea-liproline/ | https://novadiet.es/control-de-peso/tipo-linea-protein/,ok
3583a370-54f0-4ddb-8c8d-7859e35793d7,Bio-Dis Pharma,suplementos deportivos,https://www.bio-dis.com,"Confortflex® 1200 mg. 60 comprimidos | Confortflex® 390 gr. Colágeno polvo hidrolizado | (Blister) Colestless® 30 capsulas vegetales. | Evacuaplus® 400 mg. 30 cápsulas vegetales | Confortflex® 1200 mg. 60 comprimidos 20,10 € | Leer más | Comprar | Confortflex® 390 gr. Colágeno polvo hidrolizado 25,50 € | (Blister) Colestless® 30 capsulas vegetales. 17,00 € | Evacuaplus® 400 mg. 30 cápsulas vegetales 10,10 € | BIO-DIS presenta un acelerador del metabolismo para combatir los excesos ... | (Blister) Adelgapower 810 mg. 30 comprimidos. | Aceite de ajo 1000 mg. 60 perlas | Aceite de onagra 1000 mg. 100 perlas | Aceite de onagra 500 mg. 450 perlas | Aceite de onagra 500 mg. 220 perlas | Aceite de onagra 500 mg. 400 perlas | Aceite de semilla de calabaza 500 mg. 50 perlas | Acido folico 400 mcg 400 comprimidos veganos | Acidófilus 400 mg. 90 cápsulas | Alcachofa + cola de caballo (extracto seco) 300 mg. 60 cápsulas | Alcachofa 150 mg. (Extracto seco) 50 cápsulas | Aloe vera 2000 mg con sen. 120 comprimidos | Aloe vera 2000 mg con sen. 60 comprimidos | Arándano 1000 mg. 60 cápsulas | Arándano rojo 12.000 mg 30 cápsulas vegetales | Detalle del producto | Descripción | Productos relacionados | Fenogreco 400 mg. 50 cápsulas | Espino blanco + ajo + olivo 500 mg. 50 perlas | Cúrcuma (complex) 10.000 mg. 60 cápsulas vegetales",32,https://www.bio-dis.com | https://www.bio-dis.com/productos/ | https://www.bio-dis.com/producto/polvo-confortflex/ | https://www.bio-dis.com/producto/blister-curcuma-10000/,ok
04511427-30db-f011-8543-7c1e52123808,Vitaminka,chocolate,https://www.vitaminka.com.mk,,0,,error_home
e8caf19a-ea5f-4abd-a859-f412bade0827,Rexim Lebensmittelproduktion KG,golosinas,https://www.rexim-lebensmittel.de/en,"Rexim cocoa and baking ingredients | Rexim nuts, snacks, dried fruit and seeds | Rexim Confectionery | Brand world | Wines and spirits | Promotions | Cocoa and baking ingredients from Rexim",7,https://www.rexim-lebensmittel.de/en | https://www.rexim-lebensmittel.de/en/assortment/cocoa-and-baking-ingredients,ok
5280f87e-f284-f111-ab0e-70a8a53a0b30,Arwen Food Group,panaderia,https://www.arwemfoodgroup.com,Arwem Food Group - Your expert in international food trade sector | experts for more than 50 years in the international food trade sector | Our work | Tradition Quality Innovation | A family story | A business story | Our products | Our strengths | Certification | Relationship | Exporting | Ambient & Frozen products | Retail and foodservice | Our services | Our People | Board of Directors | Sales | Logistics | Quality | R&D / PROCUREMENT | Accounting | Communication | Others | Our Head Office,24,https://www.arwemfoodgroup.com,ok
5dc49a9f-3f7e-ee11-8179-000d3aaab965,ANDROS SNC FRANCE,mermeladas y confituras,https://www.berner.fi,"Lasol on mukana Roosa nauha -keräyksessä | XZ mukana Roosa nauha -kampanjassa, yhdessä haavoista haaveisiin! | Berner Oy:n pääkonttori muuttaa Helsingin Vallilaan toukokuussa 2027",3,https://www.berner.fi,ok
f2501427-30db-f011-8543-7c1e52123808,Arran,"especias, aromas y colorantes",https://www.bromptonhouse.com,,0,,error_home
5d9b378e-6685-4ea3-b657-b62684d675ab,Ametller Origen,ecologico,https://www.ametllerorigen.com,Qui som | La nostra història | El nostre model de negoci | Uneix-te a l'equip | Els nostres departaments | Descobreix més d'Ametller Origen | El gust és nostre perquè neix de les nostres mans | Els guardians del gust | El gust de l’espera | La recerca del gust | Delicioses i saludables | Descobreix la nova app d’Ametller Origen | El gust és nostre,13,https://www.ametllerorigen.com | https://www.ametllerorigen.com/ca/online,ok
b4f32b5f-d9c3-46a2-aa4b-056fac6ec4e6,Dino Corsini,bolleria,https://www.dinocorsini.it/index-en,Gluten free | Organic | Traditional | Sugar free | Protein | Milk free | Soft Cake with pearl sugar | Soft Cake with rice flour | Chocolate soft cake with hazelnut cream | Soft Cake with cream | Soft cake with apricot filling | Soft Cake with chocolate cream | Small cake with hazelnut cream | Small cake with cream | Small cake with mais and rice flour | Small cake with chocolate drops | Cake with hazelnut cream | Cake with cream | CORN AND RICE CAKE | Yogurt soft cake | Spelt Soft cake | Whole wheat soft cake | Small cake margherita sponge | Muffin with chocolate drops | Cocoa muffin with chocolate drops | Category list,26,https://www.dinocorsini.it/index-en | https://www.dinocorsini.it/our-product-lines | https://www.dinocorsini.it/our-product-lines/gluten-free | https://www.dinocorsini.it/our-product-lines/organic,ok
0feb3558-d352-f111-bec6-000d3abe319d,Leone,helados,https://incomleone.com,Because you are looking for | your new ice cream bestseller | Need options? | We got them | Who says winning the market is hard to achieve? | Let’s make it happen | Only light speed is good enough for you | We got you covered | our story | Happiness is good for business | Delighting customers in 39 countries | Incom d.o.o. | Leone.si | Contacts,14,https://incomleone.com,ok
0a511427-30db-f011-8543-7c1e52123808,PT Sinergi Multi Lestarindo TBK,nan,https://www.ptsml.id,,0,,error_home
b73e1274-0c06-ef11-9f89-6045bd92bc7a,SC VILNIAUS PERGALE,nutraceuticos,https://www.pergale.lt,Mūsų saldumynai | Asortimentas | Sugrįžta! | Traški rudens naujiena | Nauji šokoladų skoniai | Naujiena! | Naujiena - „Gaidelio“ ir „Kar Kar“ duetas! | Naujiena – mini sausainiai! | Apie mus | „Pergalės“ saldumynai – 62 pasaulio šalyse,10,https://www.pergale.lt,ok
ce8b1b33-15d5-4179-99db-553902fd1409,LABORATORIOS BEST MEDICAL S.L.U.,nutraceuticos,https://laboratoriosbestmedical.com,Terceros y marcas blancas | DATOS Y CIFRAS | CALIDAD | vENTAJAS | Trayectoria empresarial,5,https://laboratoriosbestmedical.com,ok
27eb3558-d352-f111-bec6-000d3abe319d,Sunar Misir Entegre Tesisleri San.ve Tic.AS.,"especias, aromas y colorantes",https://www.sunarmisir.com.tr,Gelecek Nesillere Yaşanabilir Bir Dünya Bırakmak İçin Çalışıyoruz | Türkiye’de Yeniliklerin Öncüsü | Sunar Mısır | Blog | Fuarlar | Marka Portföyümüz | Sosyal Medya | Giriş Yap,8,https://www.sunarmisir.com.tr,ok
21511427-30db-f011-8543-7c1e52123808,Macro Food,panaderia,https://www.macrofood.cl,,0,,error_home
81472d59-3e03-f111-8406-7ced8d5c84f3,Simón Coll,galleteros,https://www.simoncoll.com,"Turrones frescos de temporada | Ver todo | 3x2 TorronsBest SellerTurrón Chocolate con leche avellanas enteras 250g 6,95 €AÑADIR A LA CESTA | Turrón Chocolate con leche avellanas enteras 250g | 3x2 TorronsBest SellerTurrón Chocolate con leche almendras enteras 250g 6,95 €AÑADIR A LA CESTA | Turrón Chocolate con leche almendras enteras 250g | Turrón Chocolate 70% con avellanas 250g 6,95 €AÑADIR A LA CESTA | Turrón Chocolate 70% con avellanas 250g | Turrón de Chocolate con leche y nueces 250g 6,95 €AÑADIR A LA CESTA | Turrón de Chocolate con leche y nueces 250g | 3x2 TorronsTurrón Chocolate 70% cacao al Marc de Cava 250g 8,95 €AÑADIR A LA CESTA | Turrón Chocolate 70% cacao al Marc de Cava 250g | No es solo una chocolatina… Es mantener viva la magia | Medallón Chocolate con leche Papá Noel 60g 1,95 €AÑADIR A LA CESTA | Medallón Chocolate con leche Papá Noel 60g | Chocolatira Chocolate con leche Papá Noel 3u x 18g 2,50 €AÑADIR A LA CESTA | Chocolatira Chocolate con leche Papá Noel 3u x 18g | Monedas Chocolate con Leche Hello Winter en Red 41g 1,95 €AÑADIR A LA CESTA | Monedas Chocolate con Leche Hello Winter en Red 41g | Chocolatira chocolate con leche Hello Winter 3u x 18g 2,50 €AÑADIR A LA CESTA | Chocolatira chocolate con leche Hello Winter 3u x 18g | Paraguas Chocolate con leche Navidad 35g 1,50 €AÑADIR A LA CESTA | Paraguas Chocolate con leche Navidad 35g | Una nueva forma de experimentar el cacao | Best SellerTableta de Chocolate 70% cacao 85g 3,20 €AÑADIR A LA CESTA | Tableta de Chocolate 70% cacao 85g | Tableta de Chocolate 70% cacao con Nibs 85g 3,49 €AÑADIR A LA CESTA | Tableta de Chocolate 70% cacao con Nibs 85g | Tableta de Chocolate 85% cacao 85g 3,49 €AÑADIR A LA CESTA | Tableta de Chocolate 85% cacao 85g | Best SellerTableta de Chocolate 70% cacao con naranja 85g 3,49 €AÑADIR A LA CESTA | Tableta de Chocolate 70% cacao con naranja 85g | Best SellerTableta de Chocolate 70% cacao con sal de mar 85g 3,49 €AÑADIR A LA CESTA | Tableta de Chocolate 70% cacao con sal de mar 85g | Nuestras Tiendas",35,https://www.simoncoll.com | https://www.simoncoll.com/es/nuestras-tiendas,ok
b15517f0-4630-4fc2-88df-afe1675270a6,ECOSTUP SRL,nan,https://ecostup.md,"Apiluk -P hrana cu polen | Rame neasamblate din lemn 1/1 | Caldare cu capac 1 L | Perna Airfelt 10 rame | Cusca pu matci 3005 | CapaceTO 82 S albina | Turta super protein Pattie 450gr. | Bipin - T (lichid 1ml) tratament pentru albine | Centrifugi apicole | Descăpăcire rame | Echipament de protectie | Familii de albine | Hrana si Tratamente | Inventar apicol | Miere și produse apicole | Procesare și ambalare miere | Stupi si rame de albine | Forme lumânări, Cărți | Centrifuga apicola 12 rame 125-12-AG seria 9021 | Centrifuga 4 casete Dadant - W2013KN_B | Centrifuga radiala W218, Optima electrica 12V/230V | Centrifuga radiala W219, Optima electrica 12V/230V | Centrifuga radiala cu 6 casete W2007000K6D Dadant automata | Centrifuga cu 16 casete W205201B, Langstroth(16) semi automat | Centrifuga radiala, Ø1200mm, 230V, automata W2008000 | Centrifuga cu 8 casete Langstroth, Lyson W20161 | Blok centrifuga 24V | Centrifuga 4 casete Optima - W2013KN | Centrifuga cu 6 casete , Basic ,W210KN_B | Plasa diagonala pu extractorul radial de miere 1000mm W256_1000 | Reductor pu centrifuga manuala 902 | Suport centrifuga | Caseta pentru centrifuga cu 3 rame inox | Caseta pentru centrifuga cu 2 sau 4 rame inox | Panou de comanda ABB | Centrifuga 4 rame caseta vopsita canea plastic,M5009 | Panou de comanda ZESTAW_MINIMA | Centrifuga cu 4 rame rotative zincata cu suport | Centrifuga cu 4 rame rotative cu suport | Centrifuga 4 rame caseta inox M5015 | Centrifuga manuala 4 casete, Lyson | Centrifuga cu 4 casete W223BB, Basic electrica 230ACV | Centrifuga 4 rame automata Dadan ABB | Centrifuga 4 rame automata Dadan | Centrifuga cu 4 rame 12V/230V W221MS | Centrifuga radiala W20060M Minima | Centrifuga 6 rame automata Dadan ABB | Centrifuga cu 6 rame ""Dadant"" | Centrifuga 8 rame automata Dadan ABB | Centrifuga cu 6 rame W2014KN, Optima electrica | Centrifuga miere reversibila 6 rame Konigin | Centrifuga miere rev.96 8 AG | Centrifuga 16 rame AISI 304 pentru extragere miere | Centrifuga cu 8 casete W2015KN, Lyson | Centrifuga cu 6 rame W205400, Dadant automata | Centrifuga cu 8 casete W205600, Dadant automat | Centrifuga cu 8 casete W205500, Dadant automat | Centrifuga cu 8 casete W20550, Dadant semi automat | Centrifuga cu 12 casete fullautomata 1200mm W20570B",59,https://ecostup.md | https://ecostup.md/product-category/centrifugi-apicole/ | https://ecostup.md/product-category/centrifugi-apicole/centrifugi-electrice/ | https://ecostup.md/product-category/centrifugi-apicole/centrifugi-manuale/,ok
ec9adce6-8f1a-4b9c-8ad0-955f661f2931,GALLETAS TEJEDOR S.A.,medicamentos,https://www.galletastejedor.es,[email protected] | +34 975 22 21 00 | CALIDAD | TIERRA DE SABOR | SALUD | NUTRICIÓN | SOSTENIBILIDAD | RESPONSABILIDAD SOCIAL | Lunch: 12 P.M. to 3 P.M. Monday – Friday | Dinner: 7 P.M. to 12 P.M. Monday – Friday | MARÍA | MARÍA PACK | CAMPERA | GALLETA DE ORO | TOSTADA | KOKINOS | Daily Special | SED NON DOLOR,18,https://www.galletastejedor.es | https://www.galletastejedor.es/producto/,ok
1a7e4c99-8fab-42b2-91eb-37c14462516f,CONSERVAS HOLA,nan,https://conservashola.com,Orgullosos de ser productores | Calidad | Verduras frescas de gran sabor | Normas de calidad | Contacténos | ¡Estaremos encantados de ayudarte!,6,https://conservashola.com,ok
a151152d-43d1-4dfb-bb8f-bccd29941dae,CARAMELOS VIUDA PIFARRÉ,nan,https://v-pifarre.com,Violetas | Piruleta Rocks | Peladilla de Alcoy Blanca | Caramelos de Miel Limón | Volver a la tienda | Añadir a la lista de deseos | Vista Rápida | Caramelos 45 Productos | Chocolate 21 Productos | Peladillas 11 Productos | Chuches y Regaliz 18 Productos | Varios 7 Productos | Rocks Naranja y Limón | Anis Mostén | Moras Pitimini | Peladilla Especial | Syluet | Piedras De Rio Pitimini | Politos – Bolsa 500 gr | Rocks Surtidos sin azúcar | Gajos Súper | Mimosa | Gajos Pitimini | Violetas sin azúcar | Regalines Pitimini | Anís Mana – Bolsa 1 kg | Caramelos surtidos de Hierbas – Bolsa de 200grs | Caramelos de Miel Propóleo – Bolsa 150 grs | Gomas Surtido de Chuches – Bolsa 1kg | Caja Vintage Syluet Menta | Gomas Moras – Bolsa 1 kg | Gomas Botellas de cola – Bolsa 1 kg | Gomas Surtido Mixto Brillo – Bolsa 500grs | Gomas Gajos Naranja y Limón – Bolsa 1 kg | Gomas Fresas Silvestres – Bolsa 1 kg | Gomas Besos Fresa y Nata – Bolsa 1 kg | Gomas Chupetes – Bolsa 1 kg | Pastillaje Surtido Gajos Moras | 2 valoraciones en Violetas | Añade una valoración Cancelar la respuesta | Productos relacionados,41,https://v-pifarre.com | https://v-pifarre.com/tienda/ | https://v-pifarre.com/tienda/?filter_alergenos=sin-gluten | https://v-pifarre.com/tienda/violetas/,ok
a0190852-08db-4b91-bfdd-0e51b7e9a676,KOMVIDA KOMBUCHA,nan,https://www.komvida.com,"SUSCRIPCIÓN PACK PERSONALIZADO | PACK MULTISABOR 250 ml | MONOPACK BERRYVIDA 250 ml | MONOPACK GINGERVIDA 250 ml | Novedades | Top ventas | Crea tu pack | KOMVIDA HIDRA+ | Komvida en tu tienda | Quiz | Accede o regístrate | Ver todos | Gingervida | Hidra+ | Berryvida | Fibra | Superglow | Superflow | Naranja | Piña colada | Kombujito | Supergreen | Manzana | Greenvida | Zanahoria y cúrcuma | Mango | Packs Multisabor Los más vendidos | Crea tu pack Tus packs a medida | Kombucha 250 ml Tamaño individual | Kombucha 750 ml Formato familiar | Shots Monodosis Dosis individuales | Quiénes somos | ¿Qué es la kombucha? | Preguntas frecuentes | Prensa | Proyectos de I+D | Blog | ABRIR, TOMAR Y A SEGUIR CON TU DÍA | FÓRMULA ÚNICA: CONCENTRADO NATURAL CON PROBIÓTICOS VIVOS. | DESCUBRE SHOTS | VER TODO | De nuestro pueblo a tu nevera | KOMBUCHA Packs de Komvida para tu bienestar diario COMPRAR | KOMBUCHA | 6 x 100ML SHOTS Packs de shots con ingredientes naturales COMPRAR | SHOTS | PACKS A MEDIDA Crea tu propio pack con tus sabores favoritos CREAR PACK | PACKS A MEDIDA | NOVEDADES Descubre las novedades de Komvida VER TODAS | VER NOVEDAD | +10M DE PROBIÓTICOS ACTIVOS EN CADA BOTELLA | SABER MÁS | Empezar ahora | Haz que cuidarte sea un hábito fácil de mantener. | AHORRA: | GRATIS: | PERSONALIZA: | FLEXIBLE: | SUSCRÍBETE YA | PACK PERSONALIZADO",60,https://www.komvida.com | https://www.komvida.com/collections/novedades-de-komvida | https://www.komvida.com/collections/best-sellers | https://www.komvida.com/collections/packs-botellas-de-250-ml,ok
