empresa,origen,es_cliente,sectores_zukan,n_productos_potenciales,ingredientes,alimarket_ventas_eur,alimarket_empleados
Lidl,Comercializador,no_cliente,"Frutos secos y snacks, Salsas y aderezos, Turrón, Chocolate, Lácteos, yogures y postres lácteos, Mermeladas y confituras, Café, Quesos, Vino y derivados del vino, Galleteros, Golosinas, Barritas y bebidas deportivas, Cárnico, Cervezas, Cereales, Pastelería, Bollería, Panadería, Refrescos, Conservas vegetales",242,"Azúcar, Azúcar Integral, Azúcar Líquido Invertido, Caramelo natural, Dextrosa, Fructooligosacaridos, Fructosa, Jarabe de fructosa, Jarabe de glucosa, Jarabe de glucosa y fructosa, Jarabe de maltitol, Maltitol, Miel pura de abejas, Sorbitol",,
Mondelez,Comercializador,no_cliente,"Chocolate, Cereales, Pastelería, Bollería, Helados, Panadería, Quesos, Galleteros",109,"Azúcar, Azúcar Líquido Invertido, Caramelo natural, Dextrosa, Jarabe de fructosa, Jarabe de glucosa, Jarabe de glucosa y fructosa, Jarabe de maltitol, Maltitol, Miel pura de abejas",960000000.0,1300.0
Carrefour,Comercializador,no_cliente,"Frutos secos y snacks, Salsas y aderezos, Chocolate, Turrón, Miel, Licores, Mermeladas y confituras, Galleteros, Golosinas, Cárnico, Barritas y bebidas deportivas, Cereales, Bollería, Helados, Zumos y néctares, Refrescos, Conservas vegetales",98,"Azúcar, Azúcar Integral, Azúcar Líquido Invertido, Caramelo natural, Dextrosa, Fructooligosacaridos, Jarabe de fructosa, Jarabe de glucosa, Jarabe de glucosa y fructosa, Jarabe de maltitol, Jarabe de sorbitol, Melaza de caña, Miel pura de abejas",10958000000.0,53500.0
Aldi,Comercializador,no_cliente,"Frutos secos y snacks, Chocolate, Lácteos, yogures y postres lácteos, Café, Galleteros, Golosinas, Cárnico, Cervezas, Cereales, Bollería, Helados, Zumos y néctares, Refrescos, Panadería, Conservas vegetales",67,"Azúcar, Azúcar Integral, Azúcar Líquido Invertido, Caramelo natural, Dextrosa, Fructooligosacaridos, Jarabe de fructosa, Jarabe de glucosa, Jarabe de glucosa y fructosa, Miel pura de abejas, Sorbitol",2200000000.0,8000.0
Dia,Comercializador,no_cliente,"Frutos secos y snacks, Salsas y aderezos, Alternativas a lácteos, Turrón, Chocolate, Lácteos, yogures y postres lácteos, Galleteros, Golosinas, Cárnico, Barritas y bebidas deportivas, Cereales, Pastelería, Bollería, Helados, Panadería, Conservas vegetales",62,"Azúcar, Azúcar Integral, Azúcar Líquido Invertido, Caramelo natural, Dextrosa, Fructosa, Jarabe de fructosa, Jarabe de glucosa, Jarabe de glucosa y fructosa, Jarabe de sorbitol, Maltitol, Miel pura de abejas, Sorbitol",,
Consum,Comercializador,no_cliente,"Frutos secos y snacks, Salsas y aderezos, Chocolate, Lácteos, yogures y postres lácteos, Mermeladas y confituras, Galleteros, Barritas y bebidas deportivas, Cereales, Pastelería, Bollería, Helados, Refrescos, Panadería, Conservas vegetales",59,"Azúcar, Caramelo natural, Dextrosa, Fructooligosacaridos, Jarabe de fructosa, Jarabe de glucosa, Jarabe de glucosa y fructosa, Jarabe de maltitol, Maltitol, Miel pura de abejas",4700350000.0,23301.0
Unilever,Comercializador,no_cliente,"Salsas y aderezos, Alternativas a lácteos, Helados",51,"Azúcar, Azúcar Integral, Azúcar Líquido Invertido, Caramelo natural, Dextrosa, Fructosa, Jarabe de fructosa, Jarabe de glucosa, Jarabe de glucosa y fructosa",,
Mars Wrigley Confectionery,Comercializador,no_cliente,"Golosinas, Chocolate, Turrón, Helados, Galleteros",48,"Azúcar, Azúcar Líquido Invertido, Caramelo natural, Jarabe de glucosa, Jarabe de maltitol, Maltitol, Sorbitol",,
"GALLETAS GULLON, S.A",Fabricante,desconocido,"Chocolate, Barritas y bebidas deportivas, Galleteros",44,"Maltitol, Miel pura de abejas",,
El Corte Ingles,Comercializador,no_cliente,"Frutos secos y snacks, Salsas y aderezos, Chocolate, Turrón, Mermeladas y confituras, Café, Galleteros, Golosinas, Cárnico, Barritas y bebidas deportivas, Cereales, Pastelería, Bollería, Helados, Zumos y néctares, Panadería",41,"Azúcar, Azúcar Integral, Azúcar Líquido Invertido, Caramelo natural, Dextrosa, Fructooligosacaridos, Fructosa, Jarabe de fructosa, Jarabe de glucosa, Jarabe de glucosa y fructosa, Jarabe de maltitol, Jarabe de sorbitol, Maltitol, Miel pura de abejas, Sorbitol",2912000000.0,11957.0
Casa Santiveri,Comercializador,no_cliente,"Barritas y bebidas deportivas, Cereales, Bollería, Mermeladas y confituras, Refrescos, Galleteros",39,"Azúcar, Azúcar Integral, Caramelo natural, Dextrosa, Fructosa, Jarabe de glucosa, Jarabe de maltitol, Maltitol, Miel pura de abejas",,
Kellanova,Comercializador,no_cliente,"Frutos secos y snacks, Cereales, Bollería",37,"Azúcar, Azúcar Integral, Azúcar Líquido Invertido, Dextrosa, Fructooligosacaridos, Fructosa, Jarabe de fructosa, Jarabe de glucosa, Jarabe de glucosa y fructosa, Miel pura de abejas, Sorbitol",160000000.0,100.0
Myprotein,Comercializador,no_cliente,Barritas y bebidas deportivas,34,"Azúcar, Azúcar Integral, Azúcar Líquido Invertido, Caramelo natural, Fructooligosacaridos, Fructosa, Jarabe de fructosa, Jarabe de glucosa, Jarabe de glucosa y fructosa, Jarabe de maltitol, Maltitol, Miel pura de abejas, Sorbitol",,
HARIBO España S.A.U.,Fabricante,desconocido,Golosinas,31,Sorbitol,,
"Hero España, S.A.",Fabricante,desconocido,"Suplementos deportivos, Chocolate, Barritas y bebidas deportivas, Cereales, Mermeladas y confituras",30,"Jarabe de maltitol, Maltitol, Miel pura de abejas, Sorbitol",,
Coca Cola,Comercializador,no_cliente,"Barritas y bebidas deportivas, Refrescos",30,"Azúcar, Dextrosa, Fructosa",,
Condis,Comercializador,no_cliente,"Frutos secos y snacks, Chocolate, Cereales, Bollería, Mermeladas y confituras, Conservas vegetales, Galleteros",29,"Azúcar, Dextrosa, Jarabe de fructosa, Jarabe de glucosa, Jarabe de glucosa y fructosa, Sorbitol",810000000.0,3560.0
Bimbo,Comercializador,no_cliente,"Frutos secos y snacks, Bollería, Panadería, Galleteros",29,"Azúcar, Azúcar Líquido Invertido, Dextrosa, Jarabe de fructosa, Jarabe de glucosa, Jarabe de glucosa y fructosa, Maltitol, Miel pura de abejas, Sorbitol",570000000.0,1835.0
"Mondelez España Commercial, S.L.",Fabricante,desconocido,"Golosinas, Chocolate, Pastelería, Bollería, Galleteros",28,"Jarabe de maltitol, Maltitol, Miel pura de abejas, Sorbitol",,
Heinz,Comercializador,no_cliente,"Salsas y aderezos, Conservas vegetales",27,"Azúcar, Azúcar Líquido Invertido, Caramelo natural, Dextrosa",,
Cereal Partners Worldwide,Comercializador,no_cliente,Cereales,25,"Azúcar, Azúcar Líquido Invertido, Fructooligosacaridos, Jarabe de glucosa, Jarabe de maltitol, Jarabe de sorbitol, Miel pura de abejas",,
Centros Comerciales Carrefour S.A.,Fabricante,desconocido,"Frutos secos y snacks, Cárnico, Pastelería, Bollería, Miel, Helados, Platos preparados, Galleteros",25,"Jarabe de maltitol, Maltitol, Miel pura de abejas, Sorbitol",,
MERCADONA,Comercializador,desconocido,"Nutracéuticos, Frutos secos y snacks, Chocolate, Cárnico, Cereales, Bollería, Helados, Platos preparados, Galleteros",24,"Jarabe de maltitol, Maltitol, Miel pura de abejas, Sorbitol",,
Grupo Angel Camacho,Comercializador,no_cliente,"Salsas y aderezos, Mermeladas y confituras, Conservas vegetales",24,"Azúcar, Fructosa",286270000.0,900.0
Danone,Comercializador,no_cliente,"Lácteos, yogures y postres lácteos, Pastelería",24,"Azúcar, Caramelo natural, Dextrosa, Fructooligosacaridos, Jarabe de fructosa, Jarabe de glucosa y fructosa",1210000000.0,2000.0
Idilia Foods,Comercializador,no_cliente,"Chocolate, Cereales, Galleteros",23,"Azúcar, Jarabe de fructosa, Jarabe de glucosa, Jarabe de glucosa y fructosa, Maltitol",,
Perfetti Van Melle,Comercializador,no_cliente,"Frutos secos y snacks, Golosinas",23,"Azúcar, Caramelo natural, Jarabe de fructosa, Jarabe de glucosa, Jarabe de glucosa y fructosa, Jarabe de maltitol, Jarabe de sorbitol, Maltitol, Sorbitol",,
Dr Schaer,Comercializador,no_cliente,"Frutos secos y snacks, Chocolate, Cereales, Bollería, Panadería, Galleteros",23,"Azúcar, Azúcar Integral, Azúcar Líquido Invertido, Caramelo natural, Dextrosa, Jarabe de fructosa, Jarabe de glucosa, Jarabe de glucosa y fructosa, Jarabe de sorbitol, Miel pura de abejas, Sorbitol",,
Harrison Sport Nutrition,Comercializador,no_cliente,Barritas y bebidas deportivas,20,"Fructosa, Jarabe de glucosa y fructosa",,
Grupo Ifa,Comercializador,no_cliente,"Salsas y aderezos, Golosinas, Turrón, Cereales, Bollería, Conservas vegetales, Quesos, Galleteros",19,"Azúcar, Caramelo natural, Dextrosa, Jarabe de fructosa, Jarabe de glucosa, Jarabe de glucosa y fructosa, Miel pura de abejas, Sorbitol",45573000000.0,123.0
Finca La Rosala,Comercializador,no_cliente,"Frutos secos y snacks, Chocolate",19,"Azúcar, Azúcar Integral, Miel pura de abejas",,
Nutrition And Sante,Comercializador,no_cliente,"Barritas y bebidas deportivas, Cereales, Galleteros",19,"Azúcar, Azúcar Integral, Caramelo natural, Dextrosa, Fructosa, Jarabe de fructosa, Jarabe de glucosa, Jarabe de glucosa y fructosa, Jarabe de sorbitol, Maltitol",,
Fitmart,Comercializador,no_cliente,Barritas y bebidas deportivas,19,"Azúcar, Azúcar Líquido Invertido, Caramelo natural, Dextrosa, Fructooligosacaridos, Maltitol, Miel pura de abejas, Sorbitol",,
Lindt And Sprungli,Comercializador,no_cliente,Chocolate,18,"Azúcar, Azúcar Líquido Invertido, Caramelo natural, Fructosa, Jarabe de glucosa",,
Lactalis Nestle,Comercializador,no_cliente,"Lácteos, yogures y postres lácteos, Pastelería, Café",18,"Azúcar, Caramelo natural, Fructosa, Jarabe de fructosa, Jarabe de glucosa, Jarabe de glucosa y fructosa",,
"Chocolates Valor,S.A.",Fabricante,desconocido,Chocolate,18,Maltitol,,
Vidal,Comercializador,no_cliente,"Golosinas, Turrón",18,"Azúcar, Azúcar Líquido Invertido, Jarabe de fructosa, Jarabe de glucosa, Jarabe de glucosa y fructosa",,
Sanchis Mira,Comercializador,no_cliente,"Turrón, Bollería, Galleteros",17,"Azúcar, Azúcar Líquido Invertido, Caramelo natural, Fructooligosacaridos, Jarabe de fructosa, Jarabe de glucosa, Jarabe de glucosa y fructosa, Miel pura de abejas",132000000.0,230.0
KELLOGG ESPAÑA,Fabricante,desconocido,"Chocolate, Cereales",17,"Miel pura de abejas, Sorbitol",,
Rgseaa,Fabricante,desconocido,"Salsas y aderezos, Alternativas a lácteos, Barritas y bebidas deportivas, Chocolate, Mermeladas y confituras, Conservas vegetales, Galleteros",17,"Azúcar, Azúcar Integral, Jarabe de fructosa, Jarabe de glucosa y fructosa, Jarabe de maltitol, Sorbitol",,
Roleski,Comercializador,no_cliente,Salsas y aderezos,17,"Azúcar, Azúcar Integral, Jarabe de glucosa, Melaza de caña, Miel pura de abejas",,
Bellring Brands,Comercializador,no_cliente,Barritas y bebidas deportivas,17,"Azúcar, Azúcar Líquido Invertido, Caramelo natural, Fructooligosacaridos, Fructosa, Jarabe de fructosa, Jarabe de glucosa, Maltitol, Sorbitol",,
Family Cash,Comercializador,no_cliente,"Frutos secos y snacks, Salsas y aderezos, Cárnico, Chocolate, Conservas vegetales",16,"Azúcar, Dextrosa",754000000.0,4200.0
Ybarra,Comercializador,no_cliente,"Salsas y aderezos, Conservas vegetales, Quesos",16,"Azúcar, Azúcar Integral, Caramelo natural, Jarabe de fructosa, Jarabe de glucosa y fructosa, Miel pura de abejas",290000000.0,282.0
Auchan,Comercializador,no_cliente,"Frutos secos y snacks, Golosinas, Chocolate, Cereales, Bollería, Zumos y néctares, Panadería, Galleteros",16,"Azúcar, Caramelo natural, Jarabe de fructosa, Jarabe de glucosa, Jarabe de glucosa y fructosa, Jarabe de sorbitol",,
Lindt And Sprungli,Fabricante,no_cliente,Chocolate,16,"Azúcar, Azúcar Líquido Invertido, Jarabe de glucosa",,
"Centros Comerciales Carrefour, S.A.",Fabricante,desconocido,"Golosinas, Cárnico, Chocolate, Bollería, Miel, Mermeladas y confituras, Galleteros",16,"Maltitol, Miel pura de abejas, Sorbitol",,
CASA SANTIVERI S.L.,Fabricante,desconocido,Galleteros,15,Jarabe de maltitol,,
"Elaborado para El Corte Inglés, S.A",Fabricante,desconocido,"Golosinas, Mermeladas y confituras, Helados, Panadería",15,"Jarabe de maltitol, Miel pura de abejas, Sorbitol",,
Life Pro Nutrition,Comercializador,no_cliente,"Barritas y bebidas deportivas, Bollería",15,"Azúcar, Fructosa, Jarabe de glucosa, Maltitol",,
Wonkandy,Comercializador,no_cliente,"Nutracéuticos, Golosinas",15,"Azúcar, Caramelo natural, Dextrosa, Jarabe de fructosa, Jarabe de glucosa, Jarabe de glucosa y fructosa, Maltitol",,
Industrias Carnicas Loriente Piqueras,Comercializador,no_cliente,Cárnico,15,"Azúcar, Dextrosa",,
Weider,Comercializador,no_cliente,"Barritas y bebidas deportivas, Chocolate, Galleteros",14,"Azúcar, Azúcar Integral, Azúcar Líquido Invertido, Caramelo natural, Fructosa, Jarabe de fructosa, Jarabe de glucosa, Jarabe de glucosa y fructosa, Jarabe de maltitol, Jarabe de sorbitol, Maltitol",,
Chocolates Marcos Tonda,Comercializador,no_cliente,Chocolate,14,"Azúcar, Miel pura de abejas",3100000.0,24.0
Unionmels,Comercializador,no_cliente,"Turrón, Bollería, Panadería, Galleteros",14,"Azúcar, Jarabe de fructosa, Jarabe de glucosa, Jarabe de glucosa y fructosa, Jarabe de sorbitol, Sorbitol",,
Trolli Iberica,Fabricante,no_cliente,Golosinas,14,"Azúcar, Caramelo natural, Jarabe de glucosa, Sorbitol",73800000.0,490.0
Dych,Fabricante,desconocido,"Salsas y aderezos, Mermeladas y confituras",14,"Azúcar, Azúcar Integral",,
Prozis,Comercializador,no_cliente,"Barritas y bebidas deportivas, Cereales",13,"Azúcar, Azúcar Integral, Caramelo natural, Dextrosa, Jarabe de fructosa, Jarabe de glucosa y fructosa, Sorbitol",,
Mars Multisales Spain S.L.,Fabricante,desconocido,"Golosinas, Cereales",13,"Jarabe de maltitol, Miel pura de abejas, Sorbitol",,
"Chic-kles Gum, S.L.U.",Fabricante,desconocido,Golosinas,13,"Jarabe de maltitol, Sorbitol",,
Iberia Foods,Comercializador,desconocido,"Bollería, Panadería, Galleteros",13,"Azúcar, Azúcar Integral, Dextrosa, Fructosa, Jarabe de fructosa, Jarabe de glucosa y fructosa",,
Herbolario Navarro,Comercializador,no_cliente,"Chocolate, Lácteos, yogures y postres lácteos, Helados, Refrescos, Panadería, Galleteros",13,"Azúcar, Azúcar Integral, Dextrosa, Jarabe de glucosa",65400000.0,461.0
Alpro,Comercializador,no_cliente,Alternativas a lácteos,13,"Azúcar, Fructosa, Jarabe de fructosa, Jarabe de glucosa y fructosa",,
Trolli,Fabricante,no_cliente,"Golosinas, Turrón",13,"Azúcar, Azúcar Líquido Invertido, Jarabe de glucosa, Sorbitol",73800000.0,490.0
Eneryeti Company,Comercializador,no_cliente,Refrescos,13,"Azúcar, Caramelo natural, Jarabe de fructosa, Jarabe de glucosa y fructosa",26530000.0,13.0
Frito Lay,Comercializador,no_cliente,Frutos secos y snacks,12,"Azúcar, Dextrosa, Fructosa",,
General Mills,Comercializador,no_cliente,"Cereales, Bollería, Helados, Panadería",12,"Azúcar, Azúcar Integral, Caramelo natural, Dextrosa, Fructooligosacaridos, Jarabe de glucosa",135000000.0,1000.0
Herederos De Gaspar Perez,Comercializador,no_cliente,Chocolate,12,Azúcar,,
The Magnum Ice Cream Company,Comercializador,no_cliente,Helados,12,"Azúcar, Azúcar Integral, Caramelo natural, Fructosa, Jarabe de fructosa, Jarabe de glucosa, Jarabe de glucosa y fructosa, Melaza de caña",400000000.0,300.0
Metro,Comercializador,no_cliente,"Salsas y aderezos, Mermeladas y confituras, Conservas vegetales",12,"Azúcar, Jarabe de fructosa, Jarabe de glucosa y fructosa",,
Chupa Chups S.A.U,Fabricante,desconocido,Golosinas,12,Sorbitol,,
Nutrisport,Comercializador,no_cliente,Barritas y bebidas deportivas,12,"Azúcar, Fructooligosacaridos, Fructosa, Jarabe de glucosa, Jarabe de sorbitol, Maltitol",10300000.0,22.0
"Mars Multisales Spain, S.L",Fabricante,desconocido,Golosinas,12,"Jarabe de maltitol, Sorbitol",,
Mg Destilerias,Comercializador,no_cliente,Licores,11,Azúcar,,
"Nestlé España, S.A.",Fabricante,desconocido,"Chocolate, Cereales",11,"Maltitol, Miel pura de abejas, Sorbitol",,
Chocolates Torras,Comercializador,no_cliente,Chocolate,11,"Azúcar, Azúcar Integral, Maltitol",23170000.0,59.0
Ahorramas,Comercializador,no_cliente,"Salsas y aderezos, Chocolate, Turrón, Panadería, Galleteros",11,"Azúcar, Caramelo natural, Dextrosa, Jarabe de fructosa, Jarabe de glucosa y fructosa, Jarabe de sorbitol, Miel pura de abejas",2300000000.0,14230.0
Ysonut,Comercializador,no_cliente,Nutracéuticos,11,"Azúcar, Caramelo natural, Dextrosa, Fructooligosacaridos, Jarabe de glucosa, Miel pura de abejas, Sorbitol",,
Embutidos Monells,Fabricante,no_cliente,Cárnico,11,"Dextrosa, Jarabe de glucosa, Sorbitol",195800000.0,788.0
Dlv Alimentacion,Fabricante,desconocido,Turrón,11,"Azúcar, Caramelo natural, Dextrosa, Miel pura de abejas",,
Dillepasa,Comercializador,desconocido,"Bollería, Panadería",11,"Azúcar, Azúcar Líquido Invertido, Dextrosa, Sorbitol",,
Europraline,Fabricante,no_cliente,"Chocolate, Turrón",10,"Azúcar, Jarabe de fructosa, Jarabe de glucosa, Jarabe de glucosa y fructosa, Maltitol",,
Utopick Chocolates,Comercializador,no_cliente,Chocolate,10,"Azúcar, Azúcar Integral, Dextrosa, Fructosa, Jarabe de glucosa, Miel pura de abejas",,
Red Bull,Comercializador,no_cliente,Refrescos,10,"Azúcar, Caramelo natural, Dextrosa",,
Galletas Artiach S.A.U.,Fabricante,desconocido,"Chocolate, Galleteros",10,"Jarabe de maltitol, Maltitol, Miel pura de abejas",,
Hershey,Comercializador,no_cliente,"Chocolate, Galleteros",10,"Azúcar, Dextrosa, Jarabe de glucosa, Jarabe de glucosa y fructosa, Sorbitol",,
Campofrio,Comercializador,no_cliente,Cárnico,10,"Azúcar, Dextrosa, Sorbitol",2100000000.0,6550.0
La Dulceria De Murcia,Comercializador,no_cliente,"Bollería, Galleteros",10,"Azúcar, Azúcar Líquido Invertido, Jarabe de glucosa, Maltitol",,
Miguelanez,Comercializador,no_cliente,"Golosinas, Chocolate",10,"Azúcar, Jarabe de fructosa, Jarabe de glucosa, Jarabe de glucosa y fructosa, Sorbitol",23000000.0,152.0
Refresco Iberia,Fabricante,no_cliente,"Barritas y bebidas deportivas, Refrescos",10,"Azúcar, Jarabe de fructosa, Jarabe de glucosa y fructosa",,
Dinova Alimentos,Comercializador,no_cliente,"Salsas y aderezos, Conservas vegetales",10,Azúcar,,
Dulcivapa,Comercializador,desconocido,"Bollería, Panadería, Galleteros",10,"Azúcar, Azúcar Líquido Invertido, Fructosa, Jarabe de fructosa, Jarabe de glucosa y fructosa, Jarabe de sorbitol, Miel pura de abejas, Sorbitol",,
Trolli,Comercializador,no_cliente,Golosinas,10,"Azúcar, Jarabe de fructosa, Jarabe de glucosa, Jarabe de glucosa y fructosa, Sorbitol",,
Pepsico,Comercializador,no_cliente,"Frutos secos y snacks, Refrescos",9,"Azúcar, Caramelo natural",,
Enrique Garrigos Monerris,Comercializador,no_cliente,"Turrón, Bollería, Galleteros",9,"Azúcar, Jarabe de fructosa, Jarabe de glucosa, Jarabe de glucosa y fructosa, Miel pura de abejas",4000000.0,2.0
"Perfetti Van Melle Benelux, B.V.",Fabricante,desconocido,Golosinas,9,Sorbitol,,
Biogran,Comercializador,no_cliente,"Barritas y bebidas deportivas, Cereales",9,"Azúcar, Azúcar Integral, Jarabe de glucosa, Miel pura de abejas",,
Beckys,Comercializador,no_cliente,"Golosinas, Chocolate, Galleteros",9,"Azúcar, Azúcar Líquido Invertido, Dextrosa, Jarabe de glucosa",,
Frit Ravich,Comercializador,no_cliente,Frutos secos y snacks,9,"Azúcar, Caramelo natural, Dextrosa, Jarabe de glucosa, Miel pura de abejas",359000000.0,1300.0
Holland And Barrett,Comercializador,no_cliente,"Frutos secos y snacks, Barritas y bebidas deportivas, Chocolate",9,"Azúcar, Azúcar Integral, Jarabe de glucosa, Maltitol, Miel pura de abejas, Sorbitol",,
Cantero De Letur,Comercializador,no_cliente,"Lácteos, yogures y postres lácteos, Refrescos",9,"Azúcar, Azúcar Integral",28000000.0,
Bimbo Donuts Iberia,Comercializador,no_cliente,"Bollería, Helados, Galleteros",9,"Azúcar, Dextrosa, Jarabe de fructosa, Jarabe de glucosa, Jarabe de glucosa y fructosa",570000000.0,1835.0
Eckes Granini,Comercializador,no_cliente,Zumos y néctares,9,Azúcar,,
Lotus Bakeries,Comercializador,no_cliente,"Bollería, Helados, Galleteros",9,"Azúcar, Azúcar Integral, Jarabe de fructosa, Jarabe de glucosa, Jarabe de glucosa y fructosa",,
Almendra Y Miel,Comercializador,no_cliente,"Chocolate, Turrón, Bollería, Helados",9,"Azúcar, Jarabe de fructosa, Jarabe de glucosa, Jarabe de glucosa y fructosa, Jarabe de sorbitol, Miel pura de abejas",29140000.0,90.0
Ruipan,Comercializador,desconocido,"Bollería, Panadería",9,Azúcar,,
Monster Beverage,Comercializador,no_cliente,Refrescos,9,"Azúcar, Jarabe de glucosa",,
Centro Especial De Empleo La Plata,Comercializador,desconocido,"Turrón, Chocolate, Bollería, Galleteros",9,"Azúcar, Azúcar Líquido Invertido, Dextrosa, Fructosa, Jarabe de fructosa, Jarabe de glucosa, Jarabe de glucosa y fructosa, Jarabe de sorbitol, Miel pura de abejas, Sorbitol",,
Uma Investments,Fabricante,desconocido,Frutos secos y snacks,9,"Azúcar, Dextrosa, Jarabe de glucosa, Miel pura de abejas",,
Froneri,Comercializador,no_cliente,Helados,9,"Azúcar, Azúcar Líquido Invertido, Jarabe de fructosa, Jarabe de glucosa, Jarabe de glucosa y fructosa",,
Industrias Carnicas Villar,Comercializador,desconocido,Cárnico,8,"Azúcar, Dextrosa",,
Chocolate And Trufa,Fabricante,desconocido,"Turrón, Chocolate",8,"Azúcar, Azúcar Integral, Jarabe de glucosa, Jarabe de glucosa y fructosa, Jarabe de sorbitol, Miel pura de abejas, Sorbitol",,
Dr Oetker,Comercializador,no_cliente,"Pastelería, Helados, Panadería",8,"Azúcar, Jarabe de fructosa, Jarabe de glucosa, Jarabe de glucosa y fructosa",,
Bazooka Candy Brands,Comercializador,no_cliente,"Golosinas, Turrón",8,"Azúcar, Jarabe de fructosa, Jarabe de glucosa, Jarabe de glucosa y fructosa",,
Chocolates Valor S.A.,Fabricante,desconocido,Chocolate,8,Maltitol,,
Carambar And Co,Comercializador,no_cliente,"Golosinas, Chocolate, Turrón",8,"Azúcar, Jarabe de fructosa, Jarabe de glucosa, Jarabe de glucosa y fructosa",,
Frutos Secos Medina,Comercializador,no_cliente,Frutos secos y snacks,8,"Azúcar, Azúcar Integral, Dextrosa",80000000.0,200.0
Plantas Medicinales Y Complementos Alimenticios,Comercializador,no_cliente,Nutracéuticos,8,"Azúcar, Fructosa, Jarabe de glucosa, Maltitol, Miel pura de abejas, Sorbitol",,
226Ers,Comercializador,no_cliente,"Nutracéuticos, Barritas y bebidas deportivas",8,"Fructosa, Jarabe de glucosa, Sorbitol",16000000.0,40.0
"Centros Comerciales Carrefour, S.A",Fabricante,desconocido,Bollería,8,Sorbitol,,
Boston Nutraceutical Science,Comercializador,no_cliente,"Nutracéuticos, Barritas y bebidas deportivas",7,"Fructosa, Jarabe de maltitol, Maltitol, Sorbitol",45000000.0,10.0
Agrupacion De Cooperativas Lacteas,Fabricante,no_cliente,"Lácteos, yogures y postres lácteos, Pastelería",7,"Azúcar, Azúcar Integral",253700000.0,420.0
Cuétara S.L.U.,Fabricante,desconocido,Galleteros,7,"Maltitol, Sorbitol",,
Agroserc,Fabricante,no_cliente,"Frutos secos y snacks, Chocolate",7,"Azúcar, Dextrosa, Jarabe de glucosa, Maltitol, Miel pura de abejas",80000000.0,110.0
Corporacion Alimentaria Penasanta,Comercializador,no_cliente,"Lácteos, yogures y postres lácteos, Quesos",7,"Azúcar, Azúcar Integral, Caramelo natural",,
Lactalis,Comercializador,no_cliente,"Café, Galleteros",7,"Azúcar, Caramelo natural",1705000000.0,2679.0
Almendras Capo,Comercializador,no_cliente,"Frutos secos y snacks, Turrón",7,"Azúcar, Jarabe de fructosa, Jarabe de glucosa, Jarabe de glucosa y fructosa, Jarabe de maltitol",8000000.0,65.0
Oatly,Comercializador,no_cliente,"Alternativas a lácteos, Café",7,Azúcar,3500000.0,5.0
Dr. Schär España S.L.U,Fabricante,desconocido,"Pastelería, Bollería, Panadería, Platos preparados",7,"Miel pura de abejas, Sorbitol",,
Royal Family Food,Comercializador,desconocido,Bollería,7,"Azúcar, Caramelo natural, Dextrosa, Sorbitol",,
Carrefour,Fabricante,desconocido,"Bollería, Platos preparados",7,Sorbitol,,
Almendra Y Miel,Fabricante,no_cliente,Turrón,7,"Azúcar, Jarabe de fructosa, Jarabe de glucosa y fructosa, Maltitol, Miel pura de abejas, Sorbitol",29140000.0,90.0
"IGNORAMUS - Produtos Naturais, Lda.",Fabricante,desconocido,"Lácteos, yogures y postres lácteos, Cereales, Galleteros",7,"Maltitol, Miel pura de abejas",,
Comercial Gallo,Comercializador,no_cliente,Salsas y aderezos,6,"Azúcar, Jarabe de glucosa",,
Creaciones Jugavi,Comercializador,no_cliente,"Golosinas, Barritas y bebidas deportivas",6,"Azúcar, Jarabe de glucosa",3500000.0,14.0
Difrisur,Fabricante,no_cliente,"Pastelería, Bollería",6,"Azúcar, Azúcar Integral, Caramelo natural, Jarabe de fructosa, Jarabe de glucosa, Jarabe de glucosa y fructosa, Sorbitol",,
Dulces La Abuela Coop,Fabricante,desconocido,Bollería,6,"Azúcar, Dextrosa, Jarabe de sorbitol, Miel pura de abejas",,
Tiger And Bean,Comercializador,no_cliente,Chocolate,6,Azúcar,,
"Fini Golosinas España, S.L.U",Fabricante,desconocido,Golosinas,6,"Jarabe de maltitol, Sorbitol",,
Wug Functional Gums,Comercializador,no_cliente,Golosinas,6,"Jarabe de maltitol, Sorbitol",,
Lacasa España S.A.U.,Fabricante,desconocido,Golosinas,6,"Maltitol, Miel pura de abejas",,
Embutidos Goikoa,Fabricante,no_cliente,Cárnico,6,"Azúcar, Dextrosa",77510000.0,222.0
Ysco,Fabricante,no_cliente,Helados,6,"Azúcar, Azúcar Líquido Invertido, Caramelo natural, Jarabe de fructosa, Jarabe de glucosa, Jarabe de glucosa y fructosa",,
Goya Foods,Comercializador,no_cliente,"Salsas y aderezos, Panadería, Galleteros",6,"Azúcar, Caramelo natural, Dextrosa",37500000.0,33.0
Raisio,Comercializador,no_cliente,"Cereales, Galleteros",6,"Azúcar, Azúcar Líquido Invertido, Jarabe de glucosa",,
Delaviuda Alimentación S.A.U.,Fabricante,desconocido,"Chocolate, Turrón, Cereales",6,"Miel pura de abejas, Sorbitol",,
Productos Atocha,Fabricante,desconocido,Bollería,6,"Azúcar, Dextrosa, Fructosa, Jarabe de glucosa",,
Barilla,Comercializador,no_cliente,"Salsas y aderezos, Galleteros",6,Azúcar,,
Coceda,Fabricante,desconocido,"Barritas y bebidas deportivas, Cervezas, Refrescos",6,"Azúcar, Jarabe de glucosa",,
Eco Finia,Comercializador,desconocido,"Chocolate, Galleteros",6,"Azúcar, Azúcar Integral",,
"Tierra y oro, S.A.",Fabricante,desconocido,Miel,6,Miel pura de abejas,,
Wmb Pringles,Fabricante,no_cliente,Frutos secos y snacks,6,"Azúcar, Dextrosa, Jarabe de glucosa",,
Peter Koelln,Comercializador,no_cliente,Cereales,6,"Azúcar, Jarabe de fructosa, Jarabe de glucosa, Jarabe de glucosa y fructosa, Miel pura de abejas",,
Delaviuda Confectionery Group,Comercializador,no_cliente,"Alternativas a lácteos, Turrón, Cereales, Helados",6,"Azúcar, Dextrosa, Miel pura de abejas",,
Tasty And Unique,Comercializador,no_cliente,"Chocolate, Bollería, Galleteros",6,"Azúcar, Azúcar Líquido Invertido, Sorbitol",,
"Fini Golosinas España, S.L.U.",Fabricante,desconocido,Golosinas,6,"Jarabe de maltitol, Sorbitol",,
FLEER ESPAÑOLA S.L.,Fabricante,desconocido,Golosinas,6,"Jarabe de maltitol, Sorbitol",,
Tostados Y Fritos,Fabricante,no_cliente,Frutos secos y snacks,6,"Azúcar, Dextrosa",36260000.0,203.0
The Good Stuff Company,Comercializador,desconocido,Galleteros,6,"Azúcar, Dextrosa",,
Weetabix,Comercializador,no_cliente,Cereales,6,Azúcar,,
Noel Alimentaria,Comercializador,no_cliente,Cárnico,6,"Azúcar, Dextrosa, Jarabe de glucosa",670000000.0,2242.0
Colussi,Comercializador,desconocido,Galleteros,6,"Azúcar, Azúcar Integral, Jarabe de fructosa, Jarabe de glucosa, Jarabe de glucosa y fructosa, Jarabe de maltitol",,
"MOCHI LUXURY, S.L.",Fabricante,desconocido,Helados,6,Sorbitol,,
Valsoia,Comercializador,no_cliente,"Alternativas a lácteos, Panadería",6,"Azúcar, Jarabe de fructosa, Jarabe de glucosa, Jarabe de glucosa y fructosa",,
La Tahona De Utiel,Fabricante,desconocido,"Bollería, Panadería",6,"Azúcar, Azúcar Líquido Invertido, Dextrosa, Jarabe de fructosa, Jarabe de glucosa y fructosa, Jarabe de sorbitol, Sorbitol",,
SANCHIS MIRA S.A.,Fabricante,desconocido,"Chocolate, Galleteros",6,"Maltitol, Miel pura de abejas, Sorbitol",,
Vilniaus Pergale,Comercializador,desconocido,Chocolate,6,"Azúcar, Caramelo natural, Jarabe de fructosa, Jarabe de glucosa, Jarabe de glucosa y fructosa",,
Balconi,Comercializador,no_cliente,"Bollería, Galleteros",6,"Azúcar, Jarabe de fructosa, Jarabe de glucosa, Jarabe de glucosa y fructosa",,
Koro Handels,Comercializador,no_cliente,"Chocolate, Barritas y bebidas deportivas, Cereales, Galleteros",6,"Azúcar, Azúcar Integral",,
Productos La Fea,Comercializador,desconocido,"Turrón, Bollería",6,"Azúcar, Caramelo natural, Dextrosa, Miel pura de abejas",,
Condiment,Comercializador,desconocido,Turrón,5,"Azúcar, Jarabe de fructosa, Jarabe de glucosa, Jarabe de glucosa y fructosa, Miel pura de abejas, Sorbitol",,
Crown Confectionery,Comercializador,no_cliente,Barritas y bebidas deportivas,5,Fructosa,,
Feastables,Comercializador,no_cliente,Chocolate,5,Azúcar,,
Farmo,Comercializador,no_cliente,"Bollería, Panadería, Galleteros",5,"Azúcar, Azúcar Integral, Dextrosa, Jarabe de glucosa, Sorbitol",,
Gourmet Cazorla,Fabricante,no_cliente,"Salsas y aderezos, Quesos",5,"Azúcar, Dextrosa, Miel pura de abejas",4000000.0,37.0
Lago Group,Fabricante,desconocido,Galleteros,5,"Azúcar, Jarabe de glucosa",,
Desarrollo De Marcas,Fabricante,desconocido,Turrón,5,"Azúcar, Jarabe de glucosa, Maltitol, Miel pura de abejas, Sorbitol",,
Coloma,Comercializador,desconocido,Turrón,5,"Azúcar, Fructosa, Jarabe de glucosa",,
"Fábrica Jaén, S.L.U",Fabricante,desconocido,Galleteros,5,Maltitol,,
Campofrio Food Group S.A.,Fabricante,desconocido,"Cárnico, Platos preparados",5,"Miel pura de abejas, Sorbitol",,
R G S E A A,Fabricante,desconocido,"Salsas y aderezos, Conservas vegetales",5,Azúcar,,
Pastisart Iberia,Fabricante,desconocido,Bollería,5,"Azúcar, Azúcar Integral, Azúcar Líquido Invertido, Jarabe de fructosa, Jarabe de glucosa y fructosa, Miel pura de abejas, Sorbitol",,
Industria De Alimentos Dos En Uno,Fabricante,desconocido,"Golosinas, Chocolate",5,"Azúcar, Jarabe de fructosa, Jarabe de glucosa, Sorbitol",,
Compre Y Compare,Comercializador,no_cliente,"Salsas y aderezos, Conservas vegetales",5,"Azúcar, Jarabe de fructosa, Jarabe de glucosa y fructosa",210000000.0,721.0
Kam,Comercializador,no_cliente,Salsas y aderezos,5,Azúcar,,
Sarteneja Conservas,Comercializador,no_cliente,"Salsas y aderezos, Mermeladas y confituras",5,"Azúcar, Azúcar Integral",,
Iberica De Jamones,Comercializador,desconocido,Cárnico,5,"Azúcar, Dextrosa",,
Heineken Espana,Fabricante,no_cliente,Cervezas,5,Azúcar,1040000000.0,1392.0
Eurial Ultra Frais,Fabricante,no_cliente,"Lácteos, yogures y postres lácteos, Pastelería, Quesos",5,"Azúcar, Caramelo natural, Fructosa, Jarabe de fructosa, Jarabe de glucosa, Jarabe de glucosa y fructosa",,
Choco Moment,Comercializador,desconocido,Chocolate,5,"Azúcar, Dextrosa, Jarabe de glucosa",,
"IDILIA FOODS, S.L.U.",Fabricante,desconocido,Chocolate,5,Maltitol,,
Casa Tarradellas,Fabricante,no_cliente,Cárnico,5,"Azúcar, Dextrosa, Jarabe de glucosa",1600000000.0,750.0
Dumon Locamente Ricas,Comercializador,no_cliente,Galleteros,5,"Azúcar, Caramelo natural, Jarabe de maltitol",,
Pancracio Chocolates,Comercializador,desconocido,Chocolate,5,Azúcar,,
Elaborados Salinas,Comercializador,desconocido,Bollería,5,"Azúcar, Maltitol",,
Ragolds,Comercializador,desconocido,"Golosinas, Turrón",5,"Azúcar, Jarabe de fructosa, Jarabe de glucosa, Jarabe de glucosa y fructosa, Sorbitol",,
Alfred Ritter,Comercializador,no_cliente,Chocolate,5,"Azúcar, Jarabe de fructosa, Jarabe de glucosa y fructosa",,
Yome Wellness,Comercializador,no_cliente,Nutracéuticos,5,"Jarabe de maltitol, Sorbitol",,
Uriach,Comercializador,no_cliente,Nutracéuticos,5,"Azúcar, Caramelo natural, Fructosa, Jarabe de maltitol, Jarabe de sorbitol",,
Conservas El Cidacos,Comercializador,no_cliente,"Salsas y aderezos, Conservas vegetales",5,"Azúcar, Caramelo natural",530000000.0,958.0
Schweppes,Comercializador,no_cliente,Refrescos,5,Azúcar,,
Beautybears,Comercializador,no_cliente,Nutracéuticos,5,Jarabe de maltitol,,
Storck Iberica S.L.U.,Fabricante,desconocido,"Golosinas, Chocolate, Galleteros",5,"Jarabe de maltitol, Sorbitol",,
Zero Plus 4,Fabricante,desconocido,Pastelería,5,"Azúcar, Azúcar Integral, Jarabe de glucosa",,
Sarchio,Comercializador,no_cliente,"Frutos secos y snacks, Chocolate, Galleteros",5,"Azúcar, Azúcar Integral",,
"General Mills Ibérica, S.A.U",Fabricante,desconocido,"Chocolate, Cereales",5,Miel pura de abejas,,
Hamlet,Comercializador,no_cliente,Chocolate,5,"Azúcar, Caramelo natural, Jarabe de glucosa, Sorbitol",,
Codial,Comercializador,desconocido,"Pastelería, Galleteros",5,"Azúcar, Azúcar Integral",,
Ennstal Milch,Fabricante,no_cliente,Café,5,Azúcar,,
Riba Backwaren,Fabricante,no_cliente,Galleteros,5,"Azúcar, Jarabe de glucosa",,
Cyl Ibersnacks,Fabricante,no_cliente,Frutos secos y snacks,5,"Azúcar, Dextrosa, Jarabe de glucosa",98100000.0,450.0
Gunz Warenhandels,Comercializador,no_cliente,"Chocolate, Galleteros",5,"Azúcar, Caramelo natural, Jarabe de fructosa, Jarabe de glucosa, Jarabe de glucosa y fructosa, Sorbitol",,
"Girofibra, SL",Fabricante,desconocido,"Cereales, Galleteros",5,Maltitol,,
Biocop Productos Biologicos,Comercializador,no_cliente,Galleteros,5,"Azúcar, Azúcar Integral",23050000.0,49.0
Chocolate Organiko,Fabricante,no_cliente,"Chocolate, Galleteros",5,"Azúcar, Azúcar Integral",,
Unipasa,Comercializador,desconocido,"Bollería, Galleteros",5,"Azúcar, Azúcar Líquido Invertido, Jarabe de fructosa, Jarabe de glucosa y fructosa, Sorbitol",,
Crestas La Galeta,Fabricante,no_cliente,Helados,5,"Azúcar, Jarabe de fructosa, Jarabe de glucosa y fructosa, Maltitol",,
Lnplr,Fabricante,desconocido,"Lácteos, yogures y postres lácteos",5,Azúcar,,
Transgourmet,Comercializador,no_cliente,"Cárnico, Bollería, Galleteros",5,"Azúcar, Dextrosa, Jarabe de fructosa, Jarabe de glucosa y fructosa",1200000000.0,2800.0
Miterra Healthy S.L.,Fabricante,desconocido,"Cereales, Galleteros",5,"Maltitol, Miel pura de abejas",,
Selltinel,Fabricante,desconocido,"Cárnico, Helados, Platos preparados",5,"Dextrosa, Miel pura de abejas",,
Chocolates Torras S.A.,Fabricante,desconocido,Chocolate,5,Maltitol,,
Foodspring,Comercializador,no_cliente,Barritas y bebidas deportivas,5,"Caramelo natural, Fructooligosacaridos, Maltitol",,
Centros Comerciales Carrefour S.A,Fabricante,desconocido,"Cereales, Pastelería, Bollería",5,"Maltitol, Miel pura de abejas, Sorbitol",,
Centros Comerciales Carrefour,Fabricante,desconocido,"Suplementos deportivos, Miel, Galleteros",5,"Maltitol, Miel pura de abejas",,
"Lactiber León, S.L",Fabricante,desconocido,,4,Miel pura de abejas,,
Panaderia Milagros Diaz,Fabricante,no_cliente,Panadería,4,Azúcar,81030000.0,219.0
Wiha,Fabricante,desconocido,Chocolate,4,"Azúcar, Caramelo natural, Jarabe de glucosa",,
Biscuiterie Jules Destrooper,Fabricante,no_cliente,Galleteros,4,"Azúcar, Miel pura de abejas",,
MARS MULTISALES SPAIN S.L.,Fabricante,desconocido,Golosinas,4,"Maltitol, Sorbitol",,
Kambly,Fabricante,no_cliente,Galleteros,4,"Azúcar, Jarabe de glucosa, Miel pura de abejas",,
PENALVA ALIMENTACION S.A PARA CENTROS COMERCIALES CARREFOR S.A,Fabricante,desconocido,Helados,4,"Jarabe de maltitol, Miel pura de abejas, Sorbitol",,
Sara Foods And Confectionery,Comercializador,desconocido,Cereales,4,"Azúcar, Caramelo natural, Fructosa, Jarabe de glucosa, Miel pura de abejas",,
Dr. Schär España S.L.U.,Fabricante,desconocido,Bollería,4,Sorbitol,,
"Enervit Nutrition, S.L.U",Fabricante,desconocido,"Suplementos deportivos, Barritas y bebidas deportivas",4,"Maltitol, Sorbitol",,
Primo Mendoza,Fabricante,no_cliente,Miel,4,Miel pura de abejas,13350000.0,33.0
Postres lácteos Romar S.L.,Fabricante,desconocido,"Turrón, Pastelería",4,"Jarabe de maltitol, Miel pura de abejas, Sorbitol",,
"Froneri Iberia, S.L.",Fabricante,desconocido,Helados,4,"Jarabe de maltitol, Miel pura de abejas",,
Fleurance Nature,Comercializador,no_cliente,Nutracéuticos,4,"Jarabe de sorbitol, Maltitol",,
Bon Preu,Comercializador,no_cliente,Frutos secos y snacks,4,"Azúcar, Azúcar Integral",2611500000.0,11868.0
Bee And Cee Foods,Comercializador,no_cliente,Salsas y aderezos,4,"Azúcar, Azúcar Líquido Invertido, Dextrosa, Jarabe de glucosa",,
Acrimont Foods,Fabricante,no_cliente,"Turrón, Bollería",4,"Azúcar, Jarabe de maltitol, Maltitol, Sorbitol",,
Borges,Comercializador,no_cliente,Frutos secos y snacks,4,"Azúcar, Jarabe de glucosa, Miel pura de abejas",,
Pop It Gourmet,Comercializador,no_cliente,Frutos secos y snacks,4,"Azúcar, Jarabe de fructosa, Jarabe de glucosa y fructosa",,
"Nestlé España, S.A",Fabricante,desconocido,"Chocolate, Barritas y bebidas deportivas, Cereales",4,"Jarabe de maltitol, Miel pura de abejas",,
Bolton Cile,Fabricante,no_cliente,Salsas y aderezos,4,"Jarabe de fructosa, Jarabe de glucosa y fructosa, Miel pura de abejas",115000000.0,140.0
Cacaolat,Comercializador,no_cliente,"Alternativas a lácteos, Bollería, Café",4,"Azúcar, Jarabe de fructosa, Jarabe de glucosa y fructosa",110000000.0,194.0
"Risi, S.A.",Fabricante,desconocido,"Frutos secos y snacks, Golosinas, Chocolate, Galleteros",4,"Jarabe de maltitol, Maltitol, Miel pura de abejas, Sorbitol",,
Balocco,Fabricante,no_cliente,Galleteros,4,"Azúcar, Azúcar Integral, Jarabe de glucosa, Jarabe de maltitol, Miel pura de abejas",,
Nutriexperience,Comercializador,no_cliente,"Golosinas, Barritas y bebidas deportivas",4,"Azúcar, Jarabe de fructosa, Jarabe de glucosa, Jarabe de maltitol, Jarabe de sorbitol, Maltitol",,
Industrial Pastelera San Narciso,Comercializador,desconocido,Bollería,4,"Azúcar, Jarabe de fructosa, Jarabe de glucosa y fructosa, Sorbitol",,
Covalco,Comercializador,no_cliente,"Salsas y aderezos, Alternativas a lácteos, Mermeladas y confituras, Conservas vegetales",4,"Azúcar, Jarabe de fructosa, Jarabe de glucosa y fructosa",940000000.0,3050.0
"NESTLÉ ESPAÑA, S.A.",Fabricante,desconocido,Cereales,4,Jarabe de maltitol,,
General Mills France SAS,Fabricante,desconocido,Helados,4,Caramelo natural,,
"CANDYCHOC, S.A.",Fabricante,desconocido,Golosinas,4,"Dextrosa, Sorbitol",,
Magdalenas Lazaro,Fabricante,no_cliente,Bollería,4,"Azúcar, Azúcar Líquido Invertido, Jarabe de glucosa, Sorbitol",31000000.0,84.0
Vitamin Well Spain,Fabricante,desconocido,"Suplementos deportivos, Barritas y bebidas deportivas",4,Maltitol,,
"Arluy, S.L.U.",Fabricante,desconocido,"Chocolate, Galleteros",4,Miel pura de abejas,,
Carlafex,Comercializador,desconocido,Cárnico,4,"Azúcar, Dextrosa",,
Europraline,Comercializador,no_cliente,"Chocolate, Galleteros",4,"Azúcar, Caramelo natural, Jarabe de fructosa, Jarabe de glucosa, Jarabe de glucosa y fructosa",85000000.0,155.0
Barcelonia Vegan,Comercializador,desconocido,Galleteros,4,"Azúcar, Azúcar Integral",,
"Primo Mendoza, S.L.",Fabricante,desconocido,Miel,4,Miel pura de abejas,,
Agroserc,Comercializador,no_cliente,"Frutos secos y snacks, Chocolate",4,"Azúcar, Jarabe de glucosa, Miel pura de abejas",80000000.0,110.0
Action,Comercializador,no_cliente,"Salsas y aderezos, Bollería",4,"Azúcar, Azúcar Integral, Azúcar Líquido Invertido, Jarabe de fructosa, Jarabe de glucosa, Jarabe de glucosa y fructosa, Melaza de caña",,
Frutos Secos Auro,Comercializador,no_cliente,"Frutos secos y snacks, Chocolate",4,"Azúcar, Jarabe de glucosa",,
"Ferrero Ibérica, S.A.",Fabricante,desconocido,"Chocolate, Galleteros",4,Miel pura de abejas,,
Valio,Fabricante,no_cliente,"Barritas y bebidas deportivas, Pastelería",4,"Azúcar, Caramelo natural",,
Boadas 1880,Comercializador,no_cliente,Cárnico,4,"Azúcar, Dextrosa",126720000.0,213.0
Proceli,Comercializador,no_cliente,"Cereales, Panadería, Galleteros",4,"Azúcar, Azúcar Líquido Invertido",7500000.0,65.0
Neversecond Nutrition,Comercializador,no_cliente,Barritas y bebidas deportivas,4,Fructosa,,
Gold Nutrition,Comercializador,no_cliente,Barritas y bebidas deportivas,4,"Azúcar, Jarabe de fructosa, Jarabe de glucosa",1780000.0,5.0
Frutos Secos Medina,Fabricante,no_cliente,Frutos secos y snacks,4,"Azúcar, Dextrosa",80000000.0,200.0
Panacella Factory,Comercializador,no_cliente,"Salsas y aderezos, Chocolate, Barritas y bebidas deportivas",4,"Azúcar, Caramelo natural, Maltitol",,
Eat Easy,Comercializador,no_cliente,Refrescos,4,Azúcar,,
Mieles Anta S.L.,Fabricante,desconocido,Miel,4,Miel pura de abejas,,
"El Corte Inglés, S.A. Hermosilla, 112 ?",Fabricante,desconocido,Turrón,4,"Jarabe de maltitol, Miel pura de abejas, Sorbitol",,
"Alimentación Varma, S.L.",Fabricante,desconocido,"Chocolate, Galleteros",4,Miel pura de abejas,,
Sweets And Sugar,Fabricante,desconocido,"Golosinas, Turrón",4,"Azúcar, Jarabe de glucosa, Jarabe de maltitol, Miel pura de abejas",,
Recuits De Lemporda,Comercializador,no_cliente,Pastelería,4,"Azúcar, Caramelo natural, Jarabe de fructosa, Jarabe de glucosa, Jarabe de glucosa y fructosa",,
Industrias Carnicas Villar,Fabricante,no_cliente,Cárnico,4,Azúcar,72300000.0,255.0
International Vitamin Corporation,Comercializador,desconocido,"Turrón, Chocolate, Galleteros",4,"Azúcar, Azúcar Líquido Invertido",,
Borges Branded Foods S.L.U.,Fabricante,desconocido,Turrón,4,"Maltitol, Sorbitol",,
Weetabix,Fabricante,no_cliente,Cereales,4,"Azúcar, Azúcar Líquido Invertido",24500000.0,6.0
Grup D Alimentacio Ecologica,Comercializador,no_cliente,Cereales,4,"Azúcar, Azúcar Integral, Jarabe de glucosa, Maltitol",,
Pellialiments,Comercializador,desconocido,Conservas vegetales,4,Azúcar,,
Banketbakkerij Merba,Fabricante,no_cliente,Galleteros,4,"Azúcar, Caramelo natural, Jarabe de fructosa, Jarabe de glucosa, Jarabe de glucosa y fructosa",,
JACOBS DOUWE EGBERTS B.V.,Fabricante,desconocido,,4,Miel pura de abejas,,
Nico Jamones,Fabricante,no_cliente,Cárnico,3,"Azúcar, Dextrosa",49070000.0,92.0
Moreno Ruiz Hnos,Fabricante,desconocido,Barritas y bebidas deportivas,3,"Fructooligosacaridos, Jarabe de maltitol, Jarabe de sorbitol, Maltitol",,
Hershey,Fabricante,no_cliente,Chocolate,3,"Azúcar, Jarabe de glucosa, Jarabe de glucosa y fructosa, Sorbitol",,
Candyfresh,Comercializador,no_cliente,Refrescos,3,Azúcar,,
Nudisco,Comercializador,no_cliente,"Miel, Conservas vegetales",3,"Azúcar, Miel pura de abejas",168000000.0,30.0
Fundacion Apai,Comercializador,desconocido,Bollería,3,"Azúcar, Dextrosa, Jarabe de glucosa",,
Brioche Pasquier,Comercializador,no_cliente,Panadería,3,Azúcar,,
Aguas Danone,Comercializador,no_cliente,Refrescos,3,Azúcar,910000000.0,1400.0
Semo,Comercializador,desconocido,Refrescos,3,"Azúcar, Caramelo natural",,
Pladis,Comercializador,no_cliente,Galleteros,3,"Azúcar, Jarabe de fructosa, Jarabe de glucosa y fructosa",,
G7,Comercializador,desconocido,Helados,3,Azúcar,,
Gallega De Distribuidores De Alimentacion,Comercializador,desconocido,Bollería,3,"Azúcar, Azúcar Líquido Invertido, Jarabe de fructosa, Jarabe de glucosa y fructosa, Sorbitol",,
H And J Brueggen,Fabricante,no_cliente,Cereales,3,"Azúcar, Jarabe de fructosa, Jarabe de glucosa, Jarabe de glucosa y fructosa, Miel pura de abejas",,
Namyang Dairy,Fabricante,no_cliente,Refrescos,3,"Azúcar, Fructosa, Jarabe de glucosa",,
Pln Distribucion,Comercializador,no_cliente,"Lácteos, yogures y postres lácteos",3,"Azúcar, Azúcar Integral",202390000.0,39.0
Nutriops,Comercializador,no_cliente,"Salsas y aderezos, Alternativas a lácteos",3,"Azúcar, Azúcar Integral",,
Antiu Xixona,Fabricante,no_cliente,"Chocolate, Turrón",3,"Azúcar, Jarabe de fructosa, Jarabe de glucosa y fructosa, Miel pura de abejas, Sorbitol",132000000.0,230.0
Andros,Comercializador,no_cliente,"Bollería, Conservas vegetales, Galleteros",3,"Azúcar, Azúcar Líquido Invertido",,
Vega Baja Foods,Comercializador,no_cliente,"Salsas y aderezos, Conservas vegetales",3,Azúcar,,
Mamachris Petfood,Comercializador,desconocido,Galleteros,3,Azúcar,,
Dulcestepa,Fabricante,no_cliente,"Golosinas, Bollería",3,"Azúcar, Azúcar Líquido Invertido, Jarabe de fructosa, Jarabe de glucosa y fructosa",4099999.0,47.0
Lactalis Puleva,Comercializador,no_cliente,"Alternativas a lácteos, Café",3,"Azúcar, Caramelo natural",,
faes farma,Fabricante,desconocido,Nutracéuticos,3,Jarabe de maltitol,,
Arla,Comercializador,no_cliente,"Café, Quesos",3,Azúcar,145000000.0,20.0
FRIT RAVICH S.L.,Fabricante,desconocido,"Frutos secos y snacks, Conservas vegetales",3,"Jarabe de sorbitol, Miel pura de abejas",,
Pinzgau Milch Produktions,Fabricante,desconocido,Café,3,Azúcar,,
Union Mels,Fabricante,desconocido,"Bollería, Galleteros",3,Azúcar,,
Il Vecchio Forno,Fabricante,desconocido,Bollería,3,"Azúcar, Jarabe de fructosa, Jarabe de glucosa, Jarabe de glucosa y fructosa",,
B Healthy,Comercializador,desconocido,"Chocolate, Galleteros",3,"Azúcar, Caramelo natural, Jarabe de maltitol, Maltitol",,
Boortmalt,Comercializador,no_cliente,Frutos secos y snacks,3,"Azúcar, Dextrosa",,
Ángel Camacho Alimentación S.L.,Fabricante,desconocido,Mermeladas y confituras,3,Jarabe de maltitol,,
Walkers Shortbread,Comercializador,no_cliente,Galleteros,3,Azúcar,,
Bulk,Comercializador,no_cliente,"Nutracéuticos, Barritas y bebidas deportivas",3,"Azúcar, Azúcar Integral, Caramelo natural, Fructooligosacaridos, Jarabe de glucosa",,
Emb 01072D,Fabricante,desconocido,Galleteros,3,"Azúcar, Azúcar Integral, Dextrosa, Fructosa, Jarabe de glucosa",,
Froneri Ice Cream,Fabricante,no_cliente,Helados,3,"Azúcar, Caramelo natural, Jarabe de fructosa, Jarabe de glucosa, Jarabe de glucosa y fructosa, Miel pura de abejas",,
Kri Kri,Fabricante,no_cliente,"Lácteos, yogures y postres lácteos",3,Azúcar,,
Incom,Fabricante,desconocido,Helados,3,"Azúcar, Caramelo natural, Jarabe de fructosa, Jarabe de glucosa, Jarabe de glucosa y fructosa",,
Finca La Rosala,Fabricante,no_cliente,Frutos secos y snacks,3,"Azúcar, Azúcar Integral",,
Embutidos Goikoa,Comercializador,no_cliente,Cárnico,3,Dextrosa,,
Biotechusa,Comercializador,no_cliente,Barritas y bebidas deportivas,3,"Azúcar, Jarabe de glucosa, Maltitol",,
Frumesa,Fabricante,no_cliente,Frutos secos y snacks,3,"Azúcar, Azúcar Integral",210000000.0,145.0
Bombons Cudie,Comercializador,desconocido,Chocolate,3,Azúcar,,
Biscuits Galicia,Comercializador,desconocido,Galleteros,3,"Azúcar, Dextrosa",,
Comercial Masoliver S.A.U.,Fabricante,desconocido,Galleteros,3,"Miel pura de abejas, Sorbitol",,
Acrimont Food,Fabricante,no_cliente,Turrón,3,"Azúcar, Sorbitol",,
Al Andalus Delicatessen,Comercializador,desconocido,Mermeladas y confituras,3,Azúcar,,
Bonusan,Comercializador,no_cliente,Nutracéuticos,3,"Caramelo natural, Jarabe de glucosa, Sorbitol",,
Artesanos Queseros Palencia,Comercializador,desconocido,Quesos,3,"Azúcar, Azúcar Líquido Invertido, Jarabe de fructosa, Jarabe de glucosa, Jarabe de glucosa y fructosa, Miel pura de abejas",,
Mccain,Comercializador,no_cliente,Quesos,3,"Azúcar, Azúcar Líquido Invertido, Dextrosa, Jarabe de glucosa",,
Joaquim Alberti,Comercializador,desconocido,Cárnico,3,"Azúcar, Dextrosa, Jarabe de glucosa",,
Lindt & Sprüngli,Fabricante,desconocido,Chocolate,3,Maltitol,,
Dulcesol,Comercializador,no_cliente,Helados,3,"Azúcar, Fructooligosacaridos, Jarabe de glucosa, Jarabe de maltitol",,
Officetotal Food Brands,Comercializador,no_cliente,Galleteros,3,Azúcar,,
General Mills San Adrián SLU,Fabricante,desconocido,Cereales,3,Miel pura de abejas,,
Tostaderos Sol De Alba,Comercializador,no_cliente,Frutos secos y snacks,3,"Azúcar, Jarabe de glucosa",21460000.0,95.0
St Michel Biscuits,Fabricante,no_cliente,"Bollería, Galleteros",3,"Azúcar, Jarabe de glucosa",,
Supermarches Match,Comercializador,desconocido,Refrescos,3,Azúcar,,
Sia Baltic,Comercializador,desconocido,Cereales,3,"Azúcar, Caramelo natural, Jarabe de fructosa, Jarabe de glucosa y fructosa",,
Embutidos Y Jamones Espana E Hijos,Fabricante,no_cliente,Cárnico,3,"Azúcar, Dextrosa",72000000.0,175.0
Nanonen,Comercializador,no_cliente,Barritas y bebidas deportivas,3,"Azúcar, Fructosa, Jarabe de maltitol, Jarabe de sorbitol",,
Granja San Francisco,Comercializador,desconocido,"Bollería, Miel",3,"Azúcar, Jarabe de fructosa, Jarabe de glucosa y fructosa, Miel pura de abejas",,
Eurofrits,Fabricante,no_cliente,"Bollería, Quesos",3,Dextrosa,108000000.0,213.0
La Sirena,Comercializador,no_cliente,"Bollería, Helados",3,"Azúcar, Azúcar Líquido Invertido, Caramelo natural, Fructosa, Jarabe de fructosa, Jarabe de glucosa, Jarabe de glucosa y fructosa",178000000.0,1200.0
Safety Avant Farm,Comercializador,no_cliente,Nutracéuticos,3,"Azúcar, Jarabe de glucosa, Sorbitol",,
Trigorico,Comercializador,desconocido,Panadería,3,Azúcar,,
August Storck,Comercializador,no_cliente,"Chocolate, Galleteros",3,Azúcar,,
Quaker Oats Company,Comercializador,no_cliente,Cereales,3,"Azúcar, Fructooligosacaridos, Jarabe de glucosa, Miel pura de abejas",,
Industrias Confiteras Antequerana,Comercializador,no_cliente,"Bollería, Galleteros",3,"Azúcar, Jarabe de glucosa",,
"Calidad Pascual, SAU.",Fabricante,desconocido,Barritas y bebidas deportivas,3,"Jarabe de maltitol, Maltitol, Sorbitol",,
United Confectionary S.L,Fabricante,desconocido,Golosinas,3,Jarabe de maltitol,,
Vega Del Ebro,Comercializador,desconocido,"Salsas y aderezos, Conservas vegetales",3,"Azúcar, Jarabe de fructosa, Jarabe de glucosa y fructosa",,
Lekkerland,Comercializador,no_cliente,Refrescos,3,Azúcar,,
New York Bakery Company,Comercializador,no_cliente,Panadería,3,Azúcar,570000000.0,1835.0
Abafoods,Comercializador,no_cliente,"Alternativas a lácteos, Zumos y néctares",3,"Azúcar, Azúcar Integral",,
Besco Artesanos,Comercializador,desconocido,Mermeladas y confituras,3,Azúcar,,
Dessert Factory,Fabricante,desconocido,Pastelería,3,"Azúcar, Azúcar Líquido Invertido, Caramelo natural, Jarabe de glucosa, Miel pura de abejas",,
Abaceria Del Monasterio,Comercializador,no_cliente,"Salsas y aderezos, Lácteos, yogures y postres lácteos",3,Azúcar,,
Ba Sports Nutrition,Comercializador,no_cliente,Barritas y bebidas deportivas,3,Azúcar,,
Roencar,Fabricante,desconocido,Helados,3,"Azúcar, Dextrosa",,
Nestle Waters,Comercializador,no_cliente,Refrescos,3,Azúcar,,
Kikkoman,Comercializador,no_cliente,Salsas y aderezos,3,Azúcar,,
Bcf Conserverie De Fruits De Mer,Comercializador,desconocido,Refrescos,3,Azúcar,,
"Granovita, S.A.U",Fabricante,desconocido,Cereales,3,Miel pura de abejas,,
Mun Ferments,Fabricante,no_cliente,Refrescos,3,"Azúcar, Azúcar Integral",1800000.0,16.0
Bell Espana Alimentacion,Fabricante,no_cliente,Cárnico,3,Azúcar,149880000.0,311.0
Cacao Sampaka,Comercializador,no_cliente,"Chocolate, Turrón, Bollería",3,"Azúcar, Azúcar Líquido Invertido, Jarabe de glucosa, Miel pura de abejas",1560000.0,14.0
Galleros Artesanos De Rute,Comercializador,no_cliente,Chocolate,3,Azúcar,3000000.0,28.0
Zaphir,Comercializador,desconocido,Cárnico,3,"Dextrosa, Jarabe de glucosa",,
"El Corte Inglés. Hermosilla, 112 -",Fabricante,desconocido,Miel,3,Miel pura de abejas,,
Lidl Stiftung And Co,Fabricante,no_cliente,"Bollería, Galleteros",3,"Azúcar, Jarabe de fructosa, Jarabe de glucosa, Jarabe de glucosa y fructosa, Miel pura de abejas",,
DULCES Y CONSERVAS HELIOS S.A.,Fabricante,desconocido,Mermeladas y confituras,3,Maltitol,,
Lebros Roasteries,Fabricante,desconocido,Frutos secos y snacks,3,"Azúcar, Dextrosa",,
Max Protein,Comercializador,no_cliente,Salsas y aderezos,3,"Azúcar, Caramelo natural, Jarabe de fructosa, Jarabe de glucosa, Jarabe de glucosa y fructosa",,
Mitsuba,Comercializador,desconocido,Frutos secos y snacks,3,"Azúcar, Caramelo natural, Jarabe de glucosa",,
Azcaray,Comercializador,desconocido,"Pastelería, Bollería",3,"Azúcar, Caramelo natural, Jarabe de glucosa",,
The Coca-Cola Company,Fabricante,no_cliente,Barritas y bebidas deportivas,3,Azúcar,,
Snacks And Foods Barquellas,Comercializador,no_cliente,Frutos secos y snacks,3,"Azúcar, Azúcar Integral, Miel pura de abejas",,
Distribuciones Feliu,Comercializador,no_cliente,"Nutracéuticos, Barritas y bebidas deportivas",3,"Fructosa, Miel pura de abejas",,
Nutkao,Fabricante,no_cliente,Chocolate,3,"Azúcar, Jarabe de glucosa",,
V Candela Turrones,Comercializador,desconocido,Turrón,3,"Azúcar, Miel pura de abejas",,
Keurig Dr Pepper,Comercializador,no_cliente,Refrescos,3,Azúcar,,
Feiraco,Comercializador,no_cliente,"Lácteos, yogures y postres lácteos",3,Azúcar,,
Jouy And Co Sweets,Comercializador,no_cliente,Bollería,3,"Azúcar, Jarabe de fructosa, Jarabe de glucosa, Sorbitol",,
Bubblego,Comercializador,no_cliente,Refrescos,3,"Azúcar, Azúcar Líquido Invertido, Fructosa, Jarabe de glucosa",,
Industrias Rodriguez,Comercializador,no_cliente,"Bollería, Galleteros",3,"Azúcar, Maltitol",,
Emco,Comercializador,no_cliente,Cereales,3,"Azúcar, Azúcar Integral, Azúcar Líquido Invertido, Fructosa, Miel pura de abejas",,
Vipasana Bio,Comercializador,no_cliente,"Cereales, Galleteros",3,"Azúcar, Azúcar Integral, Jarabe de glucosa",,
Andros Granada,Comercializador,no_cliente,Pastelería,3,"Azúcar, Caramelo natural, Jarabe de maltitol, Maltitol",35000000.0,140.0
Reina Apicola Levantina,Fabricante,no_cliente,Miel,3,Miel pura de abejas,14000000.0,17.0
Caldos Del Norte,Fabricante,no_cliente,"Salsas y aderezos, Pastelería",3,"Azúcar, Caramelo natural, Jarabe de glucosa",17500000.0,30.0
Productos Rume,Comercializador,no_cliente,Bollería,3,Azúcar,,
Esteban Espuna,Comercializador,no_cliente,Cárnico,3,"Azúcar, Dextrosa",98700000.0,366.0
Top Single Service,Fabricante,desconocido,Salsas y aderezos,3,"Azúcar, Azúcar Integral",,
Pasteleria Mandul,Comercializador,no_cliente,Bollería,3,"Azúcar, Azúcar Líquido Invertido, Jarabe de fructosa, Jarabe de glucosa, Jarabe de glucosa y fructosa, Sorbitol",20000000.0,126.0
Kneipp,Comercializador,no_cliente,Nutracéuticos,3,"Azúcar, Jarabe de glucosa, Jarabe de maltitol, Jarabe de sorbitol",,
Galletas Gullón S.A. para Centros Comerciales Carrefour S.A.,Fabricante,desconocido,Galleteros,3,"Maltitol, Miel pura de abejas",,
Nutricer,Fabricante,desconocido,Cereales,3,"Azúcar, Fructosa",,
Productos La Fea,Fabricante,no_cliente,"Bollería, Galleteros",3,"Azúcar, Maltitol",,
Carnicas Serrano,Comercializador,no_cliente,Cárnico,3,"Azúcar, Dextrosa, Jarabe de glucosa, Sorbitol",,
Norte Extremena De Transformados Agricolas,Comercializador,no_cliente,"Chocolate, Galleteros",3,"Azúcar, Caramelo natural, Miel pura de abejas",,
Verbau,Fabricante,desconocido,Pastelería,3,Azúcar,,
Panaderias Milagros Diaz,Fabricante,no_cliente,Panadería,3,Azúcar,81030000.0,219.0
Fa Crux,Fabricante,desconocido,"Chocolate, Galleteros",3,"Azúcar, Azúcar Líquido Invertido, Jarabe de fructosa, Jarabe de glucosa, Jarabe de glucosa y fructosa, Sorbitol",,
Casa Grande De Xanceda,Comercializador,no_cliente,"Lácteos, yogures y postres lácteos",3,"Azúcar, Azúcar Integral",16500000.0,
Weekontrol,Comercializador,no_cliente,Nutracéuticos,3,Fructosa,,
Andros Granada,Fabricante,no_cliente,Pastelería,3,"Azúcar, Caramelo natural, Jarabe de glucosa, Maltitol",35000000.0,140.0
"Fripozo, S.A.",Fabricante,desconocido,Platos preparados,3,"Miel pura de abejas, Sorbitol",,
Procell Sport Support,Comercializador,no_cliente,Barritas y bebidas deportivas,3,"Azúcar, Azúcar Líquido Invertido",,
Industrias Carnicas Tello,Comercializador,no_cliente,Cárnico,3,"Azúcar, Dextrosa, Sorbitol",410000000.0,1431.0
Hong Da Ma Foods,Fabricante,desconocido,Refrescos,2,"Azúcar, Fructosa",,
Quesos Sanabria,Fabricante,no_cliente,Quesos,2,Caramelo natural,50000000.0,125.0
Smb Gb International House,Comercializador,desconocido,"Bollería, Galleteros",2,Azúcar,,
Casa Ametller,Comercializador,no_cliente,"Cárnico, Cereales",2,"Azúcar, Azúcar Integral, Dextrosa",,
Xarcaiba,Comercializador,desconocido,Cárnico,2,Dextrosa,,
Blanxart,Fabricante,no_cliente,Chocolate,2,"Azúcar, Fructosa",7480000.0,26.0
Queseria Lafuente,Fabricante,no_cliente,Quesos,2,Azúcar,254500000.0,529.0
Jutro,Fabricante,desconocido,Salsas y aderezos,2,"Azúcar, Jarabe de glucosa",,
Montero Alimentacion,Fabricante,no_cliente,"Lácteos, yogures y postres lácteos, Pastelería",2,"Azúcar, Dextrosa, Jarabe de glucosa, Sorbitol",20000000.0,50.0
Productes Artesans Cal Enric,Fabricante,desconocido,Galleteros,2,Azúcar,,
"Chupa Chups, S.A.U",Fabricante,desconocido,Golosinas,2,Sorbitol,,
Cerealis,Comercializador,desconocido,Cereales,2,"Azúcar, Jarabe de fructosa, Jarabe de glucosa y fructosa, Miel pura de abejas",,
Galletas Tejedor,Fabricante,no_cliente,Galleteros,2,Maltitol,4500000.0,36.0
Mediterranean Foods,Fabricante,no_cliente,"Bollería, Galleteros",2,"Azúcar, Caramelo natural",4000000.0,51.0
Choc And Fruit,Comercializador,no_cliente,Chocolate,2,Azúcar,,
Risi,Comercializador,no_cliente,Galleteros,2,Azúcar,,
"Apisol,s.a",Fabricante,desconocido,Miel,2,Miel pura de abejas,,
Bagley,Comercializador,no_cliente,Galleteros,2,"Azúcar, Caramelo natural, Jarabe de glucosa",,
Ferrarini,Comercializador,desconocido,Cárnico,2,Azúcar,,
Nico Jamones,Comercializador,no_cliente,Cárnico,2,"Azúcar, Dextrosa",49070000.0,92.0
"MI LOLA GLUTEN FREE, S.L.",Fabricante,desconocido,Galleteros,2,Maltitol,,
"Pastisart Iberia, S.L.U.",Fabricante,desconocido,Bollería,2,Sorbitol,,
Chupa Chups,Fabricante,no_cliente,Golosinas,2,"Azúcar, Jarabe de glucosa",150000000.0,110.0
Delta Foods,Comercializador,desconocido,Café,2,Azúcar,,
Mills,Comercializador,no_cliente,Salsas y aderezos,2,Azúcar,,
Industrias Jijonencas,Fabricante,no_cliente,Helados,2,"Azúcar, Dextrosa, Jarabe de fructosa, Jarabe de glucosa y fructosa",21000000.0,74.0
Malagon Juan Hermanos,Fabricante,desconocido,Bollería,2,Azúcar,,
Foxs Biscuits,Comercializador,desconocido,Galleteros,2,"Azúcar, Azúcar Líquido Invertido, Jarabe de glucosa",,
"DULCINOVA FOODS, S.L.",Fabricante,desconocido,Bollería,2,Maltitol,,
Ab Inbev,Fabricante,no_cliente,Cervezas,2,Azúcar,,
Chef SAM,Fabricante,desconocido,Helados,2,Maltitol,,
Julian Martin,Comercializador,no_cliente,Cárnico,2,Azúcar,6120000.0,56.0
Crestas La Galeta,Comercializador,desconocido,Helados,2,"Azúcar, Jarabe de fructosa, Jarabe de glucosa y fructosa",,
Global Perkasa Jaya,Comercializador,desconocido,Salsas y aderezos,2,Azúcar,,
"Gourmet, S.A.",Fabricante,desconocido,Cárnico,2,Sorbitol,,
ARLUY SLU,Fabricante,desconocido,"Chocolate, Galleteros",2,Miel pura de abejas,,
Special Futures,Comercializador,desconocido,Refrescos,2,Azúcar,,
Vegetalia,Comercializador,no_cliente,Barritas y bebidas deportivas,2,"Azúcar, Azúcar Integral",15000000.0,95.0
Ckn,Comercializador,desconocido,Chocolate,2,"Azúcar, Caramelo natural",,
Eckes Granini,Fabricante,no_cliente,Zumos y néctares,2,Azúcar,56210000.0,75.0
Aperitivos Y Extrusionados,Fabricante,no_cliente,Frutos secos y snacks,2,Azúcar,190000000.0,850.0
Panaderia Milagros,Comercializador,no_cliente,Panadería,2,Azúcar,81030000.0,219.0
Noel Alimentaria S.A.U.,Fabricante,desconocido,Cárnico,2,Sorbitol,,
Confiteria San Cristobal,Fabricante,desconocido,Bollería,2,Azúcar,,
Bip,Comercializador,no_cliente,"Golosinas, Chocolate",2,"Azúcar, Jarabe de glucosa",6000000.0,3.0
Laboratorios Almond,Comercializador,no_cliente,Alternativas a lácteos,2,"Azúcar, Azúcar Integral",41510000.0,130.0
Yemas De Santa Teresa,Comercializador,no_cliente,"Frutos secos y snacks, Galleteros",2,Azúcar,13000000.0,94.0
Galbusera,Comercializador,desconocido,Galleteros,2,"Azúcar, Jarabe de fructosa, Jarabe de glucosa y fructosa",,
"La Flor Burgalesa, S.L",Fabricante,desconocido,Galleteros,2,Maltitol,,
"Andros Granada, SLU",Fabricante,desconocido,Pastelería,2,Jarabe de maltitol,,
Dietrich Borggreve Zwieback Und Keksfabrik,Fabricante,desconocido,Galleteros,2,Azúcar,,
"Cantalou, S.A.",Fabricante,desconocido,Golosinas,2,Jarabe de maltitol,,
La Societe La Biscuiterie De La Chapelle,Comercializador,desconocido,Galleteros,2,"Azúcar, Caramelo natural, Jarabe de fructosa, Jarabe de glucosa, Jarabe de glucosa y fructosa, Miel pura de abejas",,
Nutriexperience,Fabricante,desconocido,"Suplementos deportivos, Barritas y bebidas deportivas",2,"Jarabe de maltitol, Sorbitol",,
Chocolates Torras,Fabricante,no_cliente,Chocolate,2,Azúcar,23170000.0,59.0
Yupi Indo Jelly Gum,Comercializador,desconocido,"Golosinas, Turrón",2,"Azúcar, Jarabe de glucosa, Jarabe de sorbitol",,
Congelados De Navarra,Comercializador,no_cliente,Conservas vegetales,2,"Azúcar, Dextrosa",,
Il Mangiarsano,Fabricante,desconocido,Bollería,2,"Azúcar, Azúcar Integral, Jarabe de fructosa, Jarabe de glucosa y fructosa",,
N Rgseaa 29 00822,Fabricante,desconocido,Refrescos,2,Azúcar,,
Barilla,Fabricante,no_cliente,Salsas y aderezos,2,Azúcar,24000000.0,7.0
Ohso Nutrition,Comercializador,desconocido,Salsas y aderezos,2,"Azúcar, Jarabe de sorbitol",,
Makro,Comercializador,no_cliente,Conservas vegetales,2,Azúcar,1874770000.0,3944.0
Triballat Noyal,Comercializador,desconocido,Alternativas a lácteos,2,"Azúcar, Azúcar Integral",,
Spomet,Comercializador,desconocido,Galleteros,2,"Azúcar, Caramelo natural, Jarabe de glucosa",,
Dharma Foods,Comercializador,desconocido,Chocolate,2,Azúcar,,
"El Corte Inglés, S.A. Hermosilla 112 -",Fabricante,desconocido,Chocolate,2,Sorbitol,,
Sanpellegrino,Fabricante,no_cliente,Refrescos,2,Azúcar,,
LUDWIG SCHOKOLADE GMBH & CO.KG,Fabricante,desconocido,Chocolate,2,Sorbitol,,
Frio Food,Comercializador,desconocido,Salsas y aderezos,2,"Azúcar, Jarabe de fructosa",,
Giarola Savem,Comercializador,no_cliente,Vino y derivados del vino,2,Azúcar,,
Dispravia,Comercializador,desconocido,Bollería,2,"Azúcar, Dextrosa",,
Jelly Belly Candy,Comercializador,no_cliente,Turrón,2,"Azúcar, Jarabe de glucosa",,
Illycaffe,Comercializador,no_cliente,Café,2,Azúcar,25500000.0,30.0
Galprenova,Comercializador,desconocido,Bollería,2,"Azúcar, Jarabe de fructosa, Jarabe de glucosa, Jarabe de glucosa y fructosa",,
Emco,Fabricante,no_cliente,Cereales,2,"Azúcar, Azúcar Integral, Azúcar Líquido Invertido, Dextrosa, Fructosa, Sorbitol",,
Witors,Comercializador,no_cliente,"Chocolate, Galleteros",2,"Azúcar, Dextrosa, Jarabe de glucosa",,
Schnitzer,Comercializador,desconocido,Panadería,2,Dextrosa,,
"FINI GOLOSINAS ESPAÑA, S.L.U.",Fabricante,desconocido,Golosinas,2,Sorbitol,,
"Weider Nutrition, S.L.",Fabricante,desconocido,"Suplementos deportivos, Chocolate",2,Maltitol,,
Helados La Tercia,Fabricante,desconocido,Helados,2,"Azúcar, Dextrosa, Jarabe de fructosa, Jarabe de glucosa y fructosa, Miel pura de abejas",,
Bahlsen,Comercializador,no_cliente,Galleteros,2,"Azúcar, Azúcar Líquido Invertido, Jarabe de glucosa",,
Union Mels,Comercializador,desconocido,"Golosinas, Chocolate",2,"Azúcar, Jarabe de fructosa, Jarabe de glucosa y fructosa",,
Mon Desir,Fabricante,desconocido,Chocolate,2,Azúcar,,
Montesierra,Comercializador,no_cliente,Cárnico,2,"Azúcar, Dextrosa",,
Penalva,Fabricante,desconocido,Helados,2,"Azúcar, Jarabe de fructosa, Jarabe de glucosa y fructosa",,
Ferrero,Fabricante,no_cliente,Chocolate,2,Azúcar,376980000.0,206.0
La Flor Burgalesa,Comercializador,desconocido,Galleteros,2,"Azúcar, Caramelo natural",,
Impact Confections,Comercializador,desconocido,Golosinas,2,"Azúcar, Jarabe de glucosa",,
Magdalenas Lazaro,Comercializador,no_cliente,Bollería,2,"Azúcar, Azúcar Líquido Invertido, Jarabe de glucosa, Sorbitol",31000000.0,84.0
Link Snacks,Comercializador,desconocido,Cárnico,2,"Azúcar, Dextrosa",,
TALLER DE PINCHOS Y TAPAS SLU,Fabricante,desconocido,Platos preparados,2,Sorbitol,,
"Productos la Higuera, SL",Fabricante,desconocido,Chocolate,2,Sorbitol,,
"La Granja Foods 1959, S.L.",Fabricante,desconocido,Bollería,2,Sorbitol,,
"BIMBO DONUTS IBERIA, S.A.U.",Fabricante,desconocido,Pastelería,2,Sorbitol,,
Grupo Empresarial Palacios Alimentacion,Comercializador,no_cliente,"Turrón, Mermeladas y confituras",2,"Azúcar, Azúcar Líquido Invertido, Miel pura de abejas",,
Grupo Apex,Comercializador,desconocido,Frutos secos y snacks,2,"Azúcar, Fructosa, Jarabe de glucosa, Miel pura de abejas",,
Hojaldres Alonso,Comercializador,no_cliente,Bollería,2,"Azúcar, Jarabe de glucosa",,
Vega Pelayo,Fabricante,no_cliente,Bollería,2,"Azúcar, Jarabe de fructosa, Jarabe de glucosa y fructosa",10500000.0,47.0
Embutidos Farcedo,Comercializador,desconocido,Cárnico,2,Dextrosa,,
Comercial De Aperitivos La Madrilena,Comercializador,no_cliente,"Frutos secos y snacks, Cárnico",2,"Azúcar, Jarabe de glucosa, Miel pura de abejas",,
Grupo Idrapower,Comercializador,desconocido,"Cereales, Galleteros",2,"Azúcar, Azúcar Líquido Invertido, Caramelo natural, Jarabe de fructosa, Jarabe de glucosa, Jarabe de glucosa y fructosa",,
St Michel Biscuits,Comercializador,no_cliente,"Bollería, Galleteros",2,"Azúcar, Caramelo natural, Jarabe de glucosa",,
Agua Mineral San Benedetto,Comercializador,desconocido,Barritas y bebidas deportivas,2,"Azúcar, Dextrosa",,
Mag Job Verwaltung,Comercializador,no_cliente,Chocolate,2,"Azúcar, Azúcar Integral",,
Bb Chocolate Grup,Comercializador,desconocido,Chocolate,2,Azúcar,,
Mas Plus Next Generation Beverage,Comercializador,desconocido,Barritas y bebidas deportivas,2,Azúcar,,
"Galletas Gullón, S.A",Fabricante,desconocido,Galleteros,2,"Maltitol, Miel pura de abejas",,
Cloetta,Fabricante,no_cliente,Turrón,2,"Azúcar, Caramelo natural, Jarabe de glucosa",,
Luis Portillo Food And Events,Comercializador,desconocido,Pastelería,2,"Azúcar, Azúcar Integral",,
Jacobsens Bakery,Fabricante,no_cliente,Galleteros,2,"Azúcar, Azúcar Integral, Fructooligosacaridos",,
El Barranquillo,Fabricante,no_cliente,"Lácteos, yogures y postres lácteos",2,Azúcar,11000000.0,27.0
Sabores De Guijuelo,Fabricante,desconocido,Cárnico,2,"Azúcar, Dextrosa",,
Tago,Comercializador,no_cliente,Galleteros,2,"Azúcar, Caramelo natural",,
J Garcia Carrion,Comercializador,no_cliente,"Alternativas a lácteos, Refrescos",2,Azúcar,,
Naturalica Foods,Fabricante,desconocido,Chocolate,2,"Azúcar, Jarabe de glucosa",,
Coppenrath Feingeback,Fabricante,no_cliente,"Pastelería, Galleteros",2,"Azúcar, Fructooligosacaridos, Jarabe de fructosa, Jarabe de glucosa, Jarabe de glucosa y fructosa, Maltitol",,
Perfetti Van Melle,Fabricante,no_cliente,Golosinas,2,"Azúcar, Caramelo natural, Jarabe de glucosa, Jarabe de maltitol, Sorbitol",,
"Apisol, S.A.",Fabricante,desconocido,Miel,2,Miel pura de abejas,,
Audens Food,Comercializador,no_cliente,Quesos,2,Dextrosa,222000000.0,527.0
Palcarsa,Comercializador,no_cliente,Cárnico,2,"Azúcar, Jarabe de glucosa",17220000.0,62.0
PepsiCo Foods. A.I.E.,Fabricante,desconocido,Cereales,2,Miel pura de abejas,,
Via G Amendola,Fabricante,desconocido,Galleteros,2,"Azúcar, Azúcar Integral",,
Roger And Roger,Fabricante,desconocido,Frutos secos y snacks,2,Azúcar,,
Scientiffic Nutrition,Comercializador,no_cliente,Barritas y bebidas deportivas,2,Fructosa,,
Congrupo,Comercializador,desconocido,Cereales,2,Azúcar,,
Comercial Chocolates Lacasa S.A.,Fabricante,desconocido,Golosinas,2,Maltitol,,
Conservas El Cidacos,Fabricante,no_cliente,"Salsas y aderezos, Conservas vegetales",2,Azúcar,530000000.0,958.0
Stollwerck,Fabricante,no_cliente,Galleteros,2,Azúcar,,
The Fine Cheese Co.,Fabricante,desconocido,Panadería,2,Miel pura de abejas,,
Brasserie D Achouffee,Fabricante,no_cliente,Cervezas,2,"Azúcar, Azúcar Líquido Invertido",,
Day And Night,Fabricante,desconocido,Galleteros,2,Azúcar,,
Brewery Martens,Fabricante,no_cliente,Cervezas,2,Azúcar,,
Ponti,Comercializador,desconocido,Salsas y aderezos,2,Azúcar,,
Boulangerie Patisserie Jp Baeke,Comercializador,desconocido,Galleteros,2,"Azúcar, Azúcar Integral",,
"PANAMAR BAKERY GROUP, S.L.",Fabricante,desconocido,Panadería,2,Sorbitol,,
Azienda Agricola San Salvatore,Fabricante,desconocido,Pastelería,2,Azúcar,,
Mondelez Polska,Fabricante,desconocido,Galleteros,2,"Azúcar, Caramelo natural, Jarabe de fructosa, Jarabe de glucosa y fructosa",,
Marten Fleischwarenfabrik,Fabricante,desconocido,Cárnico,2,Dextrosa,,
Nuova Industria Biscotti Crich,Fabricante,no_cliente,Galleteros,2,"Azúcar, Dextrosa",,
Ezaki Glico,Comercializador,no_cliente,Galleteros,2,Azúcar,,
"Torrons Vicens, S.L.",Fabricante,desconocido,"Chocolate, Turrón",2,"Miel pura de abejas, Sorbitol",,
Bakery Donuts Iberia,Fabricante,desconocido,Bollería,2,"Maltitol, Sorbitol",,
Jacques Ijs,Fabricante,no_cliente,Helados,2,"Azúcar, Azúcar Líquido Invertido, Jarabe de fructosa, Jarabe de glucosa, Jarabe de glucosa y fructosa",,
Adriagel Italia,Fabricante,desconocido,Helados,2,"Fructooligosacaridos, Sorbitol",,
Glico Manufacturing,Fabricante,no_cliente,Galleteros,2,Azúcar,,
PEPSICO FOODS AIE,Fabricante,desconocido,Cereales,2,Miel pura de abejas,,
Almacenes Exito,Comercializador,desconocido,Salsas y aderezos,2,Azúcar,,
Galletas Polen,Comercializador,no_cliente,Galleteros,2,"Azúcar, Caramelo natural",,
Venus Biskuvi,Fabricante,desconocido,Frutos secos y snacks,2,Azúcar,,
Fleer,Fabricante,desconocido,Turrón,2,Azúcar,,
Quinta De Jugais,Fabricante,no_cliente,Mermeladas y confituras,2,Azúcar,,
Il Fornaio Del Casale,Comercializador,desconocido,Bollería,2,"Azúcar, Azúcar Líquido Invertido, Dextrosa",,
Froneri Iberia,Fabricante,no_cliente,Helados,2,"Azúcar, Jarabe de glucosa",,
Gedesco,Comercializador,no_cliente,"Bollería, Quesos",2,"Azúcar, Dextrosa",116100000.0,466.0
"Tia Rita, S.L.",Fabricante,desconocido,Platos preparados,2,Sorbitol,,
Mendes Goncalves,Fabricante,no_cliente,Salsas y aderezos,2,Azúcar,,
La Granja,Fabricante,desconocido,Bollería,2,"Azúcar, Azúcar Integral, Jarabe de fructosa, Jarabe de glucosa y fructosa, Sorbitol",,
Tradicional Panadera,Fabricante,no_cliente,Panadería,2,Azúcar,37370000.0,99.0
Mediterranean Foods,Comercializador,no_cliente,Galleteros,2,"Azúcar, Caramelo natural",4000000.0,51.0
Bonduelle,Comercializador,no_cliente,Conservas vegetales,2,Azúcar,,
Bolton Cile SA,Fabricante,desconocido,Salsas y aderezos,2,Miel pura de abejas,,
Oshee,Fabricante,no_cliente,Barritas y bebidas deportivas,2,Dextrosa,,
Alyan,Fabricante,desconocido,Chocolate,2,Azúcar,,
Fricodan,Comercializador,no_cliente,Salsas y aderezos,2,Azúcar,,
"Postres y Dulces Reina,S.L.",Fabricante,desconocido,Pastelería,2,"Jarabe de maltitol, Maltitol",,
Productos Naturales Capell,Fabricante,desconocido,Mermeladas y confituras,2,Fructosa,,
Henry Lambertz,Comercializador,no_cliente,Galleteros,2,"Azúcar, Azúcar Líquido Invertido, Caramelo natural, Jarabe de fructosa, Jarabe de glucosa, Jarabe de glucosa y fructosa",,
Chic Love Fashion Brand,Comercializador,desconocido,Nutracéuticos,2,"Caramelo natural, Jarabe de maltitol, Jarabe de sorbitol",,
Millano,Fabricante,desconocido,Chocolate,2,"Azúcar, Dextrosa",,
Oppo Brothers,Comercializador,desconocido,Helados,2,"Azúcar, Azúcar Líquido Invertido, Caramelo natural, Fructooligosacaridos, Jarabe de glucosa, Maltitol",,
Schudeisky,Comercializador,no_cliente,Conservas vegetales,2,Azúcar,,
Slush Puppie,Comercializador,desconocido,"Golosinas, Turrón",2,"Azúcar, Jarabe de glucosa, Sorbitol",,
Pharmadus Botanicals,Comercializador,no_cliente,Refrescos,2,Caramelo natural,,
Panales Del Sur,Comercializador,desconocido,Mermeladas y confituras,2,Azúcar,,
Cecinas Pablo,Comercializador,no_cliente,Cárnico,2,"Azúcar, Jarabe de glucosa",11000000.0,45.0
Distribuciones Y Representaciones Alimenticias,Comercializador,no_cliente,Conservas vegetales,2,Azúcar,,
Bakoma,Fabricante,no_cliente,"Lácteos, yogures y postres lácteos",2,"Azúcar, Dextrosa, Jarabe de glucosa, Miel pura de abejas",,
Eco Nuestra,Comercializador,no_cliente,"Cárnico, Mermeladas y confituras",2,"Azúcar, Sorbitol",,
Jamones Duriber,Comercializador,desconocido,Cárnico,2,Azúcar,,
Buleo Miel S.L.U,Fabricante,desconocido,Miel,2,Miel pura de abejas,,
Sibari Alimentacion De Apicio,Fabricante,no_cliente,Salsas y aderezos,2,"Azúcar, Fructosa",400000.0,4.0
Brasserie D Achouffe,Fabricante,no_cliente,Cervezas,2,"Azúcar, Jarabe de glucosa",,
Jamones Arroyo,Comercializador,no_cliente,Cárnico,2,"Azúcar, Dextrosa",,
Candychoc,Comercializador,desconocido,Golosinas,2,"Azúcar, Azúcar Líquido Invertido, Fructosa, Jarabe de fructosa, Jarabe de glucosa, Jarabe de glucosa y fructosa",,
The Bazooka Companies,Comercializador,desconocido,Golosinas,2,"Azúcar, Jarabe de fructosa, Jarabe de glucosa",,
Carnicas Catala,Comercializador,desconocido,Cárnico,2,"Azúcar, Dextrosa",,
Tierra Y Oro,Comercializador,no_cliente,Miel,2,Miel pura de abejas,,
"Taller de Pintxos y Tapas, S.LU.",Fabricante,desconocido,Platos preparados,2,Sorbitol,,
Alyan Food Production,Comercializador,desconocido,Chocolate,2,Azúcar,,
H West,Fabricante,desconocido,Cervezas,2,"Azúcar, Caramelo natural, Jarabe de glucosa",,
Rosquillas Ledesminas,Comercializador,desconocido,"Bollería, Galleteros",2,Azúcar,,
Arluy,Fabricante,desconocido,Galleteros,2,"Azúcar, Jarabe de fructosa, Jarabe de glucosa y fructosa, Miel pura de abejas",,
Iberfruta Muerza,Comercializador,desconocido,Mermeladas y confituras,2,"Azúcar, Azúcar Integral",,
Viru Iberica,Comercializador,no_cliente,Conservas vegetales,2,Azúcar,,
Aldous Bio,Comercializador,no_cliente,Nutracéuticos,2,"Azúcar, Jarabe de glucosa",22000000.0,20.0
Panzani,Fabricante,no_cliente,Salsas y aderezos,2,Azúcar,,
Sola De Antequera,Comercializador,desconocido,"Salsas y aderezos, Conservas vegetales",2,Azúcar,,
Alimentos Naturales,Comercializador,no_cliente,"Chocolate, Bollería",2,"Azúcar, Jarabe de fructosa, Jarabe de glucosa y fructosa, Jarabe de sorbitol",3000000.0,28.0
Grupo Nueva Dietetica,Comercializador,no_cliente,"Nutracéuticos, Panadería",2,"Azúcar, Jarabe de glucosa",,
Sagacor,Comercializador,no_cliente,Frutos secos y snacks,2,Azúcar,13800000.0,30.0
Grupo Alejandro Miguel,Comercializador,no_cliente,Cárnico,2,"Azúcar, Dextrosa",181480000.0,254.0
"El Pastoret de la Segarra, S.L.",Fabricante,desconocido,"Lácteos, yogures y postres lácteos",2,Miel pura de abejas,,
Natra Onati,Fabricante,no_cliente,Chocolate,2,"Azúcar, Jarabe de fructosa, Jarabe de glucosa y fructosa",141650000.0,370.0
Do It,Comercializador,desconocido,Quesos,2,Azúcar,,
Frumesa,Comercializador,no_cliente,Frutos secos y snacks,2,Azúcar,210000000.0,145.0
Amway,Comercializador,no_cliente,Nutracéuticos,2,"Dextrosa, Fructosa",,
Kelly Deli,Comercializador,desconocido,"Salsas y aderezos, Conservas vegetales",2,"Azúcar, Sorbitol",,
Arcor,Comercializador,no_cliente,"Turrón, Chocolate",2,"Azúcar, Jarabe de fructosa, Jarabe de glucosa",,
Fevertree,Comercializador,no_cliente,Refrescos,2,Azúcar,,
Santea Products,Comercializador,no_cliente,Galleteros,2,"Azúcar, Azúcar Integral",,
Belevels,Comercializador,no_cliente,"Nutracéuticos, Barritas y bebidas deportivas",2,"Fructosa, Sorbitol",18940000.0,27.0
Dug Foodtech,Comercializador,no_cliente,Alternativas a lácteos,2,Azúcar,,
Brompton House,Comercializador,desconocido,Bollería,2,"Azúcar, Jarabe de glucosa, Sorbitol",,
Crestas La Galeta S.A,Fabricante,desconocido,Helados,2,"Jarabe de maltitol, Sorbitol",,
Cvo International Nv,Fabricante,desconocido,Chocolate,2,Azúcar,,
Kombucha Republik,Comercializador,no_cliente,Refrescos,2,"Azúcar, Azúcar Integral",,
Eurospital,Comercializador,no_cliente,"Cereales, Galleteros",2,"Azúcar, Azúcar Líquido Invertido, Jarabe de glucosa",,
Industrias Carnicas D Fiallo,Comercializador,desconocido,Cárnico,2,"Azúcar, Dextrosa, Jarabe de glucosa",,
Gottskar Food,Fabricante,desconocido,Cereales,2,Glucósidos de esteviol (E-960a),,
Conservas Jorge Bujanda,Comercializador,desconocido,Conservas vegetales,2,Azúcar,,
Unilever España S.A.,Fabricante,desconocido,Helados,2,Miel pura de abejas,,
"Granja San Francisco, S.L.U.",Fabricante,desconocido,Miel,2,Miel pura de abejas,,
Mochi Luxury,Fabricante,desconocido,Helados,2,"Azúcar, Azúcar Líquido Invertido, Fructosa, Jarabe de glucosa, Sorbitol",,
Perfetti Van Melle S.p.A.,Fabricante,desconocido,Golosinas,2,Sorbitol,,
"Tierra y Oro, S.A.",Fabricante,desconocido,Miel,2,Miel pura de abejas,,
PUNTO GOFRE,Fabricante,desconocido,Bollería,2,Sorbitol,,
Bio Darma,Fabricante,desconocido,Galleteros,2,Azúcar,,
Precocinados Frisa,Fabricante,no_cliente,"Cárnico, Quesos",2,"Azúcar, Dextrosa",24340000.0,80.0
Sacesa Seleccion,Comercializador,no_cliente,Conservas vegetales,2,"Azúcar, Dextrosa",,
Hipercor,Comercializador,no_cliente,"Turrón, Bollería",2,"Azúcar, Jarabe de fructosa, Jarabe de glucosa y fructosa, Miel pura de abejas",904000000.0,5540.0
"BOSTON NUTRACEUTICAL SCIENCE, SL",Fabricante,desconocido,Nutracéuticos,2,Jarabe de maltitol,,
Pasteleria Mandul,Fabricante,no_cliente,Bollería,2,"Azúcar, Jarabe de fructosa, Jarabe de glucosa, Jarabe de glucosa y fructosa, Sorbitol",20000000.0,126.0
Rialto Industria Alimentar,Fabricante,desconocido,Panadería,2,Dextrosa,,
Socado,Fabricante,desconocido,Chocolate,2,"Azúcar, Dextrosa",,
Europe Snacks,Fabricante,no_cliente,Frutos secos y snacks,2,"Azúcar, Jarabe de glucosa",,
Pastisfred S.L.U,Fabricante,desconocido,Pastelería,2,Sorbitol,,
Obm Omira,Fabricante,desconocido,Pastelería,2,"Azúcar, Jarabe de glucosa",,
Torrons I Mel Alemany,Comercializador,no_cliente,"Turrón, Miel",2,"Azúcar, Miel pura de abejas",6500000.0,21.0
Dulces El Avión,Fabricante,desconocido,Golosinas,2,Miel pura de abejas,,
Dulymaz,Fabricante,desconocido,Turrón,2,"Azúcar, Caramelo natural, Jarabe de glucosa",,
Antiuxixona,Fabricante,no_cliente,Turrón,2,"Azúcar, Fructooligosacaridos, Fructosa, Jarabe de glucosa",132000000.0,230.0
"Codan, S.A",Fabricante,desconocido,Bollería,2,"Jarabe de sorbitol, Maltitol",,
Florette,Comercializador,no_cliente,Salsas y aderezos,2,"Azúcar, Caramelo natural, Fructosa, Miel pura de abejas",241190000.0,12.0
Reitzel,Comercializador,desconocido,Conservas vegetales,2,Azúcar,,
Mafresa El Iberico De Confianza,Comercializador,desconocido,Cárnico,2,"Azúcar, Dextrosa",,
Penalva Alimentación S.A. para Centros Comerciales Carrefour S.A,Fabricante,desconocido,Helados,1,Miel pura de abejas,,
Alka Trading Co,Fabricante,desconocido,Frutos secos y snacks,1,"Azúcar, Miel pura de abejas",,
"Dulcesa, S.L.U",Fabricante,desconocido,Bollería,1,Sorbitol,,
Fratelli Sacla,Comercializador,desconocido,Salsas y aderezos,1,Azúcar,,
Tradicional Panadera,Comercializador,no_cliente,Panadería,1,Azúcar,37370000.0,99.0
United Chocolates,Comercializador,no_cliente,Chocolate,1,"Azúcar, Caramelo natural, Jarabe de glucosa",,
Bio Darma,Comercializador,no_cliente,Galleteros,1,Azúcar,,
Kids,Comercializador,desconocido,Frutos secos y snacks,1,"Azúcar, Azúcar Integral",,
Delta Cafes,Comercializador,desconocido,Café,1,Azúcar,,
Embutidos La Hoguera,Fabricante,no_cliente,Cárnico,1,Azúcar,47500000.0,133.0
Oriental Industria Alimenticia,Fabricante,desconocido,Salsas y aderezos,1,Azúcar,,
El Corte Inglés,Comercializador,desconocido,Galleteros,1,Miel pura de abejas,,
Goldkenn,Comercializador,desconocido,Salsas y aderezos,1,"Azúcar, Azúcar Líquido Invertido, Dextrosa",,
Compesca,Comercializador,desconocido,Panadería,1,Azúcar,,
Spar,Comercializador,desconocido,Golosinas,1,"Azúcar, Jarabe de glucosa",,
"Dr. Schär España, S.L.U.",Fabricante,desconocido,Galleteros,1,Maltitol,,
Ricola,Fabricante,no_cliente,Golosinas,1,Caramelo natural,,
Brouwerij Van Steenberge,Fabricante,no_cliente,Cervezas,1,Azúcar,,
Greenyard Prepared,Fabricante,no_cliente,Salsas y aderezos,1,Azúcar,,
Les Maitres Laitiers Du Cotentin,Fabricante,desconocido,Quesos,1,Azúcar,,
Dulces del campo S.A.U:,Fabricante,desconocido,Bollería,1,Sorbitol,,
Centros comerciales Carrefour S.A.,Fabricante,desconocido,Salsas y aderezos,1,Miel pura de abejas,,
Productos Arenas,Fabricante,no_cliente,Bollería,1,"Azúcar, Jarabe de fructosa, Jarabe de glucosa y fructosa, Sorbitol",8980000.0,43.0
Sweet And Lucky,Fabricante,desconocido,Galleteros,1,"Azúcar, Jarabe de glucosa",,
Tartaros Gonzalo Castello,Fabricante,desconocido,Refrescos,1,Caramelo natural,,
Cebe Bonbon,Fabricante,desconocido,Golosinas,1,"Azúcar, Jarabe de glucosa, Miel pura de abejas",,
Mix Pak System,Fabricante,desconocido,Barritas y bebidas deportivas,1,"Jarabe de fructosa, Jarabe de glucosa y fructosa",,
Jermi Kasewerk,Fabricante,no_cliente,Quesos,1,Dextrosa,,
Guschlbauer,Fabricante,desconocido,Galleteros,1,"Azúcar, Jarabe de fructosa, Jarabe de glucosa, Jarabe de glucosa y fructosa, Sorbitol",,
Juver Alimentacion,Fabricante,no_cliente,Zumos y néctares,1,Azúcar,,
"Viuda Pifarre y Compañía, S.L.",Fabricante,desconocido,Golosinas,1,Miel pura de abejas,,
Agroalimentaria Musa,Comercializador,no_cliente,Nutracéuticos,1,"Maltitol, Sorbitol",,
Raul Asencio Pastelerias,Comercializador,no_cliente,Bollería,1,Azúcar,,
Aceitunas Karina,Comercializador,desconocido,Conservas vegetales,1,Azúcar,,
Mexma Food,Comercializador,desconocido,Panadería,1,Azúcar,,
Les Comtes De Provence,Comercializador,desconocido,Mermeladas y confituras,1,"Azúcar, Azúcar Integral",,
Fantasy Food Corporation,Comercializador,no_cliente,Chocolate,1,Azúcar,3000000.0,28.0
Centro Comerciales Carrefour S.A.,Fabricante,desconocido,Suplementos deportivos,1,"Jarabe de maltitol, Sorbitol",,
Ysco France,Fabricante,no_cliente,Helados,1,"Azúcar, Jarabe de glucosa",,
Grupo Haricaman Esencia Manchega,Fabricante,desconocido,Cereales,1,Azúcar,,
Carnicas Dfiallo,Fabricante,desconocido,Cárnico,1,Jarabe de glucosa,,
Chocolate And Nuts,Fabricante,desconocido,Chocolate,1,Azúcar,,
"Imperial - Produtos Alimentares, S.A.",Fabricante,desconocido,Chocolate,1,Maltitol,,
Grupo Conservas Garavilla,Comercializador,desconocido,Bollería,1,Azúcar,,
Red,Comercializador,no_cliente,Refrescos,1,Caramelo natural,170100000.0,424.0
Patisseries Gourmandes,Comercializador,desconocido,Bollería,1,Azúcar,,
Action Retail,Comercializador,desconocido,Chocolate,1,"Azúcar, Jarabe de glucosa",,
Costa Brava Mediterranean Foods,Comercializador,no_cliente,Cárnico,1,Dextrosa,1608410000.0,4252.0
Haudecoeur,Comercializador,desconocido,Golosinas,1,"Azúcar, Jarabe de glucosa",,
Horno virgen de los reyes S.L,Fabricante,desconocido,Bollería,1,Maltitol,,
Es 15.00195/Gu Ce,Fabricante,desconocido,"Lácteos, yogures y postres lácteos",1,Azúcar,,
Distribuciones Juan Luna,Fabricante,desconocido,Cárnico,1,"Azúcar, Jarabe de glucosa, Sorbitol",,
R.G.S.E.A.A,Fabricante,desconocido,Chocolate,1,"Azúcar, Jarabe de glucosa",,
Levlup,Comercializador,no_cliente,Barritas y bebidas deportivas,1,Azúcar,,
Novo Nutrition,Comercializador,desconocido,Galleteros,1,Azúcar,,
Planta Industrial De Guatemala,Comercializador,desconocido,Bollería,1,Azúcar,,
Kp Snacks,Comercializador,desconocido,Frutos secos y snacks,1,Azúcar,,
Joselin Sobaos Pasiegos Y Quesadas,Comercializador,desconocido,Galleteros,1,Azúcar,,
Granarolo,Comercializador,no_cliente,"Lácteos, yogures y postres lácteos",1,"Azúcar, Jarabe de glucosa",8000000.0,5.0
Sucesores De J Ponts,Comercializador,no_cliente,Cárnico,1,Azúcar,29110000.0,82.0
"Prowder Labs, SA; NIF: 509838456",Fabricante,desconocido,Suplementos deportivos,1,Maltitol,,
Ramapastryfood,Fabricante,desconocido,Galleteros,1,Azúcar,,
Panificadora De Alcala,Fabricante,no_cliente,Panadería,1,"Azúcar, Jarabe de glucosa",103390000.0,538.0
Mars Wrigley Confectionery,Fabricante,no_cliente,Chocolate,1,"Azúcar, Jarabe de glucosa",,
Enrique Garrigos Monerris,Fabricante,no_cliente,Turrón,1,"Azúcar, Fructooligosacaridos",9500000.0,45.0
Noem,Fabricante,desconocido,"Lácteos, yogures y postres lácteos",1,Azúcar,,
Frigorificos Industriales De Bierzo,Fabricante,no_cliente,Cárnico,1,"Azúcar, Dextrosa",28000000.0,109.0
Solo,Fabricante,desconocido,Bollería,1,"Azúcar, Jarabe de glucosa",,
Sweet Tec Gmbh,Fabricante,desconocido,Turrón,1,"Azúcar, Jarabe de glucosa",,
Prisca Alimentcao,Fabricante,desconocido,Conservas vegetales,1,"Azúcar, Caramelo natural",,
CEREALTO FOODS CORPORATE S.L.U.,Fabricante,desconocido,Cereales,1,Miel pura de abejas,,
"INÉS ROSALES, S.A.U.",Fabricante,desconocido,Bollería,1,Maltitol,,
Roler Espana,Comercializador,no_cliente,Cárnico,1,Dextrosa,55000000.0,175.0
Menken Drinks,Comercializador,no_cliente,Refrescos,1,"Azúcar, Caramelo natural, Jarabe de fructosa, Jarabe de glucosa y fructosa",,
Confiserie Van Damme,Comercializador,desconocido,Golosinas,1,"Azúcar, Jarabe de fructosa, Jarabe de glucosa y fructosa",,
Conservas Martiko,Comercializador,no_cliente,Cárnico,1,Dextrosa,68000000.0,231.0
Crepan,Comercializador,desconocido,Bollería,1,Azúcar,,
Uperform Nutrition,Comercializador,no_cliente,Nutracéuticos,1,"Caramelo natural, Sorbitol",,
Centros Comerciales Carrefour SA,Fabricante,desconocido,Miel,1,Miel pura de abejas,,
Fitspo Nutrition,Fabricante,desconocido,Barritas y bebidas deportivas,1,Maltitol,,
Heller And Strauss,Fabricante,desconocido,Golosinas,1,"Azúcar, Jarabe de glucosa",,
La Molisana,Fabricante,no_cliente,Salsas y aderezos,1,Azúcar,,
Milanowek,Fabricante,no_cliente,Turrón,1,"Azúcar, Jarabe de glucosa, Miel pura de abejas",,
Uniban,Fabricante,desconocido,Frutos secos y snacks,1,Azúcar,,
Doce Reina Sobremasas,Fabricante,no_cliente,Pastelería,1,Maltitol,,
Tft Food,Fabricante,desconocido,Galleteros,1,"Azúcar, Dextrosa",,
F.I.R.M.A. ITALIA SPA,Fabricante,desconocido,Platos preparados,1,Jarabe de glucosa,,
Packalia,Comercializador,desconocido,Salsas y aderezos,1,Azúcar,,
Pan Cota,Comercializador,desconocido,Panadería,1,Azúcar,,
Croky,Comercializador,desconocido,Frutos secos y snacks,1,"Azúcar, Dextrosa",,
Bioserum Laboratorios,Comercializador,no_cliente,Nutracéuticos,1,Fructosa,,
Fiesta S.A.,Fabricante,desconocido,Golosinas,1,Sorbitol,,
Zps Jamar Szczepaniak,Fabricante,desconocido,Pastelería,1,Azúcar,,
Dmk Eis,Fabricante,no_cliente,Helados,1,"Azúcar, Jarabe de fructosa, Jarabe de glucosa, Jarabe de glucosa y fructosa",,
Exclusivas La Cota,Fabricante,desconocido,Quesos,1,Azúcar,,
Gautschi Spezialitaten,Fabricante,desconocido,Salsas y aderezos,1,Azúcar,,
Tedesco Italia,Fabricante,desconocido,Bollería,1,"Azúcar, Azúcar Líquido Invertido",,
Hermanos Hernandez Gonzalez,Fabricante,no_cliente,Frutos secos y snacks,1,Azúcar,11530000.0,50.0
"Vega Pelayo, S.L.",Fabricante,desconocido,Bollería,1,Sorbitol,,
Malbi Foods,Comercializador,desconocido,Chocolate,1,Azúcar,,
Oh La France,Comercializador,desconocido,Bollería,1,Azúcar,,
Sweetkery,Comercializador,desconocido,Galleteros,1,Maltitol,,
Industrias Del Bierzo,Comercializador,desconocido,Salsas y aderezos,1,Azúcar,,
Cervesa Espiga,Comercializador,no_cliente,Cervezas,1,"Azúcar, Azúcar Integral",950000.0,9.0
Miterra Healthy,Comercializador,no_cliente,Cereales,1,"Azúcar, Miel pura de abejas",,
"Delykatt y Delice Bcn, S.L.",Fabricante,desconocido,Chocolate,1,"Miel pura de abejas, Sorbitol",,
"Lácteas García Baquero, S.A.",Fabricante,desconocido,Quesos,1,Miel pura de abejas,,
Malbi Foods,Fabricante,desconocido,Chocolate,1,Azúcar,,
Panes Ecologicos Del Sur,Fabricante,no_cliente,Bollería,1,"Azúcar, Azúcar Integral",900000.0,8.0
Hirones Pico,Fabricante,desconocido,Turrón,1,Azúcar,,
Conservas Hijos De Manuel Sanchez Basarte,Fabricante,no_cliente,Salsas y aderezos,1,Azúcar,41060000.0,146.0
Sc Dobrogea Biscuit Srl,Fabricante,desconocido,Galleteros,1,Azúcar,,
Mondelez Kinh Do Vietnam Joint Stock Company,Fabricante,desconocido,Galleteros,1,"Azúcar, Caramelo natural, Jarabe de fructosa, Jarabe de glucosa y fructosa",,
Develey Polska,Fabricante,no_cliente,Salsas y aderezos,1,Azúcar,,
Lacrem,Fabricante,no_cliente,Helados,1,"Azúcar, Jarabe de fructosa, Jarabe de glucosa, Jarabe de glucosa y fructosa",131000000.0,636.0
Grupo Edel Bio,Fabricante,desconocido,Bollería,1,"Azúcar, Sorbitol",,
Mark Anthony Brands,Comercializador,desconocido,Cervezas,1,Azúcar,,
Avinyo,Comercializador,desconocido,Cárnico,1,Azúcar,,
Splendid Foods,Comercializador,desconocido,Cárnico,1,Azúcar,,
Alma And Valor,Comercializador,no_cliente,Barritas y bebidas deportivas,1,Caramelo natural,,
Fattoria Casanova,Comercializador,no_cliente,Galleteros,1,"Azúcar, Miel pura de abejas",,
Abbot Kinneys,Comercializador,no_cliente,Alternativas a lácteos,1,"Azúcar, Azúcar Integral",,
Spomet,Fabricante,desconocido,Galleteros,1,"Azúcar, Azúcar Líquido Invertido, Jarabe de fructosa",,
Aceitunas Cazorla,Fabricante,no_cliente,Conservas vegetales,1,Azúcar,175000000.0,40.0
Goiko Gourmet,Comercializador,desconocido,Panadería,1,"Azúcar, Azúcar Líquido Invertido, Dextrosa",,
La Alegria Riojana,Comercializador,desconocido,Cárnico,1,"Azúcar, Dextrosa",,
Productos La Constancia,Comercializador,no_cliente,Conservas vegetales,1,Azúcar,,
Chacinerias Diaz,Comercializador,desconocido,Cárnico,1,"Azúcar, Dextrosa",,
Turrones Jose Garrigos,Comercializador,desconocido,Turrón,1,Azúcar,,
Conservas Manchegas Antonio,Comercializador,no_cliente,Conservas vegetales,1,Azúcar,5000000.0,33.0
Brasserie D Achouffe,Comercializador,desconocido,Cervezas,1,"Azúcar, Azúcar Líquido Invertido",,
CENTROS COMERCIALES CARREFOUR SA,Fabricante,desconocido,Mermeladas y confituras,1,Jarabe de maltitol,,
Florette Ibérica Alimentaria S.L.,Fabricante,desconocido,Platos preparados,1,Miel pura de abejas,,
"Mastrigo Bio Gourmet, S.L.",Fabricante,desconocido,Panadería,1,Miel pura de abejas,,
Horno Virgen De Los Reyes,Fabricante,desconocido,Panadería,1,"Azúcar, Azúcar Líquido Invertido",,
Duvel Moortgat,Fabricante,no_cliente,Cervezas,1,Jarabe de glucosa,2300000.0,11.0
Natra Bedene,Fabricante,desconocido,Chocolate,1,"Azúcar, Fructosa, Jarabe de glucosa, Miel pura de abejas, Sorbitol",,
Zero Plus 4 Srl,Fabricante,desconocido,Pastelería,1,Azúcar,,
Mid Dolciaria,Fabricante,desconocido,Bollería,1,"Azúcar, Jarabe de glucosa",,
Mira Y Llorens,Fabricante,no_cliente,Turrón,1,"Azúcar, Jarabe de fructosa, Jarabe de glucosa y fructosa, Miel pura de abejas",7500000.0,60.0
La Sagra,Fabricante,no_cliente,Cervezas,1,Miel pura de abejas,14000000.0,36.0
A.I.A.D.H.E.S.A.Helados Alacant,Fabricante,desconocido,Helados,1,Miel pura de abejas,,
Loading Group,Comercializador,desconocido,Barritas y bebidas deportivas,1,Jarabe de fructosa,,
Solen,Comercializador,no_cliente,Galleteros,1,Azúcar,,
Etna Confiserie,Comercializador,no_cliente,Chocolate,1,Azúcar,,
Longevitas Labs,Comercializador,no_cliente,Nutracéuticos,1,Jarabe de glucosa,,
Planet A Foods,Comercializador,desconocido,Chocolate,1,Azúcar,,
Gme Oliviero,Fabricante,desconocido,Chocolate,1,"Azúcar, Jarabe de glucosa",,
Borggreve,Fabricante,desconocido,Galleteros,1,Azúcar,,
Walkers Shortbread,Fabricante,no_cliente,Galleteros,1,Azúcar,,
Gold Kili Trading Enterprise,Fabricante,desconocido,Chocolate,1,"Azúcar, Azúcar Integral, Miel pura de abejas",,
Congelados De Navarra,Fabricante,no_cliente,Conservas vegetales,1,Azúcar,390000000.0,1400.0
Hermanos Juan Lopez,Comercializador,desconocido,Golosinas,1,"Azúcar, Jarabe de glucosa",,
Zed Candy,Comercializador,no_cliente,Golosinas,1,"Azúcar, Jarabe de glucosa",,
Concord Confections,Comercializador,no_cliente,Golosinas,1,"Azúcar, Jarabe de glucosa, Jarabe de sorbitol",9200000.0,88.0
Bm Food Manufacturers,Comercializador,no_cliente,Galleteros,1,Azúcar,4000000.0,51.0
Francesc Collell,Comercializador,no_cliente,Bollería,1,Azúcar,,
Torre De Nunez De Conturiz,Comercializador,no_cliente,Cárnico,1,"Azúcar, Dextrosa",45800000.0,
Carnes Y Vegetales,Comercializador,desconocido,Salsas y aderezos,1,Azúcar,,
Panaderia Artesana Obando,Comercializador,no_cliente,Panadería,1,Azúcar,11100000.0,105.0
Aperitivos Y Extrusionados,Comercializador,no_cliente,Frutos secos y snacks,1,Azúcar,,
Carlotena De Asados,Comercializador,no_cliente,Cárnico,1,Dextrosa,67310000.0,291.0
"Productos Dulcesol,S.L.U.",Fabricante,desconocido,Bollería,1,Sorbitol,,
COVACA SA,Fabricante,desconocido,Galleteros,1,Maltitol,,
Pw Spomet,Fabricante,desconocido,Galleteros,1,"Azúcar, Caramelo natural, Jarabe de glucosa",,
Maison Andresy,Fabricante,desconocido,Mermeladas y confituras,1,Azúcar,,
Emmi Dessert,Fabricante,desconocido,Pastelería,1,"Azúcar, Jarabe de glucosa",,
Lion,Fabricante,desconocido,Galleteros,1,"Azúcar, Dextrosa",,
Fdf Flensburger Drageefabrik,Fabricante,desconocido,Chocolate,1,"Azúcar, Azúcar Integral, Caramelo natural, Jarabe de glucosa",,
"PASTISFRED, S.L.U",Fabricante,desconocido,Pastelería,1,Sorbitol,,
"EUROGRANIZADOS, S.L",Fabricante,desconocido,Helados,1,Jarabe de maltitol,,
Cadbury,Comercializador,no_cliente,Golosinas,1,"Azúcar, Jarabe de glucosa",,
West,Comercializador,desconocido,Cervezas,1,Azúcar,,
Cerealto,Comercializador,desconocido,Galleteros,1,"Azúcar, Jarabe de glucosa",,
Roberto Industria Alimentare,Comercializador,no_cliente,Panadería,1,Azúcar,,
Aloloco S.L.,Fabricante,desconocido,Platos preparados,1,Sorbitol,,
Productos Mata,Fabricante,no_cliente,Bollería,1,Azúcar,4500000.0,30.0
Anitin Panes Especiales,Fabricante,desconocido,Panadería,1,Azúcar,,
Aceites Millas,Fabricante,no_cliente,Salsas y aderezos,1,"Azúcar, Jarabe de fructosa, Jarabe de glucosa y fructosa",43500000.0,100.0
Arla,Fabricante,no_cliente,Café,1,Azúcar,,
P And P Family Farm,Fabricante,desconocido,Refrescos,1,Azúcar,,
Productos Naturales de la Vega S.L.U,Fabricante,desconocido,Platos preparados,1,Sorbitol,,
Frigorificos Morales,Comercializador,no_cliente,Cárnico,1,Azúcar,,
Daniel Carpeno E Hijos,Comercializador,no_cliente,Panadería,1,Azúcar,,
Drasanvi,Comercializador,no_cliente,Barritas y bebidas deportivas,1,Sorbitol,35000000.0,140.0
Walkers Shortbread Limited,Fabricante,desconocido,Galleteros,1,Miel pura de abejas,,
"Envasado para El Corte Inglés por Pompadour Ibérica, S.A",Fabricante,desconocido,,1,Miel pura de abejas,,
: Centros Comerciales Carrefour SA,Fabricante,desconocido,Suplementos deportivos,1,Sorbitol,,
"VICKY FOODS PRODUCTS, S.L.U.",Fabricante,desconocido,Bollería,1,Sorbitol,,
"HERMANOS LÓPEZ LLORET, S.A.",Fabricante,desconocido,Chocolate,1,Maltitol,,
Cobodul,Fabricante,desconocido,Bollería,1,Azúcar,,
Noel Alimentaria,Fabricante,no_cliente,Cárnico,1,"Jarabe de glucosa, Sorbitol",670000000.0,2242.0
Nawarra Susswaren,Fabricante,desconocido,Galleteros,1,"Azúcar, Jarabe de fructosa, Jarabe de glucosa y fructosa, Sorbitol",,
Cervezas Monte Rei,Fabricante,desconocido,Cervezas,1,Azúcar,,
Bavaria And Cia,Fabricante,desconocido,Refrescos,1,Azúcar,,
Patatas Fritas Torres,Fabricante,no_cliente,Frutos secos y snacks,1,Azúcar,10900000.0,70.0
"Productos cárnicos de Manacor, SA (PROCAM)",Fabricante,desconocido,Cárnico,1,Miel pura de abejas,,
Zpc Flis,Comercializador,desconocido,Chocolate,1,Azúcar,,
Blanco Distribuciones,Comercializador,desconocido,Bollería,1,Azúcar,,
Iberfoods Premium,Comercializador,desconocido,Cárnico,1,Dextrosa,,
Remia,Fabricante,no_cliente,Salsas y aderezos,1,Azúcar,,
Esteban Espuna,Fabricante,no_cliente,Cárnico,1,Dextrosa,98700000.0,366.0
Seish,Fabricante,desconocido,Bollería,1,"Azúcar, Jarabe de fructosa, Jarabe de glucosa y fructosa, Miel pura de abejas",,
N.V Biscuiterie Thijs,Fabricante,desconocido,Bollería,1,"Azúcar, Azúcar Líquido Invertido, Sorbitol",,
Producido en Italia por SERRA INDUSTRIA DOLCIARIA S.R.L.,Fabricante,desconocido,Golosinas,1,Jarabe de maltitol,,
Productora Alimenticia General Espanola,Comercializador,no_cliente,Bollería,1,Azúcar,,
Pmb International,Comercializador,desconocido,Frutos secos y snacks,1,Azúcar,,
Coviran,Comercializador,no_cliente,Conservas vegetales,1,Azúcar,621100000.0,14830.0
Lago Group,Comercializador,no_cliente,Galleteros,1,"Azúcar, Jarabe de glucosa",,
Nt Food,Comercializador,desconocido,Panadería,1,Azúcar,,
"Melisterra Productos Naturales, S.L.U.",Fabricante,desconocido,Miel,1,Miel pura de abejas,,
Joaquim Alberti,Fabricante,no_cliente,Cárnico,1,"Azúcar, Jarabe de glucosa",109540000.0,380.0
Lacteos Yaranza,Fabricante,no_cliente,"Lácteos, yogures y postres lácteos",1,Azúcar,1780000.0,8.0
Chilera Tapatia,Fabricante,desconocido,Salsas y aderezos,1,Azúcar,,
Hijos De Rivera,Fabricante,no_cliente,Cervezas,1,Azúcar,945000000.0,2168.0
Hona Las Acacias,Fabricante,desconocido,Bollería,1,"Azúcar, Azúcar Líquido Invertido, Jarabe de fructosa, Jarabe de glucosa y fructosa",,
Lindt And Spruengli,Fabricante,no_cliente,Chocolate,1,Azúcar,,
Salumifici Granterre,Fabricante,desconocido,Cárnico,1,Dextrosa,,
Osverna,Comercializador,desconocido,Bollería,1,"Azúcar, Dextrosa, Sorbitol",,
Nawarra Susswaren,Comercializador,desconocido,Panadería,1,Azúcar,,
Productos Churruca,Comercializador,desconocido,Galleteros,1,Azúcar,,
Capital Foods International,Comercializador,desconocido,Galleteros,1,"Azúcar, Jarabe de glucosa, Miel pura de abejas",,
Alimentos Polar,Comercializador,desconocido,Salsas y aderezos,1,Azúcar,,
Panrico,Comercializador,desconocido,Bollería,1,"Azúcar, Jarabe de fructosa, Jarabe de glucosa y fructosa",,
"LA GRANJA FOODS 1959, S.L.",Fabricante,desconocido,Bollería,1,"Maltitol, Sorbitol",,
Italian Dough,Fabricante,desconocido,Bollería,1,Azúcar,,
Jamones Arroyo,Fabricante,no_cliente,Cárnico,1,Dextrosa,50000000.0,99.0
Biocentury S.L.U.,Fabricante,desconocido,Frutos secos y snacks,1,Maltitol,,
Estrella De Levante,Comercializador,no_cliente,Cervezas,1,"Jarabe de fructosa, Jarabe de glucosa y fructosa",,
Neules Artesanes Sant Tirs,Comercializador,no_cliente,Galleteros,1,"Azúcar, Azúcar Integral",,
Candy Can,Comercializador,desconocido,Refrescos,1,Azúcar,,
Biscuiterie La Mere Poulard,Comercializador,no_cliente,Galleteros,1,Azúcar,,
Productos Congelados Selectos 3000,Comercializador,desconocido,Quesos,1,Azúcar,,
Almendra y Miel SA,Fabricante,desconocido,Turrón,1,Miel pura de abejas,,
Froneri Ice Cream.,Fabricante,no_cliente,Helados,1,"Azúcar, Jarabe de glucosa",,
Cor Alimentacion,Fabricante,no_cliente,Cárnico,1,Dextrosa,23500000.0,
Emb 44212L,Fabricante,desconocido,Pastelería,1,Azúcar,,
Frigorificos Industriales Del Bierzo,Fabricante,no_cliente,Cárnico,1,Dextrosa,28000000.0,109.0
"Fabricado enProduzido em: IMPORTACO CASA PONS, S.A.U.",Fabricante,desconocido,Frutos secos y snacks,1,Miel pura de abejas,,
"Schreiber Foods España, S.L.",Fabricante,desconocido,"Lácteos, yogures y postres lácteos",1,Miel pura de abejas,,
LUDWIG SCHOKOLADE GmbH & Co. KG,Fabricante,desconocido,Chocolate,1,Sorbitol,,
Papas Argente,Comercializador,no_cliente,Frutos secos y snacks,1,Azúcar,9600000.0,25.0
Comercial Valquin,Comercializador,desconocido,Conservas vegetales,1,Azúcar,,
"The Fine Cheese, Co.",Fabricante,desconocido,Panadería,1,Miel pura de abejas,,
"Mars Multisales Spain, S.L.",Fabricante,desconocido,Golosinas,1,"Maltitol, Sorbitol",,
Hortamed,Fabricante,desconocido,Conservas vegetales,1,Dextrosa,,
Solo Italia,Fabricante,desconocido,Pastelería,1,"Azúcar, Azúcar Líquido Invertido, Caramelo natural, Jarabe de glucosa",,
Biscuit International,Fabricante,no_cliente,Galleteros,1,"Azúcar, Caramelo natural",,
Koro,Fabricante,no_cliente,Barritas y bebidas deportivas,1,"Fructooligosacaridos, Maltitol",,
Alimentos Tres G,Fabricante,desconocido,Quesos,1,"Azúcar, Azúcar Integral",,
Sammontana,Fabricante,no_cliente,Helados,1,"Azúcar, Jarabe de fructosa, Jarabe de glucosa, Jarabe de glucosa y fructosa",,
Rives Distillery,Comercializador,no_cliente,Licores,1,"Azúcar, Caramelo natural",26000000.0,46.0
Casa Flores Unimels,Comercializador,no_cliente,Cárnico,1,Jarabe de glucosa,,
Balocco,Comercializador,no_cliente,Galleteros,1,Jarabe de maltitol,,
Energy Beverages,Comercializador,desconocido,Refrescos,1,Azúcar,,
Tostados Y Fritos,Comercializador,no_cliente,Frutos secos y snacks,1,Azúcar,,
Adpan Europa,Comercializador,no_cliente,Bollería,1,Azúcar,2760000.0,23.0
Perfetti Van Melle S.p.A,Fabricante,desconocido,Golosinas,1,Sorbitol,,
Productos Santdul,Fabricante,desconocido,Bollería,1,"Azúcar, Sorbitol",,
Krueger,Fabricante,desconocido,Café,1,Azúcar,,
Elgorriaga,Fabricante,desconocido,Galleteros,1,"Azúcar, Jarabe de fructosa, Jarabe de glucosa y fructosa",,
Galetes Camprodon S.A,Fabricante,desconocido,Chocolate,1,Maltitol,,
Dulmatesa S.L.,Fabricante,desconocido,Bollería,1,Maltitol,,
Patatas Fatima,Comercializador,desconocido,Frutos secos y snacks,1,Azúcar,,
Conservas Tradicionales De Navarra,Comercializador,desconocido,Conservas vegetales,1,Azúcar,,
Primar Iberica,Comercializador,desconocido,Quesos,1,"Azúcar, Caramelo natural",,
Encarna Empresa Carnica Asociada,Comercializador,desconocido,Cárnico,1,Dextrosa,,
Pasteleria Reposteria Luna S.L,Fabricante,desconocido,Bollería,1,Sorbitol,,
"Trolli Ibérica, S.A.",Fabricante,desconocido,Golosinas,1,Sorbitol,,
Europralin Sl,Fabricante,no_cliente,Turrón,1,Azúcar,,
Mellow,Fabricante,desconocido,Pastelería,1,"Azúcar, Caramelo natural, Jarabe de glucosa",,
Lambone En Casa,Fabricante,desconocido,Bollería,1,"Azúcar, Jarabe de fructosa, Jarabe de glucosa y fructosa",,
Conservas El Cicados,Fabricante,desconocido,Salsas y aderezos,1,Azúcar,,
Camic Industries,Fabricante,desconocido,Cárnico,1,Dextrosa,,
La Tradicion,Fabricante,desconocido,Turrón,1,"Azúcar, Miel pura de abejas",,
Hellenic Dairies,Fabricante,no_cliente,"Lácteos, yogures y postres lácteos",1,Azúcar,,
Mendras Capo,Fabricante,desconocido,Frutos secos y snacks,1,"Azúcar, Miel pura de abejas",,
Nectina,Comercializador,no_cliente,Alternativas a lácteos,1,Azúcar,,
El Mesias,Comercializador,desconocido,Bollería,1,Azúcar,,
Mark Walker Drinks,Comercializador,desconocido,Galleteros,1,Azúcar,,
Sierrascoy,Comercializador,desconocido,Cárnico,1,Dextrosa,,
Vitamin Well,Comercializador,no_cliente,Barritas y bebidas deportivas,1,Maltitol,,
Bavaria,Comercializador,desconocido,Refrescos,1,"Azúcar, Caramelo natural",,
R S A,Fabricante,no_cliente,Salsas y aderezos,1,Azúcar,18750000.0,116.0
Grupo Haricaman,Fabricante,desconocido,Cereales,1,"Azúcar, Melaza de caña",,
Artelactico Caprino,Fabricante,desconocido,Quesos,1,"Azúcar, Jarabe de glucosa",,
Dino Corsini,Fabricante,desconocido,Bollería,1,"Azúcar, Caramelo natural, Jarabe de glucosa",,
Amanida,Fabricante,no_cliente,Conservas vegetales,1,Fructosa,,
L N P L R Guadalajara,Fabricante,desconocido,Pastelería,1,Azúcar,,
Dmk,Comercializador,no_cliente,Pastelería,1,"Azúcar, Jarabe de fructosa, Jarabe de glucosa y fructosa",12600000.0,2.0
Galletas Coral,Comercializador,desconocido,Galleteros,1,"Azúcar, Dextrosa, Miel pura de abejas",,
Hose Komerc,Comercializador,desconocido,Bollería,1,"Azúcar, Jarabe de fructosa, Jarabe de glucosa y fructosa, Sorbitol",,
Bolands,Comercializador,no_cliente,Galleteros,1,"Azúcar, Azúcar Líquido Invertido, Fructosa, Jarabe de glucosa",,
Emmi Dessert Italia,Comercializador,no_cliente,Bollería,1,"Azúcar, Jarabe de glucosa",,
Pham Nguyen,Comercializador,desconocido,Refrescos,1,Azúcar,,
Nutrition & Santé Iberia S.L.,Fabricante,desconocido,Galleteros,1,Maltitol,,
Feiraco,Fabricante,no_cliente,Alternativas a lácteos,1,Caramelo natural,,
Embutidos Canovas,Fabricante,no_cliente,Cárnico,1,"Azúcar, Dextrosa",,
Aceitunas Sarasa,Comercializador,desconocido,Conservas vegetales,1,Azúcar,,
Fonateneda,Comercializador,desconocido,Galleteros,1,Azúcar,,
Compania Oleicola Siglo,Comercializador,no_cliente,Galleteros,1,Azúcar,,
"Crestas La Galeta, S.A. Avda. Valdelaparra N°3",Fabricante,desconocido,Helados,1,Jarabe de maltitol,,
LNS TRADE,Fabricante,desconocido,Cereales,1,Miel pura de abejas,,
Tedesco Srl,Fabricante,desconocido,Bollería,1,"Azúcar, Jarabe de fructosa, Jarabe de glucosa, Jarabe de glucosa y fructosa",,
Lnplr Guadalajara,Fabricante,desconocido,"Lácteos, yogures y postres lácteos",1,Azúcar,,
Productos Manipulados Abellan,Fabricante,desconocido,Conservas vegetales,1,Azúcar,,
Delicia,Fabricante,desconocido,Galleteros,1,Azúcar,,
Euromadi,Fabricante,desconocido,Bollería,1,Azúcar,,
Ej Papadopoulos,Fabricante,no_cliente,Galleteros,1,"Azúcar, Caramelo natural, Fructosa, Jarabe de sorbitol",,
Grupo Ral,Comercializador,no_cliente,Bollería,1,"Azúcar, Jarabe de fructosa, Jarabe de glucosa, Jarabe de glucosa y fructosa",,
Distribuciones Juan Luna,Comercializador,desconocido,Quesos,1,"Azúcar, Fructosa",,
Lorena Bakery,Comercializador,no_cliente,Bollería,1,"Azúcar, Dextrosa",,
Industrias Alimentarias Navarra,Comercializador,no_cliente,Salsas y aderezos,1,Azúcar,279910000.0,940.0
La Newyorkina,Fabricante,desconocido,Cereales,1,Miel pura de abejas,,
SMB SAS,Fabricante,desconocido,Bollería,1,"Azúcar, Jarabe de glucosa",,
Productos Manzanares,Fabricante,no_cliente,Frutos secos y snacks,1,Azúcar,15200000.0,37.0
Lactalis,Fabricante,no_cliente,"Lácteos, yogures y postres lácteos",1,Azúcar,1705000000.0,2679.0
La Dolciaria Firenze,Fabricante,desconocido,Galleteros,1,"Azúcar, Miel pura de abejas",,
PASTISART IBERIA S.L.U.,Fabricante,desconocido,Bollería,1,Miel pura de abejas,,
Marin Montejano,Comercializador,desconocido,Conservas vegetales,1,Azúcar,,
Snackline Food Manufacturing,Comercializador,desconocido,Frutos secos y snacks,1,Azúcar,,
Juan Fornes Fornes,Comercializador,no_cliente,Salsas y aderezos,1,Azúcar,,
Waterdrop Microdrink,Comercializador,no_cliente,Refrescos,1,Caramelo natural,,
"Moreno Ruiz Hermanos, S.L.",Fabricante,desconocido,Suplementos deportivos,1,Jarabe de maltitol,,
Agricola Filiera Fusero,Fabricante,desconocido,Pastelería,1,"Azúcar, Dextrosa",,
Dulca,Fabricante,no_cliente,Bollería,1,Azúcar,42950000.0,225.0
Biscuit International Grabower,Fabricante,desconocido,Golosinas,1,"Azúcar, Jarabe de fructosa, Jarabe de glucosa y fructosa",,
"Martínez y Cantó, S.L.",Fabricante,desconocido,,1,Miel pura de abejas,,
Iberlinares,Comercializador,desconocido,Cárnico,1,Jarabe de glucosa,,
Hijos De Rivera,Comercializador,no_cliente,Licores,1,Azúcar,,
Tecnicas De Elaboracion De Salsas,Comercializador,desconocido,Salsas y aderezos,1,Azúcar,,
Jordan Cereals,Comercializador,desconocido,Cereales,1,Azúcar,,
Artisan Biscuits,Fabricante,desconocido,Panadería,1,Miel pura de abejas,,
Mondelez Polska Production,Fabricante,desconocido,Galleteros,1,Azúcar,,
Arla Foods,Fabricante,no_cliente,Café,1,Azúcar,145000000.0,20.0
Vegola Iberica,Fabricante,no_cliente,Conservas vegetales,1,Azúcar,56700000.0,155.0
"Barranco Food Gourmet, S.L.",Fabricante,desconocido,Platos preparados,1,Sorbitol,,
Salsas Asturianas S.L.,Fabricante,desconocido,Salsas y aderezos,1,Miel pura de abejas,,
Brand Hatchers,Comercializador,no_cliente,Turrón,1,"Azúcar, Dextrosa",,
Lopez,Comercializador,no_cliente,Cárnico,1,Azúcar,4280000.0,10.0
Estilo Kiki,Comercializador,desconocido,Salsas y aderezos,1,Azúcar,,
Jocarn De Valencia,Comercializador,desconocido,Cárnico,1,"Azúcar, Dextrosa",,
Manassen Foods,Comercializador,desconocido,Golosinas,1,Azúcar,,
Mcilhenny,Comercializador,no_cliente,Salsas y aderezos,1,Azúcar,,
Golvan Fernandez Hnos,Fabricante,desconocido,Bollería,1,Azúcar,,
United Confectionary,Fabricante,no_cliente,Golosinas,1,Jarabe de maltitol,4000000.0,94.0
Cafe Britt,Comercializador,desconocido,Conservas vegetales,1,Azúcar,,
London Biscuits Berhad,Comercializador,desconocido,Galleteros,1,"Azúcar, Azúcar Líquido Invertido",,
Beps Biopharm,Comercializador,no_cliente,Nutracéuticos,1,Sorbitol,,
Wrigley,Comercializador,no_cliente,Golosinas,1,Sorbitol,,
Productos Manzanares,Comercializador,desconocido,Frutos secos y snacks,1,Azúcar,,
Kaitxo Kafe I Txokolate,Comercializador,no_cliente,Chocolate,1,Azúcar,,
Proceli,Fabricante,no_cliente,Bollería,1,Azúcar,7500000.0,65.0
Ludwig Schokolade,Fabricante,no_cliente,Chocolate,1,"Azúcar, Caramelo natural, Jarabe de glucosa",,
Horticola Daucy,Fabricante,desconocido,Conservas vegetales,1,Azúcar,,
Klaipedos Pienas,Fabricante,desconocido,Helados,1,"Azúcar, Jarabe de fructosa, Jarabe de glucosa y fructosa",,
Galletas Asinez,Fabricante,desconocido,Galleteros,1,"Azúcar, Jarabe de glucosa",,
Dulcesa Slu,Fabricante,desconocido,Panadería,1,Azúcar,,
Borras,Comercializador,desconocido,Chocolate,1,Azúcar,,
Vulpi Seleccion,Comercializador,desconocido,Salsas y aderezos,1,Azúcar,,
Radeberger Gruppe,Comercializador,no_cliente,Cervezas,1,Azúcar,,
Bolton Cile España,Fabricante,desconocido,Salsas y aderezos,1,Miel pura de abejas,,
R.G.S.E.A.A.,Fabricante,desconocido,Conservas vegetales,1,Sorbitol,,
Desalimed,Fabricante,desconocido,Cárnico,1,Azúcar,,
Alimentos Granix,Comercializador,desconocido,Galleteros,1,"Azúcar, Jarabe de glucosa",,
Gruppo Campari,Comercializador,no_cliente,Licores,1,Azúcar,,
Stubbs,Comercializador,desconocido,Salsas y aderezos,1,Azúcar,,
Maina Panettoni,Comercializador,desconocido,Bollería,1,"Azúcar, Fructosa, Jarabe de glucosa",,
Danone,Fabricante,no_cliente,"Lácteos, yogures y postres lácteos",1,Azúcar,910000000.0,1400.0
Emb 85208A,Fabricante,desconocido,Frutos secos y snacks,1,Dextrosa,,
Aperitivos Flaper,Fabricante,no_cliente,Frutos secos y snacks,1,Azúcar,41000000.0,120.0
"Juan y Juan Industrial, S.L.U",Fabricante,desconocido,Bollería,1,Sorbitol,,
Platos Tradicionales S.A.,Fabricante,desconocido,Cárnico,1,Miel pura de abejas,,
La Zaragozana,Comercializador,no_cliente,Cervezas,1,Miel pura de abejas,97000000.0,106.0
Biomediks Lab,Comercializador,desconocido,Salsas y aderezos,1,Caramelo natural,,
Mv Group Production,Comercializador,desconocido,Licores,1,Azúcar,,
Herman Kuijper,Comercializador,no_cliente,Pastelería,1,"Azúcar, Jarabe de fructosa, Jarabe de glucosa y fructosa",,
Blanxart,Comercializador,no_cliente,Chocolate,1,Azúcar,7480000.0,26.0
Paletas Marpa,Comercializador,desconocido,Cárnico,1,Azúcar,,
Biscotteria Tonon,Comercializador,desconocido,Galleteros,1,"Azúcar, Jarabe de glucosa",,
Mundo Pastel,Comercializador,desconocido,Bollería,1,Azúcar,,
Ab World Foods,Comercializador,desconocido,Salsas y aderezos,1,"Azúcar, Caramelo natural, Jarabe de fructosa, Jarabe de glucosa y fructosa",,
Embotits Salgot,Comercializador,desconocido,Cárnico,1,Azúcar,,
Industrias Lacteas De Granada,Fabricante,desconocido,Alternativas a lácteos,1,Azúcar,,
Xox Geback,Fabricante,desconocido,Frutos secos y snacks,1,"Azúcar, Azúcar Integral, Jarabe de fructosa, Jarabe de glucosa y fructosa",,
Paletas Marpa,Fabricante,desconocido,Cárnico,1,Azúcar,,
Man Fong,Fabricante,desconocido,Salsas y aderezos,1,Azúcar,,
Grandma Wilds Biscuits,Fabricante,desconocido,Galleteros,1,"Azúcar, Azúcar Líquido Invertido",,
Conservas Vegetales Y Salsas De Los Palacios,Fabricante,desconocido,Salsas y aderezos,1,Azúcar,,
Imperial Produtos Alimentares S.A.,Fabricante,desconocido,Café,1,Azúcar,,
Hengstenberg,Comercializador,desconocido,Conservas vegetales,1,Azúcar,,
Saexma,Comercializador,no_cliente,Café,1,Azúcar,,
Grupo Herdez,Comercializador,desconocido,Salsas y aderezos,1,Azúcar,,
Panamar Bakery Group,Comercializador,desconocido,Bollería,1,"Azúcar, Dextrosa",,
La Tahona De Utiel,Comercializador,desconocido,Panadería,1,"Azúcar, Dextrosa",,
Docile Alimentos,Comercializador,desconocido,Golosinas,1,"Azúcar, Jarabe de glucosa",,
Especialidades Directas Gastron Micas Del Pais,Comercializador,no_cliente,Cárnico,1,Azúcar,11020000.0,39.0
Realfooding,Comercializador,no_cliente,Cereales,1,Azúcar,,
Casa Tarradellas,Comercializador,no_cliente,Cárnico,1,Jarabe de glucosa,,
"Grupo Viveplus, S.L.U",Fabricante,desconocido,Nutracéuticos,1,Sorbitol,,
Pompadour Ibérica S.A.,Fabricante,desconocido,,1,Miel pura de abejas,,
Pagen,Fabricante,desconocido,Bollería,1,"Azúcar, Azúcar Integral, Azúcar Líquido Invertido",,
Brand Development,Fabricante,desconocido,Turrón,1,Azúcar,,
Emb 29247H,Fabricante,desconocido,Galleteros,1,"Azúcar, Azúcar Integral, Dextrosa",,
Francisco Jose Espinar Roldan,Fabricante,desconocido,Miel,1,Miel pura de abejas,,
"Avenida de la Transición Española 36, 28108, Alcobendas, Madrid",Comercializador,desconocido,Bollería,1,Sorbitol,,
Silverbogeh,Comercializador,desconocido,Refrescos,1,Azúcar,,
Loacker,Comercializador,no_cliente,Galleteros,1,"Azúcar, Jarabe de glucosa",,
Lion Corporation,Comercializador,desconocido,Cereales,1,"Azúcar, Azúcar Líquido Invertido, Jarabe de glucosa",,
Pico Food,Comercializador,desconocido,Bollería,1,"Azúcar, Sorbitol",,
Destilerias Espronceda,Comercializador,desconocido,Licores,1,Azúcar,,
Pralinart,Comercializador,desconocido,Chocolate,1,"Azúcar, Caramelo natural, Jarabe de glucosa, Jarabe de sorbitol",,
Pano Fruits,Comercializador,no_cliente,Frutos secos y snacks,1,"Azúcar, Azúcar Integral",10100000.0,18.0
Taste Of Nature,Comercializador,no_cliente,Chocolate,1,"Azúcar, Azúcar Integral, Dextrosa",,
Venchi,Comercializador,no_cliente,Chocolate,1,Azúcar,,
The Lorenz Bahlsen Snack World,Comercializador,no_cliente,Frutos secos y snacks,1,Azúcar,,
ElPozo Alimentación S.A. para Centros Comerciales Carrefour S.A,Fabricante,desconocido,Cárnico,1,Sorbitol,,
"Torres Import, S.A.U",Fabricante,desconocido,Galleteros,1,Miel pura de abejas,,
"Centros comerciales Carrefour,SA",Fabricante,desconocido,Frutos secos y snacks,1,Miel pura de abejas,,
Galleros Artesanos,Fabricante,no_cliente,Chocolate,1,Azúcar,3000000.0,28.0
Confiserie Van Damme,Fabricante,no_cliente,Golosinas,1,"Azúcar, Jarabe de glucosa, Sorbitol",,
Coronilla,Fabricante,desconocido,Frutos secos y snacks,1,"Azúcar, Azúcar Integral",,
Mataderos Industriales Soler,Fabricante,no_cliente,Cárnico,1,Dextrosa,34000000.0,164.0
"Carolina Foods, SL",Fabricante,desconocido,Galleteros,1,Maltitol,,
Rubies In The Rubble,Comercializador,desconocido,Salsas y aderezos,1,Azúcar,,
Ruchey,Comercializador,desconocido,Cervezas,1,Miel pura de abejas,,
Panaderia Ntra Sra De La Cabeza,Comercializador,no_cliente,Bollería,1,Azúcar,,
Century Pacific Food,Comercializador,desconocido,Salsas y aderezos,1,Azúcar,,
Peiron Torrent,Comercializador,desconocido,Bollería,1,"Azúcar, Fructosa, Jarabe de glucosa",,
Docereinas Sobremesas,Fabricante,no_cliente,Pastelería,1,"Caramelo natural, Jarabe de maltitol",,
Geback,Fabricante,desconocido,Frutos secos y snacks,1,Azúcar,,
Italy,Fabricante,desconocido,Alternativas a lácteos,1,Maltitol,,
Goya Europa,Fabricante,no_cliente,Quesos,1,Azúcar,37500000.0,33.0
Valdesiano,Fabricante,desconocido,Panadería,1,Azúcar,,
Rufino 1949,Fabricante,desconocido,Mermeladas y confituras,1,Azúcar,,
"HORNO DECADADÍA, S.L.",Fabricante,desconocido,"Lácteos, yogures y postres lácteos",1,Maltitol,,
Veg Healthy Food,Comercializador,desconocido,Frutos secos y snacks,1,Azúcar Líquido,,
Herbalife,Comercializador,no_cliente,Barritas y bebidas deportivas,1,Fructosa,106430000.0,32.0
Bestyou Healthy,Comercializador,no_cliente,Nutracéuticos,1,"Caramelo natural, Sorbitol",,
M,Comercializador,desconocido,Chocolate,1,Azúcar,,
Pan De Angel,Comercializador,desconocido,Galleteros,1,Azúcar,,
Fitspo,Comercializador,desconocido,Barritas y bebidas deportivas,1,Maltitol,,
Mielso,Comercializador,no_cliente,Miel,1,Miel pura de abejas,,
Lupa,Comercializador,desconocido,Galleteros,1,Azúcar,,
Pepsico Beverage Company,Fabricante,no_cliente,Barritas y bebidas deportivas,1,Azúcar,,
Cerealis Produtos,Fabricante,no_cliente,Cereales,1,Jarabe de glucosa,,
Dr Gerard,Fabricante,desconocido,Galleteros,1,Azúcar,,
Bosy Healthy,Fabricante,desconocido,Cereales,1,Caramelo natural,,
Nuova Industria Biscotti Crich,Comercializador,desconocido,Galleteros,1,"Azúcar, Dextrosa",,
Aguas Font Vella Y Lanjaron,Comercializador,no_cliente,Refrescos,1,Azúcar,,
Frimancha Industrias Carnicas,Comercializador,no_cliente,Cárnico,1,"Azúcar, Dextrosa",100000000.0,150.0
Royal Unibrew,Comercializador,no_cliente,Refrescos,1,"Azúcar, Caramelo natural",,
Destil.leries Maresme Brands SLU,Fabricante,desconocido,Licores,1,Azúcar,,
Wesa Feinkost,Fabricante,desconocido,Quesos,1,Azúcar,,
Verdener Keks Und Waffelfabrik Hans Freitag,Fabricante,desconocido,Galleteros,1,"Azúcar, Jarabe de glucosa",,
Juan,Fabricante,desconocido,Bollería,1,Dextrosa,,
Astex,Fabricante,desconocido,Salsas y aderezos,1,Azúcar,,
I A N S A U,Fabricante,desconocido,Salsas y aderezos,1,Azúcar,,
Almendra y Miel S.A.,Fabricante,desconocido,Turrón,1,Miel pura de abejas,,
Patiswiss Cikolata Gida,Comercializador,desconocido,Chocolate,1,Azúcar,,
3 Toques,Comercializador,desconocido,Panadería,1,Azúcar,,
Distribuído exclusivamente por Aperitivos y Extrusionados S.A,Fabricante,desconocido,Frutos secos y snacks,1,Miel pura de abejas,,
Voelkel GmbH,Fabricante,desconocido,Zumos y néctares,1,Miel pura de abejas,,
Campelos Do Coto,Fabricante,desconocido,Bollería,1,Azúcar,,
Lantmannen Axa Pjsc,Fabricante,desconocido,Chocolate,1,"Azúcar, Jarabe de glucosa",,
Neuburge Milchwerke,Fabricante,desconocido,Pastelería,1,Azúcar,,
Confiserie Rohan,Fabricante,desconocido,Chocolate,1,Azúcar,,
Eurofrozen,Fabricante,desconocido,Quesos,1,Azúcar,,
"Sanchis Mira, S.A.",Fabricante,desconocido,Galleteros,1,Miel pura de abejas,,
Inter Dulces,Comercializador,no_cliente,Golosinas,1,"Azúcar, Jarabe de fructosa, Jarabe de glucosa y fructosa",3500000.0,10.0
Burtons Biscuit Company,Comercializador,desconocido,Galleteros,1,"Azúcar, Azúcar Líquido Invertido, Jarabe de glucosa",,
Millano Group,Comercializador,desconocido,Chocolate,1,Azúcar,,
Kervan Gida,Comercializador,desconocido,Golosinas,1,"Azúcar, Jarabe de fructosa, Jarabe de glucosa, Jarabe de glucosa y fructosa",,
Campodulce Curados,Comercializador,desconocido,Cárnico,1,Azúcar,,
Tootsie Roll Industries,Comercializador,no_cliente,Turrón,1,"Azúcar, Jarabe de glucosa",9200000.0,88.0
La Franco Argentine,Comercializador,desconocido,Galleteros,1,Azúcar,,
"Veldis, S.A.",Fabricante,desconocido,Salsas y aderezos,1,Miel pura de abejas,,
Conservars El Cidaros,Fabricante,no_cliente,Salsas y aderezos,1,Azúcar,530000000.0,958.0
Flamische Keksfabrik,Fabricante,desconocido,Galleteros,1,"Azúcar, Jarabe de glucosa",,
Gamesformotion,Fabricante,desconocido,Chocolate,1,Azúcar,,
Paseo de Gracia 11. Esc B 1º planta. 08007 B,Comercializador,desconocido,Barritas y bebidas deportivas,1,Miel pura de abejas,,
Dan Foods,Comercializador,no_cliente,Bollería,1,"Azúcar, Fructosa",,
Coco Chocolatier,Comercializador,desconocido,Chocolate,1,Azúcar,,
Industria Nacional Alimenticia,Comercializador,desconocido,Galleteros,1,"Azúcar, Azúcar Líquido Invertido, Dextrosa",,
E Hijos,Comercializador,desconocido,Cárnico,1,"Azúcar, Jarabe de glucosa",,
Coppenrath Feingeback,Comercializador,desconocido,Galleteros,1,"Azúcar, Jarabe de glucosa",,
"Mars Multisales Spain,",Fabricante,desconocido,Golosinas,1,Sorbitol,,
Seis H S.A.,Fabricante,desconocido,Bollería,1,Miel pura de abejas,,
Conservas Calanda,Fabricante,desconocido,Frutos secos y snacks,1,Azúcar,,
Brezal Foods,Fabricante,desconocido,Miel,1,Miel pura de abejas,,
Delici,Fabricante,desconocido,Pastelería,1,"Azúcar, Jarabe de glucosa",,
Witors,Fabricante,no_cliente,Chocolate,1,"Azúcar, Jarabe de glucosa",,
Especialidades Lacteas,Fabricante,no_cliente,Pastelería,1,Azúcar,454800000.0,1000.0
Cervecerias Peruanas Backus,Fabricante,desconocido,Cervezas,1,Azúcar,,
Dailycer,Fabricante,desconocido,Cereales,1,Azúcar,,
Crest Suikerwerken,Comercializador,desconocido,Golosinas,1,"Azúcar, Jarabe de glucosa",,
Girofibra,Comercializador,no_cliente,Cereales,1,Maltitol,,
Justo,Comercializador,no_cliente,Panadería,1,Dextrosa,,
Topps,Comercializador,desconocido,Golosinas,1,"Azúcar, Jarabe de glucosa",,
Bajamar,Comercializador,no_cliente,Conservas vegetales,1,Azúcar,,
Copaval,Comercializador,no_cliente,Frutos secos y snacks,1,Azúcar,,
Orkla Group,Comercializador,desconocido,Chocolate,1,Azúcar,,
"Comercial Masoliver, S.A.U.",Fabricante,desconocido,Estuchadores,1,Sorbitol,,
Nutrition et Santé Iberia,Fabricante,desconocido,Barritas y bebidas deportivas,1,Miel pura de abejas,,
Noel Alimentaria S.A.U,Fabricante,desconocido,Cárnico,1,Sorbitol,,
Emb 56 251 E,Fabricante,desconocido,Conservas vegetales,1,Azúcar,,
Tutichips,Fabricante,no_cliente,Frutos secos y snacks,1,"Azúcar, Dextrosa",75000000.0,100.0
Novandie,Fabricante,no_cliente,Pastelería,1,"Azúcar, Caramelo natural, Jarabe de glucosa",,
Productos Pepito,Fabricante,desconocido,Bollería,1,Azúcar,,
Emb 27 701 E,Fabricante,desconocido,Quesos,1,Dextrosa,,
"Ardo Foods, SLU",Fabricante,desconocido,Platos preparados,1,Miel pura de abejas,,
Bell Espana Alimentacion,Comercializador,desconocido,Cárnico,1,Dextrosa,,
Agrohansa,Comercializador,desconocido,Chocolate,1,Azúcar,,
Damm,Comercializador,no_cliente,Cervezas,1,Azúcar,,
Liven,Comercializador,desconocido,Salsas y aderezos,1,Azúcar,,
Zeisner Feinkost,Comercializador,desconocido,Salsas y aderezos,1,Azúcar,,
"Carrefour, S.A.",Fabricante,desconocido,Cereales,1,Miel pura de abejas,,
ZURU SPAIN S.L.,Fabricante,desconocido,Golosinas,1,Sorbitol,,
"Nutrition et Sante Iberia, S.L.",Fabricante,desconocido,Barritas y bebidas deportivas,1,Maltitol,,
Martinez Y Canto,Fabricante,no_cliente,Refrescos,1,Caramelo natural,35820000.0,
Boadas 1880,Fabricante,no_cliente,Cárnico,1,Dextrosa,126720000.0,213.0
Alberto De Miguel,Comercializador,no_cliente,Salsas y aderezos,1,Azúcar,,
Miel El Colmenar,Comercializador,desconocido,Miel,1,Miel pura de abejas,,
Black Hat Drinks,Comercializador,desconocido,Refrescos,1,Azúcar,,
Culifoods,Comercializador,desconocido,Salsas y aderezos,1,"Azúcar, Azúcar Integral, Caramelo natural, Dextrosa, Miel pura de abejas",,
Roencar,Comercializador,desconocido,Helados,1,"Azúcar, Dextrosa",,
Mataderos Industriales Soler,Comercializador,no_cliente,Cárnico,1,Dextrosa,34000000.0,164.0
Productos Dulcesol SL,Fabricante,desconocido,Bollería,1,Sorbitol,,
CENTROS COMERCIALES CARREFOUR S.A,Fabricante,desconocido,,1,Miel pura de abejas,,
PROZIS.COM S.A.,Fabricante,desconocido,Suplementos deportivos,1,Miel pura de abejas,,
Laboratorios Almond,Fabricante,no_cliente,Alternativas a lácteos,1,Azúcar,41510000.0,130.0
Copaval,Fabricante,no_cliente,Frutos secos y snacks,1,Azúcar,,
Papes Safor,Fabricante,desconocido,Frutos secos y snacks,1,Azúcar,,
Bedo Imex,Fabricante,desconocido,Chocolate,1,"Azúcar, Jarabe de glucosa",,
Primar Iberica,Fabricante,no_cliente,Mermeladas y confituras,1,"Azúcar, Azúcar Integral",7000000.0,14.0
Coverna,Fabricante,desconocido,Chocolate,1,"Azúcar, Caramelo natural",,
"Verdifresh, S.L.U.",Fabricante,desconocido,,1,Miel pura de abejas,,
May And Raeburn,Comercializador,desconocido,Bollería,1,Azúcar,,
Le Vie Del Tartufo,Comercializador,desconocido,Salsas y aderezos,1,"Azúcar, Miel pura de abejas",,
Sindoni Group,Comercializador,desconocido,Galleteros,1,Azúcar,,
Timmfood,Comercializador,no_cliente,Quesos,1,Azúcar,,
Galvan Fernandez Hermanos,Comercializador,no_cliente,Bollería,1,Azúcar,,
Felici,Fabricante,desconocido,Cereales,1,"Azúcar, Caramelo natural, Fructooligosacaridos, Jarabe de glucosa, Miel pura de abejas",,
Tradicional Panaderia,Fabricante,no_cliente,Panadería,1,Azúcar,37370000.0,99.0
Hellema Hallum,Fabricante,desconocido,Galleteros,1,Azúcar,,
Antiu Axona,Fabricante,no_cliente,Turrón,1,Azúcar,132000000.0,230.0
Tap Tap Food,Fabricante,no_cliente,Salsas y aderezos,1,Dextrosa,,
Fr 14.630.010 Ce,Fabricante,desconocido,Pastelería,1,"Azúcar, Caramelo natural, Jarabe de fructosa, Jarabe de glucosa y fructosa",,
Borges Agricultura And Industrial Nuts,Fabricante,no_cliente,Frutos secos y snacks,1,"Azúcar, Miel pura de abejas",120000000.0,360.0
Greenyard,Fabricante,no_cliente,Conservas vegetales,1,"Azúcar, Azúcar Integral",,
San Martin De Porres,Fabricante,no_cliente,Galleteros,1,Azúcar,3800000.0,33.0
"Elaborado para El Corte Inglés, S.A. c/ Hermosilla, 112 -",Fabricante,desconocido,Bollería,1,Sorbitol,,
Sanchis Mira S.A.,Fabricante,desconocido,Chocolate,1,Maltitol,,
Fida,Comercializador,no_cliente,Golosinas,1,"Azúcar, Jarabe de glucosa",,
Rays,Comercializador,no_cliente,Salsas y aderezos,1,"Azúcar, Azúcar Integral, Caramelo natural",,
Nichols,Comercializador,desconocido,Refrescos,1,Azúcar,,
Artesanía Agrícola,Comercializador,no_cliente,Nutracéuticos,1,Sorbitol,,
D Borggreve,Fabricante,desconocido,Galleteros,1,"Azúcar, Azúcar Líquido Invertido",,
Progelcone Comercio And Industria,Fabricante,desconocido,Bollería,1,Azúcar,,
La Sagra Mc,Fabricante,no_cliente,Cervezas,1,Jarabe de glucosa,16100000.0,61.0
Fonbutidos Subirats,Fabricante,desconocido,Cárnico,1,"Azúcar, Fructosa",,
Bonusan Bv,Fabricante,no_cliente,Nutracéuticos,1,Sorbitol,,
Bip Holland Bv,Fabricante,desconocido,Chocolate,1,Azúcar,,
La Jara Alimentacion,Comercializador,no_cliente,Cárnico,1,"Azúcar, Jarabe de glucosa",,
Windel,Comercializador,desconocido,Chocolate,1,Azúcar,,
Dimi Dulces Iberica,Comercializador,desconocido,Bollería,1,"Azúcar, Jarabe de glucosa",,
Mrm,Comercializador,no_cliente,Cárnico,1,Azúcar,,
Ofistrade S.A.,Fabricante,desconocido,Platos preparados,1,Sorbitol,,
Lnuf Emb 14630,Fabricante,desconocido,Pastelería,1,Azúcar,,
La Jara,Fabricante,desconocido,Cárnico,1,Jarabe de glucosa,,
Q Chocolate,Fabricante,desconocido,Chocolate,1,Azúcar,,
Andros Granadas,Fabricante,no_cliente,Pastelería,1,Caramelo natural,,
Dermisis Biscuit Company,Fabricante,desconocido,Galleteros,1,"Azúcar, Jarabe de fructosa, Jarabe de glucosa y fructosa",,
Aneto Natural,Comercializador,desconocido,Salsas y aderezos,1,"Azúcar, Azúcar Integral",,
Novadiet,Comercializador,no_cliente,Nutracéuticos,1,Azúcar,15000000.0,52.0
"Tia Merry España, S.L.",Fabricante,desconocido,Bollería,1,Sorbitol,,
Loacker Konfekt,Fabricante,no_cliente,Galleteros,1,Azúcar,,
Serra Industria Dolciaria,Fabricante,desconocido,Turrón,1,Jarabe de maltitol,,
Banketbakkerij,Fabricante,desconocido,Galleteros,1,"Azúcar, Azúcar Líquido Invertido, Jarabe de glucosa",,
Granderroble Desserts,Fabricante,no_cliente,Bollería,1,"Azúcar, Jarabe de fructosa, Jarabe de glucosa y fructosa",40000000.0,189.0
Sperlari,Fabricante,desconocido,Turrón,1,"Azúcar, Jarabe de fructosa, Jarabe de glucosa y fructosa, Miel pura de abejas",,
Galleros Artesanos De Rute,Fabricante,desconocido,Chocolate,1,"Azúcar, Azúcar Integral",,
Inbev Belgium,Fabricante,no_cliente,Cervezas,1,Azúcar,,
Dulces La Abuela De Quesa,Fabricante,no_cliente,Bollería,1,"Azúcar, Jarabe de glucosa, Jarabe de sorbitol",,
Sweetpeople Confectionery,Comercializador,no_cliente,Golosinas,1,"Azúcar, Jarabe de glucosa",,
Bodega De Sarria,Comercializador,no_cliente,Conservas vegetales,1,Azúcar,2000000.0,8.0
Exclusivas Barreiro,Comercializador,desconocido,Bollería,1,Azúcar,,
"Unilever España, S.A.",Fabricante,desconocido,Helados,1,Azúcar,,
Juanon Artesanos,Fabricante,desconocido,Cárnico,1,Dextrosa,,
Lasus Marsa,Fabricante,no_cliente,Cárnico,1,Dextrosa,,
Messori Ciocolateria,Fabricante,desconocido,Helados,1,"Azúcar, Dextrosa",,
DAILYCER S.A.S,Fabricante,desconocido,Cereales,1,Miel pura de abejas,,
Ecobasics,Comercializador,no_cliente,Cereales,1,"Azúcar, Azúcar Integral",,
Dolci Preziosi,Comercializador,desconocido,Turrón,1,"Azúcar, Jarabe de glucosa",,
Continente,Comercializador,no_cliente,Cárnico,1,Azúcar,,
Sabores De Guijuelo,Comercializador,no_cliente,Cárnico,1,"Azúcar, Dextrosa",9500000.0,20.0
CHOCOLATES VALOR,Fabricante,desconocido,Chocolate,1,Maltitol,,
Chemnitzer Wurstspezialitaten,Fabricante,desconocido,Cárnico,1,Dextrosa,,
Materne Confilux,Fabricante,no_cliente,Mermeladas y confituras,1,Jarabe de maltitol,,
Prjsc Lantmannen,Fabricante,desconocido,Cereales,1,"Azúcar, Jarabe de fructosa, Jarabe de glucosa y fructosa, Miel pura de abejas",,
La Canita Del Gourmet Unipessoal,Fabricante,desconocido,Bollería,1,Azúcar,,
Iberica De Jamones S,Fabricante,desconocido,Cárnico,1,Azúcar,,
"HELADOS ESTIU, S.A.",Fabricante,desconocido,Helados,1,Jarabe de maltitol,,
Navson,Comercializador,no_cliente,Nutracéuticos,1,"Azúcar, Jarabe de glucosa, Sorbitol",,
"Andaluza de Mieles, S.L.",Fabricante,desconocido,Miel,1,Miel pura de abejas,,
"Elaborado y envasado por Europraliné, S.L. RGSEAA 25.00090/P para: Centros Comerciales Carrefour S.A.",Fabricante,desconocido,Chocolate,1,Maltitol,,
Dulia Bake,Fabricante,desconocido,Panadería,1,Azúcar,,
Biscuiterie Latour,Fabricante,desconocido,Bollería,1,Azúcar,,
Prisc,Fabricante,desconocido,Cereales,1,"Azúcar, Dextrosa, Miel pura de abejas",,
Tutichip,Fabricante,no_cliente,Frutos secos y snacks,1,Azúcar,75000000.0,100.0
IMPORTACO CASA PONS S.A.U.,Fabricante,desconocido,Frutos secos y snacks,1,Miel pura de abejas,,
Les Macarons D Olivier,Comercializador,no_cliente,Bollería,1,"Azúcar, Caramelo natural, Jarabe de glucosa, Sorbitol",,
Guylian,Comercializador,no_cliente,Chocolate,1,Azúcar,,
"DILLEPASA, S.L.",Fabricante,desconocido,Bollería,1,Sorbitol,,
Vicky Foods Products,Fabricante,desconocido,Panadería,1,Azúcar,,
Niederrhein Gold Tersteegen,Fabricante,desconocido,Zumos y néctares,1,Azúcar,,
Aceitunas Brefer,Fabricante,desconocido,Conservas vegetales,1,Azúcar,,
Frutree,Fabricante,desconocido,Chocolate,1,"Azúcar, Jarabe de fructosa, Jarabe de glucosa y fructosa",,
"La Niña del Sur, S.L.",Fabricante,desconocido,Platos preparados,1,Sorbitol,,
Comercializadora Mexico Americana,Comercializador,desconocido,Mermeladas y confituras,1,Jarabe de maltitol,,
Ramenskiy Konditerskiy Kombinat,Comercializador,no_cliente,Panadería,1,Dextrosa,,
Penalva Alimentacion,Comercializador,desconocido,Helados,1,"Azúcar, Azúcar Líquido Invertido, Jarabe de glucosa",,
Treets,Comercializador,desconocido,Chocolate,1,"Azúcar, Jarabe de glucosa",,
LACTALIS NESTLÉ,Fabricante,desconocido,Turrón,1,Miel pura de abejas,,
La Dulce Tahona S.L,Fabricante,desconocido,Platos preparados,1,Sorbitol,,
Galletas Rifacli Mediterranean Foods,Fabricante,desconocido,Galleteros,1,Azúcar,,
Pepsico,Fabricante,no_cliente,Refrescos,1,Azúcar,,
Carl Kuehne,Fabricante,no_cliente,Salsas y aderezos,1,Azúcar,,
Derpan,Fabricante,desconocido,Bollería,1,"Azúcar, Jarabe de glucosa",,
Empty,Fabricante,desconocido,Cervezas,1,Caramelo natural,,
Ferrara Candy Company,Fabricante,desconocido,Turrón,1,"Azúcar, Jarabe de glucosa",,
Dessert Factory,Comercializador,desconocido,Bollería,1,"Azúcar, Azúcar Integral, Azúcar Líquido Invertido",,
La Boulangere,Comercializador,desconocido,Panadería,1,Azúcar,,
Spin Master,Comercializador,desconocido,Galleteros,1,"Azúcar, Caramelo natural",,
Subirats,Comercializador,no_cliente,Cárnico,1,Dextrosa,,
Mensajero,Comercializador,desconocido,Conservas vegetales,1,Azúcar,,
Elah Dufour,Comercializador,desconocido,Chocolate,1,Azúcar,,
Sietem S.L.,Fabricante,desconocido,Helados,1,Maltitol,,
Patroba Nv,Fabricante,desconocido,Panadería,1,Dextrosa,,
Bell,Fabricante,desconocido,Conservas vegetales,1,Azúcar,,
Teresa Carles Manufacturing,Fabricante,desconocido,Refrescos,1,Azúcar,,
Chocolats De Nord,Fabricante,desconocido,Chocolate,1,Azúcar,,
Valle De San Juan Palencia,Fabricante,desconocido,Quesos,1,"Azúcar, Jarabe de fructosa, Jarabe de glucosa y fructosa",,
Nawarra Suesswaren,Fabricante,desconocido,Bollería,1,"Azúcar, Jarabe de fructosa, Jarabe de glucosa y fructosa, Sorbitol",,
Coverna Gmbh,Fabricante,desconocido,Galleteros,1,"Azúcar, Jarabe de glucosa",,
Coco,Comercializador,desconocido,Chocolate,1,Azúcar,,
R And A Bailey And Company,Comercializador,desconocido,Galleteros,1,"Azúcar, Jarabe de fructosa, Jarabe de glucosa y fructosa",,
Queixeria Barral,Comercializador,desconocido,Quesos,1,Dextrosa,,
Fabricas Lusitana Produtos,Comercializador,desconocido,Galleteros,1,Azúcar,,
Rot Front Oao,Fabricante,desconocido,Chocolate,1,Azúcar,,
Proceli Europe,Fabricante,no_cliente,Bollería,1,Azúcar,7500000.0,65.0
Iberiga Delariones,Fabricante,desconocido,Cárnico,1,Azúcar,,
Membrillo Emily S.L.,Fabricante,desconocido,Mermeladas y confituras,1,Jarabe de maltitol,,
Umida Group,Comercializador,no_cliente,Refrescos,1,Caramelo natural,,
Amigos Del Postre,Comercializador,no_cliente,Bollería,1,Azúcar,,
Cloetta,Comercializador,no_cliente,Turrón,1,"Azúcar, Jarabe de fructosa, Jarabe de glucosa, Jarabe de glucosa y fructosa, Miel pura de abejas",,
Il Sarchio,Comercializador,no_cliente,Galleteros,1,"Azúcar, Azúcar Integral",,
Mercader,Comercializador,desconocido,Alternativas a lácteos,1,Azúcar,,
Cortadores De Extremadura,Comercializador,no_cliente,Cárnico,1,Dextrosa,,
Fleer Espanola,Comercializador,no_cliente,Golosinas,1,Sorbitol,9200000.0,88.0
"El Cateto, S.L.U.",Fabricante,desconocido,Bollería,1,Jarabe de maltitol,,
Interdis,Fabricante,desconocido,Cereales,1,Miel pura de abejas,,
Mondelez,Fabricante,desconocido,Galleteros,1,"Azúcar, Jarabe de fructosa, Jarabe de glucosa y fructosa",,
Bimbo,Fabricante,no_cliente,Panadería,1,"Azúcar, Dextrosa",570000000.0,1835.0
Muller And Muller,Fabricante,desconocido,Chocolate,1,Azúcar,,
Essenzo Cacao,Fabricante,desconocido,Chocolate,1,"Azúcar, Azúcar Integral",,
Krüger GmbH,Fabricante,desconocido,Nutracéuticos,1,Sorbitol,,
"LA FLOR BURGALESA, S.L.",Fabricante,desconocido,Galleteros,1,Maltitol,,
Viver Kombucha,Comercializador,no_cliente,Refrescos,1,"Azúcar, Azúcar Integral",3300000.0,20.0
Damm Produtos Alimenticios,Comercializador,desconocido,Refrescos,1,Azúcar,,
Membrillo El Quijote,Comercializador,desconocido,Turrón,1,"Azúcar, Jarabe de glucosa",,
Emporio Foods,Comercializador,desconocido,Frutos secos y snacks,1,Azúcar,,
The Coca Cola Company,Fabricante,no_cliente,Barritas y bebidas deportivas,1,Azúcar,,
Candychoc,Fabricante,no_cliente,Golosinas,1,"Azúcar, Jarabe de glucosa",23000000.0,152.0
Brandt Schokoladen,Fabricante,no_cliente,Chocolate,1,Azúcar,,
J A T S L,Fabricante,desconocido,Cárnico,1,Dextrosa,,
"GRANDERROBLE DESSERTS, S.L.U.",Fabricante,desconocido,Pastelería,1,Sorbitol,,
San Miguel,Comercializador,no_cliente,Cárnico,1,"Azúcar, Dextrosa",,
Capex,Comercializador,desconocido,Bollería,1,"Azúcar, Sorbitol",,
Comercial Logistica De Calamocha,Comercializador,desconocido,Cárnico,1,Azúcar,,
Altesse Quality Food,Comercializador,no_cliente,Salsas y aderezos,1,Azúcar,,
Jules Destrooper,Comercializador,no_cliente,Galleteros,1,Azúcar,,
Andros Granada S.L.U.,Fabricante,desconocido,Pastelería,1,Maltitol,,
Granarolo,Fabricante,no_cliente,Quesos,1,"Azúcar, Dextrosa",8000000.0,5.0
Sediasa Alimentacion,Fabricante,no_cliente,Conservas vegetales,1,"Azúcar, Caramelo natural, Dextrosa",120980000.0,277.0
Productos Mauri,Fabricante,desconocido,Turrón,1,"Azúcar, Jarabe de glucosa, Sorbitol",,
Zero 4 Srl,Fabricante,desconocido,Pastelería,1,"Azúcar, Jarabe de glucosa",,
Doce Pareira Sobremesas,Fabricante,desconocido,Pastelería,1,Maltitol,,
Star Exclusivas,Fabricante,desconocido,Panadería,1,Dextrosa,,
"JUAN Y JUAN INDUSTRIAL, S.L.U",Fabricante,desconocido,Bollería,1,Sorbitol,,
Neuhaus NV,Fabricante,desconocido,Chocolate,1,Sorbitol,,
Queslider,Comercializador,no_cliente,Pastelería,1,"Azúcar, Caramelo natural, Jarabe de glucosa",,
Gourmet,Comercializador,no_cliente,Cárnico,1,Dextrosa,25000000.0,114.0
Ricola,Comercializador,no_cliente,Golosinas,1,"Azúcar, Jarabe de glucosa",,
Tierra y Oro SA,Fabricante,desconocido,Miel,1,Miel pura de abejas,,
Region,Fabricante,desconocido,Cárnico,1,Azúcar,,
Mondelez Cr Biscuit Production,Fabricante,desconocido,Galleteros,1,"Azúcar, Jarabe de glucosa",,
Esnelat,Fabricante,no_cliente,Alternativas a lácteos,1,Azúcar,420000000.0,485.0
Quival,Comercializador,no_cliente,Frutos secos y snacks,1,Azúcar,8100000.0,10.0
Horno Virgen De Los Reyes,Comercializador,no_cliente,Bollería,1,Azúcar,,
Nagual Alimentacion,Comercializador,no_cliente,Panadería,1,Jarabe de glucosa,3500000.0,36.0
Ias,Comercializador,desconocido,Golosinas,1,"Azúcar, Jarabe de glucosa",,
Deoleo Global,Comercializador,no_cliente,Salsas y aderezos,1,Azúcar,,
Ricegrowers,Comercializador,no_cliente,Chocolate,1,Azúcar,,
Alberto De Miguel,Fabricante,no_cliente,Conservas vegetales,1,Azúcar,24500000.0,80.0
Barteneja Conservas,Fabricante,desconocido,Mermeladas y confituras,1,"Azúcar, Azúcar Integral",,
Aperitivos Payper,Fabricante,no_cliente,Frutos secos y snacks,1,Azúcar,,
Horno De Almansa,Fabricante,desconocido,Panadería,1,"Azúcar, Dextrosa",,
Dr Oetker,Fabricante,no_cliente,Pastelería,1,"Azúcar, Jarabe de glucosa",70000000.0,62.0
Dulmatesa,Comercializador,desconocido,Bollería,1,"Azúcar, Dextrosa, Sorbitol",,
Elaborados Del Ason,Comercializador,desconocido,Mermeladas y confituras,1,Azúcar,,
Baronie,Comercializador,desconocido,Chocolate,1,Azúcar,,
Lotte,Comercializador,desconocido,Zumos y néctares,1,Azúcar,,
Dermofarm,Comercializador,no_cliente,Nutracéuticos,1,"Azúcar, Jarabe de glucosa",,
Refrescos Del Atlantico,Comercializador,desconocido,Refrescos,1,Azúcar,,
Logistica Food,Comercializador,desconocido,Bollería,1,Maltitol,,
Aperitivos Flaper,Comercializador,no_cliente,Frutos secos y snacks,1,Azúcar,41000000.0,120.0
Mark Antony,Comercializador,desconocido,Barritas y bebidas deportivas,1,Azúcar,,
Appetizers and Extruded Products,Fabricante,desconocido,Frutos secos y snacks,1,Azúcar,,
Alimentos Dos En Uno,Fabricante,desconocido,Chocolate,1,Azúcar,,
Almendra,Fabricante,desconocido,Turrón,1,Maltitol,,
H And J Bruggen,Fabricante,no_cliente,Cereales,1,"Azúcar, Jarabe de fructosa, Jarabe de glucosa y fructosa",,
CÁRNICAS SERRANO S.L.,Fabricante,desconocido,Cárnico,1,Sorbitol,,
Sagra,Comercializador,no_cliente,Cervezas,1,Azúcar,16100000.0,61.0
Cervecera Del Turia,Comercializador,no_cliente,Cervezas,1,"Jarabe de fructosa, Jarabe de glucosa y fructosa",,
Ecoriera,Comercializador,no_cliente,Cárnico,1,"Azúcar, Azúcar Integral",,
Hans Riegelein And Sohn,Comercializador,no_cliente,Chocolate,1,Azúcar,,
"Centros comerciales Carrefour, S.A.",Fabricante,desconocido,Frutos secos y snacks,1,Miel pura de abejas,,
Sanchis Mira,Fabricante,no_cliente,Chocolate,1,"Azúcar, Jarabe de glucosa",132000000.0,230.0
Delika Food Group,Fabricante,desconocido,Cárnico,1,Dextrosa,,
Zpc Flis,Fabricante,desconocido,Galleteros,1,Azúcar,,
Almondy,Fabricante,no_cliente,Bollería,1,Azúcar,,
Biscotteria,Comercializador,desconocido,Galleteros,1,"Azúcar, Jarabe de glucosa",,
Stollwerck,Comercializador,desconocido,Chocolate,1,Azúcar,,
Molinos Rio De La Plata,Comercializador,desconocido,Galleteros,1,"Azúcar, Jarabe de fructosa, Jarabe de glucosa y fructosa",,
Davide Campari Milano,Comercializador,desconocido,Refrescos,1,Azúcar,,
Pm Sweet,Fabricante,desconocido,Bollería,1,"Azúcar, Caramelo natural, Jarabe de glucosa",,
Lidl Supermercados,Fabricante,no_cliente,Salsas y aderezos,1,"Azúcar, Dextrosa",,
Mielso,Fabricante,desconocido,Miel,1,Miel pura de abejas,,
Gebze Organize Sanayi,Fabricante,desconocido,Golosinas,1,"Azúcar, Jarabe de glucosa",,
Luise Handlmaier,Comercializador,desconocido,Salsas y aderezos,1,"Azúcar, Azúcar Integral, Jarabe de glucosa",,
Ecobelda Fruits,Comercializador,desconocido,Mermeladas y confituras,1,Azúcar,,
Ouro,Comercializador,desconocido,Salsas y aderezos,1,"Azúcar, Azúcar Integral",,
Gomicare,Comercializador,no_cliente,Nutracéuticos,1,"Maltitol, Sorbitol",,
Amc Grupo,Comercializador,desconocido,Zumos y néctares,1,Azúcar,,
Arizona Beverages,Comercializador,no_cliente,Refrescos,1,Azúcar,,
