empresa_lead,jaccard_max,fac_total_clientes,n_clientes_75,nombre_cliente,sector_cliente,ingredientes_comunes,n_comunes,ingredientes_lead,n_productos_potenciales,alimarket_ventas_eur,origen,sectores_zukan,alimarket_log,prod_log,score,score_sin_ali,cluster
226Ers,0.5,,,"SURIVAN FEEL THE TASTE, S.L.",helados,"Fructosa, Jarabe de glucosa",2,"Fructosa, Jarabe de glucosa, Sorbitol",8,16000000.0,Comercializador,"Nutracéuticos, Barritas y bebidas deportivas",7.204119982655925,0.9030899869919435,3.253,0.4515,2 - Media
3 Toques,1.0,10888515.585,182.0,"EUROGRANIZADOS, S.L.U.",helados,Azúcar,1,Azúcar,1,,Comercializador,Panadería,0.0,0.0,0.0,0.0,1 - Alta
: Centros Comerciales Carrefour SA,0.5,,,"PROBELTE, S.A.U.",agroquimico,Sorbitol,1,Sorbitol,1,,Fabricante,Suplementos deportivos,0.0,0.0,0.0,0.0,2 - Media
Ab Inbev,1.0,10888515.585,182.0,"EUROGRANIZADOS, S.L.U.",helados,Azúcar,1,Azúcar,2,,Fabricante,Cervezas,0.0,0.3010299956639812,0.0,0.301,1 - Alta
Ab World Foods,0.6,,,"LABORATORIOS ALMOND, S.L.",pasteleria,"Azúcar, Jarabe de fructosa, Jarabe de glucosa y fructosa",3,"Azúcar, Caramelo natural, Jarabe de fructosa, Jarabe de glucosa y fructosa",1,,Comercializador,Salsas y aderezos,0.0,0.0,0.0,0.0,2 - Media
Abaceria Del Monasterio,1.0,10888515.585,182.0,"EUROGRANIZADOS, S.L.U.",helados,Azúcar,1,Azúcar,3,,Comercializador,"Salsas y aderezos, Lácteos, yogures y postres lácteos",0.0,0.47712125471966244,0.0,0.4771,1 - Alta
Abafoods,1.0,1016348.602,9.0,"ESTUCHADOS FANNY, S.L.",estuchadores,"Azúcar, Azúcar Integral",2,"Azúcar, Azúcar Integral",3,,Comercializador,"Alternativas a lácteos, Zumos y néctares",0.0,0.47712125471966244,0.0,0.4771,1 - Alta
Abbot Kinneys,1.0,1016348.602,9.0,"ESTUCHADOS FANNY, S.L.",estuchadores,"Azúcar, Azúcar Integral",2,"Azúcar, Azúcar Integral",1,,Comercializador,Alternativas a lácteos,0.0,0.0,0.0,0.0,1 - Alta
Aceites Millas,0.75,1088414.0,3.0,"LABORATORIOS ALMOND, S.L.",pasteleria,"Azúcar, Jarabe de fructosa, Jarabe de glucosa y fructosa",3,"Azúcar, Jarabe de fructosa, Jarabe de glucosa y fructosa",1,43500000.0,Fabricante,Salsas y aderezos,7.638489256954637,0.0,0.0,0.0,1 - Alta
Aceitunas Brefer,1.0,10888515.585,182.0,"EUROGRANIZADOS, S.L.U.",helados,Azúcar,1,Azúcar,1,,Fabricante,Conservas vegetales,0.0,0.0,0.0,0.0,1 - Alta
Aceitunas Cazorla,1.0,10888515.585,182.0,"EUROGRANIZADOS, S.L.U.",helados,Azúcar,1,Azúcar,1,175000000.0,Fabricante,Conservas vegetales,8.243038048686294,0.0,0.0,0.0,1 - Alta
Aceitunas Karina,1.0,10888515.585,182.0,"EUROGRANIZADOS, S.L.U.",helados,Azúcar,1,Azúcar,1,,Comercializador,Conservas vegetales,0.0,0.0,0.0,0.0,1 - Alta
Aceitunas Karina,1.0,10888515.585,182.0,"EUROGRANIZADOS, S.L.U.",helados,Azúcar,1,Azúcar,1,6500000.0,Fabricante,Conservas vegetales,6.812913356642856,0.0,0.0,0.0,1 - Alta
Aceitunas Sarasa,1.0,10888515.585,182.0,"EUROGRANIZADOS, S.L.U.",helados,Azúcar,1,Azúcar,1,,Comercializador,Conservas vegetales,0.0,0.0,0.0,0.0,1 - Alta
Acrimont Food,0.5,,,"EUROGRANIZADOS, S.L.U.",helados,Azúcar,1,"Azúcar, Sorbitol",3,,Fabricante,Turrón,0.0,0.47712125471966244,0.0,0.2386,2 - Media
Acrimont Foods,0.8,278921.72,2.0,"COLOMA GARCIA, S.L.",turron,"Azúcar, Jarabe de maltitol, Maltitol, Sorbitol",4,"Azúcar, Jarabe de maltitol, Maltitol, Sorbitol",4,,Fabricante,"Turrón, Bollería",0.0,0.6020599913279624,0.0,0.4816,1 - Alta
Action,0.625,,,MARIN GIMENEZ HNOS. S.A.,zumos y nectares,"Azúcar, Azúcar Líquido Invertido, Jarabe de fructosa, Jarabe de glucosa, Jarabe de glucosa y fructosa",5,"Azúcar, Azúcar Integral, Azúcar Líquido Invertido, Jarabe de fructosa, Jarabe de glucosa, Jarabe de glucosa y fructosa, Melaza de caña",4,,Comercializador,"Salsas y aderezos, Bollería",0.0,0.6020599913279624,0.0,0.3763,2 - Media
Action Retail,1.0,25009061.361,23.0,"CAMPO REAL VITIVINICOLA, S.L.",vino y derivados del vino,"Azúcar, Jarabe de glucosa",2,"Azúcar, Jarabe de glucosa",1,,Comercializador,Chocolate,0.0,0.0,0.0,0.0,1 - Alta
Adpan Europa,1.0,10888515.584999999,182.0,"EUROGRANIZADOS, S.L.U.",helados,Azúcar,1,Azúcar,1,2760000.0,Comercializador,Bollería,6.440909082065217,0.0,0.0,0.0,1 - Alta
Adriagel Italia,0.5,,,"SCHREIBER DE CANARIAS, S.L.","lacteos, yogur, postr lac",Fructooligosacaridos,1,"Fructooligosacaridos, Sorbitol",2,,Fabricante,Helados,0.0,0.3010299956639812,0.0,0.1505,2 - Media
Agricola Filiera Fusero,1.0,1716982.77,17.0,"PLATOS TRADICIONALES, S.A",platos preparados,"Azúcar, Dextrosa",2,"Azúcar, Dextrosa",1,,Fabricante,Pastelería,0.0,0.0,0.0,0.0,1 - Alta
Agroalimentaria Musa,0.5,,,"TURRONES Y ESPECIALIDADES VIAR, S.A.",turron,"Maltitol, Sorbitol",2,"Maltitol, Sorbitol",1,,Comercializador,Nutracéuticos,0.0,0.0,0.0,0.0,2 - Media
Agrohansa,1.0,10888515.585,182.0,"EUROGRANIZADOS, S.L.U.",helados,Azúcar,1,Azúcar,1,,Comercializador,Chocolate,0.0,0.0,0.0,0.0,1 - Alta
Agroserc,0.6667,,,"CAMPO REAL VITIVINICOLA, S.L.",vino y derivados del vino,"Azúcar, Jarabe de glucosa",2,"Azúcar, Jarabe de glucosa, Miel pura de abejas",7,80000000.0,Fabricante,"Frutos secos y snacks, Chocolate",7.903089986991944,0.8450980400142568,4.4528,0.5634,2 - Media
Agroserc,0.6667,,,"CAMPO REAL VITIVINICOLA, S.L.",vino y derivados del vino,"Azúcar, Jarabe de glucosa",2,"Azúcar, Jarabe de glucosa, Miel pura de abejas",4,80000000.0,Comercializador,"Frutos secos y snacks, Chocolate",7.903089986991944,0.6020599913279624,3.1722,0.4014,2 - Media
Agrupacion De Cooperativas Lacteas,1.0,1016348.602,9.0,"ESTUCHADOS FANNY, S.L.",estuchadores,"Azúcar, Azúcar Integral",2,"Azúcar, Azúcar Integral",7,253700000.0,Fabricante,"Lácteos, yogures y postres lácteos, Pastelería",8.40432046722173,0.8450980400142568,7.1025,0.8451,1 - Alta
Agua Mineral San Benedetto,1.0,1716982.77,17.0,"PLATOS TRADICIONALES, S.A",platos preparados,"Azúcar, Dextrosa",2,"Azúcar, Dextrosa",2,,Comercializador,Barritas y bebidas deportivas,0.0,0.3010299956639812,0.0,0.301,1 - Alta
Agua Mineral San Benedetto,1.0,1716982.77,17.0,"PLATOS TRADICIONALES, S.A",platos preparados,"Azúcar, Dextrosa",2,"Azúcar, Dextrosa",1,145000000.0,Fabricante,Barritas y bebidas deportivas,8.161368002234974,0.0,0.0,0.0,1 - Alta
Aguas Danone,1.0,10888515.584999999,182.0,"EUROGRANIZADOS, S.L.U.",helados,Azúcar,1,Azúcar,3,910000000.0,Comercializador,Refrescos,8.959041392321094,0.47712125471966244,4.2745,0.4771,1 - Alta
Aguas Font Vella Y Lanjaron,1.0,10888515.585,182.0,"EUROGRANIZADOS, S.L.U.",helados,Azúcar,1,Azúcar,1,,Comercializador,Refrescos,0.0,0.0,0.0,0.0,1 - Alta
Ahorramas,0.5,,,"LOPEZ FOOD GROUP, S.L.",bolleria,"Azúcar, Jarabe de fructosa, Jarabe de glucosa y fructosa, Jarabe de sorbitol",4,"Azúcar, Caramelo natural, Dextrosa, Jarabe de fructosa, Jarabe de glucosa y fructosa, Jarabe de sorbitol, Miel pura de abejas",11,2300000000.0,Comercializador,"Salsas y aderezos, Chocolate, Turrón, Panadería, Galleteros",9.361727836017593,1.0413926851582251,4.8746,0.5207,2 - Media
Al Andalus Delicatessen,1.0,10888515.584999999,182.0,"EUROGRANIZADOS, S.L.U.",helados,Azúcar,1,Azúcar,3,,Comercializador,Mermeladas y confituras,0.0,0.47712125471966244,0.0,0.4771,1 - Alta
Alberto De Miguel,1.0,21777031.17,182.0,"EUROGRANIZADOS, S.L.U.",helados,Azúcar,1,Azúcar,1,,Comercializador,Salsas y aderezos,0.0,0.0,0.0,0.0,1 - Alta
Alberto De Miguel,1.0,21777031.17,182.0,"EUROGRANIZADOS, S.L.U.",helados,Azúcar,1,Azúcar,1,24500000.0,Fabricante,Conservas vegetales,7.389166084364533,0.0,0.0,0.0,1 - Alta
Aldi,0.5455,,,MARIN GIMENEZ HNOS. S.A.,zumos y nectares,"Azúcar, Azúcar Líquido Invertido, Fructooligosacaridos, Jarabe de fructosa, Jarabe de glucosa, Jarabe de glucosa y fructosa",6,"Azúcar, Azúcar Integral, Azúcar Líquido Invertido, Caramelo natural, Dextrosa, Fructooligosacaridos, Jarabe de fructosa, Jarabe de glucosa, Jarabe de glucosa y fructosa, Miel pura de abejas, Sorbitol",67,2200000000.0,Comercializador,"Frutos secos y snacks, Chocolate, Lácteos, yogures y postres lácteos, Café, Galleteros, Golosinas, Cárnico, Cervezas, Cereales, Bollería, Helados, Zumos y néctares, Refrescos, Panadería, Conservas vegetales",9.342422680822207,1.8260748027008264,9.3062,0.9961,2 - Media
Aldous Bio,1.0,25009061.361,23.0,"CAMPO REAL VITIVINICOLA, S.L.",vino y derivados del vino,"Azúcar, Jarabe de glucosa",2,"Azúcar, Jarabe de glucosa",2,22000000.0,Comercializador,Nutracéuticos,7.342422680822207,0.3010299956639812,2.2103,0.301,1 - Alta
Alfred Ritter,0.75,1088414.0,3.0,"LABORATORIOS ALMOND, S.L.",pasteleria,"Azúcar, Jarabe de fructosa, Jarabe de glucosa y fructosa",3,"Azúcar, Jarabe de fructosa, Jarabe de glucosa y fructosa",5,,Comercializador,Chocolate,0.0,0.6989700043360189,0.0,0.5242,1 - Alta
Alimentos Dos En Uno,1.0,10888515.584999999,182.0,"EUROGRANIZADOS, S.L.U.",helados,Azúcar,1,Azúcar,1,,Fabricante,Chocolate,0.0,0.0,0.0,0.0,1 - Alta
Alimentos Granix,1.0,25009061.361,23.0,"CAMPO REAL VITIVINICOLA, S.L.",vino y derivados del vino,"Azúcar, Jarabe de glucosa",2,"Azúcar, Jarabe de glucosa",1,,Comercializador,Galleteros,0.0,0.0,0.0,0.0,1 - Alta
Alimentos Naturales,0.8,1319794.436,2.0,"LOPEZ FOOD GROUP, S.L.",bolleria,"Azúcar, Jarabe de fructosa, Jarabe de glucosa y fructosa, Jarabe de sorbitol",4,"Azúcar, Jarabe de fructosa, Jarabe de glucosa y fructosa, Jarabe de sorbitol",2,3000000.0,Comercializador,"Chocolate, Bollería",6.477121254719663,0.3010299956639812,1.5598,0.2408,1 - Alta
Alimentos Polar,1.0,10888515.585,182.0,"EUROGRANIZADOS, S.L.U.",helados,Azúcar,1,Azúcar,1,,Comercializador,Salsas y aderezos,0.0,0.0,0.0,0.0,1 - Alta
Alimentos Tres G,1.0,1016348.602,9.0,"ESTUCHADOS FANNY, S.L.",estuchadores,"Azúcar, Azúcar Integral",2,"Azúcar, Azúcar Integral",1,,Fabricante,Quesos,0.0,0.0,0.0,0.0,1 - Alta
Alka Trading Co,0.5,,,"EUROGRANIZADOS, S.L.U.",helados,Azúcar,1,"Azúcar, Miel pura de abejas",1,,Fabricante,Frutos secos y snacks,0.0,0.0,0.0,0.0,2 - Media
Alma And Valor,0.25,,,"FRUTOS SECOS AURO, S.L.",frutos secos y snacks,Caramelo natural,1,Caramelo natural,1,,Comercializador,Barritas y bebidas deportivas,0.0,0.0,0.0,0.0,3 - Baja
Almacenes Exito,1.0,10888515.585,182.0,"EUROGRANIZADOS, S.L.U.",helados,Azúcar,1,Azúcar,2,,Comercializador,Salsas y aderezos,0.0,0.3010299956639812,0.0,0.301,1 - Alta
Almendra,0.3333,,,"CHOCOLATES ALGARRA, S.L.",chocolate,Maltitol,1,Maltitol,1,,Fabricante,Turrón,0.0,0.0,0.0,0.0,3 - Baja
Almendra Y Miel,0.6667,,,"LA TAHONA DE UTIEL, S.L.",bolleria,"Azúcar, Jarabe de glucosa, Jarabe de glucosa y fructosa, Jarabe de sorbitol",4,"Azúcar, Jarabe de fructosa, Jarabe de glucosa, Jarabe de glucosa y fructosa, Jarabe de sorbitol, Miel pura de abejas",9,29140000.0,Comercializador,"Chocolate, Turrón, Bollería, Helados",7.464489547433971,0.9542425094393249,4.7489,0.6362,2 - Media
Almendra Y Miel,0.6667,,,"LA TAHONA DE UTIEL, S.L.",bolleria,"Azúcar, Jarabe de glucosa, Jarabe de glucosa y fructosa, Jarabe de sorbitol",4,"Azúcar, Jarabe de fructosa, Jarabe de glucosa, Jarabe de glucosa y fructosa, Jarabe de sorbitol, Miel pura de abejas",7,29140000.0,Fabricante,Turrón,7.464489547433971,0.8450980400142568,4.2057,0.5634,2 - Media
Almendras Capo,0.8,355272.3,2.0,"JOSE SANDOVAL, S.L.U.",conservas vegetales,"Azúcar, Jarabe de glucosa, Jarabe de glucosa y fructosa, Jarabe de maltitol",4,"Azúcar, Jarabe de fructosa, Jarabe de glucosa, Jarabe de glucosa y fructosa, Jarabe de maltitol",7,8000000.0,Comercializador,"Frutos secos y snacks, Turrón",6.903089986991944,0.8450980400142568,4.667,0.6761,1 - Alta
Almondy,1.0,10888515.585,182.0,"EUROGRANIZADOS, S.L.U.",helados,Azúcar,1,Azúcar,1,,Fabricante,Bollería,0.0,0.0,0.0,0.0,1 - Alta
Aloloco S.L.,0.5,,,"PROBELTE, S.A.U.",agroquimico,Sorbitol,1,Sorbitol,1,,Fabricante,Platos preparados,0.0,0.0,0.0,0.0,2 - Media
Alpro,0.75,1759015.425,1.0,"ALMACENES MIGUEZ 2005,S.L.",piensos ganaderia,"Azúcar, Fructosa, Jarabe de glucosa y fructosa",3,"Azúcar, Fructosa, Jarabe de fructosa, Jarabe de glucosa y fructosa",13,,Comercializador,Alternativas a lácteos,0.0,1.1139433523068367,0.0,0.8355,1 - Alta
Altesse Quality Food,1.0,10888515.585,182.0,"EUROGRANIZADOS, S.L.U.",helados,Azúcar,1,Azúcar,1,,Comercializador,Salsas y aderezos,0.0,0.0,0.0,0.0,1 - Alta
Alyan,1.0,10888515.585,182.0,"EUROGRANIZADOS, S.L.U.",helados,Azúcar,1,Azúcar,2,,Fabricante,Chocolate,0.0,0.3010299956639812,0.0,0.301,1 - Alta
Alyan Food Production,1.0,10888515.585,182.0,"EUROGRANIZADOS, S.L.U.",helados,Azúcar,1,Azúcar,2,,Comercializador,Chocolate,0.0,0.3010299956639812,0.0,0.301,1 - Alta
Amanida,1.0,327520.5,16.0,"PSITTACUS CATALONIA, S.L.",piensos mascotas,Fructosa,1,Fructosa,1,,Fabricante,Conservas vegetales,0.0,0.0,0.0,0.0,1 - Alta
Amc Grupo,1.0,10888515.585,182.0,"EUROGRANIZADOS, S.L.U.",helados,Azúcar,1,Azúcar,1,,Comercializador,Zumos y néctares,0.0,0.0,0.0,0.0,1 - Alta
Amigos Del Postre,1.0,10888515.585,182.0,"EUROGRANIZADOS, S.L.U.",helados,Azúcar,1,Azúcar,1,,Comercializador,Bollería,0.0,0.0,0.0,0.0,1 - Alta
Amway,1.0,23060.0,1.0,"BIGMAN NUTRITION, S.L.",suplementos deportivos,"Dextrosa, Fructosa",2,"Dextrosa, Fructosa",2,,Comercializador,Nutracéuticos,0.0,0.3010299956639812,0.0,0.301,1 - Alta
Andros,1.0,1350573.92,1.0,"J. GARCIA CARRION, S.A.",vino y derivados del vino,"Azúcar, Azúcar Líquido Invertido",2,"Azúcar, Azúcar Líquido Invertido",3,,Comercializador,"Bollería, Conservas vegetales, Galleteros",0.0,0.47712125471966244,0.0,0.4771,1 - Alta
Andros Granada,0.75,44962.42,1.0,TURRON.Y CARAMEL. DE HELLIN SL,golosinas,"Azúcar, Jarabe de glucosa, Maltitol",3,"Azúcar, Caramelo natural, Jarabe de glucosa, Maltitol",3,35000000.0,Comercializador,Pastelería,7.544068044350276,0.47712125471966244,2.6996,0.3578,1 - Alta
Andros Granada,0.75,44962.42,1.0,TURRON.Y CARAMEL. DE HELLIN SL,golosinas,"Azúcar, Jarabe de glucosa, Maltitol",3,"Azúcar, Caramelo natural, Jarabe de glucosa, Maltitol",3,35000000.0,Fabricante,Pastelería,7.544068044350276,0.47712125471966244,2.6996,0.3578,1 - Alta
Andros Granada S.L.U.,0.3333,,,"CHOCOLATES ALGARRA, S.L.",chocolate,Maltitol,1,Maltitol,1,,Fabricante,Pastelería,0.0,0.0,0.0,0.0,3 - Baja
"Andros Granada, SLU",1.0,106967.1,3.0,"COMORALI, S.L.",pasteleria,Jarabe de maltitol,1,Jarabe de maltitol,2,,Fabricante,Pastelería,0.0,0.3010299956639812,0.0,0.301,1 - Alta
Andros Granadas,0.25,,,"FRUTOS SECOS AURO, S.L.",frutos secos y snacks,Caramelo natural,1,Caramelo natural,1,,Fabricante,Pastelería,0.0,0.0,0.0,0.0,3 - Baja
Aneto Natural,1.0,1016348.602,9.0,"ESTUCHADOS FANNY, S.L.",estuchadores,"Azúcar, Azúcar Integral",2,"Azúcar, Azúcar Integral",1,,Comercializador,Salsas y aderezos,0.0,0.0,0.0,0.0,1 - Alta
Anitin Panes Especiales,1.0,10888515.585,182.0,"EUROGRANIZADOS, S.L.U.",helados,Azúcar,1,Azúcar,1,,Fabricante,Panadería,0.0,0.0,0.0,0.0,1 - Alta
Antiu Axona,1.0,10888515.585,182.0,"EUROGRANIZADOS, S.L.U.",helados,Azúcar,1,Azúcar,1,132000000.0,Fabricante,Turrón,8.12057393120585,0.0,0.0,0.0,1 - Alta
Antiu Xixona,0.5,,,"LABORATORIOS ALMOND, S.L.",pasteleria,"Azúcar, Jarabe de fructosa, Jarabe de glucosa y fructosa",3,"Azúcar, Jarabe de fructosa, Jarabe de glucosa y fructosa, Miel pura de abejas, Sorbitol",3,132000000.0,Fabricante,"Chocolate, Turrón",8.12057393120585,0.47712125471966244,1.9372,0.2386,2 - Media
Antiuxixona,0.75,316896.755,2.0,"SURIVAN FEEL THE TASTE, S.L.",helados,"Azúcar, Fructosa, Jarabe de glucosa",3,"Azúcar, Fructooligosacaridos, Fructosa, Jarabe de glucosa",2,132000000.0,Fabricante,Turrón,8.12057393120585,0.3010299956639812,1.8334,0.2258,1 - Alta
Aperitivos Flaper,1.0,21777031.17,182.0,"EUROGRANIZADOS, S.L.U.",helados,Azúcar,1,Azúcar,1,41000000.0,Fabricante,Frutos secos y snacks,7.6127838567197355,0.0,0.0,0.0,1 - Alta
Aperitivos Flaper,1.0,21777031.17,182.0,"EUROGRANIZADOS, S.L.U.",helados,Azúcar,1,Azúcar,1,41000000.0,Comercializador,Frutos secos y snacks,7.6127838567197355,0.0,0.0,0.0,1 - Alta
Aperitivos Payper,1.0,10888515.585,182.0,"EUROGRANIZADOS, S.L.U.",helados,Azúcar,1,Azúcar,1,,Fabricante,Frutos secos y snacks,0.0,0.0,0.0,0.0,1 - Alta
Aperitivos Y Extrusionados,1.0,21777031.17,182.0,"EUROGRANIZADOS, S.L.U.",helados,Azúcar,1,Azúcar,2,190000000.0,Fabricante,Frutos secos y snacks,8.278753600952829,0.3010299956639812,2.4922,0.301,1 - Alta
Aperitivos Y Extrusionados,1.0,21777031.17,182.0,"EUROGRANIZADOS, S.L.U.",helados,Azúcar,1,Azúcar,1,,Comercializador,Frutos secos y snacks,0.0,0.0,0.0,0.0,1 - Alta
Appetizers and Extruded Products,1.0,10888515.585,182.0,"EUROGRANIZADOS, S.L.U.",helados,Azúcar,1,Azúcar,1,,Fabricante,Frutos secos y snacks,0.0,0.0,0.0,0.0,1 - Alta
Arcor,0.75,92643.2,1.0,FERDINAND KREUTZER SABAMÜHLE GMBH,barritas y bebidas deport,"Azúcar, Jarabe de fructosa, Jarabe de glucosa",3,"Azúcar, Jarabe de fructosa, Jarabe de glucosa",2,,Comercializador,"Turrón, Chocolate",0.0,0.3010299956639812,0.0,0.2258,1 - Alta
Arizona Beverages,1.0,10888515.585,182.0,"EUROGRANIZADOS, S.L.U.",helados,Azúcar,1,Azúcar,1,,Comercializador,Refrescos,0.0,0.0,0.0,0.0,1 - Alta
Arla,1.0,21777031.17,182.0,"EUROGRANIZADOS, S.L.U.",helados,Azúcar,1,Azúcar,3,145000000.0,Comercializador,"Café, Quesos",8.161368002234974,0.47712125471966244,3.894,0.4771,1 - Alta
Arla,1.0,21777031.17,182.0,"EUROGRANIZADOS, S.L.U.",helados,Azúcar,1,Azúcar,1,,Fabricante,Café,0.0,0.0,0.0,0.0,1 - Alta
Arla Foods,1.0,10888515.585,182.0,"EUROGRANIZADOS, S.L.U.",helados,Azúcar,1,Azúcar,1,145000000.0,Fabricante,Café,8.161368002234974,0.0,0.0,0.0,1 - Alta
Arluy,0.6,,,"LABORATORIOS ALMOND, S.L.",pasteleria,"Azúcar, Jarabe de fructosa, Jarabe de glucosa y fructosa",3,"Azúcar, Jarabe de fructosa, Jarabe de glucosa y fructosa, Miel pura de abejas",6,50000000.0,Comercializador,"Bollería, Galleteros",7.698970004336019,0.7781512503836436,3.5946,0.4669,2 - Media
Arluy,0.6,,,"LABORATORIOS ALMOND, S.L.",pasteleria,"Azúcar, Jarabe de fructosa, Jarabe de glucosa y fructosa",3,"Azúcar, Jarabe de fructosa, Jarabe de glucosa y fructosa, Miel pura de abejas",2,,Fabricante,Galleteros,0.0,0.3010299956639812,0.0,0.1806,2 - Media
Artelactico Caprino,1.0,25009061.361,23.0,"CAMPO REAL VITIVINICOLA, S.L.",vino y derivados del vino,"Azúcar, Jarabe de glucosa",2,"Azúcar, Jarabe de glucosa",1,,Fabricante,Quesos,0.0,0.0,0.0,0.0,1 - Alta
Artesanos Queseros Palencia,0.7143,,,MARIN GIMENEZ HNOS. S.A.,zumos y nectares,"Azúcar, Azúcar Líquido Invertido, Jarabe de fructosa, Jarabe de glucosa, Jarabe de glucosa y fructosa",5,"Azúcar, Azúcar Líquido Invertido, Jarabe de fructosa, Jarabe de glucosa, Jarabe de glucosa y fructosa, Miel pura de abejas",3,,Comercializador,Quesos,0.0,0.47712125471966244,0.0,0.3408,2 - Media
Artesanía Agrícola,0.5,,,"PROBELTE, S.A.U.",agroquimico,Sorbitol,1,Sorbitol,1,,Comercializador,Nutracéuticos,0.0,0.0,0.0,0.0,2 - Media
Astex,1.0,10888515.585,182.0,"EUROGRANIZADOS, S.L.U.",helados,Azúcar,1,Azúcar,1,,Fabricante,Salsas y aderezos,0.0,0.0,0.0,0.0,1 - Alta
Auchan,0.6667,,,"LA TAHONA DE UTIEL, S.L.",bolleria,"Azúcar, Jarabe de glucosa, Jarabe de glucosa y fructosa, Jarabe de sorbitol",4,"Azúcar, Caramelo natural, Jarabe de fructosa, Jarabe de glucosa, Jarabe de glucosa y fructosa, Jarabe de sorbitol",16,,Comercializador,"Frutos secos y snacks, Golosinas, Chocolate, Cereales, Bollería, Zumos y néctares, Panadería, Galleteros",0.0,1.2041199826559248,0.0,0.8028,2 - Media
Audens Food,1.0,1626895.95,12.0,"PRODUCTOS SUR, S.L.","especias, aromas,colorant",Dextrosa,1,Dextrosa,2,222000000.0,Comercializador,Quesos,8.346352974450639,0.3010299956639812,2.5125,0.301,1 - Alta
August Storck,1.0,10888515.585,182.0,"EUROGRANIZADOS, S.L.U.",helados,Azúcar,1,Azúcar,3,,Comercializador,"Chocolate, Galleteros",0.0,0.47712125471966244,0.0,0.4771,1 - Alta
"Avenida de la Transición Española 36, 28108, Alcobendas, Madrid",0.5,,,"PROBELTE, S.A.U.",agroquimico,Sorbitol,1,Sorbitol,1,,Comercializador,Bollería,0.0,0.0,0.0,0.0,2 - Media
Avinyo,1.0,10888515.584999999,182.0,"EUROGRANIZADOS, S.L.U.",helados,Azúcar,1,Azúcar,1,,Comercializador,Cárnico,0.0,0.0,0.0,0.0,1 - Alta
Azcaray,0.75,15796.75,1.0,"FRUTOS SECOS AURO, S.L.",frutos secos y snacks,"Azúcar, Caramelo natural, Jarabe de glucosa",3,"Azúcar, Caramelo natural, Jarabe de glucosa",3,,Comercializador,"Pastelería, Bollería",0.0,0.47712125471966244,0.0,0.3578,1 - Alta
Azienda Agricola San Salvatore,1.0,10888515.585,182.0,"EUROGRANIZADOS, S.L.U.",helados,Azúcar,1,Azúcar,2,,Fabricante,Pastelería,0.0,0.3010299956639812,0.0,0.301,1 - Alta
B Healthy,0.6,,,"FRUTAS Y TURRONES, S.A.",turron,"Azúcar, Jarabe de maltitol, Maltitol",3,"Azúcar, Caramelo natural, Jarabe de maltitol, Maltitol",3,,Comercializador,"Chocolate, Galleteros",0.0,0.47712125471966244,0.0,0.2863,2 - Media
"BIMBO DONUTS IBERIA, S.A.U.",0.5,,,"PROBELTE, S.A.U.",agroquimico,Sorbitol,1,Sorbitol,2,,Fabricante,Pastelería,0.0,0.3010299956639812,0.0,0.1505,2 - Media
"BOSTON NUTRACEUTICAL SCIENCE, SL",1.0,106967.1,3.0,"COMORALI, S.L.",pasteleria,Jarabe de maltitol,1,Jarabe de maltitol,2,,Fabricante,Nutracéuticos,0.0,0.3010299956639812,0.0,0.301,1 - Alta
Ba Sports Nutrition,1.0,10888515.585,182.0,"EUROGRANIZADOS, S.L.U.",helados,Azúcar,1,Azúcar,3,,Comercializador,Barritas y bebidas deportivas,0.0,0.47712125471966244,0.0,0.4771,1 - Alta
Bagley,0.75,15796.75,1.0,"FRUTOS SECOS AURO, S.L.",frutos secos y snacks,"Azúcar, Caramelo natural, Jarabe de glucosa",3,"Azúcar, Caramelo natural, Jarabe de glucosa",2,,Comercializador,Galleteros,0.0,0.3010299956639812,0.0,0.2258,1 - Alta
Bahlsen,1.0,37318242.334,3.0,"QUIRANTE FRUITS, S.L.",zumos y nectares,"Azúcar, Azúcar Líquido Invertido, Jarabe de glucosa",3,"Azúcar, Azúcar Líquido Invertido, Jarabe de glucosa",2,,Comercializador,Galleteros,0.0,0.3010299956639812,0.0,0.301,1 - Alta
Bajamar,1.0,10888515.585,182.0,"EUROGRANIZADOS, S.L.U.",helados,Azúcar,1,Azúcar,1,,Comercializador,Conservas vegetales,0.0,0.0,0.0,0.0,1 - Alta
Bakery Donuts Iberia,0.5,,,"TURRONES Y ESPECIALIDADES VIAR, S.A.",turron,"Maltitol, Sorbitol",2,"Maltitol, Sorbitol",2,,Fabricante,Bollería,0.0,0.3010299956639812,0.0,0.1505,2 - Media
Bakoma,0.75,28870.0,1.0,"VIOKOX, S.A",agroquimico,"Azúcar, Dextrosa, Jarabe de glucosa",3,"Azúcar, Dextrosa, Jarabe de glucosa, Miel pura de abejas",2,,Fabricante,"Lácteos, yogures y postres lácteos",0.0,0.3010299956639812,0.0,0.2258,1 - Alta
Balconi,0.8,1840938.392,6.0,"SINBLAT ALIMENTACION SALUDABLE, S.L.",bolleria,"Azúcar, Jarabe de fructosa, Jarabe de glucosa, Jarabe de glucosa y fructosa",4,"Azúcar, Jarabe de fructosa, Jarabe de glucosa, Jarabe de glucosa y fructosa",6,,Comercializador,"Bollería, Galleteros",0.0,0.7781512503836436,0.0,0.6225,1 - Alta
Balocco,1.0,106967.1,3.0,"COMORALI, S.L.",pasteleria,Jarabe de maltitol,1,Jarabe de maltitol,4,,Fabricante,Galleteros,0.0,0.6020599913279624,0.0,0.6021,1 - Alta
Balocco,1.0,106967.1,3.0,"COMORALI, S.L.",pasteleria,Jarabe de maltitol,1,Jarabe de maltitol,1,,Comercializador,Galleteros,0.0,0.0,0.0,0.0,1 - Alta
Banketbakkerij,1.0,37318242.334,3.0,"QUIRANTE FRUITS, S.L.",zumos y nectares,"Azúcar, Azúcar Líquido Invertido, Jarabe de glucosa",3,"Azúcar, Azúcar Líquido Invertido, Jarabe de glucosa",1,,Fabricante,Galleteros,0.0,0.0,0.0,0.0,1 - Alta
Banketbakkerij Merba,0.6667,,,"SINBLAT ALIMENTACION SALUDABLE, S.L.",bolleria,"Azúcar, Jarabe de fructosa, Jarabe de glucosa, Jarabe de glucosa y fructosa",4,"Azúcar, Caramelo natural, Jarabe de fructosa, Jarabe de glucosa, Jarabe de glucosa y fructosa",4,,Fabricante,Galleteros,0.0,0.6020599913279624,0.0,0.4014,2 - Media
Barcelonia Vegan,1.0,1016348.602,9.0,"ESTUCHADOS FANNY, S.L.",estuchadores,"Azúcar, Azúcar Integral",2,"Azúcar, Azúcar Integral",4,,Comercializador,Galleteros,0.0,0.6020599913279624,0.0,0.6021,1 - Alta
Barilla,1.0,21777031.17,182.0,"EUROGRANIZADOS, S.L.U.",helados,Azúcar,1,Azúcar,6,,Comercializador,"Salsas y aderezos, Galleteros",0.0,0.7781512503836436,0.0,0.7782,1 - Alta
Barilla,1.0,21777031.17,182.0,"EUROGRANIZADOS, S.L.U.",helados,Azúcar,1,Azúcar,2,24000000.0,Fabricante,Salsas y aderezos,7.380211241711606,0.3010299956639812,2.2217,0.301,1 - Alta
Baronie,1.0,10888515.584999999,182.0,"EUROGRANIZADOS, S.L.U.",helados,Azúcar,1,Azúcar,1,,Comercializador,Chocolate,0.0,0.0,0.0,0.0,1 - Alta
"Barranco Food Gourmet, S.L.",0.5,,,"PROBELTE, S.A.U.",agroquimico,Sorbitol,1,Sorbitol,1,,Fabricante,Platos preparados,0.0,0.0,0.0,0.0,2 - Media
Barteneja Conservas,1.0,1016348.602,9.0,"ESTUCHADOS FANNY, S.L.",estuchadores,"Azúcar, Azúcar Integral",2,"Azúcar, Azúcar Integral",1,,Fabricante,Mermeladas y confituras,0.0,0.0,0.0,0.0,1 - Alta
Bavaria,0.5,,,"EUROGRANIZADOS, S.L.U.",helados,Azúcar,1,"Azúcar, Caramelo natural",1,,Comercializador,Refrescos,0.0,0.0,0.0,0.0,2 - Media
Bavaria And Cia,1.0,10888515.585,182.0,"EUROGRANIZADOS, S.L.U.",helados,Azúcar,1,Azúcar,1,,Fabricante,Refrescos,0.0,0.0,0.0,0.0,1 - Alta
Bazooka Candy Brands,0.8,1840938.392,6.0,"SINBLAT ALIMENTACION SALUDABLE, S.L.",bolleria,"Azúcar, Jarabe de fructosa, Jarabe de glucosa, Jarabe de glucosa y fructosa",4,"Azúcar, Jarabe de fructosa, Jarabe de glucosa, Jarabe de glucosa y fructosa",8,,Comercializador,"Golosinas, Turrón",0.0,0.9030899869919435,0.0,0.7225,1 - Alta
Bb Chocolate Grup,1.0,10888515.585,182.0,"EUROGRANIZADOS, S.L.U.",helados,Azúcar,1,Azúcar,2,,Comercializador,Chocolate,0.0,0.3010299956639812,0.0,0.301,1 - Alta
Bcf Conserverie De Fruits De Mer,1.0,10888515.585,182.0,"EUROGRANIZADOS, S.L.U.",helados,Azúcar,1,Azúcar,3,,Comercializador,Refrescos,0.0,0.47712125471966244,0.0,0.4771,1 - Alta
Beautybears,1.0,106967.1,3.0,"COMORALI, S.L.",pasteleria,Jarabe de maltitol,1,Jarabe de maltitol,5,,Comercializador,Nutracéuticos,0.0,0.6989700043360189,0.0,0.699,1 - Alta
Beckys,0.75,37334388.274,3.0,"QUIRANTE FRUITS, S.L.",zumos y nectares,"Azúcar, Azúcar Líquido Invertido, Jarabe de glucosa",3,"Azúcar, Azúcar Líquido Invertido, Dextrosa, Jarabe de glucosa",9,,Comercializador,"Golosinas, Chocolate, Galleteros",0.0,0.9542425094393249,0.0,0.7157,1 - Alta
Bedo Imex,1.0,25009061.361,23.0,"CAMPO REAL VITIVINICOLA, S.L.",vino y derivados del vino,"Azúcar, Jarabe de glucosa",2,"Azúcar, Jarabe de glucosa",1,,Fabricante,Chocolate,0.0,0.0,0.0,0.0,1 - Alta
Bee And Cee Foods,0.75,37334388.274,3.0,"QUIRANTE FRUITS, S.L.",zumos y nectares,"Azúcar, Azúcar Líquido Invertido, Jarabe de glucosa",3,"Azúcar, Azúcar Líquido Invertido, Dextrosa, Jarabe de glucosa",4,,Comercializador,Salsas y aderezos,0.0,0.6020599913279624,0.0,0.4515,1 - Alta
Belevels,0.5,,,"PSITTACUS CATALONIA, S.L.",piensos mascotas,Fructosa,1,"Fructosa, Sorbitol",2,18940000.0,Comercializador,"Nutracéuticos, Barritas y bebidas deportivas",7.277379974667254,0.3010299956639812,1.0954,0.1505,2 - Media
Bell,1.0,10888515.585,182.0,"EUROGRANIZADOS, S.L.U.",helados,Azúcar,1,Azúcar,1,,Fabricante,Conservas vegetales,0.0,0.0,0.0,0.0,1 - Alta
Bell Espana Alimentacion,1.0,12515411.535,194.0,"EUROGRANIZADOS, S.L.U.",helados,Azúcar,1,Azúcar,3,149880000.0,Fabricante,Cárnico,8.17574368442176,0.47712125471966244,3.9008,0.4771,1 - Alta
Bell Espana Alimentacion,1.0,12515411.535,194.0,"EUROGRANIZADOS, S.L.U.",helados,Azúcar,1,Azúcar,1,,Comercializador,Cárnico,0.0,0.0,0.0,0.0,1 - Alta
Bellring Brands,0.6364,,,"FOOD REBELS, S.L.",bolleria,"Azúcar, Fructooligosacaridos, Fructosa, Jarabe de fructosa, Jarabe de glucosa, Maltitol, Sorbitol",7,"Azúcar, Azúcar Líquido Invertido, Caramelo natural, Fructooligosacaridos, Fructosa, Jarabe de fructosa, Jarabe de glucosa, Maltitol, Sorbitol",17,,Comercializador,Barritas y bebidas deportivas,0.0,1.2304489213782739,0.0,0.7831,2 - Media
Beps Biopharm,0.5,,,"PROBELTE, S.A.U.",agroquimico,Sorbitol,1,Sorbitol,1,,Comercializador,Nutracéuticos,0.0,0.0,0.0,0.0,2 - Media
Besco Artesanos,1.0,10888515.585,182.0,"EUROGRANIZADOS, S.L.U.",helados,Azúcar,1,Azúcar,3,,Comercializador,Mermeladas y confituras,0.0,0.47712125471966244,0.0,0.4771,1 - Alta
Bestyou Healthy,0.3333,,,"PROBELTE, S.A.U.",agroquimico,Sorbitol,1,"Caramelo natural, Sorbitol",1,,Comercializador,Nutracéuticos,0.0,0.0,0.0,0.0,3 - Baja
Bimbo,1.0,1716982.77,17.0,"PLATOS TRADICIONALES, S.A",platos preparados,"Azúcar, Dextrosa",2,"Azúcar, Dextrosa",29,570000000.0,Comercializador,"Frutos secos y snacks, Bollería, Panadería, Galleteros",8.755874855672491,1.462397997898956,12.8046,1.4624,1 - Alta
Bimbo,1.0,1716982.77,17.0,"PLATOS TRADICIONALES, S.A",platos preparados,"Azúcar, Dextrosa",2,"Azúcar, Dextrosa",1,570000000.0,Fabricante,Panadería,8.755874855672491,0.0,0.0,0.0,1 - Alta
Bimbo Donuts Iberia,0.8,729526.31,1.0,"MELS CARLET, S.L.",piensos ganaderia,"Azúcar, Dextrosa, Jarabe de glucosa, Jarabe de glucosa y fructosa",4,"Azúcar, Dextrosa, Jarabe de fructosa, Jarabe de glucosa, Jarabe de glucosa y fructosa",9,570000000.0,Comercializador,"Bollería, Helados, Galleteros",8.755874855672491,0.9542425094393249,6.6842,0.7634,1 - Alta
Bio Darma,1.0,21777031.17,182.0,"EUROGRANIZADOS, S.L.U.",helados,Azúcar,1,Azúcar,2,,Fabricante,Galleteros,0.0,0.3010299956639812,0.0,0.301,1 - Alta
Bio Darma,1.0,21777031.17,182.0,"EUROGRANIZADOS, S.L.U.",helados,Azúcar,1,Azúcar,1,,Comercializador,Galleteros,0.0,0.0,0.0,0.0,1 - Alta
Biocentury S.L.U.,0.3333,,,"CHOCOLATES ALGARRA, S.L.",chocolate,Maltitol,1,Maltitol,1,,Fabricante,Frutos secos y snacks,0.0,0.0,0.0,0.0,3 - Baja
Biocop Productos Biologicos,1.0,1016348.602,9.0,"ESTUCHADOS FANNY, S.L.",estuchadores,"Azúcar, Azúcar Integral",2,"Azúcar, Azúcar Integral",5,23050000.0,Comercializador,Galleteros,7.362670929725667,0.6989700043360189,5.1463,0.699,1 - Alta
Biogran,0.75,245746.375,1.0,"TARBAL FOOD, S.L.",pasteleria,"Azúcar, Azúcar Integral, Jarabe de glucosa",3,"Azúcar, Azúcar Integral, Jarabe de glucosa, Miel pura de abejas",9,,Comercializador,"Barritas y bebidas deportivas, Cereales",0.0,0.9542425094393249,0.0,0.7157,1 - Alta
Biomediks Lab,0.25,,,"FRUTOS SECOS AURO, S.L.",frutos secos y snacks,Caramelo natural,1,Caramelo natural,1,,Comercializador,Salsas y aderezos,0.0,0.0,0.0,0.0,3 - Baja
Bioserum Laboratorios,1.0,327520.5,16.0,"PSITTACUS CATALONIA, S.L.",piensos mascotas,Fructosa,1,Fructosa,1,,Comercializador,Nutracéuticos,0.0,0.0,0.0,0.0,1 - Alta
Biotechusa,1.0,634544.7,3.0,TURRON.Y CARAMEL. DE HELLIN SL,golosinas,"Azúcar, Jarabe de glucosa, Maltitol",3,"Azúcar, Jarabe de glucosa, Maltitol",3,,Comercializador,Barritas y bebidas deportivas,0.0,0.47712125471966244,0.0,0.4771,1 - Alta
Bip,1.0,25009061.361,23.0,"CAMPO REAL VITIVINICOLA, S.L.",vino y derivados del vino,"Azúcar, Jarabe de glucosa",2,"Azúcar, Jarabe de glucosa",2,6000000.0,Comercializador,"Golosinas, Chocolate",6.778151250383644,0.3010299956639812,2.0404,0.301,1 - Alta
Bip Holland Bv,1.0,10888515.585,182.0,"EUROGRANIZADOS, S.L.U.",helados,Azúcar,1,Azúcar,1,,Fabricante,Chocolate,0.0,0.0,0.0,0.0,1 - Alta
Biscotteria,1.0,25009061.361,23.0,"CAMPO REAL VITIVINICOLA, S.L.",vino y derivados del vino,"Azúcar, Jarabe de glucosa",2,"Azúcar, Jarabe de glucosa",1,,Comercializador,Galleteros,0.0,0.0,0.0,0.0,1 - Alta
Biscotteria Tonon,1.0,25009061.361,23.0,"CAMPO REAL VITIVINICOLA, S.L.",vino y derivados del vino,"Azúcar, Jarabe de glucosa",2,"Azúcar, Jarabe de glucosa",1,,Comercializador,Galleteros,0.0,0.0,0.0,0.0,1 - Alta
Biscuit International,0.5,,,"EUROGRANIZADOS, S.L.U.",helados,Azúcar,1,"Azúcar, Caramelo natural",1,,Fabricante,Galleteros,0.0,0.0,0.0,0.0,2 - Media
Biscuit International Grabower,0.75,1088414.0,3.0,"LABORATORIOS ALMOND, S.L.",pasteleria,"Azúcar, Jarabe de fructosa, Jarabe de glucosa y fructosa",3,"Azúcar, Jarabe de fructosa, Jarabe de glucosa y fructosa",1,,Fabricante,Golosinas,0.0,0.0,0.0,0.0,1 - Alta
Biscuiterie Jules Destrooper,0.5,,,"EUROGRANIZADOS, S.L.U.",helados,Azúcar,1,"Azúcar, Miel pura de abejas",4,,Fabricante,Galleteros,0.0,0.6020599913279624,0.0,0.301,2 - Media
Biscuiterie La Mere Poulard,1.0,10888515.585,182.0,"EUROGRANIZADOS, S.L.U.",helados,Azúcar,1,Azúcar,1,,Comercializador,Galleteros,0.0,0.0,0.0,0.0,1 - Alta
Biscuiterie Latour,1.0,10888515.585,182.0,"EUROGRANIZADOS, S.L.U.",helados,Azúcar,1,Azúcar,1,,Fabricante,Bollería,0.0,0.0,0.0,0.0,1 - Alta
Biscuits Galicia,1.0,1716982.77,17.0,"PLATOS TRADICIONALES, S.A",platos preparados,"Azúcar, Dextrosa",2,"Azúcar, Dextrosa",3,,Comercializador,Galleteros,0.0,0.47712125471966244,0.0,0.4771,1 - Alta
Black Hat Drinks,1.0,10888515.585,182.0,"EUROGRANIZADOS, S.L.U.",helados,Azúcar,1,Azúcar,1,,Comercializador,Refrescos,0.0,0.0,0.0,0.0,1 - Alta
Blanco Distribuciones,1.0,10888515.585,182.0,"EUROGRANIZADOS, S.L.U.",helados,Azúcar,1,Azúcar,1,,Comercializador,Bollería,0.0,0.0,0.0,0.0,1 - Alta
Blanxart,1.0,11463371.71,192.0,"EUROGRANIZADOS, S.L.U.",helados,Azúcar,1,Azúcar,2,7480000.0,Fabricante,Chocolate,6.873901597864461,0.3010299956639812,2.0693,0.301,1 - Alta
Blanxart,1.0,11463371.71,192.0,"EUROGRANIZADOS, S.L.U.",helados,Azúcar,1,Azúcar,1,7480000.0,Comercializador,Chocolate,6.873901597864461,0.0,0.0,0.0,1 - Alta
Bm Food Manufacturers,1.0,10888515.585,182.0,"EUROGRANIZADOS, S.L.U.",helados,Azúcar,1,Azúcar,1,4000000.0,Comercializador,Galleteros,6.6020599913279625,0.0,0.0,0.0,1 - Alta
Boadas 1880,1.0,3343878.7199999997,29.0,"PRODUCTOS SUR, S.L.","especias, aromas,colorant",Dextrosa,1,Dextrosa,4,126720000.0,Comercializador,Cárnico,8.102845164245418,0.6020599913279624,4.8784,0.6021,1 - Alta
Boadas 1880,1.0,3343878.7199999997,29.0,"PRODUCTOS SUR, S.L.","especias, aromas,colorant",Dextrosa,1,Dextrosa,1,126720000.0,Fabricante,Cárnico,8.102845164245418,0.0,0.0,0.0,1 - Alta
Bodega De Sarria,1.0,10888515.585,182.0,"EUROGRANIZADOS, S.L.U.",helados,Azúcar,1,Azúcar,1,2000000.0,Comercializador,Conservas vegetales,6.301029995663981,0.0,0.0,0.0,1 - Alta
Bolands,0.75,37622415.029,4.0,"QUIRANTE FRUITS, S.L.",zumos y nectares,"Azúcar, Azúcar Líquido Invertido, Jarabe de glucosa",3,"Azúcar, Azúcar Líquido Invertido, Fructosa, Jarabe de glucosa",1,,Comercializador,Galleteros,0.0,0.0,0.0,0.0,1 - Alta
Bolton Cile,0.5,,,ARTENAY BARS SAS,turron,"Jarabe de fructosa, Jarabe de glucosa y fructosa",2,"Jarabe de fructosa, Jarabe de glucosa y fructosa, Miel pura de abejas",4,115000000.0,Fabricante,Salsas y aderezos,8.060697840353612,0.6020599913279624,2.4265,0.301,2 - Media
Bombons Cudie,1.0,10888515.585,182.0,"EUROGRANIZADOS, S.L.U.",helados,Azúcar,1,Azúcar,3,,Comercializador,Chocolate,0.0,0.47712125471966244,0.0,0.4771,1 - Alta
Bon Preu,1.0,1016348.602,9.0,"ESTUCHADOS FANNY, S.L.",estuchadores,"Azúcar, Azúcar Integral",2,"Azúcar, Azúcar Integral",4,2611500000.0,Comercializador,Frutos secos y snacks,9.416890030173013,0.6020599913279624,5.6695,0.6021,1 - Alta
Bonduelle,1.0,10888515.585,182.0,"EUROGRANIZADOS, S.L.U.",helados,Azúcar,1,Azúcar,2,,Comercializador,Conservas vegetales,0.0,0.3010299956639812,0.0,0.301,1 - Alta
Bonusan,0.4,,,"FRUTOS SECOS AURO, S.L.",frutos secos y snacks,"Caramelo natural, Jarabe de glucosa",2,"Caramelo natural, Jarabe de glucosa, Sorbitol",3,,Comercializador,Nutracéuticos,0.0,0.47712125471966244,0.0,0.1908,3 - Baja
Bonusan Bv,0.5,,,"PROBELTE, S.A.U.",agroquimico,Sorbitol,1,Sorbitol,1,,Fabricante,Nutracéuticos,0.0,0.0,0.0,0.0,2 - Media
Boortmalt,1.0,1716982.77,17.0,"PLATOS TRADICIONALES, S.A",platos preparados,"Azúcar, Dextrosa",2,"Azúcar, Dextrosa",3,,Comercializador,Frutos secos y snacks,0.0,0.47712125471966244,0.0,0.4771,1 - Alta
Borges,0.6667,,,"CAMPO REAL VITIVINICOLA, S.L.",vino y derivados del vino,"Azúcar, Jarabe de glucosa",2,"Azúcar, Jarabe de glucosa, Miel pura de abejas",4,,Comercializador,Frutos secos y snacks,0.0,0.6020599913279624,0.0,0.4014,2 - Media
Borges Agricultura And Industrial Nuts,0.5,,,"EUROGRANIZADOS, S.L.U.",helados,Azúcar,1,"Azúcar, Miel pura de abejas",1,120000000.0,Fabricante,Frutos secos y snacks,8.079181246047625,0.0,0.0,0.0,2 - Media
Borges Branded Foods S.L.U.,0.5,,,"TURRONES Y ESPECIALIDADES VIAR, S.A.",turron,"Maltitol, Sorbitol",2,"Maltitol, Sorbitol",4,,Fabricante,Turrón,0.0,0.6020599913279624,0.0,0.301,2 - Media
Borggreve,1.0,10888515.585,182.0,"EUROGRANIZADOS, S.L.U.",helados,Azúcar,1,Azúcar,1,,Fabricante,Galleteros,0.0,0.0,0.0,0.0,1 - Alta
Borras,1.0,10888515.585,182.0,"EUROGRANIZADOS, S.L.U.",helados,Azúcar,1,Azúcar,1,,Comercializador,Chocolate,0.0,0.0,0.0,0.0,1 - Alta
Boston Nutraceutical Science,0.6,,,"TURRONES Y ESPECIALIDADES VIAR, S.A.",turron,"Jarabe de maltitol, Maltitol, Sorbitol",3,"Fructosa, Jarabe de maltitol, Maltitol, Sorbitol",7,45000000.0,Comercializador,"Nutracéuticos, Barritas y bebidas deportivas",7.653212513775344,0.8450980400142568,3.8806,0.5071,2 - Media
Bosy Healthy,0.25,,,"FRUTOS SECOS AURO, S.L.",frutos secos y snacks,Caramelo natural,1,Caramelo natural,1,,Fabricante,Cereales,0.0,0.0,0.0,0.0,3 - Baja
Boulangerie Patisserie Jp Baeke,1.0,1016348.602,9.0,"ESTUCHADOS FANNY, S.L.",estuchadores,"Azúcar, Azúcar Integral",2,"Azúcar, Azúcar Integral",2,,Comercializador,Galleteros,0.0,0.3010299956639812,0.0,0.301,1 - Alta
Brand Development,1.0,10888515.584999999,182.0,"EUROGRANIZADOS, S.L.U.",helados,Azúcar,1,Azúcar,1,,Fabricante,Turrón,0.0,0.0,0.0,0.0,1 - Alta
Brand Hatchers,1.0,1716982.77,17.0,"PLATOS TRADICIONALES, S.A",platos preparados,"Azúcar, Dextrosa",2,"Azúcar, Dextrosa",1,,Comercializador,Turrón,0.0,0.0,0.0,0.0,1 - Alta
Brandt Schokoladen,1.0,10888515.585,182.0,"EUROGRANIZADOS, S.L.U.",helados,Azúcar,1,Azúcar,1,,Fabricante,Chocolate,0.0,0.0,0.0,0.0,1 - Alta
Brasserie D Achouffe,1.0,26359635.281,24.0,"CAMPO REAL VITIVINICOLA, S.L.",vino y derivados del vino,"Azúcar, Jarabe de glucosa",2,"Azúcar, Jarabe de glucosa",2,,Fabricante,Cervezas,0.0,0.3010299956639812,0.0,0.301,1 - Alta
Brasserie D Achouffe,1.0,26359635.281,24.0,"CAMPO REAL VITIVINICOLA, S.L.",vino y derivados del vino,"Azúcar, Jarabe de glucosa",2,"Azúcar, Jarabe de glucosa",1,,Comercializador,Cervezas,0.0,0.0,0.0,0.0,1 - Alta
Brasserie D Achouffee,1.0,1350573.92,1.0,"J. GARCIA CARRION, S.A.",vino y derivados del vino,"Azúcar, Azúcar Líquido Invertido",2,"Azúcar, Azúcar Líquido Invertido",2,,Fabricante,Cervezas,0.0,0.3010299956639812,0.0,0.301,1 - Alta
Brewery Martens,1.0,10888515.585,182.0,"EUROGRANIZADOS, S.L.U.",helados,Azúcar,1,Azúcar,2,,Fabricante,Cervezas,0.0,0.3010299956639812,0.0,0.301,1 - Alta
Brioche Pasquier,1.0,10888515.585,182.0,"EUROGRANIZADOS, S.L.U.",helados,Azúcar,1,Azúcar,3,,Comercializador,Panadería,0.0,0.47712125471966244,0.0,0.4771,1 - Alta
Brompton House,0.75,12724.06,1.0,"IBERIA INGREDIENTS, S.L.",vino y derivados del vino,"Azúcar, Jarabe de glucosa, Sorbitol",3,"Azúcar, Jarabe de glucosa, Sorbitol",2,,Comercializador,Bollería,0.0,0.3010299956639812,0.0,0.2258,1 - Alta
Brouwerij Van Steenberge,1.0,10888515.585,182.0,"EUROGRANIZADOS, S.L.U.",helados,Azúcar,1,Azúcar,1,,Fabricante,Cervezas,0.0,0.0,0.0,0.0,1 - Alta
Bubblego,0.75,37622415.029,4.0,"QUIRANTE FRUITS, S.L.",zumos y nectares,"Azúcar, Azúcar Líquido Invertido, Jarabe de glucosa",3,"Azúcar, Azúcar Líquido Invertido, Fructosa, Jarabe de glucosa",3,,Comercializador,Refrescos,0.0,0.47712125471966244,0.0,0.3578,1 - Alta
Bulk,0.6667,,,"AB MAURI FOOD, S.A.",panaderia,"Azúcar, Azúcar Integral, Fructooligosacaridos, Jarabe de glucosa",4,"Azúcar, Azúcar Integral, Caramelo natural, Fructooligosacaridos, Jarabe de glucosa",3,,Comercializador,"Nutracéuticos, Barritas y bebidas deportivas",0.0,0.47712125471966244,0.0,0.3181,2 - Media
Burtons Biscuit Company,1.0,37318242.334,3.0,"QUIRANTE FRUITS, S.L.",zumos y nectares,"Azúcar, Azúcar Líquido Invertido, Jarabe de glucosa",3,"Azúcar, Azúcar Líquido Invertido, Jarabe de glucosa",1,,Comercializador,Galleteros,0.0,0.0,0.0,0.0,1 - Alta
"CANDYCHOC, S.A.",1.0,39204.75,1.0,"PROBELTE, S.A.U.",agroquimico,"Dextrosa, Sorbitol",2,"Dextrosa, Sorbitol",4,,Fabricante,Golosinas,0.0,0.6020599913279624,0.0,0.6021,1 - Alta
CASA SANTIVERI S.L.,1.0,106967.1,3.0,"COMORALI, S.L.",pasteleria,Jarabe de maltitol,1,Jarabe de maltitol,15,,Fabricante,Galleteros,0.0,1.1760912590556813,0.0,1.1761,1 - Alta
CENTROS COMERCIALES CARREFOUR SA,1.0,106967.1,3.0,"COMORALI, S.L.",pasteleria,Jarabe de maltitol,1,Jarabe de maltitol,1,,Fabricante,Mermeladas y confituras,0.0,0.0,0.0,0.0,1 - Alta
CHOCOLATES VALOR,0.3333,,,"CHOCOLATES ALGARRA, S.L.",chocolate,Maltitol,1,Maltitol,1,,Fabricante,Chocolate,0.0,0.0,0.0,0.0,3 - Baja
COVACA SA,0.3333,,,"CHOCOLATES ALGARRA, S.L.",chocolate,Maltitol,1,Maltitol,1,,Fabricante,Galleteros,0.0,0.0,0.0,0.0,3 - Baja
Cacao Sampaka,0.75,37305518.274,2.0,"QUIRANTE FRUITS, S.L.",zumos y nectares,"Azúcar, Azúcar Líquido Invertido, Jarabe de glucosa",3,"Azúcar, Azúcar Líquido Invertido, Jarabe de glucosa, Miel pura de abejas",3,1560000.0,Comercializador,"Chocolate, Turrón, Bollería",6.193124598354461,0.47712125471966244,2.2162,0.3578,1 - Alta
Cacaolat,0.75,1088414.0,3.0,"LABORATORIOS ALMOND, S.L.",pasteleria,"Azúcar, Jarabe de fructosa, Jarabe de glucosa y fructosa",3,"Azúcar, Jarabe de fructosa, Jarabe de glucosa y fructosa",4,110000000.0,Comercializador,"Alternativas a lácteos, Bollería, Café",8.041392685158225,0.6020599913279624,3.6311,0.4515,1 - Alta
Cadbury,1.0,25009061.361,23.0,"CAMPO REAL VITIVINICOLA, S.L.",vino y derivados del vino,"Azúcar, Jarabe de glucosa",2,"Azúcar, Jarabe de glucosa",1,,Comercializador,Golosinas,0.0,0.0,0.0,0.0,1 - Alta
Cafe Britt,1.0,10888515.585,182.0,"EUROGRANIZADOS, S.L.U.",helados,Azúcar,1,Azúcar,1,,Comercializador,Conservas vegetales,0.0,0.0,0.0,0.0,1 - Alta
Caldos Del Norte,0.75,15796.75,1.0,"FRUTOS SECOS AURO, S.L.",frutos secos y snacks,"Azúcar, Caramelo natural, Jarabe de glucosa",3,"Azúcar, Caramelo natural, Jarabe de glucosa",3,17500000.0,Fabricante,"Salsas y aderezos, Pastelería",7.243038048686294,0.47712125471966244,2.5919,0.3578,1 - Alta
"Calidad Pascual, SAU.",0.75,86052.3,1.0,"TURRONES Y ESPECIALIDADES VIAR, S.A.",turron,"Jarabe de maltitol, Maltitol, Sorbitol",3,"Jarabe de maltitol, Maltitol, Sorbitol",3,,Fabricante,Barritas y bebidas deportivas,0.0,0.47712125471966244,0.0,0.3578,1 - Alta
Camic Industries,1.0,1626895.95,12.0,"PRODUCTOS SUR, S.L.","especias, aromas,colorant",Dextrosa,1,Dextrosa,1,,Fabricante,Cárnico,0.0,0.0,0.0,0.0,1 - Alta
Campelos Do Coto,1.0,10888515.584999999,182.0,"EUROGRANIZADOS, S.L.U.",helados,Azúcar,1,Azúcar,1,,Fabricante,Bollería,0.0,0.0,0.0,0.0,1 - Alta
Campodulce Curados,1.0,10888515.585,182.0,"EUROGRANIZADOS, S.L.U.",helados,Azúcar,1,Azúcar,1,,Comercializador,Cárnico,0.0,0.0,0.0,0.0,1 - Alta
Campofrio,0.6667,,,"PLATOS TRADICIONALES, S.A",platos preparados,"Azúcar, Dextrosa",2,"Azúcar, Dextrosa, Sorbitol",10,2100000000.0,Comercializador,Cárnico,9.32221929473392,1.0,6.2151,0.6667,2 - Media
Campofrio Food Group S.A.,0.3333,,,"PROBELTE, S.A.U.",agroquimico,Sorbitol,1,"Miel pura de abejas, Sorbitol",5,,Fabricante,"Cárnico, Platos preparados",0.0,0.6989700043360189,0.0,0.233,3 - Baja
Candy Can,1.0,10888515.585,182.0,"EUROGRANIZADOS, S.L.U.",helados,Azúcar,1,Azúcar,1,,Comercializador,Refrescos,0.0,0.0,0.0,0.0,1 - Alta
Candychoc,1.0,67539833.81,24.0,"CAMPO REAL VITIVINICOLA, S.L.",vino y derivados del vino,"Azúcar, Jarabe de glucosa",2,"Azúcar, Jarabe de glucosa",2,,Comercializador,Golosinas,0.0,0.3010299956639812,0.0,0.301,1 - Alta
Candychoc,1.0,67539833.81,24.0,"CAMPO REAL VITIVINICOLA, S.L.",vino y derivados del vino,"Azúcar, Jarabe de glucosa",2,"Azúcar, Jarabe de glucosa",1,23000000.0,Fabricante,Golosinas,7.361727836017593,0.0,0.0,0.0,1 - Alta
Candyfresh,1.0,10888515.585,182.0,"EUROGRANIZADOS, S.L.U.",helados,Azúcar,1,Azúcar,3,,Comercializador,Refrescos,0.0,0.47712125471966244,0.0,0.4771,1 - Alta
"Cantalou, S.A.",1.0,106967.1,3.0,"COMORALI, S.L.",pasteleria,Jarabe de maltitol,1,Jarabe de maltitol,2,,Fabricante,Golosinas,0.0,0.3010299956639812,0.0,0.301,1 - Alta
Cantero De Letur,1.0,1016348.602,9.0,"ESTUCHADOS FANNY, S.L.",estuchadores,"Azúcar, Azúcar Integral",2,"Azúcar, Azúcar Integral",9,28000000.0,Comercializador,"Lácteos, yogures y postres lácteos, Refrescos",7.447158031342219,0.9542425094393249,7.1064,0.9542,1 - Alta
Capex,0.5,,,"EUROGRANIZADOS, S.L.U.",helados,Azúcar,1,"Azúcar, Sorbitol",1,,Comercializador,Bollería,0.0,0.0,0.0,0.0,2 - Media
Capital Foods International,0.6667,,,"CAMPO REAL VITIVINICOLA, S.L.",vino y derivados del vino,"Azúcar, Jarabe de glucosa",2,"Azúcar, Jarabe de glucosa, Miel pura de abejas",1,,Comercializador,Galleteros,0.0,0.0,0.0,0.0,2 - Media
Carambar And Co,0.8,1840938.392,6.0,"SINBLAT ALIMENTACION SALUDABLE, S.L.",bolleria,"Azúcar, Jarabe de fructosa, Jarabe de glucosa, Jarabe de glucosa y fructosa",4,"Azúcar, Jarabe de fructosa, Jarabe de glucosa, Jarabe de glucosa y fructosa",8,,Comercializador,"Golosinas, Chocolate, Turrón",0.0,0.9030899869919435,0.0,0.7225,1 - Alta
Carl Kuehne,1.0,10888515.585,182.0,"EUROGRANIZADOS, S.L.U.",helados,Azúcar,1,Azúcar,1,,Fabricante,Salsas y aderezos,0.0,0.0,0.0,0.0,1 - Alta
Carlafex,1.0,1716982.77,17.0,"PLATOS TRADICIONALES, S.A",platos preparados,"Azúcar, Dextrosa",2,"Azúcar, Dextrosa",4,,Comercializador,Cárnico,0.0,0.6020599913279624,0.0,0.6021,1 - Alta
Carlotena De Asados,1.0,1626895.95,12.0,"PRODUCTOS SUR, S.L.","especias, aromas,colorant",Dextrosa,1,Dextrosa,1,67310000.0,Comercializador,Cárnico,7.8280795905567455,0.0,0.0,0.0,1 - Alta
Carnes Y Vegetales,1.0,10888515.584999999,182.0,"EUROGRANIZADOS, S.L.U.",helados,Azúcar,1,Azúcar,1,37510000.0,Fabricante,Salsas y aderezos,7.574147064150723,0.0,0.0,0.0,1 - Alta
Carnes Y Vegetales,1.0,10888515.584999999,182.0,"EUROGRANIZADOS, S.L.U.",helados,Azúcar,1,Azúcar,1,,Comercializador,Salsas y aderezos,0.0,0.0,0.0,0.0,1 - Alta
Carnicas Catala,1.0,1716982.77,17.0,"PLATOS TRADICIONALES, S.A",platos preparados,"Azúcar, Dextrosa",2,"Azúcar, Dextrosa",2,,Comercializador,Cárnico,0.0,0.3010299956639812,0.0,0.301,1 - Alta
Carnicas Dfiallo,1.0,351098.73,13.0,"DULCES EL AVION, S.A.",chocolate,Jarabe de glucosa,1,Jarabe de glucosa,1,,Fabricante,Cárnico,0.0,0.0,0.0,0.0,1 - Alta
Carnicas Serrano,0.75,28870.0,1.0,"VIOKOX, S.A",agroquimico,"Azúcar, Dextrosa, Jarabe de glucosa",3,"Azúcar, Dextrosa, Jarabe de glucosa, Sorbitol",3,,Comercializador,Cárnico,0.0,0.47712125471966244,0.0,0.3578,1 - Alta
"Carolina Foods, SL",0.3333,,,"CHOCOLATES ALGARRA, S.L.",chocolate,Maltitol,1,Maltitol,1,,Fabricante,Galleteros,0.0,0.0,0.0,0.0,3 - Baja
Carrefour,0.5385,,,HARINAS CASTILLA LA MANCHA S.L,cereales,"Azúcar, Dextrosa, Fructooligosacaridos, Jarabe de fructosa, Jarabe de glucosa y fructosa, Jarabe de maltitol, Melaza de caña",7,"Azúcar, Azúcar Integral, Azúcar Líquido Invertido, Caramelo natural, Dextrosa, Fructooligosacaridos, Jarabe de fructosa, Jarabe de glucosa, Jarabe de glucosa y fructosa, Jarabe de maltitol, Jarabe de sorbitol, Melaza de caña, Miel pura de abejas",98,10958000000.0,Comercializador,"Frutos secos y snacks, Salsas y aderezos, Chocolate, Turrón, Miel, Licores, Mermeladas y confituras, Galleteros, Golosinas, Cárnico, Barritas y bebidas deportivas, Cereales, Bollería, Helados, Zumos y néctares, Refrescos, Conservas vegetales",10.03973129609869,1.9912260756924949,10.7654,1.0723,2 - Media
Carrefour,0.5385,,,HARINAS CASTILLA LA MANCHA S.L,cereales,"Azúcar, Dextrosa, Fructooligosacaridos, Jarabe de fructosa, Jarabe de glucosa y fructosa, Jarabe de maltitol, Melaza de caña",7,"Azúcar, Azúcar Integral, Azúcar Líquido Invertido, Caramelo natural, Dextrosa, Fructooligosacaridos, Jarabe de fructosa, Jarabe de glucosa, Jarabe de glucosa y fructosa, Jarabe de maltitol, Jarabe de sorbitol, Melaza de caña, Miel pura de abejas",7,,Fabricante,"Bollería, Platos preparados",0.0,0.8450980400142568,0.0,0.4551,2 - Media
Casa Ametller,1.0,529301.425,2.0,"PRODUCTOS LA PILARICA, S.A.","especias, aromas,colorant","Azúcar, Azúcar Integral, Dextrosa",3,"Azúcar, Azúcar Integral, Dextrosa",2,,Comercializador,"Cárnico, Cereales",0.0,0.3010299956639812,0.0,0.301,1 - Alta
Casa Flores Unimels,1.0,351098.73,13.0,"DULCES EL AVION, S.A.",chocolate,Jarabe de glucosa,1,Jarabe de glucosa,1,,Comercializador,Cárnico,0.0,0.0,0.0,0.0,1 - Alta
Casa Grande De Xanceda,1.0,1016348.602,9.0,"ESTUCHADOS FANNY, S.L.",estuchadores,"Azúcar, Azúcar Integral",2,"Azúcar, Azúcar Integral",3,16500000.0,Comercializador,"Lácteos, yogures y postres lácteos",7.217483944213907,0.47712125471966244,3.4436,0.4771,1 - Alta
Casa Santiveri,0.4444,,,"CASTY, S.A.",helados,"Azúcar, Fructosa, Jarabe de glucosa, Jarabe de maltitol",4,"Azúcar, Azúcar Integral, Caramelo natural, Dextrosa, Fructosa, Jarabe de glucosa, Jarabe de maltitol, Maltitol, Miel pura de abejas",39,,Comercializador,"Barritas y bebidas deportivas, Cereales, Bollería, Mermeladas y confituras, Refrescos, Galleteros",0.0,1.591064607026499,0.0,0.7071,3 - Baja
Casa Santiveri,0.4444,,,"CASTY, S.A.",helados,"Azúcar, Fructosa, Jarabe de glucosa, Jarabe de maltitol",4,"Azúcar, Azúcar Integral, Caramelo natural, Dextrosa, Fructosa, Jarabe de glucosa, Jarabe de maltitol, Maltitol, Miel pura de abejas",3,40000000.0,Fabricante,Galleteros,7.6020599913279625,0.47712125471966244,1.6119,0.212,3 - Baja
Casa Tarradellas,1.0,1286561.69,17.0,"DULCES EL AVION, S.A.",chocolate,Jarabe de glucosa,1,Jarabe de glucosa,5,1600000000.0,Fabricante,Cárnico,9.204119982655925,0.6989700043360189,6.4334,0.699,1 - Alta
Casa Tarradellas,1.0,1286561.69,17.0,"DULCES EL AVION, S.A.",chocolate,Jarabe de glucosa,1,Jarabe de glucosa,1,,Comercializador,Cárnico,0.0,0.0,0.0,0.0,1 - Alta
Cebe Bonbon,0.6667,,,"CAMPO REAL VITIVINICOLA, S.L.",vino y derivados del vino,"Azúcar, Jarabe de glucosa",2,"Azúcar, Jarabe de glucosa, Miel pura de abejas",1,,Fabricante,Golosinas,0.0,0.0,0.0,0.0,2 - Media
Cecinas Pablo,1.0,25009061.361,23.0,"CAMPO REAL VITIVINICOLA, S.L.",vino y derivados del vino,"Azúcar, Jarabe de glucosa",2,"Azúcar, Jarabe de glucosa",2,11000000.0,Comercializador,Cárnico,7.041392685158225,0.3010299956639812,2.1197,0.301,1 - Alta
Centro Comerciales Carrefour S.A.,0.5,,,"TURRONES Y ESPECIALIDADES VIAR, S.A.",turron,"Jarabe de maltitol, Sorbitol",2,"Jarabe de maltitol, Sorbitol",1,,Fabricante,Suplementos deportivos,0.0,0.0,0.0,0.0,2 - Media
Centro Especial De Empleo La Plata,0.5833,,,"FOOD REBELS, S.L.",bolleria,"Azúcar, Dextrosa, Fructosa, Jarabe de fructosa, Jarabe de glucosa, Jarabe de glucosa y fructosa, Sorbitol",7,"Azúcar, Azúcar Líquido Invertido, Dextrosa, Fructosa, Jarabe de fructosa, Jarabe de glucosa, Jarabe de glucosa y fructosa, Jarabe de sorbitol, Miel pura de abejas, Sorbitol",9,,Comercializador,"Turrón, Chocolate, Bollería, Galleteros",0.0,0.9542425094393249,0.0,0.5566,2 - Media
Centros Comerciales Carrefour,0.25,,,"CHOCOLATES ALGARRA, S.L.",chocolate,Maltitol,1,"Maltitol, Miel pura de abejas",5,,Fabricante,"Suplementos deportivos, Miel, Galleteros",0.0,0.6989700043360189,0.0,0.1747,3 - Baja
Centros Comerciales Carrefour S.A,0.4,,,"TURRONES Y ESPECIALIDADES VIAR, S.A.",turron,"Maltitol, Sorbitol",2,"Maltitol, Miel pura de abejas, Sorbitol",5,,Fabricante,"Cereales, Pastelería, Bollería",0.0,0.6989700043360189,0.0,0.2796,3 - Baja
Centros Comerciales Carrefour S.A.,0.6,,,"TURRONES Y ESPECIALIDADES VIAR, S.A.",turron,"Jarabe de maltitol, Maltitol, Sorbitol",3,"Jarabe de maltitol, Maltitol, Miel pura de abejas, Sorbitol",25,,Fabricante,"Frutos secos y snacks, Cárnico, Pastelería, Bollería, Miel, Helados, Platos preparados, Galleteros",0.0,1.3979400086720377,0.0,0.8388,2 - Media
"Centros Comerciales Carrefour, S.A",0.5,,,"PROBELTE, S.A.U.",agroquimico,Sorbitol,1,Sorbitol,8,,Fabricante,Bollería,0.0,0.9030899869919435,0.0,0.4515,2 - Media
"Centros Comerciales Carrefour, S.A.",0.4,,,"TURRONES Y ESPECIALIDADES VIAR, S.A.",turron,"Maltitol, Sorbitol",2,"Maltitol, Miel pura de abejas, Sorbitol",16,,Fabricante,"Golosinas, Cárnico, Chocolate, Bollería, Miel, Mermeladas y confituras, Galleteros",0.0,1.2041199826559248,0.0,0.4816,3 - Baja
Century Pacific Food,1.0,10888515.585,182.0,"EUROGRANIZADOS, S.L.U.",helados,Azúcar,1,Azúcar,1,,Comercializador,Salsas y aderezos,0.0,0.0,0.0,0.0,1 - Alta
Cereal Partners Worldwide,0.625,,,"NUTRIS, WE CARE ABOUT YOU, S.L.",nutraceuticos,"Azúcar, Fructooligosacaridos, Jarabe de glucosa, Jarabe de maltitol, Jarabe de sorbitol",5,"Azúcar, Azúcar Líquido Invertido, Fructooligosacaridos, Jarabe de glucosa, Jarabe de maltitol, Jarabe de sorbitol, Miel pura de abejas",25,,Comercializador,Cereales,0.0,1.3979400086720377,0.0,0.8737,2 - Media
Cerealis,0.6,,,"LABORATORIOS ALMOND, S.L.",pasteleria,"Azúcar, Jarabe de fructosa, Jarabe de glucosa y fructosa",3,"Azúcar, Jarabe de fructosa, Jarabe de glucosa y fructosa, Miel pura de abejas",2,,Comercializador,Cereales,0.0,0.3010299956639812,0.0,0.1806,2 - Media
Cerealis Produtos,1.0,351098.73,13.0,"DULCES EL AVION, S.A.",chocolate,Jarabe de glucosa,1,Jarabe de glucosa,1,,Fabricante,Cereales,0.0,0.0,0.0,0.0,1 - Alta
Cerealto,1.0,25009061.361,23.0,"CAMPO REAL VITIVINICOLA, S.L.",vino y derivados del vino,"Azúcar, Jarabe de glucosa",2,"Azúcar, Jarabe de glucosa",1,,Comercializador,Galleteros,0.0,0.0,0.0,0.0,1 - Alta
Cervecera Del Turia,0.6667,,,ARTENAY BARS SAS,turron,"Jarabe de fructosa, Jarabe de glucosa y fructosa",2,"Jarabe de fructosa, Jarabe de glucosa y fructosa",1,,Comercializador,Cervezas,0.0,0.0,0.0,0.0,2 - Media
Cervecerias Peruanas Backus,1.0,10888515.585,182.0,"EUROGRANIZADOS, S.L.U.",helados,Azúcar,1,Azúcar,1,,Fabricante,Cervezas,0.0,0.0,0.0,0.0,1 - Alta
Cervesa Espiga,1.0,1016348.602,9.0,"ESTUCHADOS FANNY, S.L.",estuchadores,"Azúcar, Azúcar Integral",2,"Azúcar, Azúcar Integral",1,950000.0,Comercializador,Cervezas,5.977723605288848,0.0,0.0,0.0,1 - Alta
Cervezas Monte Rei,1.0,10888515.585,182.0,"EUROGRANIZADOS, S.L.U.",helados,Azúcar,1,Azúcar,1,,Fabricante,Cervezas,0.0,0.0,0.0,0.0,1 - Alta
Chacinerias Diaz,1.0,1716982.77,17.0,"PLATOS TRADICIONALES, S.A",platos preparados,"Azúcar, Dextrosa",2,"Azúcar, Dextrosa",1,,Comercializador,Cárnico,0.0,0.0,0.0,0.0,1 - Alta
Chef SAM,0.3333,,,"CHOCOLATES ALGARRA, S.L.",chocolate,Maltitol,1,Maltitol,2,,Fabricante,Helados,0.0,0.3010299956639812,0.0,0.1003,3 - Baja
Chemnitzer Wurstspezialitaten,1.0,1626895.95,12.0,"PRODUCTOS SUR, S.L.","especias, aromas,colorant",Dextrosa,1,Dextrosa,1,,Fabricante,Cárnico,0.0,0.0,0.0,0.0,1 - Alta
Chic Love Fashion Brand,0.4,,,"GOLOSINAS MININOLAS, S.L.U.",nutraceuticos,"Jarabe de maltitol, Jarabe de sorbitol",2,"Caramelo natural, Jarabe de maltitol, Jarabe de sorbitol",2,,Comercializador,Nutracéuticos,0.0,0.3010299956639812,0.0,0.1204,3 - Baja
"Chic-kles Gum, S.L.U.",0.5,,,"TURRONES Y ESPECIALIDADES VIAR, S.A.",turron,"Jarabe de maltitol, Sorbitol",2,"Jarabe de maltitol, Sorbitol",13,,Fabricante,Golosinas,0.0,1.1139433523068367,0.0,0.557,2 - Media
Chilera Tapatia,1.0,10888515.585,182.0,"EUROGRANIZADOS, S.L.U.",helados,Azúcar,1,Azúcar,1,,Fabricante,Salsas y aderezos,0.0,0.0,0.0,0.0,1 - Alta
Choc And Fruit,1.0,10888515.585,182.0,"EUROGRANIZADOS, S.L.U.",helados,Azúcar,1,Azúcar,2,,Comercializador,Chocolate,0.0,0.3010299956639812,0.0,0.301,1 - Alta
Choco Moment,1.0,935462.9600000001,4.0,"VIOKOX, S.A",agroquimico,"Azúcar, Dextrosa, Jarabe de glucosa",3,"Azúcar, Dextrosa, Jarabe de glucosa",5,,Comercializador,Chocolate,0.0,0.6989700043360189,0.0,0.699,1 - Alta
Chocolate And Nuts,1.0,10888515.585,182.0,"EUROGRANIZADOS, S.L.U.",helados,Azúcar,1,Azúcar,1,,Fabricante,Chocolate,0.0,0.0,0.0,0.0,1 - Alta
Chocolate And Trufa,0.7143,,,DULCES LA ABUELA COOP VNA,bolleria,"Azúcar, Azúcar Integral, Jarabe de glucosa, Jarabe de glucosa y fructosa, Jarabe de sorbitol",5,"Azúcar, Azúcar Integral, Jarabe de glucosa, Jarabe de glucosa y fructosa, Jarabe de sorbitol, Miel pura de abejas, Sorbitol",8,,Fabricante,"Turrón, Chocolate",0.0,0.9030899869919435,0.0,0.6451,2 - Media
Chocolate Organiko,1.0,1016348.602,9.0,"ESTUCHADOS FANNY, S.L.",estuchadores,"Azúcar, Azúcar Integral",2,"Azúcar, Azúcar Integral",5,,Fabricante,"Chocolate, Galleteros",0.0,0.6989700043360189,0.0,0.699,1 - Alta
Chocolates Marcos Tonda,0.5,,,"EUROGRANIZADOS, S.L.U.",helados,Azúcar,1,"Azúcar, Miel pura de abejas",14,3100000.0,Comercializador,Chocolate,6.491361693834273,1.146128035678238,3.72,0.5731,2 - Media
Chocolates Torras,1.0,11352418.345,184.0,"EUROGRANIZADOS, S.L.U.",helados,Azúcar,1,Azúcar,11,23170000.0,Comercializador,Chocolate,7.364926033789976,1.0413926851582251,7.6698,1.0414,1 - Alta
Chocolates Torras,1.0,11352418.345,184.0,"EUROGRANIZADOS, S.L.U.",helados,Azúcar,1,Azúcar,2,23170000.0,Fabricante,Chocolate,7.364926033789976,0.3010299956639812,2.2171,0.301,1 - Alta
Chocolates Torras S.A.,0.3333,,,"CHOCOLATES ALGARRA, S.L.",chocolate,Maltitol,1,Maltitol,5,,Fabricante,Chocolate,0.0,0.6989700043360189,0.0,0.233,3 - Baja
Chocolates Valor S.A.,0.3333,,,"CHOCOLATES ALGARRA, S.L.",chocolate,Maltitol,1,Maltitol,8,,Fabricante,Chocolate,0.0,0.9030899869919435,0.0,0.301,3 - Baja
"Chocolates Valor,S.A.",0.3333,,,"CHOCOLATES ALGARRA, S.L.",chocolate,Maltitol,1,Maltitol,18,,Fabricante,Chocolate,0.0,1.255272505103306,0.0,0.4184,3 - Baja
Chocolats De Nord,1.0,10888515.585,182.0,"EUROGRANIZADOS, S.L.U.",helados,Azúcar,1,Azúcar,1,,Fabricante,Chocolate,0.0,0.0,0.0,0.0,1 - Alta
Chupa Chups,1.0,25009061.361,23.0,"CAMPO REAL VITIVINICOLA, S.L.",vino y derivados del vino,"Azúcar, Jarabe de glucosa",2,"Azúcar, Jarabe de glucosa",2,150000000.0,Fabricante,Golosinas,8.176091259055681,0.3010299956639812,2.4612,0.301,1 - Alta
Chupa Chups S.A.U,0.5,,,"PROBELTE, S.A.U.",agroquimico,Sorbitol,1,Sorbitol,12,,Fabricante,Golosinas,0.0,1.0791812460476249,0.0,0.5396,2 - Media
"Chupa Chups, S.A.U",0.5,,,"PROBELTE, S.A.U.",agroquimico,Sorbitol,1,Sorbitol,2,,Fabricante,Golosinas,0.0,0.3010299956639812,0.0,0.1505,2 - Media
Ckn,0.5,,,"EUROGRANIZADOS, S.L.U.",helados,Azúcar,1,"Azúcar, Caramelo natural",2,,Comercializador,Chocolate,0.0,0.3010299956639812,0.0,0.1505,2 - Media
Cloetta,0.75,15796.75,1.0,"FRUTOS SECOS AURO, S.L.",frutos secos y snacks,"Azúcar, Caramelo natural, Jarabe de glucosa",3,"Azúcar, Caramelo natural, Jarabe de glucosa",2,,Fabricante,Turrón,0.0,0.3010299956639812,0.0,0.2258,1 - Alta
Cloetta,0.75,15796.75,1.0,"FRUTOS SECOS AURO, S.L.",frutos secos y snacks,"Azúcar, Caramelo natural, Jarabe de glucosa",3,"Azúcar, Caramelo natural, Jarabe de glucosa",1,,Comercializador,Turrón,0.0,0.0,0.0,0.0,1 - Alta
Cobodul,1.0,10888515.585,182.0,"EUROGRANIZADOS, S.L.U.",helados,Azúcar,1,Azúcar,1,,Fabricante,Bollería,0.0,0.0,0.0,0.0,1 - Alta
Coca Cola,1.0,622318.6140000001,7.0,"ANTONIO ARRAEZ, S.L",vino y derivados del vino,"Azúcar, Dextrosa, Fructosa",3,"Azúcar, Dextrosa, Fructosa",30,,Comercializador,"Barritas y bebidas deportivas, Refrescos",0.0,1.4771212547196624,0.0,1.4771,1 - Alta
Coceda,1.0,25009061.361,23.0,"CAMPO REAL VITIVINICOLA, S.L.",vino y derivados del vino,"Azúcar, Jarabe de glucosa",2,"Azúcar, Jarabe de glucosa",6,,Fabricante,"Barritas y bebidas deportivas, Cervezas, Refrescos",0.0,0.7781512503836436,0.0,0.7782,1 - Alta
Coco,1.0,10888515.585,182.0,"EUROGRANIZADOS, S.L.U.",helados,Azúcar,1,Azúcar,1,,Comercializador,Chocolate,0.0,0.0,0.0,0.0,1 - Alta
Coco Chocolatier,1.0,10888515.585,182.0,"EUROGRANIZADOS, S.L.U.",helados,Azúcar,1,Azúcar,1,,Comercializador,Chocolate,0.0,0.0,0.0,0.0,1 - Alta
"Codan, S.A",0.5,,,"GOLOSINAS MININOLAS, S.L.U.",nutraceuticos,"Jarabe de sorbitol, Maltitol",2,"Jarabe de sorbitol, Maltitol",2,,Fabricante,Bollería,0.0,0.3010299956639812,0.0,0.1505,2 - Media
Codial,1.0,1016348.602,9.0,"ESTUCHADOS FANNY, S.L.",estuchadores,"Azúcar, Azúcar Integral",2,"Azúcar, Azúcar Integral",5,,Comercializador,"Pastelería, Galleteros",0.0,0.6989700043360189,0.0,0.699,1 - Alta
Coloma,1.0,1225205.703,5.0,"SURIVAN FEEL THE TASTE, S.L.",helados,"Azúcar, Fructosa, Jarabe de glucosa",3,"Azúcar, Fructosa, Jarabe de glucosa",5,,Comercializador,Turrón,0.0,0.6989700043360189,0.0,0.699,1 - Alta
Colussi,0.6667,,,"JOSE SANDOVAL, S.L.U.",conservas vegetales,"Azúcar, Jarabe de glucosa, Jarabe de glucosa y fructosa, Jarabe de maltitol",4,"Azúcar, Azúcar Integral, Jarabe de fructosa, Jarabe de glucosa, Jarabe de glucosa y fructosa, Jarabe de maltitol",6,,Comercializador,Galleteros,0.0,0.7781512503836436,0.0,0.5188,2 - Media
Comercial Chocolates Lacasa S.A.,0.3333,,,"CHOCOLATES ALGARRA, S.L.",chocolate,Maltitol,1,Maltitol,2,,Fabricante,Golosinas,0.0,0.3010299956639812,0.0,0.1003,3 - Baja
Comercial De Aperitivos La Madrilena,0.6667,,,"CAMPO REAL VITIVINICOLA, S.L.",vino y derivados del vino,"Azúcar, Jarabe de glucosa",2,"Azúcar, Jarabe de glucosa, Miel pura de abejas",2,,Comercializador,"Frutos secos y snacks, Cárnico",0.0,0.3010299956639812,0.0,0.2007,2 - Media
Comercial Gallo,1.0,25009061.361,23.0,"CAMPO REAL VITIVINICOLA, S.L.",vino y derivados del vino,"Azúcar, Jarabe de glucosa",2,"Azúcar, Jarabe de glucosa",6,,Comercializador,Salsas y aderezos,0.0,0.7781512503836436,0.0,0.7782,1 - Alta
Comercial Logistica De Calamocha,1.0,10888515.585,182.0,"EUROGRANIZADOS, S.L.U.",helados,Azúcar,1,Azúcar,1,,Comercializador,Cárnico,0.0,0.0,0.0,0.0,1 - Alta
Comercial Masoliver S.A.U.,0.3333,,,"PROBELTE, S.A.U.",agroquimico,Sorbitol,1,"Miel pura de abejas, Sorbitol",3,,Fabricante,Galleteros,0.0,0.47712125471966244,0.0,0.159,3 - Baja
"Comercial Masoliver, S.A.U.",0.5,,,"PROBELTE, S.A.U.",agroquimico,Sorbitol,1,Sorbitol,1,,Fabricante,Estuchadores,0.0,0.0,0.0,0.0,2 - Media
Comercial Valquin,1.0,10888515.585,182.0,"EUROGRANIZADOS, S.L.U.",helados,Azúcar,1,Azúcar,1,,Comercializador,Conservas vegetales,0.0,0.0,0.0,0.0,1 - Alta
Comercializadora Mexico Americana,1.0,106967.1,3.0,"COMORALI, S.L.",pasteleria,Jarabe de maltitol,1,Jarabe de maltitol,1,,Comercializador,Mermeladas y confituras,0.0,0.0,0.0,0.0,1 - Alta
Compania Oleicola Siglo,1.0,10888515.585,182.0,"EUROGRANIZADOS, S.L.U.",helados,Azúcar,1,Azúcar,1,,Comercializador,Galleteros,0.0,0.0,0.0,0.0,1 - Alta
Compesca,1.0,10888515.585,182.0,"EUROGRANIZADOS, S.L.U.",helados,Azúcar,1,Azúcar,1,,Comercializador,Panadería,0.0,0.0,0.0,0.0,1 - Alta
Compre Y Compare,0.75,1088414.0,3.0,"LABORATORIOS ALMOND, S.L.",pasteleria,"Azúcar, Jarabe de fructosa, Jarabe de glucosa y fructosa",3,"Azúcar, Jarabe de fructosa, Jarabe de glucosa y fructosa",5,210000000.0,Comercializador,"Salsas y aderezos, Conservas vegetales",8.32221929473392,0.6989700043360189,4.3627,0.5242,1 - Alta
Concord Confections,1.0,392068.98,2.0,"CASTER ALIMENTACION, S.L.",salsas y aderezos,"Azúcar, Jarabe de glucosa, Jarabe de sorbitol",3,"Azúcar, Jarabe de glucosa, Jarabe de sorbitol",1,9200000.0,Comercializador,Golosinas,6.963787827345556,0.0,0.0,0.0,1 - Alta
Condiment,0.5714,,,"SINBLAT ALIMENTACION SALUDABLE, S.L.",bolleria,"Azúcar, Jarabe de fructosa, Jarabe de glucosa, Jarabe de glucosa y fructosa",4,"Azúcar, Jarabe de fructosa, Jarabe de glucosa, Jarabe de glucosa y fructosa, Miel pura de abejas, Sorbitol",5,,Comercializador,Turrón,0.0,0.6989700043360189,0.0,0.3994,2 - Media
Condis,0.6667,,,"MELS CARLET, S.L.",piensos ganaderia,"Azúcar, Dextrosa, Jarabe de glucosa, Jarabe de glucosa y fructosa",4,"Azúcar, Dextrosa, Jarabe de fructosa, Jarabe de glucosa, Jarabe de glucosa y fructosa, Sorbitol",29,810000000.0,Comercializador,"Frutos secos y snacks, Chocolate, Cereales, Bollería, Mermeladas y confituras, Conservas vegetales, Galleteros",8.90848501887865,1.462397997898956,8.6856,0.975,2 - Media
Confiserie Rohan,1.0,10888515.584999999,182.0,"EUROGRANIZADOS, S.L.U.",helados,Azúcar,1,Azúcar,1,,Fabricante,Chocolate,0.0,0.0,0.0,0.0,1 - Alta
Confiserie Van Damme,0.75,1101138.06,4.0,"LABORATORIOS ALMOND, S.L.",pasteleria,"Azúcar, Jarabe de fructosa, Jarabe de glucosa y fructosa",3,"Azúcar, Jarabe de fructosa, Jarabe de glucosa y fructosa",1,,Comercializador,Golosinas,0.0,0.0,0.0,0.0,1 - Alta
Confiserie Van Damme,0.75,1101138.06,4.0,"LABORATORIOS ALMOND, S.L.",pasteleria,"Azúcar, Jarabe de fructosa, Jarabe de glucosa y fructosa",3,"Azúcar, Jarabe de fructosa, Jarabe de glucosa y fructosa",1,,Fabricante,Golosinas,0.0,0.0,0.0,0.0,1 - Alta
Confiteria San Cristobal,1.0,10888515.585,182.0,"EUROGRANIZADOS, S.L.U.",helados,Azúcar,1,Azúcar,2,,Fabricante,Bollería,0.0,0.3010299956639812,0.0,0.301,1 - Alta
Congelados De Navarra,1.0,12605498.355,199.0,"EUROGRANIZADOS, S.L.U.",helados,Azúcar,1,Azúcar,2,,Comercializador,Conservas vegetales,0.0,0.3010299956639812,0.0,0.301,1 - Alta
Congelados De Navarra,1.0,12605498.355,199.0,"EUROGRANIZADOS, S.L.U.",helados,Azúcar,1,Azúcar,1,390000000.0,Fabricante,Conservas vegetales,8.5910646070265,0.0,0.0,0.0,1 - Alta
Congrupo,1.0,10888515.585,182.0,"EUROGRANIZADOS, S.L.U.",helados,Azúcar,1,Azúcar,2,,Comercializador,Cereales,0.0,0.3010299956639812,0.0,0.301,1 - Alta
Conservars El Cidaros,1.0,10888515.585,182.0,"EUROGRANIZADOS, S.L.U.",helados,Azúcar,1,Azúcar,1,530000000.0,Fabricante,Salsas y aderezos,8.724275869600788,0.0,0.0,0.0,1 - Alta
Conservas Calanda,1.0,10888515.585,182.0,"EUROGRANIZADOS, S.L.U.",helados,Azúcar,1,Azúcar,1,,Fabricante,Frutos secos y snacks,0.0,0.0,0.0,0.0,1 - Alta
Conservas El Cicados,1.0,10888515.585,182.0,"EUROGRANIZADOS, S.L.U.",helados,Azúcar,1,Azúcar,1,,Fabricante,Salsas y aderezos,0.0,0.0,0.0,0.0,1 - Alta
Conservas El Cidacos,1.0,10888515.585,182.0,"EUROGRANIZADOS, S.L.U.",helados,Azúcar,1,Azúcar,5,530000000.0,Comercializador,"Salsas y aderezos, Conservas vegetales",8.724275869600788,0.6989700043360189,6.098,0.699,1 - Alta
Conservas El Cidacos,1.0,10888515.585,182.0,"EUROGRANIZADOS, S.L.U.",helados,Azúcar,1,Azúcar,2,530000000.0,Fabricante,"Salsas y aderezos, Conservas vegetales",8.724275869600788,0.3010299956639812,2.6263,0.301,1 - Alta
Conservas Hijos De Manuel Sanchez Basarte,1.0,10888515.585,182.0,"EUROGRANIZADOS, S.L.U.",helados,Azúcar,1,Azúcar,1,41060000.0,Fabricante,Salsas y aderezos,7.6134189450345735,0.0,0.0,0.0,1 - Alta
Conservas Jorge Bujanda,1.0,10888515.585,182.0,"EUROGRANIZADOS, S.L.U.",helados,Azúcar,1,Azúcar,2,,Comercializador,Conservas vegetales,0.0,0.3010299956639812,0.0,0.301,1 - Alta
Conservas Manchegas Antonio,1.0,10888515.585,182.0,"EUROGRANIZADOS, S.L.U.",helados,Azúcar,1,Azúcar,1,5000000.0,Comercializador,Conservas vegetales,6.698970004336019,0.0,0.0,0.0,1 - Alta
Conservas Martiko,1.0,1626895.95,12.0,"PRODUCTOS SUR, S.L.","especias, aromas,colorant",Dextrosa,1,Dextrosa,1,68000000.0,Comercializador,Cárnico,7.832508912706237,0.0,0.0,0.0,1 - Alta
Conservas Tradicionales De Navarra,1.0,10888515.585,182.0,"EUROGRANIZADOS, S.L.U.",helados,Azúcar,1,Azúcar,1,,Comercializador,Conservas vegetales,0.0,0.0,0.0,0.0,1 - Alta
Conservas Vegetales Y Salsas De Los Palacios,1.0,10888515.584999999,182.0,"EUROGRANIZADOS, S.L.U.",helados,Azúcar,1,Azúcar,1,,Fabricante,Salsas y aderezos,0.0,0.0,0.0,0.0,1 - Alta
Consum,0.6,,,"ESGIR, S.L.",cereales,"Azúcar, Fructooligosacaridos, Jarabe de fructosa, Jarabe de glucosa, Jarabe de maltitol, Maltitol",6,"Azúcar, Caramelo natural, Dextrosa, Fructooligosacaridos, Jarabe de fructosa, Jarabe de glucosa, Jarabe de glucosa y fructosa, Jarabe de maltitol, Maltitol, Miel pura de abejas",59,4700350000.0,Comercializador,"Frutos secos y snacks, Salsas y aderezos, Chocolate, Lácteos, yogures y postres lácteos, Mermeladas y confituras, Galleteros, Barritas y bebidas deportivas, Cereales, Pastelería, Bollería, Helados, Refrescos, Panadería, Conservas vegetales",9.672130197810027,1.7708520116421442,10.2767,1.0625,2 - Media
Continente,1.0,10888515.584999999,182.0,"EUROGRANIZADOS, S.L.U.",helados,Azúcar,1,Azúcar,1,,Comercializador,Cárnico,0.0,0.0,0.0,0.0,1 - Alta
Copaval,1.0,21777031.17,182.0,"EUROGRANIZADOS, S.L.U.",helados,Azúcar,1,Azúcar,1,,Comercializador,Frutos secos y snacks,0.0,0.0,0.0,0.0,1 - Alta
Copaval,1.0,21777031.17,182.0,"EUROGRANIZADOS, S.L.U.",helados,Azúcar,1,Azúcar,1,,Fabricante,Frutos secos y snacks,0.0,0.0,0.0,0.0,1 - Alta
Coppenrath Feingeback,1.0,25194065.361,25.0,"CAMPO REAL VITIVINICOLA, S.L.",vino y derivados del vino,"Azúcar, Jarabe de glucosa",2,"Azúcar, Jarabe de glucosa",2,,Fabricante,"Pastelería, Galleteros",0.0,0.3010299956639812,0.0,0.301,1 - Alta
Coppenrath Feingeback,1.0,25194065.361,25.0,"CAMPO REAL VITIVINICOLA, S.L.",vino y derivados del vino,"Azúcar, Jarabe de glucosa",2,"Azúcar, Jarabe de glucosa",1,,Comercializador,Galleteros,0.0,0.0,0.0,0.0,1 - Alta
Cor Alimentacion,1.0,1626895.95,12.0,"PRODUCTOS SUR, S.L.","especias, aromas,colorant",Dextrosa,1,Dextrosa,1,23500000.0,Fabricante,Cárnico,7.371067862271736,0.0,0.0,0.0,1 - Alta
Coronilla,1.0,1016348.602,9.0,"ESTUCHADOS FANNY, S.L.",estuchadores,"Azúcar, Azúcar Integral",2,"Azúcar, Azúcar Integral",1,,Fabricante,Frutos secos y snacks,0.0,0.0,0.0,0.0,1 - Alta
Corporacion Alimentaria Penasanta,0.6667,,,"ESTUCHADOS FANNY, S.L.",estuchadores,"Azúcar, Azúcar Integral",2,"Azúcar, Azúcar Integral, Caramelo natural",7,,Comercializador,"Lácteos, yogures y postres lácteos, Quesos",0.0,0.8450980400142568,0.0,0.5634,2 - Media
Cortadores De Extremadura,1.0,1626895.95,12.0,"PRODUCTOS SUR, S.L.","especias, aromas,colorant",Dextrosa,1,Dextrosa,1,,Comercializador,Cárnico,0.0,0.0,0.0,0.0,1 - Alta
Costa Brava Mediterranean Foods,1.0,1626895.95,12.0,"PRODUCTOS SUR, S.L.","especias, aromas,colorant",Dextrosa,1,Dextrosa,1,1608410000.0,Comercializador,Cárnico,9.206396764587128,0.0,0.0,0.0,1 - Alta
Covalco,0.75,1088414.0,3.0,"LABORATORIOS ALMOND, S.L.",pasteleria,"Azúcar, Jarabe de fructosa, Jarabe de glucosa y fructosa",3,"Azúcar, Jarabe de fructosa, Jarabe de glucosa y fructosa",4,940000000.0,Comercializador,"Salsas y aderezos, Alternativas a lácteos, Mermeladas y confituras, Conservas vegetales",8.9731278535997,0.6020599913279624,4.0518,0.4515,1 - Alta
Coverna,0.5,,,"EUROGRANIZADOS, S.L.U.",helados,Azúcar,1,"Azúcar, Caramelo natural",1,,Fabricante,Chocolate,0.0,0.0,0.0,0.0,2 - Media
Coverna Gmbh,1.0,25009061.361,23.0,"CAMPO REAL VITIVINICOLA, S.L.",vino y derivados del vino,"Azúcar, Jarabe de glucosa",2,"Azúcar, Jarabe de glucosa",1,,Fabricante,Galleteros,0.0,0.0,0.0,0.0,1 - Alta
Coviran,1.0,10888515.585,182.0,"EUROGRANIZADOS, S.L.U.",helados,Azúcar,1,Azúcar,1,621100000.0,Comercializador,Conservas vegetales,8.79316152924555,0.0,0.0,0.0,1 - Alta
Creaciones Jugavi,1.0,25009061.361,23.0,"CAMPO REAL VITIVINICOLA, S.L.",vino y derivados del vino,"Azúcar, Jarabe de glucosa",2,"Azúcar, Jarabe de glucosa",6,3500000.0,Comercializador,"Golosinas, Barritas y bebidas deportivas",6.544068044350276,0.7781512503836436,5.0923,0.7782,1 - Alta
Crepan,1.0,10888515.585,182.0,"EUROGRANIZADOS, S.L.U.",helados,Azúcar,1,Azúcar,1,,Comercializador,Bollería,0.0,0.0,0.0,0.0,1 - Alta
Crest Suikerwerken,1.0,25009061.361,23.0,"CAMPO REAL VITIVINICOLA, S.L.",vino y derivados del vino,"Azúcar, Jarabe de glucosa",2,"Azúcar, Jarabe de glucosa",1,,Comercializador,Golosinas,0.0,0.0,0.0,0.0,1 - Alta
Crestas La Galeta,0.75,1088414.0,3.0,"LABORATORIOS ALMOND, S.L.",pasteleria,"Azúcar, Jarabe de fructosa, Jarabe de glucosa y fructosa",3,"Azúcar, Jarabe de fructosa, Jarabe de glucosa y fructosa",5,,Fabricante,Helados,0.0,0.6989700043360189,0.0,0.5242,1 - Alta
Crestas La Galeta,0.75,1088414.0,3.0,"LABORATORIOS ALMOND, S.L.",pasteleria,"Azúcar, Jarabe de fructosa, Jarabe de glucosa y fructosa",3,"Azúcar, Jarabe de fructosa, Jarabe de glucosa y fructosa",2,,Comercializador,Helados,0.0,0.3010299956639812,0.0,0.2258,1 - Alta
Crestas La Galeta S.A,0.5,,,"TURRONES Y ESPECIALIDADES VIAR, S.A.",turron,"Jarabe de maltitol, Sorbitol",2,"Jarabe de maltitol, Sorbitol",2,,Fabricante,Helados,0.0,0.3010299956639812,0.0,0.1505,2 - Media
"Crestas La Galeta, S.A. Avda. Valdelaparra N°3",1.0,106967.1,3.0,"COMORALI, S.L.",pasteleria,Jarabe de maltitol,1,Jarabe de maltitol,1,,Fabricante,Helados,0.0,0.0,0.0,0.0,1 - Alta
Croky,1.0,1716982.77,17.0,"PLATOS TRADICIONALES, S.A",platos preparados,"Azúcar, Dextrosa",2,"Azúcar, Dextrosa",1,,Comercializador,Frutos secos y snacks,0.0,0.0,0.0,0.0,1 - Alta
Crown Confectionery,1.0,327520.5,16.0,"PSITTACUS CATALONIA, S.L.",piensos mascotas,Fructosa,1,Fructosa,5,,Comercializador,Barritas y bebidas deportivas,0.0,0.6989700043360189,0.0,0.699,1 - Alta
Culifoods,0.6,,,"PRODUCTOS LA PILARICA, S.A.","especias, aromas,colorant","Azúcar, Azúcar Integral, Dextrosa",3,"Azúcar, Azúcar Integral, Caramelo natural, Dextrosa, Miel pura de abejas",1,,Comercializador,Salsas y aderezos,0.0,0.0,0.0,0.0,2 - Media
Cuétara S.L.U.,0.5,,,"TURRONES Y ESPECIALIDADES VIAR, S.A.",turron,"Maltitol, Sorbitol",2,"Maltitol, Sorbitol",7,,Fabricante,Galleteros,0.0,0.8450980400142568,0.0,0.4225,2 - Media
Cvo International Nv,1.0,10888515.585,182.0,"EUROGRANIZADOS, S.L.U.",helados,Azúcar,1,Azúcar,2,,Fabricante,Chocolate,0.0,0.3010299956639812,0.0,0.301,1 - Alta
Cyl Ibersnacks,1.0,935462.9600000001,4.0,"VIOKOX, S.A",agroquimico,"Azúcar, Dextrosa, Jarabe de glucosa",3,"Azúcar, Dextrosa, Jarabe de glucosa",5,98100000.0,Fabricante,Frutos secos y snacks,7.991669007379948,0.6989700043360189,5.5859,0.699,1 - Alta
CÁRNICAS SERRANO S.L.,0.5,,,"PROBELTE, S.A.U.",agroquimico,Sorbitol,1,Sorbitol,1,,Fabricante,Cárnico,0.0,0.0,0.0,0.0,2 - Media
D Borggreve,1.0,1350573.92,1.0,"J. GARCIA CARRION, S.A.",vino y derivados del vino,"Azúcar, Azúcar Líquido Invertido",2,"Azúcar, Azúcar Líquido Invertido",1,,Fabricante,Galleteros,0.0,0.0,0.0,0.0,1 - Alta
"DILLEPASA, S.L.",0.5,,,"PROBELTE, S.A.U.",agroquimico,Sorbitol,1,Sorbitol,1,,Fabricante,Bollería,0.0,0.0,0.0,0.0,2 - Media
DULCES Y CONSERVAS HELIOS S.A.,0.3333,,,"CHOCOLATES ALGARRA, S.L.",chocolate,Maltitol,1,Maltitol,3,,Fabricante,Mermeladas y confituras,0.0,0.47712125471966244,0.0,0.159,3 - Baja
"DULCINOVA FOODS, S.L.",0.3333,,,"CHOCOLATES ALGARRA, S.L.",chocolate,Maltitol,1,Maltitol,2,,Fabricante,Bollería,0.0,0.3010299956639812,0.0,0.1003,3 - Baja
Dailycer,1.0,10888515.585,182.0,"EUROGRANIZADOS, S.L.U.",helados,Azúcar,1,Azúcar,1,,Fabricante,Cereales,0.0,0.0,0.0,0.0,1 - Alta
Damm,1.0,10888515.585,182.0,"EUROGRANIZADOS, S.L.U.",helados,Azúcar,1,Azúcar,1,,Comercializador,Cervezas,0.0,0.0,0.0,0.0,1 - Alta
Damm,1.0,10888515.585,182.0,"EUROGRANIZADOS, S.L.U.",helados,Azúcar,1,Azúcar,1,,Fabricante,Cervezas,0.0,0.0,0.0,0.0,1 - Alta
Damm Produtos Alimenticios,1.0,10888515.585,182.0,"EUROGRANIZADOS, S.L.U.",helados,Azúcar,1,Azúcar,1,,Comercializador,Refrescos,0.0,0.0,0.0,0.0,1 - Alta
Dan Foods,1.0,574856.125,10.0,"DADELOS AGRICOLA, S.L.",piensos ganaderia,"Azúcar, Fructosa",2,"Azúcar, Fructosa",1,,Comercializador,Bollería,0.0,0.0,0.0,0.0,1 - Alta
Daniel Carpeno E Hijos,1.0,10888515.585,182.0,"EUROGRANIZADOS, S.L.U.",helados,Azúcar,1,Azúcar,1,,Comercializador,Panadería,0.0,0.0,0.0,0.0,1 - Alta
Danone,1.0,10888515.584999999,182.0,"EUROGRANIZADOS, S.L.U.",helados,Azúcar,1,Azúcar,24,1210000000.0,Comercializador,"Lácteos, yogures y postres lácteos, Pastelería",9.08278537031645,1.380211241711606,12.5362,1.3802,1 - Alta
Danone,1.0,10888515.584999999,182.0,"EUROGRANIZADOS, S.L.U.",helados,Azúcar,1,Azúcar,1,910000000.0,Fabricante,"Lácteos, yogures y postres lácteos",8.959041392321094,0.0,0.0,0.0,1 - Alta
Davide Campari Milano,1.0,10888515.585,182.0,"EUROGRANIZADOS, S.L.U.",helados,Azúcar,1,Azúcar,1,,Comercializador,Refrescos,0.0,0.0,0.0,0.0,1 - Alta
Day And Night,1.0,10888515.585,182.0,"EUROGRANIZADOS, S.L.U.",helados,Azúcar,1,Azúcar,2,,Fabricante,Galleteros,0.0,0.3010299956639812,0.0,0.301,1 - Alta
Delaviuda Alimentación S.A.U.,0.3333,,,"PROBELTE, S.A.U.",agroquimico,Sorbitol,1,"Miel pura de abejas, Sorbitol",6,,Fabricante,"Chocolate, Turrón, Cereales",0.0,0.7781512503836436,0.0,0.2594,3 - Baja
Delaviuda Confectionery Group,0.6667,,,"PLATOS TRADICIONALES, S.A",platos preparados,"Azúcar, Dextrosa",2,"Azúcar, Dextrosa, Miel pura de abejas",6,,Comercializador,"Alternativas a lácteos, Turrón, Cereales, Helados",0.0,0.7781512503836436,0.0,0.5188,2 - Media
Delici,1.0,25009061.361,23.0,"CAMPO REAL VITIVINICOLA, S.L.",vino y derivados del vino,"Azúcar, Jarabe de glucosa",2,"Azúcar, Jarabe de glucosa",1,,Fabricante,Pastelería,0.0,0.0,0.0,0.0,1 - Alta
Delicia,1.0,10888515.585,182.0,"EUROGRANIZADOS, S.L.U.",helados,Azúcar,1,Azúcar,1,,Fabricante,Galleteros,0.0,0.0,0.0,0.0,1 - Alta
Delika Food Group,1.0,1626895.95,12.0,"PRODUCTOS SUR, S.L.","especias, aromas,colorant",Dextrosa,1,Dextrosa,1,,Fabricante,Cárnico,0.0,0.0,0.0,0.0,1 - Alta
Delta Cafes,1.0,10888515.585,182.0,"EUROGRANIZADOS, S.L.U.",helados,Azúcar,1,Azúcar,1,,Comercializador,Café,0.0,0.0,0.0,0.0,1 - Alta
Delta Foods,1.0,10888515.585,182.0,"EUROGRANIZADOS, S.L.U.",helados,Azúcar,1,Azúcar,2,,Comercializador,Café,0.0,0.3010299956639812,0.0,0.301,1 - Alta
"Delykatt y Delice Bcn, S.L.",0.3333,,,"PROBELTE, S.A.U.",agroquimico,Sorbitol,1,"Miel pura de abejas, Sorbitol",1,,Fabricante,Chocolate,0.0,0.0,0.0,0.0,3 - Baja
Deoleo Global,1.0,10888515.585,182.0,"EUROGRANIZADOS, S.L.U.",helados,Azúcar,1,Azúcar,1,,Comercializador,Salsas y aderezos,0.0,0.0,0.0,0.0,1 - Alta
Dermisis Biscuit Company,0.75,1088414.0,3.0,"LABORATORIOS ALMOND, S.L.",pasteleria,"Azúcar, Jarabe de fructosa, Jarabe de glucosa y fructosa",3,"Azúcar, Jarabe de fructosa, Jarabe de glucosa y fructosa",1,,Fabricante,Galleteros,0.0,0.0,0.0,0.0,1 - Alta
Dermofarm,1.0,25009061.361,23.0,"CAMPO REAL VITIVINICOLA, S.L.",vino y derivados del vino,"Azúcar, Jarabe de glucosa",2,"Azúcar, Jarabe de glucosa",1,,Comercializador,Nutracéuticos,0.0,0.0,0.0,0.0,1 - Alta
Derpan,1.0,25009061.361,23.0,"CAMPO REAL VITIVINICOLA, S.L.",vino y derivados del vino,"Azúcar, Jarabe de glucosa",2,"Azúcar, Jarabe de glucosa",1,,Fabricante,Bollería,0.0,0.0,0.0,0.0,1 - Alta
Desalimed,1.0,10888515.585,182.0,"EUROGRANIZADOS, S.L.U.",helados,Azúcar,1,Azúcar,1,,Fabricante,Cárnico,0.0,0.0,0.0,0.0,1 - Alta
Desarrollo De Marcas,0.6,,,TURRON.Y CARAMEL. DE HELLIN SL,golosinas,"Azúcar, Jarabe de glucosa, Maltitol",3,"Azúcar, Jarabe de glucosa, Maltitol, Miel pura de abejas, Sorbitol",5,,Fabricante,Turrón,0.0,0.6989700043360189,0.0,0.4194,2 - Media
Dessert Factory,0.6667,,,"J. GARCIA CARRION, S.A.",vino y derivados del vino,"Azúcar, Azúcar Líquido Invertido",2,"Azúcar, Azúcar Integral, Azúcar Líquido Invertido",3,,Fabricante,Pastelería,0.0,0.47712125471966244,0.0,0.3181,2 - Media
Dessert Factory,0.6667,,,"J. GARCIA CARRION, S.A.",vino y derivados del vino,"Azúcar, Azúcar Líquido Invertido",2,"Azúcar, Azúcar Integral, Azúcar Líquido Invertido",1,,Comercializador,Bollería,0.0,0.0,0.0,0.0,2 - Media
Destil.leries Maresme Brands SLU,1.0,10888515.584999999,182.0,"EUROGRANIZADOS, S.L.U.",helados,Azúcar,1,Azúcar,1,,Fabricante,Licores,0.0,0.0,0.0,0.0,1 - Alta
Destilerias Espronceda,1.0,10888515.585,182.0,"EUROGRANIZADOS, S.L.U.",helados,Azúcar,1,Azúcar,1,,Comercializador,Licores,0.0,0.0,0.0,0.0,1 - Alta
Develey Polska,1.0,10888515.585,182.0,"EUROGRANIZADOS, S.L.U.",helados,Azúcar,1,Azúcar,1,,Fabricante,Salsas y aderezos,0.0,0.0,0.0,0.0,1 - Alta
Dharma Foods,1.0,10888515.585,182.0,"EUROGRANIZADOS, S.L.U.",helados,Azúcar,1,Azúcar,2,,Comercializador,Chocolate,0.0,0.3010299956639812,0.0,0.301,1 - Alta
Dia,0.5714,,,"FOOD REBELS, S.L.",bolleria,"Azúcar, Dextrosa, Fructosa, Jarabe de fructosa, Jarabe de glucosa, Jarabe de glucosa y fructosa, Maltitol, Sorbitol",8,"Azúcar, Azúcar Integral, Azúcar Líquido Invertido, Caramelo natural, Dextrosa, Fructosa, Jarabe de fructosa, Jarabe de glucosa, Jarabe de glucosa y fructosa, Jarabe de sorbitol, Maltitol, Miel pura de abejas, Sorbitol",62,,Comercializador,"Frutos secos y snacks, Salsas y aderezos, Alternativas a lácteos, Turrón, Chocolate, Lácteos, yogures y postres lácteos, Galleteros, Golosinas, Cárnico, Barritas y bebidas deportivas, Cereales, Pastelería, Bollería, Helados, Panadería, Conservas vegetales",0.0,1.792391689498254,0.0,1.0242,2 - Media
Dietrich Borggreve Zwieback Und Keksfabrik,1.0,10888515.585,182.0,"EUROGRANIZADOS, S.L.U.",helados,Azúcar,1,Azúcar,2,,Fabricante,Galleteros,0.0,0.3010299956639812,0.0,0.301,1 - Alta
Difrisur,0.5,,,"FIESTA COLOMBINA, S.L.U.",golosinas,"Azúcar, Azúcar Integral, Jarabe de glucosa, Jarabe de glucosa y fructosa",4,"Azúcar, Azúcar Integral, Caramelo natural, Jarabe de fructosa, Jarabe de glucosa, Jarabe de glucosa y fructosa, Sorbitol",6,,Fabricante,"Pastelería, Bollería",0.0,0.7781512503836436,0.0,0.3891,2 - Media
Dillepasa,0.6,,,"FRIMAR PANADEROS, S.L.",bolleria,"Azúcar, Azúcar Líquido Invertido, Dextrosa",3,"Azúcar, Azúcar Líquido Invertido, Dextrosa, Sorbitol",11,,Comercializador,"Bollería, Panadería",0.0,1.0413926851582251,0.0,0.6248,2 - Media
Dimi Dulces Iberica,1.0,25009061.361,23.0,"CAMPO REAL VITIVINICOLA, S.L.",vino y derivados del vino,"Azúcar, Jarabe de glucosa",2,"Azúcar, Jarabe de glucosa",1,,Comercializador,Bollería,0.0,0.0,0.0,0.0,1 - Alta
Dino Corsini,0.75,15796.75,1.0,"FRUTOS SECOS AURO, S.L.",frutos secos y snacks,"Azúcar, Caramelo natural, Jarabe de glucosa",3,"Azúcar, Caramelo natural, Jarabe de glucosa",1,,Fabricante,Bollería,0.0,0.0,0.0,0.0,1 - Alta
Dinova Alimentos,1.0,10888515.585,182.0,"EUROGRANIZADOS, S.L.U.",helados,Azúcar,1,Azúcar,10,,Comercializador,"Salsas y aderezos, Conservas vegetales",0.0,1.0,0.0,1.0,1 - Alta
Dispravia,1.0,1716982.77,17.0,"PLATOS TRADICIONALES, S.A",platos preparados,"Azúcar, Dextrosa",2,"Azúcar, Dextrosa",2,,Comercializador,Bollería,0.0,0.3010299956639812,0.0,0.301,1 - Alta
Distribuciones Feliu,0.5,,,"PSITTACUS CATALONIA, S.L.",piensos mascotas,Fructosa,1,"Fructosa, Miel pura de abejas",3,,Comercializador,"Nutracéuticos, Barritas y bebidas deportivas",0.0,0.47712125471966244,0.0,0.2386,2 - Media
Distribuciones Juan Luna,1.0,587580.185,11.0,"DADELOS AGRICOLA, S.L.",piensos ganaderia,"Azúcar, Fructosa",2,"Azúcar, Fructosa",1,,Fabricante,Cárnico,0.0,0.0,0.0,0.0,1 - Alta
Distribuciones Juan Luna,1.0,587580.185,11.0,"DADELOS AGRICOLA, S.L.",piensos ganaderia,"Azúcar, Fructosa",2,"Azúcar, Fructosa",1,,Comercializador,Quesos,0.0,0.0,0.0,0.0,1 - Alta
Distribuciones Y Representaciones Alimenticias,1.0,10888515.584999999,182.0,"EUROGRANIZADOS, S.L.U.",helados,Azúcar,1,Azúcar,2,,Comercializador,Conservas vegetales,0.0,0.3010299956639812,0.0,0.301,1 - Alta
Dlv Alimentacion,0.5,,,"PLATOS TRADICIONALES, S.A",platos preparados,"Azúcar, Dextrosa",2,"Azúcar, Caramelo natural, Dextrosa, Miel pura de abejas",11,,Fabricante,Turrón,0.0,1.0413926851582251,0.0,0.5207,2 - Media
Dmk,0.75,1088414.0,3.0,"LABORATORIOS ALMOND, S.L.",pasteleria,"Azúcar, Jarabe de fructosa, Jarabe de glucosa y fructosa",3,"Azúcar, Jarabe de fructosa, Jarabe de glucosa y fructosa",1,12600000.0,Comercializador,Pastelería,7.1003705451175625,0.0,0.0,0.0,1 - Alta
Dmk Eis,0.8,1840938.392,6.0,"SINBLAT ALIMENTACION SALUDABLE, S.L.",bolleria,"Azúcar, Jarabe de fructosa, Jarabe de glucosa, Jarabe de glucosa y fructosa",4,"Azúcar, Jarabe de fructosa, Jarabe de glucosa, Jarabe de glucosa y fructosa",1,,Fabricante,Helados,0.0,0.0,0.0,0.0,1 - Alta
Do It,1.0,10888515.584999999,182.0,"EUROGRANIZADOS, S.L.U.",helados,Azúcar,1,Azúcar,2,,Comercializador,Quesos,0.0,0.3010299956639812,0.0,0.301,1 - Alta
Doce Pareira Sobremesas,0.3333,,,"CHOCOLATES ALGARRA, S.L.",chocolate,Maltitol,1,Maltitol,1,,Fabricante,Pastelería,0.0,0.0,0.0,0.0,3 - Baja
Doce Reina Sobremasas,0.3333,,,"CHOCOLATES ALGARRA, S.L.",chocolate,Maltitol,1,Maltitol,1,,Fabricante,Pastelería,0.0,0.0,0.0,0.0,3 - Baja
Docereinas Sobremesas,0.5,,,"COMORALI, S.L.",pasteleria,Jarabe de maltitol,1,"Caramelo natural, Jarabe de maltitol",1,,Fabricante,Pastelería,0.0,0.0,0.0,0.0,2 - Media
Docile Alimentos,1.0,25009061.361,23.0,"CAMPO REAL VITIVINICOLA, S.L.",vino y derivados del vino,"Azúcar, Jarabe de glucosa",2,"Azúcar, Jarabe de glucosa",1,,Comercializador,Golosinas,0.0,0.0,0.0,0.0,1 - Alta
Dolci Preziosi,1.0,25009061.361,23.0,"CAMPO REAL VITIVINICOLA, S.L.",vino y derivados del vino,"Azúcar, Jarabe de glucosa",2,"Azúcar, Jarabe de glucosa",1,,Comercializador,Turrón,0.0,0.0,0.0,0.0,1 - Alta
Dr Gerard,1.0,10888515.585,182.0,"EUROGRANIZADOS, S.L.U.",helados,Azúcar,1,Azúcar,1,,Fabricante,Galleteros,0.0,0.0,0.0,0.0,1 - Alta
Dr Oetker,1.0,26849999.753000002,29.0,"CAMPO REAL VITIVINICOLA, S.L.",vino y derivados del vino,"Azúcar, Jarabe de glucosa",2,"Azúcar, Jarabe de glucosa",8,,Comercializador,"Pastelería, Helados, Panadería",0.0,0.9030899869919435,0.0,0.9031,1 - Alta
Dr Oetker,1.0,26849999.753000002,29.0,"CAMPO REAL VITIVINICOLA, S.L.",vino y derivados del vino,"Azúcar, Jarabe de glucosa",2,"Azúcar, Jarabe de glucosa",1,70000000.0,Fabricante,Pastelería,7.845098040014257,0.0,0.0,0.0,1 - Alta
Dr Schaer,0.4545,,,DULCES LA ABUELA COOP VNA,bolleria,"Azúcar, Azúcar Integral, Jarabe de glucosa, Jarabe de glucosa y fructosa, Jarabe de sorbitol",5,"Azúcar, Azúcar Integral, Azúcar Líquido Invertido, Caramelo natural, Dextrosa, Jarabe de fructosa, Jarabe de glucosa, Jarabe de glucosa y fructosa, Jarabe de sorbitol, Miel pura de abejas, Sorbitol",23,,Comercializador,"Frutos secos y snacks, Chocolate, Cereales, Bollería, Panadería, Galleteros",0.0,1.3617278360175928,0.0,0.6189,3 - Baja
Dr. Schär España S.L.U,0.3333,,,"PROBELTE, S.A.U.",agroquimico,Sorbitol,1,"Miel pura de abejas, Sorbitol",7,,Fabricante,"Pastelería, Bollería, Panadería, Platos preparados",0.0,0.8450980400142568,0.0,0.2817,3 - Baja
Dr. Schär España S.L.U.,0.5,,,"PROBELTE, S.A.U.",agroquimico,Sorbitol,1,Sorbitol,4,,Fabricante,Bollería,0.0,0.6020599913279624,0.0,0.301,2 - Media
"Dr. Schär España, S.L.U.",0.3333,,,"CHOCOLATES ALGARRA, S.L.",chocolate,Maltitol,1,Maltitol,1,,Fabricante,Galleteros,0.0,0.0,0.0,0.0,3 - Baja
Drasanvi,0.5,,,"PROBELTE, S.A.U.",agroquimico,Sorbitol,1,Sorbitol,1,35000000.0,Comercializador,Barritas y bebidas deportivas,7.544068044350276,0.0,0.0,0.0,2 - Media
Dug Foodtech,1.0,10888515.584999999,182.0,"EUROGRANIZADOS, S.L.U.",helados,Azúcar,1,Azúcar,2,,Comercializador,Alternativas a lácteos,0.0,0.3010299956639812,0.0,0.301,1 - Alta
Dulca,1.0,10888515.585,182.0,"EUROGRANIZADOS, S.L.U.",helados,Azúcar,1,Azúcar,1,42950000.0,Fabricante,Bollería,7.632963168167261,0.0,0.0,0.0,1 - Alta
Dulces La Abuela Coop,0.6,,,"FRIMAR PANADEROS, S.L.",bolleria,"Azúcar, Dextrosa, Jarabe de sorbitol",3,"Azúcar, Dextrosa, Jarabe de sorbitol, Miel pura de abejas",6,,Fabricante,Bollería,0.0,0.7781512503836436,0.0,0.4669,2 - Media
Dulces La Abuela De Quesa,1.0,392068.98,2.0,"CASTER ALIMENTACION, S.L.",salsas y aderezos,"Azúcar, Jarabe de glucosa, Jarabe de sorbitol",3,"Azúcar, Jarabe de glucosa, Jarabe de sorbitol",1,,Fabricante,Bollería,0.0,0.0,0.0,0.0,1 - Alta
Dulces del campo S.A.U:,0.5,,,"PROBELTE, S.A.U.",agroquimico,Sorbitol,1,Sorbitol,1,,Fabricante,Bollería,0.0,0.0,0.0,0.0,2 - Media
Dulcesa Slu,1.0,10888515.585,182.0,"EUROGRANIZADOS, S.L.U.",helados,Azúcar,1,Azúcar,1,,Fabricante,Panadería,0.0,0.0,0.0,0.0,1 - Alta
"Dulcesa, S.L.U",0.5,,,"PROBELTE, S.A.U.",agroquimico,Sorbitol,1,Sorbitol,1,,Fabricante,Bollería,0.0,0.0,0.0,0.0,2 - Media
Dulcesol,0.8,63557.4,1.0,"ADISTAFARMA, S.L.",medicamentos,"Azúcar, Fructooligosacaridos, Jarabe de glucosa, Jarabe de maltitol",4,"Azúcar, Fructooligosacaridos, Jarabe de glucosa, Jarabe de maltitol",3,,Comercializador,Helados,0.0,0.47712125471966244,0.0,0.3817,1 - Alta
Dulcestepa,0.75,128689.26,2.0,SAMECA PRODUTOS QUIMICOS SA,vino y derivados del vino,"Azúcar, Azúcar Líquido Invertido, Jarabe de glucosa y fructosa",3,"Azúcar, Azúcar Líquido Invertido, Jarabe de fructosa, Jarabe de glucosa y fructosa",3,4099999.0,Fabricante,"Golosinas, Bollería",6.6127837507942395,0.47712125471966244,2.3663,0.3578,1 - Alta
Dulcivapa,0.4545,,,"MAK FOOD COMPANY, S.L.",zumos y nectares,"Azúcar, Azúcar Líquido Invertido, Fructosa, Jarabe de fructosa, Jarabe de glucosa y fructosa",5,"Azúcar, Azúcar Líquido Invertido, Fructosa, Jarabe de fructosa, Jarabe de glucosa y fructosa, Jarabe de sorbitol, Miel pura de abejas, Sorbitol",10,,Comercializador,"Bollería, Panadería, Galleteros",0.0,1.0,0.0,0.4545,3 - Baja
Dulia Bake,1.0,10888515.585,182.0,"EUROGRANIZADOS, S.L.U.",helados,Azúcar,1,Azúcar,1,,Fabricante,Panadería,0.0,0.0,0.0,0.0,1 - Alta
Dulmatesa,0.6667,,,"PLATOS TRADICIONALES, S.A",platos preparados,"Azúcar, Dextrosa",2,"Azúcar, Dextrosa, Sorbitol",1,,Comercializador,Bollería,0.0,0.0,0.0,0.0,2 - Media
Dulmatesa S.L.,0.3333,,,"CHOCOLATES ALGARRA, S.L.",chocolate,Maltitol,1,Maltitol,1,,Fabricante,Bollería,0.0,0.0,0.0,0.0,3 - Baja
Dulymaz,0.75,15796.75,1.0,"FRUTOS SECOS AURO, S.L.",frutos secos y snacks,"Azúcar, Caramelo natural, Jarabe de glucosa",3,"Azúcar, Caramelo natural, Jarabe de glucosa",2,,Fabricante,Turrón,0.0,0.3010299956639812,0.0,0.2258,1 - Alta
Dumon Locamente Ricas,0.6667,,,"IBERFRUTA MUERZA, S.A.",conservas vegetales,"Azúcar, Jarabe de maltitol",2,"Azúcar, Caramelo natural, Jarabe de maltitol",5,,Comercializador,Galleteros,0.0,0.6989700043360189,0.0,0.466,2 - Media
Duvel Moortgat,1.0,351098.73,13.0,"DULCES EL AVION, S.A.",chocolate,Jarabe de glucosa,1,Jarabe de glucosa,1,2300000.0,Fabricante,Cervezas,6.361727836017593,0.0,0.0,0.0,1 - Alta
Dych,1.0,1016348.602,9.0,"ESTUCHADOS FANNY, S.L.",estuchadores,"Azúcar, Azúcar Integral",2,"Azúcar, Azúcar Integral",14,,Fabricante,"Salsas y aderezos, Mermeladas y confituras",0.0,1.146128035678238,0.0,1.1461,1 - Alta
E Hijos,1.0,25009061.361,23.0,"CAMPO REAL VITIVINICOLA, S.L.",vino y derivados del vino,"Azúcar, Jarabe de glucosa",2,"Azúcar, Jarabe de glucosa",1,,Comercializador,Cárnico,0.0,0.0,0.0,0.0,1 - Alta
"EUROGRANIZADOS, S.L",1.0,106967.1,3.0,"COMORALI, S.L.",pasteleria,Jarabe de maltitol,1,Jarabe de maltitol,1,,Fabricante,Helados,0.0,0.0,0.0,0.0,1 - Alta
Eat Easy,1.0,10888515.585,182.0,"EUROGRANIZADOS, S.L.U.",helados,Azúcar,1,Azúcar,4,,Comercializador,Refrescos,0.0,0.6020599913279624,0.0,0.6021,1 - Alta
Eckes Granini,1.0,21777031.17,182.0,"EUROGRANIZADOS, S.L.U.",helados,Azúcar,1,Azúcar,9,,Comercializador,Zumos y néctares,0.0,0.9542425094393249,0.0,0.9542,1 - Alta
Eckes Granini,1.0,21777031.17,182.0,"EUROGRANIZADOS, S.L.U.",helados,Azúcar,1,Azúcar,2,56210000.0,Fabricante,Zumos y néctares,7.749813585292938,0.3010299956639812,2.3329,0.301,1 - Alta
Eco Finia,1.0,1016348.602,9.0,"ESTUCHADOS FANNY, S.L.",estuchadores,"Azúcar, Azúcar Integral",2,"Azúcar, Azúcar Integral",6,,Comercializador,"Chocolate, Galleteros",0.0,0.7781512503836436,0.0,0.7782,1 - Alta
Eco Nuestra,0.5,,,"EUROGRANIZADOS, S.L.U.",helados,Azúcar,1,"Azúcar, Sorbitol",2,,Comercializador,"Cárnico, Mermeladas y confituras",0.0,0.3010299956639812,0.0,0.1505,2 - Media
Ecobasics,1.0,1016348.602,9.0,"ESTUCHADOS FANNY, S.L.",estuchadores,"Azúcar, Azúcar Integral",2,"Azúcar, Azúcar Integral",1,,Comercializador,Cereales,0.0,0.0,0.0,0.0,1 - Alta
Ecobelda Fruits,1.0,10888515.585,182.0,"EUROGRANIZADOS, S.L.U.",helados,Azúcar,1,Azúcar,1,,Comercializador,Mermeladas y confituras,0.0,0.0,0.0,0.0,1 - Alta
Ecoriera,1.0,1016348.602,9.0,"ESTUCHADOS FANNY, S.L.",estuchadores,"Azúcar, Azúcar Integral",2,"Azúcar, Azúcar Integral",1,,Comercializador,Cárnico,0.0,0.0,0.0,0.0,1 - Alta
Ej Papadopoulos,0.5,,,"MARTIN BRAUN, S.A.",pasteleria,"Azúcar, Jarabe de sorbitol",2,"Azúcar, Caramelo natural, Fructosa, Jarabe de sorbitol",1,,Fabricante,Galleteros,0.0,0.0,0.0,0.0,2 - Media
El Barranquillo,1.0,10888515.585,182.0,"EUROGRANIZADOS, S.L.U.",helados,Azúcar,1,Azúcar,2,11000000.0,Fabricante,"Lácteos, yogures y postres lácteos",7.041392685158225,0.3010299956639812,2.1197,0.301,1 - Alta
"El Cateto, S.L.U.",1.0,106967.1,3.0,"COMORALI, S.L.",pasteleria,Jarabe de maltitol,1,Jarabe de maltitol,1,,Fabricante,Bollería,0.0,0.0,0.0,0.0,1 - Alta
El Corte Ingles,0.6,,,"SANCHIS MIRA, S.A.",turron,"Azúcar, Fructooligosacaridos, Jarabe de fructosa, Jarabe de glucosa, Jarabe de glucosa y fructosa, Jarabe de maltitol, Jarabe de sorbitol, Maltitol, Sorbitol",9,"Azúcar, Azúcar Integral, Azúcar Líquido Invertido, Caramelo natural, Dextrosa, Fructooligosacaridos, Fructosa, Jarabe de fructosa, Jarabe de glucosa, Jarabe de glucosa y fructosa, Jarabe de maltitol, Jarabe de sorbitol, Maltitol, Miel pura de abejas, Sorbitol",41,2912000000.0,Comercializador,"Frutos secos y snacks, Salsas y aderezos, Chocolate, Turrón, Mermeladas y confituras, Café, Galleteros, Golosinas, Cárnico, Barritas y bebidas deportivas, Cereales, Pastelería, Bollería, Helados, Zumos y néctares, Panadería",9.464191370641,1.6127838567197355,9.1582,0.9677,2 - Media
"El Corte Inglés, S.A. Hermosilla 112 -",0.5,,,"PROBELTE, S.A.U.",agroquimico,Sorbitol,1,Sorbitol,2,,Fabricante,Chocolate,0.0,0.3010299956639812,0.0,0.1505,2 - Media
"El Corte Inglés, S.A. Hermosilla, 112 ?",0.4,,,"TURRONES Y ESPECIALIDADES VIAR, S.A.",turron,"Jarabe de maltitol, Sorbitol",2,"Jarabe de maltitol, Miel pura de abejas, Sorbitol",4,,Fabricante,Turrón,0.0,0.6020599913279624,0.0,0.2408,3 - Baja
El Mesias,1.0,10888515.585,182.0,"EUROGRANIZADOS, S.L.U.",helados,Azúcar,1,Azúcar,1,,Comercializador,Bollería,0.0,0.0,0.0,0.0,1 - Alta
ElPozo Alimentación S.A. para Centros Comerciales Carrefour S.A,0.5,,,"PROBELTE, S.A.U.",agroquimico,Sorbitol,1,Sorbitol,1,,Fabricante,Cárnico,0.0,0.0,0.0,0.0,2 - Media
"Elaborado para El Corte Inglés, S.A",0.4,,,"TURRONES Y ESPECIALIDADES VIAR, S.A.",turron,"Jarabe de maltitol, Sorbitol",2,"Jarabe de maltitol, Miel pura de abejas, Sorbitol",15,,Fabricante,"Golosinas, Mermeladas y confituras, Helados, Panadería",0.0,1.1760912590556813,0.0,0.4704,3 - Baja
"Elaborado para El Corte Inglés, S.A. c/ Hermosilla, 112 -",0.5,,,"PROBELTE, S.A.U.",agroquimico,Sorbitol,1,Sorbitol,1,,Fabricante,Bollería,0.0,0.0,0.0,0.0,2 - Media
"Elaborado y envasado por Europraliné, S.L. RGSEAA 25.00090/P para: Centros Comerciales Carrefour S.A.",0.3333,,,"CHOCOLATES ALGARRA, S.L.",chocolate,Maltitol,1,Maltitol,1,,Fabricante,Chocolate,0.0,0.0,0.0,0.0,3 - Baja
Elaborados Del Ason,1.0,10888515.585,182.0,"EUROGRANIZADOS, S.L.U.",helados,Azúcar,1,Azúcar,1,,Comercializador,Mermeladas y confituras,0.0,0.0,0.0,0.0,1 - Alta
Elaborados Salinas,0.6667,,,"CHOCOLATES ALGARRA, S.L.",chocolate,"Azúcar, Maltitol",2,"Azúcar, Maltitol",5,,Comercializador,Bollería,0.0,0.6989700043360189,0.0,0.466,2 - Media
Elah Dufour,1.0,10888515.585,182.0,"EUROGRANIZADOS, S.L.U.",helados,Azúcar,1,Azúcar,1,,Comercializador,Chocolate,0.0,0.0,0.0,0.0,1 - Alta
Elgorriaga,0.75,1088414.0,3.0,"LABORATORIOS ALMOND, S.L.",pasteleria,"Azúcar, Jarabe de fructosa, Jarabe de glucosa y fructosa",3,"Azúcar, Jarabe de fructosa, Jarabe de glucosa y fructosa",1,,Fabricante,Galleteros,0.0,0.0,0.0,0.0,1 - Alta
Emb 01072D,0.8,141873.65,1.0,"STOCKMEIER QUIMICA, SLU",agroquimico,"Azúcar, Dextrosa, Fructosa, Jarabe de glucosa",4,"Azúcar, Azúcar Integral, Dextrosa, Fructosa, Jarabe de glucosa",3,,Fabricante,Galleteros,0.0,0.47712125471966244,0.0,0.3817,1 - Alta
Emb 27 701 E,1.0,1626895.95,12.0,"PRODUCTOS SUR, S.L.","especias, aromas,colorant",Dextrosa,1,Dextrosa,1,,Fabricante,Quesos,0.0,0.0,0.0,0.0,1 - Alta
Emb 29247H,1.0,529301.425,2.0,"PRODUCTOS LA PILARICA, S.A.","especias, aromas,colorant","Azúcar, Azúcar Integral, Dextrosa",3,"Azúcar, Azúcar Integral, Dextrosa",1,,Fabricante,Galleteros,0.0,0.0,0.0,0.0,1 - Alta
Emb 44212L,1.0,10888515.585,182.0,"EUROGRANIZADOS, S.L.U.",helados,Azúcar,1,Azúcar,1,,Fabricante,Pastelería,0.0,0.0,0.0,0.0,1 - Alta
Emb 56 251 E,1.0,10888515.585,182.0,"EUROGRANIZADOS, S.L.U.",helados,Azúcar,1,Azúcar,1,,Fabricante,Conservas vegetales,0.0,0.0,0.0,0.0,1 - Alta
Emb 85208A,1.0,1626895.95,12.0,"PRODUCTOS SUR, S.L.","especias, aromas,colorant",Dextrosa,1,Dextrosa,1,,Fabricante,Frutos secos y snacks,0.0,0.0,0.0,0.0,1 - Alta
Embotits Salgot,1.0,10888515.585,182.0,"EUROGRANIZADOS, S.L.U.",helados,Azúcar,1,Azúcar,1,,Comercializador,Cárnico,0.0,0.0,0.0,0.0,1 - Alta
Embutidos Canovas,1.0,1716982.77,17.0,"PLATOS TRADICIONALES, S.A",platos preparados,"Azúcar, Dextrosa",2,"Azúcar, Dextrosa",1,,Fabricante,Cárnico,0.0,0.0,0.0,0.0,1 - Alta
Embutidos Farcedo,1.0,1626895.95,12.0,"PRODUCTOS SUR, S.L.","especias, aromas,colorant",Dextrosa,1,Dextrosa,2,,Comercializador,Cárnico,0.0,0.3010299956639812,0.0,0.301,1 - Alta
Embutidos Goikoa,1.0,3343878.7199999997,29.0,"PRODUCTOS SUR, S.L.","especias, aromas,colorant",Dextrosa,1,Dextrosa,6,77510000.0,Fabricante,Cárnico,7.889357736888932,0.7781512503836436,6.1391,0.7782,1 - Alta
Embutidos Goikoa,1.0,3343878.7199999997,29.0,"PRODUCTOS SUR, S.L.","especias, aromas,colorant",Dextrosa,1,Dextrosa,3,,Comercializador,Cárnico,0.0,0.47712125471966244,0.0,0.4771,1 - Alta
Embutidos La Hoguera,1.0,10888515.585,182.0,"EUROGRANIZADOS, S.L.U.",helados,Azúcar,1,Azúcar,1,47500000.0,Fabricante,Cárnico,7.676693609624866,0.0,0.0,0.0,1 - Alta
Embutidos Monells,0.6667,,,"PRODUCTOS LA MULATA, S.L.",pasteleria,"Dextrosa, Jarabe de glucosa",2,"Dextrosa, Jarabe de glucosa, Sorbitol",11,195800000.0,Fabricante,Cárnico,8.29181268746712,1.0413926851582251,5.757,0.6943,2 - Media
Embutidos Y Jamones Espana E Hijos,1.0,1716982.77,17.0,"PLATOS TRADICIONALES, S.A",platos preparados,"Azúcar, Dextrosa",2,"Azúcar, Dextrosa",3,72000000.0,Fabricante,Cárnico,7.857332496431268,0.47712125471966244,3.7489,0.4771,1 - Alta
Emco,0.6667,,,"MANDIC OUTMILL MS4, S.L.",piensos ganaderia,"Azúcar, Azúcar Líquido Invertido, Dextrosa, Fructosa",4,"Azúcar, Azúcar Integral, Azúcar Líquido Invertido, Dextrosa, Fructosa, Sorbitol",3,,Comercializador,Cereales,0.0,0.47712125471966244,0.0,0.3181,2 - Media
Emco,0.6667,,,"MANDIC OUTMILL MS4, S.L.",piensos ganaderia,"Azúcar, Azúcar Líquido Invertido, Dextrosa, Fructosa",4,"Azúcar, Azúcar Integral, Azúcar Líquido Invertido, Dextrosa, Fructosa, Sorbitol",2,,Fabricante,Cereales,0.0,0.3010299956639812,0.0,0.2007,2 - Media
Emmi Dessert,1.0,25009061.361,23.0,"CAMPO REAL VITIVINICOLA, S.L.",vino y derivados del vino,"Azúcar, Jarabe de glucosa",2,"Azúcar, Jarabe de glucosa",1,,Fabricante,Pastelería,0.0,0.0,0.0,0.0,1 - Alta
Emmi Dessert Italia,1.0,25009061.361,23.0,"CAMPO REAL VITIVINICOLA, S.L.",vino y derivados del vino,"Azúcar, Jarabe de glucosa",2,"Azúcar, Jarabe de glucosa",1,,Comercializador,Bollería,0.0,0.0,0.0,0.0,1 - Alta
Emporio Foods,1.0,10888515.585,182.0,"EUROGRANIZADOS, S.L.U.",helados,Azúcar,1,Azúcar,1,,Comercializador,Frutos secos y snacks,0.0,0.0,0.0,0.0,1 - Alta
Empty,0.25,,,"FRUTOS SECOS AURO, S.L.",frutos secos y snacks,Caramelo natural,1,Caramelo natural,1,,Fabricante,Cervezas,0.0,0.0,0.0,0.0,3 - Baja
Encarna Empresa Carnica Asociada,1.0,1626895.95,12.0,"PRODUCTOS SUR, S.L.","especias, aromas,colorant",Dextrosa,1,Dextrosa,1,,Comercializador,Cárnico,0.0,0.0,0.0,0.0,1 - Alta
Energy Beverages,1.0,10888515.584999999,182.0,"EUROGRANIZADOS, S.L.U.",helados,Azúcar,1,Azúcar,1,,Comercializador,Refrescos,0.0,0.0,0.0,0.0,1 - Alta
"Enervit Nutrition, S.L.U",0.5,,,"TURRONES Y ESPECIALIDADES VIAR, S.A.",turron,"Maltitol, Sorbitol",2,"Maltitol, Sorbitol",4,,Fabricante,"Suplementos deportivos, Barritas y bebidas deportivas",0.0,0.6020599913279624,0.0,0.301,2 - Media
Eneryeti Company,0.6,,,"LABORATORIOS ALMOND, S.L.",pasteleria,"Azúcar, Jarabe de fructosa, Jarabe de glucosa y fructosa",3,"Azúcar, Caramelo natural, Jarabe de fructosa, Jarabe de glucosa y fructosa",13,26530000.0,Comercializador,Refrescos,7.423737249982329,1.1139433523068367,4.9618,0.6684,2 - Media
Ennstal Milch,1.0,10888515.585,182.0,"EUROGRANIZADOS, S.L.U.",helados,Azúcar,1,Azúcar,5,,Fabricante,Café,0.0,0.6989700043360189,0.0,0.699,1 - Alta
Enrique Garrigos Monerris,1.0,0.0,1.0,OBRADOR HERMANOS HIGON S.L.U.,chocolate,"Azúcar, Fructooligosacaridos",2,"Azúcar, Fructooligosacaridos",9,4000000.0,Comercializador,"Turrón, Bollería, Galleteros",6.6020599913279625,0.9542425094393249,6.3,0.9542,1 - Alta
Enrique Garrigos Monerris,1.0,0.0,1.0,OBRADOR HERMANOS HIGON S.L.U.,chocolate,"Azúcar, Fructooligosacaridos",2,"Azúcar, Fructooligosacaridos",1,9500000.0,Fabricante,Turrón,6.977723605288848,0.0,0.0,0.0,1 - Alta
Es 15.00195/Gu Ce,1.0,10888515.585,182.0,"EUROGRANIZADOS, S.L.U.",helados,Azúcar,1,Azúcar,1,,Fabricante,"Lácteos, yogures y postres lácteos",0.0,0.0,0.0,0.0,1 - Alta
Esnelat,1.0,10888515.585,182.0,"EUROGRANIZADOS, S.L.U.",helados,Azúcar,1,Azúcar,1,420000000.0,Fabricante,Alternativas a lácteos,8.6232492903979,0.0,0.0,0.0,1 - Alta
Especialidades Directas Gastron Micas Del Pais,1.0,10888515.585,182.0,"EUROGRANIZADOS, S.L.U.",helados,Azúcar,1,Azúcar,1,11020000.0,Comercializador,Cárnico,7.042181594515767,0.0,0.0,0.0,1 - Alta
Especialidades Lacteas,1.0,10888515.585,182.0,"EUROGRANIZADOS, S.L.U.",helados,Azúcar,1,Azúcar,1,454800000.0,Fabricante,Pastelería,8.657820456015697,0.0,0.0,0.0,1 - Alta
Essenzo Cacao,1.0,1016348.602,9.0,"ESTUCHADOS FANNY, S.L.",estuchadores,"Azúcar, Azúcar Integral",2,"Azúcar, Azúcar Integral",1,,Fabricante,Chocolate,0.0,0.0,0.0,0.0,1 - Alta
Esteban Espuna,1.0,3343878.7199999997,29.0,"PRODUCTOS SUR, S.L.","especias, aromas,colorant",Dextrosa,1,Dextrosa,3,98700000.0,Comercializador,Cárnico,7.994317152669637,0.47712125471966244,3.8143,0.4771,1 - Alta
Esteban Espuna,1.0,3343878.7199999997,29.0,"PRODUCTOS SUR, S.L.","especias, aromas,colorant",Dextrosa,1,Dextrosa,1,98700000.0,Fabricante,Cárnico,7.994317152669637,0.0,0.0,0.0,1 - Alta
Estilo Kiki,1.0,10888515.585,182.0,"EUROGRANIZADOS, S.L.U.",helados,Azúcar,1,Azúcar,1,,Comercializador,Salsas y aderezos,0.0,0.0,0.0,0.0,1 - Alta
Estrella De Levante,0.6667,,,ARTENAY BARS SAS,turron,"Jarabe de fructosa, Jarabe de glucosa y fructosa",2,"Jarabe de fructosa, Jarabe de glucosa y fructosa",1,,Comercializador,Cervezas,0.0,0.0,0.0,0.0,2 - Media
Etna Confiserie,1.0,10888515.585,182.0,"EUROGRANIZADOS, S.L.U.",helados,Azúcar,1,Azúcar,1,,Comercializador,Chocolate,0.0,0.0,0.0,0.0,1 - Alta
Eurial Ultra Frais,0.6667,,,"LA TRADICION M&T, S.L.",bolleria,"Azúcar, Fructosa, Jarabe de glucosa, Jarabe de glucosa y fructosa",4,"Azúcar, Caramelo natural, Fructosa, Jarabe de fructosa, Jarabe de glucosa, Jarabe de glucosa y fructosa",5,,Fabricante,"Lácteos, yogures y postres lácteos, Pastelería, Quesos",0.0,0.6989700043360189,0.0,0.466,2 - Media
Eurofrits,1.0,1626895.95,12.0,"PRODUCTOS SUR, S.L.","especias, aromas,colorant",Dextrosa,1,Dextrosa,3,108000000.0,Fabricante,"Bollería, Quesos",8.03342375548695,0.47712125471966244,3.8329,0.4771,1 - Alta
Eurofrozen,1.0,10888515.585,182.0,"EUROGRANIZADOS, S.L.U.",helados,Azúcar,1,Azúcar,1,,Fabricante,Quesos,0.0,0.0,0.0,0.0,1 - Alta
Euromadi,1.0,10888515.585,182.0,"EUROGRANIZADOS, S.L.U.",helados,Azúcar,1,Azúcar,1,,Fabricante,Bollería,0.0,0.0,0.0,0.0,1 - Alta
Europe Snacks,1.0,25009061.361,23.0,"CAMPO REAL VITIVINICOLA, S.L.",vino y derivados del vino,"Azúcar, Jarabe de glucosa",2,"Azúcar, Jarabe de glucosa",2,,Fabricante,Frutos secos y snacks,0.0,0.3010299956639812,0.0,0.301,1 - Alta
Europralin Sl,1.0,10888515.585,182.0,"EUROGRANIZADOS, S.L.U.",helados,Azúcar,1,Azúcar,1,,Fabricante,Turrón,0.0,0.0,0.0,0.0,1 - Alta
Europraline,0.8,236097.52,1.0,"EUROCHOC, S.L.",chocolate,"Azúcar, Jarabe de glucosa, Jarabe de glucosa y fructosa, Maltitol",4,"Azúcar, Jarabe de fructosa, Jarabe de glucosa, Jarabe de glucosa y fructosa, Maltitol",10,,Fabricante,"Chocolate, Turrón",0.0,1.0,0.0,0.8,1 - Alta
Europraline,0.8,236097.52,1.0,"EUROCHOC, S.L.",chocolate,"Azúcar, Jarabe de glucosa, Jarabe de glucosa y fructosa, Maltitol",4,"Azúcar, Jarabe de fructosa, Jarabe de glucosa, Jarabe de glucosa y fructosa, Maltitol",4,85000000.0,Comercializador,"Chocolate, Galleteros",7.929418925714293,0.6020599913279624,3.8192,0.4816,1 - Alta
Eurospital,1.0,37318242.334,3.0,"QUIRANTE FRUITS, S.L.",zumos y nectares,"Azúcar, Azúcar Líquido Invertido, Jarabe de glucosa",3,"Azúcar, Azúcar Líquido Invertido, Jarabe de glucosa",2,,Comercializador,"Cereales, Galleteros",0.0,0.3010299956639812,0.0,0.301,1 - Alta
Exclusivas Barreiro,1.0,10888515.585,182.0,"EUROGRANIZADOS, S.L.U.",helados,Azúcar,1,Azúcar,1,,Comercializador,Bollería,0.0,0.0,0.0,0.0,1 - Alta
Exclusivas La Cota,1.0,10888515.584999999,182.0,"EUROGRANIZADOS, S.L.U.",helados,Azúcar,1,Azúcar,1,,Fabricante,Quesos,0.0,0.0,0.0,0.0,1 - Alta
Ezaki Glico,1.0,10888515.585,182.0,"EUROGRANIZADOS, S.L.U.",helados,Azúcar,1,Azúcar,2,,Comercializador,Galleteros,0.0,0.3010299956639812,0.0,0.301,1 - Alta
F.I.R.M.A. ITALIA SPA,1.0,351098.73,13.0,"DULCES EL AVION, S.A.",chocolate,Jarabe de glucosa,1,Jarabe de glucosa,1,,Fabricante,Platos preparados,0.0,0.0,0.0,0.0,1 - Alta
"FINI GOLOSINAS ESPAÑA, S.L.U.",0.5,,,"PROBELTE, S.A.U.",agroquimico,Sorbitol,1,Sorbitol,2,,Fabricante,Golosinas,0.0,0.3010299956639812,0.0,0.1505,2 - Media
FLEER ESPAÑOLA S.L.,0.5,,,"TURRONES Y ESPECIALIDADES VIAR, S.A.",turron,"Jarabe de maltitol, Sorbitol",2,"Jarabe de maltitol, Sorbitol",6,,Fabricante,Golosinas,0.0,0.7781512503836436,0.0,0.3891,2 - Media
FRIT RAVICH S.L.,0.5,,,"GASCON VERMUYTEN, S.L.","lacteos, yogur, postr lac",Jarabe de sorbitol,1,"Jarabe de sorbitol, Miel pura de abejas",3,,Fabricante,"Frutos secos y snacks, Conservas vegetales",0.0,0.47712125471966244,0.0,0.2386,2 - Media
Fa Crux,0.7143,,,MARIN GIMENEZ HNOS. S.A.,zumos y nectares,"Azúcar, Azúcar Líquido Invertido, Jarabe de fructosa, Jarabe de glucosa, Jarabe de glucosa y fructosa",5,"Azúcar, Azúcar Líquido Invertido, Jarabe de fructosa, Jarabe de glucosa, Jarabe de glucosa y fructosa, Sorbitol",3,,Fabricante,"Chocolate, Galleteros",0.0,0.47712125471966244,0.0,0.3408,2 - Media
Fabricas Lusitana Produtos,1.0,10888515.585,182.0,"EUROGRANIZADOS, S.L.U.",helados,Azúcar,1,Azúcar,1,,Comercializador,Galleteros,0.0,0.0,0.0,0.0,1 - Alta
Family Cash,1.0,1716982.77,17.0,"PLATOS TRADICIONALES, S.A",platos preparados,"Azúcar, Dextrosa",2,"Azúcar, Dextrosa",16,754000000.0,Comercializador,"Frutos secos y snacks, Salsas y aderezos, Cárnico, Chocolate, Conservas vegetales",8.877371345869774,1.2041199826559248,10.6894,1.2041,1 - Alta
Fantasy Food Corporation,1.0,10888515.585,182.0,"EUROGRANIZADOS, S.L.U.",helados,Azúcar,1,Azúcar,1,3000000.0,Comercializador,Chocolate,6.477121254719663,0.0,0.0,0.0,1 - Alta
Farmo,0.6,,,"PRODUCTOS LA PILARICA, S.A.","especias, aromas,colorant","Azúcar, Azúcar Integral, Dextrosa",3,"Azúcar, Azúcar Integral, Dextrosa, Jarabe de glucosa, Sorbitol",5,,Comercializador,"Bollería, Panadería, Galleteros",0.0,0.6989700043360189,0.0,0.4194,2 - Media
Fattoria Casanova,0.5,,,"EUROGRANIZADOS, S.L.U.",helados,Azúcar,1,"Azúcar, Miel pura de abejas",1,,Comercializador,Galleteros,0.0,0.0,0.0,0.0,2 - Media
Fdf Flensburger Drageefabrik,0.75,245746.375,1.0,"TARBAL FOOD, S.L.",pasteleria,"Azúcar, Azúcar Integral, Jarabe de glucosa",3,"Azúcar, Azúcar Integral, Caramelo natural, Jarabe de glucosa",1,,Fabricante,Chocolate,0.0,0.0,0.0,0.0,1 - Alta
Feastables,1.0,10888515.585,182.0,"EUROGRANIZADOS, S.L.U.",helados,Azúcar,1,Azúcar,5,,Comercializador,Chocolate,0.0,0.6989700043360189,0.0,0.699,1 - Alta
Feiraco,1.0,10888515.585,182.0,"EUROGRANIZADOS, S.L.U.",helados,Azúcar,1,Azúcar,3,,Comercializador,"Lácteos, yogures y postres lácteos",0.0,0.47712125471966244,0.0,0.4771,1 - Alta
Feiraco,1.0,10888515.585,182.0,"EUROGRANIZADOS, S.L.U.",helados,Azúcar,1,Azúcar,1,,Fabricante,Alternativas a lácteos,0.0,0.0,0.0,0.0,1 - Alta
Felici,0.5,,,FERDINAND KREUTZER SABAMÜHLE GMBH,barritas y bebidas deport,"Azúcar, Fructooligosacaridos, Jarabe de glucosa",3,"Azúcar, Caramelo natural, Fructooligosacaridos, Jarabe de glucosa, Miel pura de abejas",1,,Fabricante,Cereales,0.0,0.0,0.0,0.0,2 - Media
Ferrara Candy Company,1.0,25009061.361,23.0,"CAMPO REAL VITIVINICOLA, S.L.",vino y derivados del vino,"Azúcar, Jarabe de glucosa",2,"Azúcar, Jarabe de glucosa",1,,Fabricante,Turrón,0.0,0.0,0.0,0.0,1 - Alta
Ferrarini,1.0,10888515.585,182.0,"EUROGRANIZADOS, S.L.U.",helados,Azúcar,1,Azúcar,2,,Comercializador,Cárnico,0.0,0.3010299956639812,0.0,0.301,1 - Alta
Ferrero,1.0,10888515.585,182.0,"EUROGRANIZADOS, S.L.U.",helados,Azúcar,1,Azúcar,65,,Comercializador,"Chocolate, Bollería, Helados, Galleteros",0.0,1.8129133566428555,0.0,1.8129,1 - Alta
Ferrero,1.0,10888515.585,182.0,"EUROGRANIZADOS, S.L.U.",helados,Azúcar,1,Azúcar,2,376980000.0,Fabricante,Chocolate,8.576318310099582,0.3010299956639812,2.5817,0.301,1 - Alta
Fevertree,1.0,10888515.585,182.0,"EUROGRANIZADOS, S.L.U.",helados,Azúcar,1,Azúcar,2,,Comercializador,Refrescos,0.0,0.3010299956639812,0.0,0.301,1 - Alta
Fida,1.0,25009061.361,23.0,"CAMPO REAL VITIVINICOLA, S.L.",vino y derivados del vino,"Azúcar, Jarabe de glucosa",2,"Azúcar, Jarabe de glucosa",1,,Comercializador,Golosinas,0.0,0.0,0.0,0.0,1 - Alta
Fiesta S.A.,0.5,,,"PROBELTE, S.A.U.",agroquimico,Sorbitol,1,Sorbitol,1,,Fabricante,Golosinas,0.0,0.0,0.0,0.0,2 - Media
Finca La Rosala,1.0,1016348.602,9.0,"ESTUCHADOS FANNY, S.L.",estuchadores,"Azúcar, Azúcar Integral",2,"Azúcar, Azúcar Integral",19,,Comercializador,"Frutos secos y snacks, Chocolate",0.0,1.2787536009528289,0.0,1.2788,1 - Alta
Finca La Rosala,1.0,1016348.602,9.0,"ESTUCHADOS FANNY, S.L.",estuchadores,"Azúcar, Azúcar Integral",2,"Azúcar, Azúcar Integral",3,,Fabricante,Frutos secos y snacks,0.0,0.47712125471966244,0.0,0.4771,1 - Alta
"Fini Golosinas España, S.L.U",0.5,,,"TURRONES Y ESPECIALIDADES VIAR, S.A.",turron,"Jarabe de maltitol, Sorbitol",2,"Jarabe de maltitol, Sorbitol",6,,Fabricante,Golosinas,0.0,0.7781512503836436,0.0,0.3891,2 - Media
"Fini Golosinas España, S.L.U.",0.5,,,"TURRONES Y ESPECIALIDADES VIAR, S.A.",turron,"Jarabe de maltitol, Sorbitol",2,"Jarabe de maltitol, Sorbitol",6,,Fabricante,Golosinas,0.0,0.7781512503836436,0.0,0.3891,2 - Media
Fitmart,0.4167,,,"FOOD REBELS, S.L.",bolleria,"Azúcar, Dextrosa, Fructooligosacaridos, Maltitol, Sorbitol",5,"Azúcar, Azúcar Líquido Invertido, Caramelo natural, Dextrosa, Fructooligosacaridos, Maltitol, Miel pura de abejas, Sorbitol",19,,Comercializador,Barritas y bebidas deportivas,0.0,1.2787536009528289,0.0,0.5329,3 - Baja
Fitspo,0.3333,,,"CHOCOLATES ALGARRA, S.L.",chocolate,Maltitol,1,Maltitol,1,,Comercializador,Barritas y bebidas deportivas,0.0,0.0,0.0,0.0,3 - Baja
Fitspo Nutrition,0.3333,,,"CHOCOLATES ALGARRA, S.L.",chocolate,Maltitol,1,Maltitol,1,,Fabricante,Barritas y bebidas deportivas,0.0,0.0,0.0,0.0,3 - Baja
Flamische Keksfabrik,1.0,25009061.361,23.0,"CAMPO REAL VITIVINICOLA, S.L.",vino y derivados del vino,"Azúcar, Jarabe de glucosa",2,"Azúcar, Jarabe de glucosa",1,,Fabricante,Galleteros,0.0,0.0,0.0,0.0,1 - Alta
Fleer,1.0,10888515.585,182.0,"EUROGRANIZADOS, S.L.U.",helados,Azúcar,1,Azúcar,2,,Fabricante,Turrón,0.0,0.3010299956639812,0.0,0.301,1 - Alta
Fleer Espanola,0.5,,,"PROBELTE, S.A.U.",agroquimico,Sorbitol,1,Sorbitol,1,9200000.0,Comercializador,Golosinas,6.963787827345556,0.0,0.0,0.0,2 - Media
Fleurance Nature,0.5,,,"GOLOSINAS MININOLAS, S.L.U.",nutraceuticos,"Jarabe de sorbitol, Maltitol",2,"Jarabe de sorbitol, Maltitol",4,,Comercializador,Nutracéuticos,0.0,0.6020599913279624,0.0,0.301,2 - Media
Florette,0.5,,,"DADELOS AGRICOLA, S.L.",piensos ganaderia,"Azúcar, Fructosa",2,"Azúcar, Caramelo natural, Fructosa, Miel pura de abejas",2,241190000.0,Comercializador,Salsas y aderezos,8.382359297519319,0.3010299956639812,1.2617,0.1505,2 - Media
Fonateneda,1.0,10888515.585,182.0,"EUROGRANIZADOS, S.L.U.",helados,Azúcar,1,Azúcar,1,,Comercializador,Galleteros,0.0,0.0,0.0,0.0,1 - Alta
Fonbutidos Subirats,1.0,574856.125,10.0,"DADELOS AGRICOLA, S.L.",piensos ganaderia,"Azúcar, Fructosa",2,"Azúcar, Fructosa",1,,Fabricante,Cárnico,0.0,0.0,0.0,0.0,1 - Alta
Foodspring,0.5,,,"HELADOS ESTIU, S.A.",helados,"Fructooligosacaridos, Maltitol",2,"Caramelo natural, Fructooligosacaridos, Maltitol",5,,Comercializador,Barritas y bebidas deportivas,0.0,0.6989700043360189,0.0,0.3495,2 - Media
Foxs Biscuits,1.0,37318242.334,3.0,"QUIRANTE FRUITS, S.L.",zumos y nectares,"Azúcar, Azúcar Líquido Invertido, Jarabe de glucosa",3,"Azúcar, Azúcar Líquido Invertido, Jarabe de glucosa",2,,Comercializador,Galleteros,0.0,0.3010299956639812,0.0,0.301,1 - Alta
Fr 14.630.010 Ce,0.6,,,"LABORATORIOS ALMOND, S.L.",pasteleria,"Azúcar, Jarabe de fructosa, Jarabe de glucosa y fructosa",3,"Azúcar, Caramelo natural, Jarabe de fructosa, Jarabe de glucosa y fructosa",1,,Fabricante,Pastelería,0.0,0.0,0.0,0.0,2 - Media
Francesc Collell,1.0,10888515.585,182.0,"EUROGRANIZADOS, S.L.U.",helados,Azúcar,1,Azúcar,1,,Comercializador,Bollería,0.0,0.0,0.0,0.0,1 - Alta
Fratelli Sacla,1.0,10888515.585,182.0,"EUROGRANIZADOS, S.L.U.",helados,Azúcar,1,Azúcar,1,,Comercializador,Salsas y aderezos,0.0,0.0,0.0,0.0,1 - Alta
Fricodan,1.0,10888515.585,182.0,"EUROGRANIZADOS, S.L.U.",helados,Azúcar,1,Azúcar,2,,Comercializador,Salsas y aderezos,0.0,0.3010299956639812,0.0,0.301,1 - Alta
Frigorificos Industriales De Bierzo,1.0,1716982.77,17.0,"PLATOS TRADICIONALES, S.A",platos preparados,"Azúcar, Dextrosa",2,"Azúcar, Dextrosa",1,28000000.0,Fabricante,Cárnico,7.447158031342219,0.0,0.0,0.0,1 - Alta
Frigorificos Industriales Del Bierzo,1.0,1626895.95,12.0,"PRODUCTOS SUR, S.L.","especias, aromas,colorant",Dextrosa,1,Dextrosa,1,28000000.0,Fabricante,Cárnico,7.447158031342219,0.0,0.0,0.0,1 - Alta
Frigorificos Morales,1.0,10888515.585,182.0,"EUROGRANIZADOS, S.L.U.",helados,Azúcar,1,Azúcar,1,,Comercializador,Cárnico,0.0,0.0,0.0,0.0,1 - Alta
Frimancha Industrias Carnicas,1.0,1716982.77,17.0,"PLATOS TRADICIONALES, S.A",platos preparados,"Azúcar, Dextrosa",2,"Azúcar, Dextrosa",1,100000000.0,Comercializador,Cárnico,8.0,0.0,0.0,0.0,1 - Alta
Frio Food,0.6667,,,"NATRA CACAO,S.L.",chocolate,"Azúcar, Jarabe de fructosa",2,"Azúcar, Jarabe de fructosa",2,,Comercializador,Salsas y aderezos,0.0,0.3010299956639812,0.0,0.2007,2 - Media
"Fripozo, S.A.",0.3333,,,"PROBELTE, S.A.U.",agroquimico,Sorbitol,1,"Miel pura de abejas, Sorbitol",3,,Fabricante,Platos preparados,0.0,0.47712125471966244,0.0,0.159,3 - Baja
Frit Ravich,0.6,,,"VIOKOX, S.A",agroquimico,"Azúcar, Dextrosa, Jarabe de glucosa",3,"Azúcar, Caramelo natural, Dextrosa, Jarabe de glucosa, Miel pura de abejas",9,359000000.0,Comercializador,Frutos secos y snacks,8.55509444857832,0.9542425094393249,4.8982,0.5725,2 - Media
Frito Lay,1.0,622318.6140000001,7.0,"ANTONIO ARRAEZ, S.L",vino y derivados del vino,"Azúcar, Dextrosa, Fructosa",3,"Azúcar, Dextrosa, Fructosa",12,,Comercializador,Frutos secos y snacks,0.0,1.0791812460476249,0.0,1.0792,1 - Alta
Froneri,0.8333,694968.2,1.0,MARIN GIMENEZ HNOS. S.A.,zumos y nectares,"Azúcar, Azúcar Líquido Invertido, Jarabe de fructosa, Jarabe de glucosa, Jarabe de glucosa y fructosa",5,"Azúcar, Azúcar Líquido Invertido, Jarabe de fructosa, Jarabe de glucosa, Jarabe de glucosa y fructosa",9,,Comercializador,Helados,0.0,0.9542425094393249,0.0,0.7952,1 - Alta
Froneri Iberia,1.0,25009061.361,23.0,"CAMPO REAL VITIVINICOLA, S.L.",vino y derivados del vino,"Azúcar, Jarabe de glucosa",2,"Azúcar, Jarabe de glucosa",2,,Fabricante,Helados,0.0,0.3010299956639812,0.0,0.301,1 - Alta
"Froneri Iberia, S.L.",0.5,,,"COMORALI, S.L.",pasteleria,Jarabe de maltitol,1,"Jarabe de maltitol, Miel pura de abejas",4,,Fabricante,Helados,0.0,0.6020599913279624,0.0,0.301,2 - Media
Froneri Ice Cream,0.5714,,,"SINBLAT ALIMENTACION SALUDABLE, S.L.",bolleria,"Azúcar, Jarabe de fructosa, Jarabe de glucosa, Jarabe de glucosa y fructosa",4,"Azúcar, Caramelo natural, Jarabe de fructosa, Jarabe de glucosa, Jarabe de glucosa y fructosa, Miel pura de abejas",3,,Fabricante,Helados,0.0,0.47712125471966244,0.0,0.2726,2 - Media
Froneri Ice Cream.,1.0,25009061.360999998,23.0,"CAMPO REAL VITIVINICOLA, S.L.",vino y derivados del vino,"Azúcar, Jarabe de glucosa",2,"Azúcar, Jarabe de glucosa",1,,Fabricante,Helados,0.0,0.0,0.0,0.0,1 - Alta
Frumesa,1.0,11904864.187,191.0,"EUROGRANIZADOS, S.L.U.",helados,Azúcar,1,Azúcar,3,210000000.0,Fabricante,Frutos secos y snacks,8.32221929473392,0.47712125471966244,3.9707,0.4771,1 - Alta
Frumesa,1.0,11904864.187,191.0,"EUROGRANIZADOS, S.L.U.",helados,Azúcar,1,Azúcar,2,210000000.0,Comercializador,Frutos secos y snacks,8.32221929473392,0.3010299956639812,2.5052,0.301,1 - Alta
Frutos Secos Auro,1.0,25009061.361,23.0,"CAMPO REAL VITIVINICOLA, S.L.",vino y derivados del vino,"Azúcar, Jarabe de glucosa",2,"Azúcar, Jarabe de glucosa",4,,Comercializador,"Frutos secos y snacks, Chocolate",0.0,0.6020599913279624,0.0,0.6021,1 - Alta
Frutos Secos Medina,1.0,2246284.195,19.0,"PLATOS TRADICIONALES, S.A",platos preparados,"Azúcar, Dextrosa",2,"Azúcar, Dextrosa",8,80000000.0,Comercializador,Frutos secos y snacks,7.903089986991944,0.9030899869919435,7.1372,0.9031,1 - Alta
Frutos Secos Medina,1.0,2246284.195,19.0,"PLATOS TRADICIONALES, S.A",platos preparados,"Azúcar, Dextrosa",2,"Azúcar, Dextrosa",4,80000000.0,Fabricante,Frutos secos y snacks,7.903089986991944,0.6020599913279624,4.7581,0.6021,1 - Alta
Frutree,0.75,1088414.0,3.0,"LABORATORIOS ALMOND, S.L.",pasteleria,"Azúcar, Jarabe de fructosa, Jarabe de glucosa y fructosa",3,"Azúcar, Jarabe de fructosa, Jarabe de glucosa y fructosa",1,,Fabricante,Chocolate,0.0,0.0,0.0,0.0,1 - Alta
Fundacion Apai,1.0,935462.9600000001,4.0,"VIOKOX, S.A",agroquimico,"Azúcar, Dextrosa, Jarabe de glucosa",3,"Azúcar, Dextrosa, Jarabe de glucosa",3,,Comercializador,Bollería,0.0,0.47712125471966244,0.0,0.4771,1 - Alta
"Fábrica Jaén, S.L.U",0.3333,,,"CHOCOLATES ALGARRA, S.L.",chocolate,Maltitol,1,Maltitol,5,,Fabricante,Galleteros,0.0,0.6989700043360189,0.0,0.233,3 - Baja
G7,1.0,10888515.585,182.0,"EUROGRANIZADOS, S.L.U.",helados,Azúcar,1,Azúcar,3,,Comercializador,Helados,0.0,0.47712125471966244,0.0,0.4771,1 - Alta
"GALLETAS GULLON, S.A",0.25,,,"CHOCOLATES ALGARRA, S.L.",chocolate,Maltitol,1,"Maltitol, Miel pura de abejas",44,,Fabricante,"Chocolate, Barritas y bebidas deportivas, Galleteros",0.0,1.6434526764861874,0.0,0.4109,3 - Baja
"GRANDERROBLE DESSERTS, S.L.U.",0.5,,,"PROBELTE, S.A.U.",agroquimico,Sorbitol,1,Sorbitol,1,,Fabricante,Pastelería,0.0,0.0,0.0,0.0,2 - Media
Galbusera,0.75,1088414.0,3.0,"LABORATORIOS ALMOND, S.L.",pasteleria,"Azúcar, Jarabe de fructosa, Jarabe de glucosa y fructosa",3,"Azúcar, Jarabe de fructosa, Jarabe de glucosa y fructosa",2,,Comercializador,Galleteros,0.0,0.3010299956639812,0.0,0.2258,1 - Alta
Galetes Camprodon S.A,0.3333,,,"CHOCOLATES ALGARRA, S.L.",chocolate,Maltitol,1,Maltitol,1,,Fabricante,Chocolate,0.0,0.0,0.0,0.0,3 - Baja
Gallega De Distribuidores De Alimentacion,0.6,,,SAMECA PRODUTOS QUIMICOS SA,vino y derivados del vino,"Azúcar, Azúcar Líquido Invertido, Jarabe de glucosa y fructosa",3,"Azúcar, Azúcar Líquido Invertido, Jarabe de fructosa, Jarabe de glucosa y fructosa, Sorbitol",3,,Comercializador,Bollería,0.0,0.47712125471966244,0.0,0.2863,2 - Media
Galleros Artesanos,1.0,10888515.585,182.0,"EUROGRANIZADOS, S.L.U.",helados,Azúcar,1,Azúcar,1,3000000.0,Fabricante,Chocolate,6.477121254719663,0.0,0.0,0.0,1 - Alta
Galleros Artesanos De Rute,1.0,11904864.187,191.0,"EUROGRANIZADOS, S.L.U.",helados,Azúcar,1,Azúcar,3,3000000.0,Comercializador,Chocolate,6.477121254719663,0.47712125471966244,3.0904,0.4771,1 - Alta
Galleros Artesanos De Rute,1.0,11904864.187,191.0,"EUROGRANIZADOS, S.L.U.",helados,Azúcar,1,Azúcar,1,,Fabricante,Chocolate,0.0,0.0,0.0,0.0,1 - Alta
Galletas Artiach S.A.U.,0.4,,,"FRUTAS Y TURRONES, S.A.",turron,"Jarabe de maltitol, Maltitol",2,"Jarabe de maltitol, Maltitol, Miel pura de abejas",10,,Fabricante,"Chocolate, Galleteros",0.0,1.0,0.0,0.4,3 - Baja
Galletas Asinez,1.0,25009061.361,23.0,"CAMPO REAL VITIVINICOLA, S.L.",vino y derivados del vino,"Azúcar, Jarabe de glucosa",2,"Azúcar, Jarabe de glucosa",1,,Fabricante,Galleteros,0.0,0.0,0.0,0.0,1 - Alta
Galletas Coral,0.6667,,,"PLATOS TRADICIONALES, S.A",platos preparados,"Azúcar, Dextrosa",2,"Azúcar, Dextrosa, Miel pura de abejas",2,9090000.0,Fabricante,Galleteros,6.958563883221967,0.3010299956639812,1.3966,0.2007,2 - Media
Galletas Coral,0.6667,,,"PLATOS TRADICIONALES, S.A",platos preparados,"Azúcar, Dextrosa",2,"Azúcar, Dextrosa, Miel pura de abejas",1,,Comercializador,Galleteros,0.0,0.0,0.0,0.0,2 - Media
Galletas Gullón S.A. para Centros Comerciales Carrefour S.A.,0.25,,,"CHOCOLATES ALGARRA, S.L.",chocolate,Maltitol,1,"Maltitol, Miel pura de abejas",3,,Fabricante,Galleteros,0.0,0.47712125471966244,0.0,0.1193,3 - Baja
"Galletas Gullón, S.A",0.25,,,"CHOCOLATES ALGARRA, S.L.",chocolate,Maltitol,1,"Maltitol, Miel pura de abejas",2,,Fabricante,Galleteros,0.0,0.3010299956639812,0.0,0.0753,3 - Baja
Galletas Polen,0.5,,,"EUROGRANIZADOS, S.L.U.",helados,Azúcar,1,"Azúcar, Caramelo natural",2,,Comercializador,Galleteros,0.0,0.3010299956639812,0.0,0.1505,2 - Media
Galletas Rifacli Mediterranean Foods,1.0,10888515.585,182.0,"EUROGRANIZADOS, S.L.U.",helados,Azúcar,1,Azúcar,1,,Fabricante,Galleteros,0.0,0.0,0.0,0.0,1 - Alta
Galletas Tejedor,0.3333,,,"CHOCOLATES ALGARRA, S.L.",chocolate,Maltitol,1,Maltitol,2,4500000.0,Fabricante,Galleteros,6.653212513775344,0.3010299956639812,0.6675,0.1003,3 - Baja
Galprenova,0.8,1840938.392,6.0,"SINBLAT ALIMENTACION SALUDABLE, S.L.",bolleria,"Azúcar, Jarabe de fructosa, Jarabe de glucosa, Jarabe de glucosa y fructosa",4,"Azúcar, Jarabe de fructosa, Jarabe de glucosa, Jarabe de glucosa y fructosa",2,,Comercializador,Bollería,0.0,0.3010299956639812,0.0,0.2408,1 - Alta
Galvan Fernandez Hermanos,1.0,10888515.585,182.0,"EUROGRANIZADOS, S.L.U.",helados,Azúcar,1,Azúcar,5,15000000.0,Fabricante,Chocolate,7.176091259055681,0.6989700043360189,5.0159,0.699,1 - Alta
Galvan Fernandez Hermanos,1.0,10888515.585,182.0,"EUROGRANIZADOS, S.L.U.",helados,Azúcar,1,Azúcar,1,,Comercializador,Bollería,0.0,0.0,0.0,0.0,1 - Alta
Gamesformotion,1.0,10888515.584999999,182.0,"EUROGRANIZADOS, S.L.U.",helados,Azúcar,1,Azúcar,1,,Fabricante,Chocolate,0.0,0.0,0.0,0.0,1 - Alta
Gautschi Spezialitaten,1.0,10888515.584999999,182.0,"EUROGRANIZADOS, S.L.U.",helados,Azúcar,1,Azúcar,1,,Fabricante,Salsas y aderezos,0.0,0.0,0.0,0.0,1 - Alta
Geback,1.0,10888515.585,182.0,"EUROGRANIZADOS, S.L.U.",helados,Azúcar,1,Azúcar,1,,Fabricante,Frutos secos y snacks,0.0,0.0,0.0,0.0,1 - Alta
Gebze Organize Sanayi,1.0,25009061.361,23.0,"CAMPO REAL VITIVINICOLA, S.L.",vino y derivados del vino,"Azúcar, Jarabe de glucosa",2,"Azúcar, Jarabe de glucosa",1,,Fabricante,Golosinas,0.0,0.0,0.0,0.0,1 - Alta
Gedesco,1.0,1716982.77,17.0,"PLATOS TRADICIONALES, S.A",platos preparados,"Azúcar, Dextrosa",2,"Azúcar, Dextrosa",2,116100000.0,Comercializador,"Bollería, Quesos",8.064832219738573,0.3010299956639812,2.4278,0.301,1 - Alta
General Mills,0.5714,,,"AB MAURI FOOD, S.A.",panaderia,"Azúcar, Azúcar Integral, Fructooligosacaridos, Jarabe de glucosa",4,"Azúcar, Azúcar Integral, Caramelo natural, Dextrosa, Fructooligosacaridos, Jarabe de glucosa",12,135000000.0,Comercializador,"Cereales, Bollería, Helados, Panadería",8.130333768495007,1.0791812460476249,5.0135,0.6166,2 - Media
General Mills France SAS,0.25,,,"FRUTOS SECOS AURO, S.L.",frutos secos y snacks,Caramelo natural,1,Caramelo natural,4,,Fabricante,Helados,0.0,0.6020599913279624,0.0,0.1505,3 - Baja
Giarola Savem,1.0,10888515.585,182.0,"EUROGRANIZADOS, S.L.U.",helados,Azúcar,1,Azúcar,2,,Comercializador,Vino y derivados del vino,0.0,0.3010299956639812,0.0,0.301,1 - Alta
Girofibra,0.3333,,,"CHOCOLATES ALGARRA, S.L.",chocolate,Maltitol,1,Maltitol,1,,Comercializador,Cereales,0.0,0.0,0.0,0.0,3 - Baja
"Girofibra, SL",0.3333,,,"CHOCOLATES ALGARRA, S.L.",chocolate,Maltitol,1,Maltitol,5,,Fabricante,"Cereales, Galleteros",0.0,0.6989700043360189,0.0,0.233,3 - Baja
Glico Manufacturing,1.0,10888515.585,182.0,"EUROGRANIZADOS, S.L.U.",helados,Azúcar,1,Azúcar,2,,Fabricante,Galleteros,0.0,0.3010299956639812,0.0,0.301,1 - Alta
Global Perkasa Jaya,1.0,10888515.585,182.0,"EUROGRANIZADOS, S.L.U.",helados,Azúcar,1,Azúcar,2,,Comercializador,Salsas y aderezos,0.0,0.3010299956639812,0.0,0.301,1 - Alta
Gme Oliviero,1.0,25009061.361,23.0,"CAMPO REAL VITIVINICOLA, S.L.",vino y derivados del vino,"Azúcar, Jarabe de glucosa",2,"Azúcar, Jarabe de glucosa",1,,Fabricante,Chocolate,0.0,0.0,0.0,0.0,1 - Alta
Goiko Gourmet,0.75,490311.27999999997,2.0,"FRIMAR PANADEROS, S.L.",bolleria,"Azúcar, Azúcar Líquido Invertido, Dextrosa",3,"Azúcar, Azúcar Líquido Invertido, Dextrosa",1,,Comercializador,Panadería,0.0,0.0,0.0,0.0,1 - Alta
Gold Kili Trading Enterprise,0.6667,,,"ESTUCHADOS FANNY, S.L.",estuchadores,"Azúcar, Azúcar Integral",2,"Azúcar, Azúcar Integral, Miel pura de abejas",1,,Fabricante,Chocolate,0.0,0.0,0.0,0.0,2 - Media
Gold Nutrition,0.75,92643.2,1.0,FERDINAND KREUTZER SABAMÜHLE GMBH,barritas y bebidas deport,"Azúcar, Jarabe de fructosa, Jarabe de glucosa",3,"Azúcar, Jarabe de fructosa, Jarabe de glucosa",4,1780000.0,Comercializador,Barritas y bebidas deportivas,6.250420002308894,0.6020599913279624,2.8223,0.4515,1 - Alta
Goldkenn,0.75,490311.27999999997,2.0,"FRIMAR PANADEROS, S.L.",bolleria,"Azúcar, Azúcar Líquido Invertido, Dextrosa",3,"Azúcar, Azúcar Líquido Invertido, Dextrosa",1,,Comercializador,Salsas y aderezos,0.0,0.0,0.0,0.0,1 - Alta
Golvan Fernandez Hnos,1.0,10888515.585,182.0,"EUROGRANIZADOS, S.L.U.",helados,Azúcar,1,Azúcar,1,,Fabricante,Bollería,0.0,0.0,0.0,0.0,1 - Alta
Gomicare,0.5,,,"TURRONES Y ESPECIALIDADES VIAR, S.A.",turron,"Maltitol, Sorbitol",2,"Maltitol, Sorbitol",1,,Comercializador,Nutracéuticos,0.0,0.0,0.0,0.0,2 - Media
Gourmet,1.0,1626895.95,12.0,"PRODUCTOS SUR, S.L.","especias, aromas,colorant",Dextrosa,1,Dextrosa,1,25000000.0,Comercializador,Cárnico,7.3979400086720375,0.0,0.0,0.0,1 - Alta
Gourmet Cazorla,0.6667,,,"PLATOS TRADICIONALES, S.A",platos preparados,"Azúcar, Dextrosa",2,"Azúcar, Dextrosa, Miel pura de abejas",5,4000000.0,Fabricante,"Salsas y aderezos, Quesos",6.6020599913279625,0.6989700043360189,3.0766,0.466,2 - Media
"Gourmet, S.A.",0.5,,,"PROBELTE, S.A.U.",agroquimico,Sorbitol,1,Sorbitol,2,,Fabricante,Cárnico,0.0,0.3010299956639812,0.0,0.1505,2 - Media
Goya Europa,1.0,10888515.585,182.0,"EUROGRANIZADOS, S.L.U.",helados,Azúcar,1,Azúcar,1,37500000.0,Fabricante,Quesos,7.574031267727719,0.0,0.0,0.0,1 - Alta
Goya Foods,0.6667,,,"PLATOS TRADICIONALES, S.A",platos preparados,"Azúcar, Dextrosa",2,"Azúcar, Caramelo natural, Dextrosa",6,37500000.0,Comercializador,"Salsas y aderezos, Panadería, Galleteros",7.574031267727719,0.7781512503836436,3.9294,0.5188,2 - Media
Granarolo,1.0,26726044.131,40.0,"CAMPO REAL VITIVINICOLA, S.L.",vino y derivados del vino,"Azúcar, Jarabe de glucosa",2,"Azúcar, Jarabe de glucosa",1,8000000.0,Comercializador,"Lácteos, yogures y postres lácteos",6.903089986991944,0.0,0.0,0.0,1 - Alta
Granarolo,1.0,26726044.131,40.0,"CAMPO REAL VITIVINICOLA, S.L.",vino y derivados del vino,"Azúcar, Jarabe de glucosa",2,"Azúcar, Jarabe de glucosa",1,8000000.0,Fabricante,Quesos,6.903089986991944,0.0,0.0,0.0,1 - Alta
Granderroble Desserts,0.75,1088414.0,3.0,"LABORATORIOS ALMOND, S.L.",pasteleria,"Azúcar, Jarabe de fructosa, Jarabe de glucosa y fructosa",3,"Azúcar, Jarabe de fructosa, Jarabe de glucosa y fructosa",1,40000000.0,Fabricante,Bollería,7.6020599913279625,0.0,0.0,0.0,1 - Alta
Grandma Wilds Biscuits,1.0,1350573.92,1.0,"J. GARCIA CARRION, S.A.",vino y derivados del vino,"Azúcar, Azúcar Líquido Invertido",2,"Azúcar, Azúcar Líquido Invertido",1,,Fabricante,Galleteros,0.0,0.0,0.0,0.0,1 - Alta
Granja San Francisco,0.6,,,"LABORATORIOS ALMOND, S.L.",pasteleria,"Azúcar, Jarabe de fructosa, Jarabe de glucosa y fructosa",3,"Azúcar, Jarabe de fructosa, Jarabe de glucosa y fructosa, Miel pura de abejas",3,,Comercializador,"Bollería, Miel",0.0,0.47712125471966244,0.0,0.2863,2 - Media
Greenyard,1.0,1016348.602,9.0,"ESTUCHADOS FANNY, S.L.",estuchadores,"Azúcar, Azúcar Integral",2,"Azúcar, Azúcar Integral",1,,Fabricante,Conservas vegetales,0.0,0.0,0.0,0.0,1 - Alta
Greenyard Prepared,1.0,10888515.584999999,182.0,"EUROGRANIZADOS, S.L.U.",helados,Azúcar,1,Azúcar,1,,Fabricante,Salsas y aderezos,0.0,0.0,0.0,0.0,1 - Alta
Grup D Alimentacio Ecologica,0.75,754611.555,4.0,"CHOCOLATES ALGARRA, S.L.",chocolate,"Azúcar, Azúcar Integral, Maltitol",3,"Azúcar, Azúcar Integral, Jarabe de glucosa, Maltitol",4,,Comercializador,Cereales,0.0,0.6020599913279624,0.0,0.4515,1 - Alta
Grupo Alejandro Miguel,1.0,1716982.77,17.0,"PLATOS TRADICIONALES, S.A",platos preparados,"Azúcar, Dextrosa",2,"Azúcar, Dextrosa",2,181480000.0,Comercializador,Cárnico,8.25882877059398,0.3010299956639812,2.4862,0.301,1 - Alta
Grupo Angel Camacho,1.0,574856.125,10.0,"DADELOS AGRICOLA, S.L.",piensos ganaderia,"Azúcar, Fructosa",2,"Azúcar, Fructosa",24,286270000.0,Comercializador,"Salsas y aderezos, Mermeladas y confituras, Conservas vegetales",8.45677583800721,1.380211241711606,11.6721,1.3802,1 - Alta
Grupo Apex,0.75,316896.755,2.0,"SURIVAN FEEL THE TASTE, S.L.",helados,"Azúcar, Fructosa, Jarabe de glucosa",3,"Azúcar, Fructosa, Jarabe de glucosa, Miel pura de abejas",2,,Comercializador,Frutos secos y snacks,0.0,0.3010299956639812,0.0,0.2258,1 - Alta
Grupo Conservas Garavilla,1.0,10888515.585,182.0,"EUROGRANIZADOS, S.L.U.",helados,Azúcar,1,Azúcar,1,,Comercializador,Bollería,0.0,0.0,0.0,0.0,1 - Alta
Grupo Edel Bio,0.5,,,"EUROGRANIZADOS, S.L.U.",helados,Azúcar,1,"Azúcar, Sorbitol",1,,Fabricante,Bollería,0.0,0.0,0.0,0.0,2 - Media
Grupo Empresarial Palacios Alimentacion,0.6667,,,"J. GARCIA CARRION, S.A.",vino y derivados del vino,"Azúcar, Azúcar Líquido Invertido",2,"Azúcar, Azúcar Líquido Invertido, Miel pura de abejas",2,,Comercializador,"Turrón, Mermeladas y confituras",0.0,0.3010299956639812,0.0,0.2007,2 - Media
Grupo Haricaman,1.0,223965.25,2.0,"POSTRES DE MESA, S.L.",pasteleria,"Azúcar, Melaza de caña",2,"Azúcar, Melaza de caña",2,39000000.0,Comercializador,Cereales,7.5910646070264995,0.3010299956639812,2.2851,0.301,1 - Alta
Grupo Haricaman,1.0,223965.25,2.0,"POSTRES DE MESA, S.L.",pasteleria,"Azúcar, Melaza de caña",2,"Azúcar, Melaza de caña",1,,Fabricante,Cereales,0.0,0.0,0.0,0.0,1 - Alta
Grupo Haricaman Esencia Manchega,1.0,10888515.585,182.0,"EUROGRANIZADOS, S.L.U.",helados,Azúcar,1,Azúcar,1,,Fabricante,Cereales,0.0,0.0,0.0,0.0,1 - Alta
Grupo Herdez,1.0,10888515.584999999,182.0,"EUROGRANIZADOS, S.L.U.",helados,Azúcar,1,Azúcar,1,,Comercializador,Salsas y aderezos,0.0,0.0,0.0,0.0,1 - Alta
Grupo Idrapower,0.7143,,,MARIN GIMENEZ HNOS. S.A.,zumos y nectares,"Azúcar, Azúcar Líquido Invertido, Jarabe de fructosa, Jarabe de glucosa, Jarabe de glucosa y fructosa",5,"Azúcar, Azúcar Líquido Invertido, Caramelo natural, Jarabe de fructosa, Jarabe de glucosa, Jarabe de glucosa y fructosa",2,,Comercializador,"Cereales, Galleteros",0.0,0.3010299956639812,0.0,0.215,2 - Media
Grupo Ifa,0.5455,,,"FOOD REBELS, S.L.",bolleria,"Azúcar, Dextrosa, Jarabe de fructosa, Jarabe de glucosa, Jarabe de glucosa y fructosa, Sorbitol",6,"Azúcar, Caramelo natural, Dextrosa, Jarabe de fructosa, Jarabe de glucosa, Jarabe de glucosa y fructosa, Miel pura de abejas, Sorbitol",19,45573000000.0,Comercializador,"Salsas y aderezos, Golosinas, Turrón, Cereales, Bollería, Conservas vegetales, Quesos, Galleteros",10.65870761845652,1.2787536009528289,7.4351,0.6976,2 - Media
Grupo Nueva Dietetica,1.0,25009061.361,23.0,"CAMPO REAL VITIVINICOLA, S.L.",vino y derivados del vino,"Azúcar, Jarabe de glucosa",2,"Azúcar, Jarabe de glucosa",2,,Comercializador,"Nutracéuticos, Panadería",0.0,0.3010299956639812,0.0,0.301,1 - Alta
Grupo Ral,0.8,1840938.392,6.0,"SINBLAT ALIMENTACION SALUDABLE, S.L.",bolleria,"Azúcar, Jarabe de fructosa, Jarabe de glucosa, Jarabe de glucosa y fructosa",4,"Azúcar, Jarabe de fructosa, Jarabe de glucosa, Jarabe de glucosa y fructosa",1,,Comercializador,Bollería,0.0,0.0,0.0,0.0,1 - Alta
"Grupo Viveplus, S.L.U",0.5,,,"PROBELTE, S.A.U.",agroquimico,Sorbitol,1,Sorbitol,1,,Fabricante,Nutracéuticos,0.0,0.0,0.0,0.0,2 - Media
Gruppo Campari,1.0,10888515.585,182.0,"EUROGRANIZADOS, S.L.U.",helados,Azúcar,1,Azúcar,1,,Comercializador,Licores,0.0,0.0,0.0,0.0,1 - Alta
Gunz Warenhandels,0.5714,,,"SINBLAT ALIMENTACION SALUDABLE, S.L.",bolleria,"Azúcar, Jarabe de fructosa, Jarabe de glucosa, Jarabe de glucosa y fructosa",4,"Azúcar, Caramelo natural, Jarabe de fructosa, Jarabe de glucosa, Jarabe de glucosa y fructosa, Sorbitol",5,,Comercializador,"Chocolate, Galleteros",0.0,0.6989700043360189,0.0,0.3994,2 - Media
Guschlbauer,0.6667,,,"SINBLAT ALIMENTACION SALUDABLE, S.L.",bolleria,"Azúcar, Jarabe de fructosa, Jarabe de glucosa, Jarabe de glucosa y fructosa",4,"Azúcar, Jarabe de fructosa, Jarabe de glucosa, Jarabe de glucosa y fructosa, Sorbitol",1,,Fabricante,Galleteros,0.0,0.0,0.0,0.0,2 - Media
Guylian,1.0,10888515.585,182.0,"EUROGRANIZADOS, S.L.U.",helados,Azúcar,1,Azúcar,1,,Comercializador,Chocolate,0.0,0.0,0.0,0.0,1 - Alta
H And J Brueggen,0.6667,,,"SINBLAT ALIMENTACION SALUDABLE, S.L.",bolleria,"Azúcar, Jarabe de fructosa, Jarabe de glucosa, Jarabe de glucosa y fructosa",4,"Azúcar, Jarabe de fructosa, Jarabe de glucosa, Jarabe de glucosa y fructosa, Miel pura de abejas",3,,Fabricante,Cereales,0.0,0.47712125471966244,0.0,0.3181,2 - Media
H And J Bruggen,0.75,1088414.0,3.0,"LABORATORIOS ALMOND, S.L.",pasteleria,"Azúcar, Jarabe de fructosa, Jarabe de glucosa y fructosa",3,"Azúcar, Jarabe de fructosa, Jarabe de glucosa y fructosa",1,,Fabricante,Cereales,0.0,0.0,0.0,0.0,1 - Alta
H West,0.75,15796.75,1.0,"FRUTOS SECOS AURO, S.L.",frutos secos y snacks,"Azúcar, Caramelo natural, Jarabe de glucosa",3,"Azúcar, Caramelo natural, Jarabe de glucosa",2,,Fabricante,Cervezas,0.0,0.3010299956639812,0.0,0.2258,1 - Alta
HARIBO España S.A.U.,0.5,,,"PROBELTE, S.A.U.",agroquimico,Sorbitol,1,Sorbitol,31,,Fabricante,Golosinas,0.0,1.4913616938342726,0.0,0.7457,2 - Media
"HELADOS ESTIU, S.A.",1.0,106967.1,3.0,"COMORALI, S.L.",pasteleria,Jarabe de maltitol,1,Jarabe de maltitol,1,,Fabricante,Helados,0.0,0.0,0.0,0.0,1 - Alta
"HERMANOS LÓPEZ LLORET, S.A.",0.3333,,,"CHOCOLATES ALGARRA, S.L.",chocolate,Maltitol,1,Maltitol,1,,Fabricante,Chocolate,0.0,0.0,0.0,0.0,3 - Baja
"HORNO DECADADÍA, S.L.",0.3333,,,"CHOCOLATES ALGARRA, S.L.",chocolate,Maltitol,1,Maltitol,1,,Fabricante,"Lácteos, yogures y postres lácteos",0.0,0.0,0.0,0.0,3 - Baja
Hamlet,0.6,,,"FRUTOS SECOS AURO, S.L.",frutos secos y snacks,"Azúcar, Caramelo natural, Jarabe de glucosa",3,"Azúcar, Caramelo natural, Jarabe de glucosa, Sorbitol",5,,Comercializador,Chocolate,0.0,0.6989700043360189,0.0,0.4194,2 - Media
Hans Riegelein And Sohn,1.0,10888515.585,182.0,"EUROGRANIZADOS, S.L.U.",helados,Azúcar,1,Azúcar,1,,Comercializador,Chocolate,0.0,0.0,0.0,0.0,1 - Alta
Harrison Sport Nutrition,1.0,25717.5,2.0,"NEOINGREDIENTES - MATERIAS PRIMAS ALIMENTARES, LDA",bolleria,"Fructosa, Jarabe de glucosa y fructosa",2,"Fructosa, Jarabe de glucosa y fructosa",20,,Comercializador,Barritas y bebidas deportivas,0.0,1.3010299956639813,0.0,1.301,1 - Alta
Haudecoeur,1.0,25009061.361,23.0,"CAMPO REAL VITIVINICOLA, S.L.",vino y derivados del vino,"Azúcar, Jarabe de glucosa",2,"Azúcar, Jarabe de glucosa",1,,Comercializador,Golosinas,0.0,0.0,0.0,0.0,1 - Alta
Heineken Espana,1.0,10888515.585,182.0,"EUROGRANIZADOS, S.L.U.",helados,Azúcar,1,Azúcar,5,1040000000.0,Fabricante,Cervezas,9.01703333929878,0.6989700043360189,6.3026,0.699,1 - Alta
Heinz,0.6,,,"FRIMAR PANADEROS, S.L.",bolleria,"Azúcar, Azúcar Líquido Invertido, Dextrosa",3,"Azúcar, Azúcar Líquido Invertido, Caramelo natural, Dextrosa",27,,Comercializador,"Salsas y aderezos, Conservas vegetales",0.0,1.4313637641589874,0.0,0.8588,2 - Media
Helados La Tercia,0.6,,,"GONZALEZ CARBALLAL, S.L.",piensos ganaderia,"Azúcar, Dextrosa, Jarabe de glucosa y fructosa",3,"Azúcar, Dextrosa, Jarabe de fructosa, Jarabe de glucosa y fructosa, Miel pura de abejas",2,,Fabricante,Helados,0.0,0.3010299956639812,0.0,0.1806,2 - Media
Hellema Hallum,1.0,10888515.585,182.0,"EUROGRANIZADOS, S.L.U.",helados,Azúcar,1,Azúcar,1,,Fabricante,Galleteros,0.0,0.0,0.0,0.0,1 - Alta
Hellenic Dairies,1.0,10888515.584999999,182.0,"EUROGRANIZADOS, S.L.U.",helados,Azúcar,1,Azúcar,1,,Fabricante,"Lácteos, yogures y postres lácteos",0.0,0.0,0.0,0.0,1 - Alta
Heller And Strauss,1.0,25009061.361,23.0,"CAMPO REAL VITIVINICOLA, S.L.",vino y derivados del vino,"Azúcar, Jarabe de glucosa",2,"Azúcar, Jarabe de glucosa",1,,Fabricante,Golosinas,0.0,0.0,0.0,0.0,1 - Alta
Hengstenberg,1.0,10888515.584999999,182.0,"EUROGRANIZADOS, S.L.U.",helados,Azúcar,1,Azúcar,1,,Comercializador,Conservas vegetales,0.0,0.0,0.0,0.0,1 - Alta
Henry Lambertz,0.7143,,,MARIN GIMENEZ HNOS. S.A.,zumos y nectares,"Azúcar, Azúcar Líquido Invertido, Jarabe de fructosa, Jarabe de glucosa, Jarabe de glucosa y fructosa",5,"Azúcar, Azúcar Líquido Invertido, Caramelo natural, Jarabe de fructosa, Jarabe de glucosa, Jarabe de glucosa y fructosa",2,,Comercializador,Galleteros,0.0,0.3010299956639812,0.0,0.215,2 - Media
Herbalife,1.0,327520.5,16.0,"PSITTACUS CATALONIA, S.L.",piensos mascotas,Fructosa,1,Fructosa,1,106430000.0,Comercializador,Barritas y bebidas deportivas,8.027064062151046,0.0,0.0,0.0,1 - Alta
Herbolario Navarro,0.75,803917.8,4.0,"PRODUCTOS LA PILARICA, S.A.","especias, aromas,colorant","Azúcar, Azúcar Integral, Dextrosa",3,"Azúcar, Azúcar Integral, Dextrosa, Jarabe de glucosa",13,65400000.0,Comercializador,"Chocolate, Lácteos, yogures y postres lácteos, Helados, Refrescos, Panadería, Galleteros",7.815577748324268,1.1139433523068367,6.5296,0.8355,1 - Alta
Herederos De Gaspar Perez,1.0,10888515.585,182.0,"EUROGRANIZADOS, S.L.U.",helados,Azúcar,1,Azúcar,12,,Comercializador,Chocolate,0.0,1.0791812460476249,0.0,1.0792,1 - Alta
Herman Kuijper,0.75,1088414.0,3.0,"LABORATORIOS ALMOND, S.L.",pasteleria,"Azúcar, Jarabe de fructosa, Jarabe de glucosa y fructosa",3,"Azúcar, Jarabe de fructosa, Jarabe de glucosa y fructosa",1,,Comercializador,Pastelería,0.0,0.0,0.0,0.0,1 - Alta
Hermanos Hernandez Gonzalez,1.0,10888515.585,182.0,"EUROGRANIZADOS, S.L.U.",helados,Azúcar,1,Azúcar,1,11530000.0,Fabricante,Frutos secos y snacks,7.061829307294699,0.0,0.0,0.0,1 - Alta
Hermanos Juan Lopez,1.0,25009061.361,23.0,"CAMPO REAL VITIVINICOLA, S.L.",vino y derivados del vino,"Azúcar, Jarabe de glucosa",2,"Azúcar, Jarabe de glucosa",1,,Comercializador,Golosinas,0.0,0.0,0.0,0.0,1 - Alta
"Hero España, S.A.",0.6,,,"TURRONES Y ESPECIALIDADES VIAR, S.A.",turron,"Jarabe de maltitol, Maltitol, Sorbitol",3,"Jarabe de maltitol, Maltitol, Miel pura de abejas, Sorbitol",30,,Fabricante,"Suplementos deportivos, Chocolate, Barritas y bebidas deportivas, Cereales, Mermeladas y confituras",0.0,1.4771212547196624,0.0,0.8863,2 - Media
Hershey,0.8,2385460.702,5.0,"MELS CARLET, S.L.",piensos ganaderia,"Azúcar, Dextrosa, Jarabe de glucosa, Jarabe de glucosa y fructosa",4,"Azúcar, Dextrosa, Jarabe de glucosa, Jarabe de glucosa y fructosa, Sorbitol",10,,Comercializador,"Chocolate, Galleteros",0.0,1.0,0.0,0.8,1 - Alta
Hershey,0.8,2385460.702,5.0,"MELS CARLET, S.L.",piensos ganaderia,"Azúcar, Dextrosa, Jarabe de glucosa, Jarabe de glucosa y fructosa",4,"Azúcar, Dextrosa, Jarabe de glucosa, Jarabe de glucosa y fructosa, Sorbitol",3,,Fabricante,Chocolate,0.0,0.47712125471966244,0.0,0.3817,1 - Alta
Hijos De Rivera,1.0,21777031.17,182.0,"EUROGRANIZADOS, S.L.U.",helados,Azúcar,1,Azúcar,1,945000000.0,Fabricante,Cervezas,8.975431808509263,0.0,0.0,0.0,1 - Alta
Hijos De Rivera,1.0,21777031.17,182.0,"EUROGRANIZADOS, S.L.U.",helados,Azúcar,1,Azúcar,1,,Comercializador,Licores,0.0,0.0,0.0,0.0,1 - Alta
Hipercor,0.6,,,"LABORATORIOS ALMOND, S.L.",pasteleria,"Azúcar, Jarabe de fructosa, Jarabe de glucosa y fructosa",3,"Azúcar, Jarabe de fructosa, Jarabe de glucosa y fructosa, Miel pura de abejas",2,904000000.0,Comercializador,"Turrón, Bollería",8.956168430475364,0.3010299956639812,1.6176,0.1806,2 - Media
Hirones Pico,1.0,10888515.585,182.0,"EUROGRANIZADOS, S.L.U.",helados,Azúcar,1,Azúcar,1,,Fabricante,Turrón,0.0,0.0,0.0,0.0,1 - Alta
Hojaldres Alonso,1.0,25009061.360999998,23.0,"CAMPO REAL VITIVINICOLA, S.L.",vino y derivados del vino,"Azúcar, Jarabe de glucosa",2,"Azúcar, Jarabe de glucosa",2,,Comercializador,Bollería,0.0,0.3010299956639812,0.0,0.301,1 - Alta
Holland And Barrett,0.5,,,"TURRONES JOSE GARRIGOS, S.A.",turron,"Azúcar, Jarabe de glucosa, Maltitol, Sorbitol",4,"Azúcar, Azúcar Integral, Jarabe de glucosa, Maltitol, Miel pura de abejas, Sorbitol",9,,Comercializador,"Frutos secos y snacks, Barritas y bebidas deportivas, Chocolate",0.0,0.9542425094393249,0.0,0.4771,2 - Media
Hona Las Acacias,0.75,128689.26,2.0,SAMECA PRODUTOS QUIMICOS SA,vino y derivados del vino,"Azúcar, Azúcar Líquido Invertido, Jarabe de glucosa y fructosa",3,"Azúcar, Azúcar Líquido Invertido, Jarabe de fructosa, Jarabe de glucosa y fructosa",1,,Fabricante,Bollería,0.0,0.0,0.0,0.0,1 - Alta
Hong Da Ma Foods,1.0,574856.125,10.0,"DADELOS AGRICOLA, S.L.",piensos ganaderia,"Azúcar, Fructosa",2,"Azúcar, Fructosa",2,,Fabricante,Refrescos,0.0,0.3010299956639812,0.0,0.301,1 - Alta
Horno De Almansa,1.0,1716982.77,17.0,"PLATOS TRADICIONALES, S.A",platos preparados,"Azúcar, Dextrosa",2,"Azúcar, Dextrosa",1,,Fabricante,Panadería,0.0,0.0,0.0,0.0,1 - Alta
Horno Virgen De Los Reyes,1.0,12239089.504999999,183.0,"EUROGRANIZADOS, S.L.U.",helados,Azúcar,1,Azúcar,1,,Fabricante,Panadería,0.0,0.0,0.0,0.0,1 - Alta
Horno Virgen De Los Reyes,1.0,12239089.504999999,183.0,"EUROGRANIZADOS, S.L.U.",helados,Azúcar,1,Azúcar,1,,Comercializador,Bollería,0.0,0.0,0.0,0.0,1 - Alta
Horno virgen de los reyes S.L,0.3333,,,"CHOCOLATES ALGARRA, S.L.",chocolate,Maltitol,1,Maltitol,1,,Fabricante,Bollería,0.0,0.0,0.0,0.0,3 - Baja
Hortamed,1.0,1626895.95,12.0,"PRODUCTOS SUR, S.L.","especias, aromas,colorant",Dextrosa,1,Dextrosa,1,,Fabricante,Conservas vegetales,0.0,0.0,0.0,0.0,1 - Alta
Horticola Daucy,1.0,10888515.585,182.0,"EUROGRANIZADOS, S.L.U.",helados,Azúcar,1,Azúcar,1,,Fabricante,Conservas vegetales,0.0,0.0,0.0,0.0,1 - Alta
Hose Komerc,0.6,,,"LABORATORIOS ALMOND, S.L.",pasteleria,"Azúcar, Jarabe de fructosa, Jarabe de glucosa y fructosa",3,"Azúcar, Jarabe de fructosa, Jarabe de glucosa y fructosa, Sorbitol",1,,Comercializador,Bollería,0.0,0.0,0.0,0.0,2 - Media
I A N S A U,1.0,10888515.585,182.0,"EUROGRANIZADOS, S.L.U.",helados,Azúcar,1,Azúcar,1,,Fabricante,Salsas y aderezos,0.0,0.0,0.0,0.0,1 - Alta
"IDILIA FOODS, S.L.U.",0.3333,,,"CHOCOLATES ALGARRA, S.L.",chocolate,Maltitol,1,Maltitol,5,,Fabricante,Chocolate,0.0,0.6989700043360189,0.0,0.233,3 - Baja
"IGNORAMUS - Produtos Naturais, Lda.",0.25,,,"CHOCOLATES ALGARRA, S.L.",chocolate,Maltitol,1,"Maltitol, Miel pura de abejas",7,,Fabricante,"Lácteos, yogures y postres lácteos, Cereales, Galleteros",0.0,0.8450980400142568,0.0,0.2113,3 - Baja
"INÉS ROSALES, S.A.U.",0.3333,,,"CHOCOLATES ALGARRA, S.L.",chocolate,Maltitol,1,Maltitol,1,,Fabricante,Bollería,0.0,0.0,0.0,0.0,3 - Baja
Ias,1.0,25009061.361,23.0,"CAMPO REAL VITIVINICOLA, S.L.",vino y derivados del vino,"Azúcar, Jarabe de glucosa",2,"Azúcar, Jarabe de glucosa",1,,Comercializador,Golosinas,0.0,0.0,0.0,0.0,1 - Alta
Iberfoods Premium,1.0,1626895.95,12.0,"PRODUCTOS SUR, S.L.","especias, aromas,colorant",Dextrosa,1,Dextrosa,1,,Comercializador,Cárnico,0.0,0.0,0.0,0.0,1 - Alta
Iberfruta Muerza,1.0,1016348.602,9.0,"ESTUCHADOS FANNY, S.L.",estuchadores,"Azúcar, Azúcar Integral",2,"Azúcar, Azúcar Integral",2,,Comercializador,Mermeladas y confituras,0.0,0.3010299956639812,0.0,0.301,1 - Alta
Iberfruta Muerza,1.0,1016348.602,9.0,"ESTUCHADOS FANNY, S.L.",estuchadores,"Azúcar, Azúcar Integral",2,"Azúcar, Azúcar Integral",1,,Fabricante,Mermeladas y confituras,0.0,0.0,0.0,0.0,1 - Alta
Iberia Foods,0.8333,1265420.7,1.0,"LA TIENDA DEL APICULTOR, S.L.U.",piensos ganaderia,"Azúcar, Azúcar Integral, Dextrosa, Fructosa, Jarabe de glucosa y fructosa",5,"Azúcar, Azúcar Integral, Dextrosa, Fructosa, Jarabe de fructosa, Jarabe de glucosa y fructosa",13,,Comercializador,"Bollería, Panadería, Galleteros",0.0,1.1139433523068367,0.0,0.9282,1 - Alta
Iberica De Jamones,1.0,1716982.77,17.0,"PLATOS TRADICIONALES, S.A",platos preparados,"Azúcar, Dextrosa",2,"Azúcar, Dextrosa",5,,Comercializador,Cárnico,0.0,0.6989700043360189,0.0,0.699,1 - Alta
Iberica De Jamones S,1.0,10888515.585,182.0,"EUROGRANIZADOS, S.L.U.",helados,Azúcar,1,Azúcar,1,,Fabricante,Cárnico,0.0,0.0,0.0,0.0,1 - Alta
Iberiga Delariones,1.0,10888515.585,182.0,"EUROGRANIZADOS, S.L.U.",helados,Azúcar,1,Azúcar,1,,Fabricante,Cárnico,0.0,0.0,0.0,0.0,1 - Alta
Iberlinares,1.0,351098.73,13.0,"DULCES EL AVION, S.A.",chocolate,Jarabe de glucosa,1,Jarabe de glucosa,1,,Comercializador,Cárnico,0.0,0.0,0.0,0.0,1 - Alta
Idilia Foods,0.8,236097.52,1.0,"EUROCHOC, S.L.",chocolate,"Azúcar, Jarabe de glucosa, Jarabe de glucosa y fructosa, Maltitol",4,"Azúcar, Jarabe de fructosa, Jarabe de glucosa, Jarabe de glucosa y fructosa, Maltitol",23,,Comercializador,"Chocolate, Cereales, Galleteros",0.0,1.3617278360175928,0.0,1.0894,1 - Alta
Il Fornaio Del Casale,0.75,490311.27999999997,2.0,"FRIMAR PANADEROS, S.L.",bolleria,"Azúcar, Azúcar Líquido Invertido, Dextrosa",3,"Azúcar, Azúcar Líquido Invertido, Dextrosa",2,,Comercializador,Bollería,0.0,0.3010299956639812,0.0,0.2258,1 - Alta
Il Mangiarsano,0.8,89149.724,2.0,"FRULACT, S.A.","lacteos, yogur, postr lac","Azúcar, Azúcar Integral, Jarabe de fructosa, Jarabe de glucosa y fructosa",4,"Azúcar, Azúcar Integral, Jarabe de fructosa, Jarabe de glucosa y fructosa",2,,Fabricante,Bollería,0.0,0.3010299956639812,0.0,0.2408,1 - Alta
Il Sarchio,1.0,1016348.602,9.0,"ESTUCHADOS FANNY, S.L.",estuchadores,"Azúcar, Azúcar Integral",2,"Azúcar, Azúcar Integral",1,,Comercializador,Galleteros,0.0,0.0,0.0,0.0,1 - Alta
Il Vecchio Forno,0.8,1840938.392,6.0,"SINBLAT ALIMENTACION SALUDABLE, S.L.",bolleria,"Azúcar, Jarabe de fructosa, Jarabe de glucosa, Jarabe de glucosa y fructosa",4,"Azúcar, Jarabe de fructosa, Jarabe de glucosa, Jarabe de glucosa y fructosa",3,,Fabricante,Bollería,0.0,0.47712125471966244,0.0,0.3817,1 - Alta
Illycaffe,1.0,10888515.585,182.0,"EUROGRANIZADOS, S.L.U.",helados,Azúcar,1,Azúcar,2,25500000.0,Comercializador,Café,7.4065401804339555,0.3010299956639812,2.2296,0.301,1 - Alta
Impact Confections,1.0,25009061.361,23.0,"CAMPO REAL VITIVINICOLA, S.L.",vino y derivados del vino,"Azúcar, Jarabe de glucosa",2,"Azúcar, Jarabe de glucosa",2,,Comercializador,Golosinas,0.0,0.3010299956639812,0.0,0.301,1 - Alta
"Imperial - Produtos Alimentares, S.A.",0.3333,,,"CHOCOLATES ALGARRA, S.L.",chocolate,Maltitol,1,Maltitol,1,,Fabricante,Chocolate,0.0,0.0,0.0,0.0,3 - Baja
Imperial Produtos Alimentares S.A.,1.0,10888515.585,182.0,"EUROGRANIZADOS, S.L.U.",helados,Azúcar,1,Azúcar,1,,Fabricante,Café,0.0,0.0,0.0,0.0,1 - Alta
Inbev Belgium,1.0,10888515.585,182.0,"EUROGRANIZADOS, S.L.U.",helados,Azúcar,1,Azúcar,1,,Fabricante,Cervezas,0.0,0.0,0.0,0.0,1 - Alta
Incom,0.6667,,,"SINBLAT ALIMENTACION SALUDABLE, S.L.",bolleria,"Azúcar, Jarabe de fructosa, Jarabe de glucosa, Jarabe de glucosa y fructosa",4,"Azúcar, Caramelo natural, Jarabe de fructosa, Jarabe de glucosa, Jarabe de glucosa y fructosa",3,,Fabricante,Helados,0.0,0.47712125471966244,0.0,0.3181,2 - Media
Industria De Alimentos Dos En Uno,0.6,,,FERDINAND KREUTZER SABAMÜHLE GMBH,barritas y bebidas deport,"Azúcar, Jarabe de fructosa, Jarabe de glucosa",3,"Azúcar, Jarabe de fructosa, Jarabe de glucosa, Sorbitol",5,,Fabricante,"Golosinas, Chocolate",0.0,0.6989700043360189,0.0,0.4194,2 - Media
Industria Nacional Alimenticia,0.75,490311.27999999997,2.0,"FRIMAR PANADEROS, S.L.",bolleria,"Azúcar, Azúcar Líquido Invertido, Dextrosa",3,"Azúcar, Azúcar Líquido Invertido, Dextrosa",1,,Comercializador,Galleteros,0.0,0.0,0.0,0.0,1 - Alta
Industrial Pastelera San Narciso,0.6,,,"LABORATORIOS ALMOND, S.L.",pasteleria,"Azúcar, Jarabe de fructosa, Jarabe de glucosa y fructosa",3,"Azúcar, Jarabe de fructosa, Jarabe de glucosa y fructosa, Sorbitol",4,,Comercializador,Bollería,0.0,0.6020599913279624,0.0,0.3612,2 - Media
Industrias Alimentarias Navarra,1.0,10888515.585,182.0,"EUROGRANIZADOS, S.L.U.",helados,Azúcar,1,Azúcar,1,279910000.0,Comercializador,Salsas y aderezos,8.447018414247658,0.0,0.0,0.0,1 - Alta
Industrias Carnicas D Fiallo,1.0,935462.9600000001,4.0,"VIOKOX, S.A",agroquimico,"Azúcar, Dextrosa, Jarabe de glucosa",3,"Azúcar, Dextrosa, Jarabe de glucosa",2,,Comercializador,Cárnico,0.0,0.3010299956639812,0.0,0.301,1 - Alta
Industrias Carnicas Loriente Piqueras,1.0,1716982.77,17.0,"PLATOS TRADICIONALES, S.A",platos preparados,"Azúcar, Dextrosa",2,"Azúcar, Dextrosa",15,,Comercializador,Cárnico,0.0,1.1760912590556813,0.0,1.1761,1 - Alta
Industrias Carnicas Tello,0.6667,,,"PLATOS TRADICIONALES, S.A",platos preparados,"Azúcar, Dextrosa",2,"Azúcar, Dextrosa, Sorbitol",3,410000000.0,Comercializador,Cárnico,8.612783856719735,0.47712125471966244,2.7397,0.3181,2 - Media
Industrias Carnicas Villar,1.0,12605498.355,199.0,"EUROGRANIZADOS, S.L.U.",helados,Azúcar,1,Azúcar,8,,Comercializador,Cárnico,0.0,0.9030899869919435,0.0,0.9031,1 - Alta
Industrias Carnicas Villar,1.0,12605498.355,199.0,"EUROGRANIZADOS, S.L.U.",helados,Azúcar,1,Azúcar,4,72300000.0,Fabricante,Cárnico,7.859138297294531,0.6020599913279624,4.7317,0.6021,1 - Alta
Industrias Confiteras Antequerana,1.0,25009061.361,23.0,"CAMPO REAL VITIVINICOLA, S.L.",vino y derivados del vino,"Azúcar, Jarabe de glucosa",2,"Azúcar, Jarabe de glucosa",3,,Comercializador,"Bollería, Galleteros",0.0,0.47712125471966244,0.0,0.4771,1 - Alta
Industrias Del Bierzo,1.0,10888515.585,182.0,"EUROGRANIZADOS, S.L.U.",helados,Azúcar,1,Azúcar,1,,Comercializador,Salsas y aderezos,0.0,0.0,0.0,0.0,1 - Alta
Industrias Jijonencas,0.75,2246635.35,3.0,"GONZALEZ CARBALLAL, S.L.",piensos ganaderia,"Azúcar, Dextrosa, Jarabe de glucosa y fructosa",3,"Azúcar, Dextrosa, Jarabe de fructosa, Jarabe de glucosa y fructosa",2,21000000.0,Fabricante,Helados,7.3222192947339195,0.3010299956639812,1.6532,0.2258,1 - Alta
Industrias Lacteas De Granada,1.0,10888515.585,182.0,"EUROGRANIZADOS, S.L.U.",helados,Azúcar,1,Azúcar,1,,Fabricante,Alternativas a lácteos,0.0,0.0,0.0,0.0,1 - Alta
Industrias Rodriguez,0.6667,,,"CHOCOLATES ALGARRA, S.L.",chocolate,"Azúcar, Maltitol",2,"Azúcar, Maltitol",3,,Comercializador,"Bollería, Galleteros",0.0,0.47712125471966244,0.0,0.3181,2 - Media
Inter Dulces,0.75,1088414.0,3.0,"LABORATORIOS ALMOND, S.L.",pasteleria,"Azúcar, Jarabe de fructosa, Jarabe de glucosa y fructosa",3,"Azúcar, Jarabe de fructosa, Jarabe de glucosa y fructosa",1,3500000.0,Comercializador,Golosinas,6.544068044350276,0.0,0.0,0.0,1 - Alta
International Vitamin Corporation,1.0,1350573.92,1.0,"J. GARCIA CARRION, S.A.",vino y derivados del vino,"Azúcar, Azúcar Líquido Invertido",2,"Azúcar, Azúcar Líquido Invertido",4,,Comercializador,"Turrón, Chocolate, Galleteros",0.0,0.6020599913279624,0.0,0.6021,1 - Alta
Italian Dough,1.0,10888515.585,182.0,"EUROGRANIZADOS, S.L.U.",helados,Azúcar,1,Azúcar,1,,Fabricante,Bollería,0.0,0.0,0.0,0.0,1 - Alta
Italy,0.3333,,,"CHOCOLATES ALGARRA, S.L.",chocolate,Maltitol,1,Maltitol,1,,Fabricante,Alternativas a lácteos,0.0,0.0,0.0,0.0,3 - Baja
J A T S L,1.0,1626895.95,12.0,"PRODUCTOS SUR, S.L.","especias, aromas,colorant",Dextrosa,1,Dextrosa,1,,Fabricante,Cárnico,0.0,0.0,0.0,0.0,1 - Alta
J Garcia Carrion,1.0,10888515.585,182.0,"EUROGRANIZADOS, S.L.U.",helados,Azúcar,1,Azúcar,2,,Comercializador,"Alternativas a lácteos, Refrescos",0.0,0.3010299956639812,0.0,0.301,1 - Alta
"JUAN Y JUAN INDUSTRIAL, S.L.U",0.5,,,"PROBELTE, S.A.U.",agroquimico,Sorbitol,1,Sorbitol,1,,Fabricante,Bollería,0.0,0.0,0.0,0.0,2 - Media
Jacobsens Bakery,0.75,5440260.15,2.0,"SCHREIBER FOODS ESPAÑA, S.L.","lacteos, yogur, postr lac","Azúcar, Azúcar Integral, Fructooligosacaridos",3,"Azúcar, Azúcar Integral, Fructooligosacaridos",2,,Fabricante,Galleteros,0.0,0.3010299956639812,0.0,0.2258,1 - Alta
Jacques Ijs,0.8333,694968.2,1.0,MARIN GIMENEZ HNOS. S.A.,zumos y nectares,"Azúcar, Azúcar Líquido Invertido, Jarabe de fructosa, Jarabe de glucosa, Jarabe de glucosa y fructosa",5,"Azúcar, Azúcar Líquido Invertido, Jarabe de fructosa, Jarabe de glucosa, Jarabe de glucosa y fructosa",2,,Fabricante,Helados,0.0,0.3010299956639812,0.0,0.2508,1 - Alta
Jamones Arroyo,1.0,3343878.72,29.0,"PRODUCTOS SUR, S.L.","especias, aromas,colorant",Dextrosa,1,Dextrosa,2,,Comercializador,Cárnico,0.0,0.3010299956639812,0.0,0.301,1 - Alta
Jamones Arroyo,1.0,3343878.72,29.0,"PRODUCTOS SUR, S.L.","especias, aromas,colorant",Dextrosa,1,Dextrosa,1,50000000.0,Fabricante,Cárnico,7.698970004336019,0.0,0.0,0.0,1 - Alta
Jamones Duriber,1.0,10888515.585,182.0,"EUROGRANIZADOS, S.L.U.",helados,Azúcar,1,Azúcar,2,,Comercializador,Cárnico,0.0,0.3010299956639812,0.0,0.301,1 - Alta
Jelly Belly Candy,1.0,25009061.361,23.0,"CAMPO REAL VITIVINICOLA, S.L.",vino y derivados del vino,"Azúcar, Jarabe de glucosa",2,"Azúcar, Jarabe de glucosa",2,,Comercializador,Turrón,0.0,0.3010299956639812,0.0,0.301,1 - Alta
Jermi Kasewerk,1.0,1626895.95,12.0,"PRODUCTOS SUR, S.L.","especias, aromas,colorant",Dextrosa,1,Dextrosa,1,,Fabricante,Quesos,0.0,0.0,0.0,0.0,1 - Alta
Joaquim Alberti,1.0,25944524.321,27.0,"CAMPO REAL VITIVINICOLA, S.L.",vino y derivados del vino,"Azúcar, Jarabe de glucosa",2,"Azúcar, Jarabe de glucosa",3,,Comercializador,Cárnico,0.0,0.47712125471966244,0.0,0.4771,1 - Alta
Joaquim Alberti,1.0,25944524.321,27.0,"CAMPO REAL VITIVINICOLA, S.L.",vino y derivados del vino,"Azúcar, Jarabe de glucosa",2,"Azúcar, Jarabe de glucosa",1,109540000.0,Fabricante,Cárnico,8.039572736592767,0.0,0.0,0.0,1 - Alta
Jocarn De Valencia,1.0,1716982.77,17.0,"PLATOS TRADICIONALES, S.A",platos preparados,"Azúcar, Dextrosa",2,"Azúcar, Dextrosa",1,,Comercializador,Cárnico,0.0,0.0,0.0,0.0,1 - Alta
Jordan Cereals,1.0,10888515.585,182.0,"EUROGRANIZADOS, S.L.U.",helados,Azúcar,1,Azúcar,1,,Comercializador,Cereales,0.0,0.0,0.0,0.0,1 - Alta
Joselin Sobaos Pasiegos Y Quesadas,1.0,10888515.585,182.0,"EUROGRANIZADOS, S.L.U.",helados,Azúcar,1,Azúcar,1,,Comercializador,Galleteros,0.0,0.0,0.0,0.0,1 - Alta
Jouy And Co Sweets,0.6,,,FERDINAND KREUTZER SABAMÜHLE GMBH,barritas y bebidas deport,"Azúcar, Jarabe de fructosa, Jarabe de glucosa",3,"Azúcar, Jarabe de fructosa, Jarabe de glucosa, Sorbitol",3,,Comercializador,Bollería,0.0,0.47712125471966244,0.0,0.2863,2 - Media
Juan,1.0,1626895.95,12.0,"PRODUCTOS SUR, S.L.","especias, aromas,colorant",Dextrosa,1,Dextrosa,1,,Fabricante,Bollería,0.0,0.0,0.0,0.0,1 - Alta
Juan Fornes Fornes,1.0,10888515.585,182.0,"EUROGRANIZADOS, S.L.U.",helados,Azúcar,1,Azúcar,1,,Comercializador,Salsas y aderezos,0.0,0.0,0.0,0.0,1 - Alta
"Juan y Juan Industrial, S.L.U",0.5,,,"PROBELTE, S.A.U.",agroquimico,Sorbitol,1,Sorbitol,1,,Fabricante,Bollería,0.0,0.0,0.0,0.0,2 - Media
Juanon Artesanos,1.0,1626895.95,12.0,"PRODUCTOS SUR, S.L.","especias, aromas,colorant",Dextrosa,1,Dextrosa,1,,Fabricante,Cárnico,0.0,0.0,0.0,0.0,1 - Alta
Jules Destrooper,1.0,10888515.585,182.0,"EUROGRANIZADOS, S.L.U.",helados,Azúcar,1,Azúcar,1,,Comercializador,Galleteros,0.0,0.0,0.0,0.0,1 - Alta
Julian Martin,1.0,10888515.585,182.0,"EUROGRANIZADOS, S.L.U.",helados,Azúcar,1,Azúcar,2,6120000.0,Comercializador,Cárnico,6.786751422145561,0.3010299956639812,2.043,0.301,1 - Alta
Justo,1.0,1626895.95,12.0,"PRODUCTOS SUR, S.L.","especias, aromas,colorant",Dextrosa,1,Dextrosa,1,,Comercializador,Panadería,0.0,0.0,0.0,0.0,1 - Alta
Jutro,1.0,25009061.361,23.0,"CAMPO REAL VITIVINICOLA, S.L.",vino y derivados del vino,"Azúcar, Jarabe de glucosa",2,"Azúcar, Jarabe de glucosa",2,,Fabricante,Salsas y aderezos,0.0,0.3010299956639812,0.0,0.301,1 - Alta
Juver Alimentacion,1.0,10888515.585,182.0,"EUROGRANIZADOS, S.L.U.",helados,Azúcar,1,Azúcar,1,,Fabricante,Zumos y néctares,0.0,0.0,0.0,0.0,1 - Alta
KELLOGG ESPAÑA,0.3333,,,"PROBELTE, S.A.U.",agroquimico,Sorbitol,1,"Miel pura de abejas, Sorbitol",17,,Fabricante,"Chocolate, Cereales",0.0,1.2304489213782739,0.0,0.4101,3 - Baja
Kaitxo Kafe I Txokolate,1.0,10888515.585,182.0,"EUROGRANIZADOS, S.L.U.",helados,Azúcar,1,Azúcar,1,,Comercializador,Chocolate,0.0,0.0,0.0,0.0,1 - Alta
Kam,1.0,10888515.585,182.0,"EUROGRANIZADOS, S.L.U.",helados,Azúcar,1,Azúcar,5,,Comercializador,Salsas y aderezos,0.0,0.6989700043360189,0.0,0.699,1 - Alta
Kambly,0.6667,,,"CAMPO REAL VITIVINICOLA, S.L.",vino y derivados del vino,"Azúcar, Jarabe de glucosa",2,"Azúcar, Jarabe de glucosa, Miel pura de abejas",4,,Fabricante,Galleteros,0.0,0.6020599913279624,0.0,0.4014,2 - Media
Kellanova,0.6667,,,"FOOD REBELS, S.L.",bolleria,"Azúcar, Dextrosa, Fructooligosacaridos, Fructosa, Jarabe de fructosa, Jarabe de glucosa, Jarabe de glucosa y fructosa, Sorbitol",8,"Azúcar, Azúcar Integral, Azúcar Líquido Invertido, Dextrosa, Fructooligosacaridos, Fructosa, Jarabe de fructosa, Jarabe de glucosa, Jarabe de glucosa y fructosa, Miel pura de abejas, Sorbitol",37,160000000.0,Comercializador,"Frutos secos y snacks, Cereales, Bollería",8.204119982655925,1.568201724066995,8.5776,1.0455,2 - Media
Kelly Deli,0.5,,,"EUROGRANIZADOS, S.L.U.",helados,Azúcar,1,"Azúcar, Sorbitol",2,,Comercializador,"Salsas y aderezos, Conservas vegetales",0.0,0.3010299956639812,0.0,0.1505,2 - Media
Kervan Gida,0.8,1840938.392,6.0,"SINBLAT ALIMENTACION SALUDABLE, S.L.",bolleria,"Azúcar, Jarabe de fructosa, Jarabe de glucosa, Jarabe de glucosa y fructosa",4,"Azúcar, Jarabe de fructosa, Jarabe de glucosa, Jarabe de glucosa y fructosa",1,,Comercializador,Golosinas,0.0,0.0,0.0,0.0,1 - Alta
Keurig Dr Pepper,1.0,10888515.585,182.0,"EUROGRANIZADOS, S.L.U.",helados,Azúcar,1,Azúcar,3,,Comercializador,Refrescos,0.0,0.47712125471966244,0.0,0.4771,1 - Alta
Kids,1.0,1016348.602,9.0,"ESTUCHADOS FANNY, S.L.",estuchadores,"Azúcar, Azúcar Integral",2,"Azúcar, Azúcar Integral",1,,Comercializador,Frutos secos y snacks,0.0,0.0,0.0,0.0,1 - Alta
Kikkoman,1.0,10888515.585,182.0,"EUROGRANIZADOS, S.L.U.",helados,Azúcar,1,Azúcar,3,,Comercializador,Salsas y aderezos,0.0,0.47712125471966244,0.0,0.4771,1 - Alta
Klaipedos Pienas,0.75,1088414.0,3.0,"LABORATORIOS ALMOND, S.L.",pasteleria,"Azúcar, Jarabe de fructosa, Jarabe de glucosa y fructosa",3,"Azúcar, Jarabe de fructosa, Jarabe de glucosa y fructosa",1,,Fabricante,Helados,0.0,0.0,0.0,0.0,1 - Alta
Kneipp,0.75,222400.05,1.0,"CASTER ALIMENTACION, S.L.",salsas y aderezos,"Azúcar, Jarabe de glucosa, Jarabe de sorbitol",3,"Azúcar, Jarabe de glucosa, Jarabe de maltitol, Jarabe de sorbitol",3,,Comercializador,Nutracéuticos,0.0,0.47712125471966244,0.0,0.3578,1 - Alta
Kombucha Republik,1.0,1016348.602,9.0,"ESTUCHADOS FANNY, S.L.",estuchadores,"Azúcar, Azúcar Integral",2,"Azúcar, Azúcar Integral",2,,Comercializador,Refrescos,0.0,0.3010299956639812,0.0,0.301,1 - Alta
Koro,0.6667,,,"HELADOS ESTIU, S.A.",helados,"Fructooligosacaridos, Maltitol",2,"Fructooligosacaridos, Maltitol",1,,Fabricante,Barritas y bebidas deportivas,0.0,0.0,0.0,0.0,2 - Media
Koro Handels,1.0,1016348.602,9.0,"ESTUCHADOS FANNY, S.L.",estuchadores,"Azúcar, Azúcar Integral",2,"Azúcar, Azúcar Integral",6,,Comercializador,"Chocolate, Barritas y bebidas deportivas, Cereales, Galleteros",0.0,0.7781512503836436,0.0,0.7782,1 - Alta
Kp Snacks,1.0,10888515.585,182.0,"EUROGRANIZADOS, S.L.U.",helados,Azúcar,1,Azúcar,1,,Comercializador,Frutos secos y snacks,0.0,0.0,0.0,0.0,1 - Alta
Kri Kri,1.0,10888515.584999999,182.0,"EUROGRANIZADOS, S.L.U.",helados,Azúcar,1,Azúcar,3,,Fabricante,"Lácteos, yogures y postres lácteos",0.0,0.47712125471966244,0.0,0.4771,1 - Alta
Krueger,1.0,10888515.585,182.0,"EUROGRANIZADOS, S.L.U.",helados,Azúcar,1,Azúcar,1,,Fabricante,Café,0.0,0.0,0.0,0.0,1 - Alta
Krüger GmbH,0.5,,,"PROBELTE, S.A.U.",agroquimico,Sorbitol,1,Sorbitol,1,,Fabricante,Nutracéuticos,0.0,0.0,0.0,0.0,2 - Media
L N P L R Guadalajara,1.0,10888515.585,182.0,"EUROGRANIZADOS, S.L.U.",helados,Azúcar,1,Azúcar,1,,Fabricante,Pastelería,0.0,0.0,0.0,0.0,1 - Alta
"LA FLOR BURGALESA, S.L.",0.3333,,,"CHOCOLATES ALGARRA, S.L.",chocolate,Maltitol,1,Maltitol,1,,Fabricante,Galleteros,0.0,0.0,0.0,0.0,3 - Baja
"LA GRANJA FOODS 1959, S.L.",0.5,,,"TURRONES Y ESPECIALIDADES VIAR, S.A.",turron,"Maltitol, Sorbitol",2,"Maltitol, Sorbitol",1,,Fabricante,Bollería,0.0,0.0,0.0,0.0,2 - Media
LUDWIG SCHOKOLADE GMBH & CO.KG,0.5,,,"PROBELTE, S.A.U.",agroquimico,Sorbitol,1,Sorbitol,2,,Fabricante,Chocolate,0.0,0.3010299956639812,0.0,0.1505,2 - Media
LUDWIG SCHOKOLADE GmbH & Co. KG,0.5,,,"PROBELTE, S.A.U.",agroquimico,Sorbitol,1,Sorbitol,1,,Fabricante,Chocolate,0.0,0.0,0.0,0.0,2 - Media
La Alegria Riojana,1.0,1716982.77,17.0,"PLATOS TRADICIONALES, S.A",platos preparados,"Azúcar, Dextrosa",2,"Azúcar, Dextrosa",1,,Comercializador,Cárnico,0.0,0.0,0.0,0.0,1 - Alta
La Boulangere,1.0,10888515.585,182.0,"EUROGRANIZADOS, S.L.U.",helados,Azúcar,1,Azúcar,1,,Comercializador,Panadería,0.0,0.0,0.0,0.0,1 - Alta
La Canita Del Gourmet Unipessoal,1.0,10888515.585,182.0,"EUROGRANIZADOS, S.L.U.",helados,Azúcar,1,Azúcar,1,,Fabricante,Bollería,0.0,0.0,0.0,0.0,1 - Alta
La Dolciaria Firenze,0.5,,,"EUROGRANIZADOS, S.L.U.",helados,Azúcar,1,"Azúcar, Miel pura de abejas",1,,Fabricante,Galleteros,0.0,0.0,0.0,0.0,2 - Media
La Dulce Tahona S.L,0.5,,,"PROBELTE, S.A.U.",agroquimico,Sorbitol,1,Sorbitol,1,,Fabricante,Platos preparados,0.0,0.0,0.0,0.0,2 - Media
La Dulceria De Murcia,0.75,37350480.694,3.0,"QUIRANTE FRUITS, S.L.",zumos y nectares,"Azúcar, Azúcar Líquido Invertido, Jarabe de glucosa",3,"Azúcar, Azúcar Líquido Invertido, Jarabe de glucosa, Maltitol",10,,Comercializador,"Bollería, Galleteros",0.0,1.0,0.0,0.75,1 - Alta
La Flor Burgalesa,0.5,,,"EUROGRANIZADOS, S.L.U.",helados,Azúcar,1,"Azúcar, Caramelo natural",5,45570000.0,Fabricante,Galleteros,7.658679028582449,0.6989700043360189,2.6766,0.3495,2 - Media
La Flor Burgalesa,0.5,,,"EUROGRANIZADOS, S.L.U.",helados,Azúcar,1,"Azúcar, Caramelo natural",2,,Comercializador,Galleteros,0.0,0.3010299956639812,0.0,0.1505,2 - Media
"La Flor Burgalesa, S.L",0.3333,,,"CHOCOLATES ALGARRA, S.L.",chocolate,Maltitol,1,Maltitol,2,,Fabricante,Galleteros,0.0,0.3010299956639812,0.0,0.1003,3 - Baja
La Franco Argentine,1.0,10888515.585,182.0,"EUROGRANIZADOS, S.L.U.",helados,Azúcar,1,Azúcar,1,,Comercializador,Galleteros,0.0,0.0,0.0,0.0,1 - Alta
La Granja,0.6667,,,"FRULACT, S.A.","lacteos, yogur, postr lac","Azúcar, Azúcar Integral, Jarabe de fructosa, Jarabe de glucosa y fructosa",4,"Azúcar, Azúcar Integral, Jarabe de fructosa, Jarabe de glucosa y fructosa, Sorbitol",2,,Fabricante,Bollería,0.0,0.3010299956639812,0.0,0.2007,2 - Media
"La Granja Foods 1959, S.L.",0.5,,,"PROBELTE, S.A.U.",agroquimico,Sorbitol,1,Sorbitol,2,,Fabricante,Bollería,0.0,0.3010299956639812,0.0,0.1505,2 - Media
La Jara,1.0,351098.73,13.0,"DULCES EL AVION, S.A.",chocolate,Jarabe de glucosa,1,Jarabe de glucosa,1,,Fabricante,Cárnico,0.0,0.0,0.0,0.0,1 - Alta
La Jara Alimentacion,1.0,25009061.361,23.0,"CAMPO REAL VITIVINICOLA, S.L.",vino y derivados del vino,"Azúcar, Jarabe de glucosa",2,"Azúcar, Jarabe de glucosa",1,,Comercializador,Cárnico,0.0,0.0,0.0,0.0,1 - Alta
La Molisana,1.0,10888515.584999999,182.0,"EUROGRANIZADOS, S.L.U.",helados,Azúcar,1,Azúcar,1,,Fabricante,Salsas y aderezos,0.0,0.0,0.0,0.0,1 - Alta
"La Niña del Sur, S.L.",0.5,,,"PROBELTE, S.A.U.",agroquimico,Sorbitol,1,Sorbitol,1,,Fabricante,Platos preparados,0.0,0.0,0.0,0.0,2 - Media
La Sagra Mc,1.0,351098.73,13.0,"DULCES EL AVION, S.A.",chocolate,Jarabe de glucosa,1,Jarabe de glucosa,1,16100000.0,Fabricante,Cervezas,7.20682587603185,0.0,0.0,0.0,1 - Alta
La Sirena,0.6667,,,"MAK FOOD COMPANY, S.L.",zumos y nectares,"Azúcar, Azúcar Líquido Invertido, Fructosa, Jarabe de fructosa, Jarabe de glucosa, Jarabe de glucosa y fructosa",6,"Azúcar, Azúcar Líquido Invertido, Caramelo natural, Fructosa, Jarabe de fructosa, Jarabe de glucosa, Jarabe de glucosa y fructosa",3,178000000.0,Comercializador,"Bollería, Helados",8.250420002308894,0.47712125471966244,2.6244,0.3181,2 - Media
La Societe La Biscuiterie De La Chapelle,0.5714,,,"SINBLAT ALIMENTACION SALUDABLE, S.L.",bolleria,"Azúcar, Jarabe de fructosa, Jarabe de glucosa, Jarabe de glucosa y fructosa",4,"Azúcar, Caramelo natural, Jarabe de fructosa, Jarabe de glucosa, Jarabe de glucosa y fructosa, Miel pura de abejas",2,,Comercializador,Galleteros,0.0,0.3010299956639812,0.0,0.172,2 - Media
La Tahona De Utiel,1.0,1716982.77,17.0,"PLATOS TRADICIONALES, S.A",platos preparados,"Azúcar, Dextrosa",2,"Azúcar, Dextrosa",6,,Fabricante,"Bollería, Panadería",0.0,0.7781512503836436,0.0,0.7782,1 - Alta
La Tahona De Utiel,1.0,1716982.77,17.0,"PLATOS TRADICIONALES, S.A",platos preparados,"Azúcar, Dextrosa",2,"Azúcar, Dextrosa",1,,Comercializador,Panadería,0.0,0.0,0.0,0.0,1 - Alta
La Tradicion,0.5,,,"EUROGRANIZADOS, S.L.U.",helados,Azúcar,1,"Azúcar, Miel pura de abejas",1,,Fabricante,Turrón,0.0,0.0,0.0,0.0,2 - Media
Laboratorios Almond,1.0,11904864.186999999,191.0,"EUROGRANIZADOS, S.L.U.",helados,Azúcar,1,Azúcar,2,41510000.0,Comercializador,Alternativas a lácteos,7.618152733378519,0.3010299956639812,2.2933,0.301,1 - Alta
Laboratorios Almond,1.0,11904864.186999999,191.0,"EUROGRANIZADOS, S.L.U.",helados,Azúcar,1,Azúcar,1,41510000.0,Fabricante,Alternativas a lácteos,7.618152733378519,0.0,0.0,0.0,1 - Alta
Lacasa España S.A.U.,0.25,,,"CHOCOLATES ALGARRA, S.L.",chocolate,Maltitol,1,"Maltitol, Miel pura de abejas",6,,Fabricante,Golosinas,0.0,0.7781512503836436,0.0,0.1945,3 - Baja
Lacrem,0.8,1840938.392,6.0,"SINBLAT ALIMENTACION SALUDABLE, S.L.",bolleria,"Azúcar, Jarabe de fructosa, Jarabe de glucosa, Jarabe de glucosa y fructosa",4,"Azúcar, Jarabe de fructosa, Jarabe de glucosa, Jarabe de glucosa y fructosa",12,,Comercializador,Helados,0.0,1.0791812460476249,0.0,0.8633,1 - Alta
Lacrem,0.8,1840938.392,6.0,"SINBLAT ALIMENTACION SALUDABLE, S.L.",bolleria,"Azúcar, Jarabe de fructosa, Jarabe de glucosa, Jarabe de glucosa y fructosa",4,"Azúcar, Jarabe de fructosa, Jarabe de glucosa, Jarabe de glucosa y fructosa",1,131000000.0,Fabricante,Helados,8.117271295655764,0.0,0.0,0.0,1 - Alta
Lactalis,1.0,10888515.585,182.0,"EUROGRANIZADOS, S.L.U.",helados,Azúcar,1,Azúcar,7,1705000000.0,Comercializador,"Café, Galleteros",9.231724383328517,0.8450980400142568,7.8017,0.8451,1 - Alta
Lactalis,1.0,10888515.585,182.0,"EUROGRANIZADOS, S.L.U.",helados,Azúcar,1,Azúcar,1,1705000000.0,Fabricante,"Lácteos, yogures y postres lácteos",9.231724383328517,0.0,0.0,0.0,1 - Alta
Lactalis Nestle,0.6667,,,"LA TRADICION M&T, S.L.",bolleria,"Azúcar, Fructosa, Jarabe de glucosa, Jarabe de glucosa y fructosa",4,"Azúcar, Caramelo natural, Fructosa, Jarabe de fructosa, Jarabe de glucosa, Jarabe de glucosa y fructosa",18,,Comercializador,"Lácteos, yogures y postres lácteos, Pastelería, Café",0.0,1.255272505103306,0.0,0.8369,2 - Media
Lactalis Puleva,0.5,,,"EUROGRANIZADOS, S.L.U.",helados,Azúcar,1,"Azúcar, Caramelo natural",3,,Comercializador,"Alternativas a lácteos, Café",0.0,0.47712125471966244,0.0,0.2386,2 - Media
Lacteos Yaranza,1.0,10888515.585,182.0,"EUROGRANIZADOS, S.L.U.",helados,Azúcar,1,Azúcar,1,1780000.0,Fabricante,"Lácteos, yogures y postres lácteos",6.250420002308894,0.0,0.0,0.0,1 - Alta
Lago Group,1.0,50018122.722,23.0,"CAMPO REAL VITIVINICOLA, S.L.",vino y derivados del vino,"Azúcar, Jarabe de glucosa",2,"Azúcar, Jarabe de glucosa",5,,Fabricante,Galleteros,0.0,0.6989700043360189,0.0,0.699,1 - Alta
Lago Group,1.0,50018122.722,23.0,"CAMPO REAL VITIVINICOLA, S.L.",vino y derivados del vino,"Azúcar, Jarabe de glucosa",2,"Azúcar, Jarabe de glucosa",1,,Comercializador,Galleteros,0.0,0.0,0.0,0.0,1 - Alta
Lambone En Casa,0.75,1088414.0,3.0,"LABORATORIOS ALMOND, S.L.",pasteleria,"Azúcar, Jarabe de fructosa, Jarabe de glucosa y fructosa",3,"Azúcar, Jarabe de fructosa, Jarabe de glucosa y fructosa",1,,Fabricante,Bollería,0.0,0.0,0.0,0.0,1 - Alta
Lantmannen Axa Pjsc,1.0,25009061.361,23.0,"CAMPO REAL VITIVINICOLA, S.L.",vino y derivados del vino,"Azúcar, Jarabe de glucosa",2,"Azúcar, Jarabe de glucosa",1,,Fabricante,Chocolate,0.0,0.0,0.0,0.0,1 - Alta
Lasus Marsa,1.0,1626895.95,12.0,"PRODUCTOS SUR, S.L.","especias, aromas,colorant",Dextrosa,1,Dextrosa,1,,Fabricante,Cárnico,0.0,0.0,0.0,0.0,1 - Alta
Le Vie Del Tartufo,0.5,,,"EUROGRANIZADOS, S.L.U.",helados,Azúcar,1,"Azúcar, Miel pura de abejas",1,,Comercializador,Salsas y aderezos,0.0,0.0,0.0,0.0,2 - Media
Lebros Roasteries,1.0,1716982.77,17.0,"PLATOS TRADICIONALES, S.A",platos preparados,"Azúcar, Dextrosa",2,"Azúcar, Dextrosa",3,,Fabricante,Frutos secos y snacks,0.0,0.47712125471966244,0.0,0.4771,1 - Alta
Lekkerland,1.0,10888515.585,182.0,"EUROGRANIZADOS, S.L.U.",helados,Azúcar,1,Azúcar,3,,Comercializador,Refrescos,0.0,0.47712125471966244,0.0,0.4771,1 - Alta
Les Comtes De Provence,1.0,1016348.602,9.0,"ESTUCHADOS FANNY, S.L.",estuchadores,"Azúcar, Azúcar Integral",2,"Azúcar, Azúcar Integral",1,,Comercializador,Mermeladas y confituras,0.0,0.0,0.0,0.0,1 - Alta
Les Macarons D Olivier,0.6,,,"FRUTOS SECOS AURO, S.L.",frutos secos y snacks,"Azúcar, Caramelo natural, Jarabe de glucosa",3,"Azúcar, Caramelo natural, Jarabe de glucosa, Sorbitol",1,,Comercializador,Bollería,0.0,0.0,0.0,0.0,2 - Media
Les Maitres Laitiers Du Cotentin,1.0,10888515.584999999,182.0,"EUROGRANIZADOS, S.L.U.",helados,Azúcar,1,Azúcar,1,,Fabricante,Quesos,0.0,0.0,0.0,0.0,1 - Alta
Levlup,1.0,10888515.585,182.0,"EUROGRANIZADOS, S.L.U.",helados,Azúcar,1,Azúcar,1,,Comercializador,Barritas y bebidas deportivas,0.0,0.0,0.0,0.0,1 - Alta
Lidl,0.6429,,,"FOOD REBELS, S.L.",bolleria,"Azúcar, Dextrosa, Fructooligosacaridos, Fructosa, Jarabe de fructosa, Jarabe de glucosa, Jarabe de glucosa y fructosa, Maltitol, Sorbitol",9,"Azúcar, Azúcar Integral, Azúcar Líquido Invertido, Caramelo natural, Dextrosa, Fructooligosacaridos, Fructosa, Jarabe de fructosa, Jarabe de glucosa, Jarabe de glucosa y fructosa, Jarabe de maltitol, Maltitol, Miel pura de abejas, Sorbitol",242,,Comercializador,"Frutos secos y snacks, Salsas y aderezos, Turrón, Chocolate, Lácteos, yogures y postres lácteos, Mermeladas y confituras, Café, Quesos, Vino y derivados del vino, Galleteros, Golosinas, Barritas y bebidas deportivas, Cárnico, Cervezas, Cereales, Pastelería, Bollería, Panadería, Refrescos, Conservas vegetales",0.0,2.383815365980431,0.0,1.5326,2 - Media
Lidl Stiftung And Co,0.6667,,,"SINBLAT ALIMENTACION SALUDABLE, S.L.",bolleria,"Azúcar, Jarabe de fructosa, Jarabe de glucosa, Jarabe de glucosa y fructosa",4,"Azúcar, Jarabe de fructosa, Jarabe de glucosa, Jarabe de glucosa y fructosa, Miel pura de abejas",3,,Fabricante,"Bollería, Galleteros",0.0,0.47712125471966244,0.0,0.3181,2 - Media
Lidl Supermercados,1.0,1716982.77,17.0,"PLATOS TRADICIONALES, S.A",platos preparados,"Azúcar, Dextrosa",2,"Azúcar, Dextrosa",1,,Fabricante,Salsas y aderezos,0.0,0.0,0.0,0.0,1 - Alta
Life Pro Nutrition,0.75,383896.52499999997,4.0,"SURIVAN FEEL THE TASTE, S.L.",helados,"Azúcar, Fructosa, Jarabe de glucosa",3,"Azúcar, Fructosa, Jarabe de glucosa, Maltitol",15,,Comercializador,"Barritas y bebidas deportivas, Bollería",0.0,1.1760912590556813,0.0,0.8821,1 - Alta
Lindt & Sprüngli,0.3333,,,"CHOCOLATES ALGARRA, S.L.",chocolate,Maltitol,1,Maltitol,3,,Fabricante,Chocolate,0.0,0.47712125471966244,0.0,0.159,3 - Baja
Lindt And Spruengli,1.0,10888515.585,182.0,"EUROGRANIZADOS, S.L.U.",helados,Azúcar,1,Azúcar,1,,Fabricante,Chocolate,0.0,0.0,0.0,0.0,1 - Alta
Lindt And Sprungli,1.0,37318242.334,3.0,"QUIRANTE FRUITS, S.L.",zumos y nectares,"Azúcar, Azúcar Líquido Invertido, Jarabe de glucosa",3,"Azúcar, Azúcar Líquido Invertido, Jarabe de glucosa",18,,Comercializador,Chocolate,0.0,1.255272505103306,0.0,1.2553,1 - Alta
Lindt And Sprungli,1.0,37318242.334,3.0,"QUIRANTE FRUITS, S.L.",zumos y nectares,"Azúcar, Azúcar Líquido Invertido, Jarabe de glucosa",3,"Azúcar, Azúcar Líquido Invertido, Jarabe de glucosa",16,,Fabricante,Chocolate,0.0,1.2041199826559248,0.0,1.2041,1 - Alta
Link Snacks,1.0,1716982.77,17.0,"PLATOS TRADICIONALES, S.A",platos preparados,"Azúcar, Dextrosa",2,"Azúcar, Dextrosa",2,,Comercializador,Cárnico,0.0,0.3010299956639812,0.0,0.301,1 - Alta
Lion,1.0,1716982.77,17.0,"PLATOS TRADICIONALES, S.A",platos preparados,"Azúcar, Dextrosa",2,"Azúcar, Dextrosa",1,,Fabricante,Galleteros,0.0,0.0,0.0,0.0,1 - Alta
Lion Corporation,1.0,37318242.334,3.0,"QUIRANTE FRUITS, S.L.",zumos y nectares,"Azúcar, Azúcar Líquido Invertido, Jarabe de glucosa",3,"Azúcar, Azúcar Líquido Invertido, Jarabe de glucosa",1,,Comercializador,Cereales,0.0,0.0,0.0,0.0,1 - Alta
Liven,1.0,10888515.585,182.0,"EUROGRANIZADOS, S.L.U.",helados,Azúcar,1,Azúcar,1,,Comercializador,Salsas y aderezos,0.0,0.0,0.0,0.0,1 - Alta
Lnplr,1.0,10888515.585,182.0,"EUROGRANIZADOS, S.L.U.",helados,Azúcar,1,Azúcar,5,,Fabricante,"Lácteos, yogures y postres lácteos",0.0,0.6989700043360189,0.0,0.699,1 - Alta
Lnplr Guadalajara,1.0,10888515.585,182.0,"EUROGRANIZADOS, S.L.U.",helados,Azúcar,1,Azúcar,1,,Fabricante,"Lácteos, yogures y postres lácteos",0.0,0.0,0.0,0.0,1 - Alta
Lnuf Emb 14630,1.0,10888515.584999999,182.0,"EUROGRANIZADOS, S.L.U.",helados,Azúcar,1,Azúcar,1,,Fabricante,Pastelería,0.0,0.0,0.0,0.0,1 - Alta
Loacker,1.0,25009061.361,23.0,"CAMPO REAL VITIVINICOLA, S.L.",vino y derivados del vino,"Azúcar, Jarabe de glucosa",2,"Azúcar, Jarabe de glucosa",1,,Comercializador,Galleteros,0.0,0.0,0.0,0.0,1 - Alta
Loacker Konfekt,1.0,10888515.585,182.0,"EUROGRANIZADOS, S.L.U.",helados,Azúcar,1,Azúcar,1,,Fabricante,Galleteros,0.0,0.0,0.0,0.0,1 - Alta
Loading Group,0.5,,,"NORDMANN, RASSMANN POLSKA SP. Z O.O.",barritas y bebidas deport,Jarabe de fructosa,1,Jarabe de fructosa,1,,Comercializador,Barritas y bebidas deportivas,0.0,0.0,0.0,0.0,2 - Media
Logistica Food,0.3333,,,"CHOCOLATES ALGARRA, S.L.",chocolate,Maltitol,1,Maltitol,1,,Comercializador,Bollería,0.0,0.0,0.0,0.0,3 - Baja
London Biscuits Berhad,1.0,1350573.92,1.0,"J. GARCIA CARRION, S.A.",vino y derivados del vino,"Azúcar, Azúcar Líquido Invertido",2,"Azúcar, Azúcar Líquido Invertido",1,,Comercializador,Galleteros,0.0,0.0,0.0,0.0,1 - Alta
Longevitas Labs,1.0,351098.73000000004,13.0,"DULCES EL AVION, S.A.",chocolate,Jarabe de glucosa,1,Jarabe de glucosa,1,,Comercializador,Nutracéuticos,0.0,0.0,0.0,0.0,1 - Alta
Lopez,1.0,10888515.585,182.0,"EUROGRANIZADOS, S.L.U.",helados,Azúcar,1,Azúcar,1,4280000.0,Comercializador,Cárnico,6.631443769013172,0.0,0.0,0.0,1 - Alta
Lorena Bakery,1.0,1716982.77,17.0,"PLATOS TRADICIONALES, S.A",platos preparados,"Azúcar, Dextrosa",2,"Azúcar, Dextrosa",1,,Comercializador,Bollería,0.0,0.0,0.0,0.0,1 - Alta
Lotte,1.0,10888515.585,182.0,"EUROGRANIZADOS, S.L.U.",helados,Azúcar,1,Azúcar,1,,Comercializador,Zumos y néctares,0.0,0.0,0.0,0.0,1 - Alta
Lotus Bakeries,0.6667,,,"FIESTA COLOMBINA, S.L.U.",golosinas,"Azúcar, Azúcar Integral, Jarabe de glucosa, Jarabe de glucosa y fructosa",4,"Azúcar, Azúcar Integral, Jarabe de fructosa, Jarabe de glucosa, Jarabe de glucosa y fructosa",9,,Comercializador,"Bollería, Helados, Galleteros",0.0,0.9542425094393249,0.0,0.6362,2 - Media
Ludwig Schokolade,0.75,15796.75,1.0,"FRUTOS SECOS AURO, S.L.",frutos secos y snacks,"Azúcar, Caramelo natural, Jarabe de glucosa",3,"Azúcar, Caramelo natural, Jarabe de glucosa",1,,Fabricante,Chocolate,0.0,0.0,0.0,0.0,1 - Alta
Luis Portillo Food And Events,1.0,1016348.602,9.0,"ESTUCHADOS FANNY, S.L.",estuchadores,"Azúcar, Azúcar Integral",2,"Azúcar, Azúcar Integral",2,,Comercializador,Pastelería,0.0,0.3010299956639812,0.0,0.301,1 - Alta
Luise Handlmaier,1.0,245746.375,1.0,"TARBAL FOOD, S.L.",pasteleria,"Azúcar, Azúcar Integral, Jarabe de glucosa",3,"Azúcar, Azúcar Integral, Jarabe de glucosa",1,,Comercializador,Salsas y aderezos,0.0,0.0,0.0,0.0,1 - Alta
Lupa,1.0,10888515.585,182.0,"EUROGRANIZADOS, S.L.U.",helados,Azúcar,1,Azúcar,1,,Comercializador,Galleteros,0.0,0.0,0.0,0.0,1 - Alta
M,1.0,10888515.585,182.0,"EUROGRANIZADOS, S.L.U.",helados,Azúcar,1,Azúcar,1,,Comercializador,Chocolate,0.0,0.0,0.0,0.0,1 - Alta
MARS MULTISALES SPAIN S.L.,0.5,,,"TURRONES Y ESPECIALIDADES VIAR, S.A.",turron,"Maltitol, Sorbitol",2,"Maltitol, Sorbitol",4,,Fabricante,Golosinas,0.0,0.6020599913279624,0.0,0.301,2 - Media
MERCADONA,0.6,,,"TURRONES Y ESPECIALIDADES VIAR, S.A.",turron,"Jarabe de maltitol, Maltitol, Sorbitol",3,"Jarabe de maltitol, Maltitol, Miel pura de abejas, Sorbitol",24,,Comercializador,"Nutracéuticos, Frutos secos y snacks, Chocolate, Cárnico, Cereales, Bollería, Helados, Platos preparados, Galleteros",0.0,1.380211241711606,0.0,0.8281,2 - Media
"MI LOLA GLUTEN FREE, S.L.",0.3333,,,"CHOCOLATES ALGARRA, S.L.",chocolate,Maltitol,1,Maltitol,2,,Fabricante,Galleteros,0.0,0.3010299956639812,0.0,0.1003,3 - Baja
"MOCHI LUXURY, S.L.",0.5,,,"PROBELTE, S.A.U.",agroquimico,Sorbitol,1,Sorbitol,6,,Fabricante,Helados,0.0,0.7781512503836436,0.0,0.3891,2 - Media
Mafresa El Iberico De Confianza,1.0,1716982.77,17.0,"PLATOS TRADICIONALES, S.A",platos preparados,"Azúcar, Dextrosa",2,"Azúcar, Dextrosa",2,,Comercializador,Cárnico,0.0,0.3010299956639812,0.0,0.301,1 - Alta
Mag Job Verwaltung,1.0,1016348.602,9.0,"ESTUCHADOS FANNY, S.L.",estuchadores,"Azúcar, Azúcar Integral",2,"Azúcar, Azúcar Integral",2,,Comercializador,Chocolate,0.0,0.3010299956639812,0.0,0.301,1 - Alta
Magdalenas Lazaro,1.0,74636484.66799998,3.0,"IBERIA INGREDIENTS, S.L.",vino y derivados del vino,"Azúcar, Azúcar Líquido Invertido, Jarabe de glucosa, Sorbitol",4,"Azúcar, Azúcar Líquido Invertido, Jarabe de glucosa, Sorbitol",4,31000000.0,Fabricante,Bollería,7.491361693834273,0.6020599913279624,4.5102,0.6021,1 - Alta
Magdalenas Lazaro,1.0,74636484.66799998,3.0,"IBERIA INGREDIENTS, S.L.",vino y derivados del vino,"Azúcar, Azúcar Líquido Invertido, Jarabe de glucosa, Sorbitol",4,"Azúcar, Azúcar Líquido Invertido, Jarabe de glucosa, Sorbitol",2,31000000.0,Comercializador,Bollería,7.491361693834273,0.3010299956639812,2.2551,0.301,1 - Alta
Maina Panettoni,1.0,1225205.703,5.0,"SURIVAN FEEL THE TASTE, S.L.",helados,"Azúcar, Fructosa, Jarabe de glucosa",3,"Azúcar, Fructosa, Jarabe de glucosa",1,,Comercializador,Bollería,0.0,0.0,0.0,0.0,1 - Alta
Maison Andresy,1.0,10888515.585,182.0,"EUROGRANIZADOS, S.L.U.",helados,Azúcar,1,Azúcar,1,,Fabricante,Mermeladas y confituras,0.0,0.0,0.0,0.0,1 - Alta
Makro,1.0,10888515.585,182.0,"EUROGRANIZADOS, S.L.U.",helados,Azúcar,1,Azúcar,2,1874770000.0,Comercializador,Conservas vegetales,9.272947995339585,0.3010299956639812,2.7914,0.301,1 - Alta
Malagon Juan Hermanos,1.0,10888515.585,182.0,"EUROGRANIZADOS, S.L.U.",helados,Azúcar,1,Azúcar,2,,Fabricante,Bollería,0.0,0.3010299956639812,0.0,0.301,1 - Alta
Malbi Foods,1.0,21777031.17,182.0,"EUROGRANIZADOS, S.L.U.",helados,Azúcar,1,Azúcar,1,,Comercializador,Chocolate,0.0,0.0,0.0,0.0,1 - Alta
Malbi Foods,1.0,21777031.17,182.0,"EUROGRANIZADOS, S.L.U.",helados,Azúcar,1,Azúcar,1,,Fabricante,Chocolate,0.0,0.0,0.0,0.0,1 - Alta
Mamachris Petfood,1.0,10888515.585,182.0,"EUROGRANIZADOS, S.L.U.",helados,Azúcar,1,Azúcar,3,,Comercializador,Galleteros,0.0,0.47712125471966244,0.0,0.4771,1 - Alta
Man Fong,1.0,10888515.584999999,182.0,"EUROGRANIZADOS, S.L.U.",helados,Azúcar,1,Azúcar,1,,Fabricante,Salsas y aderezos,0.0,0.0,0.0,0.0,1 - Alta
Manassen Foods,1.0,10888515.585,182.0,"EUROGRANIZADOS, S.L.U.",helados,Azúcar,1,Azúcar,1,,Comercializador,Golosinas,0.0,0.0,0.0,0.0,1 - Alta
Marin Montejano,1.0,10888515.585,182.0,"EUROGRANIZADOS, S.L.U.",helados,Azúcar,1,Azúcar,1,,Comercializador,Conservas vegetales,0.0,0.0,0.0,0.0,1 - Alta
Mark Anthony Brands,1.0,10888515.585,182.0,"EUROGRANIZADOS, S.L.U.",helados,Azúcar,1,Azúcar,1,,Comercializador,Cervezas,0.0,0.0,0.0,0.0,1 - Alta
Mark Antony,1.0,10888515.585,182.0,"EUROGRANIZADOS, S.L.U.",helados,Azúcar,1,Azúcar,1,,Comercializador,Barritas y bebidas deportivas,0.0,0.0,0.0,0.0,1 - Alta
Mark Walker Drinks,1.0,10888515.585,182.0,"EUROGRANIZADOS, S.L.U.",helados,Azúcar,1,Azúcar,1,,Comercializador,Galleteros,0.0,0.0,0.0,0.0,1 - Alta
Mars Multisales Spain S.L.,0.4,,,"TURRONES Y ESPECIALIDADES VIAR, S.A.",turron,"Jarabe de maltitol, Sorbitol",2,"Jarabe de maltitol, Miel pura de abejas, Sorbitol",13,,Fabricante,"Golosinas, Cereales",0.0,1.1139433523068367,0.0,0.4456,3 - Baja
"Mars Multisales Spain,",0.5,,,"PROBELTE, S.A.U.",agroquimico,Sorbitol,1,Sorbitol,1,,Fabricante,Golosinas,0.0,0.0,0.0,0.0,2 - Media
"Mars Multisales Spain, S.L",0.5,,,"TURRONES Y ESPECIALIDADES VIAR, S.A.",turron,"Jarabe de maltitol, Sorbitol",2,"Jarabe de maltitol, Sorbitol",12,,Fabricante,Golosinas,0.0,1.0791812460476249,0.0,0.5396,2 - Media
"Mars Multisales Spain, S.L.",0.5,,,"TURRONES Y ESPECIALIDADES VIAR, S.A.",turron,"Maltitol, Sorbitol",2,"Maltitol, Sorbitol",1,,Fabricante,Golosinas,0.0,0.0,0.0,0.0,2 - Media
Mars Wrigley Confectionery,1.0,25009061.361,23.0,"CAMPO REAL VITIVINICOLA, S.L.",vino y derivados del vino,"Azúcar, Jarabe de glucosa",2,"Azúcar, Jarabe de glucosa",48,,Comercializador,"Golosinas, Chocolate, Turrón, Helados, Galleteros",0.0,1.6812412373755872,0.0,1.6812,1 - Alta
Mars Wrigley Confectionery,1.0,25009061.361,23.0,"CAMPO REAL VITIVINICOLA, S.L.",vino y derivados del vino,"Azúcar, Jarabe de glucosa",2,"Azúcar, Jarabe de glucosa",1,,Fabricante,Chocolate,0.0,0.0,0.0,0.0,1 - Alta
Marten Fleischwarenfabrik,1.0,1626895.95,12.0,"PRODUCTOS SUR, S.L.","especias, aromas,colorant",Dextrosa,1,Dextrosa,2,,Fabricante,Cárnico,0.0,0.3010299956639812,0.0,0.301,1 - Alta
Martinez Y Canto,0.25,,,"FRUTOS SECOS AURO, S.L.",frutos secos y snacks,Caramelo natural,1,Caramelo natural,1,35820000.0,Fabricante,Refrescos,7.554125581513013,0.0,0.0,0.0,3 - Baja
Mas Plus Next Generation Beverage,1.0,10888515.585,182.0,"EUROGRANIZADOS, S.L.U.",helados,Azúcar,1,Azúcar,2,,Comercializador,Barritas y bebidas deportivas,0.0,0.3010299956639812,0.0,0.301,1 - Alta
Mataderos Industriales Soler,1.0,3253791.9,12.0,"PRODUCTOS SUR, S.L.","especias, aromas,colorant",Dextrosa,1,Dextrosa,1,34000000.0,Fabricante,Cárnico,7.531478917042255,0.0,0.0,0.0,1 - Alta
Mataderos Industriales Soler,1.0,3253791.9,12.0,"PRODUCTOS SUR, S.L.","especias, aromas,colorant",Dextrosa,1,Dextrosa,1,34000000.0,Comercializador,Cárnico,7.531478917042255,0.0,0.0,0.0,1 - Alta
Materne Confilux,1.0,106967.1,3.0,"COMORALI, S.L.",pasteleria,Jarabe de maltitol,1,Jarabe de maltitol,1,,Fabricante,Mermeladas y confituras,0.0,0.0,0.0,0.0,1 - Alta
Max Protein,0.6667,,,"SINBLAT ALIMENTACION SALUDABLE, S.L.",bolleria,"Azúcar, Jarabe de fructosa, Jarabe de glucosa, Jarabe de glucosa y fructosa",4,"Azúcar, Caramelo natural, Jarabe de fructosa, Jarabe de glucosa, Jarabe de glucosa y fructosa",3,,Comercializador,Salsas y aderezos,0.0,0.47712125471966244,0.0,0.3181,2 - Media
May And Raeburn,1.0,10888515.584999999,182.0,"EUROGRANIZADOS, S.L.U.",helados,Azúcar,1,Azúcar,1,,Comercializador,Bollería,0.0,0.0,0.0,0.0,1 - Alta
Mccain,0.75,37334388.274,3.0,"QUIRANTE FRUITS, S.L.",zumos y nectares,"Azúcar, Azúcar Líquido Invertido, Jarabe de glucosa",3,"Azúcar, Azúcar Líquido Invertido, Dextrosa, Jarabe de glucosa",3,,Comercializador,Quesos,0.0,0.47712125471966244,0.0,0.3578,1 - Alta
Mcilhenny,1.0,10888515.585,182.0,"EUROGRANIZADOS, S.L.U.",helados,Azúcar,1,Azúcar,1,,Comercializador,Salsas y aderezos,0.0,0.0,0.0,0.0,1 - Alta
Mediterranean Foods,0.5,,,"EUROGRANIZADOS, S.L.U.",helados,Azúcar,1,"Azúcar, Caramelo natural",2,4000000.0,Fabricante,"Bollería, Galleteros",6.6020599913279625,0.3010299956639812,0.9937,0.1505,2 - Media
Mediterranean Foods,0.5,,,"EUROGRANIZADOS, S.L.U.",helados,Azúcar,1,"Azúcar, Caramelo natural",2,4000000.0,Comercializador,Galleteros,6.6020599913279625,0.3010299956639812,0.9937,0.1505,2 - Media
Mellow,0.75,15796.75,1.0,"FRUTOS SECOS AURO, S.L.",frutos secos y snacks,"Azúcar, Caramelo natural, Jarabe de glucosa",3,"Azúcar, Caramelo natural, Jarabe de glucosa",1,,Fabricante,Pastelería,0.0,0.0,0.0,0.0,1 - Alta
Membrillo El Quijote,1.0,25009061.361,23.0,"CAMPO REAL VITIVINICOLA, S.L.",vino y derivados del vino,"Azúcar, Jarabe de glucosa",2,"Azúcar, Jarabe de glucosa",1,,Comercializador,Turrón,0.0,0.0,0.0,0.0,1 - Alta
Membrillo El Quijote,1.0,25009061.361,23.0,"CAMPO REAL VITIVINICOLA, S.L.",vino y derivados del vino,"Azúcar, Jarabe de glucosa",2,"Azúcar, Jarabe de glucosa",1,7440000.0,Fabricante,Mermeladas y confituras,6.871572935545879,0.0,0.0,0.0,1 - Alta
Membrillo Emily S.L.,1.0,106967.1,3.0,"COMORALI, S.L.",pasteleria,Jarabe de maltitol,1,Jarabe de maltitol,1,,Fabricante,Mermeladas y confituras,0.0,0.0,0.0,0.0,1 - Alta
Mendes Goncalves,1.0,10888515.584999999,182.0,"EUROGRANIZADOS, S.L.U.",helados,Azúcar,1,Azúcar,2,,Fabricante,Salsas y aderezos,0.0,0.3010299956639812,0.0,0.301,1 - Alta
Mendras Capo,0.5,,,"EUROGRANIZADOS, S.L.U.",helados,Azúcar,1,"Azúcar, Miel pura de abejas",1,,Fabricante,Frutos secos y snacks,0.0,0.0,0.0,0.0,2 - Media
Menken Drinks,0.6,,,"LABORATORIOS ALMOND, S.L.",pasteleria,"Azúcar, Jarabe de fructosa, Jarabe de glucosa y fructosa",3,"Azúcar, Caramelo natural, Jarabe de fructosa, Jarabe de glucosa y fructosa",1,,Comercializador,Refrescos,0.0,0.0,0.0,0.0,2 - Media
Mensajero,1.0,10888515.585,182.0,"EUROGRANIZADOS, S.L.U.",helados,Azúcar,1,Azúcar,1,,Comercializador,Conservas vegetales,0.0,0.0,0.0,0.0,1 - Alta
Mercader,1.0,10888515.585,182.0,"EUROGRANIZADOS, S.L.U.",helados,Azúcar,1,Azúcar,1,,Comercializador,Alternativas a lácteos,0.0,0.0,0.0,0.0,1 - Alta
Messori Ciocolateria,1.0,1716982.77,17.0,"PLATOS TRADICIONALES, S.A",platos preparados,"Azúcar, Dextrosa",2,"Azúcar, Dextrosa",1,,Fabricante,Helados,0.0,0.0,0.0,0.0,1 - Alta
Metro,0.75,1088414.0,3.0,"LABORATORIOS ALMOND, S.L.",pasteleria,"Azúcar, Jarabe de fructosa, Jarabe de glucosa y fructosa",3,"Azúcar, Jarabe de fructosa, Jarabe de glucosa y fructosa",12,,Comercializador,"Salsas y aderezos, Mermeladas y confituras, Conservas vegetales",0.0,1.0791812460476249,0.0,0.8094,1 - Alta
Mexma Food,1.0,10888515.585,182.0,"EUROGRANIZADOS, S.L.U.",helados,Azúcar,1,Azúcar,1,,Comercializador,Panadería,0.0,0.0,0.0,0.0,1 - Alta
Mg Destilerias,1.0,10888515.585,182.0,"EUROGRANIZADOS, S.L.U.",helados,Azúcar,1,Azúcar,11,,Comercializador,Licores,0.0,1.0413926851582251,0.0,1.0414,1 - Alta
Mid Dolciaria,1.0,25009061.361,23.0,"CAMPO REAL VITIVINICOLA, S.L.",vino y derivados del vino,"Azúcar, Jarabe de glucosa",2,"Azúcar, Jarabe de glucosa",1,,Fabricante,Bollería,0.0,0.0,0.0,0.0,1 - Alta
Miguelanez,0.6667,,,"SINBLAT ALIMENTACION SALUDABLE, S.L.",bolleria,"Azúcar, Jarabe de fructosa, Jarabe de glucosa, Jarabe de glucosa y fructosa",4,"Azúcar, Jarabe de fructosa, Jarabe de glucosa, Jarabe de glucosa y fructosa, Sorbitol",10,23000000.0,Comercializador,"Golosinas, Chocolate",7.361727836017593,1.0,4.9081,0.6667,2 - Media
Milanowek,0.6667,,,"CAMPO REAL VITIVINICOLA, S.L.",vino y derivados del vino,"Azúcar, Jarabe de glucosa",2,"Azúcar, Jarabe de glucosa, Miel pura de abejas",1,,Fabricante,Turrón,0.0,0.0,0.0,0.0,2 - Media
Millano,1.0,1716982.77,17.0,"PLATOS TRADICIONALES, S.A",platos preparados,"Azúcar, Dextrosa",2,"Azúcar, Dextrosa",2,,Fabricante,Chocolate,0.0,0.3010299956639812,0.0,0.301,1 - Alta
Millano Group,1.0,10888515.585,182.0,"EUROGRANIZADOS, S.L.U.",helados,Azúcar,1,Azúcar,1,,Comercializador,Chocolate,0.0,0.0,0.0,0.0,1 - Alta
Mills,1.0,10888515.585,182.0,"EUROGRANIZADOS, S.L.U.",helados,Azúcar,1,Azúcar,2,,Comercializador,Salsas y aderezos,0.0,0.3010299956639812,0.0,0.301,1 - Alta
Mira Y Llorens,0.6,,,"LABORATORIOS ALMOND, S.L.",pasteleria,"Azúcar, Jarabe de fructosa, Jarabe de glucosa y fructosa",3,"Azúcar, Jarabe de fructosa, Jarabe de glucosa y fructosa, Miel pura de abejas",1,7500000.0,Fabricante,Turrón,6.8750612633917,0.0,0.0,0.0,2 - Media
Miterra Healthy,0.5,,,"EUROGRANIZADOS, S.L.U.",helados,Azúcar,1,"Azúcar, Miel pura de abejas",1,,Comercializador,Cereales,0.0,0.0,0.0,0.0,2 - Media
Miterra Healthy S.L.,0.25,,,"CHOCOLATES ALGARRA, S.L.",chocolate,Maltitol,1,"Maltitol, Miel pura de abejas",5,,Fabricante,"Cereales, Galleteros",0.0,0.6989700043360189,0.0,0.1747,3 - Baja
Mitsuba,0.75,15796.75,1.0,"FRUTOS SECOS AURO, S.L.",frutos secos y snacks,"Azúcar, Caramelo natural, Jarabe de glucosa",3,"Azúcar, Caramelo natural, Jarabe de glucosa",3,,Comercializador,Frutos secos y snacks,0.0,0.47712125471966244,0.0,0.3578,1 - Alta
Mix Pak System,0.6667,,,ARTENAY BARS SAS,turron,"Jarabe de fructosa, Jarabe de glucosa y fructosa",2,"Jarabe de fructosa, Jarabe de glucosa y fructosa",1,,Fabricante,Barritas y bebidas deportivas,0.0,0.0,0.0,0.0,2 - Media
Mochi Luxury,0.8,12724.06,1.0,"IBERIA INGREDIENTS, S.L.",vino y derivados del vino,"Azúcar, Azúcar Líquido Invertido, Jarabe de glucosa, Sorbitol",4,"Azúcar, Azúcar Líquido Invertido, Fructosa, Jarabe de glucosa, Sorbitol",2,,Fabricante,Helados,0.0,0.3010299956639812,0.0,0.2408,1 - Alta
Molinos Rio De La Plata,0.75,1088414.0,3.0,"LABORATORIOS ALMOND, S.L.",pasteleria,"Azúcar, Jarabe de fructosa, Jarabe de glucosa y fructosa",3,"Azúcar, Jarabe de fructosa, Jarabe de glucosa y fructosa",1,,Comercializador,Galleteros,0.0,0.0,0.0,0.0,1 - Alta
Mon Desir,1.0,10888515.585,182.0,"EUROGRANIZADOS, S.L.U.",helados,Azúcar,1,Azúcar,2,,Fabricante,Chocolate,0.0,0.3010299956639812,0.0,0.301,1 - Alta
Mondelez,0.75,1088414.0,3.0,"LABORATORIOS ALMOND, S.L.",pasteleria,"Azúcar, Jarabe de fructosa, Jarabe de glucosa y fructosa",3,"Azúcar, Jarabe de fructosa, Jarabe de glucosa y fructosa",109,960000000.0,Comercializador,"Chocolate, Cereales, Pastelería, Bollería, Helados, Panadería, Quesos, Galleteros",8.982271233039569,2.037426497940624,13.7255,1.5281,1 - Alta
Mondelez,0.75,1088414.0,3.0,"LABORATORIOS ALMOND, S.L.",pasteleria,"Azúcar, Jarabe de fructosa, Jarabe de glucosa y fructosa",3,"Azúcar, Jarabe de fructosa, Jarabe de glucosa y fructosa",1,,Fabricante,Galleteros,0.0,0.0,0.0,0.0,1 - Alta
Mondelez Cr Biscuit Production,1.0,25009061.361,23.0,"CAMPO REAL VITIVINICOLA, S.L.",vino y derivados del vino,"Azúcar, Jarabe de glucosa",2,"Azúcar, Jarabe de glucosa",1,,Fabricante,Galleteros,0.0,0.0,0.0,0.0,1 - Alta
"Mondelez España Commercial, S.L.",0.6,,,"TURRONES Y ESPECIALIDADES VIAR, S.A.",turron,"Jarabe de maltitol, Maltitol, Sorbitol",3,"Jarabe de maltitol, Maltitol, Miel pura de abejas, Sorbitol",28,,Fabricante,"Golosinas, Chocolate, Pastelería, Bollería, Galleteros",0.0,1.4471580313422192,0.0,0.8683,2 - Media
Mondelez Kinh Do Vietnam Joint Stock Company,0.6,,,"LABORATORIOS ALMOND, S.L.",pasteleria,"Azúcar, Jarabe de fructosa, Jarabe de glucosa y fructosa",3,"Azúcar, Caramelo natural, Jarabe de fructosa, Jarabe de glucosa y fructosa",1,,Fabricante,Galleteros,0.0,0.0,0.0,0.0,2 - Media
Mondelez Polska,0.6,,,"LABORATORIOS ALMOND, S.L.",pasteleria,"Azúcar, Jarabe de fructosa, Jarabe de glucosa y fructosa",3,"Azúcar, Caramelo natural, Jarabe de fructosa, Jarabe de glucosa y fructosa",2,,Fabricante,Galleteros,0.0,0.3010299956639812,0.0,0.1806,2 - Media
Mondelez Polska Production,1.0,10888515.585,182.0,"EUROGRANIZADOS, S.L.U.",helados,Azúcar,1,Azúcar,1,,Fabricante,Galleteros,0.0,0.0,0.0,0.0,1 - Alta
Monster Beverage,1.0,25009061.361,23.0,"CAMPO REAL VITIVINICOLA, S.L.",vino y derivados del vino,"Azúcar, Jarabe de glucosa",2,"Azúcar, Jarabe de glucosa",9,,Comercializador,Refrescos,0.0,0.9542425094393249,0.0,0.9542,1 - Alta
Montero Alimentacion,0.75,28870.0,1.0,"VIOKOX, S.A",agroquimico,"Azúcar, Dextrosa, Jarabe de glucosa",3,"Azúcar, Dextrosa, Jarabe de glucosa, Sorbitol",2,20000000.0,Fabricante,"Lácteos, yogures y postres lácteos, Pastelería",7.301029995663981,0.3010299956639812,1.6484,0.2258,1 - Alta
Montesierra,1.0,1716982.77,17.0,"PLATOS TRADICIONALES, S.A",platos preparados,"Azúcar, Dextrosa",2,"Azúcar, Dextrosa",2,,Comercializador,Cárnico,0.0,0.3010299956639812,0.0,0.301,1 - Alta
"Moreno Ruiz Hermanos, S.L.",1.0,106967.1,3.0,"COMORALI, S.L.",pasteleria,Jarabe de maltitol,1,Jarabe de maltitol,1,,Fabricante,Suplementos deportivos,0.0,0.0,0.0,0.0,1 - Alta
Moreno Ruiz Hnos,0.6,,,"GOLOSINAS MININOLAS, S.L.U.",nutraceuticos,"Jarabe de maltitol, Jarabe de sorbitol, Maltitol",3,"Fructooligosacaridos, Jarabe de maltitol, Jarabe de sorbitol, Maltitol",3,,Fabricante,Barritas y bebidas deportivas,0.0,0.47712125471966244,0.0,0.2863,2 - Media
Mrm,1.0,10888515.585,182.0,"EUROGRANIZADOS, S.L.U.",helados,Azúcar,1,Azúcar,1,,Comercializador,Cárnico,0.0,0.0,0.0,0.0,1 - Alta
Muller And Muller,1.0,10888515.585,182.0,"EUROGRANIZADOS, S.L.U.",helados,Azúcar,1,Azúcar,1,,Fabricante,Chocolate,0.0,0.0,0.0,0.0,1 - Alta
Mun Ferments,1.0,1016348.602,9.0,"ESTUCHADOS FANNY, S.L.",estuchadores,"Azúcar, Azúcar Integral",2,"Azúcar, Azúcar Integral",3,1800000.0,Fabricante,Refrescos,6.2552725051033065,0.47712125471966244,2.9845,0.4771,1 - Alta
Mundo Pastel,1.0,10888515.585,182.0,"EUROGRANIZADOS, S.L.U.",helados,Azúcar,1,Azúcar,1,,Comercializador,Bollería,0.0,0.0,0.0,0.0,1 - Alta
Mv Group Production,1.0,10888515.585,182.0,"EUROGRANIZADOS, S.L.U.",helados,Azúcar,1,Azúcar,1,,Comercializador,Licores,0.0,0.0,0.0,0.0,1 - Alta
Myprotein,0.5714,,,"SANCHIS MIRA, S.A.",turron,"Azúcar, Fructooligosacaridos, Jarabe de fructosa, Jarabe de glucosa, Jarabe de glucosa y fructosa, Jarabe de maltitol, Maltitol, Sorbitol",8,"Azúcar, Azúcar Integral, Azúcar Líquido Invertido, Caramelo natural, Fructooligosacaridos, Fructosa, Jarabe de fructosa, Jarabe de glucosa, Jarabe de glucosa y fructosa, Jarabe de maltitol, Maltitol, Miel pura de abejas, Sorbitol",34,,Comercializador,Barritas y bebidas deportivas,0.0,1.5314789170422551,0.0,0.8751,2 - Media
N Rgseaa 29 00822,1.0,10888515.585,182.0,"EUROGRANIZADOS, S.L.U.",helados,Azúcar,1,Azúcar,2,,Fabricante,Refrescos,0.0,0.3010299956639812,0.0,0.301,1 - Alta
N.V Biscuiterie Thijs,0.75,12724.06,1.0,"IBERIA INGREDIENTS, S.L.",vino y derivados del vino,"Azúcar, Azúcar Líquido Invertido, Sorbitol",3,"Azúcar, Azúcar Líquido Invertido, Sorbitol",1,,Fabricante,Bollería,0.0,0.0,0.0,0.0,1 - Alta
"NESTLÉ ESPAÑA, S.A.",1.0,106967.1,3.0,"COMORALI, S.L.",pasteleria,Jarabe de maltitol,1,Jarabe de maltitol,4,,Fabricante,Cereales,0.0,0.6020599913279624,0.0,0.6021,1 - Alta
Nagual Alimentacion,1.0,351098.73,13.0,"DULCES EL AVION, S.A.",chocolate,Jarabe de glucosa,1,Jarabe de glucosa,1,3500000.0,Comercializador,Panadería,6.544068044350276,0.0,0.0,0.0,1 - Alta
Namyang Dairy,1.0,1225205.703,5.0,"SURIVAN FEEL THE TASTE, S.L.",helados,"Azúcar, Fructosa, Jarabe de glucosa",3,"Azúcar, Fructosa, Jarabe de glucosa",3,,Fabricante,Refrescos,0.0,0.47712125471966244,0.0,0.4771,1 - Alta
Nanonen,0.6667,,,"CORALIM INGREDIENTS, S.L.","especias, aromas,colorant","Azúcar, Fructosa, Jarabe de maltitol, Jarabe de sorbitol",4,"Azúcar, Fructosa, Jarabe de maltitol, Jarabe de sorbitol",3,,Comercializador,Barritas y bebidas deportivas,0.0,0.47712125471966244,0.0,0.3181,2 - Media
Natra Bedene,0.6,,,"SURIVAN FEEL THE TASTE, S.L.",helados,"Azúcar, Fructosa, Jarabe de glucosa",3,"Azúcar, Fructosa, Jarabe de glucosa, Miel pura de abejas, Sorbitol",1,,Fabricante,Chocolate,0.0,0.0,0.0,0.0,2 - Media
Natra Onati,0.75,1088414.0,3.0,"LABORATORIOS ALMOND, S.L.",pasteleria,"Azúcar, Jarabe de fructosa, Jarabe de glucosa y fructosa",3,"Azúcar, Jarabe de fructosa, Jarabe de glucosa y fructosa",2,141650000.0,Fabricante,Chocolate,8.151216578856456,0.3010299956639812,1.8403,0.2258,1 - Alta
Naturalica Foods,1.0,25009061.361,23.0,"CAMPO REAL VITIVINICOLA, S.L.",vino y derivados del vino,"Azúcar, Jarabe de glucosa",2,"Azúcar, Jarabe de glucosa",2,,Fabricante,Chocolate,0.0,0.3010299956639812,0.0,0.301,1 - Alta
Navson,0.75,12724.06,1.0,"IBERIA INGREDIENTS, S.L.",vino y derivados del vino,"Azúcar, Jarabe de glucosa, Sorbitol",3,"Azúcar, Jarabe de glucosa, Sorbitol",1,,Comercializador,Nutracéuticos,0.0,0.0,0.0,0.0,1 - Alta
Nawarra Suesswaren,0.6,,,"LABORATORIOS ALMOND, S.L.",pasteleria,"Azúcar, Jarabe de fructosa, Jarabe de glucosa y fructosa",3,"Azúcar, Jarabe de fructosa, Jarabe de glucosa y fructosa, Sorbitol",1,,Fabricante,Bollería,0.0,0.0,0.0,0.0,2 - Media
Nawarra Susswaren,1.0,10888515.585,182.0,"EUROGRANIZADOS, S.L.U.",helados,Azúcar,1,Azúcar,1,,Fabricante,Galleteros,0.0,0.0,0.0,0.0,1 - Alta
Nawarra Susswaren,1.0,10888515.585,182.0,"EUROGRANIZADOS, S.L.U.",helados,Azúcar,1,Azúcar,1,,Comercializador,Panadería,0.0,0.0,0.0,0.0,1 - Alta
Nectina,1.0,10888515.585,182.0,"EUROGRANIZADOS, S.L.U.",helados,Azúcar,1,Azúcar,1,,Comercializador,Alternativas a lácteos,0.0,0.0,0.0,0.0,1 - Alta
Nestle Waters,1.0,10888515.585,182.0,"EUROGRANIZADOS, S.L.U.",helados,Azúcar,1,Azúcar,3,,Comercializador,Refrescos,0.0,0.47712125471966244,0.0,0.4771,1 - Alta
"Nestlé España, S.A",0.5,,,"COMORALI, S.L.",pasteleria,Jarabe de maltitol,1,"Jarabe de maltitol, Miel pura de abejas",4,,Fabricante,"Chocolate, Barritas y bebidas deportivas, Cereales",0.0,0.6020599913279624,0.0,0.301,2 - Media
"Nestlé España, S.A.",0.4,,,"TURRONES Y ESPECIALIDADES VIAR, S.A.",turron,"Maltitol, Sorbitol",2,"Maltitol, Miel pura de abejas, Sorbitol",11,,Fabricante,"Chocolate, Cereales",0.0,1.0413926851582251,0.0,0.4166,3 - Baja
Neuburge Milchwerke,1.0,10888515.585,182.0,"EUROGRANIZADOS, S.L.U.",helados,Azúcar,1,Azúcar,1,,Fabricante,Pastelería,0.0,0.0,0.0,0.0,1 - Alta
Neuhaus NV,0.5,,,"PROBELTE, S.A.U.",agroquimico,Sorbitol,1,Sorbitol,1,,Fabricante,Chocolate,0.0,0.0,0.0,0.0,2 - Media
Neules Artesanes Sant Tirs,1.0,1016348.602,9.0,"ESTUCHADOS FANNY, S.L.",estuchadores,"Azúcar, Azúcar Integral",2,"Azúcar, Azúcar Integral",1,,Comercializador,Galleteros,0.0,0.0,0.0,0.0,1 - Alta
Neversecond Nutrition,1.0,327520.5,16.0,"PSITTACUS CATALONIA, S.L.",piensos mascotas,Fructosa,1,Fructosa,4,,Comercializador,Barritas y bebidas deportivas,0.0,0.6020599913279624,0.0,0.6021,1 - Alta
New York Bakery Company,1.0,10888515.585,182.0,"EUROGRANIZADOS, S.L.U.",helados,Azúcar,1,Azúcar,3,570000000.0,Comercializador,Panadería,8.755874855672491,0.47712125471966244,4.1776,0.4771,1 - Alta
Nichols,1.0,10888515.585,182.0,"EUROGRANIZADOS, S.L.U.",helados,Azúcar,1,Azúcar,1,,Comercializador,Refrescos,0.0,0.0,0.0,0.0,1 - Alta
Nico Jamones,1.0,3433965.54,17.0,"PLATOS TRADICIONALES, S.A",platos preparados,"Azúcar, Dextrosa",2,"Azúcar, Dextrosa",3,49070000.0,Fabricante,Cárnico,7.690816057980915,0.47712125471966244,3.6695,0.4771,1 - Alta
Nico Jamones,1.0,3433965.54,17.0,"PLATOS TRADICIONALES, S.A",platos preparados,"Azúcar, Dextrosa",2,"Azúcar, Dextrosa",2,49070000.0,Comercializador,Cárnico,7.690816057980915,0.3010299956639812,2.3152,0.301,1 - Alta
Niederrhein Gold Tersteegen,1.0,10888515.585,182.0,"EUROGRANIZADOS, S.L.U.",helados,Azúcar,1,Azúcar,1,,Fabricante,Zumos y néctares,0.0,0.0,0.0,0.0,1 - Alta
Noel Alimentaria,1.0,935462.9600000001,4.0,"VIOKOX, S.A",agroquimico,"Azúcar, Dextrosa, Jarabe de glucosa",3,"Azúcar, Dextrosa, Jarabe de glucosa",6,670000000.0,Comercializador,Cárnico,8.826074802700827,0.7781512503836436,6.868,0.7782,1 - Alta
Noel Alimentaria,1.0,935462.9600000001,4.0,"VIOKOX, S.A",agroquimico,"Azúcar, Dextrosa, Jarabe de glucosa",3,"Azúcar, Dextrosa, Jarabe de glucosa",1,670000000.0,Fabricante,Cárnico,8.826074802700827,0.0,0.0,0.0,1 - Alta
Noel Alimentaria S.A.U,0.5,,,"PROBELTE, S.A.U.",agroquimico,Sorbitol,1,Sorbitol,1,,Fabricante,Cárnico,0.0,0.0,0.0,0.0,2 - Media
Noel Alimentaria S.A.U.,0.5,,,"PROBELTE, S.A.U.",agroquimico,Sorbitol,1,Sorbitol,2,,Fabricante,Cárnico,0.0,0.3010299956639812,0.0,0.1505,2 - Media
Noem,1.0,10888515.584999999,182.0,"EUROGRANIZADOS, S.L.U.",helados,Azúcar,1,Azúcar,1,,Fabricante,"Lácteos, yogures y postres lácteos",0.0,0.0,0.0,0.0,1 - Alta
Norte Extremena De Transformados Agricolas,0.4,,,"FRUTOS SECOS AURO, S.L.",frutos secos y snacks,"Azúcar, Caramelo natural",2,"Azúcar, Caramelo natural, Miel pura de abejas",3,,Comercializador,"Chocolate, Galleteros",0.0,0.47712125471966244,0.0,0.1908,3 - Baja
Novadiet,1.0,10888515.585,182.0,"EUROGRANIZADOS, S.L.U.",helados,Azúcar,1,Azúcar,1,15000000.0,Comercializador,Nutracéuticos,7.176091259055681,0.0,0.0,0.0,1 - Alta
Novandie,0.75,15796.75,1.0,"FRUTOS SECOS AURO, S.L.",frutos secos y snacks,"Azúcar, Caramelo natural, Jarabe de glucosa",3,"Azúcar, Caramelo natural, Jarabe de glucosa",1,,Fabricante,Pastelería,0.0,0.0,0.0,0.0,1 - Alta
Novo Nutrition,1.0,10888515.585,182.0,"EUROGRANIZADOS, S.L.U.",helados,Azúcar,1,Azúcar,1,,Comercializador,Galleteros,0.0,0.0,0.0,0.0,1 - Alta
Nt Food,1.0,10888515.585,182.0,"EUROGRANIZADOS, S.L.U.",helados,Azúcar,1,Azúcar,1,,Comercializador,Panadería,0.0,0.0,0.0,0.0,1 - Alta
Nudisco,0.5,,,"EUROGRANIZADOS, S.L.U.",helados,Azúcar,1,"Azúcar, Miel pura de abejas",3,168000000.0,Comercializador,"Miel, Conservas vegetales",8.225309281725863,0.47712125471966244,1.9622,0.2386,2 - Media
Nuova Industria Biscotti Crich,1.0,3433965.54,17.0,"PLATOS TRADICIONALES, S.A",platos preparados,"Azúcar, Dextrosa",2,"Azúcar, Dextrosa",2,,Fabricante,Galleteros,0.0,0.3010299956639812,0.0,0.301,1 - Alta
Nuova Industria Biscotti Crich,1.0,3433965.54,17.0,"PLATOS TRADICIONALES, S.A",platos preparados,"Azúcar, Dextrosa",2,"Azúcar, Dextrosa",1,,Comercializador,Galleteros,0.0,0.0,0.0,0.0,1 - Alta
Nutkao,1.0,25009061.361,23.0,"CAMPO REAL VITIVINICOLA, S.L.",vino y derivados del vino,"Azúcar, Jarabe de glucosa",2,"Azúcar, Jarabe de glucosa",3,,Fabricante,Chocolate,0.0,0.47712125471966244,0.0,0.4771,1 - Alta
Nutricer,1.0,574856.125,10.0,"DADELOS AGRICOLA, S.L.",piensos ganaderia,"Azúcar, Fructosa",2,"Azúcar, Fructosa",3,,Fabricante,Cereales,0.0,0.47712125471966244,0.0,0.4771,1 - Alta
Nutriexperience,0.75,192389.05,1.0,"TORRONS VICENS, S.L.",turron,"Azúcar, Jarabe de fructosa, Jarabe de glucosa, Jarabe de maltitol, Jarabe de sorbitol, Maltitol",6,"Azúcar, Jarabe de fructosa, Jarabe de glucosa, Jarabe de maltitol, Jarabe de sorbitol, Maltitol",4,,Comercializador,"Golosinas, Barritas y bebidas deportivas",0.0,0.6020599913279624,0.0,0.4515,1 - Alta
Nutriexperience,0.75,192389.05,1.0,"TORRONS VICENS, S.L.",turron,"Azúcar, Jarabe de fructosa, Jarabe de glucosa, Jarabe de maltitol, Jarabe de sorbitol, Maltitol",6,"Azúcar, Jarabe de fructosa, Jarabe de glucosa, Jarabe de maltitol, Jarabe de sorbitol, Maltitol",2,,Fabricante,"Suplementos deportivos, Barritas y bebidas deportivas",0.0,0.3010299956639812,0.0,0.2258,1 - Alta
Nutriops,1.0,1016348.602,9.0,"ESTUCHADOS FANNY, S.L.",estuchadores,"Azúcar, Azúcar Integral",2,"Azúcar, Azúcar Integral",3,,Comercializador,"Salsas y aderezos, Alternativas a lácteos",0.0,0.47712125471966244,0.0,0.4771,1 - Alta
Nutrisport,0.8333,295939.206,1.0,"MARTINEZ NIETO, S.A.",nutraceuticos,"Fructooligosacaridos, Fructosa, Jarabe de glucosa, Jarabe de sorbitol, Maltitol",5,"Azúcar, Fructooligosacaridos, Fructosa, Jarabe de glucosa, Jarabe de sorbitol, Maltitol",12,10300000.0,Comercializador,Barritas y bebidas deportivas,7.012837224705172,1.0791812460476249,6.3065,0.8993,1 - Alta
Nutrition & Santé Iberia S.L.,0.3333,,,"CHOCOLATES ALGARRA, S.L.",chocolate,Maltitol,1,Maltitol,1,,Fabricante,Galleteros,0.0,0.0,0.0,0.0,3 - Baja
Nutrition And Sante,0.5833,,,"FOOD REBELS, S.L.",bolleria,"Azúcar, Dextrosa, Fructosa, Jarabe de fructosa, Jarabe de glucosa, Jarabe de glucosa y fructosa, Maltitol",7,"Azúcar, Azúcar Integral, Caramelo natural, Dextrosa, Fructosa, Jarabe de fructosa, Jarabe de glucosa, Jarabe de glucosa y fructosa, Jarabe de sorbitol, Maltitol",19,,Comercializador,"Barritas y bebidas deportivas, Cereales, Galleteros",0.0,1.2787536009528289,0.0,0.7459,2 - Media
"Nutrition et Sante Iberia, S.L.",0.3333,,,"CHOCOLATES ALGARRA, S.L.",chocolate,Maltitol,1,Maltitol,1,,Fabricante,Barritas y bebidas deportivas,0.0,0.0,0.0,0.0,3 - Baja
Oatly,1.0,10888515.584999999,182.0,"EUROGRANIZADOS, S.L.U.",helados,Azúcar,1,Azúcar,7,3500000.0,Comercializador,"Alternativas a lácteos, Café",6.544068044350276,0.8450980400142568,5.5304,0.8451,1 - Alta
Obm Omira,1.0,25009061.361,23.0,"CAMPO REAL VITIVINICOLA, S.L.",vino y derivados del vino,"Azúcar, Jarabe de glucosa",2,"Azúcar, Jarabe de glucosa",2,,Fabricante,Pastelería,0.0,0.3010299956639812,0.0,0.301,1 - Alta
Officetotal Food Brands,1.0,10888515.585,182.0,"EUROGRANIZADOS, S.L.U.",helados,Azúcar,1,Azúcar,3,,Comercializador,Galleteros,0.0,0.47712125471966244,0.0,0.4771,1 - Alta
Ofistrade S.A.,0.5,,,"PROBELTE, S.A.U.",agroquimico,Sorbitol,1,Sorbitol,1,,Fabricante,Platos preparados,0.0,0.0,0.0,0.0,2 - Media
Oh La France,1.0,10888515.584999999,182.0,"EUROGRANIZADOS, S.L.U.",helados,Azúcar,1,Azúcar,1,,Comercializador,Bollería,0.0,0.0,0.0,0.0,1 - Alta
Ohso Nutrition,1.0,927413.565,4.0,"MARTIN BRAUN, S.A.",pasteleria,"Azúcar, Jarabe de sorbitol",2,"Azúcar, Jarabe de sorbitol",2,,Comercializador,Salsas y aderezos,0.0,0.3010299956639812,0.0,0.301,1 - Alta
Oppo Brothers,0.5,,,"QUIRANTE FRUITS, S.L.",zumos y nectares,"Azúcar, Azúcar Líquido Invertido, Jarabe de glucosa",3,"Azúcar, Azúcar Líquido Invertido, Caramelo natural, Fructooligosacaridos, Jarabe de glucosa, Maltitol",2,,Comercializador,Helados,0.0,0.3010299956639812,0.0,0.1505,2 - Media
Oriental Industria Alimenticia,1.0,10888515.585,182.0,"EUROGRANIZADOS, S.L.U.",helados,Azúcar,1,Azúcar,1,,Fabricante,Salsas y aderezos,0.0,0.0,0.0,0.0,1 - Alta
Orkla Group,1.0,10888515.584999999,182.0,"EUROGRANIZADOS, S.L.U.",helados,Azúcar,1,Azúcar,1,,Comercializador,Chocolate,0.0,0.0,0.0,0.0,1 - Alta
Oshee,1.0,1626895.95,12.0,"PRODUCTOS SUR, S.L.","especias, aromas,colorant",Dextrosa,1,Dextrosa,2,,Fabricante,Barritas y bebidas deportivas,0.0,0.3010299956639812,0.0,0.301,1 - Alta
Osverna,0.6667,,,"PLATOS TRADICIONALES, S.A",platos preparados,"Azúcar, Dextrosa",2,"Azúcar, Dextrosa, Sorbitol",1,,Comercializador,Bollería,0.0,0.0,0.0,0.0,2 - Media
Ouro,1.0,1016348.602,9.0,"ESTUCHADOS FANNY, S.L.",estuchadores,"Azúcar, Azúcar Integral",2,"Azúcar, Azúcar Integral",1,,Comercializador,Salsas y aderezos,0.0,0.0,0.0,0.0,1 - Alta
P And P Family Farm,1.0,10888515.585,182.0,"EUROGRANIZADOS, S.L.U.",helados,Azúcar,1,Azúcar,1,,Fabricante,Refrescos,0.0,0.0,0.0,0.0,1 - Alta
"PANAMAR BAKERY GROUP, S.L.",0.5,,,"PROBELTE, S.A.U.",agroquimico,Sorbitol,1,Sorbitol,2,,Fabricante,Panadería,0.0,0.3010299956639812,0.0,0.1505,2 - Media
"PASTISFRED, S.L.U",0.5,,,"PROBELTE, S.A.U.",agroquimico,Sorbitol,1,Sorbitol,1,,Fabricante,Pastelería,0.0,0.0,0.0,0.0,2 - Media
PENALVA ALIMENTACION S.A PARA CENTROS COMERCIALES CARREFOR S.A,0.4,,,"TURRONES Y ESPECIALIDADES VIAR, S.A.",turron,"Jarabe de maltitol, Sorbitol",2,"Jarabe de maltitol, Miel pura de abejas, Sorbitol",4,,Fabricante,Helados,0.0,0.6020599913279624,0.0,0.2408,3 - Baja
PUNTO GOFRE,0.5,,,"PROBELTE, S.A.U.",agroquimico,Sorbitol,1,Sorbitol,2,,Fabricante,Bollería,0.0,0.3010299956639812,0.0,0.1505,2 - Media
Packalia,1.0,10888515.585,182.0,"EUROGRANIZADOS, S.L.U.",helados,Azúcar,1,Azúcar,1,,Comercializador,Salsas y aderezos,0.0,0.0,0.0,0.0,1 - Alta
Pagen,0.6667,,,"J. GARCIA CARRION, S.A.",vino y derivados del vino,"Azúcar, Azúcar Líquido Invertido",2,"Azúcar, Azúcar Integral, Azúcar Líquido Invertido",1,,Fabricante,Bollería,0.0,0.0,0.0,0.0,2 - Media
Palcarsa,1.0,25009061.361,23.0,"CAMPO REAL VITIVINICOLA, S.L.",vino y derivados del vino,"Azúcar, Jarabe de glucosa",2,"Azúcar, Jarabe de glucosa",2,17220000.0,Comercializador,Cárnico,7.236033147117636,0.3010299956639812,2.1783,0.301,1 - Alta
Paletas Marpa,1.0,21777031.169999998,182.0,"EUROGRANIZADOS, S.L.U.",helados,Azúcar,1,Azúcar,1,,Comercializador,Cárnico,0.0,0.0,0.0,0.0,1 - Alta
Paletas Marpa,1.0,21777031.169999998,182.0,"EUROGRANIZADOS, S.L.U.",helados,Azúcar,1,Azúcar,1,,Fabricante,Cárnico,0.0,0.0,0.0,0.0,1 - Alta
Pan Cota,1.0,10888515.584999999,182.0,"EUROGRANIZADOS, S.L.U.",helados,Azúcar,1,Azúcar,1,,Comercializador,Panadería,0.0,0.0,0.0,0.0,1 - Alta
Pan De Angel,1.0,10888515.585,182.0,"EUROGRANIZADOS, S.L.U.",helados,Azúcar,1,Azúcar,1,,Comercializador,Galleteros,0.0,0.0,0.0,0.0,1 - Alta
Panacella Factory,0.5,,,"CHOCOLATES ALGARRA, S.L.",chocolate,"Azúcar, Maltitol",2,"Azúcar, Caramelo natural, Maltitol",4,,Comercializador,"Salsas y aderezos, Chocolate, Barritas y bebidas deportivas",0.0,0.6020599913279624,0.0,0.301,2 - Media
Panaderia Artesana Obando,1.0,10888515.585,182.0,"EUROGRANIZADOS, S.L.U.",helados,Azúcar,1,Azúcar,1,11100000.0,Comercializador,Panadería,7.045322978786658,0.0,0.0,0.0,1 - Alta
Panaderia Milagros,1.0,10888515.585,182.0,"EUROGRANIZADOS, S.L.U.",helados,Azúcar,1,Azúcar,2,81030000.0,Comercializador,Panadería,7.9086458389071135,0.3010299956639812,2.3807,0.301,1 - Alta
Panaderia Milagros Diaz,1.0,10888515.585,182.0,"EUROGRANIZADOS, S.L.U.",helados,Azúcar,1,Azúcar,4,81030000.0,Fabricante,Panadería,7.9086458389071135,0.6020599913279624,4.7615,0.6021,1 - Alta
Panaderia Ntra Sra De La Cabeza,1.0,10888515.585,182.0,"EUROGRANIZADOS, S.L.U.",helados,Azúcar,1,Azúcar,1,,Comercializador,Bollería,0.0,0.0,0.0,0.0,1 - Alta
Panaderias Milagros Diaz,1.0,10888515.585,182.0,"EUROGRANIZADOS, S.L.U.",helados,Azúcar,1,Azúcar,3,81030000.0,Fabricante,Panadería,7.9086458389071135,0.47712125471966244,3.7734,0.4771,1 - Alta
Panales Del Sur,1.0,10888515.585,182.0,"EUROGRANIZADOS, S.L.U.",helados,Azúcar,1,Azúcar,2,,Comercializador,Mermeladas y confituras,0.0,0.3010299956639812,0.0,0.301,1 - Alta
Panamar Bakery Group,1.0,1716982.77,17.0,"PLATOS TRADICIONALES, S.A",platos preparados,"Azúcar, Dextrosa",2,"Azúcar, Dextrosa",2,600000000.0,Fabricante,"Bollería, Panadería",8.778151250383644,0.3010299956639812,2.6425,0.301,1 - Alta
Panamar Bakery Group,1.0,1716982.77,17.0,"PLATOS TRADICIONALES, S.A",platos preparados,"Azúcar, Dextrosa",2,"Azúcar, Dextrosa",1,,Comercializador,Bollería,0.0,0.0,0.0,0.0,1 - Alta
Pancracio Chocolates,1.0,10888515.585,182.0,"EUROGRANIZADOS, S.L.U.",helados,Azúcar,1,Azúcar,5,,Comercializador,Chocolate,0.0,0.6989700043360189,0.0,0.699,1 - Alta
Panes Ecologicos Del Sur,1.0,1016348.602,9.0,"ESTUCHADOS FANNY, S.L.",estuchadores,"Azúcar, Azúcar Integral",2,"Azúcar, Azúcar Integral",1,900000.0,Fabricante,Bollería,5.954242509439325,0.0,0.0,0.0,1 - Alta
Panificadora De Alcala,1.0,25009061.361,23.0,"CAMPO REAL VITIVINICOLA, S.L.",vino y derivados del vino,"Azúcar, Jarabe de glucosa",2,"Azúcar, Jarabe de glucosa",1,103390000.0,Fabricante,Panadería,8.014478535326207,0.0,0.0,0.0,1 - Alta
Pano Fruits,1.0,1016348.602,9.0,"ESTUCHADOS FANNY, S.L.",estuchadores,"Azúcar, Azúcar Integral",2,"Azúcar, Azúcar Integral",1,10100000.0,Comercializador,Frutos secos y snacks,7.004321373782642,0.0,0.0,0.0,1 - Alta
Panrico,0.75,1088414.0,3.0,"LABORATORIOS ALMOND, S.L.",pasteleria,"Azúcar, Jarabe de fructosa, Jarabe de glucosa y fructosa",3,"Azúcar, Jarabe de fructosa, Jarabe de glucosa y fructosa",1,,Comercializador,Bollería,0.0,0.0,0.0,0.0,1 - Alta
Panzani,1.0,10888515.585,182.0,"EUROGRANIZADOS, S.L.U.",helados,Azúcar,1,Azúcar,2,,Fabricante,Salsas y aderezos,0.0,0.3010299956639812,0.0,0.301,1 - Alta
Papas Argente,1.0,10888515.585,182.0,"EUROGRANIZADOS, S.L.U.",helados,Azúcar,1,Azúcar,1,9600000.0,Comercializador,Frutos secos y snacks,6.982271233039568,0.0,0.0,0.0,1 - Alta
Papes Safor,1.0,10888515.585,182.0,"EUROGRANIZADOS, S.L.U.",helados,Azúcar,1,Azúcar,1,,Fabricante,Frutos secos y snacks,0.0,0.0,0.0,0.0,1 - Alta
Pasteleria Mandul,0.7143,,,MARIN GIMENEZ HNOS. S.A.,zumos y nectares,"Azúcar, Azúcar Líquido Invertido, Jarabe de fructosa, Jarabe de glucosa, Jarabe de glucosa y fructosa",5,"Azúcar, Azúcar Líquido Invertido, Jarabe de fructosa, Jarabe de glucosa, Jarabe de glucosa y fructosa, Sorbitol",3,20000000.0,Comercializador,Bollería,7.301029995663981,0.47712125471966244,2.4882,0.3408,2 - Media
Pasteleria Mandul,0.7143,,,MARIN GIMENEZ HNOS. S.A.,zumos y nectares,"Azúcar, Azúcar Líquido Invertido, Jarabe de fructosa, Jarabe de glucosa, Jarabe de glucosa y fructosa",5,"Azúcar, Azúcar Líquido Invertido, Jarabe de fructosa, Jarabe de glucosa, Jarabe de glucosa y fructosa, Sorbitol",2,20000000.0,Fabricante,Bollería,7.301029995663981,0.3010299956639812,1.5699,0.215,2 - Media
Pasteleria Reposteria Luna S.L,0.5,,,"PROBELTE, S.A.U.",agroquimico,Sorbitol,1,Sorbitol,1,,Fabricante,Bollería,0.0,0.0,0.0,0.0,2 - Media
Pastisart Iberia,0.5,,,"FRULACT, S.A.","lacteos, yogur, postr lac","Azúcar, Azúcar Integral, Jarabe de fructosa, Jarabe de glucosa y fructosa",4,"Azúcar, Azúcar Integral, Azúcar Líquido Invertido, Jarabe de fructosa, Jarabe de glucosa y fructosa, Miel pura de abejas, Sorbitol",5,,Fabricante,Bollería,0.0,0.6989700043360189,0.0,0.3495,2 - Media
"Pastisart Iberia, S.L.U.",0.5,,,"PROBELTE, S.A.U.",agroquimico,Sorbitol,1,Sorbitol,2,,Fabricante,Bollería,0.0,0.3010299956639812,0.0,0.1505,2 - Media
Pastisfred S.L.U,0.5,,,"PROBELTE, S.A.U.",agroquimico,Sorbitol,1,Sorbitol,2,,Fabricante,Pastelería,0.0,0.3010299956639812,0.0,0.1505,2 - Media
Patatas Fatima,1.0,10888515.584999999,182.0,"EUROGRANIZADOS, S.L.U.",helados,Azúcar,1,Azúcar,1,,Comercializador,Frutos secos y snacks,0.0,0.0,0.0,0.0,1 - Alta
Patatas Fritas Torres,1.0,10888515.585,182.0,"EUROGRANIZADOS, S.L.U.",helados,Azúcar,1,Azúcar,1,10900000.0,Fabricante,Frutos secos y snacks,7.037426497940624,0.0,0.0,0.0,1 - Alta
Patisseries Gourmandes,1.0,10888515.584999999,182.0,"EUROGRANIZADOS, S.L.U.",helados,Azúcar,1,Azúcar,1,,Comercializador,Bollería,0.0,0.0,0.0,0.0,1 - Alta
Patiswiss Cikolata Gida,1.0,10888515.585,182.0,"EUROGRANIZADOS, S.L.U.",helados,Azúcar,1,Azúcar,1,,Comercializador,Chocolate,0.0,0.0,0.0,0.0,1 - Alta
Patroba Nv,1.0,1626895.95,12.0,"PRODUCTOS SUR, S.L.","especias, aromas,colorant",Dextrosa,1,Dextrosa,1,,Fabricante,Panadería,0.0,0.0,0.0,0.0,1 - Alta
Peiron Torrent,1.0,1225205.703,5.0,"SURIVAN FEEL THE TASTE, S.L.",helados,"Azúcar, Fructosa, Jarabe de glucosa",3,"Azúcar, Fructosa, Jarabe de glucosa",1,,Comercializador,Bollería,0.0,0.0,0.0,0.0,1 - Alta
Pellialiments,1.0,10888515.585,182.0,"EUROGRANIZADOS, S.L.U.",helados,Azúcar,1,Azúcar,4,,Comercializador,Conservas vegetales,0.0,0.6020599913279624,0.0,0.6021,1 - Alta
Penalva,0.75,1088414.0,3.0,"LABORATORIOS ALMOND, S.L.",pasteleria,"Azúcar, Jarabe de fructosa, Jarabe de glucosa y fructosa",3,"Azúcar, Jarabe de fructosa, Jarabe de glucosa y fructosa",2,,Fabricante,Helados,0.0,0.3010299956639812,0.0,0.2258,1 - Alta
Penalva Alimentacion,1.0,37318242.334,3.0,"QUIRANTE FRUITS, S.L.",zumos y nectares,"Azúcar, Azúcar Líquido Invertido, Jarabe de glucosa",3,"Azúcar, Azúcar Líquido Invertido, Jarabe de glucosa",3,28000000.0,Fabricante,"Alternativas a lácteos, Helados",7.447158031342219,0.47712125471966244,3.5532,0.4771,1 - Alta
Penalva Alimentacion,1.0,37318242.334,3.0,"QUIRANTE FRUITS, S.L.",zumos y nectares,"Azúcar, Azúcar Líquido Invertido, Jarabe de glucosa",3,"Azúcar, Azúcar Líquido Invertido, Jarabe de glucosa",1,,Comercializador,Helados,0.0,0.0,0.0,0.0,1 - Alta
Pepsico,1.0,10888515.585,182.0,"EUROGRANIZADOS, S.L.U.",helados,Azúcar,1,Azúcar,9,,Comercializador,"Frutos secos y snacks, Refrescos",0.0,0.9542425094393249,0.0,0.9542,1 - Alta
Pepsico,1.0,10888515.585,182.0,"EUROGRANIZADOS, S.L.U.",helados,Azúcar,1,Azúcar,1,,Fabricante,Refrescos,0.0,0.0,0.0,0.0,1 - Alta
Pepsico Beverage Company,1.0,10888515.585,182.0,"EUROGRANIZADOS, S.L.U.",helados,Azúcar,1,Azúcar,1,,Fabricante,Barritas y bebidas deportivas,0.0,0.0,0.0,0.0,1 - Alta
Perfetti Van Melle,0.8,1724181.67,1.0,"SANCHIS MIRA, S.A.",turron,"Azúcar, Jarabe de fructosa, Jarabe de glucosa, Jarabe de glucosa y fructosa, Jarabe de maltitol, Jarabe de sorbitol, Maltitol, Sorbitol",8,"Azúcar, Caramelo natural, Jarabe de fructosa, Jarabe de glucosa, Jarabe de glucosa y fructosa, Jarabe de maltitol, Jarabe de sorbitol, Maltitol, Sorbitol",23,,Comercializador,"Frutos secos y snacks, Golosinas",0.0,1.3617278360175928,0.0,1.0894,1 - Alta
Perfetti Van Melle,0.8,1724181.67,1.0,"SANCHIS MIRA, S.A.",turron,"Azúcar, Jarabe de fructosa, Jarabe de glucosa, Jarabe de glucosa y fructosa, Jarabe de maltitol, Jarabe de sorbitol, Maltitol, Sorbitol",8,"Azúcar, Caramelo natural, Jarabe de fructosa, Jarabe de glucosa, Jarabe de glucosa y fructosa, Jarabe de maltitol, Jarabe de sorbitol, Maltitol, Sorbitol",2,,Fabricante,Golosinas,0.0,0.3010299956639812,0.0,0.2408,1 - Alta
"Perfetti Van Melle Benelux, B.V.",0.5,,,"PROBELTE, S.A.U.",agroquimico,Sorbitol,1,Sorbitol,9,,Fabricante,Golosinas,0.0,0.9542425094393249,0.0,0.4771,2 - Media
Perfetti Van Melle S.p.A,0.5,,,"PROBELTE, S.A.U.",agroquimico,Sorbitol,1,Sorbitol,1,,Fabricante,Golosinas,0.0,0.0,0.0,0.0,2 - Media
Perfetti Van Melle S.p.A.,0.5,,,"PROBELTE, S.A.U.",agroquimico,Sorbitol,1,Sorbitol,2,,Fabricante,Golosinas,0.0,0.3010299956639812,0.0,0.1505,2 - Media
Peter Koelln,0.6667,,,"SINBLAT ALIMENTACION SALUDABLE, S.L.",bolleria,"Azúcar, Jarabe de fructosa, Jarabe de glucosa, Jarabe de glucosa y fructosa",4,"Azúcar, Jarabe de fructosa, Jarabe de glucosa, Jarabe de glucosa y fructosa, Miel pura de abejas",6,,Comercializador,Cereales,0.0,0.7781512503836436,0.0,0.5188,2 - Media
Pham Nguyen,1.0,10888515.585,182.0,"EUROGRANIZADOS, S.L.U.",helados,Azúcar,1,Azúcar,1,,Comercializador,Refrescos,0.0,0.0,0.0,0.0,1 - Alta
Pharmadus Botanicals,0.25,,,"FRUTOS SECOS AURO, S.L.",frutos secos y snacks,Caramelo natural,1,Caramelo natural,2,,Comercializador,Refrescos,0.0,0.3010299956639812,0.0,0.0753,3 - Baja
Pico Food,0.5,,,"EUROGRANIZADOS, S.L.U.",helados,Azúcar,1,"Azúcar, Sorbitol",1,,Comercializador,Bollería,0.0,0.0,0.0,0.0,2 - Media
Pinzgau Milch Produktions,1.0,10888515.585,182.0,"EUROGRANIZADOS, S.L.U.",helados,Azúcar,1,Azúcar,3,,Fabricante,Café,0.0,0.47712125471966244,0.0,0.4771,1 - Alta
Pladis,0.75,1088414.0,3.0,"LABORATORIOS ALMOND, S.L.",pasteleria,"Azúcar, Jarabe de fructosa, Jarabe de glucosa y fructosa",3,"Azúcar, Jarabe de fructosa, Jarabe de glucosa y fructosa",3,,Comercializador,Galleteros,0.0,0.47712125471966244,0.0,0.3578,1 - Alta
Planet A Foods,1.0,10888515.585,182.0,"EUROGRANIZADOS, S.L.U.",helados,Azúcar,1,Azúcar,1,,Comercializador,Chocolate,0.0,0.0,0.0,0.0,1 - Alta
Planta Industrial De Guatemala,1.0,10888515.585,182.0,"EUROGRANIZADOS, S.L.U.",helados,Azúcar,1,Azúcar,1,,Comercializador,Bollería,0.0,0.0,0.0,0.0,1 - Alta
Plantas Medicinales Y Complementos Alimenticios,0.5,,,"TURRONES JOSE GARRIGOS, S.A.",turron,"Azúcar, Jarabe de glucosa, Maltitol, Sorbitol",4,"Azúcar, Fructosa, Jarabe de glucosa, Maltitol, Miel pura de abejas, Sorbitol",8,,Comercializador,Nutracéuticos,0.0,0.9030899869919435,0.0,0.4515,2 - Media
Pln Distribucion,1.0,1016348.602,9.0,"ESTUCHADOS FANNY, S.L.",estuchadores,"Azúcar, Azúcar Integral",2,"Azúcar, Azúcar Integral",3,202390000.0,Comercializador,"Lácteos, yogures y postres lácteos",8.306189050400425,0.47712125471966244,3.9631,0.4771,1 - Alta
Pm Sweet,0.75,15796.75,1.0,"FRUTOS SECOS AURO, S.L.",frutos secos y snacks,"Azúcar, Caramelo natural, Jarabe de glucosa",3,"Azúcar, Caramelo natural, Jarabe de glucosa",1,,Fabricante,Bollería,0.0,0.0,0.0,0.0,1 - Alta
Pmb International,1.0,10888515.585,182.0,"EUROGRANIZADOS, S.L.U.",helados,Azúcar,1,Azúcar,1,,Comercializador,Frutos secos y snacks,0.0,0.0,0.0,0.0,1 - Alta
Ponti,1.0,10888515.584999999,182.0,"EUROGRANIZADOS, S.L.U.",helados,Azúcar,1,Azúcar,2,,Comercializador,Salsas y aderezos,0.0,0.3010299956639812,0.0,0.301,1 - Alta
Pop It Gourmet,0.75,1088414.0,3.0,"LABORATORIOS ALMOND, S.L.",pasteleria,"Azúcar, Jarabe de fructosa, Jarabe de glucosa y fructosa",3,"Azúcar, Jarabe de fructosa, Jarabe de glucosa y fructosa",4,,Comercializador,Frutos secos y snacks,0.0,0.6020599913279624,0.0,0.4515,1 - Alta
Postres lácteos Romar S.L.,0.4,,,"TURRONES Y ESPECIALIDADES VIAR, S.A.",turron,"Jarabe de maltitol, Sorbitol",2,"Jarabe de maltitol, Miel pura de abejas, Sorbitol",4,,Fabricante,"Turrón, Pastelería",0.0,0.6020599913279624,0.0,0.2408,3 - Baja
"Postres y Dulces Reina,S.L.",0.5,,,"FRUTAS Y TURRONES, S.A.",turron,"Jarabe de maltitol, Maltitol",2,"Jarabe de maltitol, Maltitol",2,,Fabricante,Pastelería,0.0,0.3010299956639812,0.0,0.1505,2 - Media
Pralinart,0.75,222400.05,1.0,"CASTER ALIMENTACION, S.L.",salsas y aderezos,"Azúcar, Jarabe de glucosa, Jarabe de sorbitol",3,"Azúcar, Caramelo natural, Jarabe de glucosa, Jarabe de sorbitol",1,,Comercializador,Chocolate,0.0,0.0,0.0,0.0,1 - Alta
Precocinados Frisa,1.0,1716982.77,17.0,"PLATOS TRADICIONALES, S.A",platos preparados,"Azúcar, Dextrosa",2,"Azúcar, Dextrosa",2,24340000.0,Fabricante,"Cárnico, Quesos",7.3863205738940465,0.3010299956639812,2.2235,0.301,1 - Alta
Primar Iberica,1.0,1016348.602,9.0,"ESTUCHADOS FANNY, S.L.",estuchadores,"Azúcar, Azúcar Integral",2,"Azúcar, Azúcar Integral",1,,Comercializador,Quesos,0.0,0.0,0.0,0.0,1 - Alta
Primar Iberica,1.0,1016348.602,9.0,"ESTUCHADOS FANNY, S.L.",estuchadores,"Azúcar, Azúcar Integral",2,"Azúcar, Azúcar Integral",1,7000000.0,Fabricante,Mermeladas y confituras,6.845098040014257,0.0,0.0,0.0,1 - Alta
Prisc,0.6667,,,"PLATOS TRADICIONALES, S.A",platos preparados,"Azúcar, Dextrosa",2,"Azúcar, Dextrosa, Miel pura de abejas",1,,Fabricante,Cereales,0.0,0.0,0.0,0.0,2 - Media
Prisca Alimentcao,0.5,,,"EUROGRANIZADOS, S.L.U.",helados,Azúcar,1,"Azúcar, Caramelo natural",1,,Fabricante,Conservas vegetales,0.0,0.0,0.0,0.0,2 - Media
Prjsc Lantmannen,0.6,,,"LABORATORIOS ALMOND, S.L.",pasteleria,"Azúcar, Jarabe de fructosa, Jarabe de glucosa y fructosa",3,"Azúcar, Jarabe de fructosa, Jarabe de glucosa y fructosa, Miel pura de abejas",1,,Fabricante,Cereales,0.0,0.0,0.0,0.0,2 - Media
Proceli,1.0,12239089.504999999,183.0,"EUROGRANIZADOS, S.L.U.",helados,Azúcar,1,Azúcar,4,7500000.0,Comercializador,"Cereales, Panadería, Galleteros",6.8750612633917,0.6020599913279624,4.1392,0.6021,1 - Alta
Proceli,1.0,12239089.504999999,183.0,"EUROGRANIZADOS, S.L.U.",helados,Azúcar,1,Azúcar,1,7500000.0,Fabricante,Bollería,6.8750612633917,0.0,0.0,0.0,1 - Alta
Proceli Europe,1.0,10888515.585,182.0,"EUROGRANIZADOS, S.L.U.",helados,Azúcar,1,Azúcar,1,7500000.0,Fabricante,Bollería,6.8750612633917,0.0,0.0,0.0,1 - Alta
Procell Sport Support,1.0,1350573.92,1.0,"J. GARCIA CARRION, S.A.",vino y derivados del vino,"Azúcar, Azúcar Líquido Invertido",2,"Azúcar, Azúcar Líquido Invertido",3,,Comercializador,Barritas y bebidas deportivas,0.0,0.47712125471966244,0.0,0.4771,1 - Alta
Producido en Italia por SERRA INDUSTRIA DOLCIARIA S.R.L.,1.0,106967.1,3.0,"COMORALI, S.L.",pasteleria,Jarabe de maltitol,1,Jarabe de maltitol,1,,Fabricante,Golosinas,0.0,0.0,0.0,0.0,1 - Alta
Productes Artesans Cal Enric,1.0,10888515.585,182.0,"EUROGRANIZADOS, S.L.U.",helados,Azúcar,1,Azúcar,2,,Fabricante,Galleteros,0.0,0.3010299956639812,0.0,0.301,1 - Alta
Productora Alimenticia General Espanola,1.0,10888515.585,182.0,"EUROGRANIZADOS, S.L.U.",helados,Azúcar,1,Azúcar,1,,Comercializador,Bollería,0.0,0.0,0.0,0.0,1 - Alta
Productos Arenas,0.6,,,"LABORATORIOS ALMOND, S.L.",pasteleria,"Azúcar, Jarabe de fructosa, Jarabe de glucosa y fructosa",3,"Azúcar, Jarabe de fructosa, Jarabe de glucosa y fructosa, Sorbitol",1,8980000.0,Fabricante,Bollería,6.9532763366673045,0.0,0.0,0.0,2 - Media
Productos Atocha,1.0,585827.944,6.0,"STOCKMEIER QUIMICA, SLU",agroquimico,"Azúcar, Dextrosa, Fructosa, Jarabe de glucosa",4,"Azúcar, Dextrosa, Fructosa, Jarabe de glucosa",6,,Fabricante,Bollería,0.0,0.7781512503836436,0.0,0.7782,1 - Alta
Productos Churruca,1.0,10888515.585,182.0,"EUROGRANIZADOS, S.L.U.",helados,Azúcar,1,Azúcar,1,,Comercializador,Galleteros,0.0,0.0,0.0,0.0,1 - Alta
Productos Congelados Selectos 3000,1.0,10888515.585,182.0,"EUROGRANIZADOS, S.L.U.",helados,Azúcar,1,Azúcar,1,,Comercializador,Quesos,0.0,0.0,0.0,0.0,1 - Alta
Productos Dulcesol SL,0.5,,,"PROBELTE, S.A.U.",agroquimico,Sorbitol,1,Sorbitol,1,,Fabricante,Bollería,0.0,0.0,0.0,0.0,2 - Media
"Productos Dulcesol,S.L.U.",0.5,,,"PROBELTE, S.A.U.",agroquimico,Sorbitol,1,Sorbitol,1,,Fabricante,Bollería,0.0,0.0,0.0,0.0,2 - Media
Productos La Constancia,1.0,10888515.585,182.0,"EUROGRANIZADOS, S.L.U.",helados,Azúcar,1,Azúcar,1,,Comercializador,Conservas vegetales,0.0,0.0,0.0,0.0,1 - Alta
Productos La Fea,0.6667,,,"CHOCOLATES ALGARRA, S.L.",chocolate,"Azúcar, Maltitol",2,"Azúcar, Maltitol",6,,Comercializador,"Turrón, Bollería",0.0,0.7781512503836436,0.0,0.5188,2 - Media
Productos La Fea,0.6667,,,"CHOCOLATES ALGARRA, S.L.",chocolate,"Azúcar, Maltitol",2,"Azúcar, Maltitol",3,,Fabricante,"Bollería, Galleteros",0.0,0.47712125471966244,0.0,0.3181,2 - Media
Productos Manipulados Abellan,1.0,10888515.585,182.0,"EUROGRANIZADOS, S.L.U.",helados,Azúcar,1,Azúcar,1,,Fabricante,Conservas vegetales,0.0,0.0,0.0,0.0,1 - Alta
Productos Manzanares,1.0,21777031.17,182.0,"EUROGRANIZADOS, S.L.U.",helados,Azúcar,1,Azúcar,1,15200000.0,Fabricante,Frutos secos y snacks,7.181843587944773,0.0,0.0,0.0,1 - Alta
Productos Manzanares,1.0,21777031.17,182.0,"EUROGRANIZADOS, S.L.U.",helados,Azúcar,1,Azúcar,1,,Comercializador,Frutos secos y snacks,0.0,0.0,0.0,0.0,1 - Alta
Productos Mata,1.0,10888515.585,182.0,"EUROGRANIZADOS, S.L.U.",helados,Azúcar,1,Azúcar,1,4500000.0,Fabricante,Bollería,6.653212513775344,0.0,0.0,0.0,1 - Alta
Productos Mauri,0.75,12724.06,1.0,"IBERIA INGREDIENTS, S.L.",vino y derivados del vino,"Azúcar, Jarabe de glucosa, Sorbitol",3,"Azúcar, Jarabe de glucosa, Sorbitol",1,,Fabricante,Turrón,0.0,0.0,0.0,0.0,1 - Alta
Productos Naturales Capell,1.0,327520.5,16.0,"PSITTACUS CATALONIA, S.L.",piensos mascotas,Fructosa,1,Fructosa,2,,Fabricante,Mermeladas y confituras,0.0,0.3010299956639812,0.0,0.301,1 - Alta
Productos Naturales de la Vega S.L.U,0.5,,,"PROBELTE, S.A.U.",agroquimico,Sorbitol,1,Sorbitol,1,,Fabricante,Platos preparados,0.0,0.0,0.0,0.0,2 - Media
Productos Pepito,1.0,10888515.585,182.0,"EUROGRANIZADOS, S.L.U.",helados,Azúcar,1,Azúcar,1,,Fabricante,Bollería,0.0,0.0,0.0,0.0,1 - Alta
Productos Rume,1.0,10888515.585,182.0,"EUROGRANIZADOS, S.L.U.",helados,Azúcar,1,Azúcar,3,,Comercializador,Bollería,0.0,0.47712125471966244,0.0,0.4771,1 - Alta
Productos Santdul,0.5,,,"EUROGRANIZADOS, S.L.U.",helados,Azúcar,1,"Azúcar, Sorbitol",1,,Fabricante,Bollería,0.0,0.0,0.0,0.0,2 - Media
"Productos la Higuera, SL",0.5,,,"PROBELTE, S.A.U.",agroquimico,Sorbitol,1,Sorbitol,2,,Fabricante,Chocolate,0.0,0.3010299956639812,0.0,0.1505,2 - Media
Progelcone Comercio And Industria,1.0,10888515.585,182.0,"EUROGRANIZADOS, S.L.U.",helados,Azúcar,1,Azúcar,1,,Fabricante,Bollería,0.0,0.0,0.0,0.0,1 - Alta
"Prowder Labs, SA; NIF: 509838456",0.3333,,,"CHOCOLATES ALGARRA, S.L.",chocolate,Maltitol,1,Maltitol,1,,Fabricante,Suplementos deportivos,0.0,0.0,0.0,0.0,3 - Baja
Prozis,0.5,,,"LA TIENDA DEL APICULTOR, S.L.U.",piensos ganaderia,"Azúcar, Azúcar Integral, Dextrosa, Jarabe de glucosa y fructosa",4,"Azúcar, Azúcar Integral, Caramelo natural, Dextrosa, Jarabe de fructosa, Jarabe de glucosa y fructosa, Sorbitol",13,,Comercializador,"Barritas y bebidas deportivas, Cereales",0.0,1.1139433523068367,0.0,0.557,2 - Media
Pw Spomet,0.75,15796.75,1.0,"FRUTOS SECOS AURO, S.L.",frutos secos y snacks,"Azúcar, Caramelo natural, Jarabe de glucosa",3,"Azúcar, Caramelo natural, Jarabe de glucosa",1,,Fabricante,Galleteros,0.0,0.0,0.0,0.0,1 - Alta
Q Chocolate,1.0,10888515.584999999,182.0,"EUROGRANIZADOS, S.L.U.",helados,Azúcar,1,Azúcar,1,,Fabricante,Chocolate,0.0,0.0,0.0,0.0,1 - Alta
Quaker Oats Company,0.6,,,FERDINAND KREUTZER SABAMÜHLE GMBH,barritas y bebidas deport,"Azúcar, Fructooligosacaridos, Jarabe de glucosa",3,"Azúcar, Fructooligosacaridos, Jarabe de glucosa, Miel pura de abejas",3,,Comercializador,Cereales,0.0,0.47712125471966244,0.0,0.2863,2 - Media
Queixeria Barral,1.0,1626895.95,12.0,"PRODUCTOS SUR, S.L.","especias, aromas,colorant",Dextrosa,1,Dextrosa,1,,Comercializador,Quesos,0.0,0.0,0.0,0.0,1 - Alta
Queseria Lafuente,1.0,10888515.585,182.0,"EUROGRANIZADOS, S.L.U.",helados,Azúcar,1,Azúcar,2,254500000.0,Fabricante,Quesos,8.405687786672777,0.3010299956639812,2.5304,0.301,1 - Alta
Queslider,0.75,15796.75,1.0,"FRUTOS SECOS AURO, S.L.",frutos secos y snacks,"Azúcar, Caramelo natural, Jarabe de glucosa",3,"Azúcar, Caramelo natural, Jarabe de glucosa",1,,Comercializador,Pastelería,0.0,0.0,0.0,0.0,1 - Alta
Quesos Sanabria,0.25,,,"FRUTOS SECOS AURO, S.L.",frutos secos y snacks,Caramelo natural,1,Caramelo natural,2,50000000.0,Fabricante,Quesos,7.698970004336019,0.3010299956639812,0.5794,0.0753,3 - Baja
Quinta De Jugais,1.0,10888515.584999999,182.0,"EUROGRANIZADOS, S.L.U.",helados,Azúcar,1,Azúcar,2,,Fabricante,Mermeladas y confituras,0.0,0.3010299956639812,0.0,0.301,1 - Alta
Quival,1.0,10888515.585,182.0,"EUROGRANIZADOS, S.L.U.",helados,Azúcar,1,Azúcar,1,8100000.0,Comercializador,Frutos secos y snacks,6.9084850188786495,0.0,0.0,0.0,1 - Alta
R And A Bailey And Company,0.75,1088414.0,3.0,"LABORATORIOS ALMOND, S.L.",pasteleria,"Azúcar, Jarabe de fructosa, Jarabe de glucosa y fructosa",3,"Azúcar, Jarabe de fructosa, Jarabe de glucosa y fructosa",1,,Comercializador,Galleteros,0.0,0.0,0.0,0.0,1 - Alta
R G S E A A,1.0,10888515.585,182.0,"EUROGRANIZADOS, S.L.U.",helados,Azúcar,1,Azúcar,5,,Fabricante,"Salsas y aderezos, Conservas vegetales",0.0,0.6989700043360189,0.0,0.699,1 - Alta
R S A,1.0,10888515.584999999,182.0,"EUROGRANIZADOS, S.L.U.",helados,Azúcar,1,Azúcar,1,18750000.0,Fabricante,Salsas y aderezos,7.273001272063738,0.0,0.0,0.0,1 - Alta
R.G.S.E.A.A,1.0,25009061.361,23.0,"CAMPO REAL VITIVINICOLA, S.L.",vino y derivados del vino,"Azúcar, Jarabe de glucosa",2,"Azúcar, Jarabe de glucosa",1,,Fabricante,Chocolate,0.0,0.0,0.0,0.0,1 - Alta
R.G.S.E.A.A.,0.5,,,"PROBELTE, S.A.U.",agroquimico,Sorbitol,1,Sorbitol,1,,Fabricante,Conservas vegetales,0.0,0.0,0.0,0.0,2 - Media
Radeberger Gruppe,1.0,10888515.585,182.0,"EUROGRANIZADOS, S.L.U.",helados,Azúcar,1,Azúcar,1,,Comercializador,Cervezas,0.0,0.0,0.0,0.0,1 - Alta
Ragolds,0.6667,,,"SINBLAT ALIMENTACION SALUDABLE, S.L.",bolleria,"Azúcar, Jarabe de fructosa, Jarabe de glucosa, Jarabe de glucosa y fructosa",4,"Azúcar, Jarabe de fructosa, Jarabe de glucosa, Jarabe de glucosa y fructosa, Sorbitol",5,,Comercializador,"Golosinas, Turrón",0.0,0.6989700043360189,0.0,0.466,2 - Media
Raisio,1.0,37318242.334,3.0,"QUIRANTE FRUITS, S.L.",zumos y nectares,"Azúcar, Azúcar Líquido Invertido, Jarabe de glucosa",3,"Azúcar, Azúcar Líquido Invertido, Jarabe de glucosa",6,,Comercializador,"Cereales, Galleteros",0.0,0.7781512503836436,0.0,0.7782,1 - Alta
Ramapastryfood,1.0,10888515.585,182.0,"EUROGRANIZADOS, S.L.U.",helados,Azúcar,1,Azúcar,1,,Fabricante,Galleteros,0.0,0.0,0.0,0.0,1 - Alta
Ramenskiy Konditerskiy Kombinat,1.0,1626895.95,12.0,"PRODUCTOS SUR, S.L.","especias, aromas,colorant",Dextrosa,1,Dextrosa,1,,Comercializador,Panadería,0.0,0.0,0.0,0.0,1 - Alta
Raul Asencio Pastelerias,1.0,10888515.585,182.0,"EUROGRANIZADOS, S.L.U.",helados,Azúcar,1,Azúcar,1,,Comercializador,Bollería,0.0,0.0,0.0,0.0,1 - Alta
Rays,0.6667,,,"ESTUCHADOS FANNY, S.L.",estuchadores,"Azúcar, Azúcar Integral",2,"Azúcar, Azúcar Integral, Caramelo natural",1,,Comercializador,Salsas y aderezos,0.0,0.0,0.0,0.0,2 - Media
Realfooding,1.0,10888515.585,182.0,"EUROGRANIZADOS, S.L.U.",helados,Azúcar,1,Azúcar,1,,Comercializador,Cereales,0.0,0.0,0.0,0.0,1 - Alta
Recuits De Lemporda,0.6667,,,"SINBLAT ALIMENTACION SALUDABLE, S.L.",bolleria,"Azúcar, Jarabe de fructosa, Jarabe de glucosa, Jarabe de glucosa y fructosa",4,"Azúcar, Caramelo natural, Jarabe de fructosa, Jarabe de glucosa, Jarabe de glucosa y fructosa",4,,Comercializador,Pastelería,0.0,0.6020599913279624,0.0,0.4014,2 - Media
Red,0.25,,,"FRUTOS SECOS AURO, S.L.",frutos secos y snacks,Caramelo natural,1,Caramelo natural,1,170100000.0,Comercializador,Refrescos,8.230704313612568,0.0,0.0,0.0,3 - Baja
Red Bull,0.6667,,,"PLATOS TRADICIONALES, S.A",platos preparados,"Azúcar, Dextrosa",2,"Azúcar, Caramelo natural, Dextrosa",10,,Comercializador,Refrescos,0.0,1.0,0.0,0.6667,2 - Media
Refresco Iberia,0.75,1088414.0,3.0,"LABORATORIOS ALMOND, S.L.",pasteleria,"Azúcar, Jarabe de fructosa, Jarabe de glucosa y fructosa",3,"Azúcar, Jarabe de fructosa, Jarabe de glucosa y fructosa",10,,Fabricante,"Barritas y bebidas deportivas, Refrescos",0.0,1.0,0.0,0.75,1 - Alta
Refrescos Del Atlantico,1.0,10888515.585,182.0,"EUROGRANIZADOS, S.L.U.",helados,Azúcar,1,Azúcar,1,,Comercializador,Refrescos,0.0,0.0,0.0,0.0,1 - Alta
Region,1.0,10888515.585,182.0,"EUROGRANIZADOS, S.L.U.",helados,Azúcar,1,Azúcar,1,,Fabricante,Cárnico,0.0,0.0,0.0,0.0,1 - Alta
Reitzel,1.0,10888515.585,182.0,"EUROGRANIZADOS, S.L.U.",helados,Azúcar,1,Azúcar,2,,Comercializador,Conservas vegetales,0.0,0.3010299956639812,0.0,0.301,1 - Alta
Remia,1.0,10888515.585,182.0,"EUROGRANIZADOS, S.L.U.",helados,Azúcar,1,Azúcar,1,,Fabricante,Salsas y aderezos,0.0,0.0,0.0,0.0,1 - Alta
Rgseaa,0.5714,,,"MONZO LUIS, S.L.",helados,"Azúcar, Jarabe de fructosa, Jarabe de glucosa y fructosa, Jarabe de maltitol",4,"Azúcar, Azúcar Integral, Jarabe de fructosa, Jarabe de glucosa y fructosa, Jarabe de maltitol, Sorbitol",17,,Fabricante,"Salsas y aderezos, Alternativas a lácteos, Barritas y bebidas deportivas, Chocolate, Mermeladas y confituras, Conservas vegetales, Galleteros",0.0,1.2304489213782739,0.0,0.7031,2 - Media
Rialto Industria Alimentar,1.0,1626895.95,12.0,"PRODUCTOS SUR, S.L.","especias, aromas,colorant",Dextrosa,1,Dextrosa,2,,Fabricante,Panadería,0.0,0.3010299956639812,0.0,0.301,1 - Alta
Riba Backwaren,1.0,25009061.361,23.0,"CAMPO REAL VITIVINICOLA, S.L.",vino y derivados del vino,"Azúcar, Jarabe de glucosa",2,"Azúcar, Jarabe de glucosa",5,,Fabricante,Galleteros,0.0,0.6989700043360189,0.0,0.699,1 - Alta
Ricegrowers,1.0,10888515.585,182.0,"EUROGRANIZADOS, S.L.U.",helados,Azúcar,1,Azúcar,1,,Comercializador,Chocolate,0.0,0.0,0.0,0.0,1 - Alta
Ricola,1.0,25009061.361,23.0,"CAMPO REAL VITIVINICOLA, S.L.",vino y derivados del vino,"Azúcar, Jarabe de glucosa",2,"Azúcar, Jarabe de glucosa",1,,Fabricante,Golosinas,0.0,0.0,0.0,0.0,1 - Alta
Ricola,1.0,25009061.361,23.0,"CAMPO REAL VITIVINICOLA, S.L.",vino y derivados del vino,"Azúcar, Jarabe de glucosa",2,"Azúcar, Jarabe de glucosa",1,,Comercializador,Golosinas,0.0,0.0,0.0,0.0,1 - Alta
Risi,1.0,10888515.585,182.0,"EUROGRANIZADOS, S.L.U.",helados,Azúcar,1,Azúcar,2,,Comercializador,Galleteros,0.0,0.3010299956639812,0.0,0.301,1 - Alta
Risi,1.0,10888515.585,182.0,"EUROGRANIZADOS, S.L.U.",helados,Azúcar,1,Azúcar,2,53630000.0,Fabricante,Galleteros,7.729407796963068,0.3010299956639812,2.3268,0.301,1 - Alta
"Risi, S.A.",0.6,,,"TURRONES Y ESPECIALIDADES VIAR, S.A.",turron,"Jarabe de maltitol, Maltitol, Sorbitol",3,"Jarabe de maltitol, Maltitol, Miel pura de abejas, Sorbitol",4,,Fabricante,"Frutos secos y snacks, Golosinas, Chocolate, Galleteros",0.0,0.6020599913279624,0.0,0.3612,2 - Media
Rives Distillery,0.5,,,"EUROGRANIZADOS, S.L.U.",helados,Azúcar,1,"Azúcar, Caramelo natural",1,26000000.0,Comercializador,Licores,7.414973347970818,0.0,0.0,0.0,2 - Media
Roberto Industria Alimentare,1.0,10888515.585,182.0,"EUROGRANIZADOS, S.L.U.",helados,Azúcar,1,Azúcar,1,,Comercializador,Panadería,0.0,0.0,0.0,0.0,1 - Alta
Roencar,1.0,3433965.54,17.0,"PLATOS TRADICIONALES, S.A",platos preparados,"Azúcar, Dextrosa",2,"Azúcar, Dextrosa",3,,Fabricante,Helados,0.0,0.47712125471966244,0.0,0.4771,1 - Alta
Roencar,1.0,3433965.54,17.0,"PLATOS TRADICIONALES, S.A",platos preparados,"Azúcar, Dextrosa",2,"Azúcar, Dextrosa",1,,Comercializador,Helados,0.0,0.0,0.0,0.0,1 - Alta
Roger And Roger,1.0,10888515.585,182.0,"EUROGRANIZADOS, S.L.U.",helados,Azúcar,1,Azúcar,2,,Fabricante,Frutos secos y snacks,0.0,0.3010299956639812,0.0,0.301,1 - Alta
Roler Espana,1.0,1626895.95,12.0,"PRODUCTOS SUR, S.L.","especias, aromas,colorant",Dextrosa,1,Dextrosa,1,55000000.0,Comercializador,Cárnico,7.740362689494244,0.0,0.0,0.0,1 - Alta
Roleski,0.6667,,,"IMPORTACO CASA PONS, S.A.U.",frutos secos y snacks,"Azúcar, Azúcar Integral, Jarabe de glucosa, Melaza de caña",4,"Azúcar, Azúcar Integral, Jarabe de glucosa, Melaza de caña, Miel pura de abejas",17,,Comercializador,Salsas y aderezos,0.0,1.2304489213782739,0.0,0.8203,2 - Media
Rosquillas Ledesminas,1.0,10888515.585,182.0,"EUROGRANIZADOS, S.L.U.",helados,Azúcar,1,Azúcar,2,,Comercializador,"Bollería, Galleteros",0.0,0.3010299956639812,0.0,0.301,1 - Alta
Rot Front Oao,1.0,10888515.585,182.0,"EUROGRANIZADOS, S.L.U.",helados,Azúcar,1,Azúcar,1,,Fabricante,Chocolate,0.0,0.0,0.0,0.0,1 - Alta
Royal Family Food,0.5,,,"PLATOS TRADICIONALES, S.A",platos preparados,"Azúcar, Dextrosa",2,"Azúcar, Caramelo natural, Dextrosa, Sorbitol",7,,Comercializador,Bollería,0.0,0.8450980400142568,0.0,0.4225,2 - Media
Royal Unibrew,0.5,,,"EUROGRANIZADOS, S.L.U.",helados,Azúcar,1,"Azúcar, Caramelo natural",1,,Comercializador,Refrescos,0.0,0.0,0.0,0.0,2 - Media
Rubies In The Rubble,1.0,10888515.585,182.0,"EUROGRANIZADOS, S.L.U.",helados,Azúcar,1,Azúcar,1,,Comercializador,Salsas y aderezos,0.0,0.0,0.0,0.0,1 - Alta
Rufino 1949,1.0,10888515.585,182.0,"EUROGRANIZADOS, S.L.U.",helados,Azúcar,1,Azúcar,1,,Fabricante,Mermeladas y confituras,0.0,0.0,0.0,0.0,1 - Alta
Ruipan,1.0,10888515.585,182.0,"EUROGRANIZADOS, S.L.U.",helados,Azúcar,1,Azúcar,9,,Comercializador,"Bollería, Panadería",0.0,0.9542425094393249,0.0,0.9542,1 - Alta
Ruipan,1.0,10888515.585,182.0,"EUROGRANIZADOS, S.L.U.",helados,Azúcar,1,Azúcar,1,11000000.0,Fabricante,Panadería,7.041392685158225,0.0,0.0,0.0,1 - Alta
SANCHIS MIRA S.A.,0.4,,,"TURRONES Y ESPECIALIDADES VIAR, S.A.",turron,"Maltitol, Sorbitol",2,"Maltitol, Miel pura de abejas, Sorbitol",6,,Fabricante,"Chocolate, Galleteros",0.0,0.7781512503836436,0.0,0.3113,3 - Baja
SMB SAS,1.0,25009061.361,23.0,"CAMPO REAL VITIVINICOLA, S.L.",vino y derivados del vino,"Azúcar, Jarabe de glucosa",2,"Azúcar, Jarabe de glucosa",1,,Fabricante,Bollería,0.0,0.0,0.0,0.0,1 - Alta
Sabores De Guijuelo,1.0,3433965.54,17.0,"PLATOS TRADICIONALES, S.A",platos preparados,"Azúcar, Dextrosa",2,"Azúcar, Dextrosa",2,,Fabricante,Cárnico,0.0,0.3010299956639812,0.0,0.301,1 - Alta
Sabores De Guijuelo,1.0,3433965.54,17.0,"PLATOS TRADICIONALES, S.A",platos preparados,"Azúcar, Dextrosa",2,"Azúcar, Dextrosa",1,9500000.0,Comercializador,Cárnico,6.977723605288848,0.0,0.0,0.0,1 - Alta
Sacesa Seleccion,1.0,1716982.77,17.0,"PLATOS TRADICIONALES, S.A",platos preparados,"Azúcar, Dextrosa",2,"Azúcar, Dextrosa",2,,Comercializador,Conservas vegetales,0.0,0.3010299956639812,0.0,0.301,1 - Alta
Saexma,1.0,10888515.585,182.0,"EUROGRANIZADOS, S.L.U.",helados,Azúcar,1,Azúcar,1,,Comercializador,Café,0.0,0.0,0.0,0.0,1 - Alta
Safety Avant Farm,0.75,12724.06,1.0,"IBERIA INGREDIENTS, S.L.",vino y derivados del vino,"Azúcar, Jarabe de glucosa, Sorbitol",3,"Azúcar, Jarabe de glucosa, Sorbitol",3,,Comercializador,Nutracéuticos,0.0,0.47712125471966244,0.0,0.3578,1 - Alta
Sagacor,1.0,10888515.585,182.0,"EUROGRANIZADOS, S.L.U.",helados,Azúcar,1,Azúcar,2,13800000.0,Comercializador,Frutos secos y snacks,7.139879086401237,0.3010299956639812,2.1493,0.301,1 - Alta
Sagra,1.0,10888515.585,182.0,"EUROGRANIZADOS, S.L.U.",helados,Azúcar,1,Azúcar,1,16100000.0,Comercializador,Cervezas,7.20682587603185,0.0,0.0,0.0,1 - Alta
Salumifici Granterre,1.0,1626895.95,12.0,"PRODUCTOS SUR, S.L.","especias, aromas,colorant",Dextrosa,1,Dextrosa,1,,Fabricante,Cárnico,0.0,0.0,0.0,0.0,1 - Alta
Sammontana,0.8,1840938.392,6.0,"SINBLAT ALIMENTACION SALUDABLE, S.L.",bolleria,"Azúcar, Jarabe de fructosa, Jarabe de glucosa, Jarabe de glucosa y fructosa",4,"Azúcar, Jarabe de fructosa, Jarabe de glucosa, Jarabe de glucosa y fructosa",1,,Fabricante,Helados,0.0,0.0,0.0,0.0,1 - Alta
San Martin De Porres,1.0,10888515.585,182.0,"EUROGRANIZADOS, S.L.U.",helados,Azúcar,1,Azúcar,1,3800000.0,Fabricante,Galleteros,6.57978359661681,0.0,0.0,0.0,1 - Alta
San Miguel,1.0,1716982.77,17.0,"PLATOS TRADICIONALES, S.A",platos preparados,"Azúcar, Dextrosa",2,"Azúcar, Dextrosa",1,,Comercializador,Cárnico,0.0,0.0,0.0,0.0,1 - Alta
Sanchis Mira,1.0,25704029.561,24.0,"CAMPO REAL VITIVINICOLA, S.L.",vino y derivados del vino,"Azúcar, Jarabe de glucosa",2,"Azúcar, Jarabe de glucosa",17,132000000.0,Comercializador,"Turrón, Bollería, Galleteros",8.12057393120585,1.2304489213782739,9.992,1.2304,1 - Alta
Sanchis Mira,1.0,25704029.561,24.0,"CAMPO REAL VITIVINICOLA, S.L.",vino y derivados del vino,"Azúcar, Jarabe de glucosa",2,"Azúcar, Jarabe de glucosa",1,132000000.0,Fabricante,Chocolate,8.12057393120585,0.0,0.0,0.0,1 - Alta
Sanchis Mira S.A.,0.3333,,,"CHOCOLATES ALGARRA, S.L.",chocolate,Maltitol,1,Maltitol,1,,Fabricante,Chocolate,0.0,0.0,0.0,0.0,3 - Baja
Sanpellegrino,1.0,10888515.585,182.0,"EUROGRANIZADOS, S.L.U.",helados,Azúcar,1,Azúcar,2,,Fabricante,Refrescos,0.0,0.3010299956639812,0.0,0.301,1 - Alta
Santea Products,1.0,1016348.602,9.0,"ESTUCHADOS FANNY, S.L.",estuchadores,"Azúcar, Azúcar Integral",2,"Azúcar, Azúcar Integral",2,,Comercializador,Galleteros,0.0,0.3010299956639812,0.0,0.301,1 - Alta
Sara Foods And Confectionery,0.6,,,"SURIVAN FEEL THE TASTE, S.L.",helados,"Azúcar, Fructosa, Jarabe de glucosa",3,"Azúcar, Caramelo natural, Fructosa, Jarabe de glucosa, Miel pura de abejas",4,,Comercializador,Cereales,0.0,0.6020599913279624,0.0,0.3612,2 - Media
Sarchio,1.0,1016348.602,9.0,"ESTUCHADOS FANNY, S.L.",estuchadores,"Azúcar, Azúcar Integral",2,"Azúcar, Azúcar Integral",5,,Comercializador,"Frutos secos y snacks, Chocolate, Galleteros",0.0,0.6989700043360189,0.0,0.699,1 - Alta
Sarteneja Conservas,1.0,1016348.602,9.0,"ESTUCHADOS FANNY, S.L.",estuchadores,"Azúcar, Azúcar Integral",2,"Azúcar, Azúcar Integral",5,,Comercializador,"Salsas y aderezos, Mermeladas y confituras",0.0,0.6989700043360189,0.0,0.699,1 - Alta
Sc Dobrogea Biscuit Srl,1.0,10888515.585,182.0,"EUROGRANIZADOS, S.L.U.",helados,Azúcar,1,Azúcar,1,,Fabricante,Galleteros,0.0,0.0,0.0,0.0,1 - Alta
Schnitzer,1.0,1626895.95,12.0,"PRODUCTOS SUR, S.L.","especias, aromas,colorant",Dextrosa,1,Dextrosa,2,,Comercializador,Panadería,0.0,0.3010299956639812,0.0,0.301,1 - Alta
Schudeisky,1.0,10888515.585,182.0,"EUROGRANIZADOS, S.L.U.",helados,Azúcar,1,Azúcar,2,,Comercializador,Conservas vegetales,0.0,0.3010299956639812,0.0,0.301,1 - Alta
Schweppes,1.0,10888515.585,182.0,"EUROGRANIZADOS, S.L.U.",helados,Azúcar,1,Azúcar,5,,Comercializador,Refrescos,0.0,0.6989700043360189,0.0,0.699,1 - Alta
Scientiffic Nutrition,1.0,327520.5,16.0,"PSITTACUS CATALONIA, S.L.",piensos mascotas,Fructosa,1,Fructosa,2,,Comercializador,Barritas y bebidas deportivas,0.0,0.3010299956639812,0.0,0.301,1 - Alta
Sediasa Alimentacion,0.6667,,,"PLATOS TRADICIONALES, S.A",platos preparados,"Azúcar, Dextrosa",2,"Azúcar, Caramelo natural, Dextrosa",1,120980000.0,Fabricante,Conservas vegetales,8.082713580171331,0.0,0.0,0.0,2 - Media
Seish,0.6,,,"LABORATORIOS ALMOND, S.L.",pasteleria,"Azúcar, Jarabe de fructosa, Jarabe de glucosa y fructosa",3,"Azúcar, Jarabe de fructosa, Jarabe de glucosa y fructosa, Miel pura de abejas",1,,Fabricante,Bollería,0.0,0.0,0.0,0.0,2 - Media
Selltinel,0.5,,,"PRODUCTOS SUR, S.L.","especias, aromas,colorant",Dextrosa,1,"Dextrosa, Miel pura de abejas",5,,Fabricante,"Cárnico, Helados, Platos preparados",0.0,0.6989700043360189,0.0,0.3495,2 - Media
Semo,0.5,,,"EUROGRANIZADOS, S.L.U.",helados,Azúcar,1,"Azúcar, Caramelo natural",3,,Comercializador,Refrescos,0.0,0.47712125471966244,0.0,0.2386,2 - Media
Serra Industria Dolciaria,1.0,106967.1,3.0,"COMORALI, S.L.",pasteleria,Jarabe de maltitol,1,Jarabe de maltitol,1,,Fabricante,Turrón,0.0,0.0,0.0,0.0,1 - Alta
Sia Baltic,0.6,,,"LABORATORIOS ALMOND, S.L.",pasteleria,"Azúcar, Jarabe de fructosa, Jarabe de glucosa y fructosa",3,"Azúcar, Caramelo natural, Jarabe de fructosa, Jarabe de glucosa y fructosa",3,,Comercializador,Cereales,0.0,0.47712125471966244,0.0,0.2863,2 - Media
Sibari Alimentacion De Apicio,1.0,574856.125,10.0,"DADELOS AGRICOLA, S.L.",piensos ganaderia,"Azúcar, Fructosa",2,"Azúcar, Fructosa",2,400000.0,Fabricante,Salsas y aderezos,5.6020599913279625,0.3010299956639812,1.6864,0.301,1 - Alta
Sierrascoy,1.0,1626895.95,12.0,"PRODUCTOS SUR, S.L.","especias, aromas,colorant",Dextrosa,1,Dextrosa,1,,Comercializador,Cárnico,0.0,0.0,0.0,0.0,1 - Alta
Sietem S.L.,0.3333,,,"CHOCOLATES ALGARRA, S.L.",chocolate,Maltitol,1,Maltitol,1,,Fabricante,Helados,0.0,0.0,0.0,0.0,3 - Baja
Silverbogeh,1.0,10888515.584999999,182.0,"EUROGRANIZADOS, S.L.U.",helados,Azúcar,1,Azúcar,1,,Comercializador,Refrescos,0.0,0.0,0.0,0.0,1 - Alta
Sindoni Group,1.0,10888515.584999999,182.0,"EUROGRANIZADOS, S.L.U.",helados,Azúcar,1,Azúcar,1,,Comercializador,Galleteros,0.0,0.0,0.0,0.0,1 - Alta
Slush Puppie,0.75,12724.06,1.0,"IBERIA INGREDIENTS, S.L.",vino y derivados del vino,"Azúcar, Jarabe de glucosa, Sorbitol",3,"Azúcar, Jarabe de glucosa, Sorbitol",2,,Comercializador,"Golosinas, Turrón",0.0,0.3010299956639812,0.0,0.2258,1 - Alta
Smb Gb International House,1.0,10888515.585,182.0,"EUROGRANIZADOS, S.L.U.",helados,Azúcar,1,Azúcar,2,,Comercializador,"Bollería, Galleteros",0.0,0.3010299956639812,0.0,0.301,1 - Alta
Snackline Food Manufacturing,1.0,10888515.585,182.0,"EUROGRANIZADOS, S.L.U.",helados,Azúcar,1,Azúcar,1,,Comercializador,Frutos secos y snacks,0.0,0.0,0.0,0.0,1 - Alta
Snacks And Foods Barquellas,0.6667,,,"ESTUCHADOS FANNY, S.L.",estuchadores,"Azúcar, Azúcar Integral",2,"Azúcar, Azúcar Integral, Miel pura de abejas",3,,Comercializador,Frutos secos y snacks,0.0,0.47712125471966244,0.0,0.3181,2 - Media
Socado,1.0,1716982.77,17.0,"PLATOS TRADICIONALES, S.A",platos preparados,"Azúcar, Dextrosa",2,"Azúcar, Dextrosa",2,,Fabricante,Chocolate,0.0,0.3010299956639812,0.0,0.301,1 - Alta
Sola De Antequera,1.0,10888515.585,182.0,"EUROGRANIZADOS, S.L.U.",helados,Azúcar,1,Azúcar,2,,Comercializador,"Salsas y aderezos, Conservas vegetales",0.0,0.3010299956639812,0.0,0.301,1 - Alta
Solen,1.0,10888515.585,182.0,"EUROGRANIZADOS, S.L.U.",helados,Azúcar,1,Azúcar,1,,Comercializador,Galleteros,0.0,0.0,0.0,0.0,1 - Alta
Solo,1.0,25009061.361,23.0,"CAMPO REAL VITIVINICOLA, S.L.",vino y derivados del vino,"Azúcar, Jarabe de glucosa",2,"Azúcar, Jarabe de glucosa",1,,Fabricante,Bollería,0.0,0.0,0.0,0.0,1 - Alta
Solo Italia,0.75,37305518.274,2.0,"QUIRANTE FRUITS, S.L.",zumos y nectares,"Azúcar, Azúcar Líquido Invertido, Jarabe de glucosa",3,"Azúcar, Azúcar Líquido Invertido, Caramelo natural, Jarabe de glucosa",1,,Fabricante,Pastelería,0.0,0.0,0.0,0.0,1 - Alta
Spar,1.0,25009061.361,23.0,"CAMPO REAL VITIVINICOLA, S.L.",vino y derivados del vino,"Azúcar, Jarabe de glucosa",2,"Azúcar, Jarabe de glucosa",1,,Comercializador,Golosinas,0.0,0.0,0.0,0.0,1 - Alta
Special Futures,1.0,10888515.585,182.0,"EUROGRANIZADOS, S.L.U.",helados,Azúcar,1,Azúcar,2,,Comercializador,Refrescos,0.0,0.3010299956639812,0.0,0.301,1 - Alta
Sperlari,0.6,,,"LABORATORIOS ALMOND, S.L.",pasteleria,"Azúcar, Jarabe de fructosa, Jarabe de glucosa y fructosa",3,"Azúcar, Jarabe de fructosa, Jarabe de glucosa y fructosa, Miel pura de abejas",1,,Fabricante,Turrón,0.0,0.0,0.0,0.0,2 - Media
Spin Master,0.5,,,"EUROGRANIZADOS, S.L.U.",helados,Azúcar,1,"Azúcar, Caramelo natural",1,,Comercializador,Galleteros,0.0,0.0,0.0,0.0,2 - Media
Splendid Foods,1.0,10888515.584999999,182.0,"EUROGRANIZADOS, S.L.U.",helados,Azúcar,1,Azúcar,1,,Comercializador,Cárnico,0.0,0.0,0.0,0.0,1 - Alta
Spomet,0.75,17577.55,2.0,"FRUTOS SECOS AURO, S.L.",frutos secos y snacks,"Azúcar, Caramelo natural, Jarabe de glucosa",3,"Azúcar, Caramelo natural, Jarabe de glucosa",2,,Comercializador,Galleteros,0.0,0.3010299956639812,0.0,0.2258,1 - Alta
Spomet,0.75,17577.55,2.0,"FRUTOS SECOS AURO, S.L.",frutos secos y snacks,"Azúcar, Caramelo natural, Jarabe de glucosa",3,"Azúcar, Caramelo natural, Jarabe de glucosa",1,,Fabricante,Galleteros,0.0,0.0,0.0,0.0,1 - Alta
St Michel Biscuits,1.0,25024858.111,24.0,"CAMPO REAL VITIVINICOLA, S.L.",vino y derivados del vino,"Azúcar, Jarabe de glucosa",2,"Azúcar, Jarabe de glucosa",3,,Fabricante,"Bollería, Galleteros",0.0,0.47712125471966244,0.0,0.4771,1 - Alta
St Michel Biscuits,1.0,25024858.111,24.0,"CAMPO REAL VITIVINICOLA, S.L.",vino y derivados del vino,"Azúcar, Jarabe de glucosa",2,"Azúcar, Jarabe de glucosa",2,,Comercializador,"Bollería, Galleteros",0.0,0.3010299956639812,0.0,0.301,1 - Alta
Star Exclusivas,1.0,1626895.95,12.0,"PRODUCTOS SUR, S.L.","especias, aromas,colorant",Dextrosa,1,Dextrosa,1,,Fabricante,Panadería,0.0,0.0,0.0,0.0,1 - Alta
Stollwerck,1.0,21777031.17,182.0,"EUROGRANIZADOS, S.L.U.",helados,Azúcar,1,Azúcar,2,,Fabricante,Galleteros,0.0,0.3010299956639812,0.0,0.301,1 - Alta
Stollwerck,1.0,21777031.17,182.0,"EUROGRANIZADOS, S.L.U.",helados,Azúcar,1,Azúcar,1,,Comercializador,Chocolate,0.0,0.0,0.0,0.0,1 - Alta
Storck Iberica S.L.U.,0.5,,,"TURRONES Y ESPECIALIDADES VIAR, S.A.",turron,"Jarabe de maltitol, Sorbitol",2,"Jarabe de maltitol, Sorbitol",5,,Fabricante,"Golosinas, Chocolate, Galleteros",0.0,0.6989700043360189,0.0,0.3495,2 - Media
Stubbs,1.0,10888515.585,182.0,"EUROGRANIZADOS, S.L.U.",helados,Azúcar,1,Azúcar,1,,Comercializador,Salsas y aderezos,0.0,0.0,0.0,0.0,1 - Alta
Subirats,1.0,1626895.95,12.0,"PRODUCTOS SUR, S.L.","especias, aromas,colorant",Dextrosa,1,Dextrosa,1,,Comercializador,Cárnico,0.0,0.0,0.0,0.0,1 - Alta
Sucesores De J Ponts,1.0,10888515.585,182.0,"EUROGRANIZADOS, S.L.U.",helados,Azúcar,1,Azúcar,1,29110000.0,Comercializador,Cárnico,7.464042205438811,0.0,0.0,0.0,1 - Alta
Supermarches Match,1.0,10888515.585,182.0,"EUROGRANIZADOS, S.L.U.",helados,Azúcar,1,Azúcar,3,,Comercializador,Refrescos,0.0,0.47712125471966244,0.0,0.4771,1 - Alta
Sweet And Lucky,1.0,25009061.361,23.0,"CAMPO REAL VITIVINICOLA, S.L.",vino y derivados del vino,"Azúcar, Jarabe de glucosa",2,"Azúcar, Jarabe de glucosa",1,,Fabricante,Galleteros,0.0,0.0,0.0,0.0,1 - Alta
Sweet Tec Gmbh,1.0,25009061.361,23.0,"CAMPO REAL VITIVINICOLA, S.L.",vino y derivados del vino,"Azúcar, Jarabe de glucosa",2,"Azúcar, Jarabe de glucosa",1,,Fabricante,Turrón,0.0,0.0,0.0,0.0,1 - Alta
Sweetkery,0.3333,,,"CHOCOLATES ALGARRA, S.L.",chocolate,Maltitol,1,Maltitol,1,,Comercializador,Galleteros,0.0,0.0,0.0,0.0,3 - Baja
Sweetpeople Confectionery,1.0,25009061.361,23.0,"CAMPO REAL VITIVINICOLA, S.L.",vino y derivados del vino,"Azúcar, Jarabe de glucosa",2,"Azúcar, Jarabe de glucosa",1,,Comercializador,Golosinas,0.0,0.0,0.0,0.0,1 - Alta
Sweets And Sugar,0.6,,,"CASTY, S.A.",helados,"Azúcar, Jarabe de glucosa, Jarabe de maltitol",3,"Azúcar, Jarabe de glucosa, Jarabe de maltitol, Miel pura de abejas",4,,Fabricante,"Golosinas, Turrón",0.0,0.6020599913279624,0.0,0.3612,2 - Media
TALLER DE PINCHOS Y TAPAS SLU,0.5,,,"PROBELTE, S.A.U.",agroquimico,Sorbitol,1,Sorbitol,2,,Fabricante,Platos preparados,0.0,0.3010299956639812,0.0,0.1505,2 - Media
Tago,0.5,,,"EUROGRANIZADOS, S.L.U.",helados,Azúcar,1,"Azúcar, Caramelo natural",2,,Comercializador,Galleteros,0.0,0.3010299956639812,0.0,0.1505,2 - Media
"Taller de Pintxos y Tapas, S.LU.",0.5,,,"PROBELTE, S.A.U.",agroquimico,Sorbitol,1,Sorbitol,2,,Fabricante,Platos preparados,0.0,0.3010299956639812,0.0,0.1505,2 - Media
Tap Tap Food,1.0,1626895.95,12.0,"PRODUCTOS SUR, S.L.","especias, aromas,colorant",Dextrosa,1,Dextrosa,1,,Fabricante,Salsas y aderezos,0.0,0.0,0.0,0.0,1 - Alta
Tartaros Gonzalo Castello,0.25,,,"FRUTOS SECOS AURO, S.L.",frutos secos y snacks,Caramelo natural,1,Caramelo natural,1,,Fabricante,Refrescos,0.0,0.0,0.0,0.0,3 - Baja
Taste Of Nature,1.0,529301.425,2.0,"PRODUCTOS LA PILARICA, S.A.","especias, aromas,colorant","Azúcar, Azúcar Integral, Dextrosa",3,"Azúcar, Azúcar Integral, Dextrosa",1,,Comercializador,Chocolate,0.0,0.0,0.0,0.0,1 - Alta
Tasty And Unique,0.75,12724.06,1.0,"IBERIA INGREDIENTS, S.L.",vino y derivados del vino,"Azúcar, Azúcar Líquido Invertido, Sorbitol",3,"Azúcar, Azúcar Líquido Invertido, Sorbitol",6,,Comercializador,"Chocolate, Bollería, Galleteros",0.0,0.7781512503836436,0.0,0.5836,1 - Alta
Tecnicas De Elaboracion De Salsas,1.0,10888515.585,182.0,"EUROGRANIZADOS, S.L.U.",helados,Azúcar,1,Azúcar,1,,Comercializador,Salsas y aderezos,0.0,0.0,0.0,0.0,1 - Alta
Tedesco Italia,1.0,1350573.92,1.0,"J. GARCIA CARRION, S.A.",vino y derivados del vino,"Azúcar, Azúcar Líquido Invertido",2,"Azúcar, Azúcar Líquido Invertido",1,,Fabricante,Bollería,0.0,0.0,0.0,0.0,1 - Alta
Tedesco Srl,0.8,1840938.392,6.0,"SINBLAT ALIMENTACION SALUDABLE, S.L.",bolleria,"Azúcar, Jarabe de fructosa, Jarabe de glucosa, Jarabe de glucosa y fructosa",4,"Azúcar, Jarabe de fructosa, Jarabe de glucosa, Jarabe de glucosa y fructosa",1,,Fabricante,Bollería,0.0,0.0,0.0,0.0,1 - Alta
Teresa Carles Manufacturing,1.0,10888515.585,182.0,"EUROGRANIZADOS, S.L.U.",helados,Azúcar,1,Azúcar,1,,Fabricante,Refrescos,0.0,0.0,0.0,0.0,1 - Alta
Tft Food,1.0,1716982.77,17.0,"PLATOS TRADICIONALES, S.A",platos preparados,"Azúcar, Dextrosa",2,"Azúcar, Dextrosa",1,,Fabricante,Galleteros,0.0,0.0,0.0,0.0,1 - Alta
Tft Food,1.0,1716982.77,17.0,"PLATOS TRADICIONALES, S.A",platos preparados,"Azúcar, Dextrosa",2,"Azúcar, Dextrosa",1,,Comercializador,Galleteros,0.0,0.0,0.0,0.0,1 - Alta
The Bazooka Companies,0.75,92643.2,1.0,FERDINAND KREUTZER SABAMÜHLE GMBH,barritas y bebidas deport,"Azúcar, Jarabe de fructosa, Jarabe de glucosa",3,"Azúcar, Jarabe de fructosa, Jarabe de glucosa",2,,Comercializador,Golosinas,0.0,0.3010299956639812,0.0,0.2258,1 - Alta
The Coca Cola Company,1.0,10888515.585,182.0,"EUROGRANIZADOS, S.L.U.",helados,Azúcar,1,Azúcar,1,,Fabricante,Barritas y bebidas deportivas,0.0,0.0,0.0,0.0,1 - Alta
The Coca-Cola Company,1.0,10888515.585,182.0,"EUROGRANIZADOS, S.L.U.",helados,Azúcar,1,Azúcar,3,,Fabricante,Barritas y bebidas deportivas,0.0,0.47712125471966244,0.0,0.4771,1 - Alta
The Good Stuff Company,1.0,1716982.77,17.0,"PLATOS TRADICIONALES, S.A",platos preparados,"Azúcar, Dextrosa",2,"Azúcar, Dextrosa",6,,Comercializador,Galleteros,0.0,0.7781512503836436,0.0,0.7782,1 - Alta
The Lorenz Bahlsen Snack World,1.0,10888515.585,182.0,"EUROGRANIZADOS, S.L.U.",helados,Azúcar,1,Azúcar,1,,Comercializador,Frutos secos y snacks,0.0,0.0,0.0,0.0,1 - Alta
The Magnum Ice Cream Company,0.625,,,"FIESTA COLOMBINA, S.L.U.",golosinas,"Azúcar, Azúcar Integral, Fructosa, Jarabe de glucosa, Jarabe de glucosa y fructosa",5,"Azúcar, Azúcar Integral, Caramelo natural, Fructosa, Jarabe de fructosa, Jarabe de glucosa, Jarabe de glucosa y fructosa, Melaza de caña",12,400000000.0,Comercializador,Helados,8.602059991327963,1.0791812460476249,5.802,0.6745,2 - Media
"Tia Merry España, S.L.",0.5,,,"PROBELTE, S.A.U.",agroquimico,Sorbitol,1,Sorbitol,1,,Fabricante,Bollería,0.0,0.0,0.0,0.0,2 - Media
"Tia Rita, S.L.",0.5,,,"PROBELTE, S.A.U.",agroquimico,Sorbitol,1,Sorbitol,2,,Fabricante,Platos preparados,0.0,0.3010299956639812,0.0,0.1505,2 - Media
Tiger And Bean,1.0,10888515.585,182.0,"EUROGRANIZADOS, S.L.U.",helados,Azúcar,1,Azúcar,6,,Comercializador,Chocolate,0.0,0.7781512503836436,0.0,0.7782,1 - Alta
Timmfood,1.0,10888515.585,182.0,"EUROGRANIZADOS, S.L.U.",helados,Azúcar,1,Azúcar,1,,Comercializador,Quesos,0.0,0.0,0.0,0.0,1 - Alta
Tootsie Roll Industries,1.0,25009061.361,23.0,"CAMPO REAL VITIVINICOLA, S.L.",vino y derivados del vino,"Azúcar, Jarabe de glucosa",2,"Azúcar, Jarabe de glucosa",1,9200000.0,Comercializador,Turrón,6.963787827345556,0.0,0.0,0.0,1 - Alta
Top Single Service,1.0,1016348.602,9.0,"ESTUCHADOS FANNY, S.L.",estuchadores,"Azúcar, Azúcar Integral",2,"Azúcar, Azúcar Integral",3,,Fabricante,Salsas y aderezos,0.0,0.47712125471966244,0.0,0.4771,1 - Alta
Topps,1.0,25009061.361,23.0,"CAMPO REAL VITIVINICOLA, S.L.",vino y derivados del vino,"Azúcar, Jarabe de glucosa",2,"Azúcar, Jarabe de glucosa",1,,Comercializador,Golosinas,0.0,0.0,0.0,0.0,1 - Alta
Torre De Nunez De Conturiz,1.0,1716982.77,17.0,"PLATOS TRADICIONALES, S.A",platos preparados,"Azúcar, Dextrosa",2,"Azúcar, Dextrosa",1,45800000.0,Comercializador,Cárnico,7.66086547800387,0.0,0.0,0.0,1 - Alta
Torrons I Mel Alemany,0.5,,,"EUROGRANIZADOS, S.L.U.",helados,Azúcar,1,"Azúcar, Miel pura de abejas",2,6500000.0,Comercializador,"Turrón, Miel",6.812913356642856,0.3010299956639812,1.0254,0.1505,2 - Media
"Torrons Vicens, S.L.",0.3333,,,"PROBELTE, S.A.U.",agroquimico,Sorbitol,1,"Miel pura de abejas, Sorbitol",2,,Fabricante,"Chocolate, Turrón",0.0,0.3010299956639812,0.0,0.1003,3 - Baja
Tostaderos Sol De Alba,1.0,25009061.361,23.0,"CAMPO REAL VITIVINICOLA, S.L.",vino y derivados del vino,"Azúcar, Jarabe de glucosa",2,"Azúcar, Jarabe de glucosa",3,21460000.0,Comercializador,Frutos secos y snacks,7.331629717629932,0.47712125471966244,3.4981,0.4771,1 - Alta
Tostados Y Fritos,1.0,12605498.355,199.0,"EUROGRANIZADOS, S.L.U.",helados,Azúcar,1,Azúcar,6,36260000.0,Fabricante,Frutos secos y snacks,7.55942779975949,0.7781512503836436,5.8824,0.7782,1 - Alta
Tostados Y Fritos,1.0,12605498.355,199.0,"EUROGRANIZADOS, S.L.U.",helados,Azúcar,1,Azúcar,1,,Comercializador,Frutos secos y snacks,0.0,0.0,0.0,0.0,1 - Alta
Tradicional Panadera,1.0,21777031.17,182.0,"EUROGRANIZADOS, S.L.U.",helados,Azúcar,1,Azúcar,2,37370000.0,Fabricante,Panadería,7.572523097849637,0.3010299956639812,2.2796,0.301,1 - Alta
Tradicional Panadera,1.0,21777031.17,182.0,"EUROGRANIZADOS, S.L.U.",helados,Azúcar,1,Azúcar,1,37370000.0,Comercializador,Panadería,7.572523097849637,0.0,0.0,0.0,1 - Alta
Tradicional Panaderia,1.0,10888515.584999999,182.0,"EUROGRANIZADOS, S.L.U.",helados,Azúcar,1,Azúcar,1,37370000.0,Fabricante,Panadería,7.572523097849637,0.0,0.0,0.0,1 - Alta
Transgourmet,0.75,2246635.35,3.0,"GONZALEZ CARBALLAL, S.L.",piensos ganaderia,"Azúcar, Dextrosa, Jarabe de glucosa y fructosa",3,"Azúcar, Dextrosa, Jarabe de fructosa, Jarabe de glucosa y fructosa",5,1200000000.0,Comercializador,"Cárnico, Bollería, Galleteros",9.079181246047625,0.6989700043360189,4.7596,0.5242,1 - Alta
Treets,1.0,25009061.361,23.0,"CAMPO REAL VITIVINICOLA, S.L.",vino y derivados del vino,"Azúcar, Jarabe de glucosa",2,"Azúcar, Jarabe de glucosa",1,,Comercializador,Chocolate,0.0,0.0,0.0,0.0,1 - Alta
Triballat Noyal,1.0,1016348.602,9.0,"ESTUCHADOS FANNY, S.L.",estuchadores,"Azúcar, Azúcar Integral",2,"Azúcar, Azúcar Integral",2,,Comercializador,Alternativas a lácteos,0.0,0.3010299956639812,0.0,0.301,1 - Alta
Trigorico,1.0,10888515.585,182.0,"EUROGRANIZADOS, S.L.U.",helados,Azúcar,1,Azúcar,3,,Comercializador,Panadería,0.0,0.47712125471966244,0.0,0.4771,1 - Alta
Trolli,1.0,37318242.334,3.0,"IBERIA INGREDIENTS, S.L.",vino y derivados del vino,"Azúcar, Azúcar Líquido Invertido, Jarabe de glucosa, Sorbitol",4,"Azúcar, Azúcar Líquido Invertido, Jarabe de glucosa, Sorbitol",13,73800000.0,Fabricante,"Golosinas, Turrón",7.868056361823042,1.1139433523068367,8.7646,1.1139,1 - Alta
Trolli,1.0,37318242.334,3.0,"IBERIA INGREDIENTS, S.L.",vino y derivados del vino,"Azúcar, Azúcar Líquido Invertido, Jarabe de glucosa, Sorbitol",4,"Azúcar, Azúcar Líquido Invertido, Jarabe de glucosa, Sorbitol",10,,Comercializador,Golosinas,0.0,1.0,0.0,1.0,1 - Alta
Trolli Iberica,0.6,,,"FRUTOS SECOS AURO, S.L.",frutos secos y snacks,"Azúcar, Caramelo natural, Jarabe de glucosa",3,"Azúcar, Caramelo natural, Jarabe de glucosa, Sorbitol",14,73800000.0,Fabricante,Golosinas,7.868056361823042,1.146128035678238,5.4107,0.6877,2 - Media
"Trolli Ibérica, S.A.",0.5,,,"PROBELTE, S.A.U.",agroquimico,Sorbitol,1,Sorbitol,1,,Fabricante,Golosinas,0.0,0.0,0.0,0.0,2 - Media
Turrones Jose Garrigos,1.0,10888515.585,182.0,"EUROGRANIZADOS, S.L.U.",helados,Azúcar,1,Azúcar,3,16000000.0,Fabricante,Turrón,7.204119982655925,0.47712125471966244,3.4372,0.4771,1 - Alta
Turrones Jose Garrigos,1.0,10888515.585,182.0,"EUROGRANIZADOS, S.L.U.",helados,Azúcar,1,Azúcar,1,,Comercializador,Turrón,0.0,0.0,0.0,0.0,1 - Alta
Tutichip,1.0,10888515.585,182.0,"EUROGRANIZADOS, S.L.U.",helados,Azúcar,1,Azúcar,1,75000000.0,Fabricante,Frutos secos y snacks,7.8750612633917,0.0,0.0,0.0,1 - Alta
Tutichips,1.0,1716982.77,17.0,"PLATOS TRADICIONALES, S.A",platos preparados,"Azúcar, Dextrosa",2,"Azúcar, Dextrosa",1,75000000.0,Fabricante,Frutos secos y snacks,7.8750612633917,0.0,0.0,0.0,1 - Alta
Uma Investments,0.75,28870.0,1.0,"VIOKOX, S.A",agroquimico,"Azúcar, Dextrosa, Jarabe de glucosa",3,"Azúcar, Dextrosa, Jarabe de glucosa, Miel pura de abejas",9,,Fabricante,Frutos secos y snacks,0.0,0.9542425094393249,0.0,0.7157,1 - Alta
Umida Group,0.25,,,"FRUTOS SECOS AURO, S.L.",frutos secos y snacks,Caramelo natural,1,Caramelo natural,1,,Comercializador,Refrescos,0.0,0.0,0.0,0.0,3 - Baja
Uniban,1.0,10888515.585,182.0,"EUROGRANIZADOS, S.L.U.",helados,Azúcar,1,Azúcar,1,,Fabricante,Frutos secos y snacks,0.0,0.0,0.0,0.0,1 - Alta
Unilever,0.5556,,,"FIESTA COLOMBINA, S.L.U.",golosinas,"Azúcar, Azúcar Integral, Fructosa, Jarabe de glucosa, Jarabe de glucosa y fructosa",5,"Azúcar, Azúcar Integral, Azúcar Líquido Invertido, Caramelo natural, Dextrosa, Fructosa, Jarabe de fructosa, Jarabe de glucosa, Jarabe de glucosa y fructosa",51,,Comercializador,"Salsas y aderezos, Alternativas a lácteos, Helados",0.0,1.7075701760979363,0.0,0.9487,2 - Media
"Unilever España, S.A.",1.0,10888515.585,182.0,"EUROGRANIZADOS, S.L.U.",helados,Azúcar,1,Azúcar,1,,Fabricante,Helados,0.0,0.0,0.0,0.0,1 - Alta
Union Mels,1.0,11976929.585,185.0,"EUROGRANIZADOS, S.L.U.",helados,Azúcar,1,Azúcar,3,,Fabricante,"Bollería, Galleteros",0.0,0.47712125471966244,0.0,0.4771,1 - Alta
Union Mels,1.0,11976929.585,185.0,"EUROGRANIZADOS, S.L.U.",helados,Azúcar,1,Azúcar,2,,Comercializador,"Golosinas, Chocolate",0.0,0.3010299956639812,0.0,0.301,1 - Alta
Unionmels,0.6667,,,"SANCHIS MIRA, S.A.",turron,"Azúcar, Jarabe de fructosa, Jarabe de glucosa, Jarabe de glucosa y fructosa, Jarabe de sorbitol, Sorbitol",6,"Azúcar, Jarabe de fructosa, Jarabe de glucosa, Jarabe de glucosa y fructosa, Jarabe de sorbitol, Sorbitol",14,,Comercializador,"Turrón, Bollería, Panadería, Galleteros",0.0,1.146128035678238,0.0,0.7641,2 - Media
Unipasa,0.6,,,SAMECA PRODUTOS QUIMICOS SA,vino y derivados del vino,"Azúcar, Azúcar Líquido Invertido, Jarabe de glucosa y fructosa",3,"Azúcar, Azúcar Líquido Invertido, Jarabe de fructosa, Jarabe de glucosa y fructosa, Sorbitol",5,,Comercializador,"Bollería, Galleteros",0.0,0.6989700043360189,0.0,0.4194,2 - Media
United Chocolates,0.75,15796.75,1.0,"FRUTOS SECOS AURO, S.L.",frutos secos y snacks,"Azúcar, Caramelo natural, Jarabe de glucosa",3,"Azúcar, Caramelo natural, Jarabe de glucosa",1,,Comercializador,Chocolate,0.0,0.0,0.0,0.0,1 - Alta
United Confectionary,1.0,106967.1,3.0,"COMORALI, S.L.",pasteleria,Jarabe de maltitol,1,Jarabe de maltitol,1,4000000.0,Fabricante,Golosinas,6.6020599913279625,0.0,0.0,0.0,1 - Alta
United Confectionary S.L,1.0,106967.1,3.0,"COMORALI, S.L.",pasteleria,Jarabe de maltitol,1,Jarabe de maltitol,3,,Fabricante,Golosinas,0.0,0.47712125471966244,0.0,0.4771,1 - Alta
Uperform Nutrition,0.3333,,,"PROBELTE, S.A.U.",agroquimico,Sorbitol,1,"Caramelo natural, Sorbitol",1,,Comercializador,Nutracéuticos,0.0,0.0,0.0,0.0,3 - Baja
Uriach,0.5714,,,"CORALIM INGREDIENTS, S.L.","especias, aromas,colorant","Azúcar, Fructosa, Jarabe de maltitol, Jarabe de sorbitol",4,"Azúcar, Caramelo natural, Fructosa, Jarabe de maltitol, Jarabe de sorbitol",5,,Comercializador,Nutracéuticos,0.0,0.6989700043360189,0.0,0.3994,2 - Media
Utopick Chocolates,0.6667,,,"STOCKMEIER QUIMICA, SLU",agroquimico,"Azúcar, Dextrosa, Fructosa, Jarabe de glucosa",4,"Azúcar, Azúcar Integral, Dextrosa, Fructosa, Jarabe de glucosa, Miel pura de abejas",10,,Comercializador,Chocolate,0.0,1.0,0.0,0.6667,2 - Media
V Candela Turrones,0.5,,,"EUROGRANIZADOS, S.L.U.",helados,Azúcar,1,"Azúcar, Miel pura de abejas",3,,Comercializador,Turrón,0.0,0.47712125471966244,0.0,0.2386,2 - Media
"VICKY FOODS PRODUCTS, S.L.U.",0.5,,,"PROBELTE, S.A.U.",agroquimico,Sorbitol,1,Sorbitol,1,,Fabricante,Bollería,0.0,0.0,0.0,0.0,2 - Media
Valdesiano,1.0,10888515.585,182.0,"EUROGRANIZADOS, S.L.U.",helados,Azúcar,1,Azúcar,1,,Fabricante,Panadería,0.0,0.0,0.0,0.0,1 - Alta
Valio,0.5,,,"EUROGRANIZADOS, S.L.U.",helados,Azúcar,1,"Azúcar, Caramelo natural",4,,Fabricante,"Barritas y bebidas deportivas, Pastelería",0.0,0.6020599913279624,0.0,0.301,2 - Media
Valle De San Juan Palencia,0.75,1088414.0,3.0,"LABORATORIOS ALMOND, S.L.",pasteleria,"Azúcar, Jarabe de fructosa, Jarabe de glucosa y fructosa",3,"Azúcar, Jarabe de fructosa, Jarabe de glucosa y fructosa",1,,Fabricante,Quesos,0.0,0.0,0.0,0.0,1 - Alta
Valsoia,0.8,1840938.392,6.0,"SINBLAT ALIMENTACION SALUDABLE, S.L.",bolleria,"Azúcar, Jarabe de fructosa, Jarabe de glucosa, Jarabe de glucosa y fructosa",4,"Azúcar, Jarabe de fructosa, Jarabe de glucosa, Jarabe de glucosa y fructosa",6,,Comercializador,"Alternativas a lácteos, Panadería",0.0,0.7781512503836436,0.0,0.6225,1 - Alta
Veg Healthy Food,1.0,12556471.292,37.0,"HEINEKEN ESPAÑA, S.A",cervezas,Azúcar Líquido,1,Azúcar Líquido,1,,Comercializador,Frutos secos y snacks,0.0,0.0,0.0,0.0,1 - Alta
Vega Baja Foods,1.0,10888515.585,182.0,"EUROGRANIZADOS, S.L.U.",helados,Azúcar,1,Azúcar,3,,Comercializador,"Salsas y aderezos, Conservas vegetales",0.0,0.47712125471966244,0.0,0.4771,1 - Alta
Vega Del Ebro,0.75,1088414.0,3.0,"LABORATORIOS ALMOND, S.L.",pasteleria,"Azúcar, Jarabe de fructosa, Jarabe de glucosa y fructosa",3,"Azúcar, Jarabe de fructosa, Jarabe de glucosa y fructosa",3,,Comercializador,"Salsas y aderezos, Conservas vegetales",0.0,0.47712125471966244,0.0,0.3578,1 - Alta
Vega Pelayo,0.75,1088414.0,3.0,"LABORATORIOS ALMOND, S.L.",pasteleria,"Azúcar, Jarabe de fructosa, Jarabe de glucosa y fructosa",3,"Azúcar, Jarabe de fructosa, Jarabe de glucosa y fructosa",2,10500000.0,Fabricante,Bollería,7.021189299069938,0.3010299956639812,1.5852,0.2258,1 - Alta
"Vega Pelayo, S.L.",0.5,,,"PROBELTE, S.A.U.",agroquimico,Sorbitol,1,Sorbitol,1,,Fabricante,Bollería,0.0,0.0,0.0,0.0,2 - Media
Vegetalia,1.0,1016348.602,9.0,"ESTUCHADOS FANNY, S.L.",estuchadores,"Azúcar, Azúcar Integral",2,"Azúcar, Azúcar Integral",2,15000000.0,Comercializador,Barritas y bebidas deportivas,7.176091259055681,0.3010299956639812,2.1602,0.301,1 - Alta
Vegola Iberica,1.0,10888515.585,182.0,"EUROGRANIZADOS, S.L.U.",helados,Azúcar,1,Azúcar,1,56700000.0,Fabricante,Conservas vegetales,7.753583058892906,0.0,0.0,0.0,1 - Alta
Venchi,1.0,10888515.585,182.0,"EUROGRANIZADOS, S.L.U.",helados,Azúcar,1,Azúcar,1,,Comercializador,Chocolate,0.0,0.0,0.0,0.0,1 - Alta
Venus Biskuvi,1.0,10888515.585,182.0,"EUROGRANIZADOS, S.L.U.",helados,Azúcar,1,Azúcar,2,,Fabricante,Frutos secos y snacks,0.0,0.3010299956639812,0.0,0.301,1 - Alta
Verbau,1.0,10888515.585,182.0,"EUROGRANIZADOS, S.L.U.",helados,Azúcar,1,Azúcar,3,,Fabricante,Pastelería,0.0,0.47712125471966244,0.0,0.4771,1 - Alta
Verdener Keks Und Waffelfabrik Hans Freitag,1.0,25009061.361,23.0,"CAMPO REAL VITIVINICOLA, S.L.",vino y derivados del vino,"Azúcar, Jarabe de glucosa",2,"Azúcar, Jarabe de glucosa",1,,Fabricante,Galleteros,0.0,0.0,0.0,0.0,1 - Alta
Via G Amendola,1.0,1016348.602,9.0,"ESTUCHADOS FANNY, S.L.",estuchadores,"Azúcar, Azúcar Integral",2,"Azúcar, Azúcar Integral",2,,Fabricante,Galleteros,0.0,0.3010299956639812,0.0,0.301,1 - Alta
Vicky Foods Products,1.0,10888515.585,182.0,"EUROGRANIZADOS, S.L.U.",helados,Azúcar,1,Azúcar,10,761000000.0,Comercializador,"Bollería, Panadería, Quesos",8.881384656770573,1.0,8.8814,1.0,1 - Alta
Vicky Foods Products,1.0,10888515.585,182.0,"EUROGRANIZADOS, S.L.U.",helados,Azúcar,1,Azúcar,1,,Fabricante,Panadería,0.0,0.0,0.0,0.0,1 - Alta
Vidal,0.8333,694968.2,1.0,MARIN GIMENEZ HNOS. S.A.,zumos y nectares,"Azúcar, Azúcar Líquido Invertido, Jarabe de fructosa, Jarabe de glucosa, Jarabe de glucosa y fructosa",5,"Azúcar, Azúcar Líquido Invertido, Jarabe de fructosa, Jarabe de glucosa, Jarabe de glucosa y fructosa",18,,Comercializador,"Golosinas, Turrón",0.0,1.255272505103306,0.0,1.046,1 - Alta
Vilniaus Pergale,0.6667,,,"SINBLAT ALIMENTACION SALUDABLE, S.L.",bolleria,"Azúcar, Jarabe de fructosa, Jarabe de glucosa, Jarabe de glucosa y fructosa",4,"Azúcar, Caramelo natural, Jarabe de fructosa, Jarabe de glucosa, Jarabe de glucosa y fructosa",6,,Comercializador,Chocolate,0.0,0.7781512503836436,0.0,0.5188,2 - Media
Vipasana Bio,1.0,245746.375,1.0,"TARBAL FOOD, S.L.",pasteleria,"Azúcar, Azúcar Integral, Jarabe de glucosa",3,"Azúcar, Azúcar Integral, Jarabe de glucosa",3,,Comercializador,"Cereales, Galleteros",0.0,0.47712125471966244,0.0,0.4771,1 - Alta
Viru Iberica,1.0,10888515.585,182.0,"EUROGRANIZADOS, S.L.U.",helados,Azúcar,1,Azúcar,2,,Comercializador,Conservas vegetales,0.0,0.3010299956639812,0.0,0.301,1 - Alta
Vitamin Well,0.3333,,,"CHOCOLATES ALGARRA, S.L.",chocolate,Maltitol,1,Maltitol,1,,Comercializador,Barritas y bebidas deportivas,0.0,0.0,0.0,0.0,3 - Baja
Vitamin Well Spain,0.3333,,,"CHOCOLATES ALGARRA, S.L.",chocolate,Maltitol,1,Maltitol,4,,Fabricante,"Suplementos deportivos, Barritas y bebidas deportivas",0.0,0.6020599913279624,0.0,0.2007,3 - Baja
Viver Kombucha,1.0,1016348.602,9.0,"ESTUCHADOS FANNY, S.L.",estuchadores,"Azúcar, Azúcar Integral",2,"Azúcar, Azúcar Integral",6,,Fabricante,Refrescos,0.0,0.7781512503836436,0.0,0.7782,1 - Alta
Viver Kombucha,1.0,1016348.602,9.0,"ESTUCHADOS FANNY, S.L.",estuchadores,"Azúcar, Azúcar Integral",2,"Azúcar, Azúcar Integral",1,3300000.0,Comercializador,Refrescos,6.518513939877887,0.0,0.0,0.0,1 - Alta
Vulpi Seleccion,1.0,10888515.585,182.0,"EUROGRANIZADOS, S.L.U.",helados,Azúcar,1,Azúcar,1,,Comercializador,Salsas y aderezos,0.0,0.0,0.0,0.0,1 - Alta
Walkers Shortbread,1.0,21777031.17,182.0,"EUROGRANIZADOS, S.L.U.",helados,Azúcar,1,Azúcar,3,,Comercializador,Galleteros,0.0,0.47712125471966244,0.0,0.4771,1 - Alta
Walkers Shortbread,1.0,21777031.17,182.0,"EUROGRANIZADOS, S.L.U.",helados,Azúcar,1,Azúcar,1,,Fabricante,Galleteros,0.0,0.0,0.0,0.0,1 - Alta
Waterdrop Microdrink,0.25,,,"FRUTOS SECOS AURO, S.L.",frutos secos y snacks,Caramelo natural,1,Caramelo natural,1,,Comercializador,Refrescos,0.0,0.0,0.0,0.0,3 - Baja
Weekontrol,1.0,327520.5,16.0,"PSITTACUS CATALONIA, S.L.",piensos mascotas,Fructosa,1,Fructosa,3,,Comercializador,Nutracéuticos,0.0,0.47712125471966244,0.0,0.4771,1 - Alta
Weetabix,1.0,12239089.505,183.0,"EUROGRANIZADOS, S.L.U.",helados,Azúcar,1,Azúcar,6,,Comercializador,Cereales,0.0,0.7781512503836436,0.0,0.7782,1 - Alta
Weetabix,1.0,12239089.505,183.0,"EUROGRANIZADOS, S.L.U.",helados,Azúcar,1,Azúcar,4,24500000.0,Fabricante,Cereales,7.389166084364533,0.6020599913279624,4.4487,0.6021,1 - Alta
Weider,0.5833,,,"LA FLOR BURGALESA, S.L.",bolleria,"Azúcar, Azúcar Integral, Jarabe de fructosa, Jarabe de glucosa y fructosa, Jarabe de maltitol, Jarabe de sorbitol, Maltitol",7,"Azúcar, Azúcar Integral, Azúcar Líquido Invertido, Caramelo natural, Fructosa, Jarabe de fructosa, Jarabe de glucosa, Jarabe de glucosa y fructosa, Jarabe de maltitol, Jarabe de sorbitol, Maltitol",14,,Comercializador,"Barritas y bebidas deportivas, Chocolate, Galleteros",0.0,1.146128035678238,0.0,0.6685,2 - Media
"Weider Nutrition, S.L.",0.3333,,,"CHOCOLATES ALGARRA, S.L.",chocolate,Maltitol,1,Maltitol,2,,Fabricante,"Suplementos deportivos, Chocolate",0.0,0.3010299956639812,0.0,0.1003,3 - Baja
Wesa Feinkost,1.0,10888515.584999999,182.0,"EUROGRANIZADOS, S.L.U.",helados,Azúcar,1,Azúcar,1,,Fabricante,Quesos,0.0,0.0,0.0,0.0,1 - Alta
West,1.0,10888515.585,182.0,"EUROGRANIZADOS, S.L.U.",helados,Azúcar,1,Azúcar,1,,Comercializador,Cervezas,0.0,0.0,0.0,0.0,1 - Alta
Wiha,0.75,15796.75,1.0,"FRUTOS SECOS AURO, S.L.",frutos secos y snacks,"Azúcar, Caramelo natural, Jarabe de glucosa",3,"Azúcar, Caramelo natural, Jarabe de glucosa",4,,Fabricante,Chocolate,0.0,0.6020599913279624,0.0,0.4515,1 - Alta
Windel,1.0,10888515.584999999,182.0,"EUROGRANIZADOS, S.L.U.",helados,Azúcar,1,Azúcar,1,,Comercializador,Chocolate,0.0,0.0,0.0,0.0,1 - Alta
Witors,1.0,25944524.321000002,27.0,"CAMPO REAL VITIVINICOLA, S.L.",vino y derivados del vino,"Azúcar, Jarabe de glucosa",2,"Azúcar, Jarabe de glucosa",2,,Comercializador,"Chocolate, Galleteros",0.0,0.3010299956639812,0.0,0.301,1 - Alta
Witors,1.0,25944524.321000002,27.0,"CAMPO REAL VITIVINICOLA, S.L.",vino y derivados del vino,"Azúcar, Jarabe de glucosa",2,"Azúcar, Jarabe de glucosa",1,,Fabricante,Chocolate,0.0,0.0,0.0,0.0,1 - Alta
Wmb Pringles,1.0,935462.9600000001,4.0,"VIOKOX, S.A",agroquimico,"Azúcar, Dextrosa, Jarabe de glucosa",3,"Azúcar, Dextrosa, Jarabe de glucosa",6,,Fabricante,Frutos secos y snacks,0.0,0.7781512503836436,0.0,0.7782,1 - Alta
Wonkandy,0.6,,,"FOOD REBELS, S.L.",bolleria,"Azúcar, Dextrosa, Jarabe de fructosa, Jarabe de glucosa, Jarabe de glucosa y fructosa, Maltitol",6,"Azúcar, Caramelo natural, Dextrosa, Jarabe de fructosa, Jarabe de glucosa, Jarabe de glucosa y fructosa, Maltitol",15,,Comercializador,"Nutracéuticos, Golosinas",0.0,1.1760912590556813,0.0,0.7057,2 - Media
Wrigley,0.5,,,"PROBELTE, S.A.U.",agroquimico,Sorbitol,1,Sorbitol,1,,Comercializador,Golosinas,0.0,0.0,0.0,0.0,2 - Media
Wug Functional Gums,0.5,,,"TURRONES Y ESPECIALIDADES VIAR, S.A.",turron,"Jarabe de maltitol, Sorbitol",2,"Jarabe de maltitol, Sorbitol",6,,Comercializador,Golosinas,0.0,0.7781512503836436,0.0,0.3891,2 - Media
Xarcaiba,1.0,1626895.95,12.0,"PRODUCTOS SUR, S.L.","especias, aromas,colorant",Dextrosa,1,Dextrosa,2,,Comercializador,Cárnico,0.0,0.3010299956639812,0.0,0.301,1 - Alta
Xox Geback,0.8,89149.724,2.0,"FRULACT, S.A.","lacteos, yogur, postr lac","Azúcar, Azúcar Integral, Jarabe de fructosa, Jarabe de glucosa y fructosa",4,"Azúcar, Azúcar Integral, Jarabe de fructosa, Jarabe de glucosa y fructosa",1,,Fabricante,Frutos secos y snacks,0.0,0.0,0.0,0.0,1 - Alta
Ybarra,0.5714,,,"FRULACT, S.A.","lacteos, yogur, postr lac","Azúcar, Azúcar Integral, Jarabe de fructosa, Jarabe de glucosa y fructosa",4,"Azúcar, Azúcar Integral, Caramelo natural, Jarabe de fructosa, Jarabe de glucosa y fructosa, Miel pura de abejas",16,290000000.0,Comercializador,"Salsas y aderezos, Conservas vegetales, Quesos",8.462397997898956,1.2041199826559248,5.8224,0.688,2 - Media
Yemas De Santa Teresa,1.0,10888515.585,182.0,"EUROGRANIZADOS, S.L.U.",helados,Azúcar,1,Azúcar,2,13000000.0,Comercializador,"Frutos secos y snacks, Galleteros",7.113943352306837,0.3010299956639812,2.1415,0.301,1 - Alta
Yome Wellness,0.5,,,"TURRONES Y ESPECIALIDADES VIAR, S.A.",turron,"Jarabe de maltitol, Sorbitol",2,"Jarabe de maltitol, Sorbitol",5,,Comercializador,Nutracéuticos,0.0,0.6989700043360189,0.0,0.3495,2 - Media
Ysco,0.7143,,,MARIN GIMENEZ HNOS. S.A.,zumos y nectares,"Azúcar, Azúcar Líquido Invertido, Jarabe de fructosa, Jarabe de glucosa, Jarabe de glucosa y fructosa",5,"Azúcar, Azúcar Líquido Invertido, Caramelo natural, Jarabe de fructosa, Jarabe de glucosa, Jarabe de glucosa y fructosa",6,,Fabricante,Helados,0.0,0.7781512503836436,0.0,0.5558,2 - Media
Ysco France,1.0,25009061.361,23.0,"CAMPO REAL VITIVINICOLA, S.L.",vino y derivados del vino,"Azúcar, Jarabe de glucosa",2,"Azúcar, Jarabe de glucosa",1,,Fabricante,Helados,0.0,0.0,0.0,0.0,1 - Alta
Ysonut,0.4545,,,"FOOD REBELS, S.L.",bolleria,"Azúcar, Dextrosa, Fructooligosacaridos, Jarabe de glucosa, Sorbitol",5,"Azúcar, Caramelo natural, Dextrosa, Fructooligosacaridos, Jarabe de glucosa, Miel pura de abejas, Sorbitol",11,,Comercializador,Nutracéuticos,0.0,1.0413926851582251,0.0,0.4733,3 - Baja
Yupi Indo Jelly Gum,1.0,392068.98,2.0,"CASTER ALIMENTACION, S.L.",salsas y aderezos,"Azúcar, Jarabe de glucosa, Jarabe de sorbitol",3,"Azúcar, Jarabe de glucosa, Jarabe de sorbitol",2,,Comercializador,"Golosinas, Turrón",0.0,0.3010299956639812,0.0,0.301,1 - Alta
ZURU SPAIN S.L.,0.5,,,"PROBELTE, S.A.U.",agroquimico,Sorbitol,1,Sorbitol,1,,Fabricante,Golosinas,0.0,0.0,0.0,0.0,2 - Media
Zaphir,1.0,48636.56,1.0,"PRODUCTOS LA MULATA, S.L.",pasteleria,"Dextrosa, Jarabe de glucosa",2,"Dextrosa, Jarabe de glucosa",3,,Comercializador,Cárnico,0.0,0.47712125471966244,0.0,0.4771,1 - Alta
Zed Candy,1.0,25009061.361,23.0,"CAMPO REAL VITIVINICOLA, S.L.",vino y derivados del vino,"Azúcar, Jarabe de glucosa",2,"Azúcar, Jarabe de glucosa",1,,Comercializador,Golosinas,0.0,0.0,0.0,0.0,1 - Alta
Zeisner Feinkost,1.0,10888515.585,182.0,"EUROGRANIZADOS, S.L.U.",helados,Azúcar,1,Azúcar,1,,Comercializador,Salsas y aderezos,0.0,0.0,0.0,0.0,1 - Alta
Zero 4 Srl,1.0,25009061.361,23.0,"CAMPO REAL VITIVINICOLA, S.L.",vino y derivados del vino,"Azúcar, Jarabe de glucosa",2,"Azúcar, Jarabe de glucosa",1,,Fabricante,Pastelería,0.0,0.0,0.0,0.0,1 - Alta
Zero Plus 4,1.0,245746.375,1.0,"TARBAL FOOD, S.L.",pasteleria,"Azúcar, Azúcar Integral, Jarabe de glucosa",3,"Azúcar, Azúcar Integral, Jarabe de glucosa",5,,Fabricante,Pastelería,0.0,0.6989700043360189,0.0,0.699,1 - Alta
Zero Plus 4 Srl,1.0,10888515.585,182.0,"EUROGRANIZADOS, S.L.U.",helados,Azúcar,1,Azúcar,1,,Fabricante,Pastelería,0.0,0.0,0.0,0.0,1 - Alta
Zpc Flis,1.0,21777031.17,182.0,"EUROGRANIZADOS, S.L.U.",helados,Azúcar,1,Azúcar,1,,Comercializador,Chocolate,0.0,0.0,0.0,0.0,1 - Alta
Zpc Flis,1.0,21777031.17,182.0,"EUROGRANIZADOS, S.L.U.",helados,Azúcar,1,Azúcar,1,,Fabricante,Galleteros,0.0,0.0,0.0,0.0,1 - Alta
Zps Jamar Szczepaniak,1.0,10888515.585,182.0,"EUROGRANIZADOS, S.L.U.",helados,Azúcar,1,Azúcar,1,,Fabricante,Pastelería,0.0,0.0,0.0,0.0,1 - Alta
faes farma,1.0,106967.1,3.0,"COMORALI, S.L.",pasteleria,Jarabe de maltitol,1,Jarabe de maltitol,3,,Fabricante,Nutracéuticos,0.0,0.47712125471966244,0.0,0.4771,1 - Alta
Ángel Camacho Alimentación S.L.,1.0,106967.1,3.0,"COMORALI, S.L.",pasteleria,Jarabe de maltitol,1,Jarabe de maltitol,3,,Fabricante,Mermeladas y confituras,0.0,0.47712125471966244,0.0,0.4771,1 - Alta
